kind	key	coordinate	coefficient_exact
derivative-only	('f', 'F0', -8, 0)	constant	(('0', '1'), ('0', '1'), ('0', '1'), ('0', '1'), ('0', '1'), ('0', '1'), ('15625/3', '1'), ('0', '1'), ('0', '1'), ('0', '1'), ('0', '1'), ('0', '1'), ('0', '1'), ('0', '1'), ('0', '1'), ('0', '1'), ('0', '1'), ('0', '1'))
derivative-only	('f', 'F0', -8, 5)	constant	(('-31250', '1'), ('0', '1'), ('0', '1'), ('0', '1'), ('0', '1'), ('0', '1'), ('0', '1'), ('0', '1'), ('0', '1'), ('0', '1'), ('0', '1'), ('0', '1'), ('0', '1'), ('0', '1'), ('0', '1'), ('0', '1'), ('0', '1'), ('0', '1'))
derivative-only	('f', 'F0', -7, 3)	constant	(('-311430000*V*U', '1'), ('-669690000*V*U', '1'), ('-526680000*V*U', '1'), ('-78540000*V*U', '1'), ('0', '1'), ('0', '1'), ('0', '1'), ('0', '1'), ('0', '1'), ('0', '1'), ('0', '1'), ('0', '1'), ('0', '1'), ('0', '1'), ('0', '1'), ('0', '1'), ('0', '1'), ('0', '1'))
derivative-only	('f', 'F0', -7, 3)	p4	(('-2500', '1'), ('0', '1'), ('0', '1'), ('0', '1'), ('0', '1'), ('0', '1'), ('0', '1'), ('0', '1'), ('0', '1'), ('0', '1'), ('0', '1'), ('0', '1'), ('0', '1'), ('0', '1'), ('0', '1'), ('0', '1'), ('0', '1'), ('0', '1'))
derivative-only	('f', 'F0', -7, 3)	p8	(('-12500', '1'), ('0', '1'), ('0', '1'), ('0', '1'), ('0', '1'), ('0', '1'), ('0', '1'), ('0', '1'), ('0', '1'), ('0', '1'), ('0', '1'), ('0', '1'), ('0', '1'), ('0', '1'), ('0', '1'), ('0', '1'), ('0', '1'), ('0', '1'))
derivative-only	('f', 'F0', -7, 3)	p13	(('-37500', '1'), ('0', '1'), ('0', '1'), ('0', '1'), ('0', '1'), ('0', '1'), ('0', '1'), ('0', '1'), ('0', '1'), ('0', '1'), ('0', '1'), ('0', '1'), ('0', '1'), ('0', '1'), ('0', '1'), ('0', '1'), ('0', '1'), ('0', '1'))
derivative-only	('f', 'F0', -7, 3)	p19	(('-87500', '1'), ('0', '1'), ('0', '1'), ('0', '1'), ('0', '1'), ('0', '1'), ('0', '1'), ('0', '1'), ('0', '1'), ('0', '1'), ('0', '1'), ('0', '1'), ('0', '1'), ('0', '1'), ('0', '1'), ('0', '1'), ('0', '1'), ('0', '1'))
derivative-only	('f', 'F0', -7, 3)	p24	(('1925000*C', '1'), ('0', '1'), ('0', '1'), ('0', '1'), ('0', '1'), ('0', '1'), ('0', '1'), ('0', '1'), ('0', '1'), ('0', '1'), ('0', '1'), ('0', '1'), ('0', '1'), ('0', '1'), ('0', '1'), ('0', '1'), ('0', '1'), ('0', '1'))
derivative-only	('f', 'F0', -7, 3)	p25	(('1925000*V', '1'), ('0', '1'), ('0', '1'), ('0', '1'), ('0', '1'), ('0', '1'), ('0', '1'), ('0', '1'), ('0', '1'), ('0', '1'), ('0', '1'), ('0', '1'), ('0', '1'), ('0', '1'), ('0', '1'), ('0', '1'), ('0', '1'), ('0', '1'))
derivative-only	('f', 'F0', -7, 3)	p26	(('1925000*U', '1'), ('0', '1'), ('0', '1'), ('0', '1'), ('0', '1'), ('0', '1'), ('0', '1'), ('0', '1'), ('0', '1'), ('0', '1'), ('0', '1'), ('0', '1'), ('0', '1'), ('0', '1'), ('0', '1'), ('0', '1'), ('0', '1'), ('0', '1'))
derivative-only	('f', 'F0', -7, 3)	p27	(('3780000*C + 11550000*U^2', '1'), ('0', '1'), ('0', '1'), ('0', '1'), ('0', '1'), ('0', '1'), ('0', '1'), ('0', '1'), ('0', '1'), ('0', '1'), ('0', '1'), ('0', '1'), ('0', '1'), ('0', '1'), ('0', '1'), ('0', '1'), ('0', '1'), ('0', '1'))
derivative-only	('f', 'F0', -7, 3)	p28	(('3780000*V', '1'), ('0', '1'), ('0', '1'), ('0', '1'), ('0', '1'), ('0', '1'), ('0', '1'), ('0', '1'), ('0', '1'), ('0', '1'), ('0', '1'), ('0', '1'), ('0', '1'), ('0', '1'), ('0', '1'), ('0', '1'), ('0', '1'), ('0', '1'))
derivative-only	('f', 'F0', -7, 3)	p29	(('6825000*C - 24570000*U^2', '1'), ('0', '1'), ('0', '1'), ('0', '1'), ('0', '1'), ('0', '1'), ('0', '1'), ('0', '1'), ('0', '1'), ('0', '1'), ('0', '1'), ('0', '1'), ('0', '1'), ('0', '1'), ('0', '1'), ('0', '1'), ('0', '1'), ('0', '1'))
derivative-only	('f', 'F0', -6, 1)	constant	(('-160838998/3*C^3*U + 96536022*C^2*V^2 + 749130246*C^2*U^3 - 745699542*C*V^2*U^2 + 147269528*C*U^5 - 221037668*V^4*U - 882429188*V^2*U^4 + 151117842*U^7', 'C - 3*U^2'), ('-114695136*C^3*U + 95012760*C^2*V^2 + 756391704*C^2*U^3 - 783600816*C*V^2*U^2 + 119778756*C*U^5 - 230284860*V^4*U - 981224910*V^2*U^4 + 209559660*U^7', 'C - 3*U^2'), ('-121198032*C^3*U - 28923600*C^2*V^2 + 204331968*C^2*U^3 - 440811852*C*V^2*U^2 - 52147968*C*U^5 - 71781600*V^4*U - 440400270*V^2*U^4 + 127438560*U^7', 'C - 3*U^2'), ('-35596444*C^3*U - 21243000*C^2*V^2 + 17044576*C^2*U^3 - 158653884*C*V^2*U^2 - 56112556*C*U^5 - 14216400*V^4*U - 113210810*V^2*U^4 + 24673880*U^7', 'C - 3*U^2'), ('-1516608*C^3*U + 6257820*C^2*V^2 + 5704872*C^2*U^3 - 6802968*C*V^2*U^2 - 9094392*C*U^5 - 5304240*V^4*U - 17059860*V^2*U^4 + 914880*U^7', 'C - 3*U^2'), ('-254064*C^3*U + 577296*C^2*V^2 + 552672*C^2*U^3 + 2005488*C*V^2*U^2 - 213840*C*U^5 - 11184*V^4*U - 612504*V^2*U^4 - 15264*U^7', 'C - 3*U^2'), ('312500/3*U', 'C - 3*U^2'), ('0', '1'), ('0', '1'), ('0', '1'), ('0', '1'), ('0', '1'), ('0', '1'), ('0', '1'), ('0', '1'), ('0', '1'), ('0', '1'), ('0', '1'))
derivative-only	('f', 'F0', -6, 1)	p0	(('50*V', 'C - 3*U^2'), ('0', '1'), ('0', '1'), ('0', '1'), ('0', '1'), ('0', '1'), ('0', '1'), ('0', '1'), ('0', '1'), ('0', '1'), ('0', '1'), ('0', '1'), ('0', '1'), ('0', '1'), ('0', '1'), ('0', '1'), ('0', '1'), ('0', '1'))
derivative-only	('f', 'F0', -6, 1)	p1	(('-50*C - 50*U^2', 'C - 3*U^2'), ('0', '1'), ('0', '1'), ('0', '1'), ('0', '1'), ('0', '1'), ('0', '1'), ('0', '1'), ('0', '1'), ('0', '1'), ('0', '1'), ('0', '1'), ('0', '1'), ('0', '1'), ('0', '1'), ('0', '1'), ('0', '1'), ('0', '1'))
derivative-only	('f', 'F0', -6, 1)	p2	(('-550*V^2 - 400*U^3', 'C - 3*U^2'), ('0', '1'), ('0', '1'), ('0', '1'), ('0', '1'), ('0', '1'), ('0', '1'), ('0', '1'), ('0', '1'), ('0', '1'), ('0', '1'), ('0', '1'), ('0', '1'), ('0', '1'), ('0', '1'), ('0', '1'), ('0', '1'), ('0', '1'))
derivative-only	('f', 'F0', -6, 1)	p3	(('-500*V*U', 'C - 3*U^2'), ('0', '1'), ('0', '1'), ('0', '1'), ('0', '1'), ('0', '1'), ('0', '1'), ('0', '1'), ('0', '1'), ('0', '1'), ('0', '1'), ('0', '1'), ('0', '1'), ('0', '1'), ('0', '1'), ('0', '1'), ('0', '1'), ('0', '1'))
derivative-only	('f', 'F0', -6, 1)	p4	(('-3200*C*V*U - 1700*V^3 - 2000*V*U^3', 'C - 3*U^2'), ('0', '1'), ('0', '1'), ('0', '1'), ('0', '1'), ('0', '1'), ('0', '1'), ('0', '1'), ('0', '1'), ('0', '1'), ('0', '1'), ('0', '1'), ('0', '1'), ('0', '1'), ('0', '1'), ('0', '1'), ('0', '1'), ('0', '1'))
derivative-only	('f', 'F0', -6, 1)	p5	(('950*C^2 + 1000*C*U^2 - 3100*V^2*U - 750*U^4', 'C - 3*U^2'), ('0', '1'), ('0', '1'), ('0', '1'), ('0', '1'), ('0', '1'), ('0', '1'), ('0', '1'), ('0', '1'), ('0', '1'), ('0', '1'), ('0', '1'), ('0', '1'), ('0', '1'), ('0', '1'), ('0', '1'), ('0', '1'), ('0', '1'))
derivative-only	('f', 'F0', -6, 1)	p6	(('2100*C*V - 500*V*U^2', 'C - 3*U^2'), ('0', '1'), ('0', '1'), ('0', '1'), ('0', '1'), ('0', '1'), ('0', '1'), ('0', '1'), ('0', '1'), ('0', '1'), ('0', '1'), ('0', '1'), ('0', '1'), ('0', '1'), ('0', '1'), ('0', '1'), ('0', '1'), ('0', '1'))
derivative-only	('f', 'F0', -6, 1)	p7	(('900*C*U - 1050*V^2 - 700*U^3', 'C - 3*U^2'), ('0', '1'), ('0', '1'), ('0', '1'), ('0', '1'), ('0', '1'), ('0', '1'), ('0', '1'), ('0', '1'), ('0', '1'), ('0', '1'), ('0', '1'), ('0', '1'), ('0', '1'), ('0', '1'), ('0', '1'), ('0', '1'), ('0', '1'))
derivative-only	('f', 'F0', -6, 1)	p8	(('5500*C*V*U - 3900*V^3 - 6800*V*U^3', 'C - 3*U^2'), ('0', '1'), ('0', '1'), ('0', '1'), ('0', '1'), ('0', '1'), ('0', '1'), ('0', '1'), ('0', '1'), ('0', '1'), ('0', '1'), ('0', '1'), ('0', '1'), ('0', '1'), ('0', '1'), ('0', '1'), ('0', '1'), ('0', '1'))
derivative-only	('f', 'F0', -6, 1)	p9	(('2300*C^2 + 5650*C*U^2 - 400*V^2*U - 650*U^4', 'C - 3*U^2'), ('0', '1'), ('0', '1'), ('0', '1'), ('0', '1'), ('0', '1'), ('0', '1'), ('0', '1'), ('0', '1'), ('0', '1'), ('0', '1'), ('0', '1'), ('0', '1'), ('0', '1'), ('0', '1'), ('0', '1'), ('0', '1'), ('0', '1'))
derivative-only	('f', 'F0', -6, 1)	p10	(('6100*C*V + 5650*V*U^2', 'C - 3*U^2'), ('0', '1'), ('0', '1'), ('0', '1'), ('0', '1'), ('0', '1'), ('0', '1'), ('0', '1'), ('0', '1'), ('0', '1'), ('0', '1'), ('0', '1'), ('0', '1'), ('0', '1'), ('0', '1'), ('0', '1'), ('0', '1'), ('0', '1'))
derivative-only	('f', 'F0', -6, 1)	p11	(('-19700*C^2*V + 87900*C*V*U^2 + 52600*V^3*U + 14050*V*U^4', 'C - 3*U^2'), ('0', '1'), ('0', '1'), ('0', '1'), ('0', '1'), ('0', '1'), ('0', '1'), ('0', '1'), ('0', '1'), ('0', '1'), ('0', '1'), ('0', '1'), ('0', '1'), ('0', '1'), ('0', '1'), ('0', '1'), ('0', '1'), ('0', '1'))
derivative-only	('f', 'F0', -6, 1)	p12	(('-31500*C^2*U - 3600*C*V^2 + 8900*C*U^3 + 70200*V^2*U^2 + 6800*U^5', 'C - 3*U^2'), ('0', '1'), ('0', '1'), ('0', '1'), ('0', '1'), ('0', '1'), ('0', '1'), ('0', '1'), ('0', '1'), ('0', '1'), ('0', '1'), ('0', '1'), ('0', '1'), ('0', '1'), ('0', '1'), ('0', '1'), ('0', '1'), ('0', '1'))
derivative-only	('f', 'F0', -6, 1)	p13	(('-2000*C*V*U + 6200*V^3 + 20800*V*U^3', 'C - 3*U^2'), ('0', '1'), ('0', '1'), ('0', '1'), ('0', '1'), ('0', '1'), ('0', '1'), ('0', '1'), ('0', '1'), ('0', '1'), ('0', '1'), ('0', '1'), ('0', '1'), ('0', '1'), ('0', '1'), ('0', '1'), ('0', '1'), ('0', '1'))
derivative-only	('f', 'F0', -6, 1)	p14	(('4500*C^2 - 3400*C*U^2 + 12600*V^2*U + 12100*U^4', 'C - 3*U^2'), ('0', '1'), ('0', '1'), ('0', '1'), ('0', '1'), ('0', '1'), ('0', '1'), ('0', '1'), ('0', '1'), ('0', '1'), ('0', '1'), ('0', '1'), ('0', '1'), ('0', '1'), ('0', '1'), ('0', '1'), ('0', '1'), ('0', '1'))
derivative-only	('f', 'F0', -6, 1)	p15	(('-460200*C^2*V*U + 39300*C*V^3 + 379200*C*V*U^3 + 339300*V^3*U^2 + 52500*V*U^5', 'C - 3*U^2'), ('0', '1'), ('0', '1'), ('0', '1'), ('0', '1'), ('0', '1'), ('0', '1'), ('0', '1'), ('0', '1'), ('0', '1'), ('0', '1'), ('0', '1'), ('0', '1'), ('0', '1'), ('0', '1'), ('0', '1'), ('0', '1'), ('0', '1'))
derivative-only	('f', 'F0', -6, 1)	p16	(('14900*C^3 - 211800*C^2*U^2 - 344100*C*V^2*U + 80250*C*U^4 + 42000*V^4 + 311400*V^2*U^3 + 15750*U^6', 'C - 3*U^2'), ('0', '1'), ('0', '1'), ('0', '1'), ('0', '1'), ('0', '1'), ('0', '1'), ('0', '1'), ('0', '1'), ('0', '1'), ('0', '1'), ('0', '1'), ('0', '1'), ('0', '1'), ('0', '1'), ('0', '1'), ('0', '1'), ('0', '1'))
derivative-only	('f', 'F0', -6, 1)	p17	(('-198000*C^2*V - 23100*C*V*U^2 + 280400*V^3*U + 244350*V*U^4', 'C - 3*U^2'), ('0', '1'), ('0', '1'), ('0', '1'), ('0', '1'), ('0', '1'), ('0', '1'), ('0', '1'), ('0', '1'), ('0', '1'), ('0', '1'), ('0', '1'), ('0', '1'), ('0', '1'), ('0', '1'), ('0', '1'), ('0', '1'), ('0', '1'))
derivative-only	('f', 'F0', -6, 1)	p18	(('-94500*C^2*U - 168000*C*V^2 - 72900*C*U^3 + 143700*V^2*U^2 + 84000*U^5', 'C - 3*U^2'), ('0', '1'), ('0', '1'), ('0', '1'), ('0', '1'), ('0', '1'), ('0', '1'), ('0', '1'), ('0', '1'), ('0', '1'), ('0', '1'), ('0', '1'), ('0', '1'), ('0', '1'), ('0', '1'), ('0', '1'), ('0', '1'), ('0', '1'))
derivative-only	('f', 'F0', -6, 1)	p19	(('-121000*C*V*U + 10000*V^3 - 53800*V*U^3', 'C - 3*U^2'), ('0', '1'), ('0', '1'), ('0', '1'), ('0', '1'), ('0', '1'), ('0', '1'), ('0', '1'), ('0', '1'), ('0', '1'), ('0', '1'), ('0', '1'), ('0', '1'), ('0', '1'), ('0', '1'), ('0', '1'), ('0', '1'), ('0', '1'))
derivative-only	('f', 'F0', -6, 1)	p20	(('-2965200*C^2*V*U - 779200*C*V^3 - 879600*C*V*U^3 + 1147400*V^3*U^2 + 1014600*V*U^5', 'C - 3*U^2'), ('0', '1'), ('0', '1'), ('0', '1'), ('0', '1'), ('0', '1'), ('0', '1'), ('0', '1'), ('0', '1'), ('0', '1'), ('0', '1'), ('0', '1'), ('0', '1'), ('0', '1'), ('0', '1'), ('0', '1'), ('0', '1'), ('0', '1'))
derivative-only	('f', 'F0', -6, 1)	p21	(('650*C^3 - 537950*C^2*U^2 - 3151000*C*V^2*U - 447300*C*U^4 + 12150*V^4 + 1200*V^2*U^3 + 268900*U^6', 'C - 3*U^2'), ('0', '1'), ('0', '1'), ('0', '1'), ('0', '1'), ('0', '1'), ('0', '1'), ('0', '1'), ('0', '1'), ('0', '1'), ('0', '1'), ('0', '1'), ('0', '1'), ('0', '1'), ('0', '1'), ('0', '1'), ('0', '1'), ('0', '1'))
derivative-only	('f', 'F0', -6, 1)	p22	(('-529000*C^2*V - 550000*C*V*U^2 + 389000*V^3*U - 167250*V*U^4', 'C - 3*U^2'), ('0', '1'), ('0', '1'), ('0', '1'), ('0', '1'), ('0', '1'), ('0', '1'), ('0', '1'), ('0', '1'), ('0', '1'), ('0', '1'), ('0', '1'), ('0', '1'), ('0', '1'), ('0', '1'), ('0', '1'), ('0', '1'), ('0', '1'))
derivative-only	('f', 'F0', -6, 1)	p23	(('-298000*C^2*U - 401250*C*V^2 - 108000*C*U^3 + 108750*V^2*U^2 - 63600*U^5', 'C - 3*U^2'), ('0', '1'), ('0', '1'), ('0', '1'), ('0', '1'), ('0', '1'), ('0', '1'), ('0', '1'), ('0', '1'), ('0', '1'), ('0', '1'), ('0', '1'), ('0', '1'), ('0', '1'), ('0', '1'), ('0', '1'), ('0', '1'), ('0', '1'))
derivative-only	('f', 'F0', -6, 1)	p24	(('-5809200*C^2*V*U - 2393700*C*V^3 - 2341100*C*V*U^3 + 488900*V^3*U^2 - 1997100*V*U^5', 'C - 3*U^2'), ('0', '1'), ('0', '1'), ('0', '1'), ('0', '1'), ('0', '1'), ('0', '1'), ('0', '1'), ('0', '1'), ('0', '1'), ('0', '1'), ('0', '1'), ('0', '1'), ('0', '1'), ('0', '1'), ('0', '1'), ('0', '1'), ('0', '1'))
derivative-only	('f', 'F0', -6, 1)	p25	(('115150*C^3 - 1739450*C^2*U^2 - 5712000*C*V^2*U - 797550*C*U^4 - 295350*V^4 + 45200*V^2*U^3 - 748550*U^6', 'C - 3*U^2'), ('0', '1'), ('0', '1'), ('0', '1'), ('0', '1'), ('0', '1'), ('0', '1'), ('0', '1'), ('0', '1'), ('0', '1'), ('0', '1'), ('0', '1'), ('0', '1'), ('0', '1'), ('0', '1'), ('0', '1'), ('0', '1'), ('0', '1'))
derivative-only	('f', 'F0', -6, 1)	p26	(('-1023750*C^2*V + 1463250*C*V*U^2 + 612000*V^3*U + 777250*V*U^4', 'C - 3*U^2'), ('0', '1'), ('0', '1'), ('0', '1'), ('0', '1'), ('0', '1'), ('0', '1'), ('0', '1'), ('0', '1'), ('0', '1'), ('0', '1'), ('0', '1'), ('0', '1'), ('0', '1'), ('0', '1'), ('0', '1'), ('0', '1'), ('0', '1'))
derivative-only	('f', 'F0', -6, 1)	p27	(('-6232800*C^2*V*U + 4296600*C*V^3 + 12957600*C*V*U^3 - 2451600*V^3*U^2 + 3936400*V*U^5', 'C - 3*U^2'), ('0', '1'), ('0', '1'), ('0', '1'), ('0', '1'), ('0', '1'), ('0', '1'), ('0', '1'), ('0', '1'), ('0', '1'), ('0', '1'), ('0', '1'), ('0', '1'), ('0', '1'), ('0', '1'), ('0', '1'), ('0', '1'), ('0', '1'))
derivative-only	('f', 'F0', -6, 1)	p28	(('406000*C^3 + 3303300*C^2*U^2 - 3843000*C*V^2*U + 897150*C*U^4 - 754250*V^4 - 2899200*V^2*U^3 - 62550*U^6', 'C - 3*U^2'), ('0', '1'), ('0', '1'), ('0', '1'), ('0', '1'), ('0', '1'), ('0', '1'), ('0', '1'), ('0', '1'), ('0', '1'), ('0', '1'), ('0', '1'), ('0', '1'), ('0', '1'), ('0', '1'), ('0', '1'), ('0', '1'), ('0', '1'))
derivative-only	('f', 'F0', -6, 1)	p29	(('10182000*C^2*V*U + 8159000*C*V^3 - 10255000*C*V*U^3 - 19198900*V^3*U^2 - 10751000*V*U^5', 'C - 3*U^2'), ('0', '1'), ('0', '1'), ('0', '1'), ('0', '1'), ('0', '1'), ('0', '1'), ('0', '1'), ('0', '1'), ('0', '1'), ('0', '1'), ('0', '1'), ('0', '1'), ('0', '1'), ('0', '1'), ('0', '1'), ('0', '1'), ('0', '1'))
derivative-only	('f', 'F0', -5, 4)	constant	(('207506250*V', '1'), ('264600000*V', '1'), ('107493750*V', '1'), ('0', '1'), ('0', '1'), ('0', '1'), ('0', '1'), ('0', '1'), ('0', '1'), ('0', '1'), ('0', '1'), ('0', '1'), ('0', '1'), ('0', '1'), ('0', '1'), ('0', '1'), ('0', '1'), ('0', '1'))
derivative-only	('f', 'F0', -5, 4)	p11	(('-15625', '1'), ('0', '1'), ('0', '1'), ('0', '1'), ('0', '1'), ('0', '1'), ('0', '1'), ('0', '1'), ('0', '1'), ('0', '1'), ('0', '1'), ('0', '1'), ('0', '1'), ('0', '1'), ('0', '1'), ('0', '1'), ('0', '1'), ('0', '1'))
derivative-only	('f', 'F0', -5, 4)	p17	(('-93750', '1'), ('0', '1'), ('0', '1'), ('0', '1'), ('0', '1'), ('0', '1'), ('0', '1'), ('0', '1'), ('0', '1'), ('0', '1'), ('0', '1'), ('0', '1'), ('0', '1'), ('0', '1'), ('0', '1'), ('0', '1'), ('0', '1'), ('0', '1'))
derivative-only	('f', 'F0', -5, 4)	p22	(('-328125', '1'), ('0', '1'), ('0', '1'), ('0', '1'), ('0', '1'), ('0', '1'), ('0', '1'), ('0', '1'), ('0', '1'), ('0', '1'), ('0', '1'), ('0', '1'), ('0', '1'), ('0', '1'), ('0', '1'), ('0', '1'), ('0', '1'), ('0', '1'))
derivative-only	('f', 'F0', -5, 4)	p26	(('-875000', '1'), ('0', '1'), ('0', '1'), ('0', '1'), ('0', '1'), ('0', '1'), ('0', '1'), ('0', '1'), ('0', '1'), ('0', '1'), ('0', '1'), ('0', '1'), ('0', '1'), ('0', '1'), ('0', '1'), ('0', '1'), ('0', '1'), ('0', '1'))
derivative-only	('f', 'F0', -5, 4)	p29	(('25593750*U', '1'), ('0', '1'), ('0', '1'), ('0', '1'), ('0', '1'), ('0', '1'), ('0', '1'), ('0', '1'), ('0', '1'), ('0', '1'), ('0', '1'), ('0', '1'), ('0', '1'), ('0', '1'), ('0', '1'), ('0', '1'), ('0', '1'), ('0', '1'))
derivative-only	('f', 'F0', -4, 2)	constant	(('39708900*C^2 - 673047900*C*U^2 + 323199000*V^2*U + 952447500*U^4', '1'), ('59570550*C^2 - 727709400*C*U^2 + 523017000*V^2*U + 1074051000*U^4', '1'), ('42606900*C^2 - 362901600*C*U^2 + 302022000*V^2*U + 436924125*U^4', '1'), ('11763900*C^2 - 121662000*C*U^2 + 4959000*V^2*U + 60439500*U^4', '1'), ('402750*C^2 - 18549000*C*U^2 - 12312000*V^2*U + 2079000*U^4', '1'), ('291600*C^2 - 648000*C*U^2 - 648000*V^2*U', '1'), ('0', '1'), ('0', '1'), ('0', '1'), ('0', '1'), ('0', '1'), ('0', '1'), ('0', '1'), ('0', '1'), ('0', '1'), ('0', '1'), ('0', '1'), ('0', '1'))
derivative-only	('f', 'F0', -4, 2)	p2	(('-375', '1'), ('0', '1'), ('0', '1'), ('0', '1'), ('0', '1'), ('0', '1'), ('0', '1'), ('0', '1'), ('0', '1'), ('0', '1'), ('0', '1'), ('0', '1'), ('0', '1'), ('0', '1'), ('0', '1'), ('0', '1'), ('0', '1'), ('0', '1'))
derivative-only	('f', 'F0', -4, 2)	p7	(('-1500', '1'), ('0', '1'), ('0', '1'), ('0', '1'), ('0', '1'), ('0', '1'), ('0', '1'), ('0', '1'), ('0', '1'), ('0', '1'), ('0', '1'), ('0', '1'), ('0', '1'), ('0', '1'), ('0', '1'), ('0', '1'), ('0', '1'), ('0', '1'))
derivative-only	('f', 'F0', -4, 2)	p12	(('30000*C', '1'), ('0', '1'), ('0', '1'), ('0', '1'), ('0', '1'), ('0', '1'), ('0', '1'), ('0', '1'), ('0', '1'), ('0', '1'), ('0', '1'), ('0', '1'), ('0', '1'), ('0', '1'), ('0', '1'), ('0', '1'), ('0', '1'), ('0', '1'))
derivative-only	('f', 'F0', -4, 2)	p13	(('30000*V', '1'), ('0', '1'), ('0', '1'), ('0', '1'), ('0', '1'), ('0', '1'), ('0', '1'), ('0', '1'), ('0', '1'), ('0', '1'), ('0', '1'), ('0', '1'), ('0', '1'), ('0', '1'), ('0', '1'), ('0', '1'), ('0', '1'), ('0', '1'))
derivative-only	('f', 'F0', -4, 2)	p14	(('30000*U', '1'), ('0', '1'), ('0', '1'), ('0', '1'), ('0', '1'), ('0', '1'), ('0', '1'), ('0', '1'), ('0', '1'), ('0', '1'), ('0', '1'), ('0', '1'), ('0', '1'), ('0', '1'), ('0', '1'), ('0', '1'), ('0', '1'), ('0', '1'))
derivative-only	('f', 'F0', -4, 2)	p15	(('270000*C*V', '1'), ('0', '1'), ('0', '1'), ('0', '1'), ('0', '1'), ('0', '1'), ('0', '1'), ('0', '1'), ('0', '1'), ('0', '1'), ('0', '1'), ('0', '1'), ('0', '1'), ('0', '1'), ('0', '1'), ('0', '1'), ('0', '1'), ('0', '1'))
derivative-only	('f', 'F0', -4, 2)	p16	(('270000*C*U + 135000*V^2', '1'), ('0', '1'), ('0', '1'), ('0', '1'), ('0', '1'), ('0', '1'), ('0', '1'), ('0', '1'), ('0', '1'), ('0', '1'), ('0', '1'), ('0', '1'), ('0', '1'), ('0', '1'), ('0', '1'), ('0', '1'), ('0', '1'), ('0', '1'))
derivative-only	('f', 'F0', -4, 2)	p17	(('270000*V*U', '1'), ('0', '1'), ('0', '1'), ('0', '1'), ('0', '1'), ('0', '1'), ('0', '1'), ('0', '1'), ('0', '1'), ('0', '1'), ('0', '1'), ('0', '1'), ('0', '1'), ('0', '1'), ('0', '1'), ('0', '1'), ('0', '1'), ('0', '1'))
derivative-only	('f', 'F0', -4, 2)	p18	(('67500*C + 135000*U^2', '1'), ('0', '1'), ('0', '1'), ('0', '1'), ('0', '1'), ('0', '1'), ('0', '1'), ('0', '1'), ('0', '1'), ('0', '1'), ('0', '1'), ('0', '1'), ('0', '1'), ('0', '1'), ('0', '1'), ('0', '1'), ('0', '1'), ('0', '1'))
derivative-only	('f', 'F0', -4, 2)	p19	(('67500*V', '1'), ('0', '1'), ('0', '1'), ('0', '1'), ('0', '1'), ('0', '1'), ('0', '1'), ('0', '1'), ('0', '1'), ('0', '1'), ('0', '1'), ('0', '1'), ('0', '1'), ('0', '1'), ('0', '1'), ('0', '1'), ('0', '1'), ('0', '1'))
derivative-only	('f', 'F0', -4, 2)	p20	(('675000*C*V + 1350000*V*U^2', '1'), ('0', '1'), ('0', '1'), ('0', '1'), ('0', '1'), ('0', '1'), ('0', '1'), ('0', '1'), ('0', '1'), ('0', '1'), ('0', '1'), ('0', '1'), ('0', '1'), ('0', '1'), ('0', '1'), ('0', '1'), ('0', '1'), ('0', '1'))
derivative-only	('f', 'F0', -4, 2)	p21	(('337500*V^2 + 450000*U^3', '1'), ('0', '1'), ('0', '1'), ('0', '1'), ('0', '1'), ('0', '1'), ('0', '1'), ('0', '1'), ('0', '1'), ('0', '1'), ('0', '1'), ('0', '1'), ('0', '1'), ('0', '1'), ('0', '1'), ('0', '1'), ('0', '1'), ('0', '1'))
derivative-only	('f', 'F0', -4, 2)	p23	(('131250*C - 337500*U^2', '1'), ('0', '1'), ('0', '1'), ('0', '1'), ('0', '1'), ('0', '1'), ('0', '1'), ('0', '1'), ('0', '1'), ('0', '1'), ('0', '1'), ('0', '1'), ('0', '1'), ('0', '1'), ('0', '1'), ('0', '1'), ('0', '1'), ('0', '1'))
derivative-only	('f', 'F0', -4, 2)	p24	(('-3712500*V*U^2', '1'), ('0', '1'), ('0', '1'), ('0', '1'), ('0', '1'), ('0', '1'), ('0', '1'), ('0', '1'), ('0', '1'), ('0', '1'), ('0', '1'), ('0', '1'), ('0', '1'), ('0', '1'), ('0', '1'), ('0', '1'), ('0', '1'), ('0', '1'))
derivative-only	('f', 'F0', -4, 2)	p25	(('-721875*V^2 - 2475000*U^3', '1'), ('0', '1'), ('0', '1'), ('0', '1'), ('0', '1'), ('0', '1'), ('0', '1'), ('0', '1'), ('0', '1'), ('0', '1'), ('0', '1'), ('0', '1'), ('0', '1'), ('0', '1'), ('0', '1'), ('0', '1'), ('0', '1'), ('0', '1'))
derivative-only	('f', 'F0', -4, 2)	p26	(('-1443750*V*U', '1'), ('0', '1'), ('0', '1'), ('0', '1'), ('0', '1'), ('0', '1'), ('0', '1'), ('0', '1'), ('0', '1'), ('0', '1'), ('0', '1'), ('0', '1'), ('0', '1'), ('0', '1'), ('0', '1'), ('0', '1'), ('0', '1'), ('0', '1'))
derivative-only	('f', 'F0', -4, 2)	p27	(('-2772000*C*V - 8662500*V*U^2', '1'), ('0', '1'), ('0', '1'), ('0', '1'), ('0', '1'), ('0', '1'), ('0', '1'), ('0', '1'), ('0', '1'), ('0', '1'), ('0', '1'), ('0', '1'), ('0', '1'), ('0', '1'), ('0', '1'), ('0', '1'), ('0', '1'), ('0', '1'))
derivative-only	('f', 'F0', -4, 2)	p28	(('-2772000*C*U - 1386000*V^2 + 2887500*U^3', '1'), ('0', '1'), ('0', '1'), ('0', '1'), ('0', '1'), ('0', '1'), ('0', '1'), ('0', '1'), ('0', '1'), ('0', '1'), ('0', '1'), ('0', '1'), ('0', '1'), ('0', '1'), ('0', '1'), ('0', '1'), ('0', '1'), ('0', '1'))
derivative-only	('f', 'F0', -4, 2)	p29	(('-4914000*C*V + 18018000*V*U^2', '1'), ('0', '1'), ('0', '1'), ('0', '1'), ('0', '1'), ('0', '1'), ('0', '1'), ('0', '1'), ('0', '1'), ('0', '1'), ('0', '1'), ('0', '1'), ('0', '1'), ('0', '1'), ('0', '1'), ('0', '1'), ('0', '1'), ('0', '1'))
derivative-only	('f', 'F0', -3, 0)	constant	(('87500222/5*C^3*V*U - 104935436/5*C^2*V^3 - 499537594*C^2*V*U^3 + 584936048/5*C*V^3*U^2 + 1786361862/5*C*V*U^5 + 331556502/5*V^5*U + 2565666204/5*V^3*U^4 + 5926278663/5*V*U^7', 'C - 3*U^2'), ('135936132/5*C^3*V*U - 98105532/5*C^2*V^3 - 449338440*C^2*V*U^3 + 112983348*C*V^3*U^2 + 1484657496/5*C*V*U^5 + 69085458*V^5*U + 580713669*V^3*U^4 + 1135300572*V*U^7', 'C - 3*U^2'), ('73287444/5*C^3*V*U + 45602766/5*C^2*V^3 - 71972556*C^2*V*U^3 + 89424786*C*V^3*U^2 + 674035902/5*C*V*U^5 + 21534480*V^5*U + 256585131*V^3*U^4 + 286288614*V*U^7', 'C - 3*U^2'), ('21090678/5*C^3*V*U + 25651452/5*C^2*V^3 - 12638716*C^2*V*U^3 + 42509676*C*V^3*U^2 + 410332314/5*C*V*U^5 + 4264920*V^5*U + 60406197*V^3*U^4 + 39069372*V*U^7', 'C - 3*U^2'), ('8654676/5*C^3*V*U - 8574846/5*C^2*V^3 - 7917264*C^2*V*U^3 - 110280*C*V^3*U^2 + 32204988/5*C*V*U^5 + 1591272*V^5*U + 10110078*V^3*U^4 + 9988992*V*U^7', 'C - 3*U^2'), ('1027368/5*C^3*V*U - 162456*C^2*V^3 + 42048*C^2*V*U^3 - 2868336/5*C*V^3*U^2 - 9638568/5*C*V*U^5 + 16776/5*V^5*U + 16092/5*V^3*U^4 + 3098304/5*V*U^7', 'C - 3*U^2'), ('-31250*V*U', 'C - 3*U^2'), ('0', '1'), ('0', '1'), ('0', '1'), ('0', '1'), ('0', '1'), ('0', '1'), ('0', '1'), ('0', '1'), ('0', '1'), ('0', '1'), ('0', '1'))
derivative-only	('f', 'F0', -3, 0)	p0	(('15*C*U - 15*V^2 - 45*U^3', 'C - 3*U^2'), ('0', '1'), ('0', '1'), ('0', '1'), ('0', '1'), ('0', '1'), ('0', '1'), ('0', '1'), ('0', '1'), ('0', '1'), ('0', '1'), ('0', '1'), ('0', '1'), ('0', '1'), ('0', '1'), ('0', '1'), ('0', '1'), ('0', '1'))
derivative-only	('f', 'F0', -3, 0)	p1	(('10*C*V + 30*V*U^2', 'C - 3*U^2'), ('0', '1'), ('0', '1'), ('0', '1'), ('0', '1'), ('0', '1'), ('0', '1'), ('0', '1'), ('0', '1'), ('0', '1'), ('0', '1'), ('0', '1'), ('0', '1'), ('0', '1'), ('0', '1'), ('0', '1'), ('0', '1'), ('0', '1'))
derivative-only	('f', 'F0', -3, 0)	p2	(('-180*C*V*U + 165*V^3 + 660*V*U^3', 'C - 3*U^2'), ('0', '1'), ('0', '1'), ('0', '1'), ('0', '1'), ('0', '1'), ('0', '1'), ('0', '1'), ('0', '1'), ('0', '1'), ('0', '1'), ('0', '1'), ('0', '1'), ('0', '1'), ('0', '1'), ('0', '1'), ('0', '1'), ('0', '1'))
derivative-only	('f', 'F0', -3, 0)	p3	(('-190*C*U^2 + 150*V^2*U + 570*U^4', 'C - 3*U^2'), ('0', '1'), ('0', '1'), ('0', '1'), ('0', '1'), ('0', '1'), ('0', '1'), ('0', '1'), ('0', '1'), ('0', '1'), ('0', '1'), ('0', '1'), ('0', '1'), ('0', '1'), ('0', '1'), ('0', '1'), ('0', '1'), ('0', '1'))
derivative-only	('f', 'F0', -3, 0)	p4	(('5*C^3 - 1215*C^2*U^2 + 360*C*V^2*U + 3675*C*U^4 + 510*V^4 + 2400*V^2*U^3 - 225*U^6', 'C - 3*U^2'), ('0', '1'), ('0', '1'), ('0', '1'), ('0', '1'), ('0', '1'), ('0', '1'), ('0', '1'), ('0', '1'), ('0', '1'), ('0', '1'), ('0', '1'), ('0', '1'), ('0', '1'), ('0', '1'), ('0', '1'), ('0', '1'), ('0', '1'))
derivative-only	('f', 'F0', -3, 0)	p5	(('-185*C^2*V - 1800*C*V*U^2 + 930*V^3*U + 3825*V*U^4', 'C - 3*U^2'), ('0', '1'), ('0', '1'), ('0', '1'), ('0', '1'), ('0', '1'), ('0', '1'), ('0', '1'), ('0', '1'), ('0', '1'), ('0', '1'), ('0', '1'), ('0', '1'), ('0', '1'), ('0', '1'), ('0', '1'), ('0', '1'), ('0', '1'))
derivative-only	('f', 'F0', -3, 0)	p6	(('360*C^2*U - 535*C*V^2 - 1680*C*U^3 - 135*V^2*U^2 + 1800*U^5', 'C - 3*U^2'), ('0', '1'), ('0', '1'), ('0', '1'), ('0', '1'), ('0', '1'), ('0', '1'), ('0', '1'), ('0', '1'), ('0', '1'), ('0', '1'), ('0', '1'), ('0', '1'), ('0', '1'), ('0', '1'), ('0', '1'), ('0', '1'), ('0', '1'))
derivative-only	('f', 'F0', -3, 0)	p7	(('-540*C*V*U + 315*V^3 + 1020*V*U^3', 'C - 3*U^2'), ('0', '1'), ('0', '1'), ('0', '1'), ('0', '1'), ('0', '1'), ('0', '1'), ('0', '1'), ('0', '1'), ('0', '1'), ('0', '1'), ('0', '1'), ('0', '1'), ('0', '1'), ('0', '1'), ('0', '1'), ('0', '1'), ('0', '1'))
derivative-only	('f', 'F0', -3, 0)	p8	(('20*C^3 - 300*C^2*U^2 - 2520*C*V^2*U - 330*C*U^4 + 1170*V^4 + 4650*V^2*U^3 + 3150*U^6', 'C - 3*U^2'), ('0', '1'), ('0', '1'), ('0', '1'), ('0', '1'), ('0', '1'), ('0', '1'), ('0', '1'), ('0', '1'), ('0', '1'), ('0', '1'), ('0', '1'), ('0', '1'), ('0', '1'), ('0', '1'), ('0', '1'), ('0', '1'), ('0', '1'))
derivative-only	('f', 'F0', -3, 0)	p9	(('-440*C^2*V - 2370*C*V*U^2 + 120*V^3*U - 30*V*U^4', 'C - 3*U^2'), ('0', '1'), ('0', '1'), ('0', '1'), ('0', '1'), ('0', '1'), ('0', '1'), ('0', '1'), ('0', '1'), ('0', '1'), ('0', '1'), ('0', '1'), ('0', '1'), ('0', '1'), ('0', '1'), ('0', '1'), ('0', '1'), ('0', '1'))
derivative-only	('f', 'F0', -3, 0)	p10	(('1200*C^2*U - 1600*C*V^2 - 2315*C*U^3 - 2385*V^2*U^2 - 3855*U^5', 'C - 3*U^2'), ('0', '1'), ('0', '1'), ('0', '1'), ('0', '1'), ('0', '1'), ('0', '1'), ('0', '1'), ('0', '1'), ('0', '1'), ('0', '1'), ('0', '1'), ('0', '1'), ('0', '1'), ('0', '1'), ('0', '1'), ('0', '1'), ('0', '1'))
derivative-only	('f', 'F0', -3, 0)	p11	(('-1500*C^3*U + 4425*C^2*V^2 + 35780*C^2*U^3 + 645*C*V^2*U^2 - 96605*C*U^5 - 15780*V^4*U - 71895*V^2*U^4 + 8295*U^7', 'C - 3*U^2'), ('0', '1'), ('0', '1'), ('0', '1'), ('0', '1'), ('0', '1'), ('0', '1'), ('0', '1'), ('0', '1'), ('0', '1'), ('0', '1'), ('0', '1'), ('0', '1'), ('0', '1'), ('0', '1'), ('0', '1'), ('0', '1'), ('0', '1'))
derivative-only	('f', 'F0', -3, 0)	p12	(('8100*C^2*V*U + 340*C*V^3 + 33500*C*V*U^3 - 18840*V^3*U^2 - 98400*V*U^5', 'C - 3*U^2'), ('0', '1'), ('0', '1'), ('0', '1'), ('0', '1'), ('0', '1'), ('0', '1'), ('0', '1'), ('0', '1'), ('0', '1'), ('0', '1'), ('0', '1'), ('0', '1'), ('0', '1'), ('0', '1'), ('0', '1'), ('0', '1'), ('0', '1'))
derivative-only	('f', 'F0', -3, 0)	p13	(('50*C^3 - 750*C^2*U^2 + 2400*C*V^2*U + 9990*C*U^4 - 1860*V^4 - 11640*V^2*U^3 - 24570*U^6', 'C - 3*U^2'), ('0', '1'), ('0', '1'), ('0', '1'), ('0', '1'), ('0', '1'), ('0', '1'), ('0', '1'), ('0', '1'), ('0', '1'), ('0', '1'), ('0', '1'), ('0', '1'), ('0', '1'), ('0', '1'), ('0', '1'), ('0', '1'), ('0', '1'))
derivative-only	('f', 'F0', -3, 0)	p14	(('-850*C^2*V + 2880*C*V*U^2 - 3780*V^3*U - 13710*V*U^4', 'C - 3*U^2'), ('0', '1'), ('0', '1'), ('0', '1'), ('0', '1'), ('0', '1'), ('0', '1'), ('0', '1'), ('0', '1'), ('0', '1'), ('0', '1'), ('0', '1'), ('0', '1'), ('0', '1'), ('0', '1'), ('0', '1'), ('0', '1'), ('0', '1'))
derivative-only	('f', 'F0', -3, 0)	p15	(('5*C^4 - 59955*C^3*U^2 + 133020*C^2*V^2*U + 311805*C^2*U^4 - 14340*C*V^4 + 56130*C*V^2*U^3 - 400995*C*U^6 - 94140*V^4*U^2 - 480060*V^2*U^5 + 15120*U^8', 'C - 3*U^2'), ('0', '1'), ('0', '1'), ('0', '1'), ('0', '1'), ('0', '1'), ('0', '1'), ('0', '1'), ('0', '1'), ('0', '1'), ('0', '1'), ('0', '1'), ('0', '1'), ('0', '1'), ('0', '1'), ('0', '1'), ('0', '1'), ('0', '1'))
derivative-only	('f', 'F0', -3, 0)	p16	(('-2970*C^3*V - 40320*C^2*V*U^2 + 103710*C*V^3*U + 407880*C*V*U^4 - 12600*V^5 - 94860*V^3*U^3 - 406350*V*U^6', 'C - 3*U^2'), ('0', '1'), ('0', '1'), ('0', '1'), ('0', '1'), ('0', '1'), ('0', '1'), ('0', '1'), ('0', '1'), ('0', '1'), ('0', '1'), ('0', '1'), ('0', '1'), ('0', '1'), ('0', '1'), ('0', '1'), ('0', '1'), ('0', '1'))
derivative-only	('f', 'F0', -3, 0)	p17	(('-31050*C^3*U + 49425*C^2*V^2 + 156150*C^2*U^3 + 132795*C*V^2*U^2 - 164115*C*U^5 - 84120*V^4*U - 361125*V^2*U^4 - 74655*U^7', 'C - 3*U^2'), ('0', '1'), ('0', '1'), ('0', '1'), ('0', '1'), ('0', '1'), ('0', '1'), ('0', '1'), ('0', '1'), ('0', '1'), ('0', '1'), ('0', '1'), ('0', '1'), ('0', '1'), ('0', '1'), ('0', '1'), ('0', '1'), ('0', '1'))
derivative-only	('f', 'F0', -3, 0)	p18	(('-10800*C^2*V*U + 43400*C*V^3 + 218880*C*V*U^3 - 22110*V^3*U^2 - 263880*V*U^5', 'C - 3*U^2'), ('0', '1'), ('0', '1'), ('0', '1'), ('0', '1'), ('0', '1'), ('0', '1'), ('0', '1'), ('0', '1'), ('0', '1'), ('0', '1'), ('0', '1'), ('0', '1'), ('0', '1'), ('0', '1'), ('0', '1'), ('0', '1'), ('0', '1'))
derivative-only	('f', 'F0', -3, 0)	p19	(('100*C^3 - 25800*C^2*U^2 + 35100*C*V^2*U + 72180*C*U^4 - 3000*V^4 + 19740*V^2*U^3 + 12960*U^6', 'C - 3*U^2'), ('0', '1'), ('0', '1'), ('0', '1'), ('0', '1'), ('0', '1'), ('0', '1'), ('0', '1'), ('0', '1'), ('0', '1'), ('0', '1'), ('0', '1'), ('0', '1'), ('0', '1'), ('0', '1'), ('0', '1'), ('0', '1'), ('0', '1'))
derivative-only	('f', 'F0', -3, 0)	p20	(('30*C^4 - 522930*C^3*U^2 + 608220*C^2*V^2*U + 1738470*C^2*U^4 + 201695*C*V^4 + 1627200*C*V^2*U^3 - 443490*C*U^6 - 248025*V^4*U^2 - 1862280*V^2*U^5 - 199080*U^8', 'C - 3*U^2'), ('0', '1'), ('0', '1'), ('0', '1'), ('0', '1'), ('0', '1'), ('0', '1'), ('0', '1'), ('0', '1'), ('0', '1'), ('0', '1'), ('0', '1'), ('0', '1'), ('0', '1'), ('0', '1'), ('0', '1'), ('0', '1'), ('0', '1'))
derivative-only	('f', 'F0', -3, 0)	p21	(('-1070*C^3*V - 679590*C^2*V*U^2 + 860880*C*V^3*U + 2888040*C*V*U^4 - 3645*V^5 + 252900*V^3*U^3 - 749820*V*U^6', 'C - 3*U^2'), ('0', '1'), ('0', '1'), ('0', '1'), ('0', '1'), ('0', '1'), ('0', '1'), ('0', '1'), ('0', '1'), ('0', '1'), ('0', '1'), ('0', '1'), ('0', '1'), ('0', '1'), ('0', '1'), ('0', '1'), ('0', '1'), ('0', '1'))
derivative-only	('f', 'F0', -3, 0)	p22	(('-69300*C^3*U + 126675*C^2*V^2 + 233400*C^2*U^3 + 393825*C*V^2*U^2 - 127335*C*U^5 - 116700*V^4*U - 348075*V^2*U^4 + 152505*U^7', 'C - 3*U^2'), ('0', '1'), ('0', '1'), ('0', '1'), ('0', '1'), ('0', '1'), ('0', '1'), ('0', '1'), ('0', '1'), ('0', '1'), ('0', '1'), ('0', '1'), ('0', '1'), ('0', '1'), ('0', '1'), ('0', '1'), ('0', '1'), ('0', '1'))
derivative-only	('f', 'F0', -3, 0)	p23	(('-17000*C^2*V*U + 104900*C*V^3 + 476100*C*V*U^3 + 13800*V^3*U^2 - 354420*V*U^5', 'C - 3*U^2'), ('0', '1'), ('0', '1'), ('0', '1'), ('0', '1'), ('0', '1'), ('0', '1'), ('0', '1'), ('0', '1'), ('0', '1'), ('0', '1'), ('0', '1'), ('0', '1'), ('0', '1'), ('0', '1'), ('0', '1'), ('0', '1'), ('0', '1'))
derivative-only	('f', 'F0', -3, 0)	p24	(('-1820*C^4 - 811230*C^3*U^2 + 877070*C^2*V^2*U + 2585220*C^2*U^4 + 640220*C*V^4 + 3921600*C*V^2*U^3 - 637690*C*U^6 + 87000*V^4*U^2 - 1267470*V^2*U^5 + 696720*U^8', 'C - 3*U^2'), ('0', '1'), ('0', '1'), ('0', '1'), ('0', '1'), ('0', '1'), ('0', '1'), ('0', '1'), ('0', '1'), ('0', '1'), ('0', '1'), ('0', '1'), ('0', '1'), ('0', '1'), ('0', '1'), ('0', '1'), ('0', '1'), ('0', '1'))
derivative-only	('f', 'F0', -3, 0)	p25	(('-26670*C^3*V - 1324415*C^2*V*U^2 + 1494780*C*V^3*U + 6106290*C*V*U^4 + 88605*V^5 + 642900*V^3*U^3 - 972885*V*U^6', 'C - 3*U^2'), ('0', '1'), ('0', '1'), ('0', '1'), ('0', '1'), ('0', '1'), ('0', '1'), ('0', '1'), ('0', '1'), ('0', '1'), ('0', '1'), ('0', '1'), ('0', '1'), ('0', '1'), ('0', '1'), ('0', '1'), ('0', '1'), ('0', '1'))
derivative-only	('f', 'F0', -3, 0)	p26	(('-136325*C^3*U + 245175*C^2*V^2 + 1003275*C^2*U^3 + 48850*C*V^2*U^2 - 1800700*C*U^5 - 183600*V^4*U - 1139100*V^2*U^4 + 53400*U^7', 'C - 3*U^2'), ('0', '1'), ('0', '1'), ('0', '1'), ('0', '1'), ('0', '1'), ('0', '1'), ('0', '1'), ('0', '1'), ('0', '1'), ('0', '1'), ('0', '1'), ('0', '1'), ('0', '1'), ('0', '1'), ('0', '1'), ('0', '1'), ('0', '1'))
derivative-only	('f', 'F0', -3, 0)	p27	(('-3080*C^4 - 1977990*C^3*U^2 + 2499840*C^2*V^2*U + 9640890*C^2*U^4 - 1095045*C*V^4 - 7116280*C*V^2*U^3 - 11041490*C*U^6 + 153675*V^4*U^2 + 2836080*V^2*U^5 + 11670*U^8', 'C - 3*U^2'), ('0', '1'), ('0', '1'), ('0', '1'), ('0', '1'), ('0', '1'), ('0', '1'), ('0', '1'), ('0', '1'), ('0', '1'), ('0', '1'), ('0', '1'), ('0', '1'), ('0', '1'), ('0', '1'), ('0', '1'), ('0', '1'), ('0', '1'))
derivative-only	('f', 'F0', -3, 0)	p28	(('-87360*C^3*V - 2846550*C^2*V*U^2 + 982800*C*V^3*U + 2884050*C*V*U^4 + 226275*V^5 + 1380060*V^3*U^3 + 6329340*V*U^6', 'C - 3*U^2'), ('0', '1'), ('0', '1'), ('0', '1'), ('0', '1'), ('0', '1'), ('0', '1'), ('0', '1'), ('0', '1'), ('0', '1'), ('0', '1'), ('0', '1'), ('0', '1'), ('0', '1'), ('0', '1'), ('0', '1'), ('0', '1'), ('0', '1'))
derivative-only	('f', 'F0', -3, 0)	p29	(('-4830*C^4 - 1024230*C^3*U^2 - 481950*C^2*V^2*U - 3759870*C^2*U^4 - 2080480*C*V^4 - 14301940*C*V^2*U^3 + 21063670*C*U^6 + 4658010*V^4*U^2 + 32206770*V^2*U^5 - 1306740*U^8', 'C - 3*U^2'), ('0', '1'), ('0', '1'), ('0', '1'), ('0', '1'), ('0', '1'), ('0', '1'), ('0', '1'), ('0', '1'), ('0', '1'), ('0', '1'), ('0', '1'), ('0', '1'), ('0', '1'), ('0', '1'), ('0', '1'), ('0', '1'), ('0', '1'))
derivative-only	('f', 'F0', -3, 5)	p15	(('-93750', '1'), ('0', '1'), ('0', '1'), ('0', '1'), ('0', '1'), ('0', '1'), ('0', '1'), ('0', '1'), ('0', '1'), ('0', '1'), ('0', '1'), ('0', '1'), ('0', '1'), ('0', '1'), ('0', '1'), ('0', '1'), ('0', '1'), ('0', '1'))
derivative-only	('f', 'F0', -3, 5)	p20	(('-656250', '1'), ('0', '1'), ('0', '1'), ('0', '1'), ('0', '1'), ('0', '1'), ('0', '1'), ('0', '1'), ('0', '1'), ('0', '1'), ('0', '1'), ('0', '1'), ('0', '1'), ('0', '1'), ('0', '1'), ('0', '1'), ('0', '1'), ('0', '1'))
derivative-only	('f', 'F0', -3, 5)	p24	(('-2625000', '1'), ('0', '1'), ('0', '1'), ('0', '1'), ('0', '1'), ('0', '1'), ('0', '1'), ('0', '1'), ('0', '1'), ('0', '1'), ('0', '1'), ('0', '1'), ('0', '1'), ('0', '1'), ('0', '1'), ('0', '1'), ('0', '1'), ('0', '1'))
derivative-only	('f', 'F0', -3, 5)	p27	(('-7875000', '1'), ('0', '1'), ('0', '1'), ('0', '1'), ('0', '1'), ('0', '1'), ('0', '1'), ('0', '1'), ('0', '1'), ('0', '1'), ('0', '1'), ('0', '1'), ('0', '1'), ('0', '1'), ('0', '1'), ('0', '1'), ('0', '1'), ('0', '1'))
derivative-only	('f', 'F0', -3, 5)	p29	(('-19687500', '1'), ('0', '1'), ('0', '1'), ('0', '1'), ('0', '1'), ('0', '1'), ('0', '1'), ('0', '1'), ('0', '1'), ('0', '1'), ('0', '1'), ('0', '1'), ('0', '1'), ('0', '1'), ('0', '1'), ('0', '1'), ('0', '1'), ('0', '1'))
derivative-only	('g', 'F0', -10, 4)	constant	(('0', '1'), ('0', '1'), ('0', '1'), ('0', '1'), ('0', '1'), ('0', '1'), ('625000000/9', '1'), ('-1093750000/9', '1'), ('87890625', '1'), ('-273437500/9', '1'), ('39062500/9', '1'), ('0', '1'), ('0', '1'), ('0', '1'), ('0', '1'), ('0', '1'), ('0', '1'), ('0', '1'))
derivative-only	('g', 'F0', -10, 9)	constant	(('-250000000/3', '1'), ('437500000/3', '1'), ('-105468750', '1'), ('109375000/3', '1'), ('-15625000/3', '1'), ('0', '1'), ('0', '1'), ('0', '1'), ('0', '1'), ('0', '1'), ('0', '1'), ('0', '1'), ('0', '1'), ('0', '1'), ('0', '1'), ('0', '1'), ('0', '1'), ('0', '1'))
derivative-only	('g', 'F0', -9, 2)	constant	(('6274036131072300*C^3*V*U - 1673585573642950*C^2*V^3 - 36712099283276250*C^2*V*U^3 + 20670823839315375*C*V^3*U^2 + 26327147988054150*C*V*U^5 + 1096046593936500*V^5*U + 15835592659897125*V^3*U^4 + 1977426542086800*V*U^7', '1'), ('19350396575424600*C^3*V*U - 998076306145900*C^2*V^3 - 51494603572740000*C^2*V*U^3 + 47489100530349000*C*V^3*U^2 + 51919730040547200*C*V*U^5 + 2188184103498000*V^5*U + 18876061545072000*V^3*U^4 - 3069809509447200*V*U^7', '1'), ('7123548882835200*C^3*V*U - 975058640248300*C^2*V^3 + 5405877896520000*C^2*V*U^3 + 24081225273843000*C*V^3*U^2 - 14795067537483600*C*V*U^5 - 481068939849000*V^5*U + 1968389350989000*V^3*U^4 + 4200246610833600*V*U^7', '1'), ('6579182753739900*C^3*V*U - 685974881430850*C^2*V^3 - 8245693323191250*C^2*V*U^3 + 14374320097035375*C*V^3*U^2 + 14272532015186550*C*V*U^5 + 498186853737000*V^5*U + 659852082931125*V^3*U^4 - 3296304834067800*V*U^7', '1'), ('-420359798548200*C^3*V*U - 598707364262200*C^2*V^3 + 2016603755992500*C^2*V*U^3 - 633779785686750*C*V^3*U^2 - 4502830347117900*C*V*U^5 - 201113702091000*V^5*U - 828294575960250*V^3*U^4 + 617277995204400*V*U^7', '1'), ('377614519578000*C^3*V*U - 18226421314500*C^2*V^3 - 653425802325000*C^2*V*U^3 + 300935443324500*C*V^3*U^2 + 1051477964195400*C*V*U^5 + 11621220615000*V^5*U - 139424171638500*V^3*U^4 - 299720522368800*V*U^7', '1'), ('0', '1'), ('0', '1'), ('0', '1'), ('0', '1'), ('0', '1'), ('0', '1'), ('0', '1'), ('0', '1'), ('0', '1'), ('0', '1'), ('0', '1'), ('0', '1'))
derivative-only	('g', 'F0', -9, 2)	p33	(('-375', '1'), ('0', '1'), ('0', '1'), ('0', '1'), ('0', '1'), ('0', '1'), ('0', '1'), ('0', '1'), ('0', '1'), ('0', '1'), ('0', '1'), ('0', '1'), ('0', '1'), ('0', '1'), ('0', '1'), ('0', '1'), ('0', '1'), ('0', '1'))
derivative-only	('g', 'F0', -9, 2)	p38	(('-1500', '1'), ('0', '1'), ('0', '1'), ('0', '1'), ('0', '1'), ('0', '1'), ('0', '1'), ('0', '1'), ('0', '1'), ('0', '1'), ('0', '1'), ('0', '1'), ('0', '1'), ('0', '1'), ('0', '1'), ('0', '1'), ('0', '1'), ('0', '1'))
derivative-only	('g', 'F0', -9, 2)	p42	(('-3750', '1'), ('0', '1'), ('0', '1'), ('0', '1'), ('0', '1'), ('0', '1'), ('0', '1'), ('0', '1'), ('0', '1'), ('0', '1'), ('0', '1'), ('0', '1'), ('0', '1'), ('0', '1'), ('0', '1'), ('0', '1'), ('0', '1'), ('0', '1'))
derivative-only	('g', 'F0', -9, 2)	p50	(('67500*C', '1'), ('0', '1'), ('0', '1'), ('0', '1'), ('0', '1'), ('0', '1'), ('0', '1'), ('0', '1'), ('0', '1'), ('0', '1'), ('0', '1'), ('0', '1'), ('0', '1'), ('0', '1'), ('0', '1'), ('0', '1'), ('0', '1'), ('0', '1'))
derivative-only	('g', 'F0', -9, 2)	p51	(('67500*V', '1'), ('0', '1'), ('0', '1'), ('0', '1'), ('0', '1'), ('0', '1'), ('0', '1'), ('0', '1'), ('0', '1'), ('0', '1'), ('0', '1'), ('0', '1'), ('0', '1'), ('0', '1'), ('0', '1'), ('0', '1'), ('0', '1'), ('0', '1'))
derivative-only	('g', 'F0', -9, 2)	p52	(('67500*U', '1'), ('0', '1'), ('0', '1'), ('0', '1'), ('0', '1'), ('0', '1'), ('0', '1'), ('0', '1'), ('0', '1'), ('0', '1'), ('0', '1'), ('0', '1'), ('0', '1'), ('0', '1'), ('0', '1'), ('0', '1'), ('0', '1'), ('0', '1'))
derivative-only	('g', 'F0', -9, 2)	p53	(('675000*C*V', '1'), ('0', '1'), ('0', '1'), ('0', '1'), ('0', '1'), ('0', '1'), ('0', '1'), ('0', '1'), ('0', '1'), ('0', '1'), ('0', '1'), ('0', '1'), ('0', '1'), ('0', '1'), ('0', '1'), ('0', '1'), ('0', '1'), ('0', '1'))
derivative-only	('g', 'F0', -9, 2)	p54	(('675000*C*U + 337500*V^2', '1'), ('0', '1'), ('0', '1'), ('0', '1'), ('0', '1'), ('0', '1'), ('0', '1'), ('0', '1'), ('0', '1'), ('0', '1'), ('0', '1'), ('0', '1'), ('0', '1'), ('0', '1'), ('0', '1'), ('0', '1'), ('0', '1'), ('0', '1'))
derivative-only	('g', 'F0', -9, 2)	p55	(('675000*V*U', '1'), ('0', '1'), ('0', '1'), ('0', '1'), ('0', '1'), ('0', '1'), ('0', '1'), ('0', '1'), ('0', '1'), ('0', '1'), ('0', '1'), ('0', '1'), ('0', '1'), ('0', '1'), ('0', '1'), ('0', '1'), ('0', '1'), ('0', '1'))
derivative-only	('g', 'F0', -9, 2)	p56	(('131250*C + 337500*U^2', '1'), ('0', '1'), ('0', '1'), ('0', '1'), ('0', '1'), ('0', '1'), ('0', '1'), ('0', '1'), ('0', '1'), ('0', '1'), ('0', '1'), ('0', '1'), ('0', '1'), ('0', '1'), ('0', '1'), ('0', '1'), ('0', '1'), ('0', '1'))
derivative-only	('g', 'F0', -9, 2)	p57	(('131250*V', '1'), ('0', '1'), ('0', '1'), ('0', '1'), ('0', '1'), ('0', '1'), ('0', '1'), ('0', '1'), ('0', '1'), ('0', '1'), ('0', '1'), ('0', '1'), ('0', '1'), ('0', '1'), ('0', '1'), ('0', '1'), ('0', '1'), ('0', '1'))
derivative-only	('g', 'F0', -9, 2)	p58	(('7425000*C*V*U + 1237500*V^3', '1'), ('0', '1'), ('0', '1'), ('0', '1'), ('0', '1'), ('0', '1'), ('0', '1'), ('0', '1'), ('0', '1'), ('0', '1'), ('0', '1'), ('0', '1'), ('0', '1'), ('0', '1'), ('0', '1'), ('0', '1'), ('0', '1'), ('0', '1'))
derivative-only	('g', 'F0', -9, 2)	p59	(('-1640625*C^2 + 3712500*C*U^2 + 3712500*V^2*U', '1'), ('0', '1'), ('0', '1'), ('0', '1'), ('0', '1'), ('0', '1'), ('0', '1'), ('0', '1'), ('0', '1'), ('0', '1'), ('0', '1'), ('0', '1'), ('0', '1'), ('0', '1'), ('0', '1'), ('0', '1'), ('0', '1'), ('0', '1'))
derivative-only	('g', 'F0', -9, 2)	p60	(('1443750*C*V + 3712500*V*U^2', '1'), ('0', '1'), ('0', '1'), ('0', '1'), ('0', '1'), ('0', '1'), ('0', '1'), ('0', '1'), ('0', '1'), ('0', '1'), ('0', '1'), ('0', '1'), ('0', '1'), ('0', '1'), ('0', '1'), ('0', '1'), ('0', '1'), ('0', '1'))
derivative-only	('g', 'F0', -9, 2)	p61	(('721875*V^2 + 1237500*U^3', '1'), ('0', '1'), ('0', '1'), ('0', '1'), ('0', '1'), ('0', '1'), ('0', '1'), ('0', '1'), ('0', '1'), ('0', '1'), ('0', '1'), ('0', '1'), ('0', '1'), ('0', '1'), ('0', '1'), ('0', '1'), ('0', '1'), ('0', '1'))
derivative-only	('g', 'F0', -9, 2)	p63	(('231000*C - 721875*U^2', '1'), ('0', '1'), ('0', '1'), ('0', '1'), ('0', '1'), ('0', '1'), ('0', '1'), ('0', '1'), ('0', '1'), ('0', '1'), ('0', '1'), ('0', '1'), ('0', '1'), ('0', '1'), ('0', '1'), ('0', '1'), ('0', '1'), ('0', '1'))
derivative-only	('g', 'F0', -9, 2)	p64	(('-7012500*C^3 + 22275000*C^2*U^2 + 44550000*C*V^2*U + 3712500*V^4', '1'), ('0', '1'), ('0', '1'), ('0', '1'), ('0', '1'), ('0', '1'), ('0', '1'), ('0', '1'), ('0', '1'), ('0', '1'), ('0', '1'), ('0', '1'), ('0', '1'), ('0', '1'), ('0', '1'), ('0', '1'), ('0', '1'), ('0', '1'))
derivative-only	('g', 'F0', -9, 2)	p65	(('-21037500*C^2*V + 44550000*C*V*U^2 + 14850000*V^3*U', '1'), ('0', '1'), ('0', '1'), ('0', '1'), ('0', '1'), ('0', '1'), ('0', '1'), ('0', '1'), ('0', '1'), ('0', '1'), ('0', '1'), ('0', '1'), ('0', '1'), ('0', '1'), ('0', '1'), ('0', '1'), ('0', '1'), ('0', '1'))
derivative-only	('g', 'F0', -9, 2)	p66	(('-29700000*C^2*U - 21037500*C*V^2 + 14850000*C*U^3 + 22275000*V^2*U^2', '1'), ('0', '1'), ('0', '1'), ('0', '1'), ('0', '1'), ('0', '1'), ('0', '1'), ('0', '1'), ('0', '1'), ('0', '1'), ('0', '1'), ('0', '1'), ('0', '1'), ('0', '1'), ('0', '1'), ('0', '1'), ('0', '1'), ('0', '1'))
derivative-only	('g', 'F0', -9, 2)	p67	(('2887500*V^3 + 14850000*V*U^3', '1'), ('0', '1'), ('0', '1'), ('0', '1'), ('0', '1'), ('0', '1'), ('0', '1'), ('0', '1'), ('0', '1'), ('0', '1'), ('0', '1'), ('0', '1'), ('0', '1'), ('0', '1'), ('0', '1'), ('0', '1'), ('0', '1'), ('0', '1'))
derivative-only	('g', 'F0', -9, 2)	p68	(('-8064000*C^2 - 8662500*C*U^2 + 3712500*U^4', '1'), ('0', '1'), ('0', '1'), ('0', '1'), ('0', '1'), ('0', '1'), ('0', '1'), ('0', '1'), ('0', '1'), ('0', '1'), ('0', '1'), ('0', '1'), ('0', '1'), ('0', '1'), ('0', '1'), ('0', '1'), ('0', '1'), ('0', '1'))
derivative-only	('g', 'F0', -9, 2)	p69	(('-8662500*V*U^2', '1'), ('0', '1'), ('0', '1'), ('0', '1'), ('0', '1'), ('0', '1'), ('0', '1'), ('0', '1'), ('0', '1'), ('0', '1'), ('0', '1'), ('0', '1'), ('0', '1'), ('0', '1'), ('0', '1'), ('0', '1'), ('0', '1'), ('0', '1'))
derivative-only	('g', 'F0', -9, 2)	p70	(('-1386000*V^2 - 5775000*U^3', '1'), ('0', '1'), ('0', '1'), ('0', '1'), ('0', '1'), ('0', '1'), ('0', '1'), ('0', '1'), ('0', '1'), ('0', '1'), ('0', '1'), ('0', '1'), ('0', '1'), ('0', '1'), ('0', '1'), ('0', '1'), ('0', '1'), ('0', '1'))
derivative-only	('g', 'F0', -9, 2)	p71	(('-2772000*V*U', '1'), ('0', '1'), ('0', '1'), ('0', '1'), ('0', '1'), ('0', '1'), ('0', '1'), ('0', '1'), ('0', '1'), ('0', '1'), ('0', '1'), ('0', '1'), ('0', '1'), ('0', '1'), ('0', '1'), ('0', '1'), ('0', '1'), ('0', '1'))
derivative-only	('g', 'F0', -9, 2)	p72	(('-38544000*C^3 - 56306250*C^2*U^2 + 48262500*C*U^4 + 9384375*V^4 + 96525000*V^2*U^3', '1'), ('0', '1'), ('0', '1'), ('0', '1'), ('0', '1'), ('0', '1'), ('0', '1'), ('0', '1'), ('0', '1'), ('0', '1'), ('0', '1'), ('0', '1'), ('0', '1'), ('0', '1'), ('0', '1'), ('0', '1'), ('0', '1'), ('0', '1'))
derivative-only	('g', 'F0', -9, 2)	p73	(('-133650000*C^2*V - 112612500*C*V*U^2 + 48262500*V*U^4', '1'), ('0', '1'), ('0', '1'), ('0', '1'), ('0', '1'), ('0', '1'), ('0', '1'), ('0', '1'), ('0', '1'), ('0', '1'), ('0', '1'), ('0', '1'), ('0', '1'), ('0', '1'), ('0', '1'), ('0', '1'), ('0', '1'), ('0', '1'))
derivative-only	('g', 'F0', -9, 2)	p74	(('-133650000*C^2*U - 151668000*C*V^2 - 75075000*C*U^3 - 56306250*V^2*U^2 + 9652500*U^5', '1'), ('0', '1'), ('0', '1'), ('0', '1'), ('0', '1'), ('0', '1'), ('0', '1'), ('0', '1'), ('0', '1'), ('0', '1'), ('0', '1'), ('0', '1'), ('0', '1'), ('0', '1'), ('0', '1'), ('0', '1'), ('0', '1'), ('0', '1'))
derivative-only	('g', 'F0', -9, 2)	p75	(('-36036000*C*V*U - 12012000*V^3 - 75075000*V*U^3', '1'), ('0', '1'), ('0', '1'), ('0', '1'), ('0', '1'), ('0', '1'), ('0', '1'), ('0', '1'), ('0', '1'), ('0', '1'), ('0', '1'), ('0', '1'), ('0', '1'), ('0', '1'), ('0', '1'), ('0', '1'), ('0', '1'), ('0', '1'))
derivative-only	('g', 'F0', -9, 2)	p76	(('-30807000*C^2 - 36036000*V^2*U - 28153125*U^4', '1'), ('0', '1'), ('0', '1'), ('0', '1'), ('0', '1'), ('0', '1'), ('0', '1'), ('0', '1'), ('0', '1'), ('0', '1'), ('0', '1'), ('0', '1'), ('0', '1'), ('0', '1'), ('0', '1'), ('0', '1'), ('0', '1'), ('0', '1'))
derivative-only	('g', 'F0', -9, 2)	p77	(('-4914000*C*V - 18018000*V*U^2', '1'), ('0', '1'), ('0', '1'), ('0', '1'), ('0', '1'), ('0', '1'), ('0', '1'), ('0', '1'), ('0', '1'), ('0', '1'), ('0', '1'), ('0', '1'), ('0', '1'), ('0', '1'), ('0', '1'), ('0', '1'), ('0', '1'), ('0', '1'))
derivative-only	('g', 'F0', -9, 2)	p78	(('-4914000*C*U - 2457000*V^2 + 6006000*U^3', '1'), ('0', '1'), ('0', '1'), ('0', '1'), ('0', '1'), ('0', '1'), ('0', '1'), ('0', '1'), ('0', '1'), ('0', '1'), ('0', '1'), ('0', '1'), ('0', '1'), ('0', '1'), ('0', '1'), ('0', '1'), ('0', '1'), ('0', '1'))
derivative-only	('g', 'F0', -9, 2)	p79	(('534600000*C^3*U + 169017750*C^2*V^2 - 1394250000*C^2*U^3 - 3394462500*C*V^2*U^2 + 135135000*C*U^5 - 434362500*V^4*U + 337837500*V^2*U^4', '1'), ('0', '1'), ('0', '1'), ('0', '1'), ('0', '1'), ('0', '1'), ('0', '1'), ('0', '1'), ('0', '1'), ('0', '1'), ('0', '1'), ('0', '1'), ('0', '1'), ('0', '1'), ('0', '1'), ('0', '1'), ('0', '1'), ('0', '1'))
derivative-only	('g', 'F0', -9, 2)	p80	(('1351548000*C^2*V*U + 28594500*C*V^3 - 2788500000*C*V*U^3 - 1131487500*V^3*U^2 + 135135000*V*U^5', '1'), ('0', '1'), ('0', '1'), ('0', '1'), ('0', '1'), ('0', '1'), ('0', '1'), ('0', '1'), ('0', '1'), ('0', '1'), ('0', '1'), ('0', '1'), ('0', '1'), ('0', '1'), ('0', '1'), ('0', '1'), ('0', '1'), ('0', '1'))
derivative-only	('g', 'F0', -9, 2)	p81	(('-171432000*C^3 - 504504000*C*V^2*U - 394143750*C*U^4 - 63063000*V^4 - 525525000*V^2*U^3 + 22522500*U^6', '1'), ('0', '1'), ('0', '1'), ('0', '1'), ('0', '1'), ('0', '1'), ('0', '1'), ('0', '1'), ('0', '1'), ('0', '1'), ('0', '1'), ('0', '1'), ('0', '1'), ('0', '1'), ('0', '1'), ('0', '1'), ('0', '1'), ('0', '1'))
derivative-only	('g', 'F0', -9, 2)	p82	(('-514296000*C^2*V - 252252000*C*V*U^2 - 252252000*V^3*U - 394143750*V*U^4', '1'), ('0', '1'), ('0', '1'), ('0', '1'), ('0', '1'), ('0', '1'), ('0', '1'), ('0', '1'), ('0', '1'), ('0', '1'), ('0', '1'), ('0', '1'), ('0', '1'), ('0', '1'), ('0', '1'), ('0', '1'), ('0', '1'), ('0', '1'))
derivative-only	('g', 'F0', -9, 2)	p83	(('-514296000*C^2*U - 514296000*C*V^2 + 84084000*C*U^3 - 252252000*V^2*U^2 - 105105000*U^5', '1'), ('0', '1'), ('0', '1'), ('0', '1'), ('0', '1'), ('0', '1'), ('0', '1'), ('0', '1'), ('0', '1'), ('0', '1'), ('0', '1'), ('0', '1'), ('0', '1'), ('0', '1'), ('0', '1'), ('0', '1'), ('0', '1'), ('0', '1'))
derivative-only	('g', 'F0', -9, 2)	p84	(('-68796000*C*V*U - 22932000*V^3', '1'), ('0', '1'), ('0', '1'), ('0', '1'), ('0', '1'), ('0', '1'), ('0', '1'), ('0', '1'), ('0', '1'), ('0', '1'), ('0', '1'), ('0', '1'), ('0', '1'), ('0', '1'), ('0', '1'), ('0', '1'), ('0', '1'), ('0', '1'))
derivative-only	('g', 'F0', -9, 2)	p85	(('-74970000*C^2 - 34398000*C*U^2 + 63063000*U^4', '1'), ('0', '1'), ('0', '1'), ('0', '1'), ('0', '1'), ('0', '1'), ('0', '1'), ('0', '1'), ('0', '1'), ('0', '1'), ('0', '1'), ('0', '1'), ('0', '1'), ('0', '1'), ('0', '1'), ('0', '1'), ('0', '1'), ('0', '1'))
derivative-only	('g', 'F0', -9, 2)	p86	(('-8190000*C*V + 34398000*V*U^2', '1'), ('0', '1'), ('0', '1'), ('0', '1'), ('0', '1'), ('0', '1'), ('0', '1'), ('0', '1'), ('0', '1'), ('0', '1'), ('0', '1'), ('0', '1'), ('0', '1'), ('0', '1'), ('0', '1'), ('0', '1'), ('0', '1'), ('0', '1'))
derivative-only	('g', 'F0', -9, 2)	p87	(('-362405625*C^4 + 6971250000*C^3*U^2 + 9247095000*C^2*V^2*U - 6334453125*C^2*U^4 - 87945000*C*V^4 - 21396375000*C*V^2*U^3 + 337837500*C*U^6 - 4363734375*V^4*U^2 + 1013512500*V^2*U^5', '1'), ('0', '1'), ('0', '1'), ('0', '1'), ('0', '1'), ('0', '1'), ('0', '1'), ('0', '1'), ('0', '1'), ('0', '1'), ('0', '1'), ('0', '1'), ('0', '1'), ('0', '1'), ('0', '1'), ('0', '1'), ('0', '1'), ('0', '1'))
derivative-only	('g', 'F0', -9, 2)	p88	(('-608782500*C^3*V + 19021860000*C^2*V*U^2 + 4903470000*C*V^3*U - 12668906250*C*V*U^4 - 80652000*V^5 - 7132125000*V^3*U^3 + 337837500*V*U^6', '1'), ('0', '1'), ('0', '1'), ('0', '1'), ('0', '1'), ('0', '1'), ('0', '1'), ('0', '1'), ('0', '1'), ('0', '1'), ('0', '1'), ('0', '1'), ('0', '1'), ('0', '1'), ('0', '1'), ('0', '1'), ('0', '1'), ('0', '1'))
derivative-only	('g', 'F0', -9, 2)	p89	(('3048030000*C^3*U + 2038263750*C^2*V^2 - 3712995000*C^2*U^3 - 16814655000*C*V^2*U^2 - 1576575000*C*U^5 - 3433072500*V^4*U - 2956078125*V^2*U^4 + 48262500*U^7', '1'), ('0', '1'), ('0', '1'), ('0', '1'), ('0', '1'), ('0', '1'), ('0', '1'), ('0', '1'), ('0', '1'), ('0', '1'), ('0', '1'), ('0', '1'), ('0', '1'), ('0', '1'), ('0', '1'), ('0', '1'), ('0', '1'), ('0', '1'))
derivative-only	('g', 'F0', -9, 2)	p90	(('9660060000*C^2*V*U + 1358842500*C*V^3 - 8687250000*C*V*U^3 - 6235515000*V^3*U^2 - 1576575000*V*U^5', '1'), ('0', '1'), ('0', '1'), ('0', '1'), ('0', '1'), ('0', '1'), ('0', '1'), ('0', '1'), ('0', '1'), ('0', '1'), ('0', '1'), ('0', '1'), ('0', '1'), ('0', '1'), ('0', '1'), ('0', '1'), ('0', '1'), ('0', '1'))
derivative-only	('g', 'F0', -9, 2)	p91	(('-449325000*C^3 - 515970000*C^2*U^2 - 515970000*C*V^2*U + 945945000*C*U^4 - 128992500*V^4 - 630630000*V^2*U^3 - 328453125*U^6', '1'), ('0', '1'), ('0', '1'), ('0', '1'), ('0', '1'), ('0', '1'), ('0', '1'), ('0', '1'), ('0', '1'), ('0', '1'), ('0', '1'), ('0', '1'), ('0', '1'), ('0', '1'), ('0', '1'), ('0', '1'), ('0', '1'), ('0', '1'))
derivative-only	('g', 'F0', -9, 2)	p92	(('-1347975000*C^2*V + 630630000*V*U^4', '1'), ('0', '1'), ('0', '1'), ('0', '1'), ('0', '1'), ('0', '1'), ('0', '1'), ('0', '1'), ('0', '1'), ('0', '1'), ('0', '1'), ('0', '1'), ('0', '1'), ('0', '1'), ('0', '1'), ('0', '1'), ('0', '1'), ('0', '1'))
derivative-only	('g', 'F0', -9, 2)	p93	(('-1225125000*C^2*U - 1286550000*C*V^2 - 171990000*C*U^3 + 515970000*V^2*U^2 + 378378000*U^5', '1'), ('0', '1'), ('0', '1'), ('0', '1'), ('0', '1'), ('0', '1'), ('0', '1'), ('0', '1'), ('0', '1'), ('0', '1'), ('0', '1'), ('0', '1'), ('0', '1'), ('0', '1'), ('0', '1'), ('0', '1'), ('0', '1'), ('0', '1'))
derivative-only	('g', 'F0', -9, 2)	p94	(('20475000*V^3 + 343980000*V*U^3', '1'), ('0', '1'), ('0', '1'), ('0', '1'), ('0', '1'), ('0', '1'), ('0', '1'), ('0', '1'), ('0', '1'), ('0', '1'), ('0', '1'), ('0', '1'), ('0', '1'), ('0', '1'), ('0', '1'), ('0', '1'), ('0', '1'), ('0', '1'))
derivative-only	('g', 'F0', -9, 2)	p95	(('-162421875*C^2 + 61425000*C*U^2 + 61425000*V^2*U - 42997500*U^4', '1'), ('0', '1'), ('0', '1'), ('0', '1'), ('0', '1'), ('0', '1'), ('0', '1'), ('0', '1'), ('0', '1'), ('0', '1'), ('0', '1'), ('0', '1'), ('0', '1'), ('0', '1'), ('0', '1'), ('0', '1'), ('0', '1'), ('0', '1'))
derivative-only	('g', 'F0', -9, 2)	p96	(('-1980386250*C^4 + 42177427500*C^3*U^2 + 87304230000*C^2*V^2*U - 11013502500*C^2*U^4 + 5948816250*C*V^4 - 84414330000*C*V^2*U^3 - 5255250000*C*U^6 - 28671142500*V^4*U^2 - 12612600000*V^2*U^5 + 96525000*U^8', '1'), ('0', '1'), ('0', '1'), ('0', '1'), ('0', '1'), ('0', '1'), ('0', '1'), ('0', '1'), ('0', '1'), ('0', '1'), ('0', '1'), ('0', '1'), ('0', '1'), ('0', '1'), ('0', '1'), ('0', '1'), ('0', '1'), ('0', '1'))
derivative-only	('g', 'F0', -9, 2)	p97	(('-3296925000*C^3*V + 134787802500*C^2*V*U^2 + 60954660000*C*V^3*U - 27072045000*C*V*U^4 + 1189763250*V^5 - 31501470000*V^3*U^3 - 5255250000*V*U^6', '1'), ('0', '1'), ('0', '1'), ('0', '1'), ('0', '1'), ('0', '1'), ('0', '1'), ('0', '1'), ('0', '1'), ('0', '1'), ('0', '1'), ('0', '1'), ('0', '1'), ('0', '1'), ('0', '1'), ('0', '1'), ('0', '1'), ('0', '1'))
derivative-only	('g', 'F0', -9, 2)	p98	(('14701500000*C^3*U + 11778918750*C^2*V^2 - 18678465000*C^2*U^3 - 43652115000*C*V^2*U^2 + 6054048000*C*U^5 - 7963312500*V^4*U + 2522520000*V^2*U^4 - 900900000*U^7', '1'), ('0', '1'), ('0', '1'), ('0', '1'), ('0', '1'), ('0', '1'), ('0', '1'), ('0', '1'), ('0', '1'), ('0', '1'), ('0', '1'), ('0', '1'), ('0', '1'), ('0', '1'), ('0', '1'), ('0', '1'), ('0', '1'), ('0', '1'))
derivative-only	('g', 'F0', -9, 2)	p99	(('44104500000*C^2*V*U + 8507812500*C*V^3 - 29101410000*C*V*U^3 - 11798865000*V^3*U^2 + 5045040000*V*U^5', '1'), ('0', '1'), ('0', '1'), ('0', '1'), ('0', '1'), ('0', '1'), ('0', '1'), ('0', '1'), ('0', '1'), ('0', '1'), ('0', '1'), ('0', '1'), ('0', '1'), ('0', '1'), ('0', '1'), ('0', '1'), ('0', '1'), ('0', '1'))
derivative-only	('g', 'F0', -9, 2)	p100	(('-1049400000*C^3 + 982800000*C^2*U^2 + 982800000*C*V^2*U - 1375920000*C*U^4 + 245700000*V^4 + 5503680000*V^2*U^3 + 1681680000*U^6', '1'), ('0', '1'), ('0', '1'), ('0', '1'), ('0', '1'), ('0', '1'), ('0', '1'), ('0', '1'), ('0', '1'), ('0', '1'), ('0', '1'), ('0', '1'), ('0', '1'), ('0', '1'), ('0', '1'), ('0', '1'), ('0', '1'), ('0', '1'))
derivative-only	('g', 'F0', -9, 2)	p101	(('-2940300000*C^2*V + 982800000*C*V*U^2 + 982800000*V^3*U + 1375920000*V*U^4', '1'), ('0', '1'), ('0', '1'), ('0', '1'), ('0', '1'), ('0', '1'), ('0', '1'), ('0', '1'), ('0', '1'), ('0', '1'), ('0', '1'), ('0', '1'), ('0', '1'), ('0', '1'), ('0', '1'), ('0', '1'), ('0', '1'), ('0', '1'))
derivative-only	('g', 'F0', -9, 2)	p102	(('-2940300000*C^2*U - 2836350000*C*V^2 + 655200000*C*U^3 + 491400000*V^2*U^2 - 550368000*U^5', '1'), ('0', '1'), ('0', '1'), ('0', '1'), ('0', '1'), ('0', '1'), ('0', '1'), ('0', '1'), ('0', '1'), ('0', '1'), ('0', '1'), ('0', '1'), ('0', '1'), ('0', '1'), ('0', '1'), ('0', '1'), ('0', '1'), ('0', '1'))
derivative-only	('g', 'F0', -9, 2)	p103	(('207900000*C*V*U + 34650000*V^3 - 327600000*V*U^3', '1'), ('0', '1'), ('0', '1'), ('0', '1'), ('0', '1'), ('0', '1'), ('0', '1'), ('0', '1'), ('0', '1'), ('0', '1'), ('0', '1'), ('0', '1'), ('0', '1'), ('0', '1'), ('0', '1'), ('0', '1'), ('0', '1'), ('0', '1'))
derivative-only	('g', 'F0', -9, 2)	p104	(('-8772410625*C^4 + 209501175000*C^3*U^2 + 438372675000*C^2*V^2*U - 91867230000*C^2*U^4 + 45550537500*C*V^4 - 227125080000*C*V^2*U^3 + 28588560000*C*U^6 - 50933610000*V^4*U^2 + 34306272000*V^2*U^5 - 2233481250*U^8', '1'), ('0', '1'), ('0', '1'), ('0', '1'), ('0', '1'), ('0', '1'), ('0', '1'), ('0', '1'), ('0', '1'), ('0', '1'), ('0', '1'), ('0', '1'), ('0', '1'), ('0', '1'), ('0', '1'), ('0', '1'), ('0', '1'), ('0', '1'))
derivative-only	('g', 'F0', -9, 2)	p105	(('-14824012500*C^3*V + 620149725000*C^2*V*U^2 + 303386850000*C*V^3*U - 136953180000*C*V*U^4 + 10223947500*V^5 - 52317720000*V^3*U^3 + 25729704000*V*U^6', '1'), ('0', '1'), ('0', '1'), ('0', '1'), ('0', '1'), ('0', '1'), ('0', '1'), ('0', '1'), ('0', '1'), ('0', '1'), ('0', '1'), ('0', '1'), ('0', '1'), ('0', '1'), ('0', '1'), ('0', '1'), ('0', '1'), ('0', '1'))
derivative-only	('g', 'F0', -9, 2)	p106	(('47044800000*C^3*U + 44462756250*C^2*V^2 - 36641475000*C^2*U^3 - 126632025000*C*V^2*U^2 - 11695320000*C*U^5 - 15536137500*V^4*U + 29238300000*V^2*U^4 + 6126120000*U^7', '1'), ('0', '1'), ('0', '1'), ('0', '1'), ('0', '1'), ('0', '1'), ('0', '1'), ('0', '1'), ('0', '1'), ('0', '1'), ('0', '1'), ('0', '1'), ('0', '1'), ('0', '1'), ('0', '1'), ('0', '1'), ('0', '1'), ('0', '1'))
derivative-only	('g', 'F0', -9, 2)	p107	(('144668700000*C^2*V*U + 30230887500*C*V^3 - 89990550000*C*V*U^3 - 39426075000*V^3*U^2', '1'), ('0', '1'), ('0', '1'), ('0', '1'), ('0', '1'), ('0', '1'), ('0', '1'), ('0', '1'), ('0', '1'), ('0', '1'), ('0', '1'), ('0', '1'), ('0', '1'), ('0', '1'), ('0', '1'), ('0', '1'), ('0', '1'), ('0', '1'))
derivative-only	('g', 'F0', -9, 2)	p108	(('3234000000*C^3 + 3534300000*C*V^2*U + 4176900000*C*U^4 + 441787500*V^4 - 2784600000*V^2*U^3 - 3898440000*U^6', '1'), ('0', '1'), ('0', '1'), ('0', '1'), ('0', '1'), ('0', '1'), ('0', '1'), ('0', '1'), ('0', '1'), ('0', '1'), ('0', '1'), ('0', '1'), ('0', '1'), ('0', '1'), ('0', '1'), ('0', '1'), ('0', '1'), ('0', '1'))
derivative-only	('g', 'F0', -9, 2)	p109	(('-900900000*C^2*V + 1767150000*C*V*U^2 - 4176900000*V*U^4', '1'), ('0', '1'), ('0', '1'), ('0', '1'), ('0', '1'), ('0', '1'), ('0', '1'), ('0', '1'), ('0', '1'), ('0', '1'), ('0', '1'), ('0', '1'), ('0', '1'), ('0', '1'), ('0', '1'), ('0', '1'), ('0', '1'), ('0', '1'))
derivative-only	('g', 'F0', -9, 2)	p110	(('-900900000*C^2*U - 6202350000*C*V^2 - 589050000*C*U^3 - 883575000*V^2*U^2 + 278460000*U^5', '1'), ('0', '1'), ('0', '1'), ('0', '1'), ('0', '1'), ('0', '1'), ('0', '1'), ('0', '1'), ('0', '1'), ('0', '1'), ('0', '1'), ('0', '1'), ('0', '1'), ('0', '1'), ('0', '1'), ('0', '1'), ('0', '1'), ('0', '1'))
derivative-only	('g', 'F0', -9, 2)	p111	(('18044647500*C^4 + 684785887500*C^3*U^2 + 1554349500000*C^2*V^2*U - 166369612500*C^2*U^4 + 170422106250*C*V^4 - 916092450000*C*V^2*U^3 - 77189112000*C*U^6 - 166369612500*V^4*U^2 + 84206304000*V^2*U^5 + 19297278000*U^8', '1'), ('0', '1'), ('0', '1'), ('0', '1'), ('0', '1'), ('0', '1'), ('0', '1'), ('0', '1'), ('0', '1'), ('0', '1'), ('0', '1'), ('0', '1'), ('0', '1'), ('0', '1'), ('0', '1'), ('0', '1'), ('0', '1'), ('0', '1'))
derivative-only	('g', 'F0', -9, 2)	p112	(('36872550000*C^3*V + 2086166362500*C^2*V*U^2 + 1025630100000*C*V^3*U - 483107625000*C*V*U^4 + 34084421250*V^5 - 322071750000*V^3*U^3 - 35085960000*V*U^6', '1'), ('0', '1'), ('0', '1'), ('0', '1'), ('0', '1'), ('0', '1'), ('0', '1'), ('0', '1'), ('0', '1'), ('0', '1'), ('0', '1'), ('0', '1'), ('0', '1'), ('0', '1'), ('0', '1'), ('0', '1'), ('0', '1'), ('0', '1'))
derivative-only	('g', 'F0', -9, 2)	p113	(('225868500000*C^3*U + 170910506250*C^2*V^2 - 134830575000*C^2*U^3 - 356778675000*C*V^2*U^2 + 25061400000*C*U^5 - 62113837500*V^4*U - 62653500000*V^2*U^4 - 20049120000*U^7', '1'), ('0', '1'), ('0', '1'), ('0', '1'), ('0', '1'), ('0', '1'), ('0', '1'), ('0', '1'), ('0', '1'), ('0', '1'), ('0', '1'), ('0', '1'), ('0', '1'), ('0', '1'), ('0', '1'), ('0', '1'), ('0', '1'), ('0', '1'))
derivative-only	('g', 'F0', -9, 2)	p114	(('480694500000*C^2*V*U + 81121837500*C*V^3 - 248455350000*C*V*U^3 - 140132025000*V^3*U^2 - 25061400000*V*U^5', '1'), ('0', '1'), ('0', '1'), ('0', '1'), ('0', '1'), ('0', '1'), ('0', '1'), ('0', '1'), ('0', '1'), ('0', '1'), ('0', '1'), ('0', '1'), ('0', '1'), ('0', '1'), ('0', '1'), ('0', '1'), ('0', '1'), ('0', '1'))
derivative-only	('g', 'F0', -9, 2)	p115	(('6265116000*C^3 + 49227750000*C^2*U^2 - 7952175000*C*U^4 - 252450000*V^4 - 10602900000*V^2*U^3 + 4176900000*U^6', '1'), ('0', '1'), ('0', '1'), ('0', '1'), ('0', '1'), ('0', '1'), ('0', '1'), ('0', '1'), ('0', '1'), ('0', '1'), ('0', '1'), ('0', '1'), ('0', '1'), ('0', '1'), ('0', '1'), ('0', '1'), ('0', '1'), ('0', '1'))
derivative-only	('g', 'F0', -9, 2)	p116	(('-2054052000*C^2*V - 3029400000*C*V*U^2 - 1009800000*V^3*U + 2650725000*V*U^4', '1'), ('0', '1'), ('0', '1'), ('0', '1'), ('0', '1'), ('0', '1'), ('0', '1'), ('0', '1'), ('0', '1'), ('0', '1'), ('0', '1'), ('0', '1'), ('0', '1'), ('0', '1'), ('0', '1'), ('0', '1'), ('0', '1'), ('0', '1'))
derivative-only	('g', 'F0', -9, 2)	p117	(('7984601625*C^4 + 2910700650000*C^3*U^2 + 5283295875000*C^2*V^2*U - 827442000000*C^2*U^4 + 471229275000*C*V^4 - 2806130250000*C*V^2*U^3 + 158722200000*C*U^6 - 827442000000*V^4*U^2 - 476166600000*V^2*U^5 - 83329155000*U^8', '1'), ('0', '1'), ('0', '1'), ('0', '1'), ('0', '1'), ('0', '1'), ('0', '1'), ('0', '1'), ('0', '1'), ('0', '1'), ('0', '1'), ('0', '1'), ('0', '1'), ('0', '1'), ('0', '1'), ('0', '1'), ('0', '1'), ('0', '1'))
derivative-only	('g', 'F0', -9, 2)	p118	(('2205274500*C^3*V + 6803888850000*C^2*V*U^2 + 2879459550000*C*V^3*U - 1403065125000*C*V*U^4 + 88489995000*V^5 - 1103256000000*V^3*U^3 - 79361100000*V*U^6', '1'), ('0', '1'), ('0', '1'), ('0', '1'), ('0', '1'), ('0', '1'), ('0', '1'), ('0', '1'), ('0', '1'), ('0', '1'), ('0', '1'), ('0', '1'), ('0', '1'), ('0', '1'), ('0', '1'), ('0', '1'), ('0', '1'), ('0', '1'))
derivative-only	('g', 'F0', -9, 2)	p119	(('547875900000*C^3*U + 633212687250*C^2*V^2 + 21911175000*C^2*U^3 - 927152325000*C*V^2*U^2 - 60436530000*C*U^5 - 164118487500*V^4*U - 25181887500*V^2*U^4 + 34011900000*U^7', '1'), ('0', '1'), ('0', '1'), ('0', '1'), ('0', '1'), ('0', '1'), ('0', '1'), ('0', '1'), ('0', '1'), ('0', '1'), ('0', '1'), ('0', '1'), ('0', '1'), ('0', '1'), ('0', '1'), ('0', '1'), ('0', '1'), ('0', '1'))
derivative-only	('g', 'F0', -9, 2)	p120	(('1159458300000*C^2*V*U + 433487983500*C*V^3 - 618101550000*C*V*U^3 - 299457675000*V^3*U^2 + 40291020000*V*U^5', '1'), ('0', '1'), ('0', '1'), ('0', '1'), ('0', '1'), ('0', '1'), ('0', '1'), ('0', '1'), ('0', '1'), ('0', '1'), ('0', '1'), ('0', '1'), ('0', '1'), ('0', '1'), ('0', '1'), ('0', '1'), ('0', '1'), ('0', '1'))
derivative-only	('g', 'F0', -9, 2)	p121	(('11425693500*C^3 + 140555844000*C^2*U^2 + 237096288000*C*V^2*U + 4796550000*C*U^4 - 415701000*V^4 + 9593100000*V^2*U^3 - 1678792500*U^6', '1'), ('0', '1'), ('0', '1'), ('0', '1'), ('0', '1'), ('0', '1'), ('0', '1'), ('0', '1'), ('0', '1'), ('0', '1'), ('0', '1'), ('0', '1'), ('0', '1'), ('0', '1'), ('0', '1'), ('0', '1'), ('0', '1'), ('0', '1'))
derivative-only	('g', 'F0', -9, 2)	p122	(('-50016671250*C^4 + 7853073442500*C^3*U^2 + 18343263510000*C^2*V^2*U - 36066937500*C^2*U^4 + 3593442888750*C*V^4 - 7339092750000*C*V^2*U^3 - 369334350000*C*U^6 - 1882738687500*V^4*U^2 + 402910200000*V^2*U^5 + 198402750000*U^8', '1'), ('0', '1'), ('0', '1'), ('0', '1'), ('0', '1'), ('0', '1'), ('0', '1'), ('0', '1'), ('0', '1'), ('0', '1'), ('0', '1'), ('0', '1'), ('0', '1'), ('0', '1'), ('0', '1'), ('0', '1'), ('0', '1'), ('0', '1'))
derivative-only	('g', 'F0', -9, 2)	p123	(('-79633125000*C^3*V + 17936986567500*C^2*V*U^2 + 12195586260000*C*V^3*U - 3573615375000*C*V*U^4 + 234519177750*V^5 - 2126594250000*V^3*U^3 + 302182650000*V*U^6', '1'), ('0', '1'), ('0', '1'), ('0', '1'), ('0', '1'), ('0', '1'), ('0', '1'), ('0', '1'), ('0', '1'), ('0', '1'), ('0', '1'), ('0', '1'), ('0', '1'), ('0', '1'), ('0', '1'), ('0', '1'), ('0', '1'), ('0', '1'))
derivative-only	('g', 'F0', -9, 2)	p124	(('1146717000000*C^3*U + 1400108726250*C^2*V^2 + 445990545000*C^2*U^3 + 507547755000*C*V^2*U^2 + 76744800000*C*U^5 - 310569187500*V^4*U + 143896500000*V^2*U^4 - 28779300000*U^7', '1'), ('0', '1'), ('0', '1'), ('0', '1'), ('0', '1'), ('0', '1'), ('0', '1'), ('0', '1'), ('0', '1'), ('0', '1'), ('0', '1'), ('0', '1'), ('0', '1'), ('0', '1'), ('0', '1'), ('0', '1'), ('0', '1'), ('0', '1'))
derivative-only	('g', 'F0', -9, 2)	p125	(('2569281390000*C^2*V*U + 902517817500*C*V^3 - 1209020670000*C*V*U^3 - 604510335000*V^3*U^2 - 19186200000*V*U^5', '1'), ('0', '1'), ('0', '1'), ('0', '1'), ('0', '1'), ('0', '1'), ('0', '1'), ('0', '1'), ('0', '1'), ('0', '1'), ('0', '1'), ('0', '1'), ('0', '1'), ('0', '1'), ('0', '1'), ('0', '1'), ('0', '1'), ('0', '1'))
derivative-only	('g', 'F0', -9, 2)	p126	(('-642683461875*C^4 + 11701940250000*C^3*U^2 + 32883984315000*C^2*V^2*U + 2420538120000*C^2*U^4 + 7820189422500*C*V^4 + 1835673840000*C*V^2*U^3 + 671517000000*C*U^6 - 3515672160000*V^4*U^2 + 805820400000*V^2*U^5 - 264409818750*U^8', '1'), ('0', '1'), ('0', '1'), ('0', '1'), ('0', '1'), ('0', '1'), ('0', '1'), ('0', '1'), ('0', '1'), ('0', '1'), ('0', '1'), ('0', '1'), ('0', '1'), ('0', '1'), ('0', '1'), ('0', '1'), ('0', '1'), ('0', '1'))
derivative-only	('g', 'F0', -9, 2)	p127	(('-899354137500*C^3*V + 35995463595000*C^2*V*U^2 + 17391874500000*C*V^3*U - 7205938740000*C*V*U^4 + 571771063500*V^5 - 4920355440000*V^3*U^3 - 335758500000*V*U^6', '1'), ('0', '1'), ('0', '1'), ('0', '1'), ('0', '1'), ('0', '1'), ('0', '1'), ('0', '1'), ('0', '1'), ('0', '1'), ('0', '1'), ('0', '1'), ('0', '1'), ('0', '1'), ('0', '1'), ('0', '1'), ('0', '1'), ('0', '1'))
derivative-only	('g', 'F0', -9, 2)	p128	(('1834716487500*C^3*U + 2736872043750*C^2*V^2 - 4883415615000*C^2*U^3 - 8660387970000*C*V^2*U^2 - 34918884000*C*U^5 - 607250182500*V^4*U - 87297210000*V^2*U^4 + 9593100000*U^7', '1'), ('0', '1'), ('0', '1'), ('0', '1'), ('0', '1'), ('0', '1'), ('0', '1'), ('0', '1'), ('0', '1'), ('0', '1'), ('0', '1'), ('0', '1'), ('0', '1'), ('0', '1'), ('0', '1'), ('0', '1'), ('0', '1'), ('0', '1'))
derivative-only	('g', 'F0', -9, 2)	p129	(('-1381560510000*C^4 + 20581226737500*C^3*U^2 - 43193007000000*C^2*V^2*U - 59093994960000*C^2*U^4 - 22867338243750*C*V^4 - 50549988060000*C*V^2*U^3 - 640179540000*C*U^6 + 19270028992500*V^4*U^2 - 1536430896000*V^2*U^5 + 184667175000*U^8', '1'), ('0', '1'), ('0', '1'), ('0', '1'), ('0', '1'), ('0', '1'), ('0', '1'), ('0', '1'), ('0', '1'), ('0', '1'), ('0', '1'), ('0', '1'), ('0', '1'), ('0', '1'), ('0', '1'), ('0', '1'), ('0', '1'), ('0', '1'))
derivative-only	('g', 'F0', -9, 2)	p130	(('-2233512600000*C^3*V - 35712496462500*C^2*V*U^2 - 1258589475000*C*V^3*U + 37928977515000*C*V*U^4 + 1242935801250*V^5 + 16175955510000*V^3*U^3 + 128035908000*V*U^6', '1'), ('0', '1'), ('0', '1'), ('0', '1'), ('0', '1'), ('0', '1'), ('0', '1'), ('0', '1'), ('0', '1'), ('0', '1'), ('0', '1'), ('0', '1'), ('0', '1'), ('0', '1'), ('0', '1'), ('0', '1'), ('0', '1'), ('0', '1'))
derivative-only	('g', 'F0', -9, 2)	p131	(('-2796087813750*C^4 - 37185370200000*C^3*U^2 - 200258740687500*C^2*V^2*U + 97544388459375*C^2*U^4 - 44406204975000*C*V^4 + 278330175337500*C*V^2*U^3 + 234247513500*C*U^6 + 64271014396875*V^4*U^2 + 702742540500*V^2*U^5 - 52586176500*U^8', '1'), ('0', '1'), ('0', '1'), ('0', '1'), ('0', '1'), ('0', '1'), ('0', '1'), ('0', '1'), ('0', '1'), ('0', '1'), ('0', '1'), ('0', '1'), ('0', '1'), ('0', '1'), ('0', '1'), ('0', '1'), ('0', '1'), ('0', '1'))
derivative-only	('g', 'F0', -9, 7)	constant	(('-2174050125000000*V*U', '1'), ('-3654677812500000*V*U', '1'), ('-2081079000000000*V*U', '1'), ('-334459125000000*V*U', '1'), ('0', '1'), ('0', '1'), ('0', '1'), ('0', '1'), ('0', '1'), ('0', '1'), ('0', '1'), ('0', '1'), ('0', '1'), ('0', '1'), ('0', '1'), ('0', '1'), ('0', '1'), ('0', '1'))
derivative-only	('g', 'F0', -9, 7)	p64	(('-3125000', '1'), ('0', '1'), ('0', '1'), ('0', '1'), ('0', '1'), ('0', '1'), ('0', '1'), ('0', '1'), ('0', '1'), ('0', '1'), ('0', '1'), ('0', '1'), ('0', '1'), ('0', '1'), ('0', '1'), ('0', '1'), ('0', '1'), ('0', '1'))
derivative-only	('g', 'F0', -9, 7)	p72	(('-28125000', '1'), ('0', '1'), ('0', '1'), ('0', '1'), ('0', '1'), ('0', '1'), ('0', '1'), ('0', '1'), ('0', '1'), ('0', '1'), ('0', '1'), ('0', '1'), ('0', '1'), ('0', '1'), ('0', '1'), ('0', '1'), ('0', '1'), ('0', '1'))
derivative-only	('g', 'F0', -9, 7)	p81	(('-140625000', '1'), ('0', '1'), ('0', '1'), ('0', '1'), ('0', '1'), ('0', '1'), ('0', '1'), ('0', '1'), ('0', '1'), ('0', '1'), ('0', '1'), ('0', '1'), ('0', '1'), ('0', '1'), ('0', '1'), ('0', '1'), ('0', '1'), ('0', '1'))
derivative-only	('g', 'F0', -9, 7)	p91	(('-515625000', '1'), ('0', '1'), ('0', '1'), ('0', '1'), ('0', '1'), ('0', '1'), ('0', '1'), ('0', '1'), ('0', '1'), ('0', '1'), ('0', '1'), ('0', '1'), ('0', '1'), ('0', '1'), ('0', '1'), ('0', '1'), ('0', '1'), ('0', '1'))
derivative-only	('g', 'F0', -9, 7)	p100	(('-1546875000', '1'), ('0', '1'), ('0', '1'), ('0', '1'), ('0', '1'), ('0', '1'), ('0', '1'), ('0', '1'), ('0', '1'), ('0', '1'), ('0', '1'), ('0', '1'), ('0', '1'), ('0', '1'), ('0', '1'), ('0', '1'), ('0', '1'), ('0', '1'))
derivative-only	('g', 'F0', -9, 7)	p108	(('-4021875000', '1'), ('0', '1'), ('0', '1'), ('0', '1'), ('0', '1'), ('0', '1'), ('0', '1'), ('0', '1'), ('0', '1'), ('0', '1'), ('0', '1'), ('0', '1'), ('0', '1'), ('0', '1'), ('0', '1'), ('0', '1'), ('0', '1'), ('0', '1'))
derivative-only	('g', 'F0', -9, 7)	p115	(('-9384375000', '1'), ('0', '1'), ('0', '1'), ('0', '1'), ('0', '1'), ('0', '1'), ('0', '1'), ('0', '1'), ('0', '1'), ('0', '1'), ('0', '1'), ('0', '1'), ('0', '1'), ('0', '1'), ('0', '1'), ('0', '1'), ('0', '1'), ('0', '1'))
derivative-only	('g', 'F0', -9, 7)	p121	(('-20109375000', '1'), ('0', '1'), ('0', '1'), ('0', '1'), ('0', '1'), ('0', '1'), ('0', '1'), ('0', '1'), ('0', '1'), ('0', '1'), ('0', '1'), ('0', '1'), ('0', '1'), ('0', '1'), ('0', '1'), ('0', '1'), ('0', '1'), ('0', '1'))
derivative-only	('g', 'F0', -9, 7)	p126	(('844593750000*C', '1'), ('0', '1'), ('0', '1'), ('0', '1'), ('0', '1'), ('0', '1'), ('0', '1'), ('0', '1'), ('0', '1'), ('0', '1'), ('0', '1'), ('0', '1'), ('0', '1'), ('0', '1'), ('0', '1'), ('0', '1'), ('0', '1'), ('0', '1'))
derivative-only	('g', 'F0', -9, 7)	p127	(('844593750000*V', '1'), ('0', '1'), ('0', '1'), ('0', '1'), ('0', '1'), ('0', '1'), ('0', '1'), ('0', '1'), ('0', '1'), ('0', '1'), ('0', '1'), ('0', '1'), ('0', '1'), ('0', '1'), ('0', '1'), ('0', '1'), ('0', '1'), ('0', '1'))
derivative-only	('g', 'F0', -9, 7)	p128	(('844593750000*U', '1'), ('0', '1'), ('0', '1'), ('0', '1'), ('0', '1'), ('0', '1'), ('0', '1'), ('0', '1'), ('0', '1'), ('0', '1'), ('0', '1'), ('0', '1'), ('0', '1'), ('0', '1'), ('0', '1'), ('0', '1'), ('0', '1'), ('0', '1'))
derivative-only	('g', 'F0', -9, 7)	p129	(('1671312500000*C + 9290531250000*U^2', '1'), ('0', '1'), ('0', '1'), ('0', '1'), ('0', '1'), ('0', '1'), ('0', '1'), ('0', '1'), ('0', '1'), ('0', '1'), ('0', '1'), ('0', '1'), ('0', '1'), ('0', '1'), ('0', '1'), ('0', '1'), ('0', '1'), ('0', '1'))
derivative-only	('g', 'F0', -9, 7)	p130	(('1671312500000*V', '1'), ('0', '1'), ('0', '1'), ('0', '1'), ('0', '1'), ('0', '1'), ('0', '1'), ('0', '1'), ('0', '1'), ('0', '1'), ('0', '1'), ('0', '1'), ('0', '1'), ('0', '1'), ('0', '1'), ('0', '1'), ('0', '1'), ('0', '1'))
derivative-only	('g', 'F0', -9, 7)	p131	(('3145106250000*C - 19220093750000*U^2', '1'), ('0', '1'), ('0', '1'), ('0', '1'), ('0', '1'), ('0', '1'), ('0', '1'), ('0', '1'), ('0', '1'), ('0', '1'), ('0', '1'), ('0', '1'), ('0', '1'), ('0', '1'), ('0', '1'), ('0', '1'), ('0', '1'), ('0', '1'))
derivative-only	('g', 'F0', -8, 0)	constant	(('-26136759638752/5*C^6 + 515074289335343/12*C^5*U^2 + 26848429740493/2*C^4*V^2*U + 1365453957399187/8*C^4*U^4 + 541254090083173/24*C^3*V^4 + 5536364524299815/3*C^3*V^2*U^3 + 3270813924310529/12*C^3*U^6 + 13908158292888019/12*C^2*V^4*U^2 - 4196368474639289*C^2*V^2*U^5 + 3486519408936095/12*C^2*U^8 + 607241048761486/3*C*V^6*U + 16948511762916485/6*C*V^4*U^4 - 23570942426572150/3*C*V^2*U^7 - 222835627589922481/120*C*U^10 + 378263756610061/24*V^8 - 333681042634088/3*V^6*U^3 - 5404232082727687/24*V^4*U^6 - 2853013226906050/3*V^2*U^9 - 8111632466826*U^12 - 5/2', 'U'), ('401813313641191/30*C^6 - 411395536319560/3*C^5*U^2 - 678067647558737*C^4*V^2*U + 152694723521112*C^4*U^4 - 218931682066553/3*C^3*V^4 + 9007731796851038/3*C^3*V^2*U^3 + 4521857083275040/3*C^3*U^6 - 5531632942394825/3*C^2*V^4*U^2 + 245363968649999*C^2*V^2*U^5 + 2800740150545957/2*C^2*U^8 - 304098512388920*C*V^6*U + 5651209475761960*C*V^4*U^4 - 38023414047078539/3*C*V^2*U^7 - 42099757813302034/15*C*U^10 + 1035609316805/3*V^8 + 1531519712075990/3*V^6*U^3 + 3251688675753618*V^4*U^6 - 4732294667340592/3*V^2*U^9 - 39679231158277*U^12', 'U'), ('-208281309145529/15*C^6 + 653398977934460/3*C^5*U^2 + 242748537190956*C^4*V^2*U + 218833406283619*C^4*U^4 + 16211265711618*C^3*V^4 + 879683995914356/3*C^3*V^2*U^3 - 6159231688639680*C^3*U^6 + 8397009641477350/3*C^2*V^4*U^2 - 7779055169808942*C^2*V^2*U^5 + 45000872850970897/6*C^2*U^8 + 461525059947190*C*V^6*U + 3963399693944210/3*C*V^4*U^4 - 18050712233846048/3*C*V^2*U^7 - 40847142915791383/15*C*U^10 + 60244970102295/2*V^8 - 2328326235305050/3*V^6*U^3 - 2834346934850552/3*V^4*U^6 - 4520368039875929/3*V^2*U^9 + 20821028441/6*U^12', 'U'), ('55096080503009/5*C^6 - 2000116657629685/12*C^5*U^2 - 762290973952211/2*C^4*V^2*U + 5093802416358759/8*C^4*U^4 - 1488155780791091/24*C^3*V^4 + 2780676999430187/3*C^3*V^2*U^3 - 8976601615350215/12*C^3*U^6 - 19410182957780765/12*C^2*V^4*U^2 + 3181229469006331*C^2*V^2*U^5 + 12543160066709323/12*C^2*U^8 - 659692021965725/3*C*V^6*U + 1950752113942590*C*V^4*U^4 - 17009385846321856/3*C*V^2*U^7 - 46715700701265793/120*C*U^10 - 71279411439065/8*V^8 + 1574755182527890/3*V^6*U^3 + 52897148766443653/24*V^4*U^6 + 263221673180152/3*V^2*U^9 - 76327914860899/3*U^12', 'U'), ('-34246200834061/15*C^6 + 131811204412825/6*C^5*U^2 + 79420449639639*C^4*V^2*U + 584115879931929/4*C^4*U^4 + 68978086518979/12*C^3*V^4 - 202842356228386/3*C^3*V^2*U^3 - 7006982410594805/6*C^3*U^6 + 3083732473213145/6*C^2*V^4*U^2 - 432346019117668*C^2*V^2*U^5 + 914660552624178*C^2*U^8 + 311467796140175/3*C*V^6*U + 1295107312657805/6*C*V^4*U^4 - 553502485287534*C*V^2*U^7 - 2851063194543621/20*C*U^10 + 13780255575365/4*V^8 - 60849013471700*V^6*U^3 - 639410096924389/4*V^4*U^6 - 73453443071741/3*V^2*U^9 + 518249185113/2*U^12', 'U'), ('838170224159*C^6 - 15696050032093*C^5*U^2 - 25626229776450*C^4*V^2*U + 108859363303203/2*C^4*U^4 - 6621566608305/2*C^3*V^4 + 41770001087396*C^3*V^2*U^3 + 30219535019131*C^3*U^6 - 135509280871319*C^2*V^4*U^2 + 420341219284362*C^2*V^2*U^5 - 149324865047163/2*C^2*U^8 - 18030124536684*C*V^6*U + 220405060332615*C*V^4*U^4 - 99441218732588*C*V^2*U^7 + 52290228386163/2*C*U^10 - 1272559016938*V^8 + 51471652999022*V^6*U^3 + 429519896655213/2*V^4*U^6 + 14200520089901*V^2*U^9 - 3422452702135/2*U^12', 'U'), ('20200000/9*C^3 - 56800000/3*C^2*U^2 + 17800000*C*V^2*U + 344500000/9*C*U^4 + 18700000/9*V^4 + 290000000/9*V^2*U^3 - 4900000/9*U^6', 'U'), ('-35350000/9*C^3 + 99400000/3*C^2*U^2 - 31150000*C*V^2*U - 602875000/9*C*U^4 - 32725000/9*V^4 - 507500000/9*V^2*U^3 + 8575000/9*U^6', 'U'), ('2840625*C^3 - 23962500*C^2*U^2 + 22528125*C*V^2*U + 96890625/2*C*U^4 + 5259375/2*V^4 + 40781250*V^2*U^3 - 1378125/2*U^6', 'U'), ('-8837500/9*C^3 + 24850000/3*C^2*U^2 - 7787500*C*V^2*U - 150718750/9*C*U^4 - 8181250/9*V^4 - 126875000/9*V^2*U^3 + 2143750/9*U^6', 'U'), ('1262500/9*C^3 - 3550000/3*C^2*U^2 + 1112500*C*V^2*U + 21531250/9*C*U^4 + 1168750/9*V^4 + 18125000/9*V^2*U^3 - 306250/9*U^6', 'U'), ('0', '1'), ('312500000/27', 'U'), ('-546875000/27', 'U'), ('29296875/2', 'U'), ('-136718750/27', 'U'), ('19531250/27', 'U'), ('0', '1'))
derivative-only	('g', 'F0', -8, 0)	p30	(('-5/2*C + 15/2*U^2', 'U'), ('0', '1'), ('0', '1'), ('0', '1'), ('0', '1'), ('0', '1'), ('0', '1'), ('0', '1'), ('0', '1'), ('0', '1'), ('0', '1'), ('0', '1'), ('0', '1'), ('0', '1'), ('0', '1'), ('0', '1'), ('0', '1'), ('0', '1'))
derivative-only	('g', 'F0', -8, 0)	p31	(('-5/2*V', 'U'), ('0', '1'), ('0', '1'), ('0', '1'), ('0', '1'), ('0', '1'), ('0', '1'), ('0', '1'), ('0', '1'), ('0', '1'), ('0', '1'), ('0', '1'), ('0', '1'), ('0', '1'), ('0', '1'), ('0', '1'), ('0', '1'), ('0', '1'))
derivative-only	('g', 'F0', -8, 0)	p32	(('-5*C + 25*U^2', 'U'), ('0', '1'), ('0', '1'), ('0', '1'), ('0', '1'), ('0', '1'), ('0', '1'), ('0', '1'), ('0', '1'), ('0', '1'), ('0', '1'), ('0', '1'), ('0', '1'), ('0', '1'), ('0', '1'), ('0', '1'), ('0', '1'), ('0', '1'))
derivative-only	('g', 'F0', -8, 0)	p33	(('30*C*V + 35*V*U^2', 'U'), ('0', '1'), ('0', '1'), ('0', '1'), ('0', '1'), ('0', '1'), ('0', '1'), ('0', '1'), ('0', '1'), ('0', '1'), ('0', '1'), ('0', '1'), ('0', '1'), ('0', '1'), ('0', '1'), ('0', '1'), ('0', '1'), ('0', '1'))
derivative-only	('g', 'F0', -8, 0)	p34	(('55/2*V^2 + 20*U^3', 'U'), ('0', '1'), ('0', '1'), ('0', '1'), ('0', '1'), ('0', '1'), ('0', '1'), ('0', '1'), ('0', '1'), ('0', '1'), ('0', '1'), ('0', '1'), ('0', '1'), ('0', '1'), ('0', '1'), ('0', '1'), ('0', '1'), ('0', '1'))
derivative-only	('g', 'F0', -8, 0)	p35	(('25*V', '1'), ('0', '1'), ('0', '1'), ('0', '1'), ('0', '1'), ('0', '1'), ('0', '1'), ('0', '1'), ('0', '1'), ('0', '1'), ('0', '1'), ('0', '1'), ('0', '1'), ('0', '1'), ('0', '1'), ('0', '1'), ('0', '1'), ('0', '1'))
derivative-only	('g', 'F0', -8, 0)	p36	(('160*C*V*U + 85*V^3 + 100*V*U^3', 'U'), ('0', '1'), ('0', '1'), ('0', '1'), ('0', '1'), ('0', '1'), ('0', '1'), ('0', '1'), ('0', '1'), ('0', '1'), ('0', '1'), ('0', '1'), ('0', '1'), ('0', '1'), ('0', '1'), ('0', '1'), ('0', '1'), ('0', '1'))
derivative-only	('g', 'F0', -8, 0)	p37	(('85/2*C^2 - 320*C*U^2 + 155*V^2*U + 75/2*U^4', 'U'), ('0', '1'), ('0', '1'), ('0', '1'), ('0', '1'), ('0', '1'), ('0', '1'), ('0', '1'), ('0', '1'), ('0', '1'), ('0', '1'), ('0', '1'), ('0', '1'), ('0', '1'), ('0', '1'), ('0', '1'), ('0', '1'), ('0', '1'))
derivative-only	('g', 'F0', -8, 0)	p38	(('105*C*V - 105*V*U^2', 'U'), ('0', '1'), ('0', '1'), ('0', '1'), ('0', '1'), ('0', '1'), ('0', '1'), ('0', '1'), ('0', '1'), ('0', '1'), ('0', '1'), ('0', '1'), ('0', '1'), ('0', '1'), ('0', '1'), ('0', '1'), ('0', '1'), ('0', '1'))
derivative-only	('g', 'F0', -8, 0)	p39	(('45*C*U + 105/2*V^2 - 235*U^3', 'U'), ('0', '1'), ('0', '1'), ('0', '1'), ('0', '1'), ('0', '1'), ('0', '1'), ('0', '1'), ('0', '1'), ('0', '1'), ('0', '1'), ('0', '1'), ('0', '1'), ('0', '1'), ('0', '1'), ('0', '1'), ('0', '1'), ('0', '1'))
derivative-only	('g', 'F0', -8, 0)	p40	(('355*C*V*U + 195*V^3 - 1550*V*U^3', 'U'), ('0', '1'), ('0', '1'), ('0', '1'), ('0', '1'), ('0', '1'), ('0', '1'), ('0', '1'), ('0', '1'), ('0', '1'), ('0', '1'), ('0', '1'), ('0', '1'), ('0', '1'), ('0', '1'), ('0', '1'), ('0', '1'), ('0', '1'))
derivative-only	('g', 'F0', -8, 0)	p41	(('60*C^2 - 985/2*C*U^2 + 20*V^2*U - 1825/2*U^4', 'U'), ('0', '1'), ('0', '1'), ('0', '1'), ('0', '1'), ('0', '1'), ('0', '1'), ('0', '1'), ('0', '1'), ('0', '1'), ('0', '1'), ('0', '1'), ('0', '1'), ('0', '1'), ('0', '1'), ('0', '1'), ('0', '1'), ('0', '1'))
derivative-only	('g', 'F0', -8, 0)	p42	(('170*C*V - 915/2*V*U^2', 'U'), ('0', '1'), ('0', '1'), ('0', '1'), ('0', '1'), ('0', '1'), ('0', '1'), ('0', '1'), ('0', '1'), ('0', '1'), ('0', '1'), ('0', '1'), ('0', '1'), ('0', '1'), ('0', '1'), ('0', '1'), ('0', '1'), ('0', '1'))
derivative-only	('g', 'F0', -8, 0)	p43	(('-765*C^2*V + 3375*C*V*U^2 - 2630*V^3*U - 16525/2*V*U^4', 'U'), ('0', '1'), ('0', '1'), ('0', '1'), ('0', '1'), ('0', '1'), ('0', '1'), ('0', '1'), ('0', '1'), ('0', '1'), ('0', '1'), ('0', '1'), ('0', '1'), ('0', '1'), ('0', '1'), ('0', '1'), ('0', '1'), ('0', '1'))
derivative-only	('g', 'F0', -8, 0)	p44	(('-1575*C^2*U - 695*C*V^2 + 9845*C*U^3 - 885*V^2*U^2 - 2860*U^5', 'U'), ('0', '1'), ('0', '1'), ('0', '1'), ('0', '1'), ('0', '1'), ('0', '1'), ('0', '1'), ('0', '1'), ('0', '1'), ('0', '1'), ('0', '1'), ('0', '1'), ('0', '1'), ('0', '1'), ('0', '1'), ('0', '1'), ('0', '1'))
derivative-only	('g', 'F0', -8, 0)	p45	(('100*C*V*U - 310*V^3 - 1040*V*U^3', 'U'), ('0', '1'), ('0', '1'), ('0', '1'), ('0', '1'), ('0', '1'), ('0', '1'), ('0', '1'), ('0', '1'), ('0', '1'), ('0', '1'), ('0', '1'), ('0', '1'), ('0', '1'), ('0', '1'), ('0', '1'), ('0', '1'), ('0', '1'))
derivative-only	('g', 'F0', -8, 0)	p46	(('75*C^2 - 1430*C*U^2 - 630*V^2*U + 1495*U^4', 'U'), ('0', '1'), ('0', '1'), ('0', '1'), ('0', '1'), ('0', '1'), ('0', '1'), ('0', '1'), ('0', '1'), ('0', '1'), ('0', '1'), ('0', '1'), ('0', '1'), ('0', '1'), ('0', '1'), ('0', '1'), ('0', '1'), ('0', '1'))
derivative-only	('g', 'F0', -8, 0)	p47	(('-7555*C^3*U - 5175*C^2*V^2 + 49530*C^2*U^3 - 495*C*V^2*U^2 - 25935*C*U^5 - 8430*V^4*U - 71925/2*V^2*U^4 + 180*U^7', 'U'), ('0', '1'), ('0', '1'), ('0', '1'), ('0', '1'), ('0', '1'), ('0', '1'), ('0', '1'), ('0', '1'), ('0', '1'), ('0', '1'), ('0', '1'), ('0', '1'), ('0', '1'), ('0', '1'), ('0', '1'), ('0', '1'), ('0', '1'))
derivative-only	('g', 'F0', -8, 0)	p48	(('-7230*C^2*V*U - 4905*C*V^3 + 79320*C*V*U^3 - 8145*V^3*U^2 - 25305*V*U^5', 'U'), ('0', '1'), ('0', '1'), ('0', '1'), ('0', '1'), ('0', '1'), ('0', '1'), ('0', '1'), ('0', '1'), ('0', '1'), ('0', '1'), ('0', '1'), ('0', '1'), ('0', '1'), ('0', '1'), ('0', '1'), ('0', '1'), ('0', '1'))
derivative-only	('g', 'F0', -8, 0)	p49	(('1130*C^3 - 16455*C^2*U^2 + 2085*C*V^2*U + 124275/2*C*U^4 - 2100*V^4 + 29790*V^2*U^3 - 12915/2*U^6', 'U'), ('0', '1'), ('0', '1'), ('0', '1'), ('0', '1'), ('0', '1'), ('0', '1'), ('0', '1'), ('0', '1'), ('0', '1'), ('0', '1'), ('0', '1'), ('0', '1'), ('0', '1'), ('0', '1'), ('0', '1'), ('0', '1'), ('0', '1'))
derivative-only	('g', 'F0', -8, 0)	p50	(('-4950*C^2*V + 16905*C*V*U^2 - 14020*V^3*U + 13365/2*V*U^4', 'U'), ('0', '1'), ('0', '1'), ('0', '1'), ('0', '1'), ('0', '1'), ('0', '1'), ('0', '1'), ('0', '1'), ('0', '1'), ('0', '1'), ('0', '1'), ('0', '1'), ('0', '1'), ('0', '1'), ('0', '1'), ('0', '1'), ('0', '1'))
derivative-only	('g', 'F0', -8, 0)	p51	(('-4725*C^2*U - 3075*C*V^2 + 27795*C*U^3 + 4740*V^2*U^2 + 8400*U^5', 'U'), ('0', '1'), ('0', '1'), ('0', '1'), ('0', '1'), ('0', '1'), ('0', '1'), ('0', '1'), ('0', '1'), ('0', '1'), ('0', '1'), ('0', '1'), ('0', '1'), ('0', '1'), ('0', '1'), ('0', '1'), ('0', '1'), ('0', '1'))
derivative-only	('g', 'F0', -8, 0)	p52	(('-2050*C*V*U - 500*V^3 + 4490*V*U^3', 'U'), ('0', '1'), ('0', '1'), ('0', '1'), ('0', '1'), ('0', '1'), ('0', '1'), ('0', '1'), ('0', '1'), ('0', '1'), ('0', '1'), ('0', '1'), ('0', '1'), ('0', '1'), ('0', '1'), ('0', '1'), ('0', '1'), ('0', '1'))
derivative-only	('g', 'F0', -8, 0)	p53	(('-26430*C^3*U - 34770*C^2*V^2 + 150600*C^2*U^3 + 45600*C*V^2*U^2 + 84720*C*U^5 - 60175*V^4*U + 17100*V^2*U^4 - 11670*U^7', 'U'), ('0', '1'), ('0', '1'), ('0', '1'), ('0', '1'), ('0', '1'), ('0', '1'), ('0', '1'), ('0', '1'), ('0', '1'), ('0', '1'), ('0', '1'), ('0', '1'), ('0', '1'), ('0', '1'), ('0', '1'), ('0', '1'), ('0', '1'))
derivative-only	('g', 'F0', -8, 0)	p54	(('-38580*C^2*V*U - 14680*C*V^3 + 337500*C*V*U^3 - 8950*V^3*U^2 + 75270*V*U^5', 'U'), ('0', '1'), ('0', '1'), ('0', '1'), ('0', '1'), ('0', '1'), ('0', '1'), ('0', '1'), ('0', '1'), ('0', '1'), ('0', '1'), ('0', '1'), ('0', '1'), ('0', '1'), ('0', '1'), ('0', '1'), ('0', '1'), ('0', '1'))
derivative-only	('g', 'F0', -8, 0)	p55	(('4955*C^3 - 40985*C^2*U^2 + 23630*C*V^2*U + 165375*C*U^4 - 1215/2*V^4 + 176700*V^2*U^3 + 33805*U^6', 'U'), ('0', '1'), ('0', '1'), ('0', '1'), ('0', '1'), ('0', '1'), ('0', '1'), ('0', '1'), ('0', '1'), ('0', '1'), ('0', '1'), ('0', '1'), ('0', '1'), ('0', '1'), ('0', '1'), ('0', '1'), ('0', '1'), ('0', '1'))
derivative-only	('g', 'F0', -8, 0)	p56	(('-10825*C^2*V + 55075*C*V*U^2 - 19450*V^3*U + 34725/2*V*U^4', 'U'), ('0', '1'), ('0', '1'), ('0', '1'), ('0', '1'), ('0', '1'), ('0', '1'), ('0', '1'), ('0', '1'), ('0', '1'), ('0', '1'), ('0', '1'), ('0', '1'), ('0', '1'), ('0', '1'), ('0', '1'), ('0', '1'), ('0', '1'))
derivative-only	('g', 'F0', -8, 0)	p57	(('-11875*C^2*U - 3825*C*V^2 + 90225*C*U^3 + 22475*V^2*U^2 - 10320*U^5', 'U'), ('0', '1'), ('0', '1'), ('0', '1'), ('0', '1'), ('0', '1'), ('0', '1'), ('0', '1'), ('0', '1'), ('0', '1'), ('0', '1'), ('0', '1'), ('0', '1'), ('0', '1'), ('0', '1'), ('0', '1'), ('0', '1'), ('0', '1'))
derivative-only	('g', 'F0', -8, 0)	p58	(('-19515/2*C^4 + 336770*C^3*U^2 + 52310*C^2*V^2*U - 1332975*C^2*U^4 + 216675/2*C*V^4 - 366300*C*V^2*U^3 + 827345*C*U^6 + 236975/2*V^4*U^2 + 1236030*V^2*U^5 - 46905/2*U^8', 'U'), ('0', '1'), ('0', '1'), ('0', '1'), ('0', '1'), ('0', '1'), ('0', '1'), ('0', '1'), ('0', '1'), ('0', '1'), ('0', '1'), ('0', '1'), ('0', '1'), ('0', '1'), ('0', '1'), ('0', '1'), ('0', '1'), ('0', '1'))
derivative-only	('g', 'F0', -8, 0)	p59	(('36220*C^3*V + 277595*C^2*V*U^2 + 226010*C*V^3*U - 1973850*C*V*U^4 + 95555/2*V^5 + 99950*V^3*U^3 + 799205*V*U^6', 'U'), ('0', '1'), ('0', '1'), ('0', '1'), ('0', '1'), ('0', '1'), ('0', '1'), ('0', '1'), ('0', '1'), ('0', '1'), ('0', '1'), ('0', '1'), ('0', '1'), ('0', '1'), ('0', '1'), ('0', '1'), ('0', '1'), ('0', '1'))
derivative-only	('g', 'F0', -8, 0)	p60	(('-79805*C^3*U - 132665/2*C^2*V^2 + 676600*C^2*U^3 + 263300*C*V^2*U^2 - 136095*C*U^5 - 84500*V^4*U + 411975/2*V^2*U^4 + 107780*U^7', 'U'), ('0', '1'), ('0', '1'), ('0', '1'), ('0', '1'), ('0', '1'), ('0', '1'), ('0', '1'), ('0', '1'), ('0', '1'), ('0', '1'), ('0', '1'), ('0', '1'), ('0', '1'), ('0', '1'), ('0', '1'), ('0', '1'), ('0', '1'))
derivative-only	('g', 'F0', -8, 0)	p61	(('-43755*C^2*V*U - 2430*C*V^3 + 1020700*C*V*U^3 + 101275*V^3*U^2 - 15645*V*U^5', 'U'), ('0', '1'), ('0', '1'), ('0', '1'), ('0', '1'), ('0', '1'), ('0', '1'), ('0', '1'), ('0', '1'), ('0', '1'), ('0', '1'), ('0', '1'), ('0', '1'), ('0', '1'), ('0', '1'), ('0', '1'), ('0', '1'), ('0', '1'))
derivative-only	('g', 'F0', -8, 0)	p62	(('34685/2*C^3 - 149435*C^2*U^2 + 144480*C*V^2*U + 578325*C*U^4 + 29535/2*V^4 + 421100*V^2*U^3 - 147895/2*U^6', 'U'), ('0', '1'), ('0', '1'), ('0', '1'), ('0', '1'), ('0', '1'), ('0', '1'), ('0', '1'), ('0', '1'), ('0', '1'), ('0', '1'), ('0', '1'), ('0', '1'), ('0', '1'), ('0', '1'), ('0', '1'), ('0', '1'), ('0', '1'))
derivative-only	('g', 'F0', -8, 0)	p63	(('-38185/2*C^2*V + 144415*C*V*U^2 - 30600*V^3*U - 49450*V*U^4', 'U'), ('0', '1'), ('0', '1'), ('0', '1'), ('0', '1'), ('0', '1'), ('0', '1'), ('0', '1'), ('0', '1'), ('0', '1'), ('0', '1'), ('0', '1'), ('0', '1'), ('0', '1'), ('0', '1'), ('0', '1'), ('0', '1'), ('0', '1'))
derivative-only	('g', 'F0', -8, 0)	p64	(('124125*C^4*V + 2272000*C^3*V*U^2 + 1141400*C^2*V^3*U - 13869750*C^2*V*U^4 + 504690*C*V^5 - 42800*C*V^3*U^3 + 9887400*C*V*U^6 + 259350*V^5*U^2 + 4850880*V^3*U^5 - 279975*V*U^8', 'U'), ('0', '1'), ('0', '1'), ('0', '1'), ('0', '1'), ('0', '1'), ('0', '1'), ('0', '1'), ('0', '1'), ('0', '1'), ('0', '1'), ('0', '1'), ('0', '1'), ('0', '1'), ('0', '1'), ('0', '1'), ('0', '1'), ('0', '1'))
derivative-only	('g', 'F0', -8, 0)	p65	(('-267775*C^4*U + 448900*C^3*V^2 + 3775500*C^3*U^3 + 721950*C^2*V^2*U^2 - 8369190*C^2*U^5 + 1690600*C*V^4*U - 9934050*C*V^2*U^4 + 2376660*C*U^7 + 153035*V^6 + 576850*V^4*U^3 + 4772760*V^2*U^6 - 40275*U^9', 'U'), ('0', '1'), ('0', '1'), ('0', '1'), ('0', '1'), ('0', '1'), ('0', '1'), ('0', '1'), ('0', '1'), ('0', '1'), ('0', '1'), ('0', '1'), ('0', '1'), ('0', '1'), ('0', '1'), ('0', '1'), ('0', '1'), ('0', '1'))
derivative-only	('g', 'F0', -8, 0)	p66	(('317680*C^3*V*U + 267700*C^2*V^3 + 4723200*C^2*V*U^3 + 286700*C*V^3*U^2 - 14284980*C*V*U^5 + 699160*V^5*U - 2111650*V^3*U^4 + 2321880*V*U^7', 'U'), ('0', '1'), ('0', '1'), ('0', '1'), ('0', '1'), ('0', '1'), ('0', '1'), ('0', '1'), ('0', '1'), ('0', '1'), ('0', '1'), ('0', '1'), ('0', '1'), ('0', '1'), ('0', '1'), ('0', '1'), ('0', '1'), ('0', '1'))
derivative-only	('g', 'F0', -8, 0)	p67	(('-76055/2*C^4 + 1291540*C^3*U^2 + 1130820*C^2*V^2*U - 4675200*C^2*U^4 + 743775*C*V^4 - 2988900*C*V^2*U^3 + 874530*C*U^6 + 1369950*V^4*U^2 + 3905130*V^2*U^5 + 528915/2*U^8', 'U'), ('0', '1'), ('0', '1'), ('0', '1'), ('0', '1'), ('0', '1'), ('0', '1'), ('0', '1'), ('0', '1'), ('0', '1'), ('0', '1'), ('0', '1'), ('0', '1'), ('0', '1'), ('0', '1'), ('0', '1'), ('0', '1'), ('0', '1'))
derivative-only	('g', 'F0', -8, 0)	p68	(('183610*C^3*V + 1408080*C^2*V*U^2 + 1307620*C*V^3*U - 9808650*C*V*U^4 + 277995*V^5 - 206600*V^3*U^3 + 1206480*V*U^6', 'U'), ('0', '1'), ('0', '1'), ('0', '1'), ('0', '1'), ('0', '1'), ('0', '1'), ('0', '1'), ('0', '1'), ('0', '1'), ('0', '1'), ('0', '1'), ('0', '1'), ('0', '1'), ('0', '1'), ('0', '1'), ('0', '1'), ('0', '1'))
derivative-only	('g', 'F0', -8, 0)	p69	(('106120*C^3*U - 59955*C^2*V^2 - 683980*C^2*U^3 + 467100*C*V^2*U^2 + 456580*C*U^5 - 90525*V^4*U - 339475*V^2*U^4 - 330320*U^7', 'U'), ('0', '1'), ('0', '1'), ('0', '1'), ('0', '1'), ('0', '1'), ('0', '1'), ('0', '1'), ('0', '1'), ('0', '1'), ('0', '1'), ('0', '1'), ('0', '1'), ('0', '1'), ('0', '1'), ('0', '1'), ('0', '1'), ('0', '1'))
derivative-only	('g', 'F0', -8, 0)	p70	(('205800*C^2*V*U + 70210*C*V^3 + 339540*C*V*U^3 - 270540*V^3*U^2 - 281520*V*U^5', 'U'), ('0', '1'), ('0', '1'), ('0', '1'), ('0', '1'), ('0', '1'), ('0', '1'), ('0', '1'), ('0', '1'), ('0', '1'), ('0', '1'), ('0', '1'), ('0', '1'), ('0', '1'), ('0', '1'), ('0', '1'), ('0', '1'), ('0', '1'))
derivative-only	('g', 'F0', -8, 0)	p71	(('44320*C^3 - 101145*C^2*U^2 + 407190*C*V^2*U - 844485*C*U^4 + 75425/2*V^4 + 423840*V^2*U^3 + 81090*U^6', 'U'), ('0', '1'), ('0', '1'), ('0', '1'), ('0', '1'), ('0', '1'), ('0', '1'), ('0', '1'), ('0', '1'), ('0', '1'), ('0', '1'), ('0', '1'), ('0', '1'), ('0', '1'), ('0', '1'), ('0', '1'), ('0', '1'), ('0', '1'))
derivative-only	('g', 'F0', -8, 0)	p72	(('754995*C^4*V + 12465690*C^3*V*U^2 + 11270600*C^2*V^3*U - 67068900*C^2*V*U^4 + 3771765*C*V^5 - 5209400*C*V^3*U^3 + 17126520*C*V*U^6 + 5311280*V^5*U^2 + 19898050*V^3*U^5 + 3362220*V*U^8', 'U'), ('0', '1'), ('0', '1'), ('0', '1'), ('0', '1'), ('0', '1'), ('0', '1'), ('0', '1'), ('0', '1'), ('0', '1'), ('0', '1'), ('0', '1'), ('0', '1'), ('0', '1'), ('0', '1'), ('0', '1'), ('0', '1'), ('0', '1'))
derivative-only	('g', 'F0', -8, 0)	p73	(('291100*C^4*U + 2555505*C^3*V^2 + 3206040*C^3*U^3 + 2865450*C^2*V^2*U^2 - 32927660*C^2*U^5 + 9977575*C*V^4*U - 66158425*C*V^2*U^4 + 526600*C*U^7 + 2065575/2*V^6 + 2265850*V^4*U^3 + 10558275*V^2*U^6 + 596440*U^9', 'U'), ('0', '1'), ('0', '1'), ('0', '1'), ('0', '1'), ('0', '1'), ('0', '1'), ('0', '1'), ('0', '1'), ('0', '1'), ('0', '1'), ('0', '1'), ('0', '1'), ('0', '1'), ('0', '1'), ('0', '1'), ('0', '1'), ('0', '1'))
derivative-only	('g', 'F0', -8, 0)	p74	(('4270360*C^3*V*U + 1268225*C^2*V^3 - 1972480*C^2*V*U^3 - 6837470*C*V^3*U^2 - 70971770*C*V*U^5 + 3441635*V^5*U - 20504025*V^3*U^4 + 1406710*V*U^7', 'U'), ('0', '1'), ('0', '1'), ('0', '1'), ('0', '1'), ('0', '1'), ('0', '1'), ('0', '1'), ('0', '1'), ('0', '1'), ('0', '1'), ('0', '1'), ('0', '1'), ('0', '1'), ('0', '1'), ('0', '1'), ('0', '1'), ('0', '1'))
derivative-only	('g', 'F0', -8, 0)	p75	(('-126450*C^4 + 7684095*C^3*U^2 + 5889450*C^2*V^2*U - 44372380*C^2*U^4 + 2616390*C*V^4 - 30506520*C*V^2*U^3 + 8019295*C*U^6 + 982020*V^4*U^2 + 7346720*V^2*U^5 - 1230920*U^8', 'U'), ('0', '1'), ('0', '1'), ('0', '1'), ('0', '1'), ('0', '1'), ('0', '1'), ('0', '1'), ('0', '1'), ('0', '1'), ('0', '1'), ('0', '1'), ('0', '1'), ('0', '1'), ('0', '1'), ('0', '1'), ('0', '1'), ('0', '1'))
derivative-only	('g', 'F0', -8, 0)	p76	(('962550*C^3*V + 4182045*C^2*V*U^2 + 4812570*C*V^3*U - 58531805*C*V*U^4 + 803250*V^5 - 8328500*V^3*U^3 + 5024620*V*U^6', 'U'), ('0', '1'), ('0', '1'), ('0', '1'), ('0', '1'), ('0', '1'), ('0', '1'), ('0', '1'), ('0', '1'), ('0', '1'), ('0', '1'), ('0', '1'), ('0', '1'), ('0', '1'), ('0', '1'), ('0', '1'), ('0', '1'), ('0', '1'))
derivative-only	('g', 'F0', -8, 0)	p77	(('199080*C^3*U + 283170*C^2*V^2 + 515620*C^2*U^3 - 2138355*C*V^2*U^2 - 12781730*C*U^5 + 530040*V^4*U - 5736065/2*V^2*U^4 + 778990*U^7', 'U'), ('0', '1'), ('0', '1'), ('0', '1'), ('0', '1'), ('0', '1'), ('0', '1'), ('0', '1'), ('0', '1'), ('0', '1'), ('0', '1'), ('0', '1'), ('0', '1'), ('0', '1'), ('0', '1'), ('0', '1'), ('0', '1'), ('0', '1'))
derivative-only	('g', 'F0', -8, 0)	p78	(('832260*C^2*V*U + 118640*C*V^3 - 2554010*C*V*U^3 + 199175*V^3*U^2 + 577590*V*U^5', 'U'), ('0', '1'), ('0', '1'), ('0', '1'), ('0', '1'), ('0', '1'), ('0', '1'), ('0', '1'), ('0', '1'), ('0', '1'), ('0', '1'), ('0', '1'), ('0', '1'), ('0', '1'), ('0', '1'), ('0', '1'), ('0', '1'), ('0', '1'))
derivative-only	('g', 'F0', -8, 0)	p79	(('17885235*C^4*V*U - 7056780*C^3*V^3 - 304556660*C^3*V*U^3 - 51620690*C^2*V^3*U^2 + 396622790*C^2*V*U^5 - 21236790*C*V^5*U + 14087650*C*V^3*U^4 - 254102440*C*V*U^7 - 544275*V^7 - 1564040*V^5*U^3 - 123781850*V^3*U^6 + 12910040*V*U^9', 'U'), ('0', '1'), ('0', '1'), ('0', '1'), ('0', '1'), ('0', '1'), ('0', '1'), ('0', '1'), ('0', '1'), ('0', '1'), ('0', '1'), ('0', '1'), ('0', '1'), ('0', '1'), ('0', '1'), ('0', '1'), ('0', '1'), ('0', '1'))
derivative-only	('g', 'F0', -8, 0)	p80	(('-503355*C^5 + 43233405*C^4*U^2 - 2003550*C^3*V^2*U - 307998185*C^3*U^4 - 4454660*C^2*V^4 - 262499920*C^2*V^2*U^3 + 197918495*C^2*U^6 - 79375895*C*V^4*U^2 + 235420430*C*V^2*U^5 - 58602970*C*U^8 - 7852430*V^6*U - 38893275/2*V^4*U^4 - 117977540*V^2*U^7 + 1818080*U^10', 'U'), ('0', '1'), ('0', '1'), ('0', '1'), ('0', '1'), ('0', '1'), ('0', '1'), ('0', '1'), ('0', '1'), ('0', '1'), ('0', '1'), ('0', '1'), ('0', '1'), ('0', '1'), ('0', '1'), ('0', '1'), ('0', '1'), ('0', '1'))
derivative-only	('g', 'F0', -8, 0)	p81	(('5349690*C^4*V + 67968060*C^3*V*U^2 + 57451560*C^2*V^3*U - 627942045*C^2*V*U^4 + 13909410*C*V^5 - 176357420*C*V^3*U^3 + 100358440*C*V*U^6 + 4705680*V^5*U^2 + 35986440*V^3*U^5 - 15287620*V*U^8', 'U'), ('0', '1'), ('0', '1'), ('0', '1'), ('0', '1'), ('0', '1'), ('0', '1'), ('0', '1'), ('0', '1'), ('0', '1'), ('0', '1'), ('0', '1'), ('0', '1'), ('0', '1'), ('0', '1'), ('0', '1'), ('0', '1'), ('0', '1'))
derivative-only	('g', 'F0', -8, 0)	p82	(('-2103390*C^4*U + 13165650*C^3*V^2 + 56523770*C^3*U^3 - 12399195*C^2*V^2*U^2 - 317800250*C^2*U^5 + 43677310*C*V^4*U - 459155490*C*V^2*U^4 + 31801470*C*U^7 + 3243255*V^6 - 42772620*V^4*U^3 + 31192945*V^2*U^6 - 3703900*U^9', 'U'), ('0', '1'), ('0', '1'), ('0', '1'), ('0', '1'), ('0', '1'), ('0', '1'), ('0', '1'), ('0', '1'), ('0', '1'), ('0', '1'), ('0', '1'), ('0', '1'), ('0', '1'), ('0', '1'), ('0', '1'), ('0', '1'), ('0', '1'))
derivative-only	('g', 'F0', -8, 0)	p83	(('13519320*C^3*V*U + 4076450*C^2*V^3 + 12107560*C^2*V*U^3 - 34455230*C*V^3*U^2 - 429374270*C*V*U^5 + 14955140*V^5*U - 113486780*V^3*U^4 + 22043920*V*U^7', 'U'), ('0', '1'), ('0', '1'), ('0', '1'), ('0', '1'), ('0', '1'), ('0', '1'), ('0', '1'), ('0', '1'), ('0', '1'), ('0', '1'), ('0', '1'), ('0', '1'), ('0', '1'), ('0', '1'), ('0', '1'), ('0', '1'), ('0', '1'))
derivative-only	('g', 'F0', -8, 0)	p84	(('-1683990*C^4 + 21961590*C^3*U^2 + 7395570*C^2*V^2*U - 145508475/2*C^2*U^4 + 4957050*C*V^4 - 131478340*C*V^2*U^3 - 46997020*C*U^6 + 13409620*V^4*U^2 + 19702095*V^2*U^5 + 8174755/2*U^8', 'U'), ('0', '1'), ('0', '1'), ('0', '1'), ('0', '1'), ('0', '1'), ('0', '1'), ('0', '1'), ('0', '1'), ('0', '1'), ('0', '1'), ('0', '1'), ('0', '1'), ('0', '1'), ('0', '1'), ('0', '1'), ('0', '1'), ('0', '1'))
derivative-only	('g', 'F0', -8, 0)	p85	(('690060*C^3*V + 17876460*C^2*V*U^2 - 1470420*C*V^3*U - 142390535*C*V*U^4 + 820120*V^5 - 26927040*V^3*U^3 + 18282460*V*U^6', 'U'), ('0', '1'), ('0', '1'), ('0', '1'), ('0', '1'), ('0', '1'), ('0', '1'), ('0', '1'), ('0', '1'), ('0', '1'), ('0', '1'), ('0', '1'), ('0', '1'), ('0', '1'), ('0', '1'), ('0', '1'), ('0', '1'), ('0', '1'))
derivative-only	('g', 'F0', -8, 0)	p86	(('-991410*C^3*U + 450870*C^2*V^2 + 5408620*C^2*U^3 - 15342600*C*V^2*U^2 - 4716005*C*U^5 - 207550*V^4*U - 36946525/2*V^2*U^4 - 552155*U^7', 'U'), ('0', '1'), ('0', '1'), ('0', '1'), ('0', '1'), ('0', '1'), ('0', '1'), ('0', '1'), ('0', '1'), ('0', '1'), ('0', '1'), ('0', '1'), ('0', '1'), ('0', '1'), ('0', '1'), ('0', '1'), ('0', '1'), ('0', '1'))
derivative-only	('g', 'F0', -8, 0)	p87	(('13397105*C^5*V + 349593125*C^4*V*U^2 - 17010050*C^3*V^3*U - 4048394275*C^3*V*U^4 - 43722625/2*C^2*V^5 - 1613134300*C^2*V^3*U^3 + 2656256550*C^2*V*U^6 - 447929825*C*V^5*U^2 + 862354650*C*V^3*U^5 - 868314975*C*V*U^8 - 24218750*V^7*U - 66693150*V^5*U^4 - 575873650*V^3*U^7 + 54691945/2*V*U^10', 'U'), ('0', '1'), ('0', '1'), ('0', '1'), ('0', '1'), ('0', '1'), ('0', '1'), ('0', '1'), ('0', '1'), ('0', '1'), ('0', '1'), ('0', '1'), ('0', '1'), ('0', '1'), ('0', '1'), ('0', '1'), ('0', '1'), ('0', '1'))
derivative-only	('g', 'F0', -8, 0)	p88	(('-75523945*C^5*U + 90345675/2*C^4*V^2 + 932524950*C^4*U^3 + 60922350*C^3*V^2*U^2 - 2300991000*C^3*U^5 + 65250450*C^2*V^4*U - 7245899125/2*C^2*V^2*U^4 + 938445800*C^2*U^7 - 9901565*C*V^6 - 886216000*C*V^4*U^3 + 1986529800*C*V^2*U^6 - 163171525*C*U^9 - 133646830*V^6*U^2 + 56563450*V^4*U^5 - 412133700*V^2*U^8 + 3375360*U^11', 'U'), ('0', '1'), ('0', '1'), ('0', '1'), ('0', '1'), ('0', '1'), ('0', '1'), ('0', '1'), ('0', '1'), ('0', '1'), ('0', '1'), ('0', '1'), ('0', '1'), ('0', '1'), ('0', '1'), ('0', '1'), ('0', '1'), ('0', '1'))
derivative-only	('g', 'F0', -8, 0)	p89	(('50068875*C^4*V*U - 31956600*C^3*V^3 - 1179320550*C^3*V*U^3 - 367421700*C^2*V^3*U^2 - 271109250*C^2*V*U^5 - 105224400*C*V^5*U - 1131763500*C*V^3*U^4 - 967366500*C*V*U^7 - 7927295*V^7 - 270497460*V^5*U^3 - 779940225*V^3*U^6 - 27861350*V*U^9', 'U'), ('0', '1'), ('0', '1'), ('0', '1'), ('0', '1'), ('0', '1'), ('0', '1'), ('0', '1'), ('0', '1'), ('0', '1'), ('0', '1'), ('0', '1'), ('0', '1'), ('0', '1'), ('0', '1'), ('0', '1'), ('0', '1'), ('0', '1'))
derivative-only	('g', 'F0', -8, 0)	p90	(('-27277155/2*C^5 + 428825475/2*C^4*U^2 - 140635800*C^3*V^2*U - 1801866375/2*C^3*U^4 - 43104375*C^2*V^4 - 1381411350*C^2*V^2*U^3 + 146993525*C^2*U^6 - 307280100*C*V^4*U^2 + 362283525*C*V^2*U^5 - 150401075*C*U^8 - 39811600*V^6*U - 346754850*V^4*U^4 - 535711600*V^2*U^7 - 13611785/2*U^10', 'U'), ('0', '1'), ('0', '1'), ('0', '1'), ('0', '1'), ('0', '1'), ('0', '1'), ('0', '1'), ('0', '1'), ('0', '1'), ('0', '1'), ('0', '1'), ('0', '1'), ('0', '1'), ('0', '1'), ('0', '1'), ('0', '1'), ('0', '1'))
derivative-only	('g', 'F0', -8, 0)	p91	(('-16884225/2*C^4*V + 282079650*C^3*V*U^2 + 3276600*C^2*V^3*U - 2979535425/2*C^2*V*U^4 + 18181230*C*V^5 - 883003500*C*V^3*U^3 - 595903875*C*V*U^6 + 93533475*V^5*U^2 - 6764625*V^3*U^5 + 44709300*V*U^8', 'U'), ('0', '1'), ('0', '1'), ('0', '1'), ('0', '1'), ('0', '1'), ('0', '1'), ('0', '1'), ('0', '1'), ('0', '1'), ('0', '1'), ('0', '1'), ('0', '1'), ('0', '1'), ('0', '1'), ('0', '1'), ('0', '1'), ('0', '1'))
derivative-only	('g', 'F0', -8, 0)	p92	(('-30567000*C^4*U + 18870825*C^3*V^2 + 232518750*C^3*U^3 - 118426725*C^2*V^2*U^2 - 436058775*C^2*U^5 - 4284450*C*V^4*U - 1564811475*C*V^2*U^4 - 192028875*C*U^7 + 52130*V^6 - 119050500*V^4*U^3 + 132625500*V^2*U^6 + 16813450*U^9', 'U'), ('0', '1'), ('0', '1'), ('0', '1'), ('0', '1'), ('0', '1'), ('0', '1'), ('0', '1'), ('0', '1'), ('0', '1'), ('0', '1'), ('0', '1'), ('0', '1'), ('0', '1'), ('0', '1'), ('0', '1'), ('0', '1'), ('0', '1'))
derivative-only	('g', 'F0', -8, 0)	p93	(('-20420250*C^3*V*U + 1206975*C^2*V^3 + 260589150*C^2*V*U^3 - 270192900*C*V^3*U^2 - 927852915*C*V*U^5 + 17327580*V^5*U - 466081925*V^3*U^4 + 63907395*V*U^7', 'U'), ('0', '1'), ('0', '1'), ('0', '1'), ('0', '1'), ('0', '1'), ('0', '1'), ('0', '1'), ('0', '1'), ('0', '1'), ('0', '1'), ('0', '1'), ('0', '1'), ('0', '1'), ('0', '1'), ('0', '1'), ('0', '1'), ('0', '1'))
derivative-only	('g', 'F0', -8, 0)	p94	(('-3579100*C^4 + 37347450*C^3*U^2 - 7789950*C^2*V^2*U - 127122975*C^2*U^4 + 15253875/2*C*V^4 - 290906700*C*V^2*U^3 + 118229125/2*C*U^6 + 27726825/2*V^4*U^2 - 68243070*V^2*U^5 - 14266245/2*U^8', 'U'), ('0', '1'), ('0', '1'), ('0', '1'), ('0', '1'), ('0', '1'), ('0', '1'), ('0', '1'), ('0', '1'), ('0', '1'), ('0', '1'), ('0', '1'), ('0', '1'), ('0', '1'), ('0', '1'), ('0', '1'), ('0', '1'), ('0', '1'))
derivative-only	('g', 'F0', -8, 0)	p95	(('1177925*C^3*V + 17525025*C^2*V*U^2 - 6323100*C*V^3*U - 241367175*C*V*U^4 + 3765195/2*V^5 - 62311550*V^3*U^3 + 47000275/2*V*U^6', 'U'), ('0', '1'), ('0', '1'), ('0', '1'), ('0', '1'), ('0', '1'), ('0', '1'), ('0', '1'), ('0', '1'), ('0', '1'), ('0', '1'), ('0', '1'), ('0', '1'), ('0', '1'), ('0', '1'), ('0', '1'), ('0', '1'), ('0', '1'))
derivative-only	('g', 'F0', -8, 0)	p96	(('-134686300*C^5*V + 2284371200*C^4*V*U^2 - 1797188900*C^3*V^3*U - 14179447450*C^3*V*U^4 - 319527485*C^2*V^5 - 9676804200*C^2*V^3*U^3 + 2954873300*C^2*V*U^6 - 1539743240*C*V^5*U^2 - 925629900*C*V^3*U^5 - 2909727875*C*V*U^8 - 130523040*V^7*U - 1909228575*V^5*U^4 - 3196357400*V^3*U^7 - 97219925*V*U^10', 'U'), ('0', '1'), ('0', '1'), ('0', '1'), ('0', '1'), ('0', '1'), ('0', '1'), ('0', '1'), ('0', '1'), ('0', '1'), ('0', '1'), ('0', '1'), ('0', '1'), ('0', '1'), ('0', '1'), ('0', '1'), ('0', '1'), ('0', '1'))
derivative-only	('g', 'F0', -8, 0)	p97	(('-666847450*C^5*U - 17239800*C^4*V^2 + 6111337500*C^4*U^3 + 246387000*C^3*V^2*U^2 - 6676239600*C^3*U^5 - 1478626725*C^2*V^4*U - 15729251975*C^2*V^2*U^4 + 1574891800*C^2*U^7 - 202066430*C*V^6 - 4072522550*C*V^4*U^3 + 7642085550*C*V^2*U^6 - 338623975*C*U^9 - 327704835*V^6*U^2 + 33997525*V^4*U^5 - 3255437525/2*V^2*U^8 - 17581325*U^11', 'U'), ('0', '1'), ('0', '1'), ('0', '1'), ('0', '1'), ('0', '1'), ('0', '1'), ('0', '1'), ('0', '1'), ('0', '1'), ('0', '1'), ('0', '1'), ('0', '1'), ('0', '1'), ('0', '1'), ('0', '1'), ('0', '1'), ('0', '1'))
derivative-only	('g', 'F0', -8, 0)	p98	(('-499093425*C^4*V*U - 322617300*C^3*V^3 - 2231854200*C^3*V*U^3 - 3498732750*C^2*V^3*U^2 + 7316531010*C^2*V*U^5 - 1447646250*C*V^5*U - 6141795950*C*V^3*U^4 - 7620738380*C*V*U^7 - 83467965*V^7 - 658469520*V^5*U^3 - 2990703750*V^3*U^6 + 309169600*V*U^9', 'U'), ('0', '1'), ('0', '1'), ('0', '1'), ('0', '1'), ('0', '1'), ('0', '1'), ('0', '1'), ('0', '1'), ('0', '1'), ('0', '1'), ('0', '1'), ('0', '1'), ('0', '1'), ('0', '1'), ('0', '1'), ('0', '1'), ('0', '1'))
derivative-only	('g', 'F0', -8, 0)	p99	(('-37530525*C^5 + 582443550*C^4*U^2 - 1221062400*C^3*V^2*U - 2935748700*C^3*U^4 - 239285625*C^2*V^4 - 3039234300*C^2*V^2*U^3 + 4853609175*C^2*U^6 - 2801366475*C*V^4*U^2 + 3271726350*C*V^2*U^5 - 1700855450*C*U^8 - 365265720*V^6*U - 3697058725/2*V^4*U^4 - 1892180800*V^2*U^7 + 68180920*U^10', 'U'), ('0', '1'), ('0', '1'), ('0', '1'), ('0', '1'), ('0', '1'), ('0', '1'), ('0', '1'), ('0', '1'), ('0', '1'), ('0', '1'), ('0', '1'), ('0', '1'), ('0', '1'), ('0', '1'), ('0', '1'), ('0', '1'), ('0', '1'))
derivative-only	('g', 'F0', -8, 0)	p100	(('-20785650*C^4*V + 137565000*C^3*V*U^2 - 222469200*C^2*V^3*U - 1819355100*C^2*V*U^4 + 19971900*C*V^5 - 2857658000*C*V^3*U^3 + 485242520*C*V*U^6 + 24265500*V^5*U^2 - 1547892080*V^3*U^5 + 185250*V*U^8', 'U'), ('0', '1'), ('0', '1'), ('0', '1'), ('0', '1'), ('0', '1'), ('0', '1'), ('0', '1'), ('0', '1'), ('0', '1'), ('0', '1'), ('0', '1'), ('0', '1'), ('0', '1'), ('0', '1'), ('0', '1'), ('0', '1'), ('0', '1'))
derivative-only	('g', 'F0', -8, 0)	p101	(('-41448990*C^4*U + 25996440*C^3*V^2 + 336264000*C^3*U^3 - 117054900*C^2*V^2*U^2 - 745197780*C^2*U^5 - 45556800*C*V^4*U - 2379206700*C*V^2*U^4 + 440696400*C*U^7 + 1296450*V^6 - 400484100*V^4*U^3 - 450018240*V^2*U^6 - 46453950*U^9', 'U'), ('0', '1'), ('0', '1'), ('0', '1'), ('0', '1'), ('0', '1'), ('0', '1'), ('0', '1'), ('0', '1'), ('0', '1'), ('0', '1'), ('0', '1'), ('0', '1'), ('0', '1'), ('0', '1'), ('0', '1'), ('0', '1'), ('0', '1'))
derivative-only	('g', 'F0', -8, 0)	p102	(('-18551280*C^3*V*U - 16108100*C^2*V^3 + 332119200*C^2*V*U^3 - 148487400*C*V^3*U^2 - 1539564120*C*V*U^5 + 48118200*V^5*U - 527154300*V^3*U^4 + 41936880*V*U^7', 'U'), ('0', '1'), ('0', '1'), ('0', '1'), ('0', '1'), ('0', '1'), ('0', '1'), ('0', '1'), ('0', '1'), ('0', '1'), ('0', '1'), ('0', '1'), ('0', '1'), ('0', '1'), ('0', '1'), ('0', '1'), ('0', '1'), ('0', '1'))
derivative-only	('g', 'F0', -8, 0)	p103	(('-6958325*C^4 + 106267120*C^3*U^2 - 24157740*C^2*V^2*U - 436299450*C^2*U^4 + 15783500*C*V^4 - 114771600*C*V^2*U^3 + 276093580*C*U^6 + 37693950*V^4*U^2 + 436953300*V^2*U^5 + 2178715*U^8', 'U'), ('0', '1'), ('0', '1'), ('0', '1'), ('0', '1'), ('0', '1'), ('0', '1'), ('0', '1'), ('0', '1'), ('0', '1'), ('0', '1'), ('0', '1'), ('0', '1'), ('0', '1'), ('0', '1'), ('0', '1'), ('0', '1'), ('0', '1'))
derivative-only	('g', 'F0', -8, 0)	p104	(('-316849375*C^5*V + 1802285300*C^4*V*U^2 - 11672582900*C^3*V^3*U - 34945208950*C^3*V*U^4 - 1609081490*C^2*V^5 - 33447788000*C^2*V^3*U^3 + 76423286290*C^2*V*U^6 - 18760646030*C*V^5*U^2 - 9536915380*C*V^3*U^5 - 28302582005*C*V*U^8 - 1652709280*V^7*U - 9886005250*V^5*U^4 - 12573028920*V^3*U^7 + 1061974515*V*U^10', 'U'), ('0', '1'), ('0', '1'), ('0', '1'), ('0', '1'), ('0', '1'), ('0', '1'), ('0', '1'), ('0', '1'), ('0', '1'), ('0', '1'), ('0', '1'), ('0', '1'), ('0', '1'), ('0', '1'), ('0', '1'), ('0', '1'), ('0', '1'))
derivative-only	('g', 'F0', -8, 0)	p105	(('-2245002265*C^5*U + 141376155/2*C^4*V^2 + 22385782950*C^4*U^3 - 1594145700*C^3*V^2*U^2 - 25687791870*C^3*U^5 - 5673165900*C^2*V^4*U - 27998819675*C^2*V^2*U^4 + 29185707860*C^2*U^7 - 657917055*C*V^6 - 19600206850*C*V^4*U^3 + 49784352430*C*V^2*U^6 - 5512474605*C*U^9 - 3475370020*V^6*U^2 - 7973294040*V^4*U^5 - 7283085405*V^2*U^8 + 192872990*U^11', 'U'), ('0', '1'), ('0', '1'), ('0', '1'), ('0', '1'), ('0', '1'), ('0', '1'), ('0', '1'), ('0', '1'), ('0', '1'), ('0', '1'), ('0', '1'), ('0', '1'), ('0', '1'), ('0', '1'), ('0', '1'), ('0', '1'), ('0', '1'))
derivative-only	('g', 'F0', -8, 0)	p106	(('-741408195*C^4*V*U - 1267490960*C^3*V^3 - 14881072200*C^3*V*U^3 - 3985420350*C^2*V^3*U^2 + 40661588130*C^2*V*U^5 - 4476293550*C*V^5*U - 766929750*C*V^3*U^4 - 10159942820*C*V*U^7 - 235439325*V^7 - 3314509900*V^5*U^3 - 19516727850*V^3*U^6 - 126384350*V*U^9', 'U'), ('0', '1'), ('0', '1'), ('0', '1'), ('0', '1'), ('0', '1'), ('0', '1'), ('0', '1'), ('0', '1'), ('0', '1'), ('0', '1'), ('0', '1'), ('0', '1'), ('0', '1'), ('0', '1'), ('0', '1'), ('0', '1'), ('0', '1'))
derivative-only	('g', 'F0', -8, 0)	p107	(('-95016735*C^5 + 2425110090*C^4*U^2 - 3305383500*C^3*V^2*U - 12972639750*C^3*U^4 - 783077025*C^2*V^4 - 4249454700*C^2*V^2*U^3 + 18230338935*C^2*U^6 - 3447230775*C*V^4*U^2 + 33618310830*C*V^2*U^5 - 705076670*C*U^8 - 1019978700*V^6*U + 158470175/2*V^4*U^4 - 10101510960*V^2*U^7 - 189254180*U^10', 'U'), ('0', '1'), ('0', '1'), ('0', '1'), ('0', '1'), ('0', '1'), ('0', '1'), ('0', '1'), ('0', '1'), ('0', '1'), ('0', '1'), ('0', '1'), ('0', '1'), ('0', '1'), ('0', '1'), ('0', '1'), ('0', '1'), ('0', '1'))
derivative-only	('g', 'F0', -8, 0)	p108	(('-77636130*C^4*V + 239588840*C^3*V*U^2 - 406614000*C^2*V^3*U + 127414350*C^2*V*U^4 - 13404320*C*V^5 + 3725264400*C*V^3*U^3 + 5892011160*C*V*U^6 + 230656650*V^5*U^2 + 6231612660*V^3*U^5 - 404166670*V*U^8', 'U'), ('0', '1'), ('0', '1'), ('0', '1'), ('0', '1'), ('0', '1'), ('0', '1'), ('0', '1'), ('0', '1'), ('0', '1'), ('0', '1'), ('0', '1'), ('0', '1'), ('0', '1'), ('0', '1'), ('0', '1'), ('0', '1'), ('0', '1'))
derivative-only	('g', 'F0', -8, 0)	p109	(('-95863680*C^4*U + 19027910*C^3*V^2 + 1059835360*C^3*U^3 - 979893360*C^2*V^2*U^2 - 3295374120*C^2*U^5 + 126962220*C*V^4*U + 6983172000*C*V^2*U^4 + 2321547600*C*U^7 - 61418530*V^6 + 1327779300*V^4*U^3 + 3179977850*V^2*U^6 + 40918040*U^9', 'U'), ('0', '1'), ('0', '1'), ('0', '1'), ('0', '1'), ('0', '1'), ('0', '1'), ('0', '1'), ('0', '1'), ('0', '1'), ('0', '1'), ('0', '1'), ('0', '1'), ('0', '1'), ('0', '1'), ('0', '1'), ('0', '1'), ('0', '1'))
derivative-only	('g', 'F0', -8, 0)	p110	(('-81697660*C^3*V*U - 39927250*C^2*V^3 + 209076520*C^2*V*U^3 - 154671480*C*V^3*U^2 + 4839360060*C*V*U^5 + 35900080*V^5*U + 865024800*V^3*U^4 - 712182860*V*U^7', 'U'), ('0', '1'), ('0', '1'), ('0', '1'), ('0', '1'), ('0', '1'), ('0', '1'), ('0', '1'), ('0', '1'), ('0', '1'), ('0', '1'), ('0', '1'), ('0', '1'), ('0', '1'), ('0', '1'), ('0', '1'), ('0', '1'), ('0', '1'))
derivative-only	('g', 'F0', -8, 0)	p111	(('-938638360*C^5*V + 14374507790*C^4*V*U^2 - 32520696380*C^3*V^3*U - 136537813150*C^3*V*U^4 - 5549962145*C^2*V^5 + 42949904200*C^2*V^3*U^3 + 370858140600*C^2*V*U^6 - 29639638280*C*V^5*U^2 + 257124896500*C*V^3*U^5 - 30919440465*C*V*U^8 - 4681594280*V^7*U - 3911112505*V^5*U^4 - 98238357960*V^3*U^7 - 2083357555*V*U^10', 'U'), ('0', '1'), ('0', '1'), ('0', '1'), ('0', '1'), ('0', '1'), ('0', '1'), ('0', '1'), ('0', '1'), ('0', '1'), ('0', '1'), ('0', '1'), ('0', '1'), ('0', '1'), ('0', '1'), ('0', '1'), ('0', '1'), ('0', '1'))
derivative-only	('g', 'F0', -8, 0)	p112	(('-7422853570*C^5*U + 327751710*C^4*V^2 + 81879427230*C^4*U^3 - 8580661200*C^3*V^2*U^2 - 124469517300*C^3*U^5 - 10521864285*C^2*V^4*U + 75625154275*C^2*V^2*U^4 + 120396178880*C^2*U^7 - 2602550040*C*V^6 + 65055494150*C*V^4*U^3 + 337830699510*C*V^2*U^6 - 167711205*C*U^9 - 9228314125*V^6*U^2 + 75395662495*V^4*U^5 - 84712915485/2*V^2*U^8 - 788950665*U^11', 'U'), ('0', '1'), ('0', '1'), ('0', '1'), ('0', '1'), ('0', '1'), ('0', '1'), ('0', '1'), ('0', '1'), ('0', '1'), ('0', '1'), ('0', '1'), ('0', '1'), ('0', '1'), ('0', '1'), ('0', '1'), ('0', '1'), ('0', '1'))
derivative-only	('g', 'F0', -8, 0)	p113	(('-2456855115*C^4*V*U - 3565328580*C^3*V^3 - 44409883560*C^3*V*U^3 - 14145932430*C^2*V^3*U^2 + 221400495990*C^2*V*U^5 - 10590343110*C*V^5*U + 183865529250*C*V^3*U^4 - 4389952860*C*V*U^7 - 1184309295*V^7 + 12575694600*V^5*U^3 + 33023799030*V^3*U^6 - 756281680*V*U^9', 'U'), ('0', '1'), ('0', '1'), ('0', '1'), ('0', '1'), ('0', '1'), ('0', '1'), ('0', '1'), ('0', '1'), ('0', '1'), ('0', '1'), ('0', '1'), ('0', '1'), ('0', '1'), ('0', '1'), ('0', '1'), ('0', '1'), ('0', '1'))
derivative-only	('g', 'F0', -8, 0)	p114	(('4667295*C^5 + 2675318100*C^4*U^2 - 8054025540*C^3*V^2*U - 16859381040*C^3*U^4 - 2427230025*C^2*V^4 - 20439892800*C^2*V^2*U^3 + 26970165585*C^2*U^6 - 6883990965*C*V^4*U^2 + 244440276930*C*V^2*U^5 + 5704330680*C*U^8 - 3861691620*V^6*U + 76057608375/2*V^4*U^4 - 10068808680*V^2*U^7 + 423187490*U^10', 'U'), ('0', '1'), ('0', '1'), ('0', '1'), ('0', '1'), ('0', '1'), ('0', '1'), ('0', '1'), ('0', '1'), ('0', '1'), ('0', '1'), ('0', '1'), ('0', '1'), ('0', '1'), ('0', '1'), ('0', '1'), ('0', '1'), ('0', '1'))
derivative-only	('g', 'F0', -8, 0)	p115	(('84027105*C^4*V - 3359759475*C^3*V*U^2 + 1809390*C^2*V^3*U + 16933483125/2*C^2*V*U^4 - 554776200*C*V^5 + 12773776800*C*V^3*U^3 + 77543304660*C*V*U^6 - 1388312280*V^5*U^2 + 16053975720*V^3*U^5 - 8285035680*V*U^8', 'U'), ('0', '1'), ('0', '1'), ('0', '1'), ('0', '1'), ('0', '1'), ('0', '1'), ('0', '1'), ('0', '1'), ('0', '1'), ('0', '1'), ('0', '1'), ('0', '1'), ('0', '1'), ('0', '1'), ('0', '1'), ('0', '1'), ('0', '1'))
derivative-only	('g', 'F0', -8, 0)	p116	(('26151105*C^4*U + 42273555*C^3*V^2 - 1369601745*C^3*U^3 - 1269206145*C^2*V^2*U^2 + 8123580270*C^2*U^5 - 279473040*C*V^4*U + 17219480040*C*V^2*U^4 - 4850236440*C*U^7 - 121029480*V^6 + 1263034140*V^4*U^3 - 8550643050*V^2*U^6 + 9141920*U^9', 'U'), ('0', '1'), ('0', '1'), ('0', '1'), ('0', '1'), ('0', '1'), ('0', '1'), ('0', '1'), ('0', '1'), ('0', '1'), ('0', '1'), ('0', '1'), ('0', '1'), ('0', '1'), ('0', '1'), ('0', '1'), ('0', '1'), ('0', '1'))
derivative-only	('g', 'F0', -8, 0)	p117	(('2646560615*C^5*V - 28298797465*C^4*V*U^2 - 74060328320*C^3*V^3*U - 222667563985*C^3*V*U^4 - 23340212060*C^2*V^5 + 55574441680*C^2*V^3*U^3 + 2041182503970*C^2*V*U^6 - 86324410370*C*V^5*U^2 + 2603779592440*C*V^3*U^5 - 28298037555*C*V*U^8 - 24201064340*V^7*U + 352412156825*V^5*U^4 + 168374623860*V^3*U^7 - 433050395*V*U^10', 'U'), ('0', '1'), ('0', '1'), ('0', '1'), ('0', '1'), ('0', '1'), ('0', '1'), ('0', '1'), ('0', '1'), ('0', '1'), ('0', '1'), ('0', '1'), ('0', '1'), ('0', '1'), ('0', '1'), ('0', '1'), ('0', '1'), ('0', '1'))
derivative-only	('g', 'F0', -8, 0)	p118	(('-16732275940*C^5*U + 9917908635/2*C^4*V^2 + 165598406970*C^4*U^3 - 36339677085*C^3*V^2*U^2 - 58720762275*C^3*U^5 - 24522099360*C^2*V^4*U + 320995427525/2*C^2*V^2*U^4 + 89808218360*C^2*U^7 - 10367775495*C*V^6 + 183495250010*C*V^4*U^3 + 2066022368820*C*V^2*U^6 + 34089236185*C*U^9 - 49427869240*V^6*U^2 + 395967218650*V^4*U^5 - 110551783365*V^2*U^8 + 2136080700*U^11', 'U'), ('0', '1'), ('0', '1'), ('0', '1'), ('0', '1'), ('0', '1'), ('0', '1'), ('0', '1'), ('0', '1'), ('0', '1'), ('0', '1'), ('0', '1'), ('0', '1'), ('0', '1'), ('0', '1'), ('0', '1'), ('0', '1'), ('0', '1'))
derivative-only	('g', 'F0', -8, 0)	p119	(('2172690855*C^4*V*U - 6451502880*C^3*V^3 - 182439836220*C^3*V*U^3 - 11857532460*C^2*V^3*U^2 + 553549536585*C^2*V*U^5 - 36088276620*C*V^5*U + 882653390355/2*C*V^3*U^4 + 304555267800*C*V*U^7 - 2607359535*V^7 - 3580656300*V^5*U^3 - 103212581460*V^3*U^6 - 49725226260*V*U^9', 'U'), ('0', '1'), ('0', '1'), ('0', '1'), ('0', '1'), ('0', '1'), ('0', '1'), ('0', '1'), ('0', '1'), ('0', '1'), ('0', '1'), ('0', '1'), ('0', '1'), ('0', '1'), ('0', '1'), ('0', '1'), ('0', '1'), ('0', '1'))
derivative-only	('g', 'F0', -8, 0)	p120	(('-74233575*C^5 + 10075114080*C^4*U^2 - 15192779745*C^3*V^2*U - 160356515235/2*C^3*U^4 - 3512797410*C^2*V^4 - 53527917465*C^2*V^2*U^3 + 418711270215/2*C^2*U^6 - 14927782110*C*V^4*U^2 + 391148562285*C*V^2*U^5 - 80486339265*C*U^8 - 10085152440*V^6*U + 73779010365/2*V^4*U^4 - 141097018320*V^2*U^7 + 228261015*U^10', 'U'), ('0', '1'), ('0', '1'), ('0', '1'), ('0', '1'), ('0', '1'), ('0', '1'), ('0', '1'), ('0', '1'), ('0', '1'), ('0', '1'), ('0', '1'), ('0', '1'), ('0', '1'), ('0', '1'), ('0', '1'), ('0', '1'), ('0', '1'))
derivative-only	('g', 'F0', -8, 0)	p121	(('160385940*C^4*V - 2986414230*C^3*V*U^2 + 1668222120*C^2*V^3*U + 3446983695/2*C^2*V*U^4 - 1025262630*C*V^5 + 30847638210*C*V^3*U^3 - 30262987485/2*C*V*U^6 - 3977037000*V^5*U^2 + 8820519285/2*V^3*U^5 + 9292863915*V*U^8', 'U'), ('0', '1'), ('0', '1'), ('0', '1'), ('0', '1'), ('0', '1'), ('0', '1'), ('0', '1'), ('0', '1'), ('0', '1'), ('0', '1'), ('0', '1'), ('0', '1'), ('0', '1'), ('0', '1'), ('0', '1'), ('0', '1'), ('0', '1'))
derivative-only	('g', 'F0', -8, 0)	p122	(('5539763060*C^5*V + 85192865900*C^4*V*U^2 - 112783345100*C^3*V^3*U - 1673210847250*C^3*V*U^4 - 32233263650*C^2*V^5 + 202354276600*C^2*V^3*U^3 + 3866201376390*C^2*V*U^6 - 272756196275*C*V^5*U^2 + 4297314632290*C*V^3*U^5 + 990473139675*C*V*U^8 - 70060966250*V^7*U + 397022992375/2*V^5*U^4 - 1664299108200*V^3*U^7 - 248661233035*V*U^10', 'U'), ('0', '1'), ('0', '1'), ('0', '1'), ('0', '1'), ('0', '1'), ('0', '1'), ('0', '1'), ('0', '1'), ('0', '1'), ('0', '1'), ('0', '1'), ('0', '1'), ('0', '1'), ('0', '1'), ('0', '1'), ('0', '1'), ('0', '1'))
derivative-only	('g', 'F0', -8, 0)	p123	(('-45317819690*C^5*U + 12516312900*C^4*V^2 + 521052672000*C^4*U^3 + 58613724900*C^3*V^2*U^2 - 828604042140*C^3*U^5 - 3258022050*C^2*V^4*U - 735707030675*C^2*V^2*U^4 + 1431123783680*C^2*U^7 - 15333732495*C*V^6 + 435406701425*C*V^4*U^3 + 1844878851510*C*V^2*U^6 - 540220990625*C*U^9 - 139829127640*V^6*U^2 + 238797503035*V^4*U^5 - 1372359970575/2*V^2*U^8 + 270722385*U^11', 'U'), ('0', '1'), ('0', '1'), ('0', '1'), ('0', '1'), ('0', '1'), ('0', '1'), ('0', '1'), ('0', '1'), ('0', '1'), ('0', '1'), ('0', '1'), ('0', '1'), ('0', '1'), ('0', '1'), ('0', '1'), ('0', '1'), ('0', '1'))
derivative-only	('g', 'F0', -8, 0)	p124	(('3418787125*C^4*V*U - 15280040100*C^3*V^3 - 298296549900*C^3*V*U^3 + 38916632100*C^2*V^3*U^2 + 713827938750*C^2*V*U^5 - 64719991050*C*V^5*U + 322086707400*C*V^3*U^4 - 894736011600*C*V*U^7 - 857514285*V^7 - 68011246380*V^5*U^3 - 160461754425*V^3*U^6 + 156094173000*V*U^9', 'U'), ('0', '1'), ('0', '1'), ('0', '1'), ('0', '1'), ('0', '1'), ('0', '1'), ('0', '1'), ('0', '1'), ('0', '1'), ('0', '1'), ('0', '1'), ('0', '1'), ('0', '1'), ('0', '1'), ('0', '1'), ('0', '1'), ('0', '1'))
derivative-only	('g', 'F0', -8, 0)	p125	(('-286039705*C^5 + 23227713700*C^4*U^2 - 34016323900*C^3*V^2*U - 128469975150*C^3*U^4 - 6827727075*C^2*V^4 - 71083915950*C^2*V^2*U^3 + 132445863375*C^2*U^6 - 21326430675*C*V^4*U^2 + 185986108950*C*V^2*U^5 + 20822395050*C*U^8 - 16460215800*V^6*U + 63256462425/2*V^4*U^4 + 33957485850*V^2*U^7 + 128988360*U^10', 'U'), ('0', '1'), ('0', '1'), ('0', '1'), ('0', '1'), ('0', '1'), ('0', '1'), ('0', '1'), ('0', '1'), ('0', '1'), ('0', '1'), ('0', '1'), ('0', '1'), ('0', '1'), ('0', '1'), ('0', '1'), ('0', '1'), ('0', '1'))
derivative-only	('g', 'F0', -8, 0)	p126	(('4984316750*C^5*V + 332184643700*C^4*V*U^2 - 362721886800*C^3*V^3*U - 2628607451050*C^3*V*U^4 - 21818236895*C^2*V^5 + 206648608600*C^2*V^3*U^3 + 2007008537415*C^2*V*U^6 - 216638760695*C*V^5*U^2 - 3603046640060*C*V^3*U^5 - 12833534856375/2*C*V*U^8 - 56531579120*V^7*U - 1190183792525/2*V^5*U^4 + 1300243390575*V^3*U^7 + 1279566387185*V*U^10', 'U'), ('0', '1'), ('0', '1'), ('0', '1'), ('0', '1'), ('0', '1'), ('0', '1'), ('0', '1'), ('0', '1'), ('0', '1'), ('0', '1'), ('0', '1'), ('0', '1'), ('0', '1'), ('0', '1'), ('0', '1'), ('0', '1'), ('0', '1'))
derivative-only	('g', 'F0', -8, 0)	p127	(('-107367373750*C^5*U + 52326685425/2*C^4*V^2 + 1229022972450*C^4*U^3 + 237491322600*C^3*V^2*U^2 - 1457616223140*C^3*U^5 - 64109238375*C^2*V^4*U - 1253769454700*C^2*V^2*U^4 - 29417501545*C^2*U^7 + 10582199355*C*V^6 - 205166043775*C*V^4*U^3 - 1676972904390*C*V^2*U^6 + 790750940025*C*U^9 - 94780765555*V^6*U^2 - 90588382640*V^4*U^5 + 1514869160850*V^2*U^8 - 3131493270*U^11', 'U'), ('0', '1'), ('0', '1'), ('0', '1'), ('0', '1'), ('0', '1'), ('0', '1'), ('0', '1'), ('0', '1'), ('0', '1'), ('0', '1'), ('0', '1'), ('0', '1'), ('0', '1'), ('0', '1'), ('0', '1'), ('0', '1'), ('0', '1'))
derivative-only	('g', 'F0', -8, 0)	p128	(('407771575*C^4*V*U - 30192273600*C^3*V^3 - 492826385300*C^3*V*U^3 + 786902700*C^2*V^3*U^2 + 1511506164645*C^2*V*U^5 - 89770068180*C*V^5*U - 536423708325*C*V^3*U^4 - 1290303635460*C*V*U^7 - 2021188260*V^7 + 24740793990*V^5*U^3 - 564267763275*V^3*U^6 - 116387473175/2*V*U^9', 'U'), ('0', '1'), ('0', '1'), ('0', '1'), ('0', '1'), ('0', '1'), ('0', '1'), ('0', '1'), ('0', '1'), ('0', '1'), ('0', '1'), ('0', '1'), ('0', '1'), ('0', '1'), ('0', '1'), ('0', '1'), ('0', '1'), ('0', '1'))
derivative-only	('g', 'F0', -8, 0)	p129	(('26878339125*C^5*V - 433229676825*C^4*V*U^2 + 731106561900*C^3*V^3*U + 1272010676200*C^3*V*U^4 + 239396904835*C^2*V^5 + 2921316383700*C^2*V^3*U^3 + 163324180470*C^2*V*U^6 + 890607617845*C*V^5*U^2 - 28687299188570*C*V^3*U^5 - 9187071956535*C*V*U^8 + 594281901070*V^7*U - 1725962083175/2*V^5*U^4 - 1647194555490*V^3*U^7 - 2808006328655/2*V*U^10', 'U'), ('0', '1'), ('0', '1'), ('0', '1'), ('0', '1'), ('0', '1'), ('0', '1'), ('0', '1'), ('0', '1'), ('0', '1'), ('0', '1'), ('0', '1'), ('0', '1'), ('0', '1'), ('0', '1'), ('0', '1'), ('0', '1'), ('0', '1'))
derivative-only	('g', 'F0', -8, 0)	p130	(('-217639758215*C^5*U + 127055423605/2*C^4*V^2 + 1581457833725*C^4*U^3 + 1973179927950*C^3*V^2*U^2 + 2707365165560*C^3*U^5 + 174201220325*C^2*V^4*U + 614052609775*C^2*V^2*U^4 - 6008527774315*C^2*U^7 + 21089836845*C*V^6 + 664242092525*C*V^4*U^3 - 11933430287955*C*V^2*U^6 + 772023557690*C*U^9 + 500903909330*V^6*U^2 - 1524004782245*V^4*U^5 + 1789595821365*V^2*U^8 - 12362128895*U^11', 'U'), ('0', '1'), ('0', '1'), ('0', '1'), ('0', '1'), ('0', '1'), ('0', '1'), ('0', '1'), ('0', '1'), ('0', '1'), ('0', '1'), ('0', '1'), ('0', '1'), ('0', '1'), ('0', '1'), ('0', '1'), ('0', '1'), ('0', '1'))
derivative-only	('g', 'F0', -8, 0)	p131	(('59074829220*C^5*V - 1840526487195/2*C^4*V*U^2 + 2734341756190*C^3*V^3*U + 24103531422850*C^3*V*U^4 + 900220635545/2*C^2*V^5 + 6228221916400*C^2*V^3*U^3 - 66710824589750*C^2*V*U^6 + 5634539517145*C*V^5*U^2 - 34112071082210*C*V^3*U^5 + 78982815910185/2*C*V*U^8 + 1253653345120*V^7*U - 2795552657480*V^5*U^4 + 22191965246385*V^3*U^7 - 561786316575/2*V*U^10', 'U'), ('0', '1'), ('0', '1'), ('0', '1'), ('0', '1'), ('0', '1'), ('0', '1'), ('0', '1'), ('0', '1'), ('0', '1'), ('0', '1'), ('0', '1'), ('0', '1'), ('0', '1'), ('0', '1'), ('0', '1'), ('0', '1'), ('0', '1'))
derivative-only	('g', 'F0', -8, 5)	constant	(('-458559789975000*C^2*U + 1246568210493750*C*V^2 + 12168573800625000*C*U^3 - 6532312631625000*V^2*U^2 - 15396409794150000*U^5', '1'), ('-6457821920550000*C^2*U - 2546973965250000*C*V^2 + 22768329875775000*C*U^3 - 6270203904525000*V^2*U^2 - 22793679995625000*U^5', '1'), ('1314678553650000*C^2*U + 3543688615500000*C*V^2 + 15058789790550000*C*U^3 - 5626116733050000*V^2*U^2 - 13841815333500000*U^5', '1'), ('-3796117756200000*C^2*U - 1802191975031250*C*V^2 + 9296540317350000*C*U^3 + 4611317396400000*V^2*U^2 - 3884301209250000*U^5', '1'), ('502953810975000*C^2*U + 817226517937500*C*V^2 + 1612311047325000*C*U^3 + 1066794901425000*V^2*U^2 - 469726141500000*U^5', '1'), ('-293954799600000*C^2*U - 185919000300000*C*V^2 + 358148795400000*C*U^3 + 472685612850000*V^2*U^2 - 18533869200000*U^5', '1'), ('0', '1'), ('0', '1'), ('0', '1'), ('0', '1'), ('0', '1'), ('0', '1'), ('0', '1'), ('0', '1'), ('0', '1'), ('0', '1'), ('0', '1'), ('0', '1'))
derivative-only	('g', 'F0', -8, 5)	p47	(('-93750', '1'), ('0', '1'), ('0', '1'), ('0', '1'), ('0', '1'), ('0', '1'), ('0', '1'), ('0', '1'), ('0', '1'), ('0', '1'), ('0', '1'), ('0', '1'), ('0', '1'), ('0', '1'), ('0', '1'), ('0', '1'), ('0', '1'), ('0', '1'))
derivative-only	('g', 'F0', -8, 5)	p53	(('-656250', '1'), ('0', '1'), ('0', '1'), ('0', '1'), ('0', '1'), ('0', '1'), ('0', '1'), ('0', '1'), ('0', '1'), ('0', '1'), ('0', '1'), ('0', '1'), ('0', '1'), ('0', '1'), ('0', '1'), ('0', '1'), ('0', '1'), ('0', '1'))
derivative-only	('g', 'F0', -8, 5)	p60	(('-2625000', '1'), ('0', '1'), ('0', '1'), ('0', '1'), ('0', '1'), ('0', '1'), ('0', '1'), ('0', '1'), ('0', '1'), ('0', '1'), ('0', '1'), ('0', '1'), ('0', '1'), ('0', '1'), ('0', '1'), ('0', '1'), ('0', '1'), ('0', '1'))
derivative-only	('g', 'F0', -8, 5)	p69	(('-7875000', '1'), ('0', '1'), ('0', '1'), ('0', '1'), ('0', '1'), ('0', '1'), ('0', '1'), ('0', '1'), ('0', '1'), ('0', '1'), ('0', '1'), ('0', '1'), ('0', '1'), ('0', '1'), ('0', '1'), ('0', '1'), ('0', '1'), ('0', '1'))
derivative-only	('g', 'F0', -8, 5)	p77	(('-19687500', '1'), ('0', '1'), ('0', '1'), ('0', '1'), ('0', '1'), ('0', '1'), ('0', '1'), ('0', '1'), ('0', '1'), ('0', '1'), ('0', '1'), ('0', '1'), ('0', '1'), ('0', '1'), ('0', '1'), ('0', '1'), ('0', '1'), ('0', '1'))
derivative-only	('g', 'F0', -8, 5)	p86	(('-43312500', '1'), ('0', '1'), ('0', '1'), ('0', '1'), ('0', '1'), ('0', '1'), ('0', '1'), ('0', '1'), ('0', '1'), ('0', '1'), ('0', '1'), ('0', '1'), ('0', '1'), ('0', '1'), ('0', '1'), ('0', '1'), ('0', '1'), ('0', '1'))
derivative-only	('g', 'F0', -8, 5)	p101	(('1386000000*C', '1'), ('0', '1'), ('0', '1'), ('0', '1'), ('0', '1'), ('0', '1'), ('0', '1'), ('0', '1'), ('0', '1'), ('0', '1'), ('0', '1'), ('0', '1'), ('0', '1'), ('0', '1'), ('0', '1'), ('0', '1'), ('0', '1'), ('0', '1'))
derivative-only	('g', 'F0', -8, 5)	p102	(('1386000000*V', '1'), ('0', '1'), ('0', '1'), ('0', '1'), ('0', '1'), ('0', '1'), ('0', '1'), ('0', '1'), ('0', '1'), ('0', '1'), ('0', '1'), ('0', '1'), ('0', '1'), ('0', '1'), ('0', '1'), ('0', '1'), ('0', '1'), ('0', '1'))
derivative-only	('g', 'F0', -8, 5)	p103	(('1386000000*U', '1'), ('0', '1'), ('0', '1'), ('0', '1'), ('0', '1'), ('0', '1'), ('0', '1'), ('0', '1'), ('0', '1'), ('0', '1'), ('0', '1'), ('0', '1'), ('0', '1'), ('0', '1'), ('0', '1'), ('0', '1'), ('0', '1'), ('0', '1'))
derivative-only	('g', 'F0', -8, 5)	p105	(('11781000000*C^2', '1'), ('0', '1'), ('0', '1'), ('0', '1'), ('0', '1'), ('0', '1'), ('0', '1'), ('0', '1'), ('0', '1'), ('0', '1'), ('0', '1'), ('0', '1'), ('0', '1'), ('0', '1'), ('0', '1'), ('0', '1'), ('0', '1'), ('0', '1'))
derivative-only	('g', 'F0', -8, 5)	p106	(('23562000000*C*V', '1'), ('0', '1'), ('0', '1'), ('0', '1'), ('0', '1'), ('0', '1'), ('0', '1'), ('0', '1'), ('0', '1'), ('0', '1'), ('0', '1'), ('0', '1'), ('0', '1'), ('0', '1'), ('0', '1'), ('0', '1'), ('0', '1'), ('0', '1'))
derivative-only	('g', 'F0', -8, 5)	p107	(('23562000000*C*U + 11781000000*V^2', '1'), ('0', '1'), ('0', '1'), ('0', '1'), ('0', '1'), ('0', '1'), ('0', '1'), ('0', '1'), ('0', '1'), ('0', '1'), ('0', '1'), ('0', '1'), ('0', '1'), ('0', '1'), ('0', '1'), ('0', '1'), ('0', '1'), ('0', '1'))
derivative-only	('g', 'F0', -8, 5)	p108	(('23562000000*V*U', '1'), ('0', '1'), ('0', '1'), ('0', '1'), ('0', '1'), ('0', '1'), ('0', '1'), ('0', '1'), ('0', '1'), ('0', '1'), ('0', '1'), ('0', '1'), ('0', '1'), ('0', '1'), ('0', '1'), ('0', '1'), ('0', '1'), ('0', '1'))
derivative-only	('g', 'F0', -8, 5)	p109	(('2734875000*C + 11781000000*U^2', '1'), ('0', '1'), ('0', '1'), ('0', '1'), ('0', '1'), ('0', '1'), ('0', '1'), ('0', '1'), ('0', '1'), ('0', '1'), ('0', '1'), ('0', '1'), ('0', '1'), ('0', '1'), ('0', '1'), ('0', '1'), ('0', '1'), ('0', '1'))
derivative-only	('g', 'F0', -8, 5)	p110	(('2734875000*V', '1'), ('0', '1'), ('0', '1'), ('0', '1'), ('0', '1'), ('0', '1'), ('0', '1'), ('0', '1'), ('0', '1'), ('0', '1'), ('0', '1'), ('0', '1'), ('0', '1'), ('0', '1'), ('0', '1'), ('0', '1'), ('0', '1'), ('0', '1'))
derivative-only	('g', 'F0', -8, 5)	p111	(('424116000000*C*V*U + 70686000000*V^3', '1'), ('0', '1'), ('0', '1'), ('0', '1'), ('0', '1'), ('0', '1'), ('0', '1'), ('0', '1'), ('0', '1'), ('0', '1'), ('0', '1'), ('0', '1'), ('0', '1'), ('0', '1'), ('0', '1'), ('0', '1'), ('0', '1'), ('0', '1'))
derivative-only	('g', 'F0', -8, 5)	p112	(('24613875000*C^2 + 212058000000*C*U^2 + 212058000000*V^2*U', '1'), ('0', '1'), ('0', '1'), ('0', '1'), ('0', '1'), ('0', '1'), ('0', '1'), ('0', '1'), ('0', '1'), ('0', '1'), ('0', '1'), ('0', '1'), ('0', '1'), ('0', '1'), ('0', '1'), ('0', '1'), ('0', '1'), ('0', '1'))
derivative-only	('g', 'F0', -8, 5)	p113	(('49227750000*C*V + 212058000000*V*U^2', '1'), ('0', '1'), ('0', '1'), ('0', '1'), ('0', '1'), ('0', '1'), ('0', '1'), ('0', '1'), ('0', '1'), ('0', '1'), ('0', '1'), ('0', '1'), ('0', '1'), ('0', '1'), ('0', '1'), ('0', '1'), ('0', '1'), ('0', '1'))
derivative-only	('g', 'F0', -8, 5)	p114	(('24613875000*V^2 + 70686000000*U^3', '1'), ('0', '1'), ('0', '1'), ('0', '1'), ('0', '1'), ('0', '1'), ('0', '1'), ('0', '1'), ('0', '1'), ('0', '1'), ('0', '1'), ('0', '1'), ('0', '1'), ('0', '1'), ('0', '1'), ('0', '1'), ('0', '1'), ('0', '1'))
derivative-only	('g', 'F0', -8, 5)	p116	(('5067562500*C - 24613875000*U^2', '1'), ('0', '1'), ('0', '1'), ('0', '1'), ('0', '1'), ('0', '1'), ('0', '1'), ('0', '1'), ('0', '1'), ('0', '1'), ('0', '1'), ('0', '1'), ('0', '1'), ('0', '1'), ('0', '1'), ('0', '1'), ('0', '1'), ('0', '1'))
derivative-only	('g', 'F0', -8, 5)	p117	(('155887875000*V^3 + 1343034000000*V*U^3', '1'), ('0', '1'), ('0', '1'), ('0', '1'), ('0', '1'), ('0', '1'), ('0', '1'), ('0', '1'), ('0', '1'), ('0', '1'), ('0', '1'), ('0', '1'), ('0', '1'), ('0', '1'), ('0', '1'), ('0', '1'), ('0', '1'), ('0', '1'))
derivative-only	('g', 'F0', -8, 5)	p118	(('48141843750*C^2 - 467663625000*C*U^2 + 335758500000*U^4', '1'), ('0', '1'), ('0', '1'), ('0', '1'), ('0', '1'), ('0', '1'), ('0', '1'), ('0', '1'), ('0', '1'), ('0', '1'), ('0', '1'), ('0', '1'), ('0', '1'), ('0', '1'), ('0', '1'), ('0', '1'), ('0', '1'), ('0', '1'))
derivative-only	('g', 'F0', -8, 5)	p119	(('-467663625000*V*U^2', '1'), ('0', '1'), ('0', '1'), ('0', '1'), ('0', '1'), ('0', '1'), ('0', '1'), ('0', '1'), ('0', '1'), ('0', '1'), ('0', '1'), ('0', '1'), ('0', '1'), ('0', '1'), ('0', '1'), ('0', '1'), ('0', '1'), ('0', '1'))
derivative-only	('g', 'F0', -8, 5)	p120	(('-48141843750*V^2 - 311775750000*U^3', '1'), ('0', '1'), ('0', '1'), ('0', '1'), ('0', '1'), ('0', '1'), ('0', '1'), ('0', '1'), ('0', '1'), ('0', '1'), ('0', '1'), ('0', '1'), ('0', '1'), ('0', '1'), ('0', '1'), ('0', '1'), ('0', '1'), ('0', '1'))
derivative-only	('g', 'F0', -8, 5)	p121	(('-96283687500*V*U', '1'), ('0', '1'), ('0', '1'), ('0', '1'), ('0', '1'), ('0', '1'), ('0', '1'), ('0', '1'), ('0', '1'), ('0', '1'), ('0', '1'), ('0', '1'), ('0', '1'), ('0', '1'), ('0', '1'), ('0', '1'), ('0', '1'), ('0', '1'))
derivative-only	('g', 'F0', -8, 5)	p122	(('-1925673750000*C*V*U - 641891250000*V^3 - 6235515000000*V*U^3', '1'), ('0', '1'), ('0', '1'), ('0', '1'), ('0', '1'), ('0', '1'), ('0', '1'), ('0', '1'), ('0', '1'), ('0', '1'), ('0', '1'), ('0', '1'), ('0', '1'), ('0', '1'), ('0', '1'), ('0', '1'), ('0', '1'), ('0', '1'))
derivative-only	('g', 'F0', -8, 5)	p123	(('-89151562500*C^2 - 1925673750000*V^2*U - 2338318125000*U^4', '1'), ('0', '1'), ('0', '1'), ('0', '1'), ('0', '1'), ('0', '1'), ('0', '1'), ('0', '1'), ('0', '1'), ('0', '1'), ('0', '1'), ('0', '1'), ('0', '1'), ('0', '1'), ('0', '1'), ('0', '1'), ('0', '1'), ('0', '1'))
derivative-only	('g', 'F0', -8, 5)	p124	(('-178303125000*C*V - 962836875000*V*U^2', '1'), ('0', '1'), ('0', '1'), ('0', '1'), ('0', '1'), ('0', '1'), ('0', '1'), ('0', '1'), ('0', '1'), ('0', '1'), ('0', '1'), ('0', '1'), ('0', '1'), ('0', '1'), ('0', '1'), ('0', '1'), ('0', '1'), ('0', '1'))
derivative-only	('g', 'F0', -8, 5)	p125	(('-178303125000*C*U - 89151562500*V^2 + 320945625000*U^3', '1'), ('0', '1'), ('0', '1'), ('0', '1'), ('0', '1'), ('0', '1'), ('0', '1'), ('0', '1'), ('0', '1'), ('0', '1'), ('0', '1'), ('0', '1'), ('0', '1'), ('0', '1'), ('0', '1'), ('0', '1'), ('0', '1'), ('0', '1'))
derivative-only	('g', 'F0', -8, 5)	p126	(('-3744365625000*C*V*U - 1248121875000*V^3', '1'), ('0', '1'), ('0', '1'), ('0', '1'), ('0', '1'), ('0', '1'), ('0', '1'), ('0', '1'), ('0', '1'), ('0', '1'), ('0', '1'), ('0', '1'), ('0', '1'), ('0', '1'), ('0', '1'), ('0', '1'), ('0', '1'), ('0', '1'))
derivative-only	('g', 'F0', -8, 5)	p127	(('-157657500000*C^2 - 1872182812500*C*U^2 + 5054893593750*U^4', '1'), ('0', '1'), ('0', '1'), ('0', '1'), ('0', '1'), ('0', '1'), ('0', '1'), ('0', '1'), ('0', '1'), ('0', '1'), ('0', '1'), ('0', '1'), ('0', '1'), ('0', '1'), ('0', '1'), ('0', '1'), ('0', '1'), ('0', '1'))
derivative-only	('g', 'F0', -8, 5)	p128	(('-315315000000*C*V + 1872182812500*V*U^2', '1'), ('0', '1'), ('0', '1'), ('0', '1'), ('0', '1'), ('0', '1'), ('0', '1'), ('0', '1'), ('0', '1'), ('0', '1'), ('0', '1'), ('0', '1'), ('0', '1'), ('0', '1'), ('0', '1'), ('0', '1'), ('0', '1'), ('0', '1'))
derivative-only	('g', 'F0', -8, 5)	p129	(('1156155000000*V^3 + 27458681250000*V*U^3', '1'), ('0', '1'), ('0', '1'), ('0', '1'), ('0', '1'), ('0', '1'), ('0', '1'), ('0', '1'), ('0', '1'), ('0', '1'), ('0', '1'), ('0', '1'), ('0', '1'), ('0', '1'), ('0', '1'), ('0', '1'), ('0', '1'), ('0', '1'))
derivative-only	('g', 'F0', -8, 5)	p130	(('-268017750000*C^2 + 3468465000000*C*U^2 + 3468465000000*V^2*U - 3432335156250*U^4', '1'), ('0', '1'), ('0', '1'), ('0', '1'), ('0', '1'), ('0', '1'), ('0', '1'), ('0', '1'), ('0', '1'), ('0', '1'), ('0', '1'), ('0', '1'), ('0', '1'), ('0', '1'), ('0', '1'), ('0', '1'), ('0', '1'), ('0', '1'))
derivative-only	('g', 'F0', -8, 5)	p131	(('12328816500000*C*V*U + 2054802750000*V^3 - 26591565000000*V*U^3', '1'), ('0', '1'), ('0', '1'), ('0', '1'), ('0', '1'), ('0', '1'), ('0', '1'), ('0', '1'), ('0', '1'), ('0', '1'), ('0', '1'), ('0', '1'), ('0', '1'), ('0', '1'), ('0', '1'), ('0', '1'), ('0', '1'), ('0', '1'))
derivative-only	('g', 'F0', -7, 3)	constant	(('-6875732607911000/3*C^3*V + 2546839519237500*C^2*V*U^2 - 4386206796185000*C*V^3*U + 22451213658790000*C*V*U^4 + 240372983209750*V^5 + 12716264252720000/3*V^3*U^3 - 17049020121175000/3*V*U^6', '1'), ('-18224055367112000/3*C^3*V + 40440459088980000*C^2*V*U^2 - 10030073106320000*C*V^3*U - 57676302547570000*C*V*U^4 - 754968421674000*V^5 - 52802574936860000/3*V^3*U^3 + 28146284913740000/3*V*U^6', '1'), ('-6330510994544000/3*C^3*V - 21179042895390000*C^2*V*U^2 + 6704413383260000*C*V^3*U + 63411612367460000*C*V*U^4 + 790449628042000*V^5 + 55507263248080000/3*V^3*U^3 - 7807508617090000*V*U^6', '1'), ('-4755593094953000/3*C^3*V + 17190927442282500*C^2*V*U^2 - 4533627697155000*C*V^3*U - 43518268651130000*C*V*U^4 - 457628919332250*V^5 - 22243298590240000/3*V^3*U^3 + 11889321833095000*V*U^6', '1'), ('830834539204000/3*C^3*V - 5103147894060000*C^2*V*U^2 + 1727519920540000*C*V^3*U + 12921092241540000*C*V*U^4 + 211523620050500*V^5 + 5346244158640000*V^3*U^3 - 644556025610000*V*U^6', '1'), ('-55674982550000*C^3*V + 1160592487830000*C^2*V*U^2 - 409213744500000*C*V^3*U - 3452318675400000*C*V*U^4 - 26099386311000*V^5 - 310113389600000*V^3*U^3 + 994580034980000*V*U^6', '1'), ('0', '1'), ('0', '1'), ('0', '1'), ('0', '1'), ('0', '1'), ('0', '1'), ('0', '1'), ('0', '1'), ('0', '1'), ('0', '1'), ('0', '1'), ('0', '1'))
derivative-only	('g', 'F0', -7, 3)	p36	(('-2500', '1'), ('0', '1'), ('0', '1'), ('0', '1'), ('0', '1'), ('0', '1'), ('0', '1'), ('0', '1'), ('0', '1'), ('0', '1'), ('0', '1'), ('0', '1'), ('0', '1'), ('0', '1'), ('0', '1'), ('0', '1'), ('0', '1'), ('0', '1'))
derivative-only	('g', 'F0', -7, 3)	p40	(('-12500', '1'), ('0', '1'), ('0', '1'), ('0', '1'), ('0', '1'), ('0', '1'), ('0', '1'), ('0', '1'), ('0', '1'), ('0', '1'), ('0', '1'), ('0', '1'), ('0', '1'), ('0', '1'), ('0', '1'), ('0', '1'), ('0', '1'), ('0', '1'))
derivative-only	('g', 'F0', -7, 3)	p45	(('-37500', '1'), ('0', '1'), ('0', '1'), ('0', '1'), ('0', '1'), ('0', '1'), ('0', '1'), ('0', '1'), ('0', '1'), ('0', '1'), ('0', '1'), ('0', '1'), ('0', '1'), ('0', '1'), ('0', '1'), ('0', '1'), ('0', '1'), ('0', '1'))
derivative-only	('g', 'F0', -7, 3)	p52	(('-87500', '1'), ('0', '1'), ('0', '1'), ('0', '1'), ('0', '1'), ('0', '1'), ('0', '1'), ('0', '1'), ('0', '1'), ('0', '1'), ('0', '1'), ('0', '1'), ('0', '1'), ('0', '1'), ('0', '1'), ('0', '1'), ('0', '1'), ('0', '1'))
derivative-only	('g', 'F0', -7, 3)	p61	(('1925000*C', '1'), ('0', '1'), ('0', '1'), ('0', '1'), ('0', '1'), ('0', '1'), ('0', '1'), ('0', '1'), ('0', '1'), ('0', '1'), ('0', '1'), ('0', '1'), ('0', '1'), ('0', '1'), ('0', '1'), ('0', '1'), ('0', '1'), ('0', '1'))
derivative-only	('g', 'F0', -7, 3)	p62	(('1925000*V', '1'), ('0', '1'), ('0', '1'), ('0', '1'), ('0', '1'), ('0', '1'), ('0', '1'), ('0', '1'), ('0', '1'), ('0', '1'), ('0', '1'), ('0', '1'), ('0', '1'), ('0', '1'), ('0', '1'), ('0', '1'), ('0', '1'), ('0', '1'))
derivative-only	('g', 'F0', -7, 3)	p63	(('1925000*U', '1'), ('0', '1'), ('0', '1'), ('0', '1'), ('0', '1'), ('0', '1'), ('0', '1'), ('0', '1'), ('0', '1'), ('0', '1'), ('0', '1'), ('0', '1'), ('0', '1'), ('0', '1'), ('0', '1'), ('0', '1'), ('0', '1'), ('0', '1'))
derivative-only	('g', 'F0', -7, 3)	p66	(('11550000*C^2', '1'), ('0', '1'), ('0', '1'), ('0', '1'), ('0', '1'), ('0', '1'), ('0', '1'), ('0', '1'), ('0', '1'), ('0', '1'), ('0', '1'), ('0', '1'), ('0', '1'), ('0', '1'), ('0', '1'), ('0', '1'), ('0', '1'), ('0', '1'))
derivative-only	('g', 'F0', -7, 3)	p67	(('23100000*C*V', '1'), ('0', '1'), ('0', '1'), ('0', '1'), ('0', '1'), ('0', '1'), ('0', '1'), ('0', '1'), ('0', '1'), ('0', '1'), ('0', '1'), ('0', '1'), ('0', '1'), ('0', '1'), ('0', '1'), ('0', '1'), ('0', '1'), ('0', '1'))
derivative-only	('g', 'F0', -7, 3)	p68	(('23100000*C*U + 11550000*V^2', '1'), ('0', '1'), ('0', '1'), ('0', '1'), ('0', '1'), ('0', '1'), ('0', '1'), ('0', '1'), ('0', '1'), ('0', '1'), ('0', '1'), ('0', '1'), ('0', '1'), ('0', '1'), ('0', '1'), ('0', '1'), ('0', '1'), ('0', '1'))
derivative-only	('g', 'F0', -7, 3)	p69	(('23100000*V*U', '1'), ('0', '1'), ('0', '1'), ('0', '1'), ('0', '1'), ('0', '1'), ('0', '1'), ('0', '1'), ('0', '1'), ('0', '1'), ('0', '1'), ('0', '1'), ('0', '1'), ('0', '1'), ('0', '1'), ('0', '1'), ('0', '1'), ('0', '1'))
derivative-only	('g', 'F0', -7, 3)	p70	(('3780000*C + 11550000*U^2', '1'), ('0', '1'), ('0', '1'), ('0', '1'), ('0', '1'), ('0', '1'), ('0', '1'), ('0', '1'), ('0', '1'), ('0', '1'), ('0', '1'), ('0', '1'), ('0', '1'), ('0', '1'), ('0', '1'), ('0', '1'), ('0', '1'), ('0', '1'))
derivative-only	('g', 'F0', -7, 3)	p71	(('3780000*V', '1'), ('0', '1'), ('0', '1'), ('0', '1'), ('0', '1'), ('0', '1'), ('0', '1'), ('0', '1'), ('0', '1'), ('0', '1'), ('0', '1'), ('0', '1'), ('0', '1'), ('0', '1'), ('0', '1'), ('0', '1'), ('0', '1'), ('0', '1'))
derivative-only	('g', 'F0', -7, 3)	p72	(('150150000*C^2*U + 150150000*C*V^2', '1'), ('0', '1'), ('0', '1'), ('0', '1'), ('0', '1'), ('0', '1'), ('0', '1'), ('0', '1'), ('0', '1'), ('0', '1'), ('0', '1'), ('0', '1'), ('0', '1'), ('0', '1'), ('0', '1'), ('0', '1'), ('0', '1'), ('0', '1'))
derivative-only	('g', 'F0', -7, 3)	p73	(('300300000*C*V*U + 50050000*V^3', '1'), ('0', '1'), ('0', '1'), ('0', '1'), ('0', '1'), ('0', '1'), ('0', '1'), ('0', '1'), ('0', '1'), ('0', '1'), ('0', '1'), ('0', '1'), ('0', '1'), ('0', '1'), ('0', '1'), ('0', '1'), ('0', '1'), ('0', '1'))
derivative-only	('g', 'F0', -7, 3)	p74	(('24570000*C^2 + 150150000*C*U^2 + 150150000*V^2*U', '1'), ('0', '1'), ('0', '1'), ('0', '1'), ('0', '1'), ('0', '1'), ('0', '1'), ('0', '1'), ('0', '1'), ('0', '1'), ('0', '1'), ('0', '1'), ('0', '1'), ('0', '1'), ('0', '1'), ('0', '1'), ('0', '1'), ('0', '1'))
derivative-only	('g', 'F0', -7, 3)	p75	(('49140000*C*V + 150150000*V*U^2', '1'), ('0', '1'), ('0', '1'), ('0', '1'), ('0', '1'), ('0', '1'), ('0', '1'), ('0', '1'), ('0', '1'), ('0', '1'), ('0', '1'), ('0', '1'), ('0', '1'), ('0', '1'), ('0', '1'), ('0', '1'), ('0', '1'), ('0', '1'))
derivative-only	('g', 'F0', -7, 3)	p76	(('24570000*V^2 + 50050000*U^3', '1'), ('0', '1'), ('0', '1'), ('0', '1'), ('0', '1'), ('0', '1'), ('0', '1'), ('0', '1'), ('0', '1'), ('0', '1'), ('0', '1'), ('0', '1'), ('0', '1'), ('0', '1'), ('0', '1'), ('0', '1'), ('0', '1'), ('0', '1'))
derivative-only	('g', 'F0', -7, 3)	p78	(('6825000*C - 24570000*U^2', '1'), ('0', '1'), ('0', '1'), ('0', '1'), ('0', '1'), ('0', '1'), ('0', '1'), ('0', '1'), ('0', '1'), ('0', '1'), ('0', '1'), ('0', '1'), ('0', '1'), ('0', '1'), ('0', '1'), ('0', '1'), ('0', '1'), ('0', '1'))
derivative-only	('g', 'F0', -7, 3)	p79	(('-335790000*C^3 + 1051050000*C^2*U^2 + 2102100000*C*V^2*U + 175175000*V^4', '1'), ('0', '1'), ('0', '1'), ('0', '1'), ('0', '1'), ('0', '1'), ('0', '1'), ('0', '1'), ('0', '1'), ('0', '1'), ('0', '1'), ('0', '1'), ('0', '1'), ('0', '1'), ('0', '1'), ('0', '1'), ('0', '1'), ('0', '1'))
derivative-only	('g', 'F0', -7, 3)	p80	(('-1007370000*C^2*V + 2102100000*C*V*U^2 + 700700000*V^3*U', '1'), ('0', '1'), ('0', '1'), ('0', '1'), ('0', '1'), ('0', '1'), ('0', '1'), ('0', '1'), ('0', '1'), ('0', '1'), ('0', '1'), ('0', '1'), ('0', '1'), ('0', '1'), ('0', '1'), ('0', '1'), ('0', '1'), ('0', '1'))
derivative-only	('g', 'F0', -7, 3)	p81	(('343980000*C*V^2 + 700700000*C*U^3 + 1051050000*V^2*U^2', '1'), ('0', '1'), ('0', '1'), ('0', '1'), ('0', '1'), ('0', '1'), ('0', '1'), ('0', '1'), ('0', '1'), ('0', '1'), ('0', '1'), ('0', '1'), ('0', '1'), ('0', '1'), ('0', '1'), ('0', '1'), ('0', '1'), ('0', '1'))
derivative-only	('g', 'F0', -7, 3)	p82	(('114660000*V^3 + 700700000*V*U^3', '1'), ('0', '1'), ('0', '1'), ('0', '1'), ('0', '1'), ('0', '1'), ('0', '1'), ('0', '1'), ('0', '1'), ('0', '1'), ('0', '1'), ('0', '1'), ('0', '1'), ('0', '1'), ('0', '1'), ('0', '1'), ('0', '1'), ('0', '1'))
derivative-only	('g', 'F0', -7, 3)	p83	(('47775000*C^2 - 343980000*C*U^2 + 175175000*U^4', '1'), ('0', '1'), ('0', '1'), ('0', '1'), ('0', '1'), ('0', '1'), ('0', '1'), ('0', '1'), ('0', '1'), ('0', '1'), ('0', '1'), ('0', '1'), ('0', '1'), ('0', '1'), ('0', '1'), ('0', '1'), ('0', '1'), ('0', '1'))
derivative-only	('g', 'F0', -7, 3)	p84	(('-343980000*V*U^2', '1'), ('0', '1'), ('0', '1'), ('0', '1'), ('0', '1'), ('0', '1'), ('0', '1'), ('0', '1'), ('0', '1'), ('0', '1'), ('0', '1'), ('0', '1'), ('0', '1'), ('0', '1'), ('0', '1'), ('0', '1'), ('0', '1'), ('0', '1'))
derivative-only	('g', 'F0', -7, 3)	p85	(('-47775000*V^2 - 229320000*U^3', '1'), ('0', '1'), ('0', '1'), ('0', '1'), ('0', '1'), ('0', '1'), ('0', '1'), ('0', '1'), ('0', '1'), ('0', '1'), ('0', '1'), ('0', '1'), ('0', '1'), ('0', '1'), ('0', '1'), ('0', '1'), ('0', '1'), ('0', '1'))
derivative-only	('g', 'F0', -7, 3)	p86	(('-95550000*V*U', '1'), ('0', '1'), ('0', '1'), ('0', '1'), ('0', '1'), ('0', '1'), ('0', '1'), ('0', '1'), ('0', '1'), ('0', '1'), ('0', '1'), ('0', '1'), ('0', '1'), ('0', '1'), ('0', '1'), ('0', '1'), ('0', '1'), ('0', '1'))
derivative-only	('g', 'F0', -7, 3)	p87	(('-7007000000*C^3*U - 7930650000*C^2*V^2 + 5255250000*C^2*U^3 + 15765750000*C*V^2*U^2 + 2627625000*V^4*U', '1'), ('0', '1'), ('0', '1'), ('0', '1'), ('0', '1'), ('0', '1'), ('0', '1'), ('0', '1'), ('0', '1'), ('0', '1'), ('0', '1'), ('0', '1'), ('0', '1'), ('0', '1'), ('0', '1'), ('0', '1'), ('0', '1'), ('0', '1'))
derivative-only	('g', 'F0', -7, 3)	p88	(('-21021000000*C^2*V*U - 5287100000*C*V^3 + 10510500000*C*V*U^3 + 5255250000*V^3*U^2', '1'), ('0', '1'), ('0', '1'), ('0', '1'), ('0', '1'), ('0', '1'), ('0', '1'), ('0', '1'), ('0', '1'), ('0', '1'), ('0', '1'), ('0', '1'), ('0', '1'), ('0', '1'), ('0', '1'), ('0', '1'), ('0', '1'), ('0', '1'))
derivative-only	('g', 'F0', -7, 3)	p89	(('-2013375000*C^3 - 2579850000*C^2*U^2 + 2627625000*C*U^4 + 429975000*V^4 + 5255250000*V^2*U^3', '1'), ('0', '1'), ('0', '1'), ('0', '1'), ('0', '1'), ('0', '1'), ('0', '1'), ('0', '1'), ('0', '1'), ('0', '1'), ('0', '1'), ('0', '1'), ('0', '1'), ('0', '1'), ('0', '1'), ('0', '1'), ('0', '1'), ('0', '1'))
derivative-only	('g', 'F0', -7, 3)	p90	(('-6756750000*C^2*V - 5159700000*C*V*U^2 + 2627625000*V*U^4', '1'), ('0', '1'), ('0', '1'), ('0', '1'), ('0', '1'), ('0', '1'), ('0', '1'), ('0', '1'), ('0', '1'), ('0', '1'), ('0', '1'), ('0', '1'), ('0', '1'), ('0', '1'), ('0', '1'), ('0', '1'), ('0', '1'), ('0', '1'))
derivative-only	('g', 'F0', -7, 3)	p91	(('-716625000*C*V^2 - 3439800000*C*U^3 - 2579850000*V^2*U^2 + 525525000*U^5', '1'), ('0', '1'), ('0', '1'), ('0', '1'), ('0', '1'), ('0', '1'), ('0', '1'), ('0', '1'), ('0', '1'), ('0', '1'), ('0', '1'), ('0', '1'), ('0', '1'), ('0', '1'), ('0', '1'), ('0', '1'), ('0', '1'), ('0', '1'))
derivative-only	('g', 'F0', -7, 3)	p92	(('-1433250000*C*V*U - 477750000*V^3 - 3439800000*V*U^3', '1'), ('0', '1'), ('0', '1'), ('0', '1'), ('0', '1'), ('0', '1'), ('0', '1'), ('0', '1'), ('0', '1'), ('0', '1'), ('0', '1'), ('0', '1'), ('0', '1'), ('0', '1'), ('0', '1'), ('0', '1'), ('0', '1'), ('0', '1'))
derivative-only	('g', 'F0', -7, 3)	p93	(('-86625000*C^2 - 1433250000*V^2*U - 1289925000*U^4', '1'), ('0', '1'), ('0', '1'), ('0', '1'), ('0', '1'), ('0', '1'), ('0', '1'), ('0', '1'), ('0', '1'), ('0', '1'), ('0', '1'), ('0', '1'), ('0', '1'), ('0', '1'), ('0', '1'), ('0', '1'), ('0', '1'), ('0', '1'))
derivative-only	('g', 'F0', -7, 3)	p94	(('-173250000*C*V - 716625000*V*U^2', '1'), ('0', '1'), ('0', '1'), ('0', '1'), ('0', '1'), ('0', '1'), ('0', '1'), ('0', '1'), ('0', '1'), ('0', '1'), ('0', '1'), ('0', '1'), ('0', '1'), ('0', '1'), ('0', '1'), ('0', '1'), ('0', '1'), ('0', '1'))
derivative-only	('g', 'F0', -7, 3)	p95	(('-173250000*C*U - 86625000*V^2 + 238875000*U^3', '1'), ('0', '1'), ('0', '1'), ('0', '1'), ('0', '1'), ('0', '1'), ('0', '1'), ('0', '1'), ('0', '1'), ('0', '1'), ('0', '1'), ('0', '1'), ('0', '1'), ('0', '1'), ('0', '1'), ('0', '1'), ('0', '1'), ('0', '1'))
derivative-only	('g', 'F0', -7, 3)	p96	(('-38538500000*C^3*U - 63540750000*C^2*V^2 - 27518400000*C^2*U^3 - 41277600000*C*V^2*U^2 + 8408400000*C*U^5 + 21021000000*V^2*U^4', '1'), ('0', '1'), ('0', '1'), ('0', '1'), ('0', '1'), ('0', '1'), ('0', '1'), ('0', '1'), ('0', '1'), ('0', '1'), ('0', '1'), ('0', '1'), ('0', '1'), ('0', '1'), ('0', '1'), ('0', '1'), ('0', '1'), ('0', '1'))
derivative-only	('g', 'F0', -7, 3)	p97	(('-127081500000*C^2*V*U - 46182500000*C*V^3 - 55036800000*C*V*U^3 - 13759200000*V^3*U^2 + 8408400000*V*U^5', '1'), ('0', '1'), ('0', '1'), ('0', '1'), ('0', '1'), ('0', '1'), ('0', '1'), ('0', '1'), ('0', '1'), ('0', '1'), ('0', '1'), ('0', '1'), ('0', '1'), ('0', '1'), ('0', '1'), ('0', '1'), ('0', '1'), ('0', '1'))
derivative-only	('g', 'F0', -7, 3)	p98	(('-9182250000*C^3 - 22932000000*C*V^2*U - 20638800000*C*U^4 - 2866500000*V^4 - 27518400000*V^2*U^3 + 1401400000*U^6', '1'), ('0', '1'), ('0', '1'), ('0', '1'), ('0', '1'), ('0', '1'), ('0', '1'), ('0', '1'), ('0', '1'), ('0', '1'), ('0', '1'), ('0', '1'), ('0', '1'), ('0', '1'), ('0', '1'), ('0', '1'), ('0', '1'), ('0', '1'))
derivative-only	('g', 'F0', -7, 3)	p99	(('-27546750000*C^2*V - 11466000000*C*V*U^2 - 11466000000*V^3*U - 20638800000*V*U^4', '1'), ('0', '1'), ('0', '1'), ('0', '1'), ('0', '1'), ('0', '1'), ('0', '1'), ('0', '1'), ('0', '1'), ('0', '1'), ('0', '1'), ('0', '1'), ('0', '1'), ('0', '1'), ('0', '1'), ('0', '1'), ('0', '1'), ('0', '1'))
derivative-only	('g', 'F0', -7, 3)	p100	(('-2772000000*C^2*U - 2772000000*C*V^2 + 3822000000*C*U^3 - 11466000000*V^2*U^2 - 5503680000*U^5', '1'), ('0', '1'), ('0', '1'), ('0', '1'), ('0', '1'), ('0', '1'), ('0', '1'), ('0', '1'), ('0', '1'), ('0', '1'), ('0', '1'), ('0', '1'), ('0', '1'), ('0', '1'), ('0', '1'), ('0', '1'), ('0', '1'), ('0', '1'))
derivative-only	('g', 'F0', -7, 3)	p101	(('-2772000000*C*V*U - 924000000*V^3', '1'), ('0', '1'), ('0', '1'), ('0', '1'), ('0', '1'), ('0', '1'), ('0', '1'), ('0', '1'), ('0', '1'), ('0', '1'), ('0', '1'), ('0', '1'), ('0', '1'), ('0', '1'), ('0', '1'), ('0', '1'), ('0', '1'), ('0', '1'))
derivative-only	('g', 'F0', -7, 3)	p102	(('-148500000*C^2 - 1386000000*C*U^2 + 2866500000*U^4', '1'), ('0', '1'), ('0', '1'), ('0', '1'), ('0', '1'), ('0', '1'), ('0', '1'), ('0', '1'), ('0', '1'), ('0', '1'), ('0', '1'), ('0', '1'), ('0', '1'), ('0', '1'), ('0', '1'), ('0', '1'), ('0', '1'), ('0', '1'))
derivative-only	('g', 'F0', -7, 3)	p103	(('-297000000*C*V + 1386000000*V*U^2', '1'), ('0', '1'), ('0', '1'), ('0', '1'), ('0', '1'), ('0', '1'), ('0', '1'), ('0', '1'), ('0', '1'), ('0', '1'), ('0', '1'), ('0', '1'), ('0', '1'), ('0', '1'), ('0', '1'), ('0', '1'), ('0', '1'), ('0', '1'))
derivative-only	('g', 'F0', -7, 3)	p104	(('-177716000000*C^3*U - 266574000000*C^2*V^2 + 32487000000*C^2*U^3 - 194922000000*C*V^2*U^2 - 93562560000*C*U^5 - 64974000000*V^4*U - 175429800000*V^2*U^4 + 3403400000*U^7', '1'), ('0', '1'), ('0', '1'), ('0', '1'), ('0', '1'), ('0', '1'), ('0', '1'), ('0', '1'), ('0', '1'), ('0', '1'), ('0', '1'), ('0', '1'), ('0', '1'), ('0', '1'), ('0', '1'), ('0', '1'), ('0', '1'), ('0', '1'))
derivative-only	('g', 'F0', -7, 3)	p105	(('-509586000000*C^2*V*U - 177716000000*C*V^3 - 97461000000*V^3*U^2 - 93562560000*V*U^5', '1'), ('0', '1'), ('0', '1'), ('0', '1'), ('0', '1'), ('0', '1'), ('0', '1'), ('0', '1'), ('0', '1'), ('0', '1'), ('0', '1'), ('0', '1'), ('0', '1'), ('0', '1'), ('0', '1'), ('0', '1'), ('0', '1'), ('0', '1'))
derivative-only	('g', 'F0', -7, 3)	p106	(('-26457750000*C^3 - 23562000000*C^2*U^2 - 23562000000*C*V^2*U + 48730500000*C*U^4 - 5890500000*V^4 - 32487000000*V^2*U^3 - 19492200000*U^6', '1'), ('0', '1'), ('0', '1'), ('0', '1'), ('0', '1'), ('0', '1'), ('0', '1'), ('0', '1'), ('0', '1'), ('0', '1'), ('0', '1'), ('0', '1'), ('0', '1'), ('0', '1'), ('0', '1'), ('0', '1'), ('0', '1'), ('0', '1'))
derivative-only	('g', 'F0', -7, 3)	p107	(('-79373250000*C^2*V + 32487000000*V*U^4', '1'), ('0', '1'), ('0', '1'), ('0', '1'), ('0', '1'), ('0', '1'), ('0', '1'), ('0', '1'), ('0', '1'), ('0', '1'), ('0', '1'), ('0', '1'), ('0', '1'), ('0', '1'), ('0', '1'), ('0', '1'), ('0', '1'), ('0', '1'))
derivative-only	('g', 'F0', -7, 3)	p108	(('-2524500000*C*V^2 - 7854000000*C*U^3 + 23562000000*V^2*U^2 + 19492200000*U^5', '1'), ('0', '1'), ('0', '1'), ('0', '1'), ('0', '1'), ('0', '1'), ('0', '1'), ('0', '1'), ('0', '1'), ('0', '1'), ('0', '1'), ('0', '1'), ('0', '1'), ('0', '1'), ('0', '1'), ('0', '1'), ('0', '1'), ('0', '1'))
derivative-only	('g', 'F0', -7, 3)	p109	(('841500000*V^3 + 15708000000*V*U^3', '1'), ('0', '1'), ('0', '1'), ('0', '1'), ('0', '1'), ('0', '1'), ('0', '1'), ('0', '1'), ('0', '1'), ('0', '1'), ('0', '1'), ('0', '1'), ('0', '1'), ('0', '1'), ('0', '1'), ('0', '1'), ('0', '1'), ('0', '1'))
derivative-only	('g', 'F0', -7, 3)	p110	(('-243100000*C^2 + 2524500000*C*U^2 + 2524500000*V^2*U - 1963500000*U^4', '1'), ('0', '1'), ('0', '1'), ('0', '1'), ('0', '1'), ('0', '1'), ('0', '1'), ('0', '1'), ('0', '1'), ('0', '1'), ('0', '1'), ('0', '1'), ('0', '1'), ('0', '1'), ('0', '1'), ('0', '1'), ('0', '1'), ('0', '1'))
derivative-only	('g', 'F0', -7, 3)	p111	(('-501000500000*C^3*U - 796941750000*C^2*V^2 - 141372000000*C^2*U^3 + 212058000000*C*V^2*U^2 + 350859600000*C*U^5 + 146191500000*V^2*U^4 - 60147360000*U^7', '1'), ('0', '1'), ('0', '1'), ('0', '1'), ('0', '1'), ('0', '1'), ('0', '1'), ('0', '1'), ('0', '1'), ('0', '1'), ('0', '1'), ('0', '1'), ('0', '1'), ('0', '1'), ('0', '1'), ('0', '1'), ('0', '1'), ('0', '1'))
derivative-only	('g', 'F0', -7, 3)	p112	(('-1503001500000*C^2*V*U - 501000500000*C*V^3 + 141372000000*C*V*U^3 + 212058000000*V^3*U^2 + 292383000000*V*U^5', '1'), ('0', '1'), ('0', '1'), ('0', '1'), ('0', '1'), ('0', '1'), ('0', '1'), ('0', '1'), ('0', '1'), ('0', '1'), ('0', '1'), ('0', '1'), ('0', '1'), ('0', '1'), ('0', '1'), ('0', '1'), ('0', '1'), ('0', '1'))
derivative-only	('g', 'F0', -7, 3)	p113	(('-67331550000*C^3 + 45441000000*C^2*U^2 + 45441000000*C*V^2*U - 70686000000*C*U^4 + 11360250000*V^4 + 282744000000*V^2*U^3 + 97461000000*U^6', '1'), ('0', '1'), ('0', '1'), ('0', '1'), ('0', '1'), ('0', '1'), ('0', '1'), ('0', '1'), ('0', '1'), ('0', '1'), ('0', '1'), ('0', '1'), ('0', '1'), ('0', '1'), ('0', '1'), ('0', '1'), ('0', '1'), ('0', '1'))
derivative-only	('g', 'F0', -7, 3)	p114	(('-193243050000*C^2*V + 45441000000*C*V*U^2 + 45441000000*V^3*U + 70686000000*V*U^4', '1'), ('0', '1'), ('0', '1'), ('0', '1'), ('0', '1'), ('0', '1'), ('0', '1'), ('0', '1'), ('0', '1'), ('0', '1'), ('0', '1'), ('0', '1'), ('0', '1'), ('0', '1'), ('0', '1'), ('0', '1'), ('0', '1'), ('0', '1'))
derivative-only	('g', 'F0', -7, 3)	p115	(('4375800000*C*V^2 + 30294000000*C*U^3 + 22720500000*V^2*U^2 - 28274400000*U^5', '1'), ('0', '1'), ('0', '1'), ('0', '1'), ('0', '1'), ('0', '1'), ('0', '1'), ('0', '1'), ('0', '1'), ('0', '1'), ('0', '1'), ('0', '1'), ('0', '1'), ('0', '1'), ('0', '1'), ('0', '1'), ('0', '1'), ('0', '1'))
derivative-only	('g', 'F0', -7, 3)	p116	(('8751600000*C*V*U + 1458600000*V^3 - 15147000000*V*U^3', '1'), ('0', '1'), ('0', '1'), ('0', '1'), ('0', '1'), ('0', '1'), ('0', '1'), ('0', '1'), ('0', '1'), ('0', '1'), ('0', '1'), ('0', '1'), ('0', '1'), ('0', '1'), ('0', '1'), ('0', '1'), ('0', '1'), ('0', '1'))
derivative-only	('g', 'F0', -7, 3)	p117	(('-1402801400000*C^3*U - 2021061900000*C^2*V^2 + 575586000000*C^2*U^3 + 863379000000*C*V^2*U^2 - 671517000000*C*U^5 + 431689500000*V^4*U + 1678792500000*V^2*U^4 + 396805500000*U^7', '1'), ('0', '1'), ('0', '1'), ('0', '1'), ('0', '1'), ('0', '1'), ('0', '1'), ('0', '1'), ('0', '1'), ('0', '1'), ('0', '1'), ('0', '1'), ('0', '1'), ('0', '1'), ('0', '1'), ('0', '1'), ('0', '1'), ('0', '1'))
derivative-only	('g', 'F0', -7, 3)	p118	(('-4042123800000*C^2*V*U - 1319661200000*C*V^3 + 287793000000*C*V*U^3 + 431689500000*V^3*U^2', '1'), ('0', '1'), ('0', '1'), ('0', '1'), ('0', '1'), ('0', '1'), ('0', '1'), ('0', '1'), ('0', '1'), ('0', '1'), ('0', '1'), ('0', '1'), ('0', '1'), ('0', '1'), ('0', '1'), ('0', '1'), ('0', '1'), ('0', '1'))
derivative-only	('g', 'F0', -7, 3)	p119	(('-147875227500*C^3 + 166280400000*C*V^2*U + 215844750000*C*U^4 + 20785050000*V^4 - 143896500000*V^2*U^3 - 223839000000*U^6', '1'), ('0', '1'), ('0', '1'), ('0', '1'), ('0', '1'), ('0', '1'), ('0', '1'), ('0', '1'), ('0', '1'), ('0', '1'), ('0', '1'), ('0', '1'), ('0', '1'), ('0', '1'), ('0', '1'), ('0', '1'), ('0', '1'), ('0', '1'))
derivative-only	('g', 'F0', -7, 3)	p120	(('-443625682500*C^2*V + 83140200000*C*V*U^2 - 215844750000*V*U^4', '1'), ('0', '1'), ('0', '1'), ('0', '1'), ('0', '1'), ('0', '1'), ('0', '1'), ('0', '1'), ('0', '1'), ('0', '1'), ('0', '1'), ('0', '1'), ('0', '1'), ('0', '1'), ('0', '1'), ('0', '1'), ('0', '1'), ('0', '1'))
derivative-only	('g', 'F0', -7, 3)	p121	(('7274767500*C^2*U + 7274767500*C*V^2 - 27713400000*C*U^3 - 41570100000*V^2*U^2 + 14389650000*U^5', '1'), ('0', '1'), ('0', '1'), ('0', '1'), ('0', '1'), ('0', '1'), ('0', '1'), ('0', '1'), ('0', '1'), ('0', '1'), ('0', '1'), ('0', '1'), ('0', '1'), ('0', '1'), ('0', '1'), ('0', '1'), ('0', '1'), ('0', '1'))
derivative-only	('g', 'F0', -7, 3)	p122	(('-3361508150000*C^3*U - 5042262225000*C^2*V^2 - 554268000000*C^2*U^3 + 831402000000*C*V^2*U^2 + 1438965000000*C*U^5 - 3597412500000*V^2*U^4 - 1279080000000*U^7', '1'), ('0', '1'), ('0', '1'), ('0', '1'), ('0', '1'), ('0', '1'), ('0', '1'), ('0', '1'), ('0', '1'), ('0', '1'), ('0', '1'), ('0', '1'), ('0', '1'), ('0', '1'), ('0', '1'), ('0', '1'), ('0', '1'), ('0', '1'))
derivative-only	('g', 'F0', -7, 3)	p123	(('-10375515150000*C^2*V*U - 3410006600000*C*V^3 - 831402000000*V^3*U^2 - 1438965000000*V*U^5', '1'), ('0', '1'), ('0', '1'), ('0', '1'), ('0', '1'), ('0', '1'), ('0', '1'), ('0', '1'), ('0', '1'), ('0', '1'), ('0', '1'), ('0', '1'), ('0', '1'), ('0', '1'), ('0', '1'), ('0', '1'), ('0', '1'), ('0', '1'))
derivative-only	('g', 'F0', -7, 3)	p124	(('-318181500000*C^3 + 72747675000*C^2*U^2 - 415701000000*C*U^4 - 12124612500*V^4 - 554268000000*V^2*U^3 + 239827500000*U^6', '1'), ('0', '1'), ('0', '1'), ('0', '1'), ('0', '1'), ('0', '1'), ('0', '1'), ('0', '1'), ('0', '1'), ('0', '1'), ('0', '1'), ('0', '1'), ('0', '1'), ('0', '1'), ('0', '1'), ('0', '1'), ('0', '1'), ('0', '1'))
derivative-only	('g', 'F0', -7, 3)	p125	(('-954544500000*C^2*V - 145495350000*C*V*U^2 - 48498450000*V^3*U + 138567000000*V*U^4', '1'), ('0', '1'), ('0', '1'), ('0', '1'), ('0', '1'), ('0', '1'), ('0', '1'), ('0', '1'), ('0', '1'), ('0', '1'), ('0', '1'), ('0', '1'), ('0', '1'), ('0', '1'), ('0', '1'), ('0', '1'), ('0', '1'), ('0', '1'))
derivative-only	('g', 'F0', -7, 3)	p126	(('-8016008000000*C^3*U - 11901469125000*C^2*V^2 + 509233725000*C^2*U^3 - 3055402350000*C*V^2*U^2 - 3491888400000*C*U^5 - 1018467450000*V^4*U - 1454953500000*V^2*U^4 + 2158447500000*U^7', '1'), ('0', '1'), ('0', '1'), ('0', '1'), ('0', '1'), ('0', '1'), ('0', '1'), ('0', '1'), ('0', '1'), ('0', '1'), ('0', '1'), ('0', '1'), ('0', '1'), ('0', '1'), ('0', '1'), ('0', '1'), ('0', '1'), ('0', '1'))
derivative-only	('g', 'F0', -7, 3)	p127	(('-24048024000000*C^2*V*U - 8097703250000*C*V^3 - 2036934900000*C*V*U^3 - 509233725000*V^3*U^2 + 2327925600000*V*U^5', '1'), ('0', '1'), ('0', '1'), ('0', '1'), ('0', '1'), ('0', '1'), ('0', '1'), ('0', '1'), ('0', '1'), ('0', '1'), ('0', '1'), ('0', '1'), ('0', '1'), ('0', '1'), ('0', '1'), ('0', '1'), ('0', '1'), ('0', '1'))
derivative-only	('g', 'F0', -7, 3)	p128	(('-638092000000*C^3 - 122542875000*C^2*U^2 - 245085750000*C*V^2*U + 254616862500*C*U^4 - 20423812500*V^4 + 509233725000*V^2*U^3 - 96996900000*U^6', '1'), ('0', '1'), ('0', '1'), ('0', '1'), ('0', '1'), ('0', '1'), ('0', '1'), ('0', '1'), ('0', '1'), ('0', '1'), ('0', '1'), ('0', '1'), ('0', '1'), ('0', '1'), ('0', '1'), ('0', '1'), ('0', '1'), ('0', '1'))
derivative-only	('g', 'F0', -7, 3)	p129	(('-17034017000000*C^3*U + 16762746000000*C^2*V^2 - 1797295500000*C^2*U^3 - 2695943250000*C*V^2*U^2 + 4481256780000*C*U^5 + 8402356462500*V^2*U^4 - 1829084400000*U^7', '1'), ('0', '1'), ('0', '1'), ('0', '1'), ('0', '1'), ('0', '1'), ('0', '1'), ('0', '1'), ('0', '1'), ('0', '1'), ('0', '1'), ('0', '1'), ('0', '1'), ('0', '1'), ('0', '1'), ('0', '1'), ('0', '1'), ('0', '1'))
derivative-only	('g', 'F0', -7, 3)	p130	(('-8987979000000*C^2*V*U - 17167150000000*C*V^3 + 1797295500000*C*V*U^3 + 898647750000*V^3*U^2 - 1120314195000*V*U^5', '1'), ('0', '1'), ('0', '1'), ('0', '1'), ('0', '1'), ('0', '1'), ('0', '1'), ('0', '1'), ('0', '1'), ('0', '1'), ('0', '1'), ('0', '1'), ('0', '1'), ('0', '1'), ('0', '1'), ('0', '1'), ('0', '1'), ('0', '1'))
derivative-only	('g', 'F0', -7, 3)	p131	(('-6294326500000*C^3*U + 32535195000000*C^2*V^2 + 1531029500000*C^2*U^3 + 4593088500000*C*V^2*U^2 - 2066889825000*C*U^5 + 765514750000*V^4*U - 5167224562500*V^2*U^4 + 613505392500*U^7', '1'), ('0', '1'), ('0', '1'), ('0', '1'), ('0', '1'), ('0', '1'), ('0', '1'), ('0', '1'), ('0', '1'), ('0', '1'), ('0', '1'), ('0', '1'), ('0', '1'), ('0', '1'), ('0', '1'), ('0', '1'), ('0', '1'), ('0', '1'))
derivative-only	('g', 'F0', -7, 8)	constant	(('307246113281250*V', '1'), ('369208125000000*V', '1'), ('117941484375000*V', '1'), ('0', '1'), ('0', '1'), ('0', '1'), ('0', '1'), ('0', '1'), ('0', '1'), ('0', '1'), ('0', '1'), ('0', '1'), ('0', '1'), ('0', '1'), ('0', '1'), ('0', '1'), ('0', '1'), ('0', '1'))
derivative-only	('g', 'F0', -7, 8)	p79	(('-17578125', '1'), ('0', '1'), ('0', '1'), ('0', '1'), ('0', '1'), ('0', '1'), ('0', '1'), ('0', '1'), ('0', '1'), ('0', '1'), ('0', '1'), ('0', '1'), ('0', '1'), ('0', '1'), ('0', '1'), ('0', '1'), ('0', '1'), ('0', '1'))
derivative-only	('g', 'F0', -7, 8)	p89	(('-175781250', '1'), ('0', '1'), ('0', '1'), ('0', '1'), ('0', '1'), ('0', '1'), ('0', '1'), ('0', '1'), ('0', '1'), ('0', '1'), ('0', '1'), ('0', '1'), ('0', '1'), ('0', '1'), ('0', '1'), ('0', '1'), ('0', '1'), ('0', '1'))
derivative-only	('g', 'F0', -7, 8)	p98	(('-966796875', '1'), ('0', '1'), ('0', '1'), ('0', '1'), ('0', '1'), ('0', '1'), ('0', '1'), ('0', '1'), ('0', '1'), ('0', '1'), ('0', '1'), ('0', '1'), ('0', '1'), ('0', '1'), ('0', '1'), ('0', '1'), ('0', '1'), ('0', '1'))
derivative-only	('g', 'F0', -7, 8)	p106	(('-3867187500', '1'), ('0', '1'), ('0', '1'), ('0', '1'), ('0', '1'), ('0', '1'), ('0', '1'), ('0', '1'), ('0', '1'), ('0', '1'), ('0', '1'), ('0', '1'), ('0', '1'), ('0', '1'), ('0', '1'), ('0', '1'), ('0', '1'), ('0', '1'))
derivative-only	('g', 'F0', -7, 8)	p113	(('-12568359375', '1'), ('0', '1'), ('0', '1'), ('0', '1'), ('0', '1'), ('0', '1'), ('0', '1'), ('0', '1'), ('0', '1'), ('0', '1'), ('0', '1'), ('0', '1'), ('0', '1'), ('0', '1'), ('0', '1'), ('0', '1'), ('0', '1'), ('0', '1'))
derivative-only	('g', 'F0', -7, 8)	p119	(('-35191406250', '1'), ('0', '1'), ('0', '1'), ('0', '1'), ('0', '1'), ('0', '1'), ('0', '1'), ('0', '1'), ('0', '1'), ('0', '1'), ('0', '1'), ('0', '1'), ('0', '1'), ('0', '1'), ('0', '1'), ('0', '1'), ('0', '1'), ('0', '1'))
derivative-only	('g', 'F0', -7, 8)	p124	(('-87978515625', '1'), ('0', '1'), ('0', '1'), ('0', '1'), ('0', '1'), ('0', '1'), ('0', '1'), ('0', '1'), ('0', '1'), ('0', '1'), ('0', '1'), ('0', '1'), ('0', '1'), ('0', '1'), ('0', '1'), ('0', '1'), ('0', '1'), ('0', '1'))
derivative-only	('g', 'F0', -7, 8)	p128	(('-201093750000', '1'), ('0', '1'), ('0', '1'), ('0', '1'), ('0', '1'), ('0', '1'), ('0', '1'), ('0', '1'), ('0', '1'), ('0', '1'), ('0', '1'), ('0', '1'), ('0', '1'), ('0', '1'), ('0', '1'), ('0', '1'), ('0', '1'), ('0', '1'))
derivative-only	('g', 'F0', -7, 8)	p131	(('9828457031250*U', '1'), ('0', '1'), ('0', '1'), ('0', '1'), ('0', '1'), ('0', '1'), ('0', '1'), ('0', '1'), ('0', '1'), ('0', '1'), ('0', '1'), ('0', '1'), ('0', '1'), ('0', '1'), ('0', '1'), ('0', '1'), ('0', '1'), ('0', '1'))
derivative-only	('g', 'F0', -6, 1)	constant	(('-996822146705128/3*C^5 - 166370634905790*C^4*U^2 - 4120243156591080*C^3*V^2*U - 3832059922700600*C^3*U^4 + 844257189041010*C^2*V^4 + 65026754609478450*C^2*V^2*U^3 + 13147252433707020*C^2*U^6 - 14959237379022925/2*C*V^4*U^2 + 56379296781161640*C*V^2*U^5 + 9078474607857945*C*U^8 + 160525467644580*V^6*U - 4486524585723475*V^4*U^4 + 1708912773680880*V^2*U^7 + 106930707006143*U^10', '1'), ('363197555656304/3*C^5 - 236561169359480*C^4*U^2 - 27545390562056360*C^3*V^2*U - 14778617520433080*C^3*U^4 - 1194444184969880*C^2*V^4 + 58059895232437680*C^2*V^2*U^3 + 7781938127973960*C^2*U^6 - 17691393493907140*C*V^4*U^2 + 80651735715159720*C*V^2*U^5 + 14020256959421520*C*U^8 - 388400368049440*V^6*U - 19011992903992600*V^4*U^4 + 5474536912702080*V^2*U^7 + 378931819837656*U^10', '1'), ('-1793560745738752/3*C^5 + 3923158850543240*C^4*U^2 + 8311400163970280*C^3*V^2*U + 29977392398114040*C^3*U^4 + 1151373093772790*C^2*V^4 + 78725187054230160*C^2*V^2*U^3 - 41372192244698080*C^2*U^6 - 4334171898973180*C*V^4*U^2 + 39139981699698240*C*V^2*U^5 + 15994524018492240*C*U^8 + 3269334417482720*V^6*U + 3962066103343800*V^4*U^4 + 8535081184104960*V^2*U^7 - 249218650728*U^10', '1'), ('907272517268276/3*C^5 - 2575567700262270*C^4*U^2 - 14691061581270840*C^3*V^2*U + 3266126342887080*C^3*U^4 - 278381298885570*C^2*V^4 - 4179526995956430*C^2*V^2*U^3 - 5333237063968660*C^2*U^6 - 5001516217124845/2*C*V^4*U^2 + 38915874059392680*C*V^2*U^5 + 1878252609985155*C*U^8 - 82715113110560*V^6*U - 5705371989214275*V^4*U^4 - 894301167917880*V^2*U^7 + 191146765188639*U^10', '1'), ('-202098649457368/3*C^5 + 21841554512260*C^4*U^2 + 2314357093610920*C^3*V^2*U + 6628446502619760*C^3*U^4 + 626682679341910*C^2*V^4 + 4126512273192540*C^2*V^2*U^3 - 5572512361555720*C^2*U^6 - 186864806601795*C*V^4*U^2 + 5468141564486160*C*V^2*U^5 + 938768543975010*C*U^8 + 237580581245280*V^6*U + 1221178270933950*V^4*U^4 + 126170023721040*V^2*U^7 - 11510428332702*U^10', '1'), ('26130552258560*C^5 - 319999948388400*C^4*U^2 - 967486984757400*C^3*V^2*U - 150813599413680*C^3*U^4 + 11761731504150*C^2*V^4 - 2420993313826920*C^2*V^2*U^3 + 488461403016720*C^2*U^6 - 651992779119990*C*V^4*U^2 + 790663777727040*C*V^2*U^5 - 179286324193620*C*U^8 - 108822628185600*V^6*U - 886930829040900*V^4*U^4 - 99536980207680*V^2*U^7 + 12959115354900*U^10', '1'), ('700000000/9*C^2 - 224000000*C*U^2 - 224000000*V^2*U', '1'), ('-1225000000/9*C^2 + 392000000*C*U^2 + 392000000*V^2*U', '1'), ('98437500*C^2 - 283500000*C*U^2 - 283500000*V^2*U', '1'), ('-306250000/9*C^2 + 98000000*C*U^2 + 98000000*V^2*U', '1'), ('43750000/9*C^2 - 14000000*C*U^2 - 14000000*V^2*U', '1'), ('0', '1'), ('0', '1'), ('0', '1'), ('0', '1'), ('0', '1'), ('0', '1'), ('0', '1'))
derivative-only	('g', 'F0', -6, 1)	p30	(('-50', '1'), ('0', '1'), ('0', '1'), ('0', '1'), ('0', '1'), ('0', '1'), ('0', '1'), ('0', '1'), ('0', '1'), ('0', '1'), ('0', '1'), ('0', '1'), ('0', '1'), ('0', '1'), ('0', '1'), ('0', '1'), ('0', '1'), ('0', '1'))
derivative-only	('g', 'F0', -6, 1)	p32	(('-150', '1'), ('0', '1'), ('0', '1'), ('0', '1'), ('0', '1'), ('0', '1'), ('0', '1'), ('0', '1'), ('0', '1'), ('0', '1'), ('0', '1'), ('0', '1'), ('0', '1'), ('0', '1'), ('0', '1'), ('0', '1'), ('0', '1'), ('0', '1'))
derivative-only	('g', 'F0', -6, 1)	p37	(('1800*C', '1'), ('0', '1'), ('0', '1'), ('0', '1'), ('0', '1'), ('0', '1'), ('0', '1'), ('0', '1'), ('0', '1'), ('0', '1'), ('0', '1'), ('0', '1'), ('0', '1'), ('0', '1'), ('0', '1'), ('0', '1'), ('0', '1'), ('0', '1'))
derivative-only	('g', 'F0', -6, 1)	p38	(('1800*V', '1'), ('0', '1'), ('0', '1'), ('0', '1'), ('0', '1'), ('0', '1'), ('0', '1'), ('0', '1'), ('0', '1'), ('0', '1'), ('0', '1'), ('0', '1'), ('0', '1'), ('0', '1'), ('0', '1'), ('0', '1'), ('0', '1'), ('0', '1'))
derivative-only	('g', 'F0', -6, 1)	p39	(('1800*U', '1'), ('0', '1'), ('0', '1'), ('0', '1'), ('0', '1'), ('0', '1'), ('0', '1'), ('0', '1'), ('0', '1'), ('0', '1'), ('0', '1'), ('0', '1'), ('0', '1'), ('0', '1'), ('0', '1'), ('0', '1'), ('0', '1'), ('0', '1'))
derivative-only	('g', 'F0', -6, 1)	p40	(('12600*V*U', '1'), ('0', '1'), ('0', '1'), ('0', '1'), ('0', '1'), ('0', '1'), ('0', '1'), ('0', '1'), ('0', '1'), ('0', '1'), ('0', '1'), ('0', '1'), ('0', '1'), ('0', '1'), ('0', '1'), ('0', '1'), ('0', '1'), ('0', '1'))
derivative-only	('g', 'F0', -6, 1)	p41	(('3500*C + 6300*U^2', '1'), ('0', '1'), ('0', '1'), ('0', '1'), ('0', '1'), ('0', '1'), ('0', '1'), ('0', '1'), ('0', '1'), ('0', '1'), ('0', '1'), ('0', '1'), ('0', '1'), ('0', '1'), ('0', '1'), ('0', '1'), ('0', '1'), ('0', '1'))
derivative-only	('g', 'F0', -6, 1)	p42	(('3500*V', '1'), ('0', '1'), ('0', '1'), ('0', '1'), ('0', '1'), ('0', '1'), ('0', '1'), ('0', '1'), ('0', '1'), ('0', '1'), ('0', '1'), ('0', '1'), ('0', '1'), ('0', '1'), ('0', '1'), ('0', '1'), ('0', '1'), ('0', '1'))
derivative-only	('g', 'F0', -6, 1)	p43	(('-35000*C*V + 50400*V*U^2', '1'), ('0', '1'), ('0', '1'), ('0', '1'), ('0', '1'), ('0', '1'), ('0', '1'), ('0', '1'), ('0', '1'), ('0', '1'), ('0', '1'), ('0', '1'), ('0', '1'), ('0', '1'), ('0', '1'), ('0', '1'), ('0', '1'), ('0', '1'))
derivative-only	('g', 'F0', -6, 1)	p44	(('-63000*C*U - 17500*V^2 + 16800*U^3', '1'), ('0', '1'), ('0', '1'), ('0', '1'), ('0', '1'), ('0', '1'), ('0', '1'), ('0', '1'), ('0', '1'), ('0', '1'), ('0', '1'), ('0', '1'), ('0', '1'), ('0', '1'), ('0', '1'), ('0', '1'), ('0', '1'), ('0', '1'))
derivative-only	('g', 'F0', -6, 1)	p46	(('6000*C - 14000*U^2', '1'), ('0', '1'), ('0', '1'), ('0', '1'), ('0', '1'), ('0', '1'), ('0', '1'), ('0', '1'), ('0', '1'), ('0', '1'), ('0', '1'), ('0', '1'), ('0', '1'), ('0', '1'), ('0', '1'), ('0', '1'), ('0', '1'), ('0', '1'))
derivative-only	('g', 'F0', -6, 1)	p47	(('-302400*C^2*U - 176400*C*V^2 + 151200*C*U^3 + 226800*V^2*U^2', '1'), ('0', '1'), ('0', '1'), ('0', '1'), ('0', '1'), ('0', '1'), ('0', '1'), ('0', '1'), ('0', '1'), ('0', '1'), ('0', '1'), ('0', '1'), ('0', '1'), ('0', '1'), ('0', '1'), ('0', '1'), ('0', '1'), ('0', '1'))
derivative-only	('g', 'F0', -6, 1)	p48	(('-604800*C*V*U - 58800*V^3 + 151200*V*U^3', '1'), ('0', '1'), ('0', '1'), ('0', '1'), ('0', '1'), ('0', '1'), ('0', '1'), ('0', '1'), ('0', '1'), ('0', '1'), ('0', '1'), ('0', '1'), ('0', '1'), ('0', '1'), ('0', '1'), ('0', '1'), ('0', '1'), ('0', '1'))
derivative-only	('g', 'F0', -6, 1)	p49	(('37500*C^2 - 428400*C*U^2 - 302400*V^2*U + 37800*U^4', '1'), ('0', '1'), ('0', '1'), ('0', '1'), ('0', '1'), ('0', '1'), ('0', '1'), ('0', '1'), ('0', '1'), ('0', '1'), ('0', '1'), ('0', '1'), ('0', '1'), ('0', '1'), ('0', '1'), ('0', '1'), ('0', '1'), ('0', '1'))
derivative-only	('g', 'F0', -6, 1)	p50	(('-189000*C*V - 126000*V*U^2', '1'), ('0', '1'), ('0', '1'), ('0', '1'), ('0', '1'), ('0', '1'), ('0', '1'), ('0', '1'), ('0', '1'), ('0', '1'), ('0', '1'), ('0', '1'), ('0', '1'), ('0', '1'), ('0', '1'), ('0', '1'), ('0', '1'), ('0', '1'))
derivative-only	('g', 'F0', -6, 1)	p51	(('-189000*C*U - 121500*V^2 - 84000*U^3', '1'), ('0', '1'), ('0', '1'), ('0', '1'), ('0', '1'), ('0', '1'), ('0', '1'), ('0', '1'), ('0', '1'), ('0', '1'), ('0', '1'), ('0', '1'), ('0', '1'), ('0', '1'), ('0', '1'), ('0', '1'), ('0', '1'), ('0', '1'))
derivative-only	('g', 'F0', -6, 1)	p52	(('-54000*V*U', '1'), ('0', '1'), ('0', '1'), ('0', '1'), ('0', '1'), ('0', '1'), ('0', '1'), ('0', '1'), ('0', '1'), ('0', '1'), ('0', '1'), ('0', '1'), ('0', '1'), ('0', '1'), ('0', '1'), ('0', '1'), ('0', '1'), ('0', '1'))
derivative-only	('g', 'F0', -6, 1)	p53	(('-1058400*C^2*U - 1328400*C*V^2 - 840000*C*U^3 - 630000*V^2*U^2 + 75600*U^5', '1'), ('0', '1'), ('0', '1'), ('0', '1'), ('0', '1'), ('0', '1'), ('0', '1'), ('0', '1'), ('0', '1'), ('0', '1'), ('0', '1'), ('0', '1'), ('0', '1'), ('0', '1'), ('0', '1'), ('0', '1'), ('0', '1'), ('0', '1'))
derivative-only	('g', 'F0', -6, 1)	p54	(('-2656800*C*V*U - 532800*V^3 - 840000*V*U^3', '1'), ('0', '1'), ('0', '1'), ('0', '1'), ('0', '1'), ('0', '1'), ('0', '1'), ('0', '1'), ('0', '1'), ('0', '1'), ('0', '1'), ('0', '1'), ('0', '1'), ('0', '1'), ('0', '1'), ('0', '1'), ('0', '1'), ('0', '1'))
derivative-only	('g', 'F0', -6, 1)	p55	(('99750*C^2 - 1058400*C*U^2 - 1598400*V^2*U - 315000*U^4', '1'), ('0', '1'), ('0', '1'), ('0', '1'), ('0', '1'), ('0', '1'), ('0', '1'), ('0', '1'), ('0', '1'), ('0', '1'), ('0', '1'), ('0', '1'), ('0', '1'), ('0', '1'), ('0', '1'), ('0', '1'), ('0', '1'), ('0', '1'))
derivative-only	('g', 'F0', -6, 1)	p56	(('-535500*C*V - 270000*V*U^2', '1'), ('0', '1'), ('0', '1'), ('0', '1'), ('0', '1'), ('0', '1'), ('0', '1'), ('0', '1'), ('0', '1'), ('0', '1'), ('0', '1'), ('0', '1'), ('0', '1'), ('0', '1'), ('0', '1'), ('0', '1'), ('0', '1'), ('0', '1'))
derivative-only	('g', 'F0', -6, 1)	p57	(('-535500*C*U - 267750*V^2 + 90000*U^3', '1'), ('0', '1'), ('0', '1'), ('0', '1'), ('0', '1'), ('0', '1'), ('0', '1'), ('0', '1'), ('0', '1'), ('0', '1'), ('0', '1'), ('0', '1'), ('0', '1'), ('0', '1'), ('0', '1'), ('0', '1'), ('0', '1'), ('0', '1'))
derivative-only	('g', 'F0', -6, 1)	p58	(('-682500*C^3 + 9172800*C^2*U^2 + 3585600*C*V^2*U - 6111000*C*U^4 - 683700*V^4 - 9912000*V^2*U^3 + 138600*U^6', '1'), ('0', '1'), ('0', '1'), ('0', '1'), ('0', '1'), ('0', '1'), ('0', '1'), ('0', '1'), ('0', '1'), ('0', '1'), ('0', '1'), ('0', '1'), ('0', '1'), ('0', '1'), ('0', '1'), ('0', '1'), ('0', '1'), ('0', '1'))
derivative-only	('g', 'F0', -6, 1)	p59	(('-157500*C^2*V + 15375600*C*V*U^2 + 205200*V^3*U - 6111000*V*U^4', '1'), ('0', '1'), ('0', '1'), ('0', '1'), ('0', '1'), ('0', '1'), ('0', '1'), ('0', '1'), ('0', '1'), ('0', '1'), ('0', '1'), ('0', '1'), ('0', '1'), ('0', '1'), ('0', '1'), ('0', '1'), ('0', '1'), ('0', '1'))
derivative-only	('g', 'F0', -6, 1)	p60	(('-3861900*C^2*U - 3861900*C*V^2 + 990000*C*U^3 - 2970000*V^2*U^2 - 924000*U^5', '1'), ('0', '1'), ('0', '1'), ('0', '1'), ('0', '1'), ('0', '1'), ('0', '1'), ('0', '1'), ('0', '1'), ('0', '1'), ('0', '1'), ('0', '1'), ('0', '1'), ('0', '1'), ('0', '1'), ('0', '1'), ('0', '1'), ('0', '1'))
derivative-only	('g', 'F0', -6, 1)	p61	(('-6684300*C*V*U - 1287300*V^3', '1'), ('0', '1'), ('0', '1'), ('0', '1'), ('0', '1'), ('0', '1'), ('0', '1'), ('0', '1'), ('0', '1'), ('0', '1'), ('0', '1'), ('0', '1'), ('0', '1'), ('0', '1'), ('0', '1'), ('0', '1'), ('0', '1'), ('0', '1'))
derivative-only	('g', 'F0', -6, 1)	p62	(('462000*C^2 - 3342150*C*U^2 - 2822400*V^2*U + 742500*U^4', '1'), ('0', '1'), ('0', '1'), ('0', '1'), ('0', '1'), ('0', '1'), ('0', '1'), ('0', '1'), ('0', '1'), ('0', '1'), ('0', '1'), ('0', '1'), ('0', '1'), ('0', '1'), ('0', '1'), ('0', '1'), ('0', '1'), ('0', '1'))
derivative-only	('g', 'F0', -6, 1)	p63	(('-1036000*C*V + 519750*V*U^2', '1'), ('0', '1'), ('0', '1'), ('0', '1'), ('0', '1'), ('0', '1'), ('0', '1'), ('0', '1'), ('0', '1'), ('0', '1'), ('0', '1'), ('0', '1'), ('0', '1'), ('0', '1'), ('0', '1'), ('0', '1'), ('0', '1'), ('0', '1'))
derivative-only	('g', 'F0', -6, 1)	p64	(('-2944200*C^3*V + 101124000*C^2*V*U^2 + 6696000*C*V^3*U - 74844000*C*V*U^4 - 2107200*V^5 - 40656000*V^3*U^3 + 1663200*V*U^6', '1'), ('0', '1'), ('0', '1'), ('0', '1'), ('0', '1'), ('0', '1'), ('0', '1'), ('0', '1'), ('0', '1'), ('0', '1'), ('0', '1'), ('0', '1'), ('0', '1'), ('0', '1'), ('0', '1'), ('0', '1'), ('0', '1'), ('0', '1'))
derivative-only	('g', 'F0', -6, 1)	p65	(('-14704200*C^3*U + 7463700*C^2*V^2 + 64068000*C^2*U^3 + 83304000*C*V^2*U^2 - 17740800*C*U^5 - 1296000*V^4*U - 37422000*V^2*U^4 + 237600*U^7', '1'), ('0', '1'), ('0', '1'), ('0', '1'), ('0', '1'), ('0', '1'), ('0', '1'), ('0', '1'), ('0', '1'), ('0', '1'), ('0', '1'), ('0', '1'), ('0', '1'), ('0', '1'), ('0', '1'), ('0', '1'), ('0', '1'), ('0', '1'))
derivative-only	('g', 'F0', -6, 1)	p66	(('-14115600*C^2*V*U + 12895800*C*V^3 + 116256000*C*V*U^3 + 21828000*V^3*U^2 - 17740800*V*U^5', '1'), ('0', '1'), ('0', '1'), ('0', '1'), ('0', '1'), ('0', '1'), ('0', '1'), ('0', '1'), ('0', '1'), ('0', '1'), ('0', '1'), ('0', '1'), ('0', '1'), ('0', '1'), ('0', '1'), ('0', '1'), ('0', '1'), ('0', '1'))
derivative-only	('g', 'F0', -6, 1)	p67	(('-1960000*C^3 + 36804600*C^2*U^2 + 44566200*C*V^2*U - 1674000*C*U^4 - 265650*V^4 - 27108000*V^2*U^3 - 2310000*U^6', '1'), ('0', '1'), ('0', '1'), ('0', '1'), ('0', '1'), ('0', '1'), ('0', '1'), ('0', '1'), ('0', '1'), ('0', '1'), ('0', '1'), ('0', '1'), ('0', '1'), ('0', '1'), ('0', '1'), ('0', '1'), ('0', '1'), ('0', '1'))
derivative-only	('g', 'F0', -6, 1)	p68	(('1680000*C^2*V + 86083200*C*V*U^2 + 16934400*V^3*U - 4644000*V*U^4', '1'), ('0', '1'), ('0', '1'), ('0', '1'), ('0', '1'), ('0', '1'), ('0', '1'), ('0', '1'), ('0', '1'), ('0', '1'), ('0', '1'), ('0', '1'), ('0', '1'), ('0', '1'), ('0', '1'), ('0', '1'), ('0', '1'), ('0', '1'))
derivative-only	('g', 'F0', -6, 1)	p69	(('4233600*C^2*U - 1982400*C*V^2 - 2079000*C*U^3 + 6237000*V^2*U^2 + 3564000*U^5', '1'), ('0', '1'), ('0', '1'), ('0', '1'), ('0', '1'), ('0', '1'), ('0', '1'), ('0', '1'), ('0', '1'), ('0', '1'), ('0', '1'), ('0', '1'), ('0', '1'), ('0', '1'), ('0', '1'), ('0', '1'), ('0', '1'), ('0', '1'))
derivative-only	('g', 'F0', -6, 1)	p70	(('-2116800*C*V*U + 3483200*V^3 + 4158000*V*U^3', '1'), ('0', '1'), ('0', '1'), ('0', '1'), ('0', '1'), ('0', '1'), ('0', '1'), ('0', '1'), ('0', '1'), ('0', '1'), ('0', '1'), ('0', '1'), ('0', '1'), ('0', '1'), ('0', '1'), ('0', '1'), ('0', '1'), ('0', '1'))
derivative-only	('g', 'F0', -6, 1)	p71	(('1292400*C^2 + 5157600*C*U^2 - 134400*V^2*U - 519750*U^4', '1'), ('0', '1'), ('0', '1'), ('0', '1'), ('0', '1'), ('0', '1'), ('0', '1'), ('0', '1'), ('0', '1'), ('0', '1'), ('0', '1'), ('0', '1'), ('0', '1'), ('0', '1'), ('0', '1'), ('0', '1'), ('0', '1'), ('0', '1'))
derivative-only	('g', 'F0', -6, 1)	p72	(('1394400*C^3*V + 589963500*C^2*V*U^2 + 226989000*C*V^3*U - 72468000*C*V*U^4 - 1020600*V^5 - 151272000*V^3*U^3 - 30030000*V*U^6', '1'), ('0', '1'), ('0', '1'), ('0', '1'), ('0', '1'), ('0', '1'), ('0', '1'), ('0', '1'), ('0', '1'), ('0', '1'), ('0', '1'), ('0', '1'), ('0', '1'), ('0', '1'), ('0', '1'), ('0', '1'), ('0', '1'), ('0', '1'))
derivative-only	('g', 'F0', -6, 1)	p73	(('11642400*C^3*U + 95955600*C^2*V^2 + 266301000*C^2*U^3 + 671044500*C*V^2*U^2 + 16394400*C*U^5 + 63504000*V^4*U - 55539000*V^2*U^4 - 5148000*U^7', '1'), ('0', '1'), ('0', '1'), ('0', '1'), ('0', '1'), ('0', '1'), ('0', '1'), ('0', '1'), ('0', '1'), ('0', '1'), ('0', '1'), ('0', '1'), ('0', '1'), ('0', '1'), ('0', '1'), ('0', '1'), ('0', '1'), ('0', '1'))
derivative-only	('g', 'F0', -6, 1)	p74	(('73051200*C^2*V*U + 153482400*C*V^3 + 613683000*C*V*U^3 + 250708500*V^3*U^2 + 8672400*V*U^5', '1'), ('0', '1'), ('0', '1'), ('0', '1'), ('0', '1'), ('0', '1'), ('0', '1'), ('0', '1'), ('0', '1'), ('0', '1'), ('0', '1'), ('0', '1'), ('0', '1'), ('0', '1'), ('0', '1'), ('0', '1'), ('0', '1'), ('0', '1'))
derivative-only	('g', 'F0', -6, 1)	p75	(('-5414400*C^3 + 288254400*C^2*U^2 + 321064800*C*V^2*U - 45265500*C*U^4 + 42869400*V^4 - 9450000*V^2*U^3 + 12870000*U^6', '1'), ('0', '1'), ('0', '1'), ('0', '1'), ('0', '1'), ('0', '1'), ('0', '1'), ('0', '1'), ('0', '1'), ('0', '1'), ('0', '1'), ('0', '1'), ('0', '1'), ('0', '1'), ('0', '1'), ('0', '1'), ('0', '1'), ('0', '1'))
derivative-only	('g', 'F0', -6, 1)	p76	(('30164400*C^2*V + 426904800*C*V*U^2 + 137961600*V^3*U - 18238500*V*U^4', '1'), ('0', '1'), ('0', '1'), ('0', '1'), ('0', '1'), ('0', '1'), ('0', '1'), ('0', '1'), ('0', '1'), ('0', '1'), ('0', '1'), ('0', '1'), ('0', '1'), ('0', '1'), ('0', '1'), ('0', '1'), ('0', '1'), ('0', '1'))
derivative-only	('g', 'F0', -6, 1)	p77	(('7938000*C^2*U + 19801800*C*V^2 + 76804000*C*U^3 + 40404000*V^2*U^2 - 5405400*U^5', '1'), ('0', '1'), ('0', '1'), ('0', '1'), ('0', '1'), ('0', '1'), ('0', '1'), ('0', '1'), ('0', '1'), ('0', '1'), ('0', '1'), ('0', '1'), ('0', '1'), ('0', '1'), ('0', '1'), ('0', '1'), ('0', '1'), ('0', '1'))
derivative-only	('g', 'F0', -6, 1)	p78	(('18964800*C*V*U + 6600600*V^3 - 4004000*V*U^3', '1'), ('0', '1'), ('0', '1'), ('0', '1'), ('0', '1'), ('0', '1'), ('0', '1'), ('0', '1'), ('0', '1'), ('0', '1'), ('0', '1'), ('0', '1'), ('0', '1'), ('0', '1'), ('0', '1'), ('0', '1'), ('0', '1'), ('0', '1'))
derivative-only	('g', 'F0', -6, 1)	p79	(('1455705000*C^3*V*U + 413566000*C^2*V^3 - 2694384000*C^2*V*U^3 + 766854000*C*V^3*U^2 + 2197087200*C*V*U^5 + 277635600*V^5*U + 1110186000*V^3*U^4 - 99871200*V*U^7', '1'), ('0', '1'), ('0', '1'), ('0', '1'), ('0', '1'), ('0', '1'), ('0', '1'), ('0', '1'), ('0', '1'), ('0', '1'), ('0', '1'), ('0', '1'), ('0', '1'), ('0', '1'), ('0', '1'), ('0', '1'), ('0', '1'), ('0', '1'))
derivative-only	('g', 'F0', -6, 1)	p80	(('-46834200*C^4 + 1701388500*C^3*U^2 + 1261257000*C^2*V^2*U - 1586202750*C^2*U^4 + 382691000*C*V^4 - 1431837000*C*V^2*U^3 + 510325200*C*U^6 + 460053000*V^4*U^2 + 1044489600*V^2*U^5 - 13985400*U^8', '1'), ('0', '1'), ('0', '1'), ('0', '1'), ('0', '1'), ('0', '1'), ('0', '1'), ('0', '1'), ('0', '1'), ('0', '1'), ('0', '1'), ('0', '1'), ('0', '1'), ('0', '1'), ('0', '1'), ('0', '1'), ('0', '1'), ('0', '1'))
derivative-only	('g', 'F0', -6, 1)	p81	(('180457200*C^3*V + 4354896000*C^2*V*U^2 + 2404920000*C*V^3*U - 404365500*C*V*U^4 + 197248800*V^5 + 45738000*V^3*U^3 + 162162000*V*U^6', '1'), ('0', '1'), ('0', '1'), ('0', '1'), ('0', '1'), ('0', '1'), ('0', '1'), ('0', '1'), ('0', '1'), ('0', '1'), ('0', '1'), ('0', '1'), ('0', '1'), ('0', '1'), ('0', '1'), ('0', '1'), ('0', '1'), ('0', '1'))
derivative-only	('g', 'F0', -6, 1)	p82	(('-84142800*C^3*U + 614979000*C^2*V^2 + 2105936000*C^2*U^3 + 3873324000*C*V^2*U^2 - 194386500*C*U^5 + 803796000*V^4*U - 12993750*V^2*U^4 + 38610000*U^7', '1'), ('0', '1'), ('0', '1'), ('0', '1'), ('0', '1'), ('0', '1'), ('0', '1'), ('0', '1'), ('0', '1'), ('0', '1'), ('0', '1'), ('0', '1'), ('0', '1'), ('0', '1'), ('0', '1'), ('0', '1'), ('0', '1'), ('0', '1'))
derivative-only	('g', 'F0', -6, 1)	p83	(('291686400*C^2*V*U + 584150400*C*V^3 + 3080560000*C*V*U^3 + 1319136000*V^3*U^2 - 99792000*V*U^5', '1'), ('0', '1'), ('0', '1'), ('0', '1'), ('0', '1'), ('0', '1'), ('0', '1'), ('0', '1'), ('0', '1'), ('0', '1'), ('0', '1'), ('0', '1'), ('0', '1'), ('0', '1'), ('0', '1'), ('0', '1'), ('0', '1'), ('0', '1'))
derivative-only	('g', 'F0', -6, 1)	p84	(('-54243000*C^3 + 538725600*C^2*U^2 + 1111698000*C*V^2*U + 283710000*C*U^4 + 93693600*V^4 - 26264000*V^2*U^3 - 31531500*U^6', '1'), ('0', '1'), ('0', '1'), ('0', '1'), ('0', '1'), ('0', '1'), ('0', '1'), ('0', '1'), ('0', '1'), ('0', '1'), ('0', '1'), ('0', '1'), ('0', '1'), ('0', '1'), ('0', '1'), ('0', '1'), ('0', '1'), ('0', '1'))
derivative-only	('g', 'F0', -6, 1)	p85	(('17451000*C^2*V + 1065733200*C*V*U^2 + 330220800*V^3*U - 121422000*V*U^4', '1'), ('0', '1'), ('0', '1'), ('0', '1'), ('0', '1'), ('0', '1'), ('0', '1'), ('0', '1'), ('0', '1'), ('0', '1'), ('0', '1'), ('0', '1'), ('0', '1'), ('0', '1'), ('0', '1'), ('0', '1'), ('0', '1'), ('0', '1'))
derivative-only	('g', 'F0', -6, 1)	p86	(('-27001800*C^2*U + 34738200*C*V^2 + 26132400*C*U^3 + 94764600*V^2*U^2 + 2802800*U^5', '1'), ('0', '1'), ('0', '1'), ('0', '1'), ('0', '1'), ('0', '1'), ('0', '1'), ('0', '1'), ('0', '1'), ('0', '1'), ('0', '1'), ('0', '1'), ('0', '1'), ('0', '1'), ('0', '1'), ('0', '1'), ('0', '1'), ('0', '1'))
derivative-only	('g', 'F0', -6, 1)	p87	(('213997000*C^4*V + 21090060000*C^3*V*U^2 + 8406000000*C^2*V^3*U - 20561310000*C^2*V*U^4 + 2016051000*C*V^5 - 2865555000*C*V^3*U^3 + 7609602000*C*V*U^6 + 2002596750*V^5*U^2 + 5147142000*V^3*U^5 - 211711500*V*U^8', '1'), ('0', '1'), ('0', '1'), ('0', '1'), ('0', '1'), ('0', '1'), ('0', '1'), ('0', '1'), ('0', '1'), ('0', '1'), ('0', '1'), ('0', '1'), ('0', '1'), ('0', '1'), ('0', '1'), ('0', '1'), ('0', '1'), ('0', '1'))
derivative-only	('g', 'F0', -6, 1)	p88	(('-3799593000*C^4*U + 500973000*C^3*V^2 + 13914330000*C^3*U^3 + 17135280000*C^2*V^2*U^2 - 7936582500*C^2*U^5 + 4558095000*C*V^4*U - 15020775000*C*V^2*U^4 + 1438866000*C*U^7 + 513783500*V^6 + 893970000*V^4*U^3 + 3669666000*V^2*U^6 - 26026000*U^9', '1'), ('0', '1'), ('0', '1'), ('0', '1'), ('0', '1'), ('0', '1'), ('0', '1'), ('0', '1'), ('0', '1'), ('0', '1'), ('0', '1'), ('0', '1'), ('0', '1'), ('0', '1'), ('0', '1'), ('0', '1'), ('0', '1'), ('0', '1'))
derivative-only	('g', 'F0', -6, 1)	p89	(('6980013000*C^3*V*U + 2408859000*C^2*V^3 - 2836260000*C^2*V*U^3 + 12253800000*C*V^3*U^2 + 8597704500*C*V*U^5 + 4041822000*V^5*U + 7941780000*V^3*U^4 + 401544000*V*U^7', '1'), ('0', '1'), ('0', '1'), ('0', '1'), ('0', '1'), ('0', '1'), ('0', '1'), ('0', '1'), ('0', '1'), ('0', '1'), ('0', '1'), ('0', '1'), ('0', '1'), ('0', '1'), ('0', '1'), ('0', '1'), ('0', '1'), ('0', '1'))
derivative-only	('g', 'F0', -6, 1)	p90	(('-643781250*C^4 + 5375254500*C^3*U^2 + 5864643000*C^2*V^2*U - 3459195000*C^2*U^4 + 699246000*C*V^4 - 5017920000*C*V^2*U^3 + 1230248250*C*U^6 + 4744350000*V^4*U^2 + 5008311000*V^2*U^5 + 83976750*U^8', '1'), ('0', '1'), ('0', '1'), ('0', '1'), ('0', '1'), ('0', '1'), ('0', '1'), ('0', '1'), ('0', '1'), ('0', '1'), ('0', '1'), ('0', '1'), ('0', '1'), ('0', '1'), ('0', '1'), ('0', '1'), ('0', '1'), ('0', '1'))
derivative-only	('g', 'F0', -6, 1)	p91	(('-255969000*C^3*V + 11636730000*C^2*V*U^2 + 8675100000*C*V^3*U + 3443580000*C*V*U^4 + 457090200*V^5 + 1493100000*V^3*U^3 - 236486250*V*U^6', '1'), ('0', '1'), ('0', '1'), ('0', '1'), ('0', '1'), ('0', '1'), ('0', '1'), ('0', '1'), ('0', '1'), ('0', '1'), ('0', '1'), ('0', '1'), ('0', '1'), ('0', '1'), ('0', '1'), ('0', '1'), ('0', '1'), ('0', '1'))
derivative-only	('g', 'F0', -6, 1)	p92	(('-1032129000*C^3*U + 1032196500*C^2*V^2 + 3313674000*C^2*U^3 + 11724615000*C*V^2*U^2 + 1139712000*C*U^5 + 2032128000*V^4*U - 609630000*V^2*U^4 - 135135000*U^7', '1'), ('0', '1'), ('0', '1'), ('0', '1'), ('0', '1'), ('0', '1'), ('0', '1'), ('0', '1'), ('0', '1'), ('0', '1'), ('0', '1'), ('0', '1'), ('0', '1'), ('0', '1'), ('0', '1'), ('0', '1'), ('0', '1'), ('0', '1'))
derivative-only	('g', 'F0', -6, 1)	p93	(('-1028403000*C^2*V*U + 1149840000*C*V^3 + 7065828000*C*V*U^3 + 3580857000*V^3*U^2 - 484638000*V*U^5', '1'), ('0', '1'), ('0', '1'), ('0', '1'), ('0', '1'), ('0', '1'), ('0', '1'), ('0', '1'), ('0', '1'), ('0', '1'), ('0', '1'), ('0', '1'), ('0', '1'), ('0', '1'), ('0', '1'), ('0', '1'), ('0', '1'), ('0', '1'))
derivative-only	('g', 'F0', -6, 1)	p94	(('-116558750*C^3 + 858532500*C^2*U^2 + 1817802000*C*V^2*U - 366849000*C*U^4 + 13245750*V^4 + 153846000*V^2*U^3 + 35035000*U^6', '1'), ('0', '1'), ('0', '1'), ('0', '1'), ('0', '1'), ('0', '1'), ('0', '1'), ('0', '1'), ('0', '1'), ('0', '1'), ('0', '1'), ('0', '1'), ('0', '1'), ('0', '1'), ('0', '1'), ('0', '1'), ('0', '1'), ('0', '1'))
derivative-only	('g', 'F0', -6, 1)	p95	(('17613750*C^2*V + 1807407000*C*V*U^2 + 524853000*V^3*U - 147609000*V*U^4', '1'), ('0', '1'), ('0', '1'), ('0', '1'), ('0', '1'), ('0', '1'), ('0', '1'), ('0', '1'), ('0', '1'), ('0', '1'), ('0', '1'), ('0', '1'), ('0', '1'), ('0', '1'), ('0', '1'), ('0', '1'), ('0', '1'), ('0', '1'))
derivative-only	('g', 'F0', -6, 1)	p96	(('-7984130000*C^4*V + 79407486000*C^3*V*U^2 + 32488398000*C^2*V^3*U - 61520760000*C^2*V*U^4 + 3335334300*C*V^5 + 8965040000*C*V^3*U^3 + 25717692000*C*V*U^6 + 26605446000*V^5*U^2 + 31687656000*V^3*U^5 + 1247103000*V*U^8', '1'), ('0', '1'), ('0', '1'), ('0', '1'), ('0', '1'), ('0', '1'), ('0', '1'), ('0', '1'), ('0', '1'), ('0', '1'), ('0', '1'), ('0', '1'), ('0', '1'), ('0', '1'), ('0', '1'), ('0', '1'), ('0', '1'), ('0', '1'))
derivative-only	('g', 'F0', -6, 1)	p97	(('-30859290000*C^4*U - 13049220000*C^3*V^2 + 45453339000*C^3*U^3 + 60339816000*C^2*V^2*U^2 - 24271380000*C^2*U^5 - 564286500*C*V^4*U - 83958630000*C*V^2*U^4 + 2712996000*C*U^7 + 131179050*V^6 + 7196210000*V^4*U^3 + 15129114000*V^2*U^6 + 207207000*U^9', '1'), ('0', '1'), ('0', '1'), ('0', '1'), ('0', '1'), ('0', '1'), ('0', '1'), ('0', '1'), ('0', '1'), ('0', '1'), ('0', '1'), ('0', '1'), ('0', '1'), ('0', '1'), ('0', '1'), ('0', '1'), ('0', '1'), ('0', '1'))
derivative-only	('g', 'F0', -6, 1)	p98	(('4408317000*C^3*V*U - 1613538000*C^2*V^3 - 58378320000*C^2*V*U^3 + 37516284000*C*V^3*U^2 + 52253376000*C*V*U^5 + 11177902800*V^5*U + 29365770000*V^3*U^4 - 2023164000*V*U^7', '1'), ('0', '1'), ('0', '1'), ('0', '1'), ('0', '1'), ('0', '1'), ('0', '1'), ('0', '1'), ('0', '1'), ('0', '1'), ('0', '1'), ('0', '1'), ('0', '1'), ('0', '1'), ('0', '1'), ('0', '1'), ('0', '1'), ('0', '1'))
derivative-only	('g', 'F0', -6, 1)	p99	(('-2141947500*C^4 + 14488078500*C^3*U^2 - 6792795000*C^2*V^2*U - 38976471000*C^2*U^4 - 4596561000*C*V^4 - 40723020000*C*V^2*U^3 + 11575214000*C*U^6 + 11489364000*V^4*U^2 + 15394512000*V^2*U^5 - 536679000*U^8', '1'), ('0', '1'), ('0', '1'), ('0', '1'), ('0', '1'), ('0', '1'), ('0', '1'), ('0', '1'), ('0', '1'), ('0', '1'), ('0', '1'), ('0', '1'), ('0', '1'), ('0', '1'), ('0', '1'), ('0', '1'), ('0', '1'), ('0', '1'))
derivative-only	('g', 'F0', -6, 1)	p100	(('-738276000*C^3*V + 13914936000*C^2*V*U^2 + 12419568000*C*V^3*U - 2614248000*C*V*U^4 - 423360000*V^5 + 5854464000*V^3*U^3 - 560560000*V*U^6', '1'), ('0', '1'), ('0', '1'), ('0', '1'), ('0', '1'), ('0', '1'), ('0', '1'), ('0', '1'), ('0', '1'), ('0', '1'), ('0', '1'), ('0', '1'), ('0', '1'), ('0', '1'), ('0', '1'), ('0', '1'), ('0', '1'), ('0', '1'))
derivative-only	('g', 'F0', -6, 1)	p101	(('-1656547200*C^3*U + 1090834800*C^2*V^2 + 5521320000*C^2*U^3 + 16012080000*C*V^2*U^2 - 2733393600*C*U^5 + 1761480000*V^4*U + 915516000*V^2*U^4 + 240240000*U^7', '1'), ('0', '1'), ('0', '1'), ('0', '1'), ('0', '1'), ('0', '1'), ('0', '1'), ('0', '1'), ('0', '1'), ('0', '1'), ('0', '1'), ('0', '1'), ('0', '1'), ('0', '1'), ('0', '1'), ('0', '1'), ('0', '1'), ('0', '1'))
derivative-only	('g', 'F0', -6, 1)	p102	(('-2118441600*C^2*V*U + 1545922400*C*V^3 + 12089952000*C*V*U^3 + 3932712000*V^3*U^2 - 312681600*V*U^5', '1'), ('0', '1'), ('0', '1'), ('0', '1'), ('0', '1'), ('0', '1'), ('0', '1'), ('0', '1'), ('0', '1'), ('0', '1'), ('0', '1'), ('0', '1'), ('0', '1'), ('0', '1'), ('0', '1'), ('0', '1'), ('0', '1'), ('0', '1'))
derivative-only	('g', 'F0', -6, 1)	p103	(('-228228000*C^3 + 2629981200*C^2*U^2 + 2654282400*C*V^2*U - 1612548000*C*U^4 + 41010200*V^4 - 2653560000*V^2*U^3 - 14414400*U^6', '1'), ('0', '1'), ('0', '1'), ('0', '1'), ('0', '1'), ('0', '1'), ('0', '1'), ('0', '1'), ('0', '1'), ('0', '1'), ('0', '1'), ('0', '1'), ('0', '1'), ('0', '1'), ('0', '1'), ('0', '1'), ('0', '1'), ('0', '1'))
derivative-only	('g', 'F0', -6, 1)	p104	(('-30535505000*C^4*V + 118120356000*C^3*V*U^2 - 143148420000*C^2*V^3*U - 630957222000*C^2*V*U^4 - 33605226000*C*V^5 - 88707024000*C*V^3*U^3 + 190094268000*C*V*U^6 + 73432018800*V^5*U^2 + 112166236000*V^3*U^5 - 7621614000*V*U^8', '1'), ('0', '1'), ('0', '1'), ('0', '1'), ('0', '1'), ('0', '1'), ('0', '1'), ('0', '1'), ('0', '1'), ('0', '1'), ('0', '1'), ('0', '1'), ('0', '1'), ('0', '1'), ('0', '1'), ('0', '1'), ('0', '1'), ('0', '1'))
derivative-only	('g', 'F0', -6, 1)	p105	(('-115482490200*C^4*U - 65637475200*C^3*V^2 + 165558240000*C^3*U^3 - 71972280000*C^2*V^2*U^2 - 237359808000*C^2*U^5 - 157080762000*C*V^4*U - 505477098000*C*V^2*U^4 + 37076052000*C*U^7 - 11449062000*V^6 - 823284000*V^4*U^3 + 54416726000*V^2*U^6 - 1561560000*U^9', '1'), ('0', '1'), ('0', '1'), ('0', '1'), ('0', '1'), ('0', '1'), ('0', '1'), ('0', '1'), ('0', '1'), ('0', '1'), ('0', '1'), ('0', '1'), ('0', '1'), ('0', '1'), ('0', '1'), ('0', '1'), ('0', '1'), ('0', '1'))
derivative-only	('g', 'F0', -6, 1)	p106	(('31199434200*C^3*V*U - 28800428800*C^2*V^3 - 317821896000*C^2*V*U^3 - 81138348000*C*V^3*U^2 + 84869769600*C*V*U^5 + 3639654000*V^5*U + 110819394000*V^3*U^4 - 1528956000*V*U^7', '1'), ('0', '1'), ('0', '1'), ('0', '1'), ('0', '1'), ('0', '1'), ('0', '1'), ('0', '1'), ('0', '1'), ('0', '1'), ('0', '1'), ('0', '1'), ('0', '1'), ('0', '1'), ('0', '1'), ('0', '1'), ('0', '1'), ('0', '1'))
derivative-only	('g', 'F0', -6, 1)	p107	(('-6169086000*C^4 + 64450131900*C^3*U^2 - 36850446600*C^2*V^2*U - 142145667000*C^2*U^4 - 24962927000*C*V^4 - 285115788000*C*V^2*U^3 + 8370003600*C*U^6 - 26562276000*V^4*U^2 + 65002996800*V^2*U^5 + 1000070500*U^8', '1'), ('0', '1'), ('0', '1'), ('0', '1'), ('0', '1'), ('0', '1'), ('0', '1'), ('0', '1'), ('0', '1'), ('0', '1'), ('0', '1'), ('0', '1'), ('0', '1'), ('0', '1'), ('0', '1'), ('0', '1'), ('0', '1'), ('0', '1'))
derivative-only	('g', 'F0', -6, 1)	p108	(('-1882742400*C^3*V - 15558034800*C^2*V*U^2 - 7055109600*C*V^3*U - 37594368000*C*V*U^4 - 703964800*V^5 - 45866016000*V^3*U^3 + 2205403200*V*U^6', '1'), ('0', '1'), ('0', '1'), ('0', '1'), ('0', '1'), ('0', '1'), ('0', '1'), ('0', '1'), ('0', '1'), ('0', '1'), ('0', '1'), ('0', '1'), ('0', '1'), ('0', '1'), ('0', '1'), ('0', '1'), ('0', '1'), ('0', '1'))
derivative-only	('g', 'F0', -6, 1)	p109	(('-3832012800*C^3*U + 2028510000*C^2*V^2 + 20485880800*C^2*U^3 - 34426484400*C*V^2*U^2 - 13533609600*C*U^5 - 13751337600*V^4*U - 18597978000*V^2*U^4 - 210038400*U^7', '1'), ('0', '1'), ('0', '1'), ('0', '1'), ('0', '1'), ('0', '1'), ('0', '1'), ('0', '1'), ('0', '1'), ('0', '1'), ('0', '1'), ('0', '1'), ('0', '1'), ('0', '1'), ('0', '1'), ('0', '1'), ('0', '1'), ('0', '1'))
derivative-only	('g', 'F0', -6, 1)	p110	(('-5692658400*C^2*V*U + 3377906400*C*V^3 - 35076949600*C*V*U^3 - 8722406000*V^3*U^2 + 4343522400*V*U^5', '1'), ('0', '1'), ('0', '1'), ('0', '1'), ('0', '1'), ('0', '1'), ('0', '1'), ('0', '1'), ('0', '1'), ('0', '1'), ('0', '1'), ('0', '1'), ('0', '1'), ('0', '1'), ('0', '1'), ('0', '1'), ('0', '1'), ('0', '1'))
derivative-only	('g', 'F0', -6, 1)	p111	(('-98072282000*C^4*V + 227590981200*C^3*V*U^2 - 952239142800*C^2*V^3*U - 2932377336000*C^2*V*U^4 - 162833526900*C*V^5 - 2370893616000*C*V^3*U^3 + 278149821600*C*V*U^6 - 197732934000*V^5*U^2 + 542224032000*V^3*U^5 + 4711707000*V*U^8', '1'), ('0', '1'), ('0', '1'), ('0', '1'), ('0', '1'), ('0', '1'), ('0', '1'), ('0', '1'), ('0', '1'), ('0', '1'), ('0', '1'), ('0', '1'), ('0', '1'), ('0', '1'), ('0', '1'), ('0', '1'), ('0', '1'), ('0', '1'))
derivative-only	('g', 'F0', -6, 1)	p112	(('-385965795600*C^4*U - 208925745600*C^3*V^2 + 765966821400*C^3*U^3 - 1254309526800*C^2*V^2*U^2 - 931404096000*C^2*U^5 - 1015819269300*C*V^4*U - 2745110466000*C*V^2*U^4 + 15659625600*C*U^7 - 33764397150*V^6 - 699497694000*V^4*U^3 + 271969731600*V^2*U^6 + 4335331000*U^9', '1'), ('0', '1'), ('0', '1'), ('0', '1'), ('0', '1'), ('0', '1'), ('0', '1'), ('0', '1'), ('0', '1'), ('0', '1'), ('0', '1'), ('0', '1'), ('0', '1'), ('0', '1'), ('0', '1'), ('0', '1'), ('0', '1'), ('0', '1'))
derivative-only	('g', 'F0', -6, 1)	p113	(('77145096600*C^3*V*U - 75468056400*C^2*V^3 - 1800799862400*C^2*V*U^3 - 1235768608800*C*V^3*U^2 + 83521368000*C*V*U^5 - 146789398800*V^5*U - 172121922000*V^3*U^4 + 4846327200*V*U^7', '1'), ('0', '1'), ('0', '1'), ('0', '1'), ('0', '1'), ('0', '1'), ('0', '1'), ('0', '1'), ('0', '1'), ('0', '1'), ('0', '1'), ('0', '1'), ('0', '1'), ('0', '1'), ('0', '1'), ('0', '1'), ('0', '1'), ('0', '1'))
derivative-only	('g', 'F0', -6, 1)	p114	(('-8278335000*C^4 + 79526947500*C^3*U^2 - 190647448200*C^2*V^2*U - 260236627200*C^2*U^4 - 65565898200*C*V^4 - 1810833552000*C*V^2*U^3 - 19797750000*C*U^6 - 382053276000*V^4*U^2 + 102717720000*V^2*U^5 - 2150963100*U^8', '1'), ('0', '1'), ('0', '1'), ('0', '1'), ('0', '1'), ('0', '1'), ('0', '1'), ('0', '1'), ('0', '1'), ('0', '1'), ('0', '1'), ('0', '1'), ('0', '1'), ('0', '1'), ('0', '1'), ('0', '1'), ('0', '1'), ('0', '1'))
derivative-only	('g', 'F0', -6, 1)	p115	(('4193443800*C^3*V - 118374933600*C^2*V*U^2 - 100899691200*C*V^3*U - 582292141200*C*V*U^4 - 2825222400*V^5 - 162588148800*V^3*U^3 + 50932476000*V*U^6', '1'), ('0', '1'), ('0', '1'), ('0', '1'), ('0', '1'), ('0', '1'), ('0', '1'), ('0', '1'), ('0', '1'), ('0', '1'), ('0', '1'), ('0', '1'), ('0', '1'), ('0', '1'), ('0', '1'), ('0', '1'), ('0', '1'), ('0', '1'))
derivative-only	('g', 'F0', -6, 1)	p116	(('-548893800*C^3*U + 4411403100*C^2*V^2 - 47477152800*C^2*U^3 - 154948701600*C*V^2*U^2 + 28363935600*C*U^5 - 28224504000*V^4*U + 53336467800*V^2*U^4 + 71604000*U^7', '1'), ('0', '1'), ('0', '1'), ('0', '1'), ('0', '1'), ('0', '1'), ('0', '1'), ('0', '1'), ('0', '1'), ('0', '1'), ('0', '1'), ('0', '1'), ('0', '1'), ('0', '1'), ('0', '1'), ('0', '1'), ('0', '1'), ('0', '1'))
derivative-only	('g', 'F0', -6, 1)	p117	(('-121900142000*C^4*V - 639201024000*C^3*V*U^2 - 4192883956800*C^2*V^3*U - 16672119294600*C^2*V*U^4 - 459755465400*C*V^5 - 19046534337600*C*V^3*U^3 + 456621160800*C*V*U^6 - 3486718620000*V^5*U^2 - 747560503200*V^3*U^5 + 10129719600*V*U^8', '1'), ('0', '1'), ('0', '1'), ('0', '1'), ('0', '1'), ('0', '1'), ('0', '1'), ('0', '1'), ('0', '1'), ('0', '1'), ('0', '1'), ('0', '1'), ('0', '1'), ('0', '1'), ('0', '1'), ('0', '1'), ('0', '1'), ('0', '1'))
derivative-only	('g', 'F0', -6, 1)	p118	(('-959437042200*C^4*U - 486842140200*C^3*V^2 + 502671430800*C^3*U^3 - 5075505943200*C^2*V^2*U^2 - 1214497746000*C^2*U^5 - 3445992811800*C*V^4*U - 16082170750800*C*V^2*U^4 - 145873425600*C*U^7 - 106889359500*V^6 - 3919083907200*V^4*U^3 + 874432028400*V^2*U^6 - 10514103600*U^9', '1'), ('0', '1'), ('0', '1'), ('0', '1'), ('0', '1'), ('0', '1'), ('0', '1'), ('0', '1'), ('0', '1'), ('0', '1'), ('0', '1'), ('0', '1'), ('0', '1'), ('0', '1'), ('0', '1'), ('0', '1'), ('0', '1'), ('0', '1'))
derivative-only	('g', 'F0', -6, 1)	p119	(('565593607800*C^3*V*U - 298545553800*C^2*V^3 - 4385796307200*C^2*V*U^3 - 4022525152800*C*V^3*U^2 - 2428032776400*C*V*U^5 - 327952270800*V^5*U + 387177159600*V^3*U^4 + 310122237600*V*U^7', '1'), ('0', '1'), ('0', '1'), ('0', '1'), ('0', '1'), ('0', '1'), ('0', '1'), ('0', '1'), ('0', '1'), ('0', '1'), ('0', '1'), ('0', '1'), ('0', '1'), ('0', '1'), ('0', '1'), ('0', '1'), ('0', '1'), ('0', '1'))
derivative-only	('g', 'F0', -6, 1)	p120	(('-22941937200*C^4 + 301104121500*C^3*U^2 - 162064702800*C^2*V^2*U - 1487571901200*C^2*U^4 - 280811196900*C*V^4 - 3541733949600*C*V^2*U^3 + 501253321800*C*U^6 - 510903716400*V^4*U^2 + 951057122400*V^2*U^5 + 30958200*U^8', '1'), ('0', '1'), ('0', '1'), ('0', '1'), ('0', '1'), ('0', '1'), ('0', '1'), ('0', '1'), ('0', '1'), ('0', '1'), ('0', '1'), ('0', '1'), ('0', '1'), ('0', '1'), ('0', '1'), ('0', '1'), ('0', '1'), ('0', '1'))
derivative-only	('g', 'F0', -6, 1)	p121	(('8091610800*C^3*V + 21049259400*C^2*V*U^2 - 312336203400*C*V^3*U + 69193832400*C*V*U^4 - 5312303100*V^5 - 34975987200*V^3*U^3 - 55721866200*V*U^6', '1'), ('0', '1'), ('0', '1'), ('0', '1'), ('0', '1'), ('0', '1'), ('0', '1'), ('0', '1'), ('0', '1'), ('0', '1'), ('0', '1'), ('0', '1'), ('0', '1'), ('0', '1'), ('0', '1'), ('0', '1'), ('0', '1'), ('0', '1'))
derivative-only	('g', 'F0', -6, 1)	p122	(('-377120198000*C^4*V + 6224087142000*C^3*V*U^2 - 9393802002000*C^2*V^3*U - 30368931516000*C^2*V*U^4 - 2391840418500*C*V^5 - 41456390976000*C*V^3*U^3 - 9094846437600*C*V*U^6 - 4871178774000*V^5*U^2 + 9224395118400*V^3*U^5 + 1569935493000*V*U^8', '1'), ('0', '1'), ('0', '1'), ('0', '1'), ('0', '1'), ('0', '1'), ('0', '1'), ('0', '1'), ('0', '1'), ('0', '1'), ('0', '1'), ('0', '1'), ('0', '1'), ('0', '1'), ('0', '1'), ('0', '1'), ('0', '1'), ('0', '1'))
derivative-only	('g', 'F0', -6, 1)	p123	(('-2480844366000*C^4*U - 1396208112000*C^3*V^2 + 4489243785000*C^3*U^3 + 768691404000*C^2*V^2*U^2 - 10251307836000*C^2*U^5 - 9252290560500*C*V^4*U - 19768979538000*C*V^2*U^4 + 3279447151200*C*U^7 - 258706275750*V^6 - 2973503610000*V^4*U^3 + 4644389257200*V^2*U^6 + 7575477000*U^9', '1'), ('0', '1'), ('0', '1'), ('0', '1'), ('0', '1'), ('0', '1'), ('0', '1'), ('0', '1'), ('0', '1'), ('0', '1'), ('0', '1'), ('0', '1'), ('0', '1'), ('0', '1'), ('0', '1'), ('0', '1'), ('0', '1'), ('0', '1'))
derivative-only	('g', 'F0', -6, 1)	p124	(('1221570207000*C^3*V*U - 785906394000*C^2*V^3 - 4923183564000*C^2*V*U^3 - 3605330664000*C*V^3*U^2 + 6293437920000*C*V*U^5 + 404347086000*V^5*U + 1662511158000*V^3*U^4 - 939896100000*V*U^7', '1'), ('0', '1'), ('0', '1'), ('0', '1'), ('0', '1'), ('0', '1'), ('0', '1'), ('0', '1'), ('0', '1'), ('0', '1'), ('0', '1'), ('0', '1'), ('0', '1'), ('0', '1'), ('0', '1'), ('0', '1'), ('0', '1'), ('0', '1'))
derivative-only	('g', 'F0', -6, 1)	p125	(('-54674917500*C^4 + 737312803500*C^3*U^2 - 461990061000*C^2*V^2*U - 1342517085000*C^2*U^4 - 579737223000*C*V^4 - 1656913752000*C*V^2*U^3 - 56267442000*C*U^6 - 9779679000*V^4*U^2 - 60116364000*V^2*U^5 - 2830971000*U^8', '1'), ('0', '1'), ('0', '1'), ('0', '1'), ('0', '1'), ('0', '1'), ('0', '1'), ('0', '1'), ('0', '1'), ('0', '1'), ('0', '1'), ('0', '1'), ('0', '1'), ('0', '1'), ('0', '1'), ('0', '1'), ('0', '1'), ('0', '1'))
derivative-only	('g', 'F0', -6, 1)	p126	(('-1287048308000*C^4*V + 14351286222000*C^3*V*U^2 - 10761817248000*C^2*V^3*U - 16960128003000*C^2*V*U^4 - 4932114478200*C*V^5 + 22911485688000*C*V^3*U^3 + 47383641782400*C*V*U^6 + 11382020559000*V^5*U^2 - 2151478005600*V^3*U^5 - 7766929170000*V*U^8', '1'), ('0', '1'), ('0', '1'), ('0', '1'), ('0', '1'), ('0', '1'), ('0', '1'), ('0', '1'), ('0', '1'), ('0', '1'), ('0', '1'), ('0', '1'), ('0', '1'), ('0', '1'), ('0', '1'), ('0', '1'), ('0', '1'), ('0', '1'))
derivative-only	('g', 'F0', -6, 1)	p127	(('-5853622320000*C^4*U - 3450112774500*C^3*V^2 + 11389306110000*C^3*U^3 - 835453710000*C^2*V^2*U^2 - 4185575667000*C^2*U^5 - 7673100435000*C*V^4*U + 11842394791500*C*V^2*U^4 - 4348179712800*C*U^7 - 379761536700*V^6 + 5512916682000*V^4*U^3 - 8719504978800*V^2*U^6 - 13337324000*U^9', '1'), ('0', '1'), ('0', '1'), ('0', '1'), ('0', '1'), ('0', '1'), ('0', '1'), ('0', '1'), ('0', '1'), ('0', '1'), ('0', '1'), ('0', '1'), ('0', '1'), ('0', '1'), ('0', '1'), ('0', '1'), ('0', '1'), ('0', '1'))
derivative-only	('g', 'F0', -6, 1)	p128	(('2108076507000*C^3*V*U - 1519901920500*C^2*V^3 - 11702928510000*C^2*V*U^3 + 4700125872000*C*V^3*U^2 + 10578657726000*C*V*U^5 + 942798214800*V^5*U + 5214394048500*V^3*U^4 + 340820568000*V*U^7', '1'), ('0', '1'), ('0', '1'), ('0', '1'), ('0', '1'), ('0', '1'), ('0', '1'), ('0', '1'), ('0', '1'), ('0', '1'), ('0', '1'), ('0', '1'), ('0', '1'), ('0', '1'), ('0', '1'), ('0', '1'), ('0', '1'), ('0', '1'))
derivative-only	('g', 'F0', -6, 1)	p129	(('-234408944000*C^4*V - 6597602253000*C^3*V*U^2 - 4153988124000*C^2*V^3*U - 3364224435000*C^2*V*U^4 + 14765746462500*C*V^5 + 250588761852000*C*V^3*U^3 + 81947100635400*C*V*U^6 + 25719459994800*V^5*U^2 + 20394888914400*V^3*U^5 + 8302871412000*V*U^8', '1'), ('0', '1'), ('0', '1'), ('0', '1'), ('0', '1'), ('0', '1'), ('0', '1'), ('0', '1'), ('0', '1'), ('0', '1'), ('0', '1'), ('0', '1'), ('0', '1'), ('0', '1'), ('0', '1'), ('0', '1'), ('0', '1'), ('0', '1'))
derivative-only	('g', 'F0', -6, 1)	p130	(('-10151567395200*C^4*U - 7155346651200*C^3*V^2 - 9087436611000*C^3*U^3 + 17198150260500*C^2*V^2*U^2 + 50890791580200*C^2*U^5 + 7263263056500*C*V^4*U + 99137709099000*C*V^2*U^4 - 6807819961800*C*U^7 - 855954998250*V^6 + 11730099810000*V^4*U^3 - 16275662703300*V^2*U^6 + 96361254000*U^9', '1'), ('0', '1'), ('0', '1'), ('0', '1'), ('0', '1'), ('0', '1'), ('0', '1'), ('0', '1'), ('0', '1'), ('0', '1'), ('0', '1'), ('0', '1'), ('0', '1'), ('0', '1'), ('0', '1'), ('0', '1'), ('0', '1'), ('0', '1'))
derivative-only	('g', 'F0', -6, 1)	p131	(('-389816011200*C^4*V - 104799352330200*C^3*V*U^2 + 53143762914000*C^2*V^3*U + 509571214226250*C^2*V*U^4 + 28511883681600*C*V^5 + 297892096029000*C*V^3*U^3 - 309143434399800*C*V*U^6 + 11085041954250*V^5*U^2 - 193202440431000*V^3*U^5 + 1804523292000*V*U^8', '1'), ('0', '1'), ('0', '1'), ('0', '1'), ('0', '1'), ('0', '1'), ('0', '1'), ('0', '1'), ('0', '1'), ('0', '1'), ('0', '1'), ('0', '1'), ('0', '1'), ('0', '1'), ('0', '1'), ('0', '1'), ('0', '1'), ('0', '1'))
derivative-only	('g', 'F0', -6, 6)	constant	(('244876926328125*C^2 - 6811502538750000*C*U^2 + 2272091981250000*V^2*U + 13153707129062500*U^4', '1'), ('750779398687500*C^2 - 10813720417500000*C*U^2 + 2519886744375000*V^2*U + 17268987986250000*U^4', '1'), ('194044663312500*C^2 - 8229518797500000*C*U^2 - 561215655000000*V^2*U + 8455546161562500*U^4', '1'), ('337096744359375*C^2 - 3446100157500000*C*U^2 - 1626653778750000*V^2*U + 1666991576250000*U^4', '1'), ('5895076687500*C^2 - 679762833750000*C*U^2 - 540472432500000*V^2*U + 104467800937500*U^4', '1'), ('27590625562500*C^2 - 44290496250000*C*U^2 - 44290496250000*V^2*U', '1'), ('0', '1'), ('0', '1'), ('0', '1'), ('0', '1'), ('0', '1'), ('0', '1'), ('0', '1'), ('0', '1'), ('0', '1'), ('0', '1'), ('0', '1'), ('0', '1'))
derivative-only	('g', 'F0', -6, 6)	p58	(('-546875', '1'), ('0', '1'), ('0', '1'), ('0', '1'), ('0', '1'), ('0', '1'), ('0', '1'), ('0', '1'), ('0', '1'), ('0', '1'), ('0', '1'), ('0', '1'), ('0', '1'), ('0', '1'), ('0', '1'), ('0', '1'), ('0', '1'), ('0', '1'))
derivative-only	('g', 'F0', -6, 6)	p67	(('-4375000', '1'), ('0', '1'), ('0', '1'), ('0', '1'), ('0', '1'), ('0', '1'), ('0', '1'), ('0', '1'), ('0', '1'), ('0', '1'), ('0', '1'), ('0', '1'), ('0', '1'), ('0', '1'), ('0', '1'), ('0', '1'), ('0', '1'), ('0', '1'))
derivative-only	('g', 'F0', -6, 6)	p75	(('-19687500', '1'), ('0', '1'), ('0', '1'), ('0', '1'), ('0', '1'), ('0', '1'), ('0', '1'), ('0', '1'), ('0', '1'), ('0', '1'), ('0', '1'), ('0', '1'), ('0', '1'), ('0', '1'), ('0', '1'), ('0', '1'), ('0', '1'), ('0', '1'))
derivative-only	('g', 'F0', -6, 6)	p84	(('-65625000', '1'), ('0', '1'), ('0', '1'), ('0', '1'), ('0', '1'), ('0', '1'), ('0', '1'), ('0', '1'), ('0', '1'), ('0', '1'), ('0', '1'), ('0', '1'), ('0', '1'), ('0', '1'), ('0', '1'), ('0', '1'), ('0', '1'), ('0', '1'))
derivative-only	('g', 'F0', -6, 6)	p94	(('-180468750', '1'), ('0', '1'), ('0', '1'), ('0', '1'), ('0', '1'), ('0', '1'), ('0', '1'), ('0', '1'), ('0', '1'), ('0', '1'), ('0', '1'), ('0', '1'), ('0', '1'), ('0', '1'), ('0', '1'), ('0', '1'), ('0', '1'), ('0', '1'))
derivative-only	('g', 'F0', -6, 6)	p103	(('-433125000', '1'), ('0', '1'), ('0', '1'), ('0', '1'), ('0', '1'), ('0', '1'), ('0', '1'), ('0', '1'), ('0', '1'), ('0', '1'), ('0', '1'), ('0', '1'), ('0', '1'), ('0', '1'), ('0', '1'), ('0', '1'), ('0', '1'), ('0', '1'))
derivative-only	('g', 'F0', -6, 6)	p114	(('16891875000*C', '1'), ('0', '1'), ('0', '1'), ('0', '1'), ('0', '1'), ('0', '1'), ('0', '1'), ('0', '1'), ('0', '1'), ('0', '1'), ('0', '1'), ('0', '1'), ('0', '1'), ('0', '1'), ('0', '1'), ('0', '1'), ('0', '1'), ('0', '1'))
derivative-only	('g', 'F0', -6, 6)	p115	(('16891875000*V', '1'), ('0', '1'), ('0', '1'), ('0', '1'), ('0', '1'), ('0', '1'), ('0', '1'), ('0', '1'), ('0', '1'), ('0', '1'), ('0', '1'), ('0', '1'), ('0', '1'), ('0', '1'), ('0', '1'), ('0', '1'), ('0', '1'), ('0', '1'))
derivative-only	('g', 'F0', -6, 6)	p116	(('16891875000*U', '1'), ('0', '1'), ('0', '1'), ('0', '1'), ('0', '1'), ('0', '1'), ('0', '1'), ('0', '1'), ('0', '1'), ('0', '1'), ('0', '1'), ('0', '1'), ('0', '1'), ('0', '1'), ('0', '1'), ('0', '1'), ('0', '1'), ('0', '1'))
derivative-only	('g', 'F0', -6, 6)	p117	(('320945625000*C*V', '1'), ('0', '1'), ('0', '1'), ('0', '1'), ('0', '1'), ('0', '1'), ('0', '1'), ('0', '1'), ('0', '1'), ('0', '1'), ('0', '1'), ('0', '1'), ('0', '1'), ('0', '1'), ('0', '1'), ('0', '1'), ('0', '1'), ('0', '1'))
derivative-only	('g', 'F0', -6, 6)	p118	(('320945625000*C*U + 160472812500*V^2', '1'), ('0', '1'), ('0', '1'), ('0', '1'), ('0', '1'), ('0', '1'), ('0', '1'), ('0', '1'), ('0', '1'), ('0', '1'), ('0', '1'), ('0', '1'), ('0', '1'), ('0', '1'), ('0', '1'), ('0', '1'), ('0', '1'), ('0', '1'))
derivative-only	('g', 'F0', -6, 6)	p119	(('320945625000*V*U', '1'), ('0', '1'), ('0', '1'), ('0', '1'), ('0', '1'), ('0', '1'), ('0', '1'), ('0', '1'), ('0', '1'), ('0', '1'), ('0', '1'), ('0', '1'), ('0', '1'), ('0', '1'), ('0', '1'), ('0', '1'), ('0', '1'), ('0', '1'))
derivative-only	('g', 'F0', -6, 6)	p120	(('35660625000*C + 160472812500*U^2', '1'), ('0', '1'), ('0', '1'), ('0', '1'), ('0', '1'), ('0', '1'), ('0', '1'), ('0', '1'), ('0', '1'), ('0', '1'), ('0', '1'), ('0', '1'), ('0', '1'), ('0', '1'), ('0', '1'), ('0', '1'), ('0', '1'), ('0', '1'))
derivative-only	('g', 'F0', -6, 6)	p121	(('35660625000*V', '1'), ('0', '1'), ('0', '1'), ('0', '1'), ('0', '1'), ('0', '1'), ('0', '1'), ('0', '1'), ('0', '1'), ('0', '1'), ('0', '1'), ('0', '1'), ('0', '1'), ('0', '1'), ('0', '1'), ('0', '1'), ('0', '1'), ('0', '1'))
derivative-only	('g', 'F0', -6, 6)	p122	(('713212500000*C*V + 3209456250000*V*U^2', '1'), ('0', '1'), ('0', '1'), ('0', '1'), ('0', '1'), ('0', '1'), ('0', '1'), ('0', '1'), ('0', '1'), ('0', '1'), ('0', '1'), ('0', '1'), ('0', '1'), ('0', '1'), ('0', '1'), ('0', '1'), ('0', '1'), ('0', '1'))
derivative-only	('g', 'F0', -6, 6)	p123	(('356606250000*V^2 + 1069818750000*U^3', '1'), ('0', '1'), ('0', '1'), ('0', '1'), ('0', '1'), ('0', '1'), ('0', '1'), ('0', '1'), ('0', '1'), ('0', '1'), ('0', '1'), ('0', '1'), ('0', '1'), ('0', '1'), ('0', '1'), ('0', '1'), ('0', '1'), ('0', '1'))
derivative-only	('g', 'F0', -6, 6)	p125	(('70382812500*C - 356606250000*U^2', '1'), ('0', '1'), ('0', '1'), ('0', '1'), ('0', '1'), ('0', '1'), ('0', '1'), ('0', '1'), ('0', '1'), ('0', '1'), ('0', '1'), ('0', '1'), ('0', '1'), ('0', '1'), ('0', '1'), ('0', '1'), ('0', '1'), ('0', '1'))
derivative-only	('g', 'F0', -6, 6)	p126	(('-7488731250000*V*U^2', '1'), ('0', '1'), ('0', '1'), ('0', '1'), ('0', '1'), ('0', '1'), ('0', '1'), ('0', '1'), ('0', '1'), ('0', '1'), ('0', '1'), ('0', '1'), ('0', '1'), ('0', '1'), ('0', '1'), ('0', '1'), ('0', '1'), ('0', '1'))
derivative-only	('g', 'F0', -6, 6)	p127	(('-739019531250*V^2 - 4992487500000*U^3', '1'), ('0', '1'), ('0', '1'), ('0', '1'), ('0', '1'), ('0', '1'), ('0', '1'), ('0', '1'), ('0', '1'), ('0', '1'), ('0', '1'), ('0', '1'), ('0', '1'), ('0', '1'), ('0', '1'), ('0', '1'), ('0', '1'), ('0', '1'))
derivative-only	('g', 'F0', -6, 6)	p128	(('-1478039062500*V*U', '1'), ('0', '1'), ('0', '1'), ('0', '1'), ('0', '1'), ('0', '1'), ('0', '1'), ('0', '1'), ('0', '1'), ('0', '1'), ('0', '1'), ('0', '1'), ('0', '1'), ('0', '1'), ('0', '1'), ('0', '1'), ('0', '1'), ('0', '1'))
derivative-only	('g', 'F0', -6, 6)	p129	(('-2890387500000*C*V - 16258429687500*V*U^2', '1'), ('0', '1'), ('0', '1'), ('0', '1'), ('0', '1'), ('0', '1'), ('0', '1'), ('0', '1'), ('0', '1'), ('0', '1'), ('0', '1'), ('0', '1'), ('0', '1'), ('0', '1'), ('0', '1'), ('0', '1'), ('0', '1'), ('0', '1'))
derivative-only	('g', 'F0', -6, 6)	p130	(('-2890387500000*C*U - 1445193750000*V^2 + 5419476562500*U^3', '1'), ('0', '1'), ('0', '1'), ('0', '1'), ('0', '1'), ('0', '1'), ('0', '1'), ('0', '1'), ('0', '1'), ('0', '1'), ('0', '1'), ('0', '1'), ('0', '1'), ('0', '1'), ('0', '1'), ('0', '1'), ('0', '1'), ('0', '1'))
derivative-only	('g', 'F0', -6, 6)	p131	(('-5381626250000*C*V + 33239456250000*V*U^2', '1'), ('0', '1'), ('0', '1'), ('0', '1'), ('0', '1'), ('0', '1'), ('0', '1'), ('0', '1'), ('0', '1'), ('0', '1'), ('0', '1'), ('0', '1'), ('0', '1'), ('0', '1'), ('0', '1'), ('0', '1'), ('0', '1'), ('0', '1'))
derivative-only	('g', 'F0', -5, 4)	constant	(('4807228514625000*C^2*V*U - 210353475375000*C*V^3 - 17239780937812500*C*V*U^3 - 3728579590406250*V^3*U^2 + 4770327596737500*V*U^5', '1'), ('-12660934540387500*C^2*V*U + 666776228025000*C*V^3 + 47288482918125000*C*V*U^3 + 14772333407812500*V^3*U^2 - 10389853563468750*V*U^5', '1'), ('13723772376600000*C^2*V*U - 715695027450000*C*V^3 - 47462492244375000*C*V*U^3 - 19580398410937500*V^3*U^2 - 4578955636500000*V*U^5', '1'), ('-9330879798675000*C^2*V*U + 537029187600000*C*V^3 + 36771613306875000*C*V*U^3 + 5649992285625000*V^3*U^2 - 15213632714437500*V*U^5', '1'), ('2554195786650000*C^2*V*U - 257897720925000*C*V^3 - 9482271820312500*C*V*U^3 - 5143316443593750*V^3*U^2 - 1655484594750000*V*U^5', '1'), ('-602838493200000*C^2*V*U + 102438315900000*C*V^3 + 3246202147500000*C*V*U^3 + 592306758000000*V^3*U^2 - 939273800850000*V*U^5', '1'), ('0', '1'), ('0', '1'), ('0', '1'), ('0', '1'), ('0', '1'), ('0', '1'), ('0', '1'), ('0', '1'), ('0', '1'), ('0', '1'), ('0', '1'), ('0', '1'))
derivative-only	('g', 'F0', -5, 4)	p43	(('-15625', '1'), ('0', '1'), ('0', '1'), ('0', '1'), ('0', '1'), ('0', '1'), ('0', '1'), ('0', '1'), ('0', '1'), ('0', '1'), ('0', '1'), ('0', '1'), ('0', '1'), ('0', '1'), ('0', '1'), ('0', '1'), ('0', '1'), ('0', '1'))
derivative-only	('g', 'F0', -5, 4)	p50	(('-93750', '1'), ('0', '1'), ('0', '1'), ('0', '1'), ('0', '1'), ('0', '1'), ('0', '1'), ('0', '1'), ('0', '1'), ('0', '1'), ('0', '1'), ('0', '1'), ('0', '1'), ('0', '1'), ('0', '1'), ('0', '1'), ('0', '1'), ('0', '1'))
derivative-only	('g', 'F0', -5, 4)	p56	(('-328125', '1'), ('0', '1'), ('0', '1'), ('0', '1'), ('0', '1'), ('0', '1'), ('0', '1'), ('0', '1'), ('0', '1'), ('0', '1'), ('0', '1'), ('0', '1'), ('0', '1'), ('0', '1'), ('0', '1'), ('0', '1'), ('0', '1'), ('0', '1'))
derivative-only	('g', 'F0', -5, 4)	p63	(('-875000', '1'), ('0', '1'), ('0', '1'), ('0', '1'), ('0', '1'), ('0', '1'), ('0', '1'), ('0', '1'), ('0', '1'), ('0', '1'), ('0', '1'), ('0', '1'), ('0', '1'), ('0', '1'), ('0', '1'), ('0', '1'), ('0', '1'), ('0', '1'))
derivative-only	('g', 'F0', -5, 4)	p76	(('25593750*C', '1'), ('0', '1'), ('0', '1'), ('0', '1'), ('0', '1'), ('0', '1'), ('0', '1'), ('0', '1'), ('0', '1'), ('0', '1'), ('0', '1'), ('0', '1'), ('0', '1'), ('0', '1'), ('0', '1'), ('0', '1'), ('0', '1'), ('0', '1'))
derivative-only	('g', 'F0', -5, 4)	p77	(('25593750*V', '1'), ('0', '1'), ('0', '1'), ('0', '1'), ('0', '1'), ('0', '1'), ('0', '1'), ('0', '1'), ('0', '1'), ('0', '1'), ('0', '1'), ('0', '1'), ('0', '1'), ('0', '1'), ('0', '1'), ('0', '1'), ('0', '1'), ('0', '1'))
derivative-only	('g', 'F0', -5, 4)	p78	(('25593750*U', '1'), ('0', '1'), ('0', '1'), ('0', '1'), ('0', '1'), ('0', '1'), ('0', '1'), ('0', '1'), ('0', '1'), ('0', '1'), ('0', '1'), ('0', '1'), ('0', '1'), ('0', '1'), ('0', '1'), ('0', '1'), ('0', '1'), ('0', '1'))
derivative-only	('g', 'F0', -5, 4)	p81	(('179156250*C^2', '1'), ('0', '1'), ('0', '1'), ('0', '1'), ('0', '1'), ('0', '1'), ('0', '1'), ('0', '1'), ('0', '1'), ('0', '1'), ('0', '1'), ('0', '1'), ('0', '1'), ('0', '1'), ('0', '1'), ('0', '1'), ('0', '1'), ('0', '1'))
derivative-only	('g', 'F0', -5, 4)	p82	(('358312500*C*V', '1'), ('0', '1'), ('0', '1'), ('0', '1'), ('0', '1'), ('0', '1'), ('0', '1'), ('0', '1'), ('0', '1'), ('0', '1'), ('0', '1'), ('0', '1'), ('0', '1'), ('0', '1'), ('0', '1'), ('0', '1'), ('0', '1'), ('0', '1'))
derivative-only	('g', 'F0', -5, 4)	p83	(('358312500*C*U + 179156250*V^2', '1'), ('0', '1'), ('0', '1'), ('0', '1'), ('0', '1'), ('0', '1'), ('0', '1'), ('0', '1'), ('0', '1'), ('0', '1'), ('0', '1'), ('0', '1'), ('0', '1'), ('0', '1'), ('0', '1'), ('0', '1'), ('0', '1'), ('0', '1'))
derivative-only	('g', 'F0', -5, 4)	p84	(('358312500*V*U', '1'), ('0', '1'), ('0', '1'), ('0', '1'), ('0', '1'), ('0', '1'), ('0', '1'), ('0', '1'), ('0', '1'), ('0', '1'), ('0', '1'), ('0', '1'), ('0', '1'), ('0', '1'), ('0', '1'), ('0', '1'), ('0', '1'), ('0', '1'))
derivative-only	('g', 'F0', -5, 4)	p85	(('55125000*C + 179156250*U^2', '1'), ('0', '1'), ('0', '1'), ('0', '1'), ('0', '1'), ('0', '1'), ('0', '1'), ('0', '1'), ('0', '1'), ('0', '1'), ('0', '1'), ('0', '1'), ('0', '1'), ('0', '1'), ('0', '1'), ('0', '1'), ('0', '1'), ('0', '1'))
derivative-only	('g', 'F0', -5, 4)	p86	(('55125000*V', '1'), ('0', '1'), ('0', '1'), ('0', '1'), ('0', '1'), ('0', '1'), ('0', '1'), ('0', '1'), ('0', '1'), ('0', '1'), ('0', '1'), ('0', '1'), ('0', '1'), ('0', '1'), ('0', '1'), ('0', '1'), ('0', '1'), ('0', '1'))
derivative-only	('g', 'F0', -5, 4)	p87	(('895781250*C^3', '1'), ('0', '1'), ('0', '1'), ('0', '1'), ('0', '1'), ('0', '1'), ('0', '1'), ('0', '1'), ('0', '1'), ('0', '1'), ('0', '1'), ('0', '1'), ('0', '1'), ('0', '1'), ('0', '1'), ('0', '1'), ('0', '1'), ('0', '1'))
derivative-only	('g', 'F0', -5, 4)	p88	(('2687343750*C^2*V', '1'), ('0', '1'), ('0', '1'), ('0', '1'), ('0', '1'), ('0', '1'), ('0', '1'), ('0', '1'), ('0', '1'), ('0', '1'), ('0', '1'), ('0', '1'), ('0', '1'), ('0', '1'), ('0', '1'), ('0', '1'), ('0', '1'), ('0', '1'))
derivative-only	('g', 'F0', -5, 4)	p89	(('2687343750*C^2*U + 2687343750*C*V^2', '1'), ('0', '1'), ('0', '1'), ('0', '1'), ('0', '1'), ('0', '1'), ('0', '1'), ('0', '1'), ('0', '1'), ('0', '1'), ('0', '1'), ('0', '1'), ('0', '1'), ('0', '1'), ('0', '1'), ('0', '1'), ('0', '1'), ('0', '1'))
derivative-only	('g', 'F0', -5, 4)	p90	(('5374687500*C*V*U + 895781250*V^3', '1'), ('0', '1'), ('0', '1'), ('0', '1'), ('0', '1'), ('0', '1'), ('0', '1'), ('0', '1'), ('0', '1'), ('0', '1'), ('0', '1'), ('0', '1'), ('0', '1'), ('0', '1'), ('0', '1'), ('0', '1'), ('0', '1'), ('0', '1'))
derivative-only	('g', 'F0', -5, 4)	p91	(('413437500*C^2 + 2687343750*C*U^2 + 2687343750*V^2*U', '1'), ('0', '1'), ('0', '1'), ('0', '1'), ('0', '1'), ('0', '1'), ('0', '1'), ('0', '1'), ('0', '1'), ('0', '1'), ('0', '1'), ('0', '1'), ('0', '1'), ('0', '1'), ('0', '1'), ('0', '1'), ('0', '1'), ('0', '1'))
derivative-only	('g', 'F0', -5, 4)	p92	(('826875000*C*V + 2687343750*V*U^2', '1'), ('0', '1'), ('0', '1'), ('0', '1'), ('0', '1'), ('0', '1'), ('0', '1'), ('0', '1'), ('0', '1'), ('0', '1'), ('0', '1'), ('0', '1'), ('0', '1'), ('0', '1'), ('0', '1'), ('0', '1'), ('0', '1'), ('0', '1'))
derivative-only	('g', 'F0', -5, 4)	p93	(('413437500*V^2 + 895781250*U^3', '1'), ('0', '1'), ('0', '1'), ('0', '1'), ('0', '1'), ('0', '1'), ('0', '1'), ('0', '1'), ('0', '1'), ('0', '1'), ('0', '1'), ('0', '1'), ('0', '1'), ('0', '1'), ('0', '1'), ('0', '1'), ('0', '1'), ('0', '1'))
derivative-only	('g', 'F0', -5, 4)	p95	(('108281250*C - 413437500*U^2', '1'), ('0', '1'), ('0', '1'), ('0', '1'), ('0', '1'), ('0', '1'), ('0', '1'), ('0', '1'), ('0', '1'), ('0', '1'), ('0', '1'), ('0', '1'), ('0', '1'), ('0', '1'), ('0', '1'), ('0', '1'), ('0', '1'), ('0', '1'))
derivative-only	('g', 'F0', -5, 4)	p96	(('2205000000*C^3 + 21498750000*C^2*U^2 + 42997500000*C*V^2*U + 3583125000*V^4', '1'), ('0', '1'), ('0', '1'), ('0', '1'), ('0', '1'), ('0', '1'), ('0', '1'), ('0', '1'), ('0', '1'), ('0', '1'), ('0', '1'), ('0', '1'), ('0', '1'), ('0', '1'), ('0', '1'), ('0', '1'), ('0', '1'), ('0', '1'))
derivative-only	('g', 'F0', -5, 4)	p97	(('6615000000*C^2*V + 42997500000*C*V*U^2 + 14332500000*V^3*U', '1'), ('0', '1'), ('0', '1'), ('0', '1'), ('0', '1'), ('0', '1'), ('0', '1'), ('0', '1'), ('0', '1'), ('0', '1'), ('0', '1'), ('0', '1'), ('0', '1'), ('0', '1'), ('0', '1'), ('0', '1'), ('0', '1'), ('0', '1'))
derivative-only	('g', 'F0', -5, 4)	p98	(('6615000000*C*V^2 + 14332500000*C*U^3 + 21498750000*V^2*U^2', '1'), ('0', '1'), ('0', '1'), ('0', '1'), ('0', '1'), ('0', '1'), ('0', '1'), ('0', '1'), ('0', '1'), ('0', '1'), ('0', '1'), ('0', '1'), ('0', '1'), ('0', '1'), ('0', '1'), ('0', '1'), ('0', '1'), ('0', '1'))
derivative-only	('g', 'F0', -5, 4)	p99	(('2205000000*V^3 + 14332500000*V*U^3', '1'), ('0', '1'), ('0', '1'), ('0', '1'), ('0', '1'), ('0', '1'), ('0', '1'), ('0', '1'), ('0', '1'), ('0', '1'), ('0', '1'), ('0', '1'), ('0', '1'), ('0', '1'), ('0', '1'), ('0', '1'), ('0', '1'), ('0', '1'))
derivative-only	('g', 'F0', -5, 4)	p100	(('866250000*C^2 - 6615000000*C*U^2 + 3583125000*U^4', '1'), ('0', '1'), ('0', '1'), ('0', '1'), ('0', '1'), ('0', '1'), ('0', '1'), ('0', '1'), ('0', '1'), ('0', '1'), ('0', '1'), ('0', '1'), ('0', '1'), ('0', '1'), ('0', '1'), ('0', '1'), ('0', '1'), ('0', '1'))
derivative-only	('g', 'F0', -5, 4)	p101	(('-6615000000*V*U^2', '1'), ('0', '1'), ('0', '1'), ('0', '1'), ('0', '1'), ('0', '1'), ('0', '1'), ('0', '1'), ('0', '1'), ('0', '1'), ('0', '1'), ('0', '1'), ('0', '1'), ('0', '1'), ('0', '1'), ('0', '1'), ('0', '1'), ('0', '1'))
derivative-only	('g', 'F0', -5, 4)	p102	(('-866250000*V^2 - 4410000000*U^3', '1'), ('0', '1'), ('0', '1'), ('0', '1'), ('0', '1'), ('0', '1'), ('0', '1'), ('0', '1'), ('0', '1'), ('0', '1'), ('0', '1'), ('0', '1'), ('0', '1'), ('0', '1'), ('0', '1'), ('0', '1'), ('0', '1'), ('0', '1'))
derivative-only	('g', 'F0', -5, 4)	p103	(('-1732500000*V*U', '1'), ('0', '1'), ('0', '1'), ('0', '1'), ('0', '1'), ('0', '1'), ('0', '1'), ('0', '1'), ('0', '1'), ('0', '1'), ('0', '1'), ('0', '1'), ('0', '1'), ('0', '1'), ('0', '1'), ('0', '1'), ('0', '1'), ('0', '1'))
derivative-only	('g', 'F0', -5, 4)	p104	(('4908750000*C^3 - 56227500000*C^2*U^2 + 60913125000*C*U^4 + 9371250000*V^4 + 121826250000*V^2*U^3', '1'), ('0', '1'), ('0', '1'), ('0', '1'), ('0', '1'), ('0', '1'), ('0', '1'), ('0', '1'), ('0', '1'), ('0', '1'), ('0', '1'), ('0', '1'), ('0', '1'), ('0', '1'), ('0', '1'), ('0', '1'), ('0', '1'), ('0', '1'))
derivative-only	('g', 'F0', -5, 4)	p105	(('-112455000000*C*V*U^2 + 60913125000*V*U^4', '1'), ('0', '1'), ('0', '1'), ('0', '1'), ('0', '1'), ('0', '1'), ('0', '1'), ('0', '1'), ('0', '1'), ('0', '1'), ('0', '1'), ('0', '1'), ('0', '1'), ('0', '1'), ('0', '1'), ('0', '1'), ('0', '1'), ('0', '1'))
derivative-only	('g', 'F0', -5, 4)	p106	(('-14726250000*C*V^2 - 74970000000*C*U^3 - 56227500000*V^2*U^2 + 12182625000*U^5', '1'), ('0', '1'), ('0', '1'), ('0', '1'), ('0', '1'), ('0', '1'), ('0', '1'), ('0', '1'), ('0', '1'), ('0', '1'), ('0', '1'), ('0', '1'), ('0', '1'), ('0', '1'), ('0', '1'), ('0', '1'), ('0', '1'), ('0', '1'))
derivative-only	('g', 'F0', -5, 4)	p107	(('-29452500000*C*V*U - 9817500000*V^3 - 74970000000*V*U^3', '1'), ('0', '1'), ('0', '1'), ('0', '1'), ('0', '1'), ('0', '1'), ('0', '1'), ('0', '1'), ('0', '1'), ('0', '1'), ('0', '1'), ('0', '1'), ('0', '1'), ('0', '1'), ('0', '1'), ('0', '1'), ('0', '1'), ('0', '1'))
derivative-only	('g', 'F0', -5, 4)	p108	(('-1683000000*C^2 - 29452500000*V^2*U - 28113750000*U^4', '1'), ('0', '1'), ('0', '1'), ('0', '1'), ('0', '1'), ('0', '1'), ('0', '1'), ('0', '1'), ('0', '1'), ('0', '1'), ('0', '1'), ('0', '1'), ('0', '1'), ('0', '1'), ('0', '1'), ('0', '1'), ('0', '1'), ('0', '1'))
derivative-only	('g', 'F0', -5, 4)	p109	(('-3366000000*C*V - 14726250000*V*U^2', '1'), ('0', '1'), ('0', '1'), ('0', '1'), ('0', '1'), ('0', '1'), ('0', '1'), ('0', '1'), ('0', '1'), ('0', '1'), ('0', '1'), ('0', '1'), ('0', '1'), ('0', '1'), ('0', '1'), ('0', '1'), ('0', '1'), ('0', '1'))
derivative-only	('g', 'F0', -5, 4)	p110	(('-3366000000*C*U - 1683000000*V^2 + 4908750000*U^3', '1'), ('0', '1'), ('0', '1'), ('0', '1'), ('0', '1'), ('0', '1'), ('0', '1'), ('0', '1'), ('0', '1'), ('0', '1'), ('0', '1'), ('0', '1'), ('0', '1'), ('0', '1'), ('0', '1'), ('0', '1'), ('0', '1'), ('0', '1'))
derivative-only	('g', 'F0', -5, 4)	p111	(('-20196000000*C^3 - 530145000000*C*V^2*U - 506047500000*C*U^4 - 66268125000*V^4 - 674730000000*V^2*U^3 + 36547875000*U^6', '1'), ('0', '1'), ('0', '1'), ('0', '1'), ('0', '1'), ('0', '1'), ('0', '1'), ('0', '1'), ('0', '1'), ('0', '1'), ('0', '1'), ('0', '1'), ('0', '1'), ('0', '1'), ('0', '1'), ('0', '1'), ('0', '1'), ('0', '1'))
derivative-only	('g', 'F0', -5, 4)	p112	(('-60588000000*C^2*V - 265072500000*C*V*U^2 - 265072500000*V^3*U - 506047500000*V*U^4', '1'), ('0', '1'), ('0', '1'), ('0', '1'), ('0', '1'), ('0', '1'), ('0', '1'), ('0', '1'), ('0', '1'), ('0', '1'), ('0', '1'), ('0', '1'), ('0', '1'), ('0', '1'), ('0', '1'), ('0', '1'), ('0', '1'), ('0', '1'))
derivative-only	('g', 'F0', -5, 4)	p113	(('-60588000000*C^2*U - 60588000000*C*V^2 + 88357500000*C*U^3 - 265072500000*V^2*U^2 - 134946000000*U^5', '1'), ('0', '1'), ('0', '1'), ('0', '1'), ('0', '1'), ('0', '1'), ('0', '1'), ('0', '1'), ('0', '1'), ('0', '1'), ('0', '1'), ('0', '1'), ('0', '1'), ('0', '1'), ('0', '1'), ('0', '1'), ('0', '1'), ('0', '1'))
derivative-only	('g', 'F0', -5, 4)	p114	(('-60588000000*C*V*U - 20196000000*V^3', '1'), ('0', '1'), ('0', '1'), ('0', '1'), ('0', '1'), ('0', '1'), ('0', '1'), ('0', '1'), ('0', '1'), ('0', '1'), ('0', '1'), ('0', '1'), ('0', '1'), ('0', '1'), ('0', '1'), ('0', '1'), ('0', '1'), ('0', '1'))
derivative-only	('g', 'F0', -5, 4)	p115	(('-3076734375*C^2 - 30294000000*C*U^2 + 66268125000*U^4', '1'), ('0', '1'), ('0', '1'), ('0', '1'), ('0', '1'), ('0', '1'), ('0', '1'), ('0', '1'), ('0', '1'), ('0', '1'), ('0', '1'), ('0', '1'), ('0', '1'), ('0', '1'), ('0', '1'), ('0', '1'), ('0', '1'), ('0', '1'))
derivative-only	('g', 'F0', -5, 4)	p116	(('-6153468750*C*V + 30294000000*V*U^2', '1'), ('0', '1'), ('0', '1'), ('0', '1'), ('0', '1'), ('0', '1'), ('0', '1'), ('0', '1'), ('0', '1'), ('0', '1'), ('0', '1'), ('0', '1'), ('0', '1'), ('0', '1'), ('0', '1'), ('0', '1'), ('0', '1'), ('0', '1'))
derivative-only	('g', 'F0', -5, 4)	p117	(('-38971968750*C^3 - 575586000000*C^2*U^2 - 575586000000*C*V^2*U + 1259094375000*C*U^4 - 143896500000*V^4 - 839396250000*V^2*U^3 - 534161250000*U^6', '1'), ('0', '1'), ('0', '1'), ('0', '1'), ('0', '1'), ('0', '1'), ('0', '1'), ('0', '1'), ('0', '1'), ('0', '1'), ('0', '1'), ('0', '1'), ('0', '1'), ('0', '1'), ('0', '1'), ('0', '1'), ('0', '1'), ('0', '1'))
derivative-only	('g', 'F0', -5, 4)	p118	(('-116915906250*C^2*V + 839396250000*V*U^4', '1'), ('0', '1'), ('0', '1'), ('0', '1'), ('0', '1'), ('0', '1'), ('0', '1'), ('0', '1'), ('0', '1'), ('0', '1'), ('0', '1'), ('0', '1'), ('0', '1'), ('0', '1'), ('0', '1'), ('0', '1'), ('0', '1'), ('0', '1'))
derivative-only	('g', 'F0', -5, 4)	p119	(('-58457953125*C*V^2 - 191862000000*C*U^3 + 575586000000*V^2*U^2 + 503637750000*U^5', '1'), ('0', '1'), ('0', '1'), ('0', '1'), ('0', '1'), ('0', '1'), ('0', '1'), ('0', '1'), ('0', '1'), ('0', '1'), ('0', '1'), ('0', '1'), ('0', '1'), ('0', '1'), ('0', '1'), ('0', '1'), ('0', '1'), ('0', '1'))
derivative-only	('g', 'F0', -5, 4)	p120	(('19485984375*V^3 + 383724000000*V*U^3', '1'), ('0', '1'), ('0', '1'), ('0', '1'), ('0', '1'), ('0', '1'), ('0', '1'), ('0', '1'), ('0', '1'), ('0', '1'), ('0', '1'), ('0', '1'), ('0', '1'), ('0', '1'), ('0', '1'), ('0', '1'), ('0', '1'), ('0', '1'))
derivative-only	('g', 'F0', -5, 4)	p121	(('-5349093750*C^2 + 58457953125*C*U^2 + 58457953125*V^2*U - 47965500000*U^4', '1'), ('0', '1'), ('0', '1'), ('0', '1'), ('0', '1'), ('0', '1'), ('0', '1'), ('0', '1'), ('0', '1'), ('0', '1'), ('0', '1'), ('0', '1'), ('0', '1'), ('0', '1'), ('0', '1'), ('0', '1'), ('0', '1'), ('0', '1'))
derivative-only	('g', 'F0', -5, 4)	p122	(('-71321250000*C^3 + 1169159062500*C^2*U^2 + 1169159062500*C*V^2*U - 1918620000000*C*U^4 + 292289765625*V^4 + 7674480000000*V^2*U^3 + 2797987500000*U^6', '1'), ('0', '1'), ('0', '1'), ('0', '1'), ('0', '1'), ('0', '1'), ('0', '1'), ('0', '1'), ('0', '1'), ('0', '1'), ('0', '1'), ('0', '1'), ('0', '1'), ('0', '1'), ('0', '1'), ('0', '1'), ('0', '1'), ('0', '1'))
derivative-only	('g', 'F0', -5, 4)	p123	(('1169159062500*C*V*U^2 + 1169159062500*V^3*U + 1918620000000*V*U^4', '1'), ('0', '1'), ('0', '1'), ('0', '1'), ('0', '1'), ('0', '1'), ('0', '1'), ('0', '1'), ('0', '1'), ('0', '1'), ('0', '1'), ('0', '1'), ('0', '1'), ('0', '1'), ('0', '1'), ('0', '1'), ('0', '1'), ('0', '1'))
derivative-only	('g', 'F0', -5, 4)	p124	(('106981875000*C*V^2 + 779439375000*C*U^3 + 584579531250*V^2*U^2 - 767448000000*U^5', '1'), ('0', '1'), ('0', '1'), ('0', '1'), ('0', '1'), ('0', '1'), ('0', '1'), ('0', '1'), ('0', '1'), ('0', '1'), ('0', '1'), ('0', '1'), ('0', '1'), ('0', '1'), ('0', '1'), ('0', '1'), ('0', '1'), ('0', '1'))
derivative-only	('g', 'F0', -5, 4)	p125	(('213963750000*C*V*U + 35660625000*V^3 - 389719687500*V*U^3', '1'), ('0', '1'), ('0', '1'), ('0', '1'), ('0', '1'), ('0', '1'), ('0', '1'), ('0', '1'), ('0', '1'), ('0', '1'), ('0', '1'), ('0', '1'), ('0', '1'), ('0', '1'), ('0', '1'), ('0', '1'), ('0', '1'), ('0', '1'))
derivative-only	('g', 'F0', -5, 4)	p126	(('62406093750*C^3 + 4493238750000*C*V^2*U + 6138085078125*C*U^4 + 561654843750*V^4 - 4092056718750*V^2*U^3 - 6715170000000*U^6', '1'), ('0', '1'), ('0', '1'), ('0', '1'), ('0', '1'), ('0', '1'), ('0', '1'), ('0', '1'), ('0', '1'), ('0', '1'), ('0', '1'), ('0', '1'), ('0', '1'), ('0', '1'), ('0', '1'), ('0', '1'), ('0', '1'), ('0', '1'))
derivative-only	('g', 'F0', -5, 4)	p127	(('187218281250*C^2*V + 2246619375000*C*V*U^2 - 6138085078125*V*U^4', '1'), ('0', '1'), ('0', '1'), ('0', '1'), ('0', '1'), ('0', '1'), ('0', '1'), ('0', '1'), ('0', '1'), ('0', '1'), ('0', '1'), ('0', '1'), ('0', '1'), ('0', '1'), ('0', '1'), ('0', '1'), ('0', '1'), ('0', '1'))
derivative-only	('g', 'F0', -5, 4)	p128	(('187218281250*C^2*U + 187218281250*C*V^2 - 748873125000*C*U^3 - 1123309687500*V^2*U^2 + 409205671875*U^5', '1'), ('0', '1'), ('0', '1'), ('0', '1'), ('0', '1'), ('0', '1'), ('0', '1'), ('0', '1'), ('0', '1'), ('0', '1'), ('0', '1'), ('0', '1'), ('0', '1'), ('0', '1'), ('0', '1'), ('0', '1'), ('0', '1'), ('0', '1'))
derivative-only	('g', 'F0', -5, 4)	p129	(('105105000000*C^3 + 2059401093750*C^2*U^2 - 12356406562500*C*U^4 - 343233515625*V^4 - 16475208750000*V^2*U^3 + 7502103984375*U^6', '1'), ('0', '1'), ('0', '1'), ('0', '1'), ('0', '1'), ('0', '1'), ('0', '1'), ('0', '1'), ('0', '1'), ('0', '1'), ('0', '1'), ('0', '1'), ('0', '1'), ('0', '1'), ('0', '1'), ('0', '1'), ('0', '1'), ('0', '1'))
derivative-only	('g', 'F0', -5, 4)	p130	(('315315000000*C^2*V - 4118802187500*C*V*U^2 - 1372934062500*V^3*U + 4118802187500*V*U^4', '1'), ('0', '1'), ('0', '1'), ('0', '1'), ('0', '1'), ('0', '1'), ('0', '1'), ('0', '1'), ('0', '1'), ('0', '1'), ('0', '1'), ('0', '1'), ('0', '1'), ('0', '1'), ('0', '1'), ('0', '1'), ('0', '1'), ('0', '1'))
derivative-only	('g', 'F0', -5, 4)	p131	(('171233562500*C^3 - 3626122500000*C^2*U^2 - 7252245000000*C*V^2*U + 7894370859375*C*U^4 - 604353750000*V^4 + 15788741718750*V^2*U^3 - 3157748343750*U^6', '1'), ('0', '1'), ('0', '1'), ('0', '1'), ('0', '1'), ('0', '1'), ('0', '1'), ('0', '1'), ('0', '1'), ('0', '1'), ('0', '1'), ('0', '1'), ('0', '1'), ('0', '1'), ('0', '1'), ('0', '1'), ('0', '1'), ('0', '1'))
derivative-only	('g', 'F0', -5, 9)	p87	(('-97656250', '1'), ('0', '1'), ('0', '1'), ('0', '1'), ('0', '1'), ('0', '1'), ('0', '1'), ('0', '1'), ('0', '1'), ('0', '1'), ('0', '1'), ('0', '1'), ('0', '1'), ('0', '1'), ('0', '1'), ('0', '1'), ('0', '1'), ('0', '1'))
derivative-only	('g', 'F0', -5, 9)	p96	(('-1074218750', '1'), ('0', '1'), ('0', '1'), ('0', '1'), ('0', '1'), ('0', '1'), ('0', '1'), ('0', '1'), ('0', '1'), ('0', '1'), ('0', '1'), ('0', '1'), ('0', '1'), ('0', '1'), ('0', '1'), ('0', '1'), ('0', '1'), ('0', '1'))
derivative-only	('g', 'F0', -5, 9)	p104	(('-6445312500', '1'), ('0', '1'), ('0', '1'), ('0', '1'), ('0', '1'), ('0', '1'), ('0', '1'), ('0', '1'), ('0', '1'), ('0', '1'), ('0', '1'), ('0', '1'), ('0', '1'), ('0', '1'), ('0', '1'), ('0', '1'), ('0', '1'), ('0', '1'))
derivative-only	('g', 'F0', -5, 9)	p111	(('-27929687500', '1'), ('0', '1'), ('0', '1'), ('0', '1'), ('0', '1'), ('0', '1'), ('0', '1'), ('0', '1'), ('0', '1'), ('0', '1'), ('0', '1'), ('0', '1'), ('0', '1'), ('0', '1'), ('0', '1'), ('0', '1'), ('0', '1'), ('0', '1'))
derivative-only	('g', 'F0', -5, 9)	p117	(('-97753906250', '1'), ('0', '1'), ('0', '1'), ('0', '1'), ('0', '1'), ('0', '1'), ('0', '1'), ('0', '1'), ('0', '1'), ('0', '1'), ('0', '1'), ('0', '1'), ('0', '1'), ('0', '1'), ('0', '1'), ('0', '1'), ('0', '1'), ('0', '1'))
derivative-only	('g', 'F0', -5, 9)	p122	(('-293261718750', '1'), ('0', '1'), ('0', '1'), ('0', '1'), ('0', '1'), ('0', '1'), ('0', '1'), ('0', '1'), ('0', '1'), ('0', '1'), ('0', '1'), ('0', '1'), ('0', '1'), ('0', '1'), ('0', '1'), ('0', '1'), ('0', '1'), ('0', '1'))
derivative-only	('g', 'F0', -5, 9)	p126	(('-782031250000', '1'), ('0', '1'), ('0', '1'), ('0', '1'), ('0', '1'), ('0', '1'), ('0', '1'), ('0', '1'), ('0', '1'), ('0', '1'), ('0', '1'), ('0', '1'), ('0', '1'), ('0', '1'), ('0', '1'), ('0', '1'), ('0', '1'), ('0', '1'))
derivative-only	('g', 'F0', -5, 9)	p129	(('-1899218750000', '1'), ('0', '1'), ('0', '1'), ('0', '1'), ('0', '1'), ('0', '1'), ('0', '1'), ('0', '1'), ('0', '1'), ('0', '1'), ('0', '1'), ('0', '1'), ('0', '1'), ('0', '1'), ('0', '1'), ('0', '1'), ('0', '1'), ('0', '1'))
derivative-only	('g', 'F0', -5, 9)	p131	(('-4273242187500', '1'), ('0', '1'), ('0', '1'), ('0', '1'), ('0', '1'), ('0', '1'), ('0', '1'), ('0', '1'), ('0', '1'), ('0', '1'), ('0', '1'), ('0', '1'), ('0', '1'), ('0', '1'), ('0', '1'), ('0', '1'), ('0', '1'), ('0', '1'))
