k	label	terms	degree	leadcoef	leadmonom	trailcoef	trailmonom
1	define_Hfact_0_0	4	3	-1	Hc_11_0^3	1	Hfact_0_0
2	define_Hfact_0_1	5	3	-3	Hc_10_1*Hc_11_0^2	1	Hfact_0_1
3	define_Hfact_0_2	15	6	-9	Hc_11_0^2*minor_a2*u^3	1	Hfact_0_2
4	define_Hfact_0_3	23	6	-18	Hc_10_1*Hc_11_0*minor_a2*u^3	1	Hfact_0_3
5	define_Hfact_0_4	38	9	-27	Hc_11_0*minor_a2^2*u^6	1	Hfact_0_4
6	define_Hfact_0_5	59	9	-27	Hc_10_1*minor_a2^2*u^6	1	Hfact_0_5
7	define_Hfact_0_6	90	12	-27	minor_a2^3*u^9	1	Hfact_0_6
8	define_Hfact_0_7	110	11	-81	minor_a2^4*u^7	1	Hfact_0_7
9	define_Hfact_0_8	117	10	-81	minor_a2^5*u^5	1	Hfact_0_8
10	define_Hfact_0_9	119	11	-27	minor_a2^2*u^9	1	Hfact_0_9
11	define_Hfact_0_10	114	10	108	minor_a2^3*u^7	1	Hfact_0_10
12	define_Hfact_0_11	109	10	-81	minor_a2^2*u^8	1	Hfact_0_11
13	define_Hfact_0_12	101	10	-9	minor_a2*u^9	1	Hfact_0_12
14	define_Hfact_0_13	88	9	18	minor_a2^2*u^7	1	Hfact_0_13
15	define_Hfact_0_14	75	9	-54	minor_a2*u^8	1	Hfact_0_14
16	define_Hfact_0_15	68	9	-1	u^9	1	Hfact_0_15
17	define_Hfact_0_16	56	8	-117	minor_a2*u^7	1	Hfact_0_16
18	define_Hfact_0_17	48	8	-9	u^8	1	Hfact_0_17
19	define_Hfact_0_18	37	7	-63	minor_a2*u^6	1	Hfact_0_18
20	define_Hfact_0_19	33	7	-36	u^7	1	Hfact_0_19
21	define_Hfact_0_20	25	6	189	minor_a2*u^5	1	Hfact_0_20
22	define_Hfact_0_21	21	6	-84	u^6	512/27	1
23	define_Hfact_0_22	16	5	441	minor_a2*u^4	1	Hfact_0_22
24	define_Hfact_0_23	14	5	-126	u^5	1	Hfact_0_23
25	define_Hfact_0_24	10	4	441	minor_a2*u^3	1	Hfact_0_24
26	define_Hfact_0_25	8	4	-126	u^4	-64/3	1
27	define_Hfact_0_26	6	3	243	minor_a2*u^2	1	Hfact_0_26
28	define_Hfact_0_27	6	3	-84	u^3	1	Hfact_0_27
29	define_Hfact_0_28	3	2	72	minor_a2*u	1	Hfact_0_28
30	define_Hfact_0_29	3	2	-36	u^2	8	1
31	define_Hfact_0_30	3	1	9	minor_a2	1	Hfact_0_30
32	define_Hfact_0_31	2	1	-9	u	1	Hfact_0_31
33	define_Hfact_1_1	7	4	-3/8	E82^3*Hc_11_0	1	Hfact_1_1
34	define_Hfact_1_2	34	6	-21/64	E82^4*Hc_11_0^2	1	Hfact_1_2
35	define_Hfact_1_3	61	7	-9/8	E82^3*minor_a2*u^3	1	Hfact_1_3
36	define_Hfact_1_4	150	9	-63/64	E82^4*Hc_11_0*minor_a2*u^3	1	Hfact_1_4
37	define_Hfact_1_5	138	8	-63/64	E82^4*Hc_11_0*minor_a2^2*u	1	Hfact_1_5
38	define_Hfact_1_6	121	9	-27	E82*minor_a2^2*u^6	1	Hfact_1_6
39	define_Hfact_1_7	182	11	-81	minor_a2^3*u^8	1	Hfact_1_7
40	define_Hfact_1_8	167	10	-243	minor_a2^4*u^6	-28	1
41	define_Hfact_1_9	155	10	162	minor_a2^3*u^7	1	Hfact_1_9
42	define_Hfact_1_10	163	10	-135	minor_a2^2*u^8	1	Hfact_1_10
43	define_Hfact_1_11	131	9	216	minor_a2^3*u^6	1	Hfact_1_11
44	define_Hfact_1_12	110	9	-216	minor_a2^2*u^7	21/2	1
45	define_Hfact_1_13	109	9	-63	minor_a2*u^8	1	Hfact_1_13
46	define_Hfact_1_14	77	8	558	minor_a2^2*u^6	1	Hfact_1_14
47	define_Hfact_1_15	68	8	-306	minor_a2*u^7	1	Hfact_1_15
48	define_Hfact_1_16	56	8	-9	u^8	1	Hfact_1_16
49	define_Hfact_1_17	42	7	-441	minor_a2*u^6	1	Hfact_1_17
50	define_Hfact_1_18	37	7	-72	u^7	1	Hfact_1_18
51	define_Hfact_1_19	27	6	252	minor_a2*u^5	1	Hfact_1_19
52	define_Hfact_1_20	22	6	-252	u^6	1024/9	1
53	define_Hfact_1_21	17	5	1575	minor_a2*u^4	1	Hfact_1_21
54	define_Hfact_1_22	14	5	-504	u^5	1	Hfact_1_22
55	define_Hfact_1_23	10	4	2142	minor_a2*u^3	1	Hfact_1_23
56	define_Hfact_1_24	8	4	-630	u^4	-448/3	1
57	define_Hfact_1_25	6	3	1449	minor_a2*u^2	1	Hfact_1_25
58	define_Hfact_1_26	6	3	-504	u^3	1	Hfact_1_26
59	define_Hfact_1_27	3	2	504	minor_a2*u	1	Hfact_1_27
60	define_Hfact_1_28	3	2	-252	u^2	64	1
61	define_Hfact_1_29	3	1	72	minor_a2	1	Hfact_1_29
62	define_Hfact_1_30	2	1	-72	u	1	Hfact_1_30
63	define_Hfact_2_4	12	4	15/8	E82^3*Hc_11_0	1	Hfact_2_4
64	define_Hfact_2_5	97	8	-63/64	E82^4*Hc_11_0*minor_a2*u^2	1	Hfact_2_5
65	define_Hfact_2_6	189	9	189/128	E82^4*Hc_11_0^2*minor_a2*u^2	1	Hfact_2_6
66	define_Hfact_2_7	248	9	189/128	E82^4*Hc_10_1*Hc_11_0*minor_a2*u^2	-56	1
67	define_Hfact_2_8	536	12	567/128	E82^4*Hc_11_0*minor_a2^2*u^5	1	Hfact_2_8
68	define_Hfact_2_9	465	11	567/128	E82^4*Hc_11_0*minor_a2^3*u^3	1	Hfact_2_9
69	define_Hfact_2_10	242	9	189/128	E82^4*Hc_11_0*Hc_7_4*minor_a2*u^2	1	Hfact_2_10
70	define_Hfact_2_11	430	11	189/128	E82^4*Hc_11_0*minor_a2*u^5	39469/486	1
71	define_Hfact_2_12	281	10	-567/64	E82^4*Hc_11_0*minor_a2^2*u^3	1	Hfact_2_12
72	define_Hfact_2_13	253	10	567/128	E82^4*Hc_11_0*minor_a2*u^4	1	Hfact_2_13
73	define_Hfact_2_14	245	9	-567/128	E82^4*Hc_11_0*minor_a2^2*u^2	1	Hfact_2_14
74	define_Hfact_2_15	163	9	567/128	E82^4*Hc_11_0*minor_a2*u^3	-1510/81	1
75	define_Hfact_2_16	57	7	-693	minor_a2*u^6	1	Hfact_2_16
76	define_Hfact_2_17	140	8	189/128	E82^4*Hc_11_0*minor_a2*u^2	1	Hfact_2_17
77	define_Hfact_2_18	31	6	-378	minor_a2*u^5	1	Hfact_2_18
78	define_Hfact_2_19	24	6	-252	u^6	2560/9	1
79	define_Hfact_2_20	18	5	1890	minor_a2*u^4	1	Hfact_2_20
80	define_Hfact_2_21	15	5	-756	u^5	1	Hfact_2_21
81	define_Hfact_2_22	10	4	4095	minor_a2*u^3	1	Hfact_2_22
82	define_Hfact_2_23	8	4	-1260	u^4	-448	1
83	define_Hfact_2_24	6	3	3591	minor_a2*u^2	1	Hfact_2_24
84	define_Hfact_2_25	6	3	-1260	u^3	1	Hfact_2_25
85	define_Hfact_2_26	3	2	1512	minor_a2*u	1	Hfact_2_26
86	define_Hfact_2_27	3	2	-756	u^2	224	1
87	define_Hfact_2_28	3	1	252	minor_a2	1	Hfact_2_28
88	define_Hfact_2_29	2	1	-252	u	1	Hfact_2_29
89	define_Hfact_3_7	12	4	-15/4	E82^3*Hc_11_0	1	Hfact_3_7
90	define_Hfact_3_8	119	8	441/128	E82^4*Hc_11_0*minor_a2*u^2	1	Hfact_3_8
91	define_Hfact_3_9	321	11	567/128	E82^4*Hc_11_0*minor_a2^2*u^4	1	Hfact_3_9
92	define_Hfact_3_10	324	10	567/128	E82^4*Hc_11_0*minor_a2^3*u^2	63629/486	1
93	define_Hfact_3_11	262	10	-567/64	E82^4*Hc_11_0*minor_a2^2*u^3	1	Hfact_3_11
94	define_Hfact_3_12	242	10	567/128	E82^4*Hc_11_0*minor_a2*u^4	1	Hfact_3_12
95	define_Hfact_3_13	243	9	-567/64	E82^4*Hc_11_0*minor_a2^2*u^2	1	Hfact_3_13
96	define_Hfact_3_14	158	9	567/64	E82^4*Hc_11_0*minor_a2*u^3	-8690/81	1
97	define_Hfact_3_15	64	7	-315	minor_a2*u^6	1	Hfact_3_15
98	define_Hfact_3_16	141	8	567/128	E82^4*Hc_11_0*minor_a2*u^2	1	Hfact_3_16
99	define_Hfact_3_17	40	6	-756	minor_a2*u^5	1	Hfact_3_17
100	define_Hfact_3_18	27	6	-84	u^6	10760/27	1
101	define_Hfact_3_19	24	5	630	minor_a2*u^4	1	Hfact_3_19
102	define_Hfact_3_20	16	5	-504	u^5	1	Hfact_3_20
103	define_Hfact_3_21	11	4	3780	minor_a2*u^3	1	Hfact_3_21
104	define_Hfact_3_22	8	4	-1260	u^4	-2240/3	1
105	define_Hfact_3_23	6	3	4725	minor_a2*u^2	1	Hfact_3_23
106	define_Hfact_3_24	6	3	-1680	u^3	1	Hfact_3_24
107	define_Hfact_3_25	3	2	2520	minor_a2*u	1	Hfact_3_25
108	define_Hfact_3_26	3	2	-1260	u^2	448	1
109	define_Hfact_3_27	3	1	504	minor_a2	1	Hfact_3_27
110	define_Hfact_3_28	2	1	-504	u	1	Hfact_3_28
111	define_Hfact_4_10	12	4	15/4	E82^3*Hc_11_0	1	Hfact_4_10
112	define_Hfact_4_11	119	8	-63/16	E82^4*Hc_11_0*minor_a2*u^2	1	Hfact_4_11
113	define_Hfact_4_12	215	9	-567/128	E82^4*Hc_11_0*minor_a2^2*u^2	1	Hfact_4_12
114	define_Hfact_4_13	145	9	567/128	E82^4*Hc_11_0*minor_a2*u^3	-12850/81	1
115	define_Hfact_4_14	52	6	9/8	E82^3*Hc_11_0*u^2	1	Hfact_4_14
116	define_Hfact_4_15	135	8	567/128	E82^4*Hc_11_0*minor_a2*u^2	1	Hfact_4_15
117	define_Hfact_4_16	37	6	-315	minor_a2*u^5	1	Hfact_4_16
118	define_Hfact_4_17	25	5	360	minor_a2^2*u^3	360	1
119	define_Hfact_4_18	24	5	-315	minor_a2*u^4	1	Hfact_4_18
120	define_Hfact_4_19	16	5	-126	u^5	1	Hfact_4_19
121	define_Hfact_4_20	11	4	1575	minor_a2*u^3	1	Hfact_4_20
122	define_Hfact_4_21	8	4	-630	u^4	-2260/3	1
123	define_Hfact_4_22	6	3	3465	minor_a2*u^2	1	Hfact_4_22
124	define_Hfact_4_23	6	3	-1260	u^3	1	Hfact_4_23
125	define_Hfact_4_24	3	2	2520	minor_a2*u	1	Hfact_4_24
126	define_Hfact_4_25	3	2	-1260	u^2	560	1
127	define_Hfact_4_26	3	1	630	minor_a2	1	Hfact_4_26
128	define_Hfact_4_27	2	1	-630	u	1	Hfact_4_27
129	define_Hfact_5_13	12	4	-15/8	E82^3*Hc_11_0	1	Hfact_5_13
130	define_Hfact_5_14	119	8	189/128	E82^4*Hc_11_0*minor_a2*u^2	1	Hfact_5_14
131	define_Hfact_5_15	30	5	9/8	E82^3*Hc_11_0*u	1	Hfact_5_15
132	define_Hfact_5_16	22	5	324	minor_a2^2*u^3	1864/9	1
133	define_Hfact_5_17	23	5	-189	minor_a2*u^4	1	Hfact_5_17
134	define_Hfact_5_18	15	4	-432	minor_a2^2*u^2	1	Hfact_5_18
135	define_Hfact_5_19	11	4	126	minor_a2*u^3	1	Hfact_5_19
136	define_Hfact_5_20	8	4	-126	u^4	-468	1
137	define_Hfact_5_21	6	3	1323	minor_a2*u^2	1	Hfact_5_21
138	define_Hfact_5_22	6	3	-504	u^3	1	Hfact_5_22
139	define_Hfact_5_23	3	2	1512	minor_a2*u	1	Hfact_5_23
140	define_Hfact_5_24	3	2	-756	u^2	448	1
141	define_Hfact_5_25	3	1	504	minor_a2	1	Hfact_5_25
142	define_Hfact_5_26	2	1	-504	u	1	Hfact_5_26
143	define_Hfact_6_16	12	4	3/8	E82^3*Hc_11_0	1	Hfact_6_16
144	define_Hfact_6_17	13	4	54	minor_a2^2*u^2	1	Hfact_6_17
145	define_Hfact_6_18	11	4	-63	minor_a2*u^3	1	Hfact_6_18
146	define_Hfact_6_19	7	3	-252	minor_a2^2*u	-508/3	1
147	define_Hfact_6_20	6	3	189	minor_a2*u^2	1	Hfact_6_20
148	define_Hfact_6_21	6	3	-84	u^3	1	Hfact_6_21
149	define_Hfact_6_22	3	2	504	minor_a2*u	1	Hfact_6_22
150	define_Hfact_6_23	3	2	-252	u^2	224	1
151	define_Hfact_6_24	3	1	252	minor_a2	1	Hfact_6_24
152	define_Hfact_6_25	2	1	-252	u	1	Hfact_6_25
153	define_Hfact_7_19	6	3	-9	minor_a2*u^2	1	Hfact_7_19
154	define_Hfact_7_20	5	2	-36	minor_a2^2	1	Hfact_7_20
155	define_Hfact_7_21	3	2	72	minor_a2*u	1	Hfact_7_21
156	define_Hfact_7_22	3	2	-36	u^2	64	1
157	define_Hfact_7_23	3	1	72	minor_a2	1	Hfact_7_23
158	define_Hfact_7_24	2	1	-72	u	1	Hfact_7_24
159	define_Hfact_8_22	3	1	9	minor_a2	1	Hfact_8_22
160	define_Hfact_8_23	2	1	-9	u	1	Hfact_8_23
161	inverse_J	13	5	-1/2	B2c_64_0*target_b*Hfact_0_0*Hfact_0_1*Zj	-1	1
162	J_0_1	30	4	-1/2	B2c_63_1*target_b*Hfact_0_0*Hfact_0_1	-2	A3c_97_1*Hfact_0_1
163	J_1_0	18	4	-1/2	B2c_64_0*target_b*Hfact_0_0*Hfact_1_1	-2	A3c_97_1
164	J_0_2	51	4	-1/2	B2c_62_2*target_b*Hfact_0_0*Hfact_0_1	-2	A3c_97_1*Hfact_0_2
165	J_1_1	24	4	-1	B2c_64_0*target_b*Hfact_0_1*Hfact_1_1	-4	A3c_96_2
166	J_2_0	6	3	-3/2	B2c_64_0^2*Hfact_1_1	-2	A3c_96_1
167	J_0_3	78	4	-1/2	B2c_61_3*target_b*Hfact_0_0*Hfact_0_1	-2	A3c_97_1*Hfact_0_3
168	J_1_2	54	4	1/2	B2c_62_2*target_b*Hfact_0_0*Hfact_1_1	-6	A3c_95_3
169	J_2_1	12	4	-1/2	B2c_64_0*target_b*Hfact_1_1^2	-4	A3c_95_2
170	J_0_4	108	4	-1/2	B2c_60_4*target_b*Hfact_0_0*Hfact_0_1	-2	A3c_97_1*Hfact_0_4
171	J_1_3	78	4	-1	B2c_60_3*target_b*Hfact_0_0*Hfact_0_1	-8	A3c_94_4
172	J_2_2	24	4	-3/2	B2c_64_0*target_b*Hfact_1_1*Hfact_1_2	-6	A3c_94_3
173	J_0_5	144	4	-1/2	B2c_59_5*target_b*Hfact_0_0*Hfact_0_1	-2	A3c_97_1*Hfact_0_5
174	J_1_4	138	4	-1	B2c_59_4*target_b*Hfact_0_0*Hfact_0_1	-10	A3c_93_5
175	J_2_3	60	4	1/2	B2c_60_3*target_b*Hfact_0_0*Hfact_1_1	48	A3c_97_1
176	J_3_2	6	2	9/2	B2c_60_3*B2c_64_0	-48	A3c_97_0
177	J_0_6	183	4	-1/2	B2c_58_6*target_b*Hfact_0_0*Hfact_0_1	-2	A3c_97_1*Hfact_0_6
178	J_1_5	177	4	-1	B2c_58_5*target_b*Hfact_0_0*Hfact_0_1	-12	A3c_92_6
179	J_2_4	99	4	1	B2c_59_4*target_b*Hfact_0_0*Hfact_1_1	96	A3c_96_2
180	J_3_3	12	3	2	B2c_60_3*target_b*Hfact_1_1	-8	A3c_92_4
181	J_0_7	228	4	-1/2	B2c_57_7*target_b*Hfact_0_0*Hfact_0_1	-2	A3c_97_1*Hfact_0_7
182	J_1_6	258	4	-1	B2c_57_6*target_b*Hfact_0_0*Hfact_0_1	-14	A3c_91_7
183	J_2_5	120	4	3/2	B2c_58_5*target_b*Hfact_0_0*Hfact_1_1	144	A3c_95_3
184	J_3_4	30	4	1/2	B2c_60_3*target_b*Hfact_1_1^2	48	A3c_95_2
185	J_0_8	276	4	-1/2	B2c_56_8*target_b*Hfact_0_0*Hfact_0_1	-2	A3c_97_1*Hfact_0_8
186	J_1_7	312	4	-1	B2c_56_7*target_b*Hfact_0_0*Hfact_0_1	-16	A3c_90_8
187	J_2_6	226	4	21/2	B2c_60_3*target_b*Hfact_0_0*Hfact_0_1	192	A3c_94_4
188	J_3_5	55	4	1	B2c_59_4*target_b*Hfact_1_1^2	96	A3c_94_3
189	J_0_9	330	4	-1/2	B2c_55_9*target_b*Hfact_0_0*Hfact_0_1	-2	A3c_97_1*Hfact_0_9
190	J_1_8	414	4	-1	B2c_55_8*target_b*Hfact_0_0*Hfact_0_1	-18	A3c_89_9
191	J_2_7	318	4	-3/2	B2c_55_7*target_b*Hfact_0_0*Hfact_0_1	240	A3c_93_5
192	J_3_6	124	4	-21/2	B2c_60_3*target_b*Hfact_0_0*Hfact_1_1	-480	A3c_97_1
193	J_4_5	8	2	9/2	B2c_60_3^2	720	A3c_97_0
194	J_0_10	387	4	-1/2	B2c_54_10*target_b*Hfact_0_0*Hfact_0_1	-2	A3c_97_1*Hfact_0_10
195	J_1_9	483	4	-1	B2c_54_9*target_b*Hfact_0_0*Hfact_0_1	-20	A3c_88_10
196	J_2_8	379	4	-3/2	B2c_54_8*target_b*Hfact_0_0*Hfact_0_1	288	A3c_92_6
197	J_3_7	148	4	2	B2c_55_7*target_b*Hfact_0_0*Hfact_1_1	-960	A3c_96_2
198	J_4_6	27	3	3/2	B2c_60_3^2*Hfact_1_1	240	A3c_96_1
199	J_0_11	450	4	-1/2	B2c_53_11*target_b*Hfact_0_0*Hfact_0_1	-2	A3c_97_1*Hfact_0_11
200	J_1_10	606	4	-1	B2c_53_10*target_b*Hfact_0_0*Hfact_0_1	-22	A3c_87_11
201	J_2_9	543	4	-3/2	B2c_53_9*target_b*Hfact_0_0*Hfact_0_1	336	A3c_91_7
202	J_3_8	295	4	5/2	B2c_54_8*target_b*Hfact_0_0*Hfact_1_1	-1440	A3c_95_3
203	J_4_7	59	4	-21/2	B2c_60_3*target_b*Hfact_1_1^2	-240	A3c_95_2
204	J_0_12	516	4	-1/2	B2c_52_12*target_b*Hfact_0_0*Hfact_0_1	-2	A3c_97_1*Hfact_0_12
205	J_1_11	690	4	-1	B2c_52_11*target_b*Hfact_0_0*Hfact_0_1	-24	A3c_86_12
206	J_2_10	676	4	-3/2	B2c_52_10*target_b*Hfact_0_0*Hfact_0_1	384	A3c_90_8
207	J_3_9	407	4	-42	B2c_60_3*target_b*Hfact_0_0*Hfact_0_1	-1920	A3c_94_4
208	J_4_8	112	4	2	B2c_55_7*target_b*Hfact_1_1^2	-720	A3c_94_3
209	J_0_13	588	4	-1/2	B2c_51_13*target_b*Hfact_0_0*Hfact_0_1	-2	A3c_97_1*Hfact_0_13
210	J_1_12	834	4	-1	B2c_51_12*target_b*Hfact_0_0*Hfact_0_1	-26	A3c_85_13
211	J_2_11	774	4	-3/2	B2c_51_11*target_b*Hfact_0_0*Hfact_0_1	432	A3c_89_9
212	J_3_10	582	4	-2	B2c_51_10*target_b*Hfact_0_0*Hfact_0_1	-2400	A3c_93_5
213	J_4_9	167	4	105/2	B2c_60_3*target_b*Hfact_0_0*Hfact_1_1	2800	A3c_97_1
214	J_5_8	8	2	-189/2	B2c_60_3^2	-4032	A3c_97_0
215	J_0_14	663	4	-1/2	B2c_50_14*target_b*Hfact_0_0*Hfact_0_1	-2	A3c_97_1*Hfact_0_14
216	J_1_13	933	4	-1	B2c_50_13*target_b*Hfact_0_0*Hfact_0_1	-28	A3c_84_14
217	J_2_12	991	4	-3/2	B2c_50_12*target_b*Hfact_0_0*Hfact_0_1	480	A3c_88_10
218	J_3_11	670	4	-2	B2c_50_11*target_b*Hfact_0_0*Hfact_0_1	-2880	A3c_92_6
219	J_4_10	343	4	3	B2c_51_10*target_b*Hfact_0_0*Hfact_1_1	5600	A3c_96_2
220	J_5_9	39	3	-42	B2c_60_3^2*Hfact_1_1	-2240	A3c_96_1
221	J_0_15	744	4	-1/2	B2c_49_15*target_b*Hfact_0_0*Hfact_0_1	-2	A3c_97_1*Hfact_0_15
222	J_1_14	1098	4	-1	B2c_49_14*target_b*Hfact_0_0*Hfact_0_1	-30	A3c_83_15
223	J_2_13	1173	4	-3/2	B2c_49_13*target_b*Hfact_0_0*Hfact_0_1	528	A3c_87_11
224	J_3_12	950	4	-2	B2c_49_12*target_b*Hfact_0_0*Hfact_0_1	-3360	A3c_91_7
225	J_4_11	497	4	7/2	B2c_50_11*target_b*Hfact_0_0*Hfact_1_1	8400	A3c_95_3
226	J_5_10	94	4	105/2	B2c_60_3*target_b*Hfact_1_1^2	560	A3c_95_2
227	J_0_16	828	4	-1/2	B2c_48_16*target_b*Hfact_0_0*Hfact_0_1	-2	A3c_97_1*Hfact_0_16
228	J_1_15	1212	4	-1	B2c_48_15*target_b*Hfact_0_0*Hfact_0_1	-32	A3c_82_16
229	J_2_14	1300	4	-3/2	B2c_48_14*target_b*Hfact_0_0*Hfact_0_1	576	A3c_86_12
230	J_3_13	1134	4	-2	B2c_48_13*target_b*Hfact_0_0*Hfact_0_1	-3840	A3c_90_8
231	J_4_12	696	4	175/2	B2c_60_3*target_b*Hfact_0_0*Hfact_0_1	11200	A3c_94_4
232	J_5_11	137	4	3	B2c_51_10*target_b*Hfact_1_1^2	3360	A3c_94_3
233	J_0_17	918	4	-1/2	B2c_47_17*target_b*Hfact_0_0*Hfact_0_1	-2	A3c_97_1*Hfact_0_17
234	J_1_16	1398	4	-1	B2c_47_16*target_b*Hfact_0_0*Hfact_0_1	-34	A3c_81_17
235	J_2_15	1578	4	-3/2	B2c_47_15*target_b*Hfact_0_0*Hfact_0_1	624	A3c_85_13
236	J_3_14	1408	4	-2	B2c_47_14*target_b*Hfact_0_0*Hfact_0_1	-4320	A3c_89_9
237	J_4_13	926	4	-5/2	B2c_47_13*target_b*Hfact_0_0*Hfact_0_1	14000	A3c_93_5
238	J_5_12	339	4	-245/2	B2c_60_3*target_b*Hfact_0_0*Hfact_1_1	-10920	A3c_97_1
239	J_6_11	8	2	945	B2c_60_3^2	3360	A3c_97_0
240	J_0_18	1011	4	-1/2	B2c_46_18*target_b*Hfact_0_0*Hfact_0_1	-2	A3c_97_1*Hfact_0_18
241	J_1_17	1527	4	-1	B2c_46_17*target_b*Hfact_0_0*Hfact_0_1	-36	A3c_80_18
242	J_2_16	1801	4	-3/2	B2c_46_16*target_b*Hfact_0_0*Hfact_0_1	672	A3c_84_14
243	J_3_15	1558	4	-2	B2c_46_15*target_b*Hfact_0_0*Hfact_0_1	-4800	A3c_88_10
244	J_4_14	1048	4	-5/2	B2c_46_14*target_b*Hfact_0_0*Hfact_0_1	16800	A3c_92_6
245	J_5_13	496	4	4	B2c_47_13*target_b*Hfact_0_0*Hfact_1_1	-21840	A3c_96_2
246	J_6_12	51	3	819/2	B2c_60_3^2*Hfact_1_1	10920	A3c_96_1
247	J_0_19	1110	4	-1/2	B2c_45_19*target_b*Hfact_0_0*Hfact_0_1	-2	A3c_97_1*Hfact_0_19
248	J_1_18	1734	4	-1	B2c_45_18*target_b*Hfact_0_0*Hfact_0_1	-38	A3c_79_19
249	J_2_17	1965	4	-3/2	B2c_45_17*target_b*Hfact_0_0*Hfact_0_1	720	A3c_83_15
250	J_3_16	1956	4	-2	B2c_45_16*target_b*Hfact_0_0*Hfact_0_1	-5280	A3c_87_11
251	J_4_15	1472	4	-5/2	B2c_45_15*target_b*Hfact_0_0*Hfact_0_1	19600	A3c_91_7
252	J_5_14	692	4	9/2	B2c_46_14*target_b*Hfact_0_0*Hfact_1_1	-32760	A3c_95_3
253	J_6_13	109	4	-245/2	B2c_60_3*target_b*Hfact_1_1^2	3920	A3c_91_5
254	J_0_20	1212	4	-1/2	B2c_44_20*target_b*Hfact_0_0*Hfact_0_1	-2	A3c_97_1*Hfact_0_20
255	J_1_19	1878	4	-1	B2c_44_19*target_b*Hfact_0_0*Hfact_0_1	-40	A3c_78_20
256	J_2_18	2296	4	-3/2	B2c_44_18*target_b*Hfact_0_0*Hfact_0_1	768	A3c_82_16
257	J_3_17	2221	4	-2	B2c_44_17*target_b*Hfact_0_0*Hfact_0_1	-5760	A3c_86_12
258	J_4_16	1788	4	-5/2	B2c_44_16*target_b*Hfact_0_0*Hfact_0_1	22400	A3c_90_8
259	J_5_15	996	4	-105	B2c_60_3*target_b*Hfact_0_0*Hfact_0_1	-43680	A3c_94_4
260	J_6_14	255	4	4	B2c_47_13*target_b*Hfact_1_1^2	-10920	A3c_94_3
261	J_0_21	1320	4	-1/2	B2c_43_21*target_b*Hfact_0_0*Hfact_0_1	-2	A3c_97_1*Hfact_0_21
262	J_1_20	2106	4	-1	B2c_43_20*target_b*Hfact_0_0*Hfact_0_1	-42	A3c_77_21
263	J_2_19	2568	4	-3/2	B2c_43_19*target_b*Hfact_0_0*Hfact_0_1	816	A3c_81_17
264	J_3_18	2594	4	-2	B2c_43_18*target_b*Hfact_0_0*Hfact_0_1	-6240	A3c_85_13
265	J_4_17	2144	4	-5/2	B2c_43_17*target_b*Hfact_0_0*Hfact_0_1	25200	A3c_89_9
266	J_5_16	1367	4	12	B2c_47_13*target_b*Hfact_0_0*Hfact_0_1	-54600	A3c_93_5
267	J_6_15	484	4	315/2	B2c_60_3*target_b*Hfact_0_0*Hfact_1_1	30576	A3c_97_1
268	J_7_14	8	2	-5985	B2c_60_3^2	95760	A3c_97_0
269	J_0_22	1431	4	-1/2	B2c_42_22*target_b*Hfact_0_0*Hfact_0_1	-2	A3c_97_1*Hfact_0_22
270	J_1_21	2265	4	-1	B2c_42_21*target_b*Hfact_0_0*Hfact_0_1	-44	A3c_76_22
271	J_2_20	2761	4	-3/2	B2c_42_20*target_b*Hfact_0_0*Hfact_0_1	864	A3c_80_18
272	J_3_19	2804	4	-2	B2c_42_19*target_b*Hfact_0_0*Hfact_0_1	-6720	A3c_84_14
273	J_4_18	2523	4	-5/2	B2c_42_18*target_b*Hfact_0_0*Hfact_0_1	28000	A3c_88_10
274	J_5_17	1538	4	-3	B2c_42_17*target_b*Hfact_0_0*Hfact_0_1	-65520	A3c_92_6
275	J_6_16	752	4	-20	B2c_47_13*target_b*Hfact_0_0*Hfact_1_1	61152	A3c_96_2
276	J_7_15	56	3	-2184	B2c_60_3^2*Hfact_1_1	-34944	A3c_96_1
277	J_0_23	1548	4	-1/2	B2c_41_23*target_b*Hfact_0_0*Hfact_0_1	-2	A3c_97_1*Hfact_0_23
278	J_1_22	2514	4	-1	B2c_41_22*target_b*Hfact_0_0*Hfact_0_1	-46	A3c_75_23
279	J_2_21	3153	4	-3/2	B2c_41_21*target_b*Hfact_0_0*Hfact_0_1	912	A3c_79_19
280	J_3_20	3322	4	-2	B2c_41_20*target_b*Hfact_0_0*Hfact_0_1	-7200	A3c_83_15
281	J_4_19	2753	4	-5/2	B2c_41_19*target_b*Hfact_0_0*Hfact_0_1	30800	A3c_87_11
282	J_5_18	2141	4	-3	B2c_41_18*target_b*Hfact_0_0*Hfact_0_1	-76440	A3c_91_7
283	J_6_17	1076	4	11/2	B2c_42_17*target_b*Hfact_0_0*Hfact_1_1	91728	A3c_95_3
284	J_7_16	183	4	315/2	B2c_60_3*target_b*Hfact_1_1^2	-4368	A3c_95_2
285	J_0_24	1668	4	-1/2	B2c_40_24*target_b*Hfact_0_0*Hfact_0_1	-2	A3c_97_1*Hfact_0_24
286	J_1_23	2688	4	-1	B2c_40_23*target_b*Hfact_0_0*Hfact_0_1	-48	A3c_74_24
287	J_2_22	3466	4	-3/2	B2c_40_22*target_b*Hfact_0_0*Hfact_0_1	960	A3c_78_20
288	J_3_21	3668	4	-2	B2c_40_21*target_b*Hfact_0_0*Hfact_0_1	-7680	A3c_82_16
289	J_4_20	3384	4	-5/2	B2c_40_20*target_b*Hfact_0_0*Hfact_0_1	33600	A3c_86_12
290	J_5_19	2544	4	-3	B2c_40_19*target_b*Hfact_0_0*Hfact_0_1	-87360	A3c_90_8
291	J_6_18	1462	4	147/2	B2c_60_3*target_b*Hfact_0_0*Hfact_0_1	122304	A3c_94_4
292	J_7_17	336	4	-20	B2c_47_13*target_b*Hfact_1_1^2	26208	A3c_94_3
293	J_0_25	1794	4	-1/2	B2c_39_25*target_b*Hfact_0_0*Hfact_0_1	-2	A3c_97_1*Hfact_0_25
294	J_1_24	2958	4	-1	B2c_39_24*target_b*Hfact_0_0*Hfact_0_1	-50	A3c_73_25
295	J_2_23	3696	4	-3/2	B2c_39_23*target_b*Hfact_0_0*Hfact_0_1	1008	A3c_77_21
296	J_3_22	4140	4	-2	B2c_39_22*target_b*Hfact_0_0*Hfact_0_1	-8160	A3c_81_17
297	J_4_21	3866	4	-5/2	B2c_39_21*target_b*Hfact_0_0*Hfact_0_1	36400	A3c_85_13
298	J_5_20	2988	4	-3	B2c_39_20*target_b*Hfact_0_0*Hfact_0_1	-98280	A3c_89_9
299	J_6_19	1937	4	-21	B2c_47_13*target_b*Hfact_0_0*Hfact_0_1	152880	A3c_93_5
300	J_7_18	658	4	-231/2	B2c_60_3*target_b*Hfact_0_0*Hfact_1_1	-64064	A3c_97_1
301	J_8_17	8	2	53865/2	B2c_60_3^2	-746928	A3c_97_0
302	J_0_26	1923	4	-1/2	B2c_38_26*target_b*Hfact_0_0*Hfact_0_1	-2	A3c_97_1*Hfact_0_26
303	J_1_25	3147	4	-1	B2c_38_25*target_b*Hfact_0_0*Hfact_0_1	-52	A3c_72_26
304	J_2_24	4141	4	-3/2	B2c_38_24*target_b*Hfact_0_0*Hfact_0_1	1056	A3c_76_22
305	J_3_23	4410	4	-2	B2c_38_23*target_b*Hfact_0_0*Hfact_0_1	-8640	A3c_80_18
306	J_4_22	4371	4	-5/2	B2c_38_22*target_b*Hfact_0_0*Hfact_0_1	39200	A3c_84_14
307	J_5_21	3564	4	-3	B2c_38_21*target_b*Hfact_0_0*Hfact_0_1	-109200	A3c_88_10
308	J_6_20	2167	4	-7/2	B2c_38_20*target_b*Hfact_0_0*Hfact_0_1	183456	A3c_92_6
309	J_7_19	942	4	36	B2c_47_13*target_b*Hfact_0_0*Hfact_1_1	-128128	A3c_96_2
310	J_8_18	69	3	15015/2	B2c_60_3^2*Hfact_1_1	81144	A3c_96_1
311	J_0_27	2058	4	-1/2	B2c_37_27*target_b*Hfact_0_0*Hfact_0_1	-2	A3c_97_1*Hfact_0_27
312	J_1_26	3438	4	-1	B2c_37_26*target_b*Hfact_0_0*Hfact_0_1	-54	A3c_71_27
313	J_2_25	4503	4	-3/2	B2c_37_25*target_b*Hfact_0_0*Hfact_0_1	1104	A3c_75_23
314	J_3_24	5048	4	-2	B2c_37_24*target_b*Hfact_0_0*Hfact_0_1	-9120	A3c_79_19
315	J_4_23	4916	4	-5/2	B2c_37_23*target_b*Hfact_0_0*Hfact_0_1	42000	A3c_83_15
316	J_5_22	4193	4	-3	B2c_37_22*target_b*Hfact_0_0*Hfact_0_1	-120120	A3c_87_11
317	J_6_21	2991	4	-7/2	B2c_37_21*target_b*Hfact_0_0*Hfact_0_1	214032	A3c_91_7
318	J_7_20	1488	4	13/2	B2c_38_20*target_b*Hfact_0_0*Hfact_1_1	-192192	A3c_95_3
319	J_8_19	231	4	-231/2	B2c_60_3*target_b*Hfact_1_1^2	16016	A3c_95_2
320	J_0_28	2196	4	-1/2	B2c_36_28*target_b*Hfact_0_0*Hfact_0_1	-2	A3c_97_1*Hfact_0_28
321	J_1_27	3642	4	-1	B2c_36_27*target_b*Hfact_0_0*Hfact_0_1	-56	A3c_70_28
322	J_2_26	4762	4	-3/2	B2c_36_26*target_b*Hfact_0_0*Hfact_0_1	1152	A3c_74_24
323	J_3_25	5475	4	-2	B2c_36_25*target_b*Hfact_0_0*Hfact_0_1	-9600	A3c_78_20
324	J_4_24	5235	4	-5/2	B2c_36_24*target_b*Hfact_0_0*Hfact_0_1	44800	A3c_82_16
325	J_5_23	4513	4	-3	B2c_36_23*target_b*Hfact_0_0*Hfact_0_1	-131040	A3c_86_12
326	J_6_22	3597	4	-7/2	B2c_36_22*target_b*Hfact_0_0*Hfact_0_1	244608	A3c_90_8
327	J_7_21	1968	4	-28	B2c_60_3*target_b*Hfact_0_0*Hfact_0_1	-256256	A3c_94_4
328	J_8_20	446	4	36	B2c_47_13*target_b*Hfact_1_1^2	-48048	A3c_94_3
329	J_0_29	2340	4	-1/2	B2c_35_29*target_b*Hfact_0_0*Hfact_0_1	-2	A3c_97_1*Hfact_0_29
330	J_1_28	3954	4	-1	B2c_35_28*target_b*Hfact_0_0*Hfact_0_1	-58	A3c_69_29
331	J_2_27	5268	4	-3/2	B2c_35_27*target_b*Hfact_0_0*Hfact_0_1	1200	A3c_73_25
332	J_3_26	6046	4	-2	B2c_35_26*target_b*Hfact_0_0*Hfact_0_1	-10080	A3c_77_21
333	J_4_25	6092	4	-5/2	B2c_35_25*target_b*Hfact_0_0*Hfact_0_1	47600	A3c_81_17
334	J_5_24	5471	4	-3	B2c_35_24*target_b*Hfact_0_0*Hfact_0_1	-141960	A3c_85_13
335	J_6_23	4261	4	-7/2	B2c_35_23*target_b*Hfact_0_0*Hfact_0_1	275184	A3c_89_9
336	J_7_22	2631	4	16	B2c_47_13*target_b*Hfact_0_0*Hfact_0_1	-320320	A3c_93_5
337	J_8_21	865	4	91/2	B2c_60_3*target_b*Hfact_0_0*Hfact_1_1	102960	A3c_97_1
338	J_9_20	8	2	-183141/2	B2c_60_3^2	3255840	A3c_97_0
339	J_0_30	2487	4	-1/2	B2c_34_30*target_b*Hfact_0_0*Hfact_0_1	-2	A3c_97_1*Hfact_0_30
340	J_1_29	4173	4	-1	B2c_34_29*target_b*Hfact_0_0*Hfact_0_1	-60	A3c_68_30
341	J_2_28	5671	4	-3/2	B2c_34_28*target_b*Hfact_0_0*Hfact_0_1	1248	A3c_72_26
342	J_3_27	6376	4	-2	B2c_34_27*target_b*Hfact_0_0*Hfact_0_1	-10560	A3c_76_22
343	J_4_26	6723	4	-5/2	B2c_34_26*target_b*Hfact_0_0*Hfact_0_1	50400	A3c_80_18
344	J_5_25	6108	4	-3	B2c_34_25*target_b*Hfact_0_0*Hfact_0_1	-152880	A3c_84_14
345	J_6_24	4975	4	-7/2	B2c_34_24*target_b*Hfact_0_0*Hfact_0_1	305760	A3c_88_10
346	J_7_23	2954	4	4	B2c_38_20*target_b*Hfact_0_0*Hfact_0_1	-384384	A3c_92_6
347	J_8_22	1395	4	-28	B2c_47_13*target_b*Hfact_0_0*Hfact_1_1	205920	A3c_96_2
348	J_9_21	77	3	-18018	B2c_60_3^2*Hfact_1_1	-155520	A3c_96_1
349	J_0_31	2630	4	-1/2	B2c_33_31*target_b*Hfact_0_0*Hfact_0_1	-2	A3c_97_1*Hfact_0_31
350	J_1_30	4496	4	-1	B2c_33_30*target_b*Hfact_0_0*Hfact_0_1	-62	A3c_67_31
351	J_2_29	5957	4	-3/2	B2c_33_29*target_b*Hfact_0_0*Hfact_0_1	1296	A3c_71_27
352	J_3_28	7124	4	-2	B2c_33_28*target_b*Hfact_0_0*Hfact_0_1	-11040	A3c_75_23
353	J_4_27	7384	4	-5/2	B2c_33_27*target_b*Hfact_0_0*Hfact_0_1	53200	A3c_79_19
354	J_5_26	6773	4	-3	B2c_33_26*target_b*Hfact_0_0*Hfact_0_1	-163800	A3c_83_15
355	J_6_25	5737	4	-7/2	B2c_33_25*target_b*Hfact_0_0*Hfact_0_1	336336	A3c_87_11
356	J_7_24	4046	4	-4	B2c_33_24*target_b*Hfact_0_0*Hfact_0_1	-448448	A3c_91_7
357	J_8_23	1881	4	-15/2	B2c_38_20*target_b*Hfact_0_0*Hfact_1_1	308880	A3c_95_3
358	J_9_22	280	4	91/2	B2c_60_3*target_b*Hfact_1_1^2	-34320	A3c_95_2
359	J_0_32	2771	4	-1/2	B2c_32_32*target_b*Hfact_0_0*Hfact_0_1	-4	A3c_96_2*Hfact_0_31
360	J_1_31	4719	4	-1	B2c_32_31*target_b*Hfact_0_0*Hfact_0_1	-64	A3c_66_32
361	J_2_30	6505	4	-3/2	B2c_32_30*target_b*Hfact_0_0*Hfact_0_1	1344	A3c_70_28
362	J_3_29	7621	4	-2	B2c_32_29*target_b*Hfact_0_0*Hfact_0_1	-11520	A3c_74_24
363	J_4_28	8067	4	-5/2	B2c_32_28*target_b*Hfact_0_0*Hfact_0_1	56000	A3c_78_20
364	J_5_27	7611	4	-3	B2c_32_27*target_b*Hfact_0_0*Hfact_0_1	-174720	A3c_82_16
365	J_6_26	6548	4	-7/2	B2c_32_26*target_b*Hfact_0_0*Hfact_0_1	366912	A3c_86_12
366	J_7_25	4779	4	-4	B2c_32_25*target_b*Hfact_0_0*Hfact_0_1	-512512	A3c_90_8
367	J_8_24	2683	4	9/2	B2c_60_3*target_b*Hfact_0_0*Hfact_0_1	411840	A3c_94_4
368	J_9_23	577	4	-28	B2c_47_13*target_b*Hfact_1_1^2	68640	A3c_94_3
369	J_0_33	2898	4	-1/2	B2c_32_32*target_b*Hfact_0_1^2	-2	A3c_97_1
370	J_1_32	5044	4	-1	B2c_31_32*target_b*Hfact_0_0*Hfact_0_1	-36	A3c_97_1
371	J_2_31	6938	4	-3/2	B2c_31_31*target_b*Hfact_0_0*Hfact_0_1	-216	A3c_97_1
372	J_3_30	8272	4	-2	B2c_31_30*target_b*Hfact_0_0*Hfact_0_1	-672	A3c_97_1
373	J_4_29	8473	4	-5/2	B2c_31_29*target_b*Hfact_0_0*Hfact_0_1	-1260	A3c_97_1
374	J_5_28	8491	4	-3	B2c_31_28*target_b*Hfact_0_0*Hfact_0_1	-1512	A3c_97_1
375	J_6_27	6974	4	-7/2	B2c_31_27*target_b*Hfact_0_0*Hfact_0_1	-1176	A3c_97_1
376	J_7_26	5693	4	-4	B2c_31_26*target_b*Hfact_0_0*Hfact_0_1	-576	A3c_97_1
377	J_8_25	3476	4	-9/2	B2c_47_13*target_b*Hfact_0_0*Hfact_0_1	-162	A3c_97_1
378	J_9_24	994	4	-15/2	B2c_60_3*target_b*Hfact_0_0*Hfact_1_1	-128700	A3c_97_1
379	J_10_23	8	2	244188	B2c_60_3^2	-10046592	A3c_97_0
380	J_0_34	3012	4	-3/2	B2c_32_32*target_b*Hfact_0_1*Hfact_0_2	-4	A3c_96_2
381	J_1_33	5239	4	-1	B2c_31_32*target_b*Hfact_0_1^2	-72	A3c_96_2
382	J_2_32	7217	4	-3/2	B2c_31_31*target_b*Hfact_0_1^2	-432	A3c_96_2
383	J_3_31	8622	4	-2	B2c_31_30*target_b*Hfact_0_1^2	-1344	A3c_96_2
384	J_4_30	9499	4	-5/2	B2c_31_29*target_b*Hfact_0_1^2	-2520	A3c_96_2
385	J_5_29	8918	4	-3	B2c_31_28*target_b*Hfact_0_1^2	-3024	A3c_96_2
386	J_6_28	8299	4	-7/2	B2c_31_27*target_b*Hfact_0_1^2	-2352	A3c_96_2
387	J_7_27	6386	4	-4	B2c_31_26*target_b*Hfact_0_1^2	-1152	A3c_96_2
388	J_8_26	3837	4	-9/2	B2c_47_13*target_b*Hfact_0_1^2	-324	A3c_96_2
389	J_9_25	1743	4	8	B2c_47_13*target_b*Hfact_0_0*Hfact_1_1	-257400	A3c_96_2
390	J_10_24	82	3	63063/2	B2c_60_3^2*Hfact_1_1	327726	A3c_96_1
391	J_0_35	3121	4	-1	B2c_32_32*target_b*Hfact_0_2^2	-6	A3c_95_3
392	J_1_34	5538	4	-3	B2c_31_32*target_b*Hfact_0_1*Hfact_0_2	-108	A3c_95_3
393	J_2_33	7769	4	-9/2	B2c_31_31*target_b*Hfact_0_1*Hfact_0_2	-648	A3c_95_3
394	J_3_32	9434	4	-6	B2c_31_30*target_b*Hfact_0_1*Hfact_0_2	-2016	A3c_95_3
395	J_4_31	10231	4	-15/2	B2c_31_29*target_b*Hfact_0_1*Hfact_0_2	-3780	A3c_95_3
396	J_5_30	10168	4	-9	B2c_31_28*target_b*Hfact_0_1*Hfact_0_2	-4536	A3c_95_3
397	J_6_29	9222	4	-21/2	B2c_31_27*target_b*Hfact_0_1*Hfact_0_2	-3528	A3c_95_3
398	J_7_28	7535	4	-12	B2c_31_26*target_b*Hfact_0_1*Hfact_0_2	-1728	A3c_95_3
399	J_8_27	5188	4	-27/2	B2c_47_13*target_b*Hfact_0_1*Hfact_0_2	-486	A3c_95_3
400	J_9_26	2522	4	7/2	B2c_47_13*target_b*Hfact_0_1*Hfact_1_1	-386100	A3c_95_3
401	J_10_25	323	4	-15/2	B2c_60_3*target_b*Hfact_1_1^2	51480	A3c_95_2
402	J_0_36	3217	4	-5/2	B2c_32_32*target_b*Hfact_0_2*Hfact_0_3	-8	A3c_94_4
403	J_1_35	5700	4	-2	B2c_31_32*target_b*Hfact_0_2^2	-144	A3c_94_4
404	J_2_34	8167	4	-3	B2c_31_31*target_b*Hfact_0_2^2	-864	A3c_94_4
405	J_3_33	9932	4	-4	B2c_31_30*target_b*Hfact_0_2^2	-2688	A3c_94_4
406	J_4_32	10960	4	-5	B2c_31_29*target_b*Hfact_0_2^2	-5040	A3c_94_4
407	J_5_31	10948	4	-6	B2c_31_28*target_b*Hfact_0_2^2	-6048	A3c_94_4
408	J_6_30	10169	4	-7	B2c_31_27*target_b*Hfact_0_2^2	-4704	A3c_94_4
409	J_7_29	8442	4	-8	B2c_31_26*target_b*Hfact_0_2^2	-2304	A3c_94_4
410	J_8_28	6130	4	-9	B2c_47_13*target_b*Hfact_0_2^2	-648	A3c_94_4
411	J_9_27	3274	4	-1	B2c_47_13*target_b*Hfact_0_2*Hfact_1_1	-514800	A3c_94_4
412	J_10_26	724	4	8	B2c_47_13*target_b*Hfact_1_1^2	-77220	A3c_94_3
413	J_0_37	3308	4	-3/2	B2c_32_32*target_b*Hfact_0_3^2	-10	A3c_93_5
414	J_1_36	5968	4	-5	B2c_31_32*target_b*Hfact_0_2*Hfact_0_3	32	A3c_97_1
415	J_2_35	8404	4	-15/2	B2c_31_31*target_b*Hfact_0_2*Hfact_0_3	432	A3c_97_1
416	J_3_34	10589	4	-10	B2c_31_30*target_b*Hfact_0_2*Hfact_0_3	2304	A3c_97_1
417	J_4_33	11709	4	-25/2	B2c_31_29*target_b*Hfact_0_2*Hfact_0_3	6720	A3c_97_1
418	J_5_32	11743	4	-15	B2c_31_28*target_b*Hfact_0_2*Hfact_0_3	12096	A3c_97_1
419	J_6_31	11154	4	-35/2	B2c_31_27*target_b*Hfact_0_2*Hfact_0_3	14112	A3c_97_1
420	J_7_30	9550	4	-20	B2c_31_26*target_b*Hfact_0_2*Hfact_0_3	10752	A3c_97_1
421	J_8_29	6992	4	-45/2	B2c_47_13*target_b*Hfact_0_2*Hfact_0_3	5184	A3c_97_1
422	J_9_28	4211	4	-11/2	B2c_47_13*target_b*Hfact_0_3*Hfact_1_1	1440	A3c_97_1
423	J_10_27	1321	4	23/2	B2c_47_13*target_b*Hfact_1_1*Hfact_1_2	125840	A3c_97_1
424	J_11_26	8	2	-523260	B2c_60_3^2	23721120	A3c_97_0
425	J_0_38	3386	4	-7/2	B2c_32_32*target_b*Hfact_0_3*Hfact_0_4	-12	A3c_92_6
426	J_1_37	6091	4	-3	B2c_31_32*target_b*Hfact_0_3^2	64	A3c_96_2
427	J_2_36	8912	4	-9/2	B2c_31_31*target_b*Hfact_0_3^2	864	A3c_96_2
428	J_3_35	10886	4	-6	B2c_31_30*target_b*Hfact_0_3^2	4608	A3c_96_2
429	J_4_34	12089	4	-15/2	B2c_31_29*target_b*Hfact_0_3^2	13440	A3c_96_2
430	J_5_33	12719	4	-9	B2c_31_28*target_b*Hfact_0_3^2	24192	A3c_96_2
431	J_6_32	12154	4	-21/2	B2c_31_27*target_b*Hfact_0_3^2	28224	A3c_96_2
432	J_7_31	10024	4	-12	B2c_31_26*target_b*Hfact_0_3^2	21504	A3c_96_2
433	J_8_30	8185	4	-27/2	B2c_47_13*target_b*Hfact_0_3^2	10368	A3c_96_2
434	J_9_29	4595	4	-10	B2c_47_13*target_b*Hfact_0_4*Hfact_1_1	2880	A3c_96_2
435	J_10_28	2099	4	7/2	B2c_47_13*target_b*Hfact_1_2^2	251680	A3c_96_2
436	J_11_27	81	3	-41184	B2c_60_3^2*Hfact_1_1	-931328	A3c_96_1
437	J_0_39	3459	4	-2	B2c_32_32*target_b*Hfact_0_4^2	-14	A3c_91_7
438	J_1_38	6326	4	-7	B2c_31_32*target_b*Hfact_0_3*Hfact_0_4	96	A3c_95_3
439	J_2_37	9249	4	-21/2	B2c_31_31*target_b*Hfact_0_3*Hfact_0_4	1296	A3c_95_3
440	J_3_36	11689	4	-14	B2c_31_30*target_b*Hfact_0_3*Hfact_0_4	6912	A3c_95_3
441	J_4_35	13180	4	-35/2	B2c_31_29*target_b*Hfact_0_3*Hfact_0_4	20160	A3c_95_3
442	J_5_34	13700	4	-21	B2c_31_28*target_b*Hfact_0_3*Hfact_0_4	36288	A3c_95_3
443	J_6_33	13170	4	-49/2	B2c_31_27*target_b*Hfact_0_3*Hfact_0_4	42336	A3c_95_3
444	J_7_32	11703	4	-28	B2c_31_26*target_b*Hfact_0_3*Hfact_0_4	32256	A3c_95_3
445	J_8_31	9276	4	-63/2	B2c_47_13*target_b*Hfact_0_3*Hfact_0_4	15552	A3c_95_3
446	J_9_30	6164	4	-29/2	B2c_47_13*target_b*Hfact_0_5*Hfact_1_1	4320	A3c_95_3
447	J_10_29	2934	4	5/2	B2c_47_13*target_b*Hfact_1_2*Hfact_1_3	377520	A3c_95_3
448	J_11_28	354	4	-27/2	B2c_60_3*target_b*Hfact_1_1*Hfact_2_4	-57200	A3c_95_2
449	J_0_40	3519	4	-9/2	B2c_32_32*target_b*Hfact_0_4*Hfact_0_5	-16	A3c_90_8
450	J_1_39	6410	4	-4	B2c_31_32*target_b*Hfact_0_4^2	128	A3c_94_4
451	J_2_38	9391	4	-6	B2c_31_31*target_b*Hfact_0_4^2	1728	A3c_94_4
452	J_3_37	12122	4	-8	B2c_31_30*target_b*Hfact_0_4^2	9216	A3c_94_4
453	J_4_36	13894	4	-10	B2c_31_29*target_b*Hfact_0_4^2	26880	A3c_94_4
454	J_5_35	14112	4	-12	B2c_31_28*target_b*Hfact_0_4^2	48384	A3c_94_4
455	J_6_34	13632	4	-14	B2c_31_27*target_b*Hfact_0_4^2	56448	A3c_94_4
456	J_7_33	12726	4	-16	B2c_31_26*target_b*Hfact_0_4^2	43008	A3c_94_4
457	J_8_32	10240	4	-18	B2c_47_13*target_b*Hfact_0_4^2	20736	A3c_94_4
458	J_9_31	7152	4	-19	B2c_47_13*target_b*Hfact_0_6*Hfact_1_1	5760	A3c_94_4
459	J_10_30	3836	4	-1	B2c_47_13*target_b*Hfact_1_3^2	503360	A3c_94_4
460	J_11_29	738	4	15	B2c_47_13*target_b*Hfact_1_1*Hfact_2_4	68640	A3c_94_3
461	J_0_41	3574	4	-5/2	B2c_32_32*target_b*Hfact_0_5^2	-18	A3c_89_9
462	J_1_40	6612	4	-9	B2c_31_32*target_b*Hfact_0_4*Hfact_0_5	160	A3c_93_5
463	J_2_39	9831	4	-27/2	B2c_31_31*target_b*Hfact_0_4*Hfact_0_5	-168	A3c_97_1
464	J_3_38	12697	4	-18	B2c_31_30*target_b*Hfact_0_4*Hfact_0_5	-2016	A3c_97_1
465	J_4_37	14605	4	-45/2	B2c_31_29*target_b*Hfact_0_4*Hfact_0_5	-10080	A3c_97_1
466	J_5_36	15481	4	-27	B2c_31_28*target_b*Hfact_0_4*Hfact_0_5	-28224	A3c_97_1
467	J_6_35	15231	4	-63/2	B2c_31_27*target_b*Hfact_0_4*Hfact_0_5	-49392	A3c_97_1
468	J_7_34	13955	4	-36	B2c_31_26*target_b*Hfact_0_4*Hfact_0_5	-56448	A3c_97_1
469	J_8_33	11578	4	-81/2	B2c_47_13*target_b*Hfact_0_4*Hfact_0_5	-42336	A3c_97_1
470	J_9_32	8342	4	-47/2	B2c_47_13*target_b*Hfact_0_7*Hfact_1_1	-20160	A3c_97_1
471	J_10_31	4810	4	-13/2	B2c_47_13*target_b*Hfact_1_3*Hfact_1_4	-5544	A3c_97_1
472	J_11_30	1503	4	21/2	B2c_47_13*target_b*Hfact_1_2*Hfact_2_4	-96096	A3c_97_1
473	J_12_29	8	2	915705	B2c_60_3^2	-44496480	A3c_97_0
474	J_0_42	3616	4	-11/2	B2c_32_32*target_b*Hfact_0_5*Hfact_0_6	-20	A3c_88_10
475	J_1_41	6657	4	-5	B2c_31_32*target_b*Hfact_0_5^2	192	A3c_92_6
476	J_2_40	10072	4	-15/2	B2c_31_31*target_b*Hfact_0_5^2	-336	A3c_96_2
477	J_3_39	12856	4	-10	B2c_31_30*target_b*Hfact_0_5^2	-4032	A3c_96_2
478	J_4_38	15277	4	-25/2	B2c_31_29*target_b*Hfact_0_5^2	-20160	A3c_96_2
479	J_5_37	16258	4	-15	B2c_31_28*target_b*Hfact_0_5^2	-56448	A3c_96_2
480	J_6_36	16265	4	-35/2	B2c_31_27*target_b*Hfact_0_5^2	-98784	A3c_96_2
481	J_7_35	14802	4	-20	B2c_31_26*target_b*Hfact_0_5^2	-112896	A3c_96_2
482	J_8_34	12778	4	-45/2	B2c_47_13*target_b*Hfact_0_5^2	-84672	A3c_96_2
483	J_9_33	9422	4	-28	B2c_47_13*target_b*Hfact_0_8*Hfact_1_1	-40320	A3c_96_2
484	J_10_32	5219	4	-11/2	B2c_47_13*target_b*Hfact_1_4^2	-11088	A3c_96_2
485	J_11_31	2163	4	6	B2c_47_13*target_b*Hfact_1_3*Hfact_2_4	-192192	A3c_96_2
486	J_12_30	85	3	81081/2	B2c_60_3^2*Hfact_1_1	2810304	A3c_96_1
487	J_0_43	3653	4	-3	B2c_32_32*target_b*Hfact_0_6^2	-22	A3c_87_11
488	J_1_42	6826	4	-11	B2c_31_32*target_b*Hfact_0_5*Hfact_0_6	224	A3c_91_7
489	J_2_41	10117	4	-33/2	B2c_31_31*target_b*Hfact_0_5*Hfact_0_6	-504	A3c_95_3
490	J_3_40	13545	4	-22	B2c_31_30*target_b*Hfact_0_5*Hfact_0_6	-6048	A3c_95_3
491	J_4_39	15539	4	-55/2	B2c_31_29*target_b*Hfact_0_5*Hfact_0_6	-30240	A3c_95_3
492	J_5_38	16997	4	-33	B2c_31_28*target_b*Hfact_0_5*Hfact_0_6	-84672	A3c_95_3
493	J_6_37	17288	4	-77/2	B2c_31_27*target_b*Hfact_0_5*Hfact_0_6	-148176	A3c_95_3
494	J_7_36	16257	4	-44	B2c_31_26*target_b*Hfact_0_5*Hfact_0_6	-169344	A3c_95_3
495	J_8_35	13264	4	-99/2	B2c_47_13*target_b*Hfact_0_5*Hfact_0_6	-127008	A3c_95_3
496	J_9_34	10376	4	-65/2	B2c_47_13*target_b*Hfact_0_9*Hfact_1_1	-60480	A3c_95_3
497	J_10_33	6935	4	-31/2	B2c_47_13*target_b*Hfact_1_4*Hfact_1_5	-16632	A3c_95_3
498	J_11_32	3067	4	3/2	B2c_47_13*target_b*Hfact_1_4*Hfact_2_4	-288288	A3c_95_3
499	J_12_31	378	4	-6	B2c_60_3*target_b*Hfact_2_4^2	48048	A3c_95_2
500	J_0_44	3677	4	-13/2	B2c_32_32*target_b*Hfact_0_6*Hfact_0_7	-24	A3c_86_12
501	J_1_43	6832	4	-6	B2c_31_32*target_b*Hfact_0_6^2	256	A3c_90_8
502	J_2_42	10472	4	-9	B2c_31_31*target_b*Hfact_0_6^2	-672	A3c_94_4
503	J_3_41	13810	4	-12	B2c_31_30*target_b*Hfact_0_6^2	-8064	A3c_94_4
504	J_4_40	16520	4	-15	B2c_31_29*target_b*Hfact_0_6^2	-40320	A3c_94_4
505	J_5_39	17931	4	-18	B2c_31_28*target_b*Hfact_0_6^2	-112896	A3c_94_4
506	J_6_38	18299	4	-21	B2c_31_27*target_b*Hfact_0_6^2	-197568	A3c_94_4
507	J_7_37	17307	4	-24	B2c_31_26*target_b*Hfact_0_6^2	-225792	A3c_94_4
508	J_8_36	15224	4	-27	B2c_47_13*target_b*Hfact_0_6^2	-169344	A3c_94_4
509	J_9_35	11834	4	-37	B2c_47_13*target_b*Hfact_0_10*Hfact_1_1	-80640	A3c_94_4
510	J_10_34	8078	4	-10	B2c_47_13*target_b*Hfact_1_5^2	-22176	A3c_94_4
511	J_11_33	4172	4	-3	B2c_47_13*target_b*Hfact_1_5*Hfact_2_4	-384384	A3c_94_4
512	J_12_32	910	4	7	B2c_47_13*target_b*Hfact_2_4^2	-48048	A3c_94_3
513	J_0_45	3696	4	-7/2	B2c_32_32*target_b*Hfact_0_7^2	-26	A3c_85_13
514	J_1_44	6968	4	-13	B2c_31_32*target_b*Hfact_0_6*Hfact_0_7	288	A3c_89_9
515	J_2_43	10631	4	-39/2	B2c_31_31*target_b*Hfact_0_6*Hfact_0_7	-840	A3c_93_5
516	J_3_42	14218	4	-26	B2c_31_30*target_b*Hfact_0_6*Hfact_0_7	448	A3c_97_1
517	J_4_41	17070	4	-65/2	B2c_31_29*target_b*Hfact_0_6*Hfact_0_7	5040	A3c_97_1
518	J_5_40	18829	4	-39	B2c_31_28*target_b*Hfact_0_6*Hfact_0_7	24192	A3c_97_1
519	J_6_39	19288	4	-91/2	B2c_31_27*target_b*Hfact_0_6*Hfact_0_7	65856	A3c_97_1
520	J_7_38	18556	4	-52	B2c_31_26*target_b*Hfact_0_6*Hfact_0_7	112896	A3c_97_1
521	J_8_37	16459	4	-117/2	B2c_47_13*target_b*Hfact_0_6*Hfact_0_7	127008	A3c_97_1
522	J_9_36	13173	4	-83/2	B2c_47_13*target_b*Hfact_0_11*Hfact_1_1	94080	A3c_97_1
523	J_10_35	9255	4	-49/2	B2c_47_13*target_b*Hfact_1_5*Hfact_1_6	44352	A3c_97_1
524	J_11_34	5266	4	-15/2	B2c_47_13*target_b*Hfact_1_6*Hfact_2_4	12096	A3c_97_1
525	J_12_33	1639	4	19/2	B2c_47_13*target_b*Hfact_2_4*Hfact_2_5	56784	A3c_97_1
526	J_13_32	8	2	-1322685	B2c_60_3^2	67721472	A3c_97_0
527	J_0_46	3702	4	-15/2	B2c_32_32*target_b*Hfact_0_7*Hfact_0_8	-28	A3c_84_14
528	J_1_45	6935	4	-7	B2c_31_32*target_b*Hfact_0_7^2	320	A3c_88_10
529	J_2_44	10586	4	-21/2	B2c_31_31*target_b*Hfact_0_7^2	-1008	A3c_92_6
530	J_3_43	14221	4	-14	B2c_31_30*target_b*Hfact_0_7^2	896	A3c_96_2
531	J_4_42	17561	4	-35/2	B2c_31_29*target_b*Hfact_0_7^2	10080	A3c_96_2
532	J_5_41	19073	4	-21	B2c_31_28*target_b*Hfact_0_7^2	48384	A3c_96_2
533	J_6_40	20256	4	-49/2	B2c_31_27*target_b*Hfact_0_7^2	131712	A3c_96_2
534	J_7_39	18987	4	-28	B2c_31_26*target_b*Hfact_0_7^2	225792	A3c_96_2
535	J_8_38	17509	4	-63/2	B2c_47_13*target_b*Hfact_0_7^2	254016	A3c_96_2
536	J_9_37	14349	4	-46	B2c_47_13*target_b*Hfact_0_12*Hfact_1_1	188160	A3c_96_2
537	J_10_36	10481	4	-29/2	B2c_47_13*target_b*Hfact_1_6^2	88704	A3c_96_2
538	J_11_35	5679	4	-12	B2c_47_13*target_b*Hfact_1_7*Hfact_2_4	24192	A3c_96_2
539	J_12_34	2561	4	5/2	B2c_47_13*target_b*Hfact_2_5^2	113568	A3c_96_2
540	J_13_33	85	3	-30030	B2c_60_3^2*Hfact_1_1	-7174272	A3c_96_1
541	J_0_47	3703	4	-4	B2c_32_32*target_b*Hfact_0_8^2	-30	A3c_83_15
542	J_1_46	7038	4	-15	B2c_31_32*target_b*Hfact_0_7*Hfact_0_8	352	A3c_87_11
543	J_2_45	10851	4	-45/2	B2c_31_31*target_b*Hfact_0_7*Hfact_0_8	-1176	A3c_91_7
544	J_3_44	14709	4	-30	B2c_31_30*target_b*Hfact_0_7*Hfact_0_8	1344	A3c_95_3
545	J_4_43	17992	4	-75/2	B2c_31_29*target_b*Hfact_0_7*Hfact_0_8	15120	A3c_95_3
546	J_5_42	20275	4	-45	B2c_31_28*target_b*Hfact_0_7*Hfact_0_8	72576	A3c_95_3
547	J_6_41	20557	4	-105/2	B2c_31_27*target_b*Hfact_0_7*Hfact_0_8	197568	A3c_95_3
548	J_7_40	20805	4	-60	B2c_31_26*target_b*Hfact_0_7*Hfact_0_8	338688	A3c_95_3
549	J_8_39	18938	4	-135/2	B2c_47_13*target_b*Hfact_0_7*Hfact_0_8	381024	A3c_95_3
550	J_9_38	15726	4	-101/2	B2c_47_13*target_b*Hfact_0_13*Hfact_1_1	282240	A3c_95_3
551	J_10_37	11723	4	-67/2	B2c_47_13*target_b*Hfact_1_6*Hfact_1_7	133056	A3c_95_3
552	J_11_36	7493	4	-33/2	B2c_47_13*target_b*Hfact_1_8*Hfact_2_4	36288	A3c_95_3
553	J_12_35	3504	4	1/2	B2c_47_13*target_b*Hfact_2_5*Hfact_2_6	170352	A3c_95_3
554	J_13_34	353	4	-21/2	B2c_60_3*target_b*Hfact_2_4*Hfact_3_7	-30576	A3c_95_2
555	J_0_48	3691	4	-17/2	B2c_32_32*target_b*Hfact_0_8*Hfact_0_9	-32	A3c_82_16
556	J_1_47	6966	4	-8	B2c_31_32*target_b*Hfact_0_8^2	384	A3c_86_12
557	J_2_46	10912	4	-12	B2c_31_31*target_b*Hfact_0_8^2	-1344	A3c_90_8
558	J_3_45	14780	4	-16	B2c_31_30*target_b*Hfact_0_8^2	1792	A3c_94_4
559	J_4_44	17950	4	-20	B2c_31_29*target_b*Hfact_0_8^2	20160	A3c_94_4
560	J_5_43	20802	4	-24	B2c_31_28*target_b*Hfact_0_8^2	96768	A3c_94_4
561	J_6_42	22067	4	-28	B2c_31_27*target_b*Hfact_0_8^2	263424	A3c_94_4
562	J_7_41	21770	4	-32	B2c_31_26*target_b*Hfact_0_8^2	451584	A3c_94_4
563	J_8_40	20162	4	-36	B2c_47_13*target_b*Hfact_0_8^2	508032	A3c_94_4
564	J_9_39	16174	4	-55	B2c_47_13*target_b*Hfact_0_14*Hfact_1_1	376320	A3c_94_4
565	J_10_38	12994	4	-19	B2c_47_13*target_b*Hfact_1_7^2	177408	A3c_94_4
566	J_11_37	8582	4	-21	B2c_47_13*target_b*Hfact_1_9*Hfact_2_4	48384	A3c_94_4
567	J_12_36	4514	4	-2	B2c_47_13*target_b*Hfact_2_6^2	227136	A3c_94_4
568	J_13_35	940	4	13	B2c_47_13*target_b*Hfact_2_4*Hfact_3_7	26208	A3c_94_3
569	J_0_49	3674	4	-9/2	B2c_32_32*target_b*Hfact_0_9^2	-34	A3c_81_17
570	J_1_48	7036	4	-17	B2c_31_32*target_b*Hfact_0_8*Hfact_0_9	416	A3c_85_13
571	J_2_47	10778	4	-51/2	B2c_31_31*target_b*Hfact_0_8*Hfact_0_9	-1512	A3c_89_9
572	J_3_46	15020	4	-34	B2c_31_30*target_b*Hfact_0_8*Hfact_0_9	2240	A3c_93_5
573	J_4_45	18661	4	-85/2	B2c_31_29*target_b*Hfact_0_8*Hfact_0_9	-700	A3c_97_1
574	J_5_44	21257	4	-51	B2c_31_28*target_b*Hfact_0_8*Hfact_0_9	-7560	A3c_97_1
575	J_6_43	22894	4	-119/2	B2c_31_27*target_b*Hfact_0_8*Hfact_0_9	-35280	A3c_97_1
576	J_7_42	22928	4	-68	B2c_31_26*target_b*Hfact_0_8*Hfact_0_9	-94080	A3c_97_1
577	J_8_41	21132	4	-153/2	B2c_47_13*target_b*Hfact_0_8*Hfact_0_9	-158760	A3c_97_1
578	J_9_40	18279	4	-119/2	B2c_47_13*target_b*Hfact_0_15*Hfact_1_1	-176400	A3c_97_1
579	J_10_39	14263	4	-85/2	B2c_47_13*target_b*Hfact_1_7*Hfact_1_8	-129360	A3c_97_1
580	J_11_38	9700	4	-51/2	B2c_47_13*target_b*Hfact_1_10*Hfact_2_4	-60480	A3c_97_1
581	J_12_37	5563	4	-17/2	B2c_47_13*target_b*Hfact_2_6*Hfact_2_7	-16380	A3c_97_1
582	J_13_36	1734	4	17/2	B2c_47_13*target_b*Hfact_2_5*Hfact_3_7	-25480	A3c_97_1
583	J_14_35	8	2	1587222	B2c_60_3^2	-84651840	A3c_97_0
584	J_0_50	3644	4	-19/2	B2c_32_32*target_b*Hfact_0_9*Hfact_0_10	-36	A3c_80_18
585	J_1_49	6925	4	-9	B2c_31_32*target_b*Hfact_0_9^2	448	A3c_84_14
586	J_2_48	10952	4	-27/2	B2c_31_31*target_b*Hfact_0_9^2	-1680	A3c_88_10
587	J_3_47	14839	4	-18	B2c_31_30*target_b*Hfact_0_9^2	2688	A3c_92_6
588	J_4_46	18893	4	-45/2	B2c_31_29*target_b*Hfact_0_9^2	-1400	A3c_96_2
589	J_5_45	21848	4	-27	B2c_31_28*target_b*Hfact_0_9^2	-15120	A3c_96_2
590	J_6_44	23671	4	-63/2	B2c_31_27*target_b*Hfact_0_9^2	-70560	A3c_96_2
591	J_7_43	23620	4	-36	B2c_31_26*target_b*Hfact_0_9^2	-188160	A3c_96_2
592	J_8_42	22532	4	-81/2	B2c_47_13*target_b*Hfact_0_9^2	-317520	A3c_96_2
593	J_9_41	19436	4	-64	B2c_47_13*target_b*Hfact_0_16*Hfact_1_1	-352800	A3c_96_2
594	J_10_40	15560	4	-47/2	B2c_47_13*target_b*Hfact_1_8^2	-258720	A3c_96_2
595	J_11_39	10879	4	-30	B2c_47_13*target_b*Hfact_1_11*Hfact_2_4	-120960	A3c_96_2
596	J_12_38	5980	4	-13/2	B2c_47_13*target_b*Hfact_2_7^2	-32760	A3c_96_2
597	J_13_37	2534	4	4	B2c_47_13*target_b*Hfact_2_6*Hfact_3_7	-50960	A3c_96_2
598	J_14_36	85	3	33033/2	B2c_60_3^2*Hfact_1_1	14603680	A3c_96_1
599	J_0_51	3609	4	-5	B2c_32_32*target_b*Hfact_0_10^2	-38	A3c_79_19
600	J_1_50	6962	4	-19	B2c_31_32*target_b*Hfact_0_9*Hfact_0_10	480	A3c_83_15
601	J_2_49	10931	4	-57/2	B2c_31_31*target_b*Hfact_0_9*Hfact_0_10	-1848	A3c_87_11
602	J_3_48	15151	4	-38	B2c_31_30*target_b*Hfact_0_9*Hfact_0_10	3136	A3c_91_7
603	J_4_47	19076	4	-95/2	B2c_31_29*target_b*Hfact_0_9*Hfact_0_10	-2100	A3c_95_3
604	J_5_46	22369	4	-57	B2c_31_28*target_b*Hfact_0_9*Hfact_0_10	-22680	A3c_95_3
605	J_6_45	24361	4	-133/2	B2c_31_27*target_b*Hfact_0_9*Hfact_0_10	-105840	A3c_95_3
606	J_7_44	24887	4	-76	B2c_31_26*target_b*Hfact_0_9*Hfact_0_10	-282240	A3c_95_3
607	J_8_43	23661	4	-171/2	B2c_47_13*target_b*Hfact_0_9*Hfact_0_10	-476280	A3c_95_3
608	J_9_42	20795	4	-137/2	B2c_47_13*target_b*Hfact_0_17*Hfact_1_1	-529200	A3c_95_3
609	J_10_41	16838	4	-103/2	B2c_47_13*target_b*Hfact_1_8*Hfact_1_9	-388080	A3c_95_3
610	J_11_40	12360	4	-69/2	B2c_47_13*target_b*Hfact_1_12*Hfact_2_4	-181440	A3c_95_3
611	J_12_39	7821	4	-35/2	B2c_47_13*target_b*Hfact_2_7*Hfact_2_8	-49140	A3c_95_3
612	J_13_38	3653	4	-1/2	B2c_47_13*target_b*Hfact_2_7*Hfact_3_7	-76440	A3c_95_3
613	J_14_37	396	4	-9/2	B2c_60_3*target_b*Hfact_3_7^2	14560	A3c_95_2
614	J_0_52	3561	4	-21/2	B2c_32_32*target_b*Hfact_0_10*Hfact_0_11	-40	A3c_78_20
615	J_1_51	6812	4	-10	B2c_31_32*target_b*Hfact_0_10^2	512	A3c_82_16
616	J_2_50	10740	4	-15	B2c_31_31*target_b*Hfact_0_10^2	-2016	A3c_86_12
617	J_3_49	15033	4	-20	B2c_31_30*target_b*Hfact_0_10^2	3584	A3c_90_8
618	J_4_48	19182	4	-25	B2c_31_29*target_b*Hfact_0_10^2	-2800	A3c_94_4
619	J_5_47	22187	4	-30	B2c_31_28*target_b*Hfact_0_10^2	-30240	A3c_94_4
620	J_6_46	24967	4	-35	B2c_31_27*target_b*Hfact_0_10^2	-141120	A3c_94_4
621	J_7_45	25624	4	-40	B2c_31_26*target_b*Hfact_0_10^2	-376320	A3c_94_4
622	J_8_44	23926	4	-45	B2c_47_13*target_b*Hfact_0_10^2	-635040	A3c_94_4
623	J_9_43	21870	4	-73	B2c_47_13*target_b*Hfact_0_18*Hfact_1_1	-705600	A3c_94_4
624	J_10_42	18098	4	-28	B2c_47_13*target_b*Hfact_1_9^2	-517440	A3c_94_4
625	J_11_41	13223	4	-39	B2c_47_13*target_b*Hfact_1_13*Hfact_2_4	-241920	A3c_94_4
626	J_12_40	8984	4	-11	B2c_47_13*target_b*Hfact_2_8^2	-65520	A3c_94_4
627	J_13_39	4595	4	-5	B2c_47_13*target_b*Hfact_2_8*Hfact_3_7	-101920	A3c_94_4
628	J_14_38	977	4	6	B2c_47_13*target_b*Hfact_3_7^2	-10920	A3c_94_3
629	J_0_53	3508	4	-11/2	B2c_32_32*target_b*Hfact_0_11^2	-42	A3c_77_21
630	J_1_52	6816	4	-21	B2c_31_32*target_b*Hfact_0_10*Hfact_0_11	544	A3c_81_17
631	J_2_51	10791	4	-63/2	B2c_31_31*target_b*Hfact_0_10*Hfact_0_11	-2184	A3c_85_13
632	J_3_50	15102	4	-42	B2c_31_30*target_b*Hfact_0_10*Hfact_0_11	4032	A3c_89_9
633	J_4_49	18826	4	-105/2	B2c_31_29*target_b*Hfact_0_10*Hfact_0_11	-3500	A3c_93_5
634	J_5_48	22903	4	-63	B2c_31_28*target_b*Hfact_0_10*Hfact_0_11	672	A3c_97_1
635	J_6_47	25481	4	-147/2	B2c_31_27*target_b*Hfact_0_10*Hfact_0_11	7056	A3c_97_1
636	J_7_46	26562	4	-84	B2c_31_26*target_b*Hfact_0_10*Hfact_0_11	32256	A3c_97_1
637	J_8_45	25753	4	-189/2	B2c_47_13*target_b*Hfact_0_10*Hfact_0_11	84672	A3c_97_1
638	J_9_44	22717	4	-155/2	B2c_47_13*target_b*Hfact_0_19*Hfact_1_1	141120	A3c_97_1
639	J_10_43	18439	4	-121/2	B2c_47_13*target_b*Hfact_1_9*Hfact_1_10	155232	A3c_97_1
640	J_11_42	14848	4	-87/2	B2c_47_13*target_b*Hfact_1_14*Hfact_2_4	112896	A3c_97_1
641	J_12_41	10161	4	-53/2	B2c_47_13*target_b*Hfact_2_8*Hfact_2_9	52416	A3c_97_1
642	J_13_40	5719	4	-19/2	B2c_47_13*target_b*Hfact_2_9*Hfact_3_7	14112	A3c_97_1
643	J_14_39	1614	4	15/2	B2c_47_13*target_b*Hfact_3_7*Hfact_3_8	8400	A3c_97_1
644	J_15_38	8	2	-1587222	B2c_60_3^2	87473568	A3c_97_0
645	J_0_54	3442	4	-23/2	B2c_32_32*target_b*Hfact_0_11*Hfact_0_12	-44	A3c_76_22
646	J_1_53	6627	4	-11	B2c_31_32*target_b*Hfact_0_11^2	576	A3c_80_18
647	J_2_52	10672	4	-33/2	B2c_31_31*target_b*Hfact_0_11^2	-2352	A3c_84_14
648	J_3_51	14745	4	-22	B2c_31_30*target_b*Hfact_0_11^2	4480	A3c_88_10
649	J_4_50	19219	4	-55/2	B2c_31_29*target_b*Hfact_0_11^2	-4200	A3c_92_6
650	J_5_49	22894	4	-33	B2c_31_28*target_b*Hfact_0_11^2	1344	A3c_96_2
651	J_6_48	25271	4	-77/2	B2c_31_27*target_b*Hfact_0_11^2	14112	A3c_96_2
652	J_7_47	26553	4	-44	B2c_31_26*target_b*Hfact_0_11^2	64512	A3c_96_2
653	J_8_46	26710	4	-99/2	B2c_47_13*target_b*Hfact_0_11^2	169344	A3c_96_2
654	J_9_45	24140	4	-82	B2c_47_13*target_b*Hfact_0_20*Hfact_1_1	282240	A3c_96_2
655	J_10_44	20544	4	-65/2	B2c_47_13*target_b*Hfact_1_10^2	310464	A3c_96_2
656	J_11_43	15812	4	-48	B2c_47_13*target_b*Hfact_1_15*Hfact_2_4	225792	A3c_96_2
657	J_12_42	11356	4	-31/2	B2c_47_13*target_b*Hfact_2_9^2	104832	A3c_96_2
658	J_13_41	6102	4	-14	B2c_47_13*target_b*Hfact_2_10*Hfact_3_7	28224	A3c_96_2
659	J_14_40	2750	4	3/2	B2c_47_13*target_b*Hfact_3_8^2	16800	A3c_96_2
660	J_15_39	81	3	-6552	B2c_60_3^2*Hfact_1_1	-23670528	A3c_96_1
661	J_0_55	3371	4	-6	B2c_32_32*target_b*Hfact_0_12^2	-46	A3c_75_23
662	J_1_54	6598	4	-23	B2c_31_32*target_b*Hfact_0_11*Hfact_0_12	608	A3c_79_19
663	J_2_53	10405	4	-69/2	B2c_31_31*target_b*Hfact_0_11*Hfact_0_12	-2520	A3c_83_15
664	J_3_52	14873	4	-46	B2c_31_30*target_b*Hfact_0_11*Hfact_0_12	4928	A3c_87_11
665	J_4_51	19150	4	-115/2	B2c_31_29*target_b*Hfact_0_11*Hfact_0_12	-4900	A3c_91_7
666	J_5_50	22902	4	-69	B2c_31_28*target_b*Hfact_0_11*Hfact_0_12	2016	A3c_95_3
667	J_6_49	26161	4	-161/2	B2c_31_27*target_b*Hfact_0_11*Hfact_0_12	21168	A3c_95_3
668	J_7_48	27887	4	-92	B2c_31_26*target_b*Hfact_0_11*Hfact_0_12	96768	A3c_95_3
669	J_8_47	27398	4	-207/2	B2c_47_13*target_b*Hfact_0_11*Hfact_0_12	254016	A3c_95_3
670	J_9_46	25333	4	-173/2	B2c_47_13*target_b*Hfact_0_21*Hfact_1_1	423360	A3c_95_3
671	J_10_45	21710	4	-139/2	B2c_47_13*target_b*Hfact_1_10*Hfact_1_11	465696	A3c_95_3
672	J_11_44	17135	4	-105/2	B2c_47_13*target_b*Hfact_1_16*Hfact_2_4	338688	A3c_95_3
673	J_12_43	12545	4	-71/2	B2c_47_13*target_b*Hfact_2_9*Hfact_2_10	157248	A3c_95_3
674	J_13_42	7907	4	-37/2	B2c_47_13*target_b*Hfact_2_11*Hfact_3_7	42336	A3c_95_3
675	J_14_41	3638	4	-3/2	B2c_47_13*target_b*Hfact_3_8*Hfact_3_9	25200	A3c_95_3
676	J_15_40	391	4	-15/2	B2c_60_3*target_b*Hfact_3_7*Hfact_4_10	-5040	A3c_95_2
677	J_0_56	3287	4	-25/2	B2c_32_32*target_b*Hfact_0_12*Hfact_0_13	-48	A3c_74_24
678	J_1_55	6370	4	-12	B2c_31_32*target_b*Hfact_0_12^2	640	A3c_78_20
679	J_2_54	10352	4	-18	B2c_31_31*target_b*Hfact_0_12^2	-2688	A3c_82_16
680	J_3_53	14566	4	-24	B2c_31_30*target_b*Hfact_0_12^2	5376	A3c_86_12
681	J_4_52	19004	4	-30	B2c_31_29*target_b*Hfact_0_12^2	-5600	A3c_90_8
682	J_5_51	22904	4	-36	B2c_31_28*target_b*Hfact_0_12^2	2688	A3c_94_4
683	J_6_50	26304	4	-42	B2c_31_27*target_b*Hfact_0_12^2	28224	A3c_94_4
684	J_7_49	28218	4	-48	B2c_31_26*target_b*Hfact_0_12^2	129024	A3c_94_4
685	J_8_48	28344	4	-54	B2c_47_13*target_b*Hfact_0_12^2	338688	A3c_94_4
686	J_9_47	26142	4	-91	B2c_47_13*target_b*Hfact_0_22*Hfact_1_1	564480	A3c_94_4
687	J_10_46	22794	4	-37	B2c_47_13*target_b*Hfact_1_11^2	620928	A3c_94_4
688	J_11_45	18312	4	-57	B2c_47_13*target_b*Hfact_1_17*Hfact_2_4	451584	A3c_94_4
689	J_12_44	13694	4	-20	B2c_47_13*target_b*Hfact_2_10^2	209664	A3c_94_4
690	J_13_43	8884	4	-23	B2c_47_13*target_b*Hfact_2_12*Hfact_3_7	56448	A3c_94_4
691	J_14_42	4669	4	-3	B2c_47_13*target_b*Hfact_3_9^2	33600	A3c_94_4
692	J_15_41	988	4	11	B2c_47_13*target_b*Hfact_3_7*Hfact_4_10	3360	A3c_94_3
693	J_0_57	3198	4	-13/2	B2c_32_32*target_b*Hfact_0_13^2	-50	A3c_73_25
694	J_1_56	6308	4	-25	B2c_31_32*target_b*Hfact_0_12*Hfact_0_13	672	A3c_77_21
695	J_2_55	10151	4	-75/2	B2c_31_31*target_b*Hfact_0_12*Hfact_0_13	-2856	A3c_81_17
696	J_3_54	14464	4	-50	B2c_31_30*target_b*Hfact_0_12*Hfact_0_13	5824	A3c_85_13
697	J_4_53	18809	4	-125/2	B2c_31_29*target_b*Hfact_0_12*Hfact_0_13	-6300	A3c_89_9
698	J_5_52	22931	4	-75	B2c_31_28*target_b*Hfact_0_12*Hfact_0_13	3360	A3c_93_5
699	J_6_51	26364	4	-175/2	B2c_31_27*target_b*Hfact_0_12*Hfact_0_13	-392	A3c_97_1
700	J_7_50	28742	4	-100	B2c_31_26*target_b*Hfact_0_12*Hfact_0_13	-4032	A3c_97_1
701	J_8_49	29019	4	-225/2	B2c_47_13*target_b*Hfact_0_12*Hfact_0_13	-18144	A3c_97_1
702	J_9_48	27176	4	-191/2	B2c_47_13*target_b*Hfact_0_23*Hfact_1_1	-47040	A3c_97_1
703	J_10_47	23828	4	-157/2	B2c_47_13*target_b*Hfact_1_11*Hfact_1_12	-77616	A3c_97_1
704	J_11_46	19563	4	-123/2	B2c_47_13*target_b*Hfact_1_18*Hfact_2_4	-84672	A3c_97_1
705	J_12_45	14832	4	-89/2	B2c_47_13*target_b*Hfact_2_10*Hfact_2_11	-61152	A3c_97_1
706	J_13_44	10088	4	-55/2	B2c_47_13*target_b*Hfact_2_13*Hfact_3_7	-28224	A3c_97_1
707	J_14_43	5659	4	-21/2	B2c_47_13*target_b*Hfact_3_9*Hfact_3_10	-7560	A3c_97_1
708	J_15_42	1817	4	13/2	B2c_47_13*target_b*Hfact_3_8*Hfact_4_10	-1920	A3c_97_1
709	J_16_41	8	2	1322685	B2c_60_3^2	-74884320	A3c_97_0
710	J_0_58	3096	4	-27/2	B2c_32_32*target_b*Hfact_0_13*Hfact_0_14	-52	A3c_72_26
711	J_1_57	6041	4	-13	B2c_31_32*target_b*Hfact_0_13^2	704	A3c_76_22
712	J_2_56	9795	4	-39/2	B2c_31_31*target_b*Hfact_0_13^2	-3024	A3c_80_18
713	J_3_55	13936	4	-26	B2c_31_30*target_b*Hfact_0_13^2	6272	A3c_84_14
714	J_4_54	18240	4	-65/2	B2c_31_29*target_b*Hfact_0_13^2	-7000	A3c_88_10
715	J_5_53	22255	4	-39	B2c_31_28*target_b*Hfact_0_13^2	4032	A3c_92_6
716	J_6_52	26282	4	-91/2	B2c_31_27*target_b*Hfact_0_13^2	-784	A3c_96_2
717	J_7_51	28592	4	-52	B2c_31_26*target_b*Hfact_0_13^2	-8064	A3c_96_2
718	J_8_50	29363	4	-117/2	B2c_47_13*target_b*Hfact_0_13^2	-36288	A3c_96_2
719	J_9_49	27104	4	-100	B2c_47_13*target_b*Hfact_0_24*Hfact_1_1	-94080	A3c_96_2
720	J_10_48	24769	4	-83/2	B2c_47_13*target_b*Hfact_1_12^2	-155232	A3c_96_2
721	J_11_47	19702	4	-66	B2c_47_13*target_b*Hfact_1_19*Hfact_2_4	-169344	A3c_96_2
722	J_12_46	15919	4	-49/2	B2c_47_13*target_b*Hfact_2_11^2	-122304	A3c_96_2
723	J_13_45	11036	4	-32	B2c_47_13*target_b*Hfact_2_14*Hfact_3_7	-56448	A3c_96_2
724	J_14_44	5978	4	-15/2	B2c_47_13*target_b*Hfact_3_10^2	-15120	A3c_96_2
725	J_15_43	2471	4	2	B2c_47_13*target_b*Hfact_3_9*Hfact_4_10	-3840	A3c_96_2
726	J_16_42	85	3	3549/2	B2c_60_3^2*Hfact_1_1	30795024	A3c_96_1
727	J_0_59	2989	4	-7	B2c_32_32*target_b*Hfact_0_14^2	-54	A3c_71_27
728	J_1_58	5946	4	-27	B2c_31_32*target_b*Hfact_0_13*Hfact_0_14	736	A3c_75_23
729	J_2_57	9651	4	-81/2	B2c_31_31*target_b*Hfact_0_13*Hfact_0_14	-3192	A3c_79_19
730	J_3_56	13875	4	-54	B2c_31_30*target_b*Hfact_0_13*Hfact_0_14	6720	A3c_83_15
731	J_4_55	18216	4	-135/2	B2c_31_29*target_b*Hfact_0_13*Hfact_0_14	-7700	A3c_87_11
732	J_5_54	22443	4	-81	B2c_31_28*target_b*Hfact_0_13*Hfact_0_14	4704	A3c_91_7
733	J_6_53	26112	4	-189/2	B2c_31_27*target_b*Hfact_0_13*Hfact_0_14	-1176	A3c_95_3
734	J_7_52	29012	4	-108	B2c_31_26*target_b*Hfact_0_13*Hfact_0_14	-12096	A3c_95_3
735	J_8_51	29972	4	-243/2	B2c_47_13*target_b*Hfact_0_13*Hfact_0_14	-54432	A3c_95_3
736	J_9_50	28644	4	-209/2	B2c_47_13*target_b*Hfact_0_25*Hfact_1_1	-141120	A3c_95_3
737	J_10_49	25644	4	-175/2	B2c_47_13*target_b*Hfact_1_12*Hfact_1_13	-232848	A3c_95_3
738	J_11_48	21606	4	-141/2	B2c_47_13*target_b*Hfact_1_20*Hfact_2_4	-254016	A3c_95_3
739	J_12_47	16979	4	-107/2	B2c_47_13*target_b*Hfact_2_11*Hfact_2_12	-183456	A3c_95_3
740	J_13_46	12219	4	-73/2	B2c_47_13*target_b*Hfact_2_15*Hfact_3_7	-84672	A3c_95_3
741	J_14_45	7651	4	-39/2	B2c_47_13*target_b*Hfact_3_10*Hfact_3_11	-22680	A3c_95_3
742	J_15_44	3618	4	-5/2	B2c_47_13*target_b*Hfact_3_10*Hfact_4_10	-5760	A3c_95_3
743	J_16_43	386	4	-3	B2c_60_3*target_b*Hfact_4_10^2	1200	A3c_95_2
744	J_0_60	2869	4	-29/2	B2c_32_32*target_b*Hfact_0_14*Hfact_0_15	-56	A3c_70_28
745	J_1_59	5640	4	-14	B2c_31_32*target_b*Hfact_0_14^2	768	A3c_74_24
746	J_2_58	9352	4	-21	B2c_31_31*target_b*Hfact_0_14^2	-3360	A3c_78_20
747	J_3_57	13379	4	-28	B2c_31_30*target_b*Hfact_0_14^2	7168	A3c_82_16
748	J_4_56	17818	4	-35	B2c_31_29*target_b*Hfact_0_14^2	-8400	A3c_86_12
749	J_5_55	21916	4	-42	B2c_31_28*target_b*Hfact_0_14^2	5376	A3c_90_8
750	J_6_54	25823	4	-49	B2c_31_27*target_b*Hfact_0_14^2	-1568	A3c_94_4
751	J_7_53	28740	4	-56	B2c_31_26*target_b*Hfact_0_14^2	-16128	A3c_94_4
752	J_8_52	30218	4	-63	B2c_47_13*target_b*Hfact_0_14^2	-72576	A3c_94_4
753	J_9_51	29011	4	-109	B2c_47_13*target_b*Hfact_0_26*Hfact_1_1	-188160	A3c_94_4
754	J_10_50	26382	4	-46	B2c_47_13*target_b*Hfact_1_13^2	-310464	A3c_94_4
755	J_11_49	22333	4	-75	B2c_47_13*target_b*Hfact_1_21*Hfact_2_4	-338688	A3c_94_4
756	J_12_48	17944	4	-29	B2c_47_13*target_b*Hfact_2_12^2	-244608	A3c_94_4
757	J_13_47	13078	4	-41	B2c_47_13*target_b*Hfact_2_16*Hfact_3_7	-112896	A3c_94_4
758	J_14_46	8609	4	-12	B2c_47_13*target_b*Hfact_3_11^2	-30240	A3c_94_4
759	J_15_45	4255	4	-7	B2c_47_13*target_b*Hfact_3_11*Hfact_4_10	-7680	A3c_94_4
760	J_16_44	1011	4	5	B2c_47_13*target_b*Hfact_4_10^2	-720	A3c_94_3
761	J_0_61	2744	4	-15/2	B2c_32_32*target_b*Hfact_0_15^2	-58	A3c_69_29
762	J_1_60	5512	4	-29	B2c_31_32*target_b*Hfact_0_14*Hfact_0_15	800	A3c_73_25
763	J_2_59	8923	4	-87/2	B2c_31_31*target_b*Hfact_0_14*Hfact_0_15	-3528	A3c_77_21
764	J_3_58	13106	4	-58	B2c_31_30*target_b*Hfact_0_14*Hfact_0_15	7616	A3c_81_17
765	J_4_57	17371	4	-145/2	B2c_31_29*target_b*Hfact_0_14*Hfact_0_15	-9100	A3c_85_13
766	J_5_56	21445	4	-87	B2c_31_28*target_b*Hfact_0_14*Hfact_0_15	6048	A3c_89_9
767	J_6_55	24949	4	-203/2	B2c_31_27*target_b*Hfact_0_14*Hfact_0_15	-1960	A3c_93_5
768	J_7_54	28665	4	-116	B2c_31_26*target_b*Hfact_0_14*Hfact_0_15	128	A3c_97_1
769	J_8_53	29569	4	-261/2	B2c_47_13*target_b*Hfact_0_14*Hfact_0_15	1296	A3c_97_1
770	J_9_52	29570	4	-227/2	B2c_47_13*target_b*Hfact_0_27*Hfact_1_1	5760	A3c_97_1
771	J_10_51	26999	4	-193/2	B2c_47_13*target_b*Hfact_1_13*Hfact_1_14	14784	A3c_97_1
772	J_11_50	23088	4	-159/2	B2c_47_13*target_b*Hfact_1_22*Hfact_2_4	24192	A3c_97_1
773	J_12_49	18827	4	-125/2	B2c_47_13*target_b*Hfact_2_12*Hfact_2_13	26208	A3c_97_1
774	J_13_48	13780	4	-91/2	B2c_47_13*target_b*Hfact_2_17*Hfact_3_7	18816	A3c_97_1
775	J_14_47	9416	4	-57/2	B2c_47_13*target_b*Hfact_3_11*Hfact_3_12	8640	A3c_97_1
776	J_15_46	5356	4	-23/2	B2c_47_13*target_b*Hfact_3_12*Hfact_4_10	2304	A3c_97_1
777	J_16_45	1770	4	11/2	B2c_47_13*target_b*Hfact_4_10*Hfact_4_11	272	A3c_97_1
778	J_17_44	8	2	-915705	B2c_60_3^2	53023680	A3c_97_0
779	J_0_62	2606	4	-31/2	B2c_32_32*target_b*Hfact_0_15*Hfact_0_16	-60	A3c_68_30
780	J_1_61	5203	4	-15	B2c_31_32*target_b*Hfact_0_15^2	832	A3c_72_26
781	J_2_60	8672	4	-45/2	B2c_31_31*target_b*Hfact_0_15^2	-3696	A3c_76_22
782	J_3_59	12455	4	-30	B2c_31_30*target_b*Hfact_0_15^2	8064	A3c_80_18
783	J_4_58	16847	4	-75/2	B2c_31_29*target_b*Hfact_0_15^2	-9800	A3c_84_14
784	J_5_57	20974	4	-45	B2c_31_28*target_b*Hfact_0_15^2	6720	A3c_88_10
785	J_6_56	24932	4	-105/2	B2c_31_27*target_b*Hfact_0_15^2	-2352	A3c_92_6
786	J_7_55	27675	4	-60	B2c_31_26*target_b*Hfact_0_15^2	256	A3c_96_2
787	J_8_54	30203	4	-135/2	B2c_47_13*target_b*Hfact_0_15^2	2592	A3c_96_2
788	J_9_53	29709	4	-118	B2c_47_13*target_b*Hfact_0_28*Hfact_1_1	11520	A3c_96_2
789	J_10_52	27498	4	-101/2	B2c_47_13*target_b*Hfact_1_14^2	29568	A3c_96_2
790	J_11_51	23684	4	-84	B2c_47_13*target_b*Hfact_1_23*Hfact_2_4	48384	A3c_96_2
791	J_12_50	19634	4	-67/2	B2c_47_13*target_b*Hfact_2_13^2	52416	A3c_96_2
792	J_13_49	14933	4	-50	B2c_47_13*target_b*Hfact_2_18*Hfact_3_7	37632	A3c_96_2
793	J_14_48	10423	4	-33/2	B2c_47_13*target_b*Hfact_3_12^2	17280	A3c_96_2
794	J_15_47	5605	4	-16	B2c_47_13*target_b*Hfact_3_13*Hfact_4_10	4608	A3c_96_2
795	J_16_46	2589	4	1/2	B2c_47_13*target_b*Hfact_4_11^2	544	A3c_96_2
796	J_17_45	85	3	-294	B2c_60_3^2*Hfact_1_1	-32352768	A3c_96_1
797	J_0_63	2470	4	-8	B2c_32_32*target_b*Hfact_0_16^2	-62	A3c_67_31
798	J_1_62	5015	4	-31	B2c_31_32*target_b*Hfact_0_15*Hfact_0_16	864	A3c_71_27
799	J_2_61	8302	4	-93/2	B2c_31_31*target_b*Hfact_0_15*Hfact_0_16	-3864	A3c_75_23
800	J_3_60	12170	4	-62	B2c_31_30*target_b*Hfact_0_15*Hfact_0_16	8512	A3c_79_19
801	J_4_59	16027	4	-155/2	B2c_31_29*target_b*Hfact_0_15*Hfact_0_16	-10500	A3c_83_15
802	J_5_58	20476	4	-93	B2c_31_28*target_b*Hfact_0_15*Hfact_0_16	7392	A3c_87_11
803	J_6_57	24349	4	-217/2	B2c_31_27*target_b*Hfact_0_15*Hfact_0_16	-2744	A3c_91_7
804	J_7_56	27769	4	-124	B2c_31_26*target_b*Hfact_0_15*Hfact_0_16	384	A3c_95_3
805	J_8_55	29926	4	-279/2	B2c_47_13*target_b*Hfact_0_15*Hfact_0_16	3888	A3c_95_3
806	J_9_54	29547	4	-245/2	B2c_47_13*target_b*Hfact_0_29*Hfact_1_1	17280	A3c_95_3
807	J_10_53	27871	4	-211/2	B2c_47_13*target_b*Hfact_1_14*Hfact_1_15	44352	A3c_95_3
808	J_11_52	24520	4	-177/2	B2c_47_13*target_b*Hfact_1_24*Hfact_2_4	72576	A3c_95_3
809	J_12_51	19512	4	-143/2	B2c_47_13*target_b*Hfact_2_13*Hfact_2_14	78624	A3c_95_3
810	J_13_50	15827	4	-109/2	B2c_47_13*target_b*Hfact_2_19*Hfact_3_7	56448	A3c_95_3
811	J_14_49	11046	4	-75/2	B2c_47_13*target_b*Hfact_3_12*Hfact_3_13	25920	A3c_95_3
812	J_15_48	7036	4	-41/2	B2c_47_13*target_b*Hfact_3_14*Hfact_4_10	6912	A3c_95_3
813	J_16_47	3363	4	-7/2	B2c_47_13*target_b*Hfact_4_11*Hfact_4_12	816	A3c_95_3
814	J_17_46	371	4	-9/2	B2c_60_3*target_b*Hfact_4_10*Hfact_5_13	-176	A3c_95_2
815	J_0_64	2325	4	-33/2	B2c_32_32*target_b*Hfact_0_16*Hfact_0_17	-64	A3c_66_32
816	J_1_63	4646	4	-16	B2c_31_32*target_b*Hfact_0_16^2	896	A3c_70_28
817	J_2_62	7795	4	-24	B2c_31_31*target_b*Hfact_0_16^2	-4032	A3c_74_24
818	J_3_61	11500	4	-32	B2c_31_30*target_b*Hfact_0_16^2	8960	A3c_78_20
819	J_4_60	15650	4	-40	B2c_31_29*target_b*Hfact_0_16^2	-11200	A3c_82_16
820	J_5_59	19353	4	-48	B2c_31_28*target_b*Hfact_0_16^2	8064	A3c_86_12
821	J_6_58	23639	4	-56	B2c_31_27*target_b*Hfact_0_16^2	-3136	A3c_90_8
822	J_7_57	26938	4	-64	B2c_31_26*target_b*Hfact_0_16^2	512	A3c_94_4
823	J_8_56	29234	4	-72	B2c_47_13*target_b*Hfact_0_16^2	5184	A3c_94_4
824	J_9_55	29591	4	-127	B2c_47_13*target_b*Hfact_0_30*Hfact_1_1	23040	A3c_94_4
825	J_10_54	27266	4	-55	B2c_47_13*target_b*Hfact_1_15^2	59136	A3c_94_4
826	J_11_53	24450	4	-93	B2c_47_13*target_b*Hfact_1_25*Hfact_2_4	96768	A3c_94_4
827	J_12_52	20922	4	-38	B2c_47_13*target_b*Hfact_2_14^2	104832	A3c_94_4
828	J_13_51	16362	4	-59	B2c_47_13*target_b*Hfact_2_20*Hfact_3_7	75264	A3c_94_4
829	J_14_50	11894	4	-21	B2c_47_13*target_b*Hfact_3_13^2	34560	A3c_94_4
830	J_15_49	7670	4	-25	B2c_47_13*target_b*Hfact_3_15*Hfact_4_10	9216	A3c_94_4
831	J_16_48	4077	4	-4	B2c_47_13*target_b*Hfact_4_12^2	1088	A3c_94_4
832	J_17_47	845	4	9	B2c_47_13*target_b*Hfact_4_10*Hfact_5_13	96	A3c_94_3
833	J_0_65	2186	4	-17/2	B2c_32_32*target_b*Hfact_0_17^2	-18	A3c_97_1
834	J_1_64	4478	4	-33	B2c_31_32*target_b*Hfact_0_16*Hfact_0_17	-306	A3c_97_1
835	J_2_63	7488	4	-99/2	B2c_31_31*target_b*Hfact_0_16*Hfact_0_17	-2448	A3c_97_1
836	J_3_62	11092	4	-66	B2c_31_30*target_b*Hfact_0_16*Hfact_0_17	-12240	A3c_97_1
837	J_4_61	14996	4	-165/2	B2c_31_29*target_b*Hfact_0_16*Hfact_0_17	-42840	A3c_97_1
838	J_5_60	19041	4	-99	B2c_31_28*target_b*Hfact_0_16*Hfact_0_17	-111384	A3c_97_1
839	J_6_59	22876	4	-231/2	B2c_31_27*target_b*Hfact_0_16*Hfact_0_17	-222768	A3c_97_1
840	J_7_58	26380	4	-132	B2c_31_26*target_b*Hfact_0_16*Hfact_0_17	-350064	A3c_97_1
841	J_8_57	28824	4	-297/2	B2c_47_13*target_b*Hfact_0_16*Hfact_0_17	-437580	A3c_97_1
842	J_9_56	29490	4	-263/2	B2c_47_13*target_b*Hfact_0_31*Hfact_1_1	-437580	A3c_97_1
843	J_10_55	28083	4	-229/2	B2c_47_13*target_b*Hfact_1_15*Hfact_1_16	-350064	A3c_97_1
844	J_11_54	25199	4	-195/2	B2c_47_13*target_b*Hfact_1_26*Hfact_2_4	-222768	A3c_97_1
845	J_12_53	21381	4	-161/2	B2c_47_13*target_b*Hfact_2_14*Hfact_2_15	-111384	A3c_97_1
846	J_13_52	17106	4	-127/2	B2c_47_13*target_b*Hfact_2_21*Hfact_3_7	-42840	A3c_97_1
847	J_14_51	12690	4	-93/2	B2c_47_13*target_b*Hfact_3_13*Hfact_3_14	-12240	A3c_97_1
848	J_15_50	8501	4	-59/2	B2c_47_13*target_b*Hfact_3_16*Hfact_4_10	-2448	A3c_97_1
849	J_16_49	4760	4	-25/2	B2c_47_13*target_b*Hfact_4_12*Hfact_4_13	-306	A3c_97_1
850	J_17_48	1660	4	9/2	B2c_47_13*target_b*Hfact_4_11*Hfact_5_13	-18	A3c_97_1
851	J_18_47	8	2	523260	B2c_60_3^2	-30883968	A3c_97_0
852	J_0_66	2047	4	-35/2	B2c_32_32*target_b*Hfact_0_17*Hfact_0_18	-36	A3c_96_2
853	J_1_65	4205	4	-17	B2c_31_32*target_b*Hfact_0_17^2	-612	A3c_96_2
854	J_2_64	7062	4	-51/2	B2c_31_31*target_b*Hfact_0_17^2	-4896	A3c_96_2
855	J_3_63	10340	4	-34	B2c_31_30*target_b*Hfact_0_17^2	-24480	A3c_96_2
856	J_4_62	14293	4	-85/2	B2c_31_29*target_b*Hfact_0_17^2	-85680	A3c_96_2
857	J_5_61	18139	4	-51	B2c_31_28*target_b*Hfact_0_17^2	-222768	A3c_96_2
858	J_6_60	22032	4	-119/2	B2c_31_27*target_b*Hfact_0_17^2	-445536	A3c_96_2
859	J_7_59	25271	4	-68	B2c_31_26*target_b*Hfact_0_17^2	-700128	A3c_96_2
860	J_8_58	28072	4	-153/2	B2c_47_13*target_b*Hfact_0_17^2	-875160	A3c_96_2
861	J_9_57	28879	4	-136	B2c_47_13*target_b*Hfact_0_31*Hfact_1_2	-875160	A3c_96_2
862	J_10_56	27949	4	-119/2	B2c_47_13*target_b*Hfact_1_16^2	-700128	A3c_96_2
863	J_11_55	25057	4	-102	B2c_47_13*target_b*Hfact_1_27*Hfact_2_4	-445536	A3c_96_2
864	J_12_54	21708	4	-85/2	B2c_47_13*target_b*Hfact_2_15^2	-222768	A3c_96_2
865	J_13_53	17486	4	-68	B2c_47_13*target_b*Hfact_2_22*Hfact_3_7	-85680	A3c_96_2
866	J_14_52	13269	4	-51/2	B2c_47_13*target_b*Hfact_3_14^2	-24480	A3c_96_2
867	J_15_51	8970	4	-34	B2c_47_13*target_b*Hfact_3_17*Hfact_4_10	-4896	A3c_96_2
868	J_16_50	4887	4	-17/2	B2c_47_13*target_b*Hfact_4_13^2	-612	A3c_96_2
869	J_17_49	2123	4	9	B2c_60_3*target_b*Hfact_4_13*Hfact_5_13	-36	A3c_96_2
870	J_18_48	85	3	45/2	B2c_60_3^2*Hfact_1_1	27502362	A3c_96_1
871	J_0_67	1915	4	-9	B2c_32_32*target_b*Hfact_0_18^2	-54	A3c_95_3
872	J_1_66	3941	4	-35	B2c_31_32*target_b*Hfact_0_17*Hfact_0_18	-918	A3c_95_3
873	J_2_65	6556	4	-105/2	B2c_31_31*target_b*Hfact_0_17*Hfact_0_18	-7344	A3c_95_3
874	J_3_64	9945	4	-70	B2c_31_30*target_b*Hfact_0_17*Hfact_0_18	-36720	A3c_95_3
875	J_4_63	13584	4	-175/2	B2c_31_29*target_b*Hfact_0_17*Hfact_0_18	-128520	A3c_95_3
876	J_5_62	17272	4	-105	B2c_31_28*target_b*Hfact_0_17*Hfact_0_18	-334152	A3c_95_3
877	J_6_61	21146	4	-245/2	B2c_31_27*target_b*Hfact_0_17*Hfact_0_18	-668304	A3c_95_3
878	J_7_60	24646	4	-140	B2c_31_26*target_b*Hfact_0_17*Hfact_0_18	-1050192	A3c_95_3
879	J_8_59	27051	4	-315/2	B2c_47_13*target_b*Hfact_0_17*Hfact_0_18	-1312740	A3c_95_3
880	J_9_58	28388	4	-281/2	B2c_47_13*target_b*Hfact_0_31*Hfact_1_3	-1312740	A3c_95_3
881	J_10_57	27694	4	-247/2	B2c_47_13*target_b*Hfact_1_16*Hfact_1_17	-1050192	A3c_95_3
882	J_11_56	25189	4	-213/2	B2c_47_13*target_b*Hfact_1_28*Hfact_2_4	-668304	A3c_95_3
883	J_12_55	21969	4	-179/2	B2c_47_13*target_b*Hfact_2_15*Hfact_2_16	-334152	A3c_95_3
884	J_13_54	18011	4	-145/2	B2c_47_13*target_b*Hfact_2_23*Hfact_3_7	-128520	A3c_95_3
885	J_14_53	13685	4	-111/2	B2c_47_13*target_b*Hfact_3_14*Hfact_3_15	-36720	A3c_95_3
886	J_15_52	9748	4	-77/2	B2c_47_13*target_b*Hfact_3_18*Hfact_4_10	-7344	A3c_95_3
887	J_16_51	6032	4	-43/2	B2c_47_13*target_b*Hfact_4_13*Hfact_4_14	-918	A3c_95_3
888	J_17_50	2829	4	-9/2	B2c_47_13*target_b*Hfact_4_13*Hfact_5_13	-54	A3c_95_3
889	J_18_49	354	4	-3/2	B2c_60_3*target_b*Hfact_5_13^2	12	A3c_95_2
890	J_0_68	1785	4	-37/2	B2c_32_32*target_b*Hfact_0_18*Hfact_0_19	-72	A3c_94_4
891	J_1_67	3682	4	-18	B2c_31_32*target_b*Hfact_0_18^2	-1224	A3c_94_4
892	J_2_66	6227	4	-27	B2c_31_31*target_b*Hfact_0_18^2	-9792	A3c_94_4
893	J_3_65	9362	4	-36	B2c_31_30*target_b*Hfact_0_18^2	-48960	A3c_94_4
894	J_4_64	12630	4	-45	B2c_31_29*target_b*Hfact_0_18^2	-171360	A3c_94_4
895	J_5_63	16513	4	-54	B2c_31_28*target_b*Hfact_0_18^2	-445536	A3c_94_4
896	J_6_62	19818	4	-63	B2c_31_27*target_b*Hfact_0_18^2	-891072	A3c_94_4
897	J_7_61	23615	4	-72	B2c_31_26*target_b*Hfact_0_18^2	-1400256	A3c_94_4
898	J_8_60	26311	4	-81	B2c_47_13*target_b*Hfact_0_18^2	-1750320	A3c_94_4
899	J_9_59	26985	4	-145	B2c_47_13*target_b*Hfact_0_31*Hfact_1_4	-1750320	A3c_94_4
900	J_10_58	27264	4	-64	B2c_47_13*target_b*Hfact_1_17^2	-1400256	A3c_94_4
901	J_11_57	25189	4	-111	B2c_47_13*target_b*Hfact_1_29*Hfact_2_4	-891072	A3c_94_4
902	J_12_56	22083	4	-47	B2c_47_13*target_b*Hfact_2_16^2	-445536	A3c_94_4
903	J_13_55	17601	4	-77	B2c_47_13*target_b*Hfact_2_24*Hfact_3_7	-171360	A3c_94_4
904	J_14_54	14013	4	-30	B2c_47_13*target_b*Hfact_3_15^2	-48960	A3c_94_4
905	J_15_53	10229	4	-43	B2c_47_13*target_b*Hfact_3_19*Hfact_4_10	-9792	A3c_94_4
906	J_16_52	6598	4	-13	B2c_47_13*target_b*Hfact_4_14^2	-1224	A3c_94_4
907	J_17_51	3428	4	-9	B2c_47_13*target_b*Hfact_4_14*Hfact_5_13	-72	A3c_94_4
908	J_18_50	861	4	4	B2c_47_13*target_b*Hfact_5_13^2	-6	A3c_94_3
909	J_0_69	1662	4	-19/2	B2c_32_32*target_b*Hfact_0_19^2	-90	A3c_93_5
910	J_1_68	3432	4	-37	B2c_31_32*target_b*Hfact_0_18*Hfact_0_19	-1530	A3c_93_5
911	J_2_67	5823	4	-111/2	B2c_31_31*target_b*Hfact_0_18*Hfact_0_19	-12240	A3c_93_5
912	J_3_66	8790	4	-74	B2c_31_30*target_b*Hfact_0_18*Hfact_0_19	-61200	A3c_93_5
913	J_4_65	12123	4	-185/2	B2c_31_29*target_b*Hfact_0_18*Hfact_0_19	-214200	A3c_93_5
914	J_5_64	15703	4	-111	B2c_31_28*target_b*Hfact_0_18*Hfact_0_19	-556920	A3c_93_5
915	J_6_63	19249	4	-259/2	B2c_31_27*target_b*Hfact_0_18*Hfact_0_19	-1113840	A3c_93_5
916	J_7_62	22668	4	-148	B2c_31_26*target_b*Hfact_0_18*Hfact_0_19	-1750320	A3c_93_5
917	J_8_61	25328	4	-333/2	B2c_47_13*target_b*Hfact_0_18*Hfact_0_19	-2187900	A3c_93_5
918	J_9_60	26748	4	-299/2	B2c_47_13*target_b*Hfact_0_31*Hfact_1_5	-2187900	A3c_93_5
919	J_10_59	26701	4	-265/2	B2c_47_13*target_b*Hfact_1_17*Hfact_1_18	-22294272	A3c_97_0
920	J_11_58	24993	4	-231/2	B2c_47_13*target_b*Hfact_1_30*Hfact_2_4	-178882704	A3c_97_0
921	J_12_57	22070	4	-197/2	B2c_47_13*target_b*Hfact_2_16*Hfact_2_17	-628467840	A3c_97_0
922	J_13_56	18488	4	-163/2	B2c_47_13*target_b*Hfact_2_25*Hfact_3_7	-1263278016	A3c_97_0
923	J_14_55	14577	4	-129/2	B2c_47_13*target_b*Hfact_3_15*Hfact_3_16	-1590196608	A3c_97_0
924	J_15_54	10703	4	-95/2	B2c_47_13*target_b*Hfact_3_20*Hfact_4_10	-1285476192	A3c_97_0
925	J_16_53	7089	4	-61/2	B2c_47_13*target_b*Hfact_4_14*Hfact_4_15	-653837184	A3c_97_0
926	J_17_52	3960	4	-27/2	B2c_47_13*target_b*Hfact_4_15*Hfact_5_13	-193152960	A3c_97_0
927	J_18_51	1398	4	7/2	B2c_47_13*target_b*Hfact_5_13*Hfact_5_14	-26522496	A3c_97_0
928	J_19_50	8	2	-244188	B2c_60_3^2	14651280	A3c_97_0
929	J_0_70	1541	4	-39/2	B2c_32_32*target_b*Hfact_0_19*Hfact_0_20	-108	A3c_92_6
930	J_1_69	3188	4	-19	B2c_31_32*target_b*Hfact_0_19^2	-1836	A3c_92_6
931	J_2_68	5337	4	-57/2	B2c_31_31*target_b*Hfact_0_19^2	-14688	A3c_92_6
932	J_3_67	8142	4	-38	B2c_31_30*target_b*Hfact_0_19^2	-73440	A3c_92_6
933	J_4_66	11381	4	-95/2	B2c_31_29*target_b*Hfact_0_19^2	-257040	A3c_92_6
934	J_5_65	14629	4	-57	B2c_31_28*target_b*Hfact_0_19^2	-668304	A3c_92_6
935	J_6_64	18258	4	-133/2	B2c_31_27*target_b*Hfact_0_19^2	-1336608	A3c_92_6
936	J_7_63	21267	4	-76	B2c_31_26*target_b*Hfact_0_19^2	-2100384	A3c_92_6
937	J_8_62	23823	4	-171/2	B2c_47_13*target_b*Hfact_0_19^2	-2625480	A3c_92_6
938	J_9_61	25791	4	-154	B2c_47_13*target_b*Hfact_0_31*Hfact_1_6	-2625480	A3c_92_6
939	J_10_60	25999	4	-137/2	B2c_47_13*target_b*Hfact_1_18^2	1436960	A3c_96_1
940	J_11_59	24009	4	-120	B2c_47_13*target_b*Hfact_1_30*Hfact_2_5	11370240	A3c_96_1
941	J_12_58	21960	4	-103/2	B2c_47_13*target_b*Hfact_2_17^2	39231360	A3c_96_1
942	J_13_57	18578	4	-86	B2c_47_13*target_b*Hfact_2_26*Hfact_3_7	76957440	A3c_96_1
943	J_14_56	14700	4	-69/2	B2c_47_13*target_b*Hfact_3_16^2	93562560	A3c_96_1
944	J_15_55	10824	4	-52	B2c_47_13*target_b*Hfact_3_21*Hfact_4_10	71688960	A3c_96_1
945	J_16_54	7537	4	-35/2	B2c_47_13*target_b*Hfact_4_15^2	33210240	A3c_96_1
946	J_17_53	4032	4	-18	B2c_47_13*target_b*Hfact_4_16*Hfact_5_13	7983360	A3c_96_1
947	J_18_52	1894	4	-1/2	B2c_47_13*target_b*Hfact_5_14^2	433440	A3c_96_1
948	J_19_51	74	3	18	B2c_60_3^2*Hfact_2_4	-18869760	A3c_96_1
949	J_0_71	1427	4	-10	B2c_32_32*target_b*Hfact_0_20^2	-126	A3c_91_7
950	J_1_70	2954	4	-39	B2c_31_32*target_b*Hfact_0_19*Hfact_0_20	-2142	A3c_91_7
951	J_2_69	5030	4	-117/2	B2c_31_31*target_b*Hfact_0_19*Hfact_0_20	-17136	A3c_91_7
952	J_3_68	7652	4	-78	B2c_31_30*target_b*Hfact_0_19*Hfact_0_20	-85680	A3c_91_7
953	J_4_67	10653	4	-195/2	B2c_31_29*target_b*Hfact_0_19*Hfact_0_20	-299880	A3c_91_7
954	J_5_66	13939	4	-117	B2c_31_28*target_b*Hfact_0_19*Hfact_0_20	-779688	A3c_91_7
955	J_6_65	17258	4	-273/2	B2c_31_27*target_b*Hfact_0_19*Hfact_0_20	-1559376	A3c_91_7
956	J_7_64	20537	4	-156	B2c_31_26*target_b*Hfact_0_19*Hfact_0_20	-2450448	A3c_91_7
957	J_8_63	23191	4	-351/2	B2c_47_13*target_b*Hfact_0_19*Hfact_0_20	-3063060	A3c_91_7
958	J_9_62	24777	4	-317/2	B2c_47_13*target_b*Hfact_0_31*Hfact_1_7	-3063060	A3c_91_7
959	J_10_61	25198	4	-283/2	B2c_47_13*target_b*Hfact_1_18*Hfact_1_19	-2450448	A3c_91_7
960	J_11_60	24171	4	-249/2	B2c_47_13*target_b*Hfact_1_30*Hfact_2_6	-1559376	A3c_91_7
961	J_12_59	21790	4	-215/2	B2c_47_13*target_b*Hfact_2_17*Hfact_2_18	-779688	A3c_91_7
962	J_13_58	18629	4	-181/2	B2c_47_13*target_b*Hfact_2_27*Hfact_3_7	-299880	A3c_91_7
963	J_14_57	15050	4	-147/2	B2c_47_13*target_b*Hfact_3_16*Hfact_3_17	-85680	A3c_91_7
964	J_15_56	11425	4	-113/2	B2c_47_13*target_b*Hfact_3_22*Hfact_4_10	-17136	A3c_91_7
965	J_16_55	7972	4	-79/2	B2c_47_13*target_b*Hfact_4_15*Hfact_4_16	-2142	A3c_91_7
966	J_17_54	4921	4	-45/2	B2c_47_13*target_b*Hfact_4_17*Hfact_5_13	-126	A3c_91_7
967	J_18_53	2379	4	-11/2	B2c_47_13*target_b*Hfact_5_14*Hfact_5_15	-60	A3c_91_6
968	J_19_52	306	4	-3/2	B2c_60_3*target_b*Hfact_5_13*Hfact_6_16	6	A3c_91_5
969	J_0_72	1315	4	-41/2	B2c_32_32*target_b*Hfact_0_20*Hfact_0_21	-144	A3c_90_8
970	J_1_71	2728	4	-20	B2c_31_32*target_b*Hfact_0_20^2	-2448	A3c_90_8
971	J_2_70	4650	4	-30	B2c_31_31*target_b*Hfact_0_20^2	-19584	A3c_90_8
972	J_3_69	7093	4	-40	B2c_31_30*target_b*Hfact_0_20^2	-97920	A3c_90_8
973	J_4_68	9916	4	-50	B2c_31_29*target_b*Hfact_0_20^2	-342720	A3c_90_8
974	J_5_67	13040	4	-60	B2c_31_28*target_b*Hfact_0_20^2	-891072	A3c_90_8
975	J_6_66	16227	4	-70	B2c_31_27*target_b*Hfact_0_20^2	-1782144	A3c_90_8
976	J_7_65	19409	4	-80	B2c_31_26*target_b*Hfact_0_20^2	-2800512	A3c_90_8
977	J_8_64	22036	4	-90	B2c_47_13*target_b*Hfact_0_20^2	-3500640	A3c_90_8
978	J_9_63	23667	4	-163	B2c_47_13*target_b*Hfact_0_31*Hfact_1_8	-3500640	A3c_90_8
979	J_10_62	24237	4	-73	B2c_47_13*target_b*Hfact_1_19^2	-2800512	A3c_90_8
980	J_11_61	23532	4	-129	B2c_47_13*target_b*Hfact_1_30*Hfact_2_7	-1782144	A3c_90_8
981	J_12_60	21457	4	-56	B2c_47_13*target_b*Hfact_2_18^2	-891072	A3c_90_8
982	J_13_59	18524	4	-95	B2c_47_13*target_b*Hfact_2_28*Hfact_3_7	-342720	A3c_90_8
983	J_14_58	15137	4	-39	B2c_47_13*target_b*Hfact_3_17^2	-97920	A3c_90_8
984	J_15_57	11653	4	-61	B2c_47_13*target_b*Hfact_3_23*Hfact_4_10	-19584	A3c_90_8
985	J_16_56	8311	4	-22	B2c_47_13*target_b*Hfact_4_16^2	-2448	A3c_90_8
986	J_17_55	5320	4	-27	B2c_47_13*target_b*Hfact_4_18*Hfact_5_13	-144	A3c_90_8
987	J_18_54	2808	4	-5	B2c_47_13*target_b*Hfact_5_15^2	-78	A3c_90_7
988	J_19_53	726	4	7	B2c_47_13*target_b*Hfact_5_13*Hfact_6_16	-12	A3c_90_6
989	J_0_73	1210	4	-21/2	B2c_32_32*target_b*Hfact_0_21^2	-162	A3c_89_9
990	J_1_72	2512	4	-41	B2c_31_32*target_b*Hfact_0_20*Hfact_0_21	-2754	A3c_89_9
991	J_2_71	4217	4	-123/2	B2c_31_31*target_b*Hfact_0_20*Hfact_0_21	-22032	A3c_89_9
992	J_3_70	6560	4	-82	B2c_31_30*target_b*Hfact_0_20*Hfact_0_21	-110160	A3c_89_9
993	J_4_69	9035	4	-205/2	B2c_31_29*target_b*Hfact_0_20*Hfact_0_21	-385560	A3c_89_9
994	J_5_68	12040	4	-123	B2c_31_28*target_b*Hfact_0_20*Hfact_0_21	-1002456	A3c_89_9
995	J_6_67	15206	4	-287/2	B2c_31_27*target_b*Hfact_0_20*Hfact_0_21	-2004912	A3c_89_9
996	J_7_66	18284	4	-164	B2c_31_26*target_b*Hfact_0_20*Hfact_0_21	-3150576	A3c_89_9
997	J_8_65	20694	4	-369/2	B2c_47_13*target_b*Hfact_0_20*Hfact_0_21	-3938220	A3c_89_9
998	J_9_64	22249	4	-335/2	B2c_47_13*target_b*Hfact_0_31*Hfact_1_9	-3938220	A3c_89_9
999	J_10_63	23208	4	-301/2	B2c_47_13*target_b*Hfact_1_19*Hfact_1_20	-3150576	A3c_89_9
1000	J_11_62	22616	4	-267/2	B2c_47_13*target_b*Hfact_1_30*Hfact_2_8	22126104	A3c_97_0
1001	J_12_61	21003	4	-233/2	B2c_47_13*target_b*Hfact_2_18*Hfact_2_19	177441264	A3c_97_0
1002	J_13_60	18312	4	-199/2	B2c_47_13*target_b*Hfact_2_29*Hfact_3_7	622990368	A3c_97_0
1003	J_14_59	14584	4	-165/2	B2c_47_13*target_b*Hfact_3_17*Hfact_3_18	1251169920	A3c_97_0
1004	J_15_58	11791	4	-131/2	B2c_47_13*target_b*Hfact_3_24*Hfact_4_10	1573043472	A3c_97_0
1005	J_16_57	8560	4	-97/2	B2c_47_13*target_b*Hfact_4_16*Hfact_4_17	1269332064	A3c_97_0
1006	J_17_56	5567	4	-63/2	B2c_47_13*target_b*Hfact_4_19*Hfact_5_13	643747104	A3c_97_0
1007	J_18_55	3173	4	-29/2	B2c_47_13*target_b*Hfact_5_15*Hfact_5_16	189116928	A3c_97_0
1008	J_19_54	1039	4	5/2	B2c_47_13*target_b*Hfact_5_14*Hfact_6_16	25585560	A3c_97_0
1009	J_20_53	8	2	183141/2	B2c_60_3^2	-5573232	A3c_97_0
1010	J_0_74	1107	4	-43/2	B2c_32_32*target_b*Hfact_0_21*Hfact_0_22	66	A3c_88_9
1011	J_1_73	2304	4	-21	B2c_31_32*target_b*Hfact_0_21^2	1008	A3c_88_9
1012	J_2_72	3936	4	-63/2	B2c_31_31*target_b*Hfact_0_21^2	7038	A3c_88_9
1013	J_3_71	5978	4	-42	B2c_31_30*target_b*Hfact_0_21^2	29376	A3c_88_9
1014	J_4_70	8496	4	-105/2	B2c_31_29*target_b*Hfact_0_21^2	79560	A3c_88_9
1015	J_5_69	11280	4	-63	B2c_31_28*target_b*Hfact_0_21^2	137088	A3c_88_9
1016	J_6_68	14178	4	-147/2	B2c_31_27*target_b*Hfact_0_21^2	111384	A3c_88_9
1017	J_7_67	17043	4	-84	B2c_31_26*target_b*Hfact_0_21^2	-127296	A3c_88_9
1018	J_8_66	19661	4	-189/2	B2c_47_13*target_b*Hfact_0_21^2	-612612	A3c_88_9
1019	J_9_65	21340	4	-172	B2c_47_13*target_b*Hfact_0_31*Hfact_1_10	-1166880	A3c_88_9
1020	J_10_64	22116	4	-155/2	B2c_47_13*target_b*Hfact_1_20^2	-1487772	A3c_88_9
1021	J_11_63	21808	4	-138	B2c_47_13*target_b*Hfact_1_30*Hfact_2_9	-2520224	A3c_96_1
1022	J_12_62	20461	4	-121/2	B2c_47_13*target_b*Hfact_2_19^2	-19953360	A3c_96_1
1023	J_13_61	18010	4	-104	B2c_47_13*target_b*Hfact_2_29*Hfact_3_8	-68898816	A3c_96_1
1024	J_14_60	15019	4	-87/2	B2c_47_13*target_b*Hfact_3_18^2	-135296448	A3c_96_1
1025	J_15_59	11778	4	-70	B2c_47_13*target_b*Hfact_3_25*Hfact_4_10	-164743488	A3c_96_1
1026	J_16_58	8756	4	-53/2	B2c_47_13*target_b*Hfact_4_17^2	-126542304	A3c_96_1
1027	J_17_57	5932	4	-36	B2c_47_13*target_b*Hfact_4_20*Hfact_5_13	-58894080	A3c_96_1
1028	J_18_56	3206	4	-19/2	B2c_47_13*target_b*Hfact_5_16^2	-14325696	A3c_96_1
1029	J_19_55	1489	4	-2	B2c_47_13*target_b*Hfact_5_15*Hfact_6_16	-852768	A3c_96_1
1030	J_20_54	69	3	27/2	B2c_60_3^2*Hfact_3_7	10371088	A3c_96_1
1031	J_0_75	1011	4	-11	B2c_32_32*target_b*Hfact_0_22^2	-198	A3c_87_11
1032	J_1_74	2106	4	-43	B2c_31_32*target_b*Hfact_0_21*Hfact_0_22	132	A3c_87_9
1033	J_2_73	3603	4	-129/2	B2c_31_31*target_b*Hfact_0_21*Hfact_0_22	2178	A3c_87_9
1034	J_3_72	5529	4	-86	B2c_31_30*target_b*Hfact_0_21*Hfact_0_22	16830	A3c_87_9
1035	J_4_71	7817	4	-215/2	B2c_31_29*target_b*Hfact_0_21*Hfact_0_22	80784	A3c_87_9
1036	J_5_70	10422	4	-129	B2c_31_28*target_b*Hfact_0_21*Hfact_0_22	269280	A3c_87_9
1037	J_6_69	12894	4	-301/2	B2c_31_27*target_b*Hfact_0_21*Hfact_0_22	659736	A3c_87_9
1038	J_7_68	16001	4	-172	B2c_31_26*target_b*Hfact_0_21*Hfact_0_22	1225224	A3c_87_9
1039	J_8_67	18451	4	-387/2	B2c_47_13*target_b*Hfact_0_21*Hfact_0_22	1750320	A3c_87_9
1040	J_9_66	20132	4	-353/2	B2c_47_13*target_b*Hfact_0_31*Hfact_1_11	1925352	A3c_87_9
1041	J_10_65	20547	4	-319/2	B2c_47_13*target_b*Hfact_1_20*Hfact_1_21	1604460	A3c_87_9
1042	J_11_64	20997	4	-285/2	B2c_47_13*target_b*Hfact_1_30*Hfact_2_10	962676	A3c_87_9
1043	J_12_63	19849	4	-251/2	B2c_47_13*target_b*Hfact_2_19*Hfact_2_20	350064	A3c_87_9
1044	J_13_62	17354	4	-217/2	B2c_47_13*target_b*Hfact_2_29*Hfact_3_9	2450448	A3c_87_8
1045	J_14_61	14888	4	-183/2	B2c_47_13*target_b*Hfact_3_18*Hfact_3_19	-94248	A3c_87_9
1046	J_15_60	11899	4	-149/2	B2c_47_13*target_b*Hfact_3_26*Hfact_4_10	-67320	A3c_87_9
1047	J_16_59	8933	4	-115/2	B2c_47_13*target_b*Hfact_4_17*Hfact_4_18	-26928	A3c_87_9
1048	J_17_58	6212	4	-81/2	B2c_47_13*target_b*Hfact_4_21*Hfact_5_13	-6732	A3c_87_9
1049	J_18_57	3851	4	-47/2	B2c_47_13*target_b*Hfact_5_16*Hfact_5_17	-990	A3c_87_9
1050	J_19_56	1908	4	-13/2	B2c_47_13*target_b*Hfact_5_16*Hfact_6_16	-66	A3c_87_9
1051	J_20_55	228	4	-49/2	B2c_60_3*target_b*Hfact_6_16*Hfact_7_19	112	A3c_83_11
1052	J_0_76	917	4	-45/2	B2c_32_32*target_b*Hfact_0_22*Hfact_0_23	-216	A3c_86_12
1053	J_1_75	1916	4	-22	B2c_31_32*target_b*Hfact_0_22^2	-3672	A3c_86_12
1054	J_2_74	3218	4	-33	B2c_31_31*target_b*Hfact_0_22^2	198	A3c_86_9
1055	J_3_73	5042	4	-44	B2c_31_30*target_b*Hfact_0_22^2	3348	A3c_86_9
1056	J_4_72	7143	4	-55	B2c_31_29*target_b*Hfact_0_22^2	26622	A3c_86_9
1057	J_5_71	9452	4	-66	B2c_31_28*target_b*Hfact_0_22^2	132192	A3c_86_9
1058	J_6_70	12146	4	-77	B2c_31_27*target_b*Hfact_0_22^2	459000	A3c_86_9
1059	J_7_69	14840	4	-88	B2c_31_26*target_b*Hfact_0_22^2	1182384	A3c_86_9
1060	J_8_68	17054	4	-99	B2c_47_13*target_b*Hfact_0_22^2	2339064	A3c_86_9
1061	J_9_67	18864	4	-181	B2c_47_13*target_b*Hfact_0_31*Hfact_1_12	3627936	A3c_86_9
1062	J_10_66	19764	4	-82	B2c_47_13*target_b*Hfact_1_21^2	4463316	A3c_86_9
1063	J_11_65	19716	4	-147	B2c_47_13*target_b*Hfact_1_30*Hfact_2_11	4375800	A3c_86_9
1064	J_12_64	18636	4	-65	B2c_47_13*target_b*Hfact_2_20^2	3413124	A3c_86_9
1065	J_13_63	17169	4	-113	B2c_47_13*target_b*Hfact_2_29*Hfact_3_10	2100384	A3c_86_9
1066	J_14_62	14481	4	-48	B2c_47_13*target_b*Hfact_3_19^2	1002456	A3c_86_9
1067	J_15_61	11804	4	-79	B2c_47_13*target_b*Hfact_3_27*Hfact_4_10	359856	A3c_86_9
1068	J_16_60	8992	4	-31	B2c_47_13*target_b*Hfact_4_18^2	91800	A3c_86_9
1069	J_17_59	6278	4	-45	B2c_47_13*target_b*Hfact_4_22*Hfact_5_13	14688	A3c_86_9
1070	J_18_58	4107	4	-14	B2c_47_13*target_b*Hfact_5_17^2	918	A3c_86_9
1071	J_19_57	2207	4	-11	B2c_47_13*target_b*Hfact_5_17*Hfact_6_16	-108	A3c_86_9
1072	J_20_56	550	4	3	B2c_47_13*target_b*Hfact_6_16^2	-18	A3c_86_9
1073	J_0_77	830	4	-23/2	B2c_32_32*target_b*Hfact_0_23^2	-234	A3c_85_13
1074	J_1_76	1736	4	-45	B2c_31_32*target_b*Hfact_0_22*Hfact_0_23	-3978	A3c_85_13
1075	J_2_75	2978	4	-135/2	B2c_31_31*target_b*Hfact_0_22*Hfact_0_23	-31824	A3c_85_13
1076	J_3_74	4584	4	-90	B2c_31_30*target_b*Hfact_0_22*Hfact_0_23	-14784	A3c_97_0
1077	J_4_73	6513	4	-225/2	B2c_31_29*target_b*Hfact_0_22*Hfact_0_23	-253008	A3c_97_0
1078	J_5_72	8752	4	-135	B2c_31_28*target_b*Hfact_0_22*Hfact_0_23	-2039184	A3c_97_0
1079	J_6_71	11165	4	-315/2	B2c_31_27*target_b*Hfact_0_22*Hfact_0_23	-10281600	A3c_97_0
1080	J_7_70	13715	4	-180	B2c_31_26*target_b*Hfact_0_22*Hfact_0_23	-36328320	A3c_97_0
1081	J_8_69	15982	4	-405/2	B2c_47_13*target_b*Hfact_0_22*Hfact_0_23	-95481792	A3c_97_0
1082	J_9_68	17613	4	-371/2	B2c_47_13*target_b*Hfact_0_31*Hfact_1_13	-193362624	A3c_97_0
1083	J_10_67	18547	4	-337/2	B2c_47_13*target_b*Hfact_1_21*Hfact_1_22	-308310912	A3c_97_0
1084	J_11_66	18799	4	-303/2	B2c_47_13*target_b*Hfact_1_30*Hfact_2_12	-392071680	A3c_97_0
1085	J_12_65	18208	4	-269/2	B2c_47_13*target_b*Hfact_2_20*Hfact_2_21	-416703840	A3c_97_0
1086	J_13_64	16587	4	-235/2	B2c_47_13*target_b*Hfact_2_29*Hfact_3_11	-460326384	A3c_97_0
1087	J_14_63	14250	4	-201/2	B2c_47_13*target_b*Hfact_3_19*Hfact_3_20	-678666240	A3c_97_0
1088	J_15_62	11633	4	-167/2	B2c_47_13*target_b*Hfact_3_28*Hfact_4_10	-1041380928	A3c_97_0
1089	J_16_61	8972	4	-133/2	B2c_47_13*target_b*Hfact_4_18*Hfact_4_19	-1212305472	A3c_97_0
1090	J_17_60	6488	4	-99/2	B2c_47_13*target_b*Hfact_4_23*Hfact_5_13	-953840160	A3c_97_0
1091	J_18_59	4297	4	-65/2	B2c_47_13*target_b*Hfact_5_17*Hfact_5_18	-478388736	A3c_97_0
1092	J_19_58	2456	4	-31/2	B2c_47_13*target_b*Hfact_5_18*Hfact_6_16	-139313664	A3c_97_0
1093	J_20_57	940	4	3/2	B2c_47_13*target_b*Hfact_6_16*Hfact_6_17	-18542160	A3c_97_0
1094	J_21_56	8	2	-53865/2	B2c_60_3^2	1659840	A3c_97_0
1095	J_0_78	745	4	-47/2	B2c_32_32*target_b*Hfact_0_23*Hfact_0_24	-252	A3c_84_14
1096	J_1_77	1564	4	-23	B2c_31_32*target_b*Hfact_0_23^2	-4284	A3c_84_14
1097	J_2_76	2686	4	-69/2	B2c_31_31*target_b*Hfact_0_23^2	-34272	A3c_84_14
1098	J_3_75	4104	4	-46	B2c_31_30*target_b*Hfact_0_23^2	-171360	A3c_84_14
1099	J_4_74	5801	4	-115/2	B2c_31_29*target_b*Hfact_0_23^2	-599760	A3c_84_14
1100	J_5_73	7949	4	-69	B2c_31_28*target_b*Hfact_0_23^2	-1559376	A3c_84_14
1101	J_6_72	10192	4	-161/2	B2c_31_27*target_b*Hfact_0_23^2	-3118752	A3c_84_14
1102	J_7_71	12383	4	-92	B2c_31_26*target_b*Hfact_0_23^2	-4900896	A3c_84_14
1103	J_8_70	14758	4	-207/2	B2c_47_13*target_b*Hfact_0_23^2	-6126120	A3c_84_14
1104	J_9_69	16076	4	-190	B2c_47_13*target_b*Hfact_0_31*Hfact_1_14	-6126120	A3c_84_14
1105	J_10_68	17304	4	-173/2	B2c_47_13*target_b*Hfact_1_22^2	-4900896	A3c_84_14
1106	J_11_67	17543	4	-156	B2c_47_13*target_b*Hfact_1_30*Hfact_2_13	-3118752	A3c_84_14
1107	J_12_66	17259	4	-139/2	B2c_47_13*target_b*Hfact_2_21^2	3030048	A3c_96_1
1108	J_13_65	15923	4	-122	B2c_47_13*target_b*Hfact_2_29*Hfact_3_12	24002496	A3c_96_1
1109	J_14_64	13694	4	-105/2	B2c_47_13*target_b*Hfact_3_20^2	82938240	A3c_96_1
1110	J_15_63	11022	4	-88	B2c_47_13*target_b*Hfact_3_28*Hfact_4_11	163021824	A3c_96_1
1111	J_16_62	8892	4	-71/2	B2c_47_13*target_b*Hfact_4_19^2	198781632	A3c_96_1
1112	J_17_61	6533	4	-54	B2c_47_13*target_b*Hfact_4_24*Hfact_5_13	153030528	A3c_96_1
1113	J_18_60	4443	4	-37/2	B2c_47_13*target_b*Hfact_5_18^2	71519616	A3c_96_1
1114	J_19_59	2445	4	-20	B2c_47_13*target_b*Hfact_5_19*Hfact_6_16	17579520	A3c_96_1
1115	J_20_58	1208	4	-3/2	B2c_47_13*target_b*Hfact_6_17^2	1126944	A3c_96_1
1116	J_21_57	61	3	9	B2c_60_3^2*Hfact_4_10	-4503744	A3c_96_1
1117	J_0_79	667	4	-12	B2c_32_32*target_b*Hfact_0_24^2	-270	A3c_83_15
1118	J_1_78	1402	4	-47	B2c_31_32*target_b*Hfact_0_23*Hfact_0_24	-4590	A3c_83_15
1119	J_2_77	2359	4	-141/2	B2c_31_31*target_b*Hfact_0_23*Hfact_0_24	-36720	A3c_83_15
1120	J_3_76	3722	4	-94	B2c_31_30*target_b*Hfact_0_23*Hfact_0_24	-183600	A3c_83_15
1121	J_4_75	5306	4	-235/2	B2c_31_29*target_b*Hfact_0_23*Hfact_0_24	-642600	A3c_83_15
1122	J_5_74	7093	4	-141	B2c_31_28*target_b*Hfact_0_23*Hfact_0_24	-1670760	A3c_83_15
1123	J_6_73	9254	4	-329/2	B2c_31_27*target_b*Hfact_0_23*Hfact_0_24	-3341520	A3c_83_15
1124	J_7_72	11502	4	-188	B2c_31_26*target_b*Hfact_0_23*Hfact_0_24	-5250960	A3c_83_15
1125	J_8_71	13382	4	-423/2	B2c_47_13*target_b*Hfact_0_23*Hfact_0_24	-6563700	A3c_83_15
1126	J_9_70	15090	4	-389/2	B2c_47_13*target_b*Hfact_0_31*Hfact_1_15	-6563700	A3c_83_15
1127	J_10_69	16052	4	-355/2	B2c_47_13*target_b*Hfact_1_22*Hfact_1_23	-5250960	A3c_83_15
1128	J_11_68	16304	4	-321/2	B2c_47_13*target_b*Hfact_1_30*Hfact_2_14	-3341520	A3c_83_15
1129	J_12_67	16263	4	-287/2	B2c_47_13*target_b*Hfact_2_21*Hfact_2_22	-1670760	A3c_83_15
1130	J_13_66	15222	4	-253/2	B2c_47_13*target_b*Hfact_2_29*Hfact_3_13	-642600	A3c_83_15
1131	J_14_65	13234	4	-219/2	B2c_47_13*target_b*Hfact_3_20*Hfact_3_21	-183600	A3c_83_15
1132	J_15_64	11133	4	-185/2	B2c_47_13*target_b*Hfact_3_28*Hfact_4_12	-36720	A3c_83_15
1133	J_16_63	8795	4	-151/2	B2c_47_13*target_b*Hfact_4_19*Hfact_4_20	-4590	A3c_83_15
1134	J_17_62	6453	4	-117/2	B2c_47_13*target_b*Hfact_4_25*Hfact_5_13	-270	A3c_83_15
1135	J_18_61	4586	4	-83/2	B2c_47_13*target_b*Hfact_5_18*Hfact_5_19	-204	A3c_83_14
1136	J_19_60	2888	4	-49/2	B2c_47_13*target_b*Hfact_5_20*Hfact_6_16	-138	A3c_83_13
1137	J_20_59	1423	4	-15/2	B2c_47_13*target_b*Hfact_6_17*Hfact_6_18	-72	A3c_83_12
1138	J_21_58	217	4	3/2	B2c_60_3*target_b*Hfact_6_16*Hfact_7_19	-6	A3c_83_11
1139	J_0_80	591	4	-49/2	B2c_32_32*target_b*Hfact_0_24*Hfact_0_25	-288	A3c_82_16
1140	J_1_79	1248	4	-24	B2c_31_32*target_b*Hfact_0_24^2	-4896	A3c_82_16
1141	J_2_78	2151	4	-36	B2c_31_31*target_b*Hfact_0_24^2	-39168	A3c_82_16
1142	J_3_77	3325	4	-48	B2c_31_30*target_b*Hfact_0_24^2	-195840	A3c_82_16
1143	J_4_76	4744	4	-60	B2c_31_29*target_b*Hfact_0_24^2	-685440	A3c_82_16
1144	J_5_75	6440	4	-72	B2c_31_28*target_b*Hfact_0_24^2	-1782144	A3c_82_16
1145	J_6_74	8333	4	-84	B2c_31_27*target_b*Hfact_0_24^2	-3564288	A3c_82_16
1146	J_7_73	10415	4	-96	B2c_31_26*target_b*Hfact_0_24^2	-5601024	A3c_82_16
1147	J_8_72	12344	4	-108	B2c_47_13*target_b*Hfact_0_24^2	-7001280	A3c_82_16
1148	J_9_71	13811	4	-199	B2c_47_13*target_b*Hfact_0_31*Hfact_1_16	-7001280	A3c_82_16
1149	J_10_70	14767	4	-91	B2c_47_13*target_b*Hfact_1_23^2	-5601024	A3c_82_16
1150	J_11_69	15215	4	-165	B2c_47_13*target_b*Hfact_1_30*Hfact_2_15	-3564288	A3c_82_16
1151	J_12_68	15133	4	-74	B2c_47_13*target_b*Hfact_2_22^2	-1782144	A3c_82_16
1152	J_13_67	14355	4	-131	B2c_47_13*target_b*Hfact_2_29*Hfact_3_14	-685440	A3c_82_16
1153	J_14_66	12758	4	-57	B2c_47_13*target_b*Hfact_3_21^2	-195840	A3c_82_16
1154	J_15_65	10733	4	-97	B2c_47_13*target_b*Hfact_3_28*Hfact_4_13	-39168	A3c_82_16
1155	J_16_64	8575	4	-40	B2c_47_13*target_b*Hfact_4_20^2	-4896	A3c_82_16
1156	J_17_63	6498	4	-63	B2c_47_13*target_b*Hfact_4_26*Hfact_5_13	-288	A3c_82_16
1157	J_18_62	4630	4	-23	B2c_47_13*target_b*Hfact_5_19^2	-222	A3c_82_15
1158	J_19_61	3016	4	-29	B2c_47_13*target_b*Hfact_5_21*Hfact_6_16	-156	A3c_82_14
1159	J_20_60	1665	4	-6	B2c_47_13*target_b*Hfact_6_18^2	-90	A3c_82_13
1160	J_21_59	477	4	5	B2c_47_13*target_b*Hfact_6_16*Hfact_7_19	-24	A3c_82_12
1161	J_0_81	522	4	-25/2	B2c_32_32*target_b*Hfact_0_25^2	-306	A3c_81_17
1162	J_1_80	1104	4	-49	B2c_31_32*target_b*Hfact_0_24*Hfact_0_25	-5202	A3c_81_17
1163	J_2_79	1908	4	-147/2	B2c_31_31*target_b*Hfact_0_24*Hfact_0_25	-41616	A3c_81_17
1164	J_3_78	2953	4	-98	B2c_31_30*target_b*Hfact_0_24*Hfact_0_25	-208080	A3c_81_17
1165	J_4_77	4223	4	-245/2	B2c_31_29*target_b*Hfact_0_24*Hfact_0_25	69300	A3c_97_0
1166	J_5_76	5745	4	-147	B2c_31_28*target_b*Hfact_0_24*Hfact_0_25	1183140	A3c_97_0
1167	J_6_75	7462	4	-343/2	B2c_31_27*target_b*Hfact_0_24*Hfact_0_25	9510480	A3c_97_0
1168	J_7_74	9382	4	-196	B2c_31_26*target_b*Hfact_0_24*Hfact_0_25	47809440	A3c_97_0
1169	J_8_73	11179	4	-441/2	B2c_47_13*target_b*Hfact_0_24*Hfact_0_25	168361200	A3c_97_0
1170	J_9_72	12576	4	-407/2	B2c_47_13*target_b*Hfact_0_31*Hfact_1_17	440823600	A3c_97_0
1171	J_10_71	13508	4	-373/2	B2c_47_13*target_b*Hfact_1_23*Hfact_1_24	888844320	A3c_97_0
1172	J_11_70	13994	4	-339/2	B2c_47_13*target_b*Hfact_1_30*Hfact_2_16	1410121440	A3c_97_0
1173	J_12_69	14001	4	-305/2	B2c_47_13*target_b*Hfact_2_22*Hfact_2_23	1782700920	A3c_97_0
1174	J_13_68	13453	4	-271/2	B2c_47_13*target_b*Hfact_2_29*Hfact_3_15	1816229604	A3c_97_0
1175	J_14_67	12093	4	-237/2	B2c_47_13*target_b*Hfact_3_21*Hfact_3_22	1542561552	A3c_97_0
1176	J_15_66	10277	4	-203/2	B2c_47_13*target_b*Hfact_3_28*Hfact_4_14	1209145392	A3c_97_0
1177	J_16_65	8288	4	-169/2	B2c_47_13*target_b*Hfact_4_20*Hfact_4_21	999334224	A3c_97_0
1178	J_17_64	6364	4	-135/2	B2c_47_13*target_b*Hfact_4_27*Hfact_5_13	833366520	A3c_97_0
1179	J_18_63	4611	4	-101/2	B2c_47_13*target_b*Hfact_5_19*Hfact_5_20	571413024	A3c_97_0
1180	J_19_62	3096	4	-67/2	B2c_47_13*target_b*Hfact_5_22*Hfact_6_16	271080432	A3c_97_0
1181	J_20_61	1806	4	-33/2	B2c_47_13*target_b*Hfact_6_18*Hfact_6_19	76832532	A3c_97_0
1182	J_21_60	737	4	1/2	B2c_47_13*target_b*Hfact_6_17*Hfact_7_19	9972144	A3c_97_0
1183	J_22_59	8	2	5985	B2c_60_3^2	-372960	A3c_97_0
1184	J_0_82	455	4	-51/2	B2c_32_32*target_b*Hfact_0_25*Hfact_0_26	-324	A3c_80_18
1185	J_1_81	968	4	-25	B2c_31_32*target_b*Hfact_0_25^2	-5508	A3c_80_18
1186	J_2_80	1631	4	-75/2	B2c_31_31*target_b*Hfact_0_25^2	-44064	A3c_80_18
1187	J_3_79	2584	4	-50	B2c_31_30*target_b*Hfact_0_25^2	-220320	A3c_80_18
1188	J_4_78	3721	4	-125/2	B2c_31_29*target_b*Hfact_0_25^2	-771120	A3c_80_18
1189	J_5_77	4996	4	-75	B2c_31_28*target_b*Hfact_0_25^2	-2004912	A3c_80_18
1190	J_6_76	6563	4	-175/2	B2c_31_27*target_b*Hfact_0_25^2	-4009824	A3c_80_18
1191	J_7_75	8338	4	-100	B2c_31_26*target_b*Hfact_0_25^2	-6301152	A3c_80_18
1192	J_8_74	9933	4	-225/2	B2c_47_13*target_b*Hfact_0_25^2	-7876440	A3c_80_18
1193	J_9_73	11352	4	-208	B2c_47_13*target_b*Hfact_0_31*Hfact_1_18	-7876440	A3c_80_18
1194	J_10_72	12259	4	-191/2	B2c_47_13*target_b*Hfact_1_24^2	-6301152	A3c_80_18
1195	J_11_71	12514	4	-174	B2c_47_13*target_b*Hfact_1_30*Hfact_2_17	-4009824	A3c_80_18
1196	J_12_70	12846	4	-157/2	B2c_47_13*target_b*Hfact_2_23^2	-2004912	A3c_80_18
1197	J_13_69	12224	4	-140	B2c_47_13*target_b*Hfact_2_29*Hfact_3_16	-2529184	A3c_96_1
1198	J_14_68	11253	4	-123/2	B2c_47_13*target_b*Hfact_3_22^2	-20044584	A3c_96_1
1199	J_15_67	9710	4	-106	B2c_47_13*target_b*Hfact_3_28*Hfact_4_15	-69306048	A3c_96_1
1200	J_16_66	7947	4	-89/2	B2c_47_13*target_b*Hfact_4_21^2	-136345440	A3c_96_1
1201	J_17_65	6082	4	-72	B2c_47_13*target_b*Hfact_4_27*Hfact_5_14	-166465152	A3c_96_1
1202	J_18_64	4545	4	-55/2	B2c_47_13*target_b*Hfact_5_20^2	-128412144	A3c_96_1
1203	J_19_63	3094	4	-38	B2c_47_13*target_b*Hfact_5_23*Hfact_6_16	-60239424	A3c_96_1
1204	J_20_62	1767	4	-21/2	B2c_47_13*target_b*Hfact_6_19^2	-14944608	A3c_96_1
1205	J_21_61	904	4	-4	B2c_47_13*target_b*Hfact_6_18*Hfact_7_19	-1018080	A3c_96_1
1206	J_22_60	53	3	9/2	B2c_60_3^2*Hfact_5_13	1511160	A3c_96_1
1207	J_0_83	395	4	-13	B2c_32_32*target_b*Hfact_0_26^2	-342	A3c_79_19
1208	J_1_82	842	4	-51	B2c_31_32*target_b*Hfact_0_25*Hfact_0_26	-5814	A3c_79_19
1209	J_2_81	1463	4	-153/2	B2c_31_31*target_b*Hfact_0_25*Hfact_0_26	-46512	A3c_79_19
1210	J_3_80	2274	4	-102	B2c_31_30*target_b*Hfact_0_25*Hfact_0_26	-232560	A3c_79_19
1211	J_4_79	3202	4	-255/2	B2c_31_29*target_b*Hfact_0_25*Hfact_0_26	-813960	A3c_79_19
1212	J_5_78	4445	4	-153	B2c_31_28*target_b*Hfact_0_25*Hfact_0_26	-2116296	A3c_79_19
1213	J_6_77	5820	4	-357/2	B2c_31_27*target_b*Hfact_0_25*Hfact_0_26	-4232592	A3c_79_19
1214	J_7_76	7407	4	-204	B2c_31_26*target_b*Hfact_0_25*Hfact_0_26	-6651216	A3c_79_19
1215	J_8_75	8940	4	-459/2	B2c_47_13*target_b*Hfact_0_25*Hfact_0_26	-8314020	A3c_79_19
1216	J_9_74	10069	4	-425/2	B2c_47_13*target_b*Hfact_0_31*Hfact_1_19	-8314020	A3c_79_19
1217	J_10_73	11032	4	-391/2	B2c_47_13*target_b*Hfact_1_24*Hfact_1_25	-6651216	A3c_79_19
1218	J_11_72	11545	4	-357/2	B2c_47_13*target_b*Hfact_1_30*Hfact_2_18	-4232592	A3c_79_19
1219	J_12_71	11684	4	-323/2	B2c_47_13*target_b*Hfact_2_23*Hfact_2_24	-2116296	A3c_79_19
1220	J_13_70	11462	4	-289/2	B2c_47_13*target_b*Hfact_2_29*Hfact_3_17	-813960	A3c_79_19
1221	J_14_69	10527	4	-255/2	B2c_47_13*target_b*Hfact_3_22*Hfact_3_23	-232560	A3c_79_19
1222	J_15_68	9220	4	-221/2	B2c_47_13*target_b*Hfact_3_28*Hfact_4_16	-46512	A3c_79_19
1223	J_16_67	7360	4	-187/2	B2c_47_13*target_b*Hfact_4_21*Hfact_4_22	-5814	A3c_79_19
1224	J_17_66	5962	4	-153/2	B2c_47_13*target_b*Hfact_4_27*Hfact_5_15	-342	A3c_79_19
1225	J_18_65	4464	4	-119/2	B2c_47_13*target_b*Hfact_5_20*Hfact_5_21	-276	A3c_79_18
1226	J_19_64	3108	4	-85/2	B2c_47_13*target_b*Hfact_5_24*Hfact_6_16	-210	A3c_79_17
1227	J_20_63	2016	4	-51/2	B2c_47_13*target_b*Hfact_6_19*Hfact_6_20	-144	A3c_79_16
1228	J_21_62	1066	4	-17/2	B2c_47_13*target_b*Hfact_6_19*Hfact_7_19	-78	A3c_79_15
1229	J_22_61	177	4	3/2	B2c_60_3*target_b*Hfact_7_19^2	-12	A3c_79_14
1230	J_0_84	337	4	-53/2	B2c_32_32*target_b*Hfact_0_26*Hfact_0_27	-360	A3c_78_20
1231	J_1_83	724	4	-26	B2c_31_32*target_b*Hfact_0_26^2	-6120	A3c_78_20
1232	J_2_82	1261	4	-39	B2c_31_31*target_b*Hfact_0_26^2	-48960	A3c_78_20
1233	J_3_81	1967	4	-52	B2c_31_30*target_b*Hfact_0_26^2	-244800	A3c_78_20
1234	J_4_80	2823	4	-65	B2c_31_29*target_b*Hfact_0_26^2	-856800	A3c_78_20
1235	J_5_79	3855	4	-78	B2c_31_28*target_b*Hfact_0_26^2	-2227680	A3c_78_20
1236	J_6_78	5062	4	-91	B2c_31_27*target_b*Hfact_0_26^2	-4455360	A3c_78_20
1237	J_7_77	6478	4	-104	B2c_31_26*target_b*Hfact_0_26^2	-7001280	A3c_78_20
1238	J_8_76	7875	4	-117	B2c_47_13*target_b*Hfact_0_26^2	-8751600	A3c_78_20
1239	J_9_75	9000	4	-217	B2c_47_13*target_b*Hfact_0_31*Hfact_1_20	-8751600	A3c_78_20
1240	J_10_74	9820	4	-100	B2c_47_13*target_b*Hfact_1_25^2	-7001280	A3c_78_20
1241	J_11_73	10322	4	-183	B2c_47_13*target_b*Hfact_1_30*Hfact_2_19	-4455360	A3c_78_20
1242	J_12_72	10505	4	-83	B2c_47_13*target_b*Hfact_2_24^2	-2227680	A3c_78_20
1243	J_13_71	10377	4	-149	B2c_47_13*target_b*Hfact_2_29*Hfact_3_18	-856800	A3c_78_20
1244	J_14_70	9758	4	-66	B2c_47_13*target_b*Hfact_3_23^2	-244800	A3c_78_20
1245	J_15_69	8588	4	-115	B2c_47_13*target_b*Hfact_3_28*Hfact_4_17	-48960	A3c_78_20
1246	J_16_68	7142	4	-49	B2c_47_13*target_b*Hfact_4_22^2	-6120	A3c_78_20
1247	J_17_67	5669	4	-81	B2c_47_13*target_b*Hfact_4_27*Hfact_5_16	-360	A3c_78_20
1248	J_18_66	4311	4	-32	B2c_47_13*target_b*Hfact_5_21^2	-294	A3c_78_19
1249	J_19_65	3103	4	-47	B2c_47_13*target_b*Hfact_5_25*Hfact_6_16	-228	A3c_78_18
1250	J_20_64	2064	4	-15	B2c_47_13*target_b*Hfact_6_20^2	-162	A3c_78_17
1251	J_21_63	1175	4	-13	B2c_47_13*target_b*Hfact_6_20*Hfact_7_19	-96	A3c_78_16
1252	J_22_62	366	4	2	B2c_47_13*target_b*Hfact_7_19^2	-30	A3c_78_15
1253	J_0_85	286	4	-27/2	B2c_32_32*target_b*Hfact_0_27^2	-378	A3c_77_21
1254	J_1_84	616	4	-53	B2c_31_32*target_b*Hfact_0_26*Hfact_0_27	-6426	A3c_77_21
1255	J_2_83	1042	4	-159/2	B2c_31_31*target_b*Hfact_0_26*Hfact_0_27	-51408	A3c_77_21
1256	J_3_82	1685	4	-106	B2c_31_30*target_b*Hfact_0_26*Hfact_0_27	-257040	A3c_77_21
1257	J_4_81	2424	4	-265/2	B2c_31_29*target_b*Hfact_0_26*Hfact_0_27	-899640	A3c_77_21
1258	J_5_80	3254	4	-159	B2c_31_28*target_b*Hfact_0_26*Hfact_0_27	-133056	A3c_97_0
1259	J_6_79	4359	4	-371/2	B2c_31_27*target_b*Hfact_0_26*Hfact_0_27	-2268000	A3c_97_0
1260	J_7_78	5609	4	-212	B2c_31_26*target_b*Hfact_0_26*Hfact_0_27	-18198432	A3c_97_0
1261	J_8_77	6772	4	-477/2	B2c_47_13*target_b*Hfact_0_26*Hfact_0_27	-91300608	A3c_97_0
1262	J_9_76	7885	4	-443/2	B2c_47_13*target_b*Hfact_0_31*Hfact_1_21	-320785920	A3c_97_0
1263	J_10_75	8641	4	-409/2	B2c_47_13*target_b*Hfact_1_25*Hfact_1_26	-837744768	A3c_97_0
1264	J_11_74	9011	4	-375/2	B2c_47_13*target_b*Hfact_1_30*Hfact_2_20	-1684126080	A3c_97_0
1265	J_12_73	9332	4	-341/2	B2c_47_13*target_b*Hfact_2_24*Hfact_2_25	-2662523136	A3c_97_0
1266	J_13_72	9266	4	-307/2	B2c_47_13*target_b*Hfact_2_29*Hfact_3_19	-3352212864	A3c_97_0
1267	J_14_71	8728	4	-273/2	B2c_47_13*target_b*Hfact_3_23*Hfact_3_24	-3385097856	A3c_97_0
1268	J_15_70	7874	4	-239/2	B2c_47_13*target_b*Hfact_3_28*Hfact_4_18	-2762556048	A3c_97_0
1269	J_16_69	6603	4	-205/2	B2c_47_13*target_b*Hfact_4_22*Hfact_4_23	-1861905024	A3c_97_0
1270	J_17_68	5216	4	-171/2	B2c_47_13*target_b*Hfact_4_27*Hfact_5_17	-1093595328	A3c_97_0
1271	J_18_67	4066	4	-137/2	B2c_47_13*target_b*Hfact_5_21*Hfact_5_22	-598743936	A3c_97_0
1272	J_19_66	2979	4	-103/2	B2c_47_13*target_b*Hfact_5_26*Hfact_6_16	-301071456	A3c_97_0
1273	J_20_65	1977	4	-69/2	B2c_47_13*target_b*Hfact_6_20*Hfact_6_21	-120710016	A3c_97_0
1274	J_21_64	1219	4	-35/2	B2c_47_13*target_b*Hfact_6_21*Hfact_7_19	-31457664	A3c_97_0
1275	J_22_63	534	4	-1/2	B2c_47_13*target_b*Hfact_7_19*Hfact_7_20	-3868704	A3c_97_0
1276	J_23_62	8	2	-945	B2c_60_3^2	59472	A3c_97_0
1277	J_0_86	237	4	-55/2	B2c_32_32*target_b*Hfact_0_27*Hfact_0_28	-396	A3c_76_22
1278	J_1_85	516	4	-27	B2c_31_32*target_b*Hfact_0_27^2	-6732	A3c_76_22
1279	J_2_84	906	4	-81/2	B2c_31_31*target_b*Hfact_0_27^2	-53856	A3c_76_22
1280	J_3_83	1418	4	-54	B2c_31_30*target_b*Hfact_0_27^2	-269280	A3c_76_22
1281	J_4_82	2051	4	-135/2	B2c_31_29*target_b*Hfact_0_27^2	-942480	A3c_76_22
1282	J_5_81	2810	4	-81	B2c_31_28*target_b*Hfact_0_27^2	-2450448	A3c_76_22
1283	J_6_80	3704	4	-189/2	B2c_31_27*target_b*Hfact_0_27^2	-4900896	A3c_76_22
1284	J_7_79	4682	4	-108	B2c_31_26*target_b*Hfact_0_27^2	-7701408	A3c_76_22
1285	J_8_78	5906	4	-243/2	B2c_47_13*target_b*Hfact_0_27^2	-9626760	A3c_76_22
1286	J_9_77	6828	4	-226	B2c_47_13*target_b*Hfact_0_31*Hfact_1_22	-9626760	A3c_76_22
1287	J_10_76	7420	4	-209/2	B2c_47_13*target_b*Hfact_1_26^2	-7701408	A3c_76_22
1288	J_11_75	7971	4	-192	B2c_47_13*target_b*Hfact_1_30*Hfact_2_21	-4900896	A3c_76_22
1289	J_12_74	8214	4	-175/2	B2c_47_13*target_b*Hfact_2_25^2	-2450448	A3c_76_22
1290	J_13_73	8199	4	-158	B2c_47_13*target_b*Hfact_2_29*Hfact_3_20	-942480	A3c_76_22
1291	J_14_72	7906	4	-141/2	B2c_47_13*target_b*Hfact_3_24^2	1447264	A3c_96_1
1292	J_15_71	7014	4	-124	B2c_47_13*target_b*Hfact_3_28*Hfact_4_19	11475072	A3c_96_1
1293	J_16_70	6062	4	-107/2	B2c_47_13*target_b*Hfact_4_23^2	39699072	A3c_96_1
1294	J_17_69	4898	4	-90	B2c_47_13*target_b*Hfact_4_27*Hfact_5_18	78161664	A3c_96_1
1295	J_18_68	3809	4	-73/2	B2c_47_13*target_b*Hfact_5_22^2	95538240	A3c_96_1
1296	J_19_67	2817	4	-56	B2c_47_13*target_b*Hfact_5_26*Hfact_6_17	73833984	A3c_96_1
1297	J_20_66	1978	4	-39/2	B2c_47_13*target_b*Hfact_6_21^2	34753152	A3c_96_1
1298	J_21_65	1151	4	-22	B2c_47_13*target_b*Hfact_6_22*Hfact_7_19	8692992	A3c_96_1
1299	J_22_64	623	4	-5/2	B2c_47_13*target_b*Hfact_7_20^2	622944	A3c_96_1
1300	J_23_63	37	3	84	B2c_60_3^2*Hfact_7_19	-377984	A3c_96_1
1301	J_0_87	195	4	-14	B2c_32_32*target_b*Hfact_0_28^2	-414	A3c_75_23
1302	J_1_86	426	4	-55	B2c_31_32*target_b*Hfact_0_27*Hfact_0_28	-7038	A3c_75_23
1303	J_2_85	753	4	-165/2	B2c_31_31*target_b*Hfact_0_27*Hfact_0_28	-56304	A3c_75_23
1304	J_3_84	1186	4	-110	B2c_31_30*target_b*Hfact_0_27*Hfact_0_28	-281520	A3c_75_23
1305	J_4_83	1715	4	-275/2	B2c_31_29*target_b*Hfact_0_27*Hfact_0_28	-985320	A3c_75_23
1306	J_5_82	2350	4	-165	B2c_31_28*target_b*Hfact_0_27*Hfact_0_28	-2561832	A3c_75_23
1307	J_6_81	3097	4	-385/2	B2c_31_27*target_b*Hfact_0_27*Hfact_0_28	-5123664	A3c_75_23
1308	J_7_80	4035	4	-220	B2c_31_26*target_b*Hfact_0_27*Hfact_0_28	-8051472	A3c_75_23
1309	J_8_79	5009	4	-495/2	B2c_47_13*target_b*Hfact_0_27*Hfact_0_28	-10064340	A3c_75_23
1310	J_9_78	5839	4	-461/2	B2c_47_13*target_b*Hfact_0_31*Hfact_1_23	-10064340	A3c_75_23
1311	J_10_77	6470	4	-427/2	B2c_47_13*target_b*Hfact_1_26*Hfact_1_27	-8051472	A3c_75_23
1312	J_11_76	6911	4	-393/2	B2c_47_13*target_b*Hfact_1_30*Hfact_2_22	-5123664	A3c_75_23
1313	J_12_75	7139	4	-359/2	B2c_47_13*target_b*Hfact_2_25*Hfact_2_26	-2561832	A3c_75_23
1314	J_13_74	7176	4	-325/2	B2c_47_13*target_b*Hfact_2_29*Hfact_3_21	-985320	A3c_75_23
1315	J_14_73	6997	4	-291/2	B2c_47_13*target_b*Hfact_3_24*Hfact_3_25	-281520	A3c_75_23
1316	J_15_72	6457	4	-257/2	B2c_47_13*target_b*Hfact_3_28*Hfact_4_20	-56304	A3c_75_23
1317	J_16_71	5537	4	-223/2	B2c_47_13*target_b*Hfact_4_23*Hfact_4_24	-7038	A3c_75_23
1318	J_17_70	4527	4	-189/2	B2c_47_13*target_b*Hfact_4_27*Hfact_5_19	-414	A3c_75_23
1319	J_18_69	3557	4	-155/2	B2c_47_13*target_b*Hfact_5_22*Hfact_5_23	-348	A3c_75_22
1320	J_19_68	2694	4	-121/2	B2c_47_13*target_b*Hfact_5_26*Hfact_6_18	-282	A3c_75_21
1321	J_20_67	1926	4	-87/2	B2c_47_13*target_b*Hfact_6_21*Hfact_6_22	-216	A3c_75_20
1322	J_21_66	1265	4	-53/2	B2c_47_13*target_b*Hfact_6_23*Hfact_7_19	-150	A3c_75_19
1323	J_22_65	699	4	-19/2	B2c_47_13*target_b*Hfact_7_20*Hfact_7_21	-84	A3c_75_18
1324	J_23_64	137	4	9/2	B2c_60_3*target_b*Hfact_7_19*Hfact_8_22	-18	A3c_75_17
1325	J_0_88	155	4	-57/2	B2c_32_32*target_b*Hfact_0_28*Hfact_0_29	-432	A3c_74_24
1326	J_1_87	344	4	-28	B2c_31_32*target_b*Hfact_0_28^2	-7344	A3c_74_24
1327	J_2_86	584	4	-42	B2c_31_31*target_b*Hfact_0_28^2	-58752	A3c_74_24
1328	J_3_85	969	4	-56	B2c_31_30*target_b*Hfact_0_28^2	-293760	A3c_74_24
1329	J_4_84	1405	4	-70	B2c_31_29*target_b*Hfact_0_28^2	-1028160	A3c_74_24
1330	J_5_83	1886	4	-84	B2c_31_28*target_b*Hfact_0_28^2	-2673216	A3c_74_24
1331	J_6_82	2549	4	-98	B2c_31_27*target_b*Hfact_0_28^2	-5346432	A3c_74_24
1332	J_7_81	3336	4	-112	B2c_31_26*target_b*Hfact_0_28^2	-8401536	A3c_74_24
1333	J_8_80	4110	4	-126	B2c_47_13*target_b*Hfact_0_28^2	-10501920	A3c_74_24
1334	J_9_79	4862	4	-235	B2c_47_13*target_b*Hfact_0_31*Hfact_1_24	-10501920	A3c_74_24
1335	J_10_78	5461	4	-109	B2c_47_13*target_b*Hfact_1_27^2	-8401536	A3c_74_24
1336	J_11_77	5770	4	-201	B2c_47_13*target_b*Hfact_1_30*Hfact_2_23	-5346432	A3c_74_24
1337	J_12_76	6087	4	-92	B2c_47_13*target_b*Hfact_2_26^2	-2673216	A3c_74_24
1338	J_13_75	6150	4	-167	B2c_47_13*target_b*Hfact_2_29*Hfact_3_22	-1028160	A3c_74_24
1339	J_14_74	5946	4	-75	B2c_47_13*target_b*Hfact_3_25^2	-293760	A3c_74_24
1340	J_15_73	5681	4	-133	B2c_47_13*target_b*Hfact_3_28*Hfact_4_21	-58752	A3c_74_24
1341	J_16_72	4946	4	-58	B2c_47_13*target_b*Hfact_4_24^2	-7344	A3c_74_24
1342	J_17_71	3970	4	-99	B2c_47_13*target_b*Hfact_4_27*Hfact_5_20	-432	A3c_74_24
1343	J_18_70	3245	4	-41	B2c_47_13*target_b*Hfact_5_23^2	-366	A3c_74_23
1344	J_19_69	2458	4	-65	B2c_47_13*target_b*Hfact_5_26*Hfact_6_19	-300	A3c_74_22
1345	J_20_68	1776	4	-24	B2c_47_13*target_b*Hfact_6_22^2	-234	A3c_74_21
1346	J_21_67	1242	4	-31	B2c_47_13*target_b*Hfact_6_24*Hfact_7_19	-168	A3c_74_20
1347	J_22_66	743	4	-7	B2c_47_13*target_b*Hfact_7_21^2	-102	A3c_74_19
1348	J_23_65	216	4	3	B2c_47_13*target_b*Hfact_7_19*Hfact_8_22	-36	A3c_74_18
1349	J_0_89	122	4	-29/2	B2c_32_32*target_b*Hfact_0_29^2	-450	A3c_73_25
1350	J_1_88	272	4	-57	B2c_31_32*target_b*Hfact_0_28*Hfact_0_29	-7650	A3c_73_25
1351	J_2_87	488	4	-171/2	B2c_31_31*target_b*Hfact_0_28*Hfact_0_29	-61200	A3c_73_25
1352	J_3_86	777	4	-114	B2c_31_30*target_b*Hfact_0_28*Hfact_0_29	-306000	A3c_73_25
1353	J_4_85	1132	4	-285/2	B2c_31_29*target_b*Hfact_0_28*Hfact_0_29	-1071000	A3c_73_25
1354	J_5_84	1560	4	-171	B2c_31_28*target_b*Hfact_0_28*Hfact_0_29	-2784600	A3c_73_25
1355	J_6_83	2052	4	-399/2	B2c_31_27*target_b*Hfact_0_28*Hfact_0_29	129360	A3c_97_0
1356	J_7_82	2704	4	-228	B2c_31_26*target_b*Hfact_0_28*Hfact_0_29	2202480	A3c_97_0
1357	J_8_81	3405	4	-513/2	B2c_47_13*target_b*Hfact_0_28*Hfact_0_29	17650080	A3c_97_0
1358	J_9_80	4024	4	-479/2	B2c_47_13*target_b*Hfact_0_31*Hfact_1_25	88421760	A3c_97_0
1359	J_10_79	4508	4	-445/2	B2c_47_13*target_b*Hfact_1_27*Hfact_1_28	310161600	A3c_97_0
1360	J_11_78	4864	4	-411/2	B2c_47_13*target_b*Hfact_1_30*Hfact_2_24	808476480	A3c_97_0
1361	J_12_77	4978	4	-377/2	B2c_47_13*target_b*Hfact_2_26*Hfact_2_27	1621751040	A3c_97_0
1362	J_13_76	5122	4	-343/2	B2c_47_13*target_b*Hfact_2_29*Hfact_3_23	2557376640	A3c_97_0
1363	J_14_75	5078	4	-309/2	B2c_47_13*target_b*Hfact_3_25*Hfact_3_26	3210086880	A3c_97_0
1364	J_15_74	4851	4	-275/2	B2c_47_13*target_b*Hfact_3_28*Hfact_4_22	3227272296	A3c_97_0
1365	J_16_73	4279	4	-241/2	B2c_47_13*target_b*Hfact_4_24*Hfact_4_25	2604266352	A3c_97_0
1366	J_17_72	3563	4	-207/2	B2c_47_13*target_b*Hfact_4_27*Hfact_5_21	1690068960	A3c_97_0
1367	J_18_71	2852	4	-173/2	B2c_47_13*target_b*Hfact_5_23*Hfact_5_24	889576128	A3c_97_0
1368	J_19_70	2217	4	-139/2	B2c_47_13*target_b*Hfact_5_26*Hfact_6_20	388032624	A3c_97_0
1369	J_20_69	1628	4	-105/2	B2c_47_13*target_b*Hfact_6_22*Hfact_6_23	143420256	A3c_97_0
1370	J_21_68	1149	4	-71/2	B2c_47_13*target_b*Hfact_6_25*Hfact_7_19	43579872	A3c_97_0
1371	J_22_67	716	4	-37/2	B2c_47_13*target_b*Hfact_7_21*Hfact_7_22	9412560	A3c_97_0
1372	J_23_66	353	4	-3/2	B2c_47_13*target_b*Hfact_7_20*Hfact_8_22	1025208	A3c_97_0
1373	J_24_65	8	2	189/2	B2c_60_3^2	-6000	A3c_97_0
1374	J_0_90	91	4	-59/2	B2c_32_32*target_b*Hfact_0_29*Hfact_0_30	-468	A3c_72_26
1375	J_1_89	208	4	-29	B2c_31_32*target_b*Hfact_0_29^2	-7956	A3c_72_26
1376	J_2_88	376	4	-87/2	B2c_31_31*target_b*Hfact_0_29^2	-63648	A3c_72_26
1377	J_3_87	605	4	-58	B2c_31_30*target_b*Hfact_0_29^2	-318240	A3c_72_26
1378	J_4_86	885	4	-145/2	B2c_31_29*target_b*Hfact_0_29^2	-1113840	A3c_72_26
1379	J_5_85	1226	4	-87	B2c_31_28*target_b*Hfact_0_29^2	-2895984	A3c_72_26
1380	J_6_84	1627	4	-203/2	B2c_31_27*target_b*Hfact_0_29^2	-12936	A3c_96_1
1381	J_7_83	2144	4	-116	B2c_31_26*target_b*Hfact_0_29^2	-219744	A3c_96_1
1382	J_8_82	2725	4	-261/2	B2c_47_13*target_b*Hfact_0_29^2	-1756440	A3c_96_1
1383	J_9_81	3247	4	-244	B2c_47_13*target_b*Hfact_0_31*Hfact_1_26	-8773632	A3c_96_1
1384	J_10_80	3665	4	-227/2	B2c_47_13*target_b*Hfact_1_28^2	-30673440	A3c_96_1
1385	J_11_79	3978	4	-210	B2c_47_13*target_b*Hfact_1_30*Hfact_2_25	-79648128	A3c_96_1
1386	J_12_78	4173	4	-193/2	B2c_47_13*target_b*Hfact_2_27^2	-159056352	A3c_96_1
1387	J_13_77	4262	4	-176	B2c_47_13*target_b*Hfact_2_29*Hfact_3_24	-249500160	A3c_96_1
1388	J_14_76	4233	4	-159/2	B2c_47_13*target_b*Hfact_3_26^2	-311206896	A3c_96_1
1389	J_15_75	4095	4	-142	B2c_47_13*target_b*Hfact_3_28*Hfact_4_23	-310920672	A3c_96_1
1390	J_16_74	3677	4	-125/2	B2c_47_13*target_b*Hfact_4_25^2	-251703360	A3c_96_1
1391	J_17_73	3091	4	-108	B2c_47_13*target_b*Hfact_4_27*Hfact_5_22	-171392256	A3c_96_1
1392	J_18_72	2498	4	-91/2	B2c_47_13*target_b*Hfact_5_24^2	-106656480	A3c_96_1
1393	J_19_71	1962	4	-74	B2c_47_13*target_b*Hfact_5_26*Hfact_6_21	-64838592	A3c_96_1
1394	J_20_70	1481	4	-57/2	B2c_47_13*target_b*Hfact_6_23^2	-35546112	A3c_96_1
1395	J_21_69	1057	4	-40	B2c_47_13*target_b*Hfact_6_25*Hfact_7_20	-14450688	A3c_96_1
1396	J_22_68	649	4	-23/2	B2c_47_13*target_b*Hfact_7_22^2	-3416328	A3c_96_1
1397	J_23_67	376	4	-6	B2c_47_13*target_b*Hfact_7_21*Hfact_8_22	-247680	A3c_96_1
1398	J_24_66	37	3	-9/2	B2c_60_3^2*Hfact_7_19	66360	A3c_96_1
1399	J_0_91	67	4	-15	B2c_32_32*target_b*Hfact_0_30^2	-486	A3c_71_27
1400	J_1_90	154	4	-59	B2c_31_32*target_b*Hfact_0_29*Hfact_0_30	-8262	A3c_71_27
1401	J_2_89	265	4	-177/2	B2c_31_31*target_b*Hfact_0_29*Hfact_0_30	-66096	A3c_71_27
1402	J_3_88	458	4	-118	B2c_31_30*target_b*Hfact_0_29*Hfact_0_30	-330480	A3c_71_27
1403	J_4_87	675	4	-295/2	B2c_31_29*target_b*Hfact_0_29*Hfact_0_30	-1156680	A3c_71_27
1404	J_5_86	907	4	-177	B2c_31_28*target_b*Hfact_0_29*Hfact_0_30	-3007368	A3c_71_27
1405	J_6_85	1243	4	-413/2	B2c_31_27*target_b*Hfact_0_29*Hfact_0_30	-6014736	A3c_71_27
1406	J_7_84	1640	4	-236	B2c_31_26*target_b*Hfact_0_29*Hfact_0_30	-9451728	A3c_71_27
1407	J_8_83	2064	4	-531/2	B2c_47_13*target_b*Hfact_0_29*Hfact_0_30	-11814660	A3c_71_27
1408	J_9_82	2540	4	-497/2	B2c_47_13*target_b*Hfact_0_31*Hfact_1_27	-11814660	A3c_71_27
1409	J_10_81	2894	4	-463/2	B2c_47_13*target_b*Hfact_1_28*Hfact_1_29	-9451728	A3c_71_27
1410	J_11_80	3098	4	-429/2	B2c_47_13*target_b*Hfact_1_30*Hfact_2_26	-6014736	A3c_71_27
1411	J_12_79	3344	4	-395/2	B2c_47_13*target_b*Hfact_2_27*Hfact_2_28	-3007368	A3c_71_27
1412	J_13_78	3439	4	-361/2	B2c_47_13*target_b*Hfact_2_29*Hfact_3_25	-1156680	A3c_71_27
1413	J_14_77	3376	4	-327/2	B2c_47_13*target_b*Hfact_3_26*Hfact_3_27	-330480	A3c_71_27
1414	J_15_76	3386	4	-293/2	B2c_47_13*target_b*Hfact_3_28*Hfact_4_24	-66096	A3c_71_27
1415	J_16_75	3116	4	-259/2	B2c_47_13*target_b*Hfact_4_25*Hfact_4_26	-8262	A3c_71_27
1416	J_17_74	2605	4	-225/2	B2c_47_13*target_b*Hfact_4_27*Hfact_5_23	-486	A3c_71_27
1417	J_18_73	2171	4	-191/2	B2c_47_13*target_b*Hfact_5_24*Hfact_5_25	-420	A3c_71_26
1418	J_19_72	1729	4	-157/2	B2c_47_13*target_b*Hfact_5_26*Hfact_6_22	-354	A3c_71_25
1419	J_20_71	1289	4	-123/2	B2c_47_13*target_b*Hfact_6_23*Hfact_6_24	-288	A3c_71_24
1420	J_21_70	975	4	-89/2	B2c_47_13*target_b*Hfact_6_25*Hfact_7_21	-222	A3c_71_23
1421	J_22_69	663	4	-55/2	B2c_47_13*target_b*Hfact_7_22*Hfact_7_23	-156	A3c_71_22
1422	J_23_68	332	4	-21/2	B2c_47_13*target_b*Hfact_7_22*Hfact_8_22	-90	A3c_71_21
1423	J_24_67	102	4	3	B2c_60_3*target_b*Hfact_8_22^2	-24	A3c_71_20
1424	J_0_92	45	4	-61/2	B2c_32_32*target_b*Hfact_0_30*Hfact_0_31	-504	A3c_70_28
1425	J_1_91	108	4	-30	B2c_31_32*target_b*Hfact_0_30^2	-8568	A3c_70_28
1426	J_2_90	201	4	-45	B2c_31_31*target_b*Hfact_0_30^2	-68544	A3c_70_28
1427	J_3_89	331	4	-60	B2c_31_30*target_b*Hfact_0_30^2	-342720	A3c_70_28
1428	J_4_88	491	4	-75	B2c_31_29*target_b*Hfact_0_30^2	-1199520	A3c_70_28
1429	J_5_87	688	4	-90	B2c_31_28*target_b*Hfact_0_30^2	-3118752	A3c_70_28
1430	J_6_86	915	4	-105	B2c_31_27*target_b*Hfact_0_30^2	-6237504	A3c_70_28
1431	J_7_85	1209	4	-120	B2c_31_26*target_b*Hfact_0_30^2	-9801792	A3c_70_28
1432	J_8_84	1572	4	-135	B2c_47_13*target_b*Hfact_0_30^2	-12252240	A3c_70_28
1433	J_9_83	1909	4	-253	B2c_47_13*target_b*Hfact_0_31*Hfact_1_28	-12252240	A3c_70_28
1434	J_10_82	2199	4	-118	B2c_47_13*target_b*Hfact_1_29^2	-9801792	A3c_70_28
1435	J_11_81	2417	4	-219	B2c_47_13*target_b*Hfact_1_30*Hfact_2_27	-6237504	A3c_70_28
1436	J_12_80	2574	4	-101	B2c_47_13*target_b*Hfact_2_28^2	-3118752	A3c_70_28
1437	J_13_79	2658	4	-185	B2c_47_13*target_b*Hfact_2_29*Hfact_3_26	-1199520	A3c_70_28
1438	J_14_78	2681	4	-84	B2c_47_13*target_b*Hfact_3_27^2	-342720	A3c_70_28
1439	J_15_77	2650	4	-151	B2c_47_13*target_b*Hfact_3_28*Hfact_4_25	-68544	A3c_70_28
1440	J_16_76	2496	4	-67	B2c_47_13*target_b*Hfact_4_26^2	-8568	A3c_70_28
1441	J_17_75	2161	4	-117	B2c_47_13*target_b*Hfact_4_27*Hfact_5_24	-504	A3c_70_28
1442	J_18_74	1785	4	-50	B2c_47_13*target_b*Hfact_5_25^2	-438	A3c_70_27
1443	J_19_73	1431	4	-83	B2c_47_13*target_b*Hfact_5_26*Hfact_6_23	-372	A3c_70_26
1444	J_20_72	1120	4	-33	B2c_47_13*target_b*Hfact_6_24^2	-306	A3c_70_25
1445	J_21_71	833	4	-49	B2c_47_13*target_b*Hfact_6_25*Hfact_7_22	-240	A3c_70_24
1446	J_22_70	589	4	-16	B2c_47_13*target_b*Hfact_7_23^2	-174	A3c_70_23
1447	J_23_69	369	4	-15	B2c_47_13*target_b*Hfact_7_23*Hfact_8_22	-108	A3c_70_22
1448	J_24_68	163	4	1	B2c_47_13*target_b*Hfact_8_22^2	-42	A3c_70_21
1449	J_0_93	30	4	-31/2	B2c_32_32*target_b*Hfact_0_31^2	-522	A3c_69_29
1450	J_1_92	72	4	-61	B2c_31_32*target_b*Hfact_0_30*Hfact_0_31	-8874	A3c_69_29
1451	J_2_91	138	4	-183/2	B2c_31_31*target_b*Hfact_0_30*Hfact_0_31	-70992	A3c_69_29
1452	J_3_90	229	4	-122	B2c_31_30*target_b*Hfact_0_30*Hfact_0_31	-354960	A3c_69_29
1453	J_4_89	344	4	-305/2	B2c_31_29*target_b*Hfact_0_30*Hfact_0_31	-1242360	A3c_69_29
1454	J_5_88	484	4	-183	B2c_31_28*target_b*Hfact_0_30*Hfact_0_31	-3230136	A3c_69_29
1455	J_6_87	648	4	-427/2	B2c_31_27*target_b*Hfact_0_30*Hfact_0_31	-6460272	A3c_69_29
1456	J_7_86	856	4	-244	B2c_31_26*target_b*Hfact_0_30*Hfact_0_31	-63360	A3c_97_0
1457	J_8_85	1120	4	-549/2	B2c_47_13*target_b*Hfact_0_30*Hfact_0_31	-1077840	A3c_97_0
1458	J_9_84	1373	4	-515/2	B2c_47_13*target_b*Hfact_0_31*Hfact_1_29	-8629200	A3c_97_0
1459	J_10_83	1595	4	-481/2	B2c_47_13*target_b*Hfact_1_29*Hfact_1_30	-43182720	A3c_97_0
1460	J_11_82	1765	4	-447/2	B2c_47_13*target_b*Hfact_1_30*Hfact_2_28	-151286400	A3c_97_0
1461	J_12_81	1890	4	-413/2	B2c_47_13*target_b*Hfact_2_28*Hfact_2_29	-393785280	A3c_97_0
1462	J_13_80	1962	4	-379/2	B2c_47_13*target_b*Hfact_2_29*Hfact_3_27	-788598720	A3c_97_0
1463	J_14_79	1989	4	-345/2	B2c_47_13*target_b*Hfact_3_27*Hfact_3_28	-1241136000	A3c_97_0
1464	J_15_78	1984	4	-311/2	B2c_47_13*target_b*Hfact_3_28*Hfact_4_26	-1554284160	A3c_97_0
1465	J_16_77	1910	4	-277/2	B2c_47_13*target_b*Hfact_4_26*Hfact_4_27	-1557883584	A3c_97_0
1466	J_17_76	1684	4	-243/2	B2c_47_13*target_b*Hfact_4_27*Hfact_5_25	-1250517744	A3c_97_0
1467	J_18_75	1368	4	-209/2	B2c_47_13*target_b*Hfact_5_25*Hfact_5_26	-800903808	A3c_97_0
1468	J_19_74	1137	4	-175/2	B2c_47_13*target_b*Hfact_5_26*Hfact_6_24	-406486080	A3c_97_0
1469	J_20_73	901	4	-141/2	B2c_47_13*target_b*Hfact_6_24*Hfact_6_25	-162110592	A3c_97_0
1470	J_21_72	685	4	-107/2	B2c_47_13*target_b*Hfact_6_25*Hfact_7_23	-50259744	A3c_97_0
1471	J_22_71	498	4	-73/2	B2c_47_13*target_b*Hfact_7_23*Hfact_7_24	-11816064	A3c_97_0
1472	J_23_70	331	4	-39/2	B2c_47_13*target_b*Hfact_7_24*Hfact_8_22	-1937088	A3c_97_0
1473	J_24_69	193	4	-5/2	B2c_47_13*target_b*Hfact_8_22*Hfact_8_23	-166320	A3c_97_0
1474	J_25_68	8	2	-9/2	B2c_60_3^2	288	A3c_97_0
1475	J_0_94	17	3	-63/2	B2c_32_32*target_b*Hfact_0_30	-540	A3c_68_30
1476	J_1_93	44	4	-31	B2c_31_32*target_b*Hfact_0_31^2	-9180	A3c_68_30
1477	J_2_92	80	4	-93/2	B2c_31_31*target_b*Hfact_0_31^2	-73440	A3c_68_30
1478	J_3_91	147	4	-62	B2c_31_30*target_b*Hfact_0_31^2	-367200	A3c_68_30
1479	J_4_90	223	4	-155/2	B2c_31_29*target_b*Hfact_0_31^2	-1285200	A3c_68_30
1480	J_5_89	308	4	-93	B2c_31_28*target_b*Hfact_0_31^2	-3341520	A3c_68_30
1481	J_6_88	428	4	-217/2	B2c_31_27*target_b*Hfact_0_31^2	-6683040	A3c_68_30
1482	J_7_87	572	4	-124	B2c_31_26*target_b*Hfact_0_31^2	25344	A3c_96_1
1483	J_8_86	739	4	-279/2	B2c_47_13*target_b*Hfact_0_31^2	430272	A3c_96_1
1484	J_9_85	929	4	-262	B2c_47_13*target_b*Hfact_0_31*Hfact_1_30	3436992	A3c_96_1
1485	J_10_84	1093	4	-245/2	B2c_47_13*target_b*Hfact_1_30^2	17155584	A3c_96_1
1486	J_11_83	1198	4	-228	B2c_47_13*target_b*Hfact_1_30*Hfact_2_29	59927040	A3c_96_1
1487	J_12_82	1313	4	-211/2	B2c_47_13*target_b*Hfact_2_29^2	155457792	A3c_96_1
1488	J_13_81	1368	4	-194	B2c_47_13*target_b*Hfact_2_29*Hfact_3_28	310093056	A3c_96_1
1489	J_14_80	1381	4	-177/2	B2c_47_13*target_b*Hfact_3_28^2	485761536	A3c_96_1
1490	J_15_79	1366	4	-160	B2c_47_13*target_b*Hfact_3_28*Hfact_4_27	604910592	A3c_96_1
1491	J_16_78	1350	4	-143/2	B2c_47_13*target_b*Hfact_4_27^2	602206176	A3c_96_1
1492	J_17_77	1204	4	-126	B2c_47_13*target_b*Hfact_4_27*Hfact_5_26	479649600	A3c_96_1
1493	J_18_76	1023	4	-109/2	B2c_47_13*target_b*Hfact_5_26^2	305092224	A3c_96_1
1494	J_19_75	831	4	-92	B2c_47_13*target_b*Hfact_5_26*Hfact_6_25	154893312	A3c_96_1
1495	J_20_74	658	4	-75/2	B2c_47_13*target_b*Hfact_6_25^2	63104832	A3c_96_1
1496	J_21_73	508	4	-58	B2c_47_13*target_b*Hfact_6_25*Hfact_7_24	20774016	A3c_96_1
1497	J_22_72	377	4	-41/2	B2c_47_13*target_b*Hfact_7_24^2	5369472	A3c_96_1
1498	J_23_71	244	4	-24	B2c_47_13*target_b*Hfact_7_24*Hfact_8_23	933120	A3c_96_1
1499	J_24_70	156	4	-7/2	B2c_47_13*target_b*Hfact_8_23^2	57888	A3c_96_1
1500	J_25_69	29	3	-9	B2c_60_3^2*Hfact_8_22	-7296	A3c_96_1
1501	J_0_95	9	3	-32	B2c_32_32*target_b*Hfact_0_31	-558	A3c_67_31
1502	J_1_94	24	3	-63	B2c_31_32*target_b*Hfact_0_30	-9486	A3c_67_31
1503	J_2_93	49	3	-135	B2c_31_32*B2c_32_32*Hfact_0_30	-75888	A3c_67_31
1504	J_3_92	86	3	-87	B2c_31_32^2*Hfact_0_29	-379440	A3c_67_31
1505	J_4_91	133	3	-435/2	B2c_31_31*B2c_31_32*Hfact_0_29	-1328040	A3c_67_31
1506	J_5_90	192	3	-261/2	B2c_31_31^2*Hfact_0_29	-3452904	A3c_67_31
1507	J_6_89	261	3	-609/2	B2c_31_30*B2c_31_31*Hfact_0_29	-6905808	A3c_67_31
1508	J_7_88	348	3	-174	B2c_31_30^2*Hfact_0_29	-10851984	A3c_67_31
1509	J_8_87	463	3	-783/2	B2c_31_29*B2c_31_30*Hfact_0_29	-13564980	A3c_67_31
1510	J_9_86	585	3	-435/2	B2c_31_29^2*Hfact_0_29	-13564980	A3c_67_31
1511	J_10_85	699	3	-957/2	B2c_31_28*B2c_31_29*Hfact_0_29	-10851984	A3c_67_31
1512	J_11_84	793	3	-261	B2c_31_28^2*Hfact_0_29	-6905808	A3c_67_31
1513	J_12_83	864	3	-1131/2	B2c_31_27*B2c_31_28*Hfact_0_29	-3452904	A3c_67_31
1514	J_13_82	914	3	-609/2	B2c_31_27^2*Hfact_0_29	-1328040	A3c_67_31
1515	J_14_81	941	3	-1305/2	B2c_31_26*B2c_31_27*Hfact_0_29	-379440	A3c_67_31
1516	J_15_80	947	3	-348	B2c_31_26^2*Hfact_0_29	-75888	A3c_67_31
1517	J_16_79	942	3	-1479/2	B2c_31_26*B2c_47_13*Hfact_0_29	-9486	A3c_67_31
1518	J_17_78	884	3	-783/2	B2c_47_13^2*Hfact_0_29	-558	A3c_67_31
1519	J_18_77	755	3	-681/2	B2c_47_13^2*Hfact_1_28	-492	A3c_67_30
1520	J_19_76	626	3	-579/2	B2c_47_13^2*Hfact_2_27	-426	A3c_67_29
1521	J_20_75	507	3	-477/2	B2c_47_13^2*Hfact_3_26	-360	A3c_67_28
1522	J_21_74	399	3	-375/2	B2c_47_13^2*Hfact_4_25	-294	A3c_67_27
1523	J_22_73	302	3	-273/2	B2c_47_13^2*Hfact_5_24	-228	A3c_67_26
1524	J_23_72	216	3	-171/2	B2c_47_13^2*Hfact_6_23	-162	A3c_67_25
1525	J_24_71	141	3	-69/2	B2c_47_13^2*Hfact_7_22	-96	A3c_67_24
1526	J_25_70	67	3	6	B2c_47_13*B2c_60_3*Hfact_8_22	-30	A3c_67_23
1527	J_0_96	5	2	-99/2	B2c_32_32*B2c_33_32	-576	A3c_66_32
1528	J_1_95	12	3	-64	B2c_31_32*target_b*Hfact_0_31	-9792	A3c_66_32
1529	J_2_94	25	3	-279/2	B2c_31_32*B2c_32_32*Hfact_0_31	-78336	A3c_66_32
1530	J_3_93	45	3	-90	B2c_31_32^2*Hfact_0_30	-391680	A3c_66_32
1531	J_4_92	71	3	-225	B2c_31_31*B2c_31_32*Hfact_0_30	-1370880	A3c_66_32
1532	J_5_91	104	3	-135	B2c_31_31^2*Hfact_0_30	-3564288	A3c_66_32
1533	J_6_90	143	3	-315	B2c_31_30*B2c_31_31*Hfact_0_30	-7128576	A3c_66_32
1534	J_7_89	189	3	-180	B2c_31_30^2*Hfact_0_30	-11202048	A3c_66_32
1535	J_8_88	253	3	-405	B2c_31_29*B2c_31_30*Hfact_0_30	-14002560	A3c_66_32
1536	J_9_87	328	3	-225	B2c_31_29^2*Hfact_0_30	-14002560	A3c_66_32
1537	J_10_86	403	3	-495	B2c_31_28*B2c_31_29*Hfact_0_30	-11202048	A3c_66_32
1538	J_11_85	467	3	-270	B2c_31_28^2*Hfact_0_30	-7128576	A3c_66_32
1539	J_12_84	517	3	-585	B2c_31_27*B2c_31_28*Hfact_0_30	-3564288	A3c_66_32
1540	J_13_83	546	3	-315	B2c_31_27^2*Hfact_0_30	-1370880	A3c_66_32
1541	J_14_82	579	3	-675	B2c_31_26*B2c_31_27*Hfact_0_30	-391680	A3c_66_32
1542	J_15_81	591	3	-360	B2c_31_26^2*Hfact_0_30	-78336	A3c_66_32
1543	J_16_80	613	3	-765	B2c_31_26*B2c_47_13*Hfact_0_30	-9792	A3c_66_32
1544	J_17_79	593	3	-405	B2c_47_13^2*Hfact_0_30	-576	A3c_66_32
1545	J_18_78	521	3	-354	B2c_47_13^2*Hfact_1_29	-510	A3c_66_31
1546	J_19_77	439	3	-303	B2c_47_13^2*Hfact_2_28	-444	A3c_66_30
1547	J_20_76	362	3	-252	B2c_47_13^2*Hfact_3_27	-378	A3c_66_29
1548	J_21_75	292	3	-201	B2c_47_13^2*Hfact_4_26	-312	A3c_66_28
1549	J_22_74	228	3	-150	B2c_47_13^2*Hfact_5_25	-246	A3c_66_27
1550	J_23_73	171	3	-99	B2c_47_13^2*Hfact_6_24	-180	A3c_66_26
1551	J_24_72	120	3	-48	B2c_47_13^2*Hfact_7_23	-114	A3c_66_25
1552	J_25_71	76	3	3	B2c_47_13^2*Hfact_8_22	-48	A3c_66_24
1553	J_0_97	2	2	-33/2	B2c_32_32*target_b	66	A3c_65_32
1554	J_1_96	6	2	-99/2	B2c_32_32^2	594	A3c_65_32
1555	J_2_95	8	2	-297/2	B2c_32_31*B2c_32_32	1782	A3c_65_31
1556	J_3_94	22	3	-93	B2c_31_32^2*Hfact_0_31	-26928	A3c_65_32
1557	J_4_93	34	3	-465/2	B2c_31_31*B2c_31_32*Hfact_0_31	-201960	A3c_65_32
1558	J_5_92	43	3	-279/2	B2c_31_31^2*Hfact_0_31	-848232	A3c_65_32
1559	J_6_91	68	3	-651/2	B2c_31_30*B2c_31_31*Hfact_0_31	-2450448	A3c_65_32
1560	J_7_90	90	3	-186	B2c_31_30^2*Hfact_0_31	-5250960	A3c_65_32
1561	J_8_89	111	3	-837/2	B2c_31_29*B2c_31_30*Hfact_0_31	12474	A3c_97_0
1562	J_9_88	150	3	-465/2	B2c_31_29^2*Hfact_0_31	212058	A3c_97_0
1563	J_10_87	181	3	-1023/2	B2c_31_28*B2c_31_29*Hfact_0_31	1696464	A3c_97_0
1564	J_11_86	195	3	-279	B2c_31_28^2*Hfact_0_31	8482320	A3c_97_0
1565	J_12_85	228	3	-1209/2	B2c_31_27*B2c_31_28*Hfact_0_31	29688120	A3c_97_0
1566	J_13_84	243	3	-651/2	B2c_31_27^2*Hfact_0_31	77189112	A3c_97_0
1567	J_14_83	231	3	-1395/2	B2c_31_26*B2c_31_27*Hfact_0_31	154378224	A3c_97_0
1568	J_15_82	254	3	-372	B2c_31_26^2*Hfact_0_31	242594352	A3c_97_0
1569	J_16_81	250	3	-1581/2	B2c_31_26*B2c_47_13*Hfact_0_31	303242940	A3c_97_0
1570	J_17_80	231	3	-837/2	B2c_47_13^2*Hfact_0_31	303242940	A3c_97_0
1571	J_18_79	221	3	-735/2	B2c_47_13^2*Hfact_1_30	242594352	A3c_97_0
1572	J_19_78	186	3	-633/2	B2c_47_13^2*Hfact_2_29	154378224	A3c_97_0
1573	J_20_77	139	3	-531/2	B2c_47_13^2*Hfact_3_28	77189112	A3c_97_0
1574	J_21_76	123	3	-429/2	B2c_47_13^2*Hfact_4_27	29688120	A3c_97_0
1575	J_22_75	96	3	-327/2	B2c_47_13^2*Hfact_5_26	8482320	A3c_97_0
1576	J_23_74	61	3	-225/2	B2c_47_13^2*Hfact_6_25	1696464	A3c_97_0
1577	J_24_73	51	3	-123/2	B2c_47_13^2*Hfact_7_24	212058	A3c_97_0
1578	J_25_72	33	3	-21/2	B2c_47_13^2*Hfact_8_23	12474	A3c_97_0
1579	J_1_97	2	2	-33	B2c_31_32*target_b	132	A3c_64_32
1580	J_2_96	5	2	-297/2	B2c_31_32*B2c_32_32	1764	A3c_64_32
1581	J_3_95	9	2	-198	B2c_31_32*B2c_32_31	9792	A3c_64_32
1582	J_4_94	14	2	-495/2	B2c_31_32*B2c_32_30	24480	A3c_64_32
1583	J_5_93	20	2	-297	B2c_31_32*B2c_32_29	-12240	A3c_64_32
1584	J_6_92	27	2	-693/2	B2c_31_32*B2c_32_28	-325584	A3c_64_32
1585	J_7_91	35	2	-396	B2c_31_32*B2c_32_27	-1336608	A3c_64_32
1586	J_8_90	53	2	-891/2	B2c_31_32*B2c_32_26	-12474	A3c_96_1
1587	J_9_89	65	2	-495	B2c_31_32*B2c_32_25	-211680	A3c_96_1
1588	J_10_88	78	2	-1089/2	B2c_31_31*B2c_32_25	-1690038	A3c_96_1
1589	J_11_87	90	2	-594	B2c_31_30*B2c_32_25	-8430912	A3c_96_1
1590	J_12_86	100	2	-1287/2	B2c_31_29*B2c_32_25	-29431080	A3c_96_1
1591	J_13_85	108	2	-693	B2c_31_28*B2c_32_25	-76289472	A3c_96_1
1592	J_14_84	114	2	-1485/2	B2c_31_27*B2c_32_25	-152039160	A3c_96_1
1593	J_15_83	118	2	-792	B2c_31_26*B2c_32_25	-237916224	A3c_96_1
1594	J_16_82	120	2	-12447/2	B2c_31_26*B2c_32_25	-295891596	A3c_96_1
1595	J_17_81	124	2	-21276	B2c_31_26*B2c_32_25	-294053760	A3c_96_1
1596	J_18_80	117	2	-41202	B2c_31_26*B2c_32_25	-233405172	A3c_96_1
1597	J_19_79	105	2	-49140	B2c_31_26*B2c_32_25	-147026880	A3c_96_1
1598	J_20_78	90	2	-36477	B2c_31_26*B2c_32_25	-72510984	A3c_96_1
1599	J_21_77	76	2	-15876	B2c_31_26*B2c_32_25	-27349056	A3c_96_1
1600	J_22_76	63	2	-3186	B2c_31_26*B2c_32_25	-7582680	A3c_96_1
1601	J_23_75	51	2	108	B2c_31_26*B2c_32_25	-1439424	A3c_96_1
1602	J_24_74	40	2	225/2	B2c_31_26*B2c_32_25	-160650	A3c_96_1
1603	J_25_73	30	2	63	B2c_32_25*B2c_47_13	-6048	A3c_96_1
1604	J_26_72	21	2	-27/2	B2c_47_13*B2c_60_3	378	A3c_96_1
1605	J_2_97	1	1	198	A3c_63_32	198	A3c_63_32
1606	J_3_96	3	2	-99	B2c_31_32^2	2934	A3c_63_32
1607	J_4_95	5	2	-495/2	B2c_31_31*B2c_31_32	19584	A3c_63_32
1608	J_5_94	8	2	-297/2	B2c_31_31^2	75888	A3c_63_32
1609	J_6_93	11	2	-693/2	B2c_31_30*B2c_31_31	177480	A3c_63_32
1610	J_7_92	15	2	-198	B2c_31_30^2	197064	A3c_63_32
1611	J_8_91	19	2	-891/2	B2c_31_29*B2c_31_30	-222768	A3c_63_32
1612	J_9_90	23	2	-495/2	B2c_31_29^2	-1495728	A3c_63_32
1613	J_10_89	31	2	-1089/2	B2c_31_28*B2c_31_29	-3588156	A3c_63_32
1614	J_11_88	39	2	-297	B2c_31_28^2	-5688540	A3c_63_32
1615	J_12_87	46	2	-1287/2	B2c_31_27*B2c_31_28	-6651216	A3c_63_32
1616	J_13_86	52	2	-693/2	B2c_31_27^2	-5951088	A3c_63_32
1617	J_14_85	57	2	-1485/2	B2c_31_26*B2c_31_27	-4121208	A3c_63_32
1618	J_15_84	61	2	-396	B2c_31_26^2	-2201976	A3c_63_32
1619	J_16_83	64	2	-3105	B2c_31_26^2	-893520	A3c_63_32
1620	J_17_82	76	2	-10584	B2c_31_26^2	-266832	A3c_63_32
1621	J_18_81	73	2	-20412	B2c_31_26^2	-55386	A3c_63_32
1622	J_19_80	69	2	-24192	B2c_31_26^2	-7146	A3c_63_32
1623	J_20_79	61	2	-17766	B2c_31_26^2	-432	A3c_63_32
1624	J_21_78	52	2	-7560	B2c_31_26^2	-366	A3c_63_31
1625	J_22_77	44	2	-1404	B2c_31_26^2	-300	A3c_63_30
1626	J_23_76	36	2	108	B2c_31_26^2	-234	A3c_63_29
1627	J_24_75	29	2	63	B2c_31_26^2	-168	A3c_63_28
1628	J_25_74	22	2	153/2	B2c_31_26*B2c_47_13	-102	A3c_63_27
1629	J_26_73	16	2	27/2	B2c_47_13^2	-36	A3c_63_26
