./cases/max12_812_order2_p0_odd_grade14_unit_replay_20260826/AWS_LAUNCH_METADATA.md: OK
./cases/max12_812_order2_p0_odd_grade14_unit_replay_20260826/FREEZE.sha256: OK
./cases/max12_812_order2_p0_odd_grade14_unit_replay_20260826/REGISTRATION.md: OK
./cases/max12_812_order2_p0_odd_grade14_unit_replay_20260826/RESULT.md: OK
./cases/max12_812_order2_p0_odd_grade14_unit_replay_20260826/RESULTS.sha256: OK
./cases/max12_812_order2_p0_odd_grade14_unit_replay_20260826/launch_host.sh: OK
./cases/max12_812_order2_p0_odd_grade14_unit_replay_20260826/replay_row5_grade14.py: OK
./cases/max12_812_order2_p0_odd_grade14_unit_replay_20260826/run_aws.sh: OK
./cases/max12_812_order2_p0_total_rees_allrows_g13_g14_export_v20_20260827/FREEZE.sha256: OK
./cases/max12_812_order2_p0_total_rees_allrows_g13_g14_export_v20_20260827/HARVEST_CUSTODY.md: OK
./cases/max12_812_order2_p0_total_rees_allrows_g13_g14_export_v20_20260827/POST_REVIEW_ERRATUM.md: OK
./cases/max12_812_order2_p0_total_rees_allrows_g13_g14_export_v20_20260827/PREREGISTRATION.md: OK
./cases/max12_812_order2_p0_total_rees_allrows_g13_g14_export_v20_20260827/aws_p65521_v20/EVIDENCE.sha256: OK
./cases/max12_812_order2_p0_total_rees_allrows_g13_g14_export_v20_20260827/aws_p65521_v20/RESULT.json: OK
./cases/max12_812_order2_p0_total_rees_allrows_g13_g14_export_v20_20260827/aws_p65521_v20/compiled/Tg13_1_p65521.poly: OK
./cases/max12_812_order2_p0_total_rees_allrows_g13_g14_export_v20_20260827/aws_p65521_v20/compiled/Tg13_2_p65521.poly: OK
./cases/max12_812_order2_p0_total_rees_allrows_g13_g14_export_v20_20260827/aws_p65521_v20/compiled/Tg13_3_p65521.poly: OK
./cases/max12_812_order2_p0_total_rees_allrows_g13_g14_export_v20_20260827/aws_p65521_v20/compiled/Tg13_4_p65521.poly: OK
./cases/max12_812_order2_p0_total_rees_allrows_g13_g14_export_v20_20260827/aws_p65521_v20/compiled/Tg13_5_p65521.poly: OK
./cases/max12_812_order2_p0_total_rees_allrows_g13_g14_export_v20_20260827/aws_p65521_v20/compiled/Tg13_6_p65521.poly: OK
./cases/max12_812_order2_p0_total_rees_allrows_g13_g14_export_v20_20260827/aws_p65521_v20/compiled/Tg13_7_p65521.poly: OK
./cases/max12_812_order2_p0_total_rees_allrows_g13_g14_export_v20_20260827/aws_p65521_v20/compiled/Tg14_1_p65521.poly: OK
./cases/max12_812_order2_p0_total_rees_allrows_g13_g14_export_v20_20260827/aws_p65521_v20/compiled/Tg14_2_p65521.poly: OK
./cases/max12_812_order2_p0_total_rees_allrows_g13_g14_export_v20_20260827/aws_p65521_v20/compiled/Tg14_3_p65521.poly: OK
./cases/max12_812_order2_p0_total_rees_allrows_g13_g14_export_v20_20260827/aws_p65521_v20/compiled/Tg14_4_p65521.poly: OK
./cases/max12_812_order2_p0_total_rees_allrows_g13_g14_export_v20_20260827/aws_p65521_v20/compiled/Tg14_5_p65521.poly: OK
./cases/max12_812_order2_p0_total_rees_allrows_g13_g14_export_v20_20260827/aws_p65521_v20/compiled/Tg14_6_p65521.poly: OK
./cases/max12_812_order2_p0_total_rees_allrows_g13_g14_export_v20_20260827/aws_p65521_v20/compiled/Tg14_7_p65521.poly: OK
./cases/max12_812_order2_p0_total_rees_allrows_g13_g14_export_v20_20260827/aws_p65521_v20/compiled/allrows_g13_g14_bridge_p65521.sing: OK
./cases/max12_812_order2_p0_total_rees_allrows_g13_g14_export_v20_20260827/aws_p65521_v20/compiled/result.json: OK
./cases/max12_812_order2_p0_total_rees_allrows_g13_g14_export_v20_20260827/aws_p65521_v20/compiler.stderr: OK
./cases/max12_812_order2_p0_total_rees_allrows_g13_g14_export_v20_20260827/aws_p65521_v20/compiler.stdout: OK
./cases/max12_812_order2_p0_total_rees_allrows_g13_g14_export_v20_20260827/aws_p65521_v20/compiler.validation: OK
./cases/max12_812_order2_p0_total_rees_allrows_g13_g14_export_v20_20260827/aws_p65521_v20/engine.validation: OK
./cases/max12_812_order2_p0_total_rees_allrows_g13_g14_export_v20_20260827/aws_p65521_v20/freeze_check.stdout: OK
./cases/max12_812_order2_p0_total_rees_allrows_g13_g14_export_v20_20260827/aws_p65521_v20/launch_registration.txt: OK
./cases/max12_812_order2_p0_total_rees_allrows_g13_g14_export_v20_20260827/aws_p65521_v20/launcher.pid: OK
./cases/max12_812_order2_p0_total_rees_allrows_g13_g14_export_v20_20260827/aws_p65521_v20/run/lanes.log: OK
./cases/max12_812_order2_p0_total_rees_allrows_g13_g14_export_v20_20260827/aws_p65521_v20/run/max12_812_order2_p0_total_rees_allrows_g13_g14_export_v20_20260827T024311Z_p65521_singular.meta: OK
./cases/max12_812_order2_p0_total_rees_allrows_g13_g14_export_v20_20260827/aws_p65521_v20/run/max12_812_order2_p0_total_rees_allrows_g13_g14_export_v20_20260827T024311Z_p65521_singular.stderr: OK
./cases/max12_812_order2_p0_total_rees_allrows_g13_g14_export_v20_20260827/aws_p65521_v20/run/max12_812_order2_p0_total_rees_allrows_g13_g14_export_v20_20260827T024311Z_p65521_singular.stdout: OK
./cases/max12_812_order2_p0_total_rees_allrows_g13_g14_export_v20_20260827/aws_p65521_v20/validator.stderr: OK
./cases/max12_812_order2_p0_total_rees_allrows_g13_g14_export_v20_20260827/aws_p65521_v20/validator.stdout: OK
./cases/max12_812_order2_p0_total_rees_allrows_g13_g14_export_v20_20260827/aws_p65521_v20/validator.validation: OK
./cases/max12_812_order2_p0_total_rees_allrows_g13_g14_export_v20_20260827/aws_q_v20/EVIDENCE.sha256: OK
./cases/max12_812_order2_p0_total_rees_allrows_g13_g14_export_v20_20260827/aws_q_v20/RESULT.json: OK
./cases/max12_812_order2_p0_total_rees_allrows_g13_g14_export_v20_20260827/aws_q_v20/compiled/Tg13_1_q.poly: OK
./cases/max12_812_order2_p0_total_rees_allrows_g13_g14_export_v20_20260827/aws_q_v20/compiled/Tg13_2_q.poly: OK
./cases/max12_812_order2_p0_total_rees_allrows_g13_g14_export_v20_20260827/aws_q_v20/compiled/Tg13_3_q.poly: OK
./cases/max12_812_order2_p0_total_rees_allrows_g13_g14_export_v20_20260827/aws_q_v20/compiled/Tg13_4_q.poly: OK
./cases/max12_812_order2_p0_total_rees_allrows_g13_g14_export_v20_20260827/aws_q_v20/compiled/Tg13_5_q.poly: OK
./cases/max12_812_order2_p0_total_rees_allrows_g13_g14_export_v20_20260827/aws_q_v20/compiled/Tg13_6_q.poly: OK
./cases/max12_812_order2_p0_total_rees_allrows_g13_g14_export_v20_20260827/aws_q_v20/compiled/Tg13_7_q.poly: OK
./cases/max12_812_order2_p0_total_rees_allrows_g13_g14_export_v20_20260827/aws_q_v20/compiled/Tg14_1_q.poly: OK
./cases/max12_812_order2_p0_total_rees_allrows_g13_g14_export_v20_20260827/aws_q_v20/compiled/Tg14_2_q.poly: OK
./cases/max12_812_order2_p0_total_rees_allrows_g13_g14_export_v20_20260827/aws_q_v20/compiled/Tg14_3_q.poly: OK
./cases/max12_812_order2_p0_total_rees_allrows_g13_g14_export_v20_20260827/aws_q_v20/compiled/Tg14_4_q.poly: OK
./cases/max12_812_order2_p0_total_rees_allrows_g13_g14_export_v20_20260827/aws_q_v20/compiled/Tg14_5_q.poly: OK
./cases/max12_812_order2_p0_total_rees_allrows_g13_g14_export_v20_20260827/aws_q_v20/compiled/Tg14_6_q.poly: OK
./cases/max12_812_order2_p0_total_rees_allrows_g13_g14_export_v20_20260827/aws_q_v20/compiled/Tg14_7_q.poly: OK
./cases/max12_812_order2_p0_total_rees_allrows_g13_g14_export_v20_20260827/aws_q_v20/compiled/allrows_g13_g14_bridge_q.sing: OK
./cases/max12_812_order2_p0_total_rees_allrows_g13_g14_export_v20_20260827/aws_q_v20/compiled/result.json: OK
./cases/max12_812_order2_p0_total_rees_allrows_g13_g14_export_v20_20260827/aws_q_v20/compiler.stderr: OK
./cases/max12_812_order2_p0_total_rees_allrows_g13_g14_export_v20_20260827/aws_q_v20/compiler.stdout: OK
./cases/max12_812_order2_p0_total_rees_allrows_g13_g14_export_v20_20260827/aws_q_v20/compiler.validation: OK
./cases/max12_812_order2_p0_total_rees_allrows_g13_g14_export_v20_20260827/aws_q_v20/engine.validation: OK
./cases/max12_812_order2_p0_total_rees_allrows_g13_g14_export_v20_20260827/aws_q_v20/freeze_check.stdout: OK
./cases/max12_812_order2_p0_total_rees_allrows_g13_g14_export_v20_20260827/aws_q_v20/launch_registration.txt: OK
./cases/max12_812_order2_p0_total_rees_allrows_g13_g14_export_v20_20260827/aws_q_v20/launcher.pid: OK
./cases/max12_812_order2_p0_total_rees_allrows_g13_g14_export_v20_20260827/aws_q_v20/run/lanes.log: OK
./cases/max12_812_order2_p0_total_rees_allrows_g13_g14_export_v20_20260827/aws_q_v20/run/max12_812_order2_p0_total_rees_allrows_g13_g14_export_v20_20260827T024311Z_q_singular.meta: OK
./cases/max12_812_order2_p0_total_rees_allrows_g13_g14_export_v20_20260827/aws_q_v20/run/max12_812_order2_p0_total_rees_allrows_g13_g14_export_v20_20260827T024311Z_q_singular.stderr: OK
./cases/max12_812_order2_p0_total_rees_allrows_g13_g14_export_v20_20260827/aws_q_v20/run/max12_812_order2_p0_total_rees_allrows_g13_g14_export_v20_20260827T024311Z_q_singular.stdout: OK
./cases/max12_812_order2_p0_total_rees_allrows_g13_g14_export_v20_20260827/aws_q_v20/validator.stderr: OK
./cases/max12_812_order2_p0_total_rees_allrows_g13_g14_export_v20_20260827/aws_q_v20/validator.stdout: OK
./cases/max12_812_order2_p0_total_rees_allrows_g13_g14_export_v20_20260827/aws_q_v20/validator.validation: OK
./cases/max12_812_order2_p0_total_rees_allrows_g13_g14_export_v20_20260827/export_allrows_g13_g14_v20.py: OK
./cases/max12_812_order2_p0_total_rees_allrows_g13_g14_export_v20_20260827/launch_host.sh: OK
./cases/max12_812_order2_p0_total_rees_allrows_g13_g14_export_v20_20260827/run_aws.sh: OK
./cases/max12_812_order2_p0_total_rees_allrows_g13_g14_export_v20_20260827/validate_export_v20.py: OK
./cases/max12_812_order2_p0_total_rees_allrows_g15_export_v22_20260827/FREEZE.sha256: OK
./cases/max12_812_order2_p0_total_rees_allrows_g15_export_v22_20260827/FREEZE_R1.sha256: OK
./cases/max12_812_order2_p0_total_rees_allrows_g15_export_v22_20260827/HARVEST_CUSTODY.md: OK
./cases/max12_812_order2_p0_total_rees_allrows_g15_export_v22_20260827/INDEPENDENT_HARVEST_VERIFICATION.json: OK
./cases/max12_812_order2_p0_total_rees_allrows_g15_export_v22_20260827/POST_REVIEW_ERRATUM.md: OK
./cases/max12_812_order2_p0_total_rees_allrows_g15_export_v22_20260827/PREREGISTRATION.md: OK
./cases/max12_812_order2_p0_total_rees_allrows_g15_export_v22_20260827/PREREGISTRATION_R1.md: OK
./cases/max12_812_order2_p0_total_rees_allrows_g15_export_v22_20260827/V22_V1_SERIALIZATION_BRIDGE_ERRATUM.md: OK
./cases/max12_812_order2_p0_total_rees_allrows_g15_export_v22_20260827/aws_p65521_r1/EVIDENCE.sha256: OK
./cases/max12_812_order2_p0_total_rees_allrows_g15_export_v22_20260827/aws_p65521_r1/RESULT.json: OK
./cases/max12_812_order2_p0_total_rees_allrows_g15_export_v22_20260827/aws_p65521_r1/compiled/Tg15_1_p65521.poly: OK
./cases/max12_812_order2_p0_total_rees_allrows_g15_export_v22_20260827/aws_p65521_r1/compiled/Tg15_2_p65521.poly: OK
./cases/max12_812_order2_p0_total_rees_allrows_g15_export_v22_20260827/aws_p65521_r1/compiled/Tg15_3_p65521.poly: OK
./cases/max12_812_order2_p0_total_rees_allrows_g15_export_v22_20260827/aws_p65521_r1/compiled/Tg15_4_p65521.poly: OK
./cases/max12_812_order2_p0_total_rees_allrows_g15_export_v22_20260827/aws_p65521_r1/compiled/Tg15_5_p65521.poly: OK
./cases/max12_812_order2_p0_total_rees_allrows_g15_export_v22_20260827/aws_p65521_r1/compiled/Tg15_6_p65521.poly: OK
./cases/max12_812_order2_p0_total_rees_allrows_g15_export_v22_20260827/aws_p65521_r1/compiled/Tg15_7_p65521.poly: OK
./cases/max12_812_order2_p0_total_rees_allrows_g15_export_v22_20260827/aws_p65521_r1/compiled/allrows_g15_bridge_p65521.sing: OK
./cases/max12_812_order2_p0_total_rees_allrows_g15_export_v22_20260827/aws_p65521_r1/compiled/result.json: OK
./cases/max12_812_order2_p0_total_rees_allrows_g15_export_v22_20260827/aws_p65521_r1/compiler.stderr: OK
./cases/max12_812_order2_p0_total_rees_allrows_g15_export_v22_20260827/aws_p65521_r1/compiler.stdout: OK
./cases/max12_812_order2_p0_total_rees_allrows_g15_export_v22_20260827/aws_p65521_r1/compiler.validation: OK
./cases/max12_812_order2_p0_total_rees_allrows_g15_export_v22_20260827/aws_p65521_r1/engine.validation: OK
./cases/max12_812_order2_p0_total_rees_allrows_g15_export_v22_20260827/aws_p65521_r1/freeze_check.stdout: OK
./cases/max12_812_order2_p0_total_rees_allrows_g15_export_v22_20260827/aws_p65521_r1/launch_registration.txt: OK
./cases/max12_812_order2_p0_total_rees_allrows_g15_export_v22_20260827/aws_p65521_r1/launcher.pid: OK
./cases/max12_812_order2_p0_total_rees_allrows_g15_export_v22_20260827/aws_p65521_r1/run/lanes.log: OK
./cases/max12_812_order2_p0_total_rees_allrows_g15_export_v22_20260827/aws_p65521_r1/run/max12_812_order2_p0_total_rees_allrows_g15_export_v22_r1_20260827T031729Z_p65521_singular.meta: OK
./cases/max12_812_order2_p0_total_rees_allrows_g15_export_v22_20260827/aws_p65521_r1/run/max12_812_order2_p0_total_rees_allrows_g15_export_v22_r1_20260827T031729Z_p65521_singular.stderr: OK
./cases/max12_812_order2_p0_total_rees_allrows_g15_export_v22_20260827/aws_p65521_r1/run/max12_812_order2_p0_total_rees_allrows_g15_export_v22_r1_20260827T031729Z_p65521_singular.stdout: OK
./cases/max12_812_order2_p0_total_rees_allrows_g15_export_v22_20260827/aws_p65521_r1/validator.stderr: OK
./cases/max12_812_order2_p0_total_rees_allrows_g15_export_v22_20260827/aws_p65521_r1/validator.stdout: OK
./cases/max12_812_order2_p0_total_rees_allrows_g15_export_v22_20260827/aws_p65521_r1/validator.validation: OK
./cases/max12_812_order2_p0_total_rees_allrows_g15_export_v22_20260827/aws_q_r1/EVIDENCE.sha256: OK
./cases/max12_812_order2_p0_total_rees_allrows_g15_export_v22_20260827/aws_q_r1/RESULT.json: OK
./cases/max12_812_order2_p0_total_rees_allrows_g15_export_v22_20260827/aws_q_r1/compiled/Tg15_1_q.poly: OK
./cases/max12_812_order2_p0_total_rees_allrows_g15_export_v22_20260827/aws_q_r1/compiled/Tg15_2_q.poly: OK
./cases/max12_812_order2_p0_total_rees_allrows_g15_export_v22_20260827/aws_q_r1/compiled/Tg15_3_q.poly: OK
./cases/max12_812_order2_p0_total_rees_allrows_g15_export_v22_20260827/aws_q_r1/compiled/Tg15_4_q.poly: OK
./cases/max12_812_order2_p0_total_rees_allrows_g15_export_v22_20260827/aws_q_r1/compiled/Tg15_5_q.poly: OK
./cases/max12_812_order2_p0_total_rees_allrows_g15_export_v22_20260827/aws_q_r1/compiled/Tg15_6_q.poly: OK
./cases/max12_812_order2_p0_total_rees_allrows_g15_export_v22_20260827/aws_q_r1/compiled/Tg15_7_q.poly: OK
./cases/max12_812_order2_p0_total_rees_allrows_g15_export_v22_20260827/aws_q_r1/compiled/allrows_g15_bridge_q.sing: OK
./cases/max12_812_order2_p0_total_rees_allrows_g15_export_v22_20260827/aws_q_r1/compiled/result.json: OK
./cases/max12_812_order2_p0_total_rees_allrows_g15_export_v22_20260827/aws_q_r1/compiler.stderr: OK
./cases/max12_812_order2_p0_total_rees_allrows_g15_export_v22_20260827/aws_q_r1/compiler.stdout: OK
./cases/max12_812_order2_p0_total_rees_allrows_g15_export_v22_20260827/aws_q_r1/compiler.validation: OK
./cases/max12_812_order2_p0_total_rees_allrows_g15_export_v22_20260827/aws_q_r1/engine.validation: OK
./cases/max12_812_order2_p0_total_rees_allrows_g15_export_v22_20260827/aws_q_r1/freeze_check.stdout: OK
./cases/max12_812_order2_p0_total_rees_allrows_g15_export_v22_20260827/aws_q_r1/launch_registration.txt: OK
./cases/max12_812_order2_p0_total_rees_allrows_g15_export_v22_20260827/aws_q_r1/launcher.pid: OK
./cases/max12_812_order2_p0_total_rees_allrows_g15_export_v22_20260827/aws_q_r1/run/lanes.log: OK
./cases/max12_812_order2_p0_total_rees_allrows_g15_export_v22_20260827/aws_q_r1/run/max12_812_order2_p0_total_rees_allrows_g15_export_v22_r1_20260827T031729Z_q_singular.meta: OK
./cases/max12_812_order2_p0_total_rees_allrows_g15_export_v22_20260827/aws_q_r1/run/max12_812_order2_p0_total_rees_allrows_g15_export_v22_r1_20260827T031729Z_q_singular.stderr: OK
./cases/max12_812_order2_p0_total_rees_allrows_g15_export_v22_20260827/aws_q_r1/run/max12_812_order2_p0_total_rees_allrows_g15_export_v22_r1_20260827T031729Z_q_singular.stdout: OK
./cases/max12_812_order2_p0_total_rees_allrows_g15_export_v22_20260827/aws_q_r1/validator.stderr: OK
./cases/max12_812_order2_p0_total_rees_allrows_g15_export_v22_20260827/aws_q_r1/validator.stdout: OK
./cases/max12_812_order2_p0_total_rees_allrows_g15_export_v22_20260827/aws_q_r1/validator.validation: OK
./cases/max12_812_order2_p0_total_rees_allrows_g15_export_v22_20260827/export_allrows_g15_v22.py: OK
./cases/max12_812_order2_p0_total_rees_allrows_g15_export_v22_20260827/export_allrows_g15_v22r1.py: OK
./cases/max12_812_order2_p0_total_rees_allrows_g15_export_v22_20260827/launch_host.sh: OK
./cases/max12_812_order2_p0_total_rees_allrows_g15_export_v22_20260827/launch_host_r1.sh: OK
./cases/max12_812_order2_p0_total_rees_allrows_g15_export_v22_20260827/run_aws.sh: OK
./cases/max12_812_order2_p0_total_rees_allrows_g15_export_v22_20260827/run_aws_r1.sh: OK
./cases/max12_812_order2_p0_total_rees_allrows_g15_export_v22_20260827/validate_export_v22.py: OK
./cases/max12_812_order2_p0_total_rees_allrows_g15_export_v22_20260827/validate_export_v22r1.py: OK
./cases/max12_812_order2_p0_total_rees_allrows_g15_export_v22_20260827/verify_harvest_v22r1.py: OK
./cases/max12_812_order2_p0_total_rees_j2_a1_boundary_prolong_g16_v28_20260827/FREEZE.sha256: OK
./cases/max12_812_order2_p0_total_rees_j2_a1_boundary_prolong_g16_v28_20260827/PREREGISTRATION.md: OK
./cases/max12_812_order2_p0_total_rees_j2_a1_boundary_prolong_g16_v28_20260827/aws_p65521/EVIDENCE.sha256: OK
./cases/max12_812_order2_p0_total_rees_j2_a1_boundary_prolong_g16_v28_20260827/aws_p65521/RESULT.json: OK
./cases/max12_812_order2_p0_total_rees_j2_a1_boundary_prolong_g16_v28_20260827/aws_p65521/compiled/Tg16_1_at_old_point_p65521.poly: OK
./cases/max12_812_order2_p0_total_rees_j2_a1_boundary_prolong_g16_v28_20260827/aws_p65521/compiled/Tg16_1_p65521.poly: OK
./cases/max12_812_order2_p0_total_rees_j2_a1_boundary_prolong_g16_v28_20260827/aws_p65521/compiled/Tg16_2_at_old_point_p65521.poly: OK
./cases/max12_812_order2_p0_total_rees_j2_a1_boundary_prolong_g16_v28_20260827/aws_p65521/compiled/Tg16_2_p65521.poly: OK
./cases/max12_812_order2_p0_total_rees_j2_a1_boundary_prolong_g16_v28_20260827/aws_p65521/compiled/Tg16_3_at_old_point_p65521.poly: OK
./cases/max12_812_order2_p0_total_rees_j2_a1_boundary_prolong_g16_v28_20260827/aws_p65521/compiled/Tg16_3_p65521.poly: OK
./cases/max12_812_order2_p0_total_rees_j2_a1_boundary_prolong_g16_v28_20260827/aws_p65521/compiled/Tg16_4_at_old_point_p65521.poly: OK
./cases/max12_812_order2_p0_total_rees_j2_a1_boundary_prolong_g16_v28_20260827/aws_p65521/compiled/Tg16_4_p65521.poly: OK
./cases/max12_812_order2_p0_total_rees_j2_a1_boundary_prolong_g16_v28_20260827/aws_p65521/compiled/Tg16_5_at_old_point_p65521.poly: OK
./cases/max12_812_order2_p0_total_rees_j2_a1_boundary_prolong_g16_v28_20260827/aws_p65521/compiled/Tg16_5_p65521.poly: OK
./cases/max12_812_order2_p0_total_rees_j2_a1_boundary_prolong_g16_v28_20260827/aws_p65521/compiled/Tg16_6_at_old_point_p65521.poly: OK
./cases/max12_812_order2_p0_total_rees_j2_a1_boundary_prolong_g16_v28_20260827/aws_p65521/compiled/Tg16_6_p65521.poly: OK
./cases/max12_812_order2_p0_total_rees_j2_a1_boundary_prolong_g16_v28_20260827/aws_p65521/compiled/Tg16_7_at_old_point_p65521.poly: OK
./cases/max12_812_order2_p0_total_rees_j2_a1_boundary_prolong_g16_v28_20260827/aws_p65521/compiled/Tg16_7_p65521.poly: OK
./cases/max12_812_order2_p0_total_rees_j2_a1_boundary_prolong_g16_v28_20260827/aws_p65521/compiled/boundary_prolong_g16_p65521.sing: OK
./cases/max12_812_order2_p0_total_rees_j2_a1_boundary_prolong_g16_v28_20260827/aws_p65521/compiled/result.json: OK
./cases/max12_812_order2_p0_total_rees_j2_a1_boundary_prolong_g16_v28_20260827/aws_p65521/freeze_check.stdout: OK
./cases/max12_812_order2_p0_total_rees_j2_a1_boundary_prolong_g16_v28_20260827/aws_p65521/launch_registration.txt: OK
./cases/max12_812_order2_p0_total_rees_j2_a1_boundary_prolong_g16_v28_20260827/aws_p65521/run/lanes.log: OK
./cases/max12_812_order2_p0_total_rees_j2_a1_boundary_prolong_g16_v28_20260827/aws_p65521/run/max12_812_order2_p0_total_rees_j2_a1_boundary_prolong_g16_v28_20260827T042352Z_p65521_compiler.meta: OK
./cases/max12_812_order2_p0_total_rees_j2_a1_boundary_prolong_g16_v28_20260827/aws_p65521/run/max12_812_order2_p0_total_rees_j2_a1_boundary_prolong_g16_v28_20260827T042352Z_p65521_compiler.stderr: OK
./cases/max12_812_order2_p0_total_rees_j2_a1_boundary_prolong_g16_v28_20260827/aws_p65521/run/max12_812_order2_p0_total_rees_j2_a1_boundary_prolong_g16_v28_20260827T042352Z_p65521_compiler.stdout: OK
./cases/max12_812_order2_p0_total_rees_j2_a1_boundary_prolong_g16_v28_20260827/aws_p65521/run/max12_812_order2_p0_total_rees_j2_a1_boundary_prolong_g16_v28_20260827T042352Z_p65521_singular.meta: OK
./cases/max12_812_order2_p0_total_rees_j2_a1_boundary_prolong_g16_v28_20260827/aws_p65521/run/max12_812_order2_p0_total_rees_j2_a1_boundary_prolong_g16_v28_20260827T042352Z_p65521_singular.stderr: OK
./cases/max12_812_order2_p0_total_rees_j2_a1_boundary_prolong_g16_v28_20260827/aws_p65521/run/max12_812_order2_p0_total_rees_j2_a1_boundary_prolong_g16_v28_20260827T042352Z_p65521_singular.stdout: OK
./cases/max12_812_order2_p0_total_rees_j2_a1_boundary_prolong_g16_v28_20260827/aws_p65521/run/max12_812_order2_p0_total_rees_j2_a1_boundary_prolong_g16_v28_20260827T042352Z_p65521_validator.meta: OK
./cases/max12_812_order2_p0_total_rees_j2_a1_boundary_prolong_g16_v28_20260827/aws_p65521/run/max12_812_order2_p0_total_rees_j2_a1_boundary_prolong_g16_v28_20260827T042352Z_p65521_validator.stderr: OK
./cases/max12_812_order2_p0_total_rees_j2_a1_boundary_prolong_g16_v28_20260827/aws_p65521/run/max12_812_order2_p0_total_rees_j2_a1_boundary_prolong_g16_v28_20260827T042352Z_p65521_validator.stdout: OK
./cases/max12_812_order2_p0_total_rees_j2_a1_boundary_prolong_g16_v28_20260827/aws_q/EVIDENCE.sha256: OK
./cases/max12_812_order2_p0_total_rees_j2_a1_boundary_prolong_g16_v28_20260827/aws_q/RESULT.json: OK
./cases/max12_812_order2_p0_total_rees_j2_a1_boundary_prolong_g16_v28_20260827/aws_q/compiled/Tg16_1_at_old_point_q.poly: OK
./cases/max12_812_order2_p0_total_rees_j2_a1_boundary_prolong_g16_v28_20260827/aws_q/compiled/Tg16_1_q.poly: OK
./cases/max12_812_order2_p0_total_rees_j2_a1_boundary_prolong_g16_v28_20260827/aws_q/compiled/Tg16_2_at_old_point_q.poly: OK
./cases/max12_812_order2_p0_total_rees_j2_a1_boundary_prolong_g16_v28_20260827/aws_q/compiled/Tg16_2_q.poly: OK
./cases/max12_812_order2_p0_total_rees_j2_a1_boundary_prolong_g16_v28_20260827/aws_q/compiled/Tg16_3_at_old_point_q.poly: OK
./cases/max12_812_order2_p0_total_rees_j2_a1_boundary_prolong_g16_v28_20260827/aws_q/compiled/Tg16_3_q.poly: OK
./cases/max12_812_order2_p0_total_rees_j2_a1_boundary_prolong_g16_v28_20260827/aws_q/compiled/Tg16_4_at_old_point_q.poly: OK
./cases/max12_812_order2_p0_total_rees_j2_a1_boundary_prolong_g16_v28_20260827/aws_q/compiled/Tg16_4_q.poly: OK
./cases/max12_812_order2_p0_total_rees_j2_a1_boundary_prolong_g16_v28_20260827/aws_q/compiled/Tg16_5_at_old_point_q.poly: OK
./cases/max12_812_order2_p0_total_rees_j2_a1_boundary_prolong_g16_v28_20260827/aws_q/compiled/Tg16_5_q.poly: OK
./cases/max12_812_order2_p0_total_rees_j2_a1_boundary_prolong_g16_v28_20260827/aws_q/compiled/Tg16_6_at_old_point_q.poly: OK
./cases/max12_812_order2_p0_total_rees_j2_a1_boundary_prolong_g16_v28_20260827/aws_q/compiled/Tg16_6_q.poly: OK
./cases/max12_812_order2_p0_total_rees_j2_a1_boundary_prolong_g16_v28_20260827/aws_q/compiled/Tg16_7_at_old_point_q.poly: OK
./cases/max12_812_order2_p0_total_rees_j2_a1_boundary_prolong_g16_v28_20260827/aws_q/compiled/Tg16_7_q.poly: OK
./cases/max12_812_order2_p0_total_rees_j2_a1_boundary_prolong_g16_v28_20260827/aws_q/compiled/boundary_prolong_g16_q.sing: OK
./cases/max12_812_order2_p0_total_rees_j2_a1_boundary_prolong_g16_v28_20260827/aws_q/compiled/result.json: OK
./cases/max12_812_order2_p0_total_rees_j2_a1_boundary_prolong_g16_v28_20260827/aws_q/freeze_check.stdout: OK
./cases/max12_812_order2_p0_total_rees_j2_a1_boundary_prolong_g16_v28_20260827/aws_q/launch_registration.txt: OK
./cases/max12_812_order2_p0_total_rees_j2_a1_boundary_prolong_g16_v28_20260827/aws_q/run/lanes.log: OK
./cases/max12_812_order2_p0_total_rees_j2_a1_boundary_prolong_g16_v28_20260827/aws_q/run/max12_812_order2_p0_total_rees_j2_a1_boundary_prolong_g16_v28_20260827T042352Z_q_compiler.meta: OK
./cases/max12_812_order2_p0_total_rees_j2_a1_boundary_prolong_g16_v28_20260827/aws_q/run/max12_812_order2_p0_total_rees_j2_a1_boundary_prolong_g16_v28_20260827T042352Z_q_compiler.stderr: OK
./cases/max12_812_order2_p0_total_rees_j2_a1_boundary_prolong_g16_v28_20260827/aws_q/run/max12_812_order2_p0_total_rees_j2_a1_boundary_prolong_g16_v28_20260827T042352Z_q_compiler.stdout: OK
./cases/max12_812_order2_p0_total_rees_j2_a1_boundary_prolong_g16_v28_20260827/aws_q/run/max12_812_order2_p0_total_rees_j2_a1_boundary_prolong_g16_v28_20260827T042352Z_q_singular.meta: OK
./cases/max12_812_order2_p0_total_rees_j2_a1_boundary_prolong_g16_v28_20260827/aws_q/run/max12_812_order2_p0_total_rees_j2_a1_boundary_prolong_g16_v28_20260827T042352Z_q_singular.stderr: OK
./cases/max12_812_order2_p0_total_rees_j2_a1_boundary_prolong_g16_v28_20260827/aws_q/run/max12_812_order2_p0_total_rees_j2_a1_boundary_prolong_g16_v28_20260827T042352Z_q_singular.stdout: OK
./cases/max12_812_order2_p0_total_rees_j2_a1_boundary_prolong_g16_v28_20260827/aws_q/run/max12_812_order2_p0_total_rees_j2_a1_boundary_prolong_g16_v28_20260827T042352Z_q_validator.meta: OK
./cases/max12_812_order2_p0_total_rees_j2_a1_boundary_prolong_g16_v28_20260827/aws_q/run/max12_812_order2_p0_total_rees_j2_a1_boundary_prolong_g16_v28_20260827T042352Z_q_validator.stderr: OK
./cases/max12_812_order2_p0_total_rees_j2_a1_boundary_prolong_g16_v28_20260827/aws_q/run/max12_812_order2_p0_total_rees_j2_a1_boundary_prolong_g16_v28_20260827T042352Z_q_validator.stdout: OK
./cases/max12_812_order2_p0_total_rees_j2_a1_boundary_prolong_g16_v28_20260827/launch_host.sh: OK
./cases/max12_812_order2_p0_total_rees_j2_a1_boundary_prolong_g16_v28_20260827/prolong_boundary_g16_v28.py: OK
./cases/max12_812_order2_p0_total_rees_j2_a1_boundary_prolong_g16_v28_20260827/run_aws.sh: OK
./cases/max12_812_order2_p0_total_rees_j2_a1_boundary_prolong_g16_v28_20260827/validate_boundary_g16_v28.py: OK
./cases/max12_812_order2_p0_total_rees_j2_a1_boundary_prolong_g17_v30_20260827/FREEZE.sha256: OK
./cases/max12_812_order2_p0_total_rees_j2_a1_boundary_prolong_g17_v30_20260827/PREREGISTRATION.md: OK
./cases/max12_812_order2_p0_total_rees_j2_a1_boundary_prolong_g17_v30_20260827/aws_p65521/EVIDENCE.sha256: OK
./cases/max12_812_order2_p0_total_rees_j2_a1_boundary_prolong_g17_v30_20260827/aws_p65521/RESULT.json: OK
./cases/max12_812_order2_p0_total_rees_j2_a1_boundary_prolong_g17_v30_20260827/aws_p65521/compiled/Tg17_1_at_point_p65521.poly: OK
./cases/max12_812_order2_p0_total_rees_j2_a1_boundary_prolong_g17_v30_20260827/aws_p65521/compiled/Tg17_1_p65521.poly: OK
./cases/max12_812_order2_p0_total_rees_j2_a1_boundary_prolong_g17_v30_20260827/aws_p65521/compiled/Tg17_2_at_point_p65521.poly: OK
./cases/max12_812_order2_p0_total_rees_j2_a1_boundary_prolong_g17_v30_20260827/aws_p65521/compiled/Tg17_2_p65521.poly: OK
./cases/max12_812_order2_p0_total_rees_j2_a1_boundary_prolong_g17_v30_20260827/aws_p65521/compiled/Tg17_3_at_point_p65521.poly: OK
./cases/max12_812_order2_p0_total_rees_j2_a1_boundary_prolong_g17_v30_20260827/aws_p65521/compiled/Tg17_3_p65521.poly: OK
./cases/max12_812_order2_p0_total_rees_j2_a1_boundary_prolong_g17_v30_20260827/aws_p65521/compiled/Tg17_4_at_point_p65521.poly: OK
./cases/max12_812_order2_p0_total_rees_j2_a1_boundary_prolong_g17_v30_20260827/aws_p65521/compiled/Tg17_4_p65521.poly: OK
./cases/max12_812_order2_p0_total_rees_j2_a1_boundary_prolong_g17_v30_20260827/aws_p65521/compiled/Tg17_5_at_point_p65521.poly: OK
./cases/max12_812_order2_p0_total_rees_j2_a1_boundary_prolong_g17_v30_20260827/aws_p65521/compiled/Tg17_5_p65521.poly: OK
./cases/max12_812_order2_p0_total_rees_j2_a1_boundary_prolong_g17_v30_20260827/aws_p65521/compiled/Tg17_6_at_point_p65521.poly: OK
./cases/max12_812_order2_p0_total_rees_j2_a1_boundary_prolong_g17_v30_20260827/aws_p65521/compiled/Tg17_6_p65521.poly: OK
./cases/max12_812_order2_p0_total_rees_j2_a1_boundary_prolong_g17_v30_20260827/aws_p65521/compiled/Tg17_7_at_point_p65521.poly: OK
./cases/max12_812_order2_p0_total_rees_j2_a1_boundary_prolong_g17_v30_20260827/aws_p65521/compiled/Tg17_7_p65521.poly: OK
./cases/max12_812_order2_p0_total_rees_j2_a1_boundary_prolong_g17_v30_20260827/aws_p65521/compiled/boundary_prolong_g17_p65521.sing: OK
./cases/max12_812_order2_p0_total_rees_j2_a1_boundary_prolong_g17_v30_20260827/aws_p65521/compiled/result.json: OK
./cases/max12_812_order2_p0_total_rees_j2_a1_boundary_prolong_g17_v30_20260827/aws_p65521/freeze_check.stdout: OK
./cases/max12_812_order2_p0_total_rees_j2_a1_boundary_prolong_g17_v30_20260827/aws_p65521/launch_registration.txt: OK
./cases/max12_812_order2_p0_total_rees_j2_a1_boundary_prolong_g17_v30_20260827/aws_p65521/run/lanes.log: OK
./cases/max12_812_order2_p0_total_rees_j2_a1_boundary_prolong_g17_v30_20260827/aws_p65521/run/max12_812_order2_p0_total_rees_j2_a1_boundary_prolong_g17_v30_20260827T045000Z_p65521_compiler.meta: OK
./cases/max12_812_order2_p0_total_rees_j2_a1_boundary_prolong_g17_v30_20260827/aws_p65521/run/max12_812_order2_p0_total_rees_j2_a1_boundary_prolong_g17_v30_20260827T045000Z_p65521_compiler.stderr: OK
./cases/max12_812_order2_p0_total_rees_j2_a1_boundary_prolong_g17_v30_20260827/aws_p65521/run/max12_812_order2_p0_total_rees_j2_a1_boundary_prolong_g17_v30_20260827T045000Z_p65521_compiler.stdout: OK
./cases/max12_812_order2_p0_total_rees_j2_a1_boundary_prolong_g17_v30_20260827/aws_p65521/run/max12_812_order2_p0_total_rees_j2_a1_boundary_prolong_g17_v30_20260827T045000Z_p65521_singular.meta: OK
./cases/max12_812_order2_p0_total_rees_j2_a1_boundary_prolong_g17_v30_20260827/aws_p65521/run/max12_812_order2_p0_total_rees_j2_a1_boundary_prolong_g17_v30_20260827T045000Z_p65521_singular.stderr: OK
./cases/max12_812_order2_p0_total_rees_j2_a1_boundary_prolong_g17_v30_20260827/aws_p65521/run/max12_812_order2_p0_total_rees_j2_a1_boundary_prolong_g17_v30_20260827T045000Z_p65521_singular.stdout: OK
./cases/max12_812_order2_p0_total_rees_j2_a1_boundary_prolong_g17_v30_20260827/aws_p65521/run/max12_812_order2_p0_total_rees_j2_a1_boundary_prolong_g17_v30_20260827T045000Z_p65521_validator.meta: OK
./cases/max12_812_order2_p0_total_rees_j2_a1_boundary_prolong_g17_v30_20260827/aws_p65521/run/max12_812_order2_p0_total_rees_j2_a1_boundary_prolong_g17_v30_20260827T045000Z_p65521_validator.stderr: OK
./cases/max12_812_order2_p0_total_rees_j2_a1_boundary_prolong_g17_v30_20260827/aws_p65521/run/max12_812_order2_p0_total_rees_j2_a1_boundary_prolong_g17_v30_20260827T045000Z_p65521_validator.stdout: OK
./cases/max12_812_order2_p0_total_rees_j2_a1_boundary_prolong_g17_v30_20260827/aws_q/EVIDENCE.sha256: OK
./cases/max12_812_order2_p0_total_rees_j2_a1_boundary_prolong_g17_v30_20260827/aws_q/RESULT.json: OK
./cases/max12_812_order2_p0_total_rees_j2_a1_boundary_prolong_g17_v30_20260827/aws_q/compiled/Tg17_1_at_point_q.poly: OK
./cases/max12_812_order2_p0_total_rees_j2_a1_boundary_prolong_g17_v30_20260827/aws_q/compiled/Tg17_1_q.poly: OK
./cases/max12_812_order2_p0_total_rees_j2_a1_boundary_prolong_g17_v30_20260827/aws_q/compiled/Tg17_2_at_point_q.poly: OK
./cases/max12_812_order2_p0_total_rees_j2_a1_boundary_prolong_g17_v30_20260827/aws_q/compiled/Tg17_2_q.poly: OK
./cases/max12_812_order2_p0_total_rees_j2_a1_boundary_prolong_g17_v30_20260827/aws_q/compiled/Tg17_3_at_point_q.poly: OK
./cases/max12_812_order2_p0_total_rees_j2_a1_boundary_prolong_g17_v30_20260827/aws_q/compiled/Tg17_3_q.poly: OK
./cases/max12_812_order2_p0_total_rees_j2_a1_boundary_prolong_g17_v30_20260827/aws_q/compiled/Tg17_4_at_point_q.poly: OK
./cases/max12_812_order2_p0_total_rees_j2_a1_boundary_prolong_g17_v30_20260827/aws_q/compiled/Tg17_4_q.poly: OK
./cases/max12_812_order2_p0_total_rees_j2_a1_boundary_prolong_g17_v30_20260827/aws_q/compiled/Tg17_5_at_point_q.poly: OK
./cases/max12_812_order2_p0_total_rees_j2_a1_boundary_prolong_g17_v30_20260827/aws_q/compiled/Tg17_5_q.poly: OK
./cases/max12_812_order2_p0_total_rees_j2_a1_boundary_prolong_g17_v30_20260827/aws_q/compiled/Tg17_6_at_point_q.poly: OK
./cases/max12_812_order2_p0_total_rees_j2_a1_boundary_prolong_g17_v30_20260827/aws_q/compiled/Tg17_6_q.poly: OK
./cases/max12_812_order2_p0_total_rees_j2_a1_boundary_prolong_g17_v30_20260827/aws_q/compiled/Tg17_7_at_point_q.poly: OK
./cases/max12_812_order2_p0_total_rees_j2_a1_boundary_prolong_g17_v30_20260827/aws_q/compiled/Tg17_7_q.poly: OK
./cases/max12_812_order2_p0_total_rees_j2_a1_boundary_prolong_g17_v30_20260827/aws_q/compiled/boundary_prolong_g17_q.sing: OK
./cases/max12_812_order2_p0_total_rees_j2_a1_boundary_prolong_g17_v30_20260827/aws_q/compiled/result.json: OK
./cases/max12_812_order2_p0_total_rees_j2_a1_boundary_prolong_g17_v30_20260827/aws_q/freeze_check.stdout: OK
./cases/max12_812_order2_p0_total_rees_j2_a1_boundary_prolong_g17_v30_20260827/aws_q/launch_registration.txt: OK
./cases/max12_812_order2_p0_total_rees_j2_a1_boundary_prolong_g17_v30_20260827/aws_q/run/lanes.log: OK
./cases/max12_812_order2_p0_total_rees_j2_a1_boundary_prolong_g17_v30_20260827/aws_q/run/max12_812_order2_p0_total_rees_j2_a1_boundary_prolong_g17_v30_20260827T045000Z_q_compiler.meta: OK
./cases/max12_812_order2_p0_total_rees_j2_a1_boundary_prolong_g17_v30_20260827/aws_q/run/max12_812_order2_p0_total_rees_j2_a1_boundary_prolong_g17_v30_20260827T045000Z_q_compiler.stderr: OK
./cases/max12_812_order2_p0_total_rees_j2_a1_boundary_prolong_g17_v30_20260827/aws_q/run/max12_812_order2_p0_total_rees_j2_a1_boundary_prolong_g17_v30_20260827T045000Z_q_compiler.stdout: OK
./cases/max12_812_order2_p0_total_rees_j2_a1_boundary_prolong_g17_v30_20260827/aws_q/run/max12_812_order2_p0_total_rees_j2_a1_boundary_prolong_g17_v30_20260827T045000Z_q_singular.meta: OK
./cases/max12_812_order2_p0_total_rees_j2_a1_boundary_prolong_g17_v30_20260827/aws_q/run/max12_812_order2_p0_total_rees_j2_a1_boundary_prolong_g17_v30_20260827T045000Z_q_singular.stderr: OK
./cases/max12_812_order2_p0_total_rees_j2_a1_boundary_prolong_g17_v30_20260827/aws_q/run/max12_812_order2_p0_total_rees_j2_a1_boundary_prolong_g17_v30_20260827T045000Z_q_singular.stdout: OK
./cases/max12_812_order2_p0_total_rees_j2_a1_boundary_prolong_g17_v30_20260827/aws_q/run/max12_812_order2_p0_total_rees_j2_a1_boundary_prolong_g17_v30_20260827T045000Z_q_validator.meta: OK
./cases/max12_812_order2_p0_total_rees_j2_a1_boundary_prolong_g17_v30_20260827/aws_q/run/max12_812_order2_p0_total_rees_j2_a1_boundary_prolong_g17_v30_20260827T045000Z_q_validator.stderr: OK
./cases/max12_812_order2_p0_total_rees_j2_a1_boundary_prolong_g17_v30_20260827/aws_q/run/max12_812_order2_p0_total_rees_j2_a1_boundary_prolong_g17_v30_20260827T045000Z_q_validator.stdout: OK
./cases/max12_812_order2_p0_total_rees_j2_a1_boundary_prolong_g17_v30_20260827/launch_host.sh: OK
./cases/max12_812_order2_p0_total_rees_j2_a1_boundary_prolong_g17_v30_20260827/prolong_boundary_g17_v30.py: OK
./cases/max12_812_order2_p0_total_rees_j2_a1_boundary_prolong_g17_v30_20260827/run_aws.sh: OK
./cases/max12_812_order2_p0_total_rees_j2_a1_boundary_prolong_g17_v30_20260827/validate_boundary_g17_v30.py: OK
./cases/max12_812_order2_p0_total_rees_j2_a1_boundary_prolong_g18_v33_20260827/FREEZE.sha256: OK
./cases/max12_812_order2_p0_total_rees_j2_a1_boundary_prolong_g18_v33_20260827/PREREGISTRATION.md: OK
./cases/max12_812_order2_p0_total_rees_j2_a1_boundary_prolong_g18_v33_20260827/aws_p65521/EVIDENCE.sha256: OK
./cases/max12_812_order2_p0_total_rees_j2_a1_boundary_prolong_g18_v33_20260827/aws_p65521/RESULT.json: OK
./cases/max12_812_order2_p0_total_rees_j2_a1_boundary_prolong_g18_v33_20260827/aws_p65521/compiled/Tg18_1_at_point_p65521.poly: OK
./cases/max12_812_order2_p0_total_rees_j2_a1_boundary_prolong_g18_v33_20260827/aws_p65521/compiled/Tg18_1_p65521.poly: OK
./cases/max12_812_order2_p0_total_rees_j2_a1_boundary_prolong_g18_v33_20260827/aws_p65521/compiled/Tg18_2_at_point_p65521.poly: OK
./cases/max12_812_order2_p0_total_rees_j2_a1_boundary_prolong_g18_v33_20260827/aws_p65521/compiled/Tg18_2_p65521.poly: OK
./cases/max12_812_order2_p0_total_rees_j2_a1_boundary_prolong_g18_v33_20260827/aws_p65521/compiled/Tg18_3_at_point_p65521.poly: OK
./cases/max12_812_order2_p0_total_rees_j2_a1_boundary_prolong_g18_v33_20260827/aws_p65521/compiled/Tg18_3_p65521.poly: OK
./cases/max12_812_order2_p0_total_rees_j2_a1_boundary_prolong_g18_v33_20260827/aws_p65521/compiled/Tg18_4_at_point_p65521.poly: OK
./cases/max12_812_order2_p0_total_rees_j2_a1_boundary_prolong_g18_v33_20260827/aws_p65521/compiled/Tg18_4_p65521.poly: OK
./cases/max12_812_order2_p0_total_rees_j2_a1_boundary_prolong_g18_v33_20260827/aws_p65521/compiled/Tg18_5_at_point_p65521.poly: OK
./cases/max12_812_order2_p0_total_rees_j2_a1_boundary_prolong_g18_v33_20260827/aws_p65521/compiled/Tg18_5_p65521.poly: OK
./cases/max12_812_order2_p0_total_rees_j2_a1_boundary_prolong_g18_v33_20260827/aws_p65521/compiled/Tg18_6_at_point_p65521.poly: OK
./cases/max12_812_order2_p0_total_rees_j2_a1_boundary_prolong_g18_v33_20260827/aws_p65521/compiled/Tg18_6_p65521.poly: OK
./cases/max12_812_order2_p0_total_rees_j2_a1_boundary_prolong_g18_v33_20260827/aws_p65521/compiled/Tg18_7_at_point_p65521.poly: OK
./cases/max12_812_order2_p0_total_rees_j2_a1_boundary_prolong_g18_v33_20260827/aws_p65521/compiled/Tg18_7_p65521.poly: OK
./cases/max12_812_order2_p0_total_rees_j2_a1_boundary_prolong_g18_v33_20260827/aws_p65521/compiled/boundary_prolong_g18_p65521.sing: OK
./cases/max12_812_order2_p0_total_rees_j2_a1_boundary_prolong_g18_v33_20260827/aws_p65521/compiled/result.json: OK
./cases/max12_812_order2_p0_total_rees_j2_a1_boundary_prolong_g18_v33_20260827/aws_p65521/freeze_check.stdout: OK
./cases/max12_812_order2_p0_total_rees_j2_a1_boundary_prolong_g18_v33_20260827/aws_p65521/launch_registration.txt: OK
./cases/max12_812_order2_p0_total_rees_j2_a1_boundary_prolong_g18_v33_20260827/aws_p65521/run/lanes.log: OK
./cases/max12_812_order2_p0_total_rees_j2_a1_boundary_prolong_g18_v33_20260827/aws_p65521/run/max12_812_order2_p0_total_rees_j2_a1_boundary_prolong_g18_v33_20260827T053000Z_p65521_compiler.meta: OK
./cases/max12_812_order2_p0_total_rees_j2_a1_boundary_prolong_g18_v33_20260827/aws_p65521/run/max12_812_order2_p0_total_rees_j2_a1_boundary_prolong_g18_v33_20260827T053000Z_p65521_compiler.stderr: OK
./cases/max12_812_order2_p0_total_rees_j2_a1_boundary_prolong_g18_v33_20260827/aws_p65521/run/max12_812_order2_p0_total_rees_j2_a1_boundary_prolong_g18_v33_20260827T053000Z_p65521_compiler.stdout: OK
./cases/max12_812_order2_p0_total_rees_j2_a1_boundary_prolong_g18_v33_20260827/aws_p65521/run/max12_812_order2_p0_total_rees_j2_a1_boundary_prolong_g18_v33_20260827T053000Z_p65521_singular.meta: OK
./cases/max12_812_order2_p0_total_rees_j2_a1_boundary_prolong_g18_v33_20260827/aws_p65521/run/max12_812_order2_p0_total_rees_j2_a1_boundary_prolong_g18_v33_20260827T053000Z_p65521_singular.stderr: OK
./cases/max12_812_order2_p0_total_rees_j2_a1_boundary_prolong_g18_v33_20260827/aws_p65521/run/max12_812_order2_p0_total_rees_j2_a1_boundary_prolong_g18_v33_20260827T053000Z_p65521_singular.stdout: OK
./cases/max12_812_order2_p0_total_rees_j2_a1_boundary_prolong_g18_v33_20260827/aws_p65521/run/max12_812_order2_p0_total_rees_j2_a1_boundary_prolong_g18_v33_20260827T053000Z_p65521_validator.meta: OK
./cases/max12_812_order2_p0_total_rees_j2_a1_boundary_prolong_g18_v33_20260827/aws_p65521/run/max12_812_order2_p0_total_rees_j2_a1_boundary_prolong_g18_v33_20260827T053000Z_p65521_validator.stderr: OK
./cases/max12_812_order2_p0_total_rees_j2_a1_boundary_prolong_g18_v33_20260827/aws_p65521/run/max12_812_order2_p0_total_rees_j2_a1_boundary_prolong_g18_v33_20260827T053000Z_p65521_validator.stdout: OK
./cases/max12_812_order2_p0_total_rees_j2_a1_boundary_prolong_g18_v33_20260827/aws_q/EVIDENCE.sha256: OK
./cases/max12_812_order2_p0_total_rees_j2_a1_boundary_prolong_g18_v33_20260827/aws_q/RESULT.json: OK
./cases/max12_812_order2_p0_total_rees_j2_a1_boundary_prolong_g18_v33_20260827/aws_q/compiled/Tg18_1_at_point_q.poly: OK
./cases/max12_812_order2_p0_total_rees_j2_a1_boundary_prolong_g18_v33_20260827/aws_q/compiled/Tg18_1_q.poly: OK
./cases/max12_812_order2_p0_total_rees_j2_a1_boundary_prolong_g18_v33_20260827/aws_q/compiled/Tg18_2_at_point_q.poly: OK
./cases/max12_812_order2_p0_total_rees_j2_a1_boundary_prolong_g18_v33_20260827/aws_q/compiled/Tg18_2_q.poly: OK
./cases/max12_812_order2_p0_total_rees_j2_a1_boundary_prolong_g18_v33_20260827/aws_q/compiled/Tg18_3_at_point_q.poly: OK
./cases/max12_812_order2_p0_total_rees_j2_a1_boundary_prolong_g18_v33_20260827/aws_q/compiled/Tg18_3_q.poly: OK
./cases/max12_812_order2_p0_total_rees_j2_a1_boundary_prolong_g18_v33_20260827/aws_q/compiled/Tg18_4_at_point_q.poly: OK
./cases/max12_812_order2_p0_total_rees_j2_a1_boundary_prolong_g18_v33_20260827/aws_q/compiled/Tg18_4_q.poly: OK
./cases/max12_812_order2_p0_total_rees_j2_a1_boundary_prolong_g18_v33_20260827/aws_q/compiled/Tg18_5_at_point_q.poly: OK
./cases/max12_812_order2_p0_total_rees_j2_a1_boundary_prolong_g18_v33_20260827/aws_q/compiled/Tg18_5_q.poly: OK
./cases/max12_812_order2_p0_total_rees_j2_a1_boundary_prolong_g18_v33_20260827/aws_q/compiled/Tg18_6_at_point_q.poly: OK
./cases/max12_812_order2_p0_total_rees_j2_a1_boundary_prolong_g18_v33_20260827/aws_q/compiled/Tg18_6_q.poly: OK
./cases/max12_812_order2_p0_total_rees_j2_a1_boundary_prolong_g18_v33_20260827/aws_q/compiled/Tg18_7_at_point_q.poly: OK
./cases/max12_812_order2_p0_total_rees_j2_a1_boundary_prolong_g18_v33_20260827/aws_q/compiled/Tg18_7_q.poly: OK
./cases/max12_812_order2_p0_total_rees_j2_a1_boundary_prolong_g18_v33_20260827/aws_q/compiled/boundary_prolong_g18_q.sing: OK
./cases/max12_812_order2_p0_total_rees_j2_a1_boundary_prolong_g18_v33_20260827/aws_q/compiled/result.json: OK
./cases/max12_812_order2_p0_total_rees_j2_a1_boundary_prolong_g18_v33_20260827/aws_q/freeze_check.stdout: OK
./cases/max12_812_order2_p0_total_rees_j2_a1_boundary_prolong_g18_v33_20260827/aws_q/launch_registration.txt: OK
./cases/max12_812_order2_p0_total_rees_j2_a1_boundary_prolong_g18_v33_20260827/aws_q/run/lanes.log: OK
./cases/max12_812_order2_p0_total_rees_j2_a1_boundary_prolong_g18_v33_20260827/aws_q/run/max12_812_order2_p0_total_rees_j2_a1_boundary_prolong_g18_v33_20260827T053000Z_q_compiler.meta: OK
./cases/max12_812_order2_p0_total_rees_j2_a1_boundary_prolong_g18_v33_20260827/aws_q/run/max12_812_order2_p0_total_rees_j2_a1_boundary_prolong_g18_v33_20260827T053000Z_q_compiler.stderr: OK
./cases/max12_812_order2_p0_total_rees_j2_a1_boundary_prolong_g18_v33_20260827/aws_q/run/max12_812_order2_p0_total_rees_j2_a1_boundary_prolong_g18_v33_20260827T053000Z_q_compiler.stdout: OK
./cases/max12_812_order2_p0_total_rees_j2_a1_boundary_prolong_g18_v33_20260827/aws_q/run/max12_812_order2_p0_total_rees_j2_a1_boundary_prolong_g18_v33_20260827T053000Z_q_singular.meta: OK
./cases/max12_812_order2_p0_total_rees_j2_a1_boundary_prolong_g18_v33_20260827/aws_q/run/max12_812_order2_p0_total_rees_j2_a1_boundary_prolong_g18_v33_20260827T053000Z_q_singular.stderr: OK
./cases/max12_812_order2_p0_total_rees_j2_a1_boundary_prolong_g18_v33_20260827/aws_q/run/max12_812_order2_p0_total_rees_j2_a1_boundary_prolong_g18_v33_20260827T053000Z_q_singular.stdout: OK
./cases/max12_812_order2_p0_total_rees_j2_a1_boundary_prolong_g18_v33_20260827/aws_q/run/max12_812_order2_p0_total_rees_j2_a1_boundary_prolong_g18_v33_20260827T053000Z_q_validator.meta: OK
./cases/max12_812_order2_p0_total_rees_j2_a1_boundary_prolong_g18_v33_20260827/aws_q/run/max12_812_order2_p0_total_rees_j2_a1_boundary_prolong_g18_v33_20260827T053000Z_q_validator.stderr: OK
./cases/max12_812_order2_p0_total_rees_j2_a1_boundary_prolong_g18_v33_20260827/aws_q/run/max12_812_order2_p0_total_rees_j2_a1_boundary_prolong_g18_v33_20260827T053000Z_q_validator.stdout: OK
./cases/max12_812_order2_p0_total_rees_j2_a1_boundary_prolong_g18_v33_20260827/launch_host.sh: OK
./cases/max12_812_order2_p0_total_rees_j2_a1_boundary_prolong_g18_v33_20260827/prolong_boundary_g18_v33.py: OK
./cases/max12_812_order2_p0_total_rees_j2_a1_boundary_prolong_g18_v33_20260827/run_aws.sh: OK
./cases/max12_812_order2_p0_total_rees_j2_a1_boundary_prolong_g18_v33_20260827/validate_boundary_g18_v33.py: OK
./cases/max12_812_order2_p0_total_rees_j2_a1_grade19_rational_orbit_v35_20260827/ERRATUM.md: OK
./cases/max12_812_order2_p0_total_rees_j2_a1_grade19_rational_orbit_v35_20260827/FREEZE.sha256: OK
./cases/max12_812_order2_p0_total_rees_j2_a1_grade19_rational_orbit_v35_20260827/PREREGISTRATION.md: OK
./cases/max12_812_order2_p0_total_rees_j2_a1_grade19_rational_orbit_v35_20260827/aws_p65521/EVIDENCE.sha256: OK
./cases/max12_812_order2_p0_total_rees_j2_a1_grade19_rational_orbit_v35_20260827/aws_p65521/RESULT.json: OK
./cases/max12_812_order2_p0_total_rees_j2_a1_grade19_rational_orbit_v35_20260827/aws_p65521/compiled/Tg19_1_p65521.poly: OK
./cases/max12_812_order2_p0_total_rees_j2_a1_grade19_rational_orbit_v35_20260827/aws_p65521/compiled/Tg19_2_p65521.poly: OK
./cases/max12_812_order2_p0_total_rees_j2_a1_grade19_rational_orbit_v35_20260827/aws_p65521/compiled/Tg19_3_p65521.poly: OK
./cases/max12_812_order2_p0_total_rees_j2_a1_grade19_rational_orbit_v35_20260827/aws_p65521/compiled/Tg19_4_p65521.poly: OK
./cases/max12_812_order2_p0_total_rees_j2_a1_grade19_rational_orbit_v35_20260827/aws_p65521/compiled/Tg19_5_p65521.poly: OK
./cases/max12_812_order2_p0_total_rees_j2_a1_grade19_rational_orbit_v35_20260827/aws_p65521/compiled/Tg19_6_p65521.poly: OK
./cases/max12_812_order2_p0_total_rees_j2_a1_grade19_rational_orbit_v35_20260827/aws_p65521/compiled/Tg19_7_p65521.poly: OK
./cases/max12_812_order2_p0_total_rees_j2_a1_grade19_rational_orbit_v35_20260827/aws_p65521/compiled/result.json: OK
./cases/max12_812_order2_p0_total_rees_j2_a1_grade19_rational_orbit_v35_20260827/aws_p65521/freeze_check.stdout: OK
./cases/max12_812_order2_p0_total_rees_j2_a1_grade19_rational_orbit_v35_20260827/aws_p65521/launch_registration.txt: OK
./cases/max12_812_order2_p0_total_rees_j2_a1_grade19_rational_orbit_v35_20260827/aws_p65521/run/lanes.log: OK
./cases/max12_812_order2_p0_total_rees_j2_a1_grade19_rational_orbit_v35_20260827/aws_p65521/run/max12_812_order2_p0_total_rees_j2_a1_grade19_rational_orbit_v35_20260827T054712Z_p65521_compiler.meta: OK
./cases/max12_812_order2_p0_total_rees_j2_a1_grade19_rational_orbit_v35_20260827/aws_p65521/run/max12_812_order2_p0_total_rees_j2_a1_grade19_rational_orbit_v35_20260827T054712Z_p65521_compiler.stderr: OK
./cases/max12_812_order2_p0_total_rees_j2_a1_grade19_rational_orbit_v35_20260827/aws_p65521/run/max12_812_order2_p0_total_rees_j2_a1_grade19_rational_orbit_v35_20260827T054712Z_p65521_compiler.stdout: OK
./cases/max12_812_order2_p0_total_rees_j2_a1_grade19_rational_orbit_v35_20260827/aws_p65521/run/max12_812_order2_p0_total_rees_j2_a1_grade19_rational_orbit_v35_20260827T054712Z_p65521_validator.meta: OK
./cases/max12_812_order2_p0_total_rees_j2_a1_grade19_rational_orbit_v35_20260827/aws_p65521/run/max12_812_order2_p0_total_rees_j2_a1_grade19_rational_orbit_v35_20260827T054712Z_p65521_validator.stderr: OK
./cases/max12_812_order2_p0_total_rees_j2_a1_grade19_rational_orbit_v35_20260827/aws_p65521/run/max12_812_order2_p0_total_rees_j2_a1_grade19_rational_orbit_v35_20260827T054712Z_p65521_validator.stdout: OK
./cases/max12_812_order2_p0_total_rees_j2_a1_grade19_rational_orbit_v35_20260827/aws_q/EVIDENCE.sha256: OK
./cases/max12_812_order2_p0_total_rees_j2_a1_grade19_rational_orbit_v35_20260827/aws_q/RESULT.json: OK
./cases/max12_812_order2_p0_total_rees_j2_a1_grade19_rational_orbit_v35_20260827/aws_q/compiled/Tg19_1_q.poly: OK
./cases/max12_812_order2_p0_total_rees_j2_a1_grade19_rational_orbit_v35_20260827/aws_q/compiled/Tg19_2_q.poly: OK
./cases/max12_812_order2_p0_total_rees_j2_a1_grade19_rational_orbit_v35_20260827/aws_q/compiled/Tg19_3_q.poly: OK
./cases/max12_812_order2_p0_total_rees_j2_a1_grade19_rational_orbit_v35_20260827/aws_q/compiled/Tg19_4_q.poly: OK
./cases/max12_812_order2_p0_total_rees_j2_a1_grade19_rational_orbit_v35_20260827/aws_q/compiled/Tg19_5_q.poly: OK
./cases/max12_812_order2_p0_total_rees_j2_a1_grade19_rational_orbit_v35_20260827/aws_q/compiled/Tg19_6_q.poly: OK
./cases/max12_812_order2_p0_total_rees_j2_a1_grade19_rational_orbit_v35_20260827/aws_q/compiled/Tg19_7_q.poly: OK
./cases/max12_812_order2_p0_total_rees_j2_a1_grade19_rational_orbit_v35_20260827/aws_q/compiled/result.json: OK
./cases/max12_812_order2_p0_total_rees_j2_a1_grade19_rational_orbit_v35_20260827/aws_q/freeze_check.stdout: OK
./cases/max12_812_order2_p0_total_rees_j2_a1_grade19_rational_orbit_v35_20260827/aws_q/launch_registration.txt: OK
./cases/max12_812_order2_p0_total_rees_j2_a1_grade19_rational_orbit_v35_20260827/aws_q/run/lanes.log: OK
./cases/max12_812_order2_p0_total_rees_j2_a1_grade19_rational_orbit_v35_20260827/aws_q/run/max12_812_order2_p0_total_rees_j2_a1_grade19_rational_orbit_v35_20260827T054712Z_q_compiler.meta: OK
./cases/max12_812_order2_p0_total_rees_j2_a1_grade19_rational_orbit_v35_20260827/aws_q/run/max12_812_order2_p0_total_rees_j2_a1_grade19_rational_orbit_v35_20260827T054712Z_q_compiler.stderr: OK
./cases/max12_812_order2_p0_total_rees_j2_a1_grade19_rational_orbit_v35_20260827/aws_q/run/max12_812_order2_p0_total_rees_j2_a1_grade19_rational_orbit_v35_20260827T054712Z_q_compiler.stdout: OK
./cases/max12_812_order2_p0_total_rees_j2_a1_grade19_rational_orbit_v35_20260827/aws_q/run/max12_812_order2_p0_total_rees_j2_a1_grade19_rational_orbit_v35_20260827T054712Z_q_validator.meta: OK
./cases/max12_812_order2_p0_total_rees_j2_a1_grade19_rational_orbit_v35_20260827/aws_q/run/max12_812_order2_p0_total_rees_j2_a1_grade19_rational_orbit_v35_20260827T054712Z_q_validator.stderr: OK
./cases/max12_812_order2_p0_total_rees_j2_a1_grade19_rational_orbit_v35_20260827/aws_q/run/max12_812_order2_p0_total_rees_j2_a1_grade19_rational_orbit_v35_20260827T054712Z_q_validator.stdout: OK
./cases/max12_812_order2_p0_total_rees_j2_a1_grade19_rational_orbit_v35_20260827/evaluate_grade19_orbit_v35.py: OK
./cases/max12_812_order2_p0_total_rees_j2_a1_grade19_rational_orbit_v35_20260827/launch_host.sh: OK
./cases/max12_812_order2_p0_total_rees_j2_a1_grade19_rational_orbit_v35_20260827/run_aws.sh: OK
./cases/max12_812_order2_p0_total_rees_j2_a1_grade19_rational_orbit_v35_20260827/validate_grade19_orbit_v35.py: OK
./cases/max12_812_order2_p0_total_rees_j2_a1_graded_ladder_v37_20260827/ERRATUM.md: OK
./cases/max12_812_order2_p0_total_rees_j2_a1_graded_ladder_v37_20260827/FREEZE.sha256: OK
./cases/max12_812_order2_p0_total_rees_j2_a1_graded_ladder_v37_20260827/PREREGISTRATION.md: OK
./cases/max12_812_order2_p0_total_rees_j2_a1_graded_ladder_v37_20260827/aws_q65519/EVIDENCE.sha256: OK
./cases/max12_812_order2_p0_total_rees_j2_a1_graded_ladder_v37_20260827/aws_q65519/RESULT.json: OK
./cases/max12_812_order2_p0_total_rees_j2_a1_graded_ladder_v37_20260827/aws_q65519/compiled/result.json: OK
./cases/max12_812_order2_p0_total_rees_j2_a1_graded_ladder_v37_20260827/aws_q65519/freeze_check.stdout: OK
./cases/max12_812_order2_p0_total_rees_j2_a1_graded_ladder_v37_20260827/aws_q65519/launch_registration.txt: OK
./cases/max12_812_order2_p0_total_rees_j2_a1_graded_ladder_v37_20260827/aws_q65519/run/lanes.log: OK
./cases/max12_812_order2_p0_total_rees_j2_a1_graded_ladder_v37_20260827/aws_q65519/run/max12_812_order2_p0_total_rees_j2_a1_graded_ladder_v37_20260827T062703Z_q65519_compiler.meta: OK
./cases/max12_812_order2_p0_total_rees_j2_a1_graded_ladder_v37_20260827/aws_q65519/run/max12_812_order2_p0_total_rees_j2_a1_graded_ladder_v37_20260827T062703Z_q65519_compiler.stderr: OK
./cases/max12_812_order2_p0_total_rees_j2_a1_graded_ladder_v37_20260827/aws_q65519/run/max12_812_order2_p0_total_rees_j2_a1_graded_ladder_v37_20260827T062703Z_q65519_compiler.stdout: OK
./cases/max12_812_order2_p0_total_rees_j2_a1_graded_ladder_v37_20260827/aws_q65519/run/max12_812_order2_p0_total_rees_j2_a1_graded_ladder_v37_20260827T062703Z_q65519_validator.meta: OK
./cases/max12_812_order2_p0_total_rees_j2_a1_graded_ladder_v37_20260827/aws_q65519/run/max12_812_order2_p0_total_rees_j2_a1_graded_ladder_v37_20260827T062703Z_q65519_validator.stderr: OK
./cases/max12_812_order2_p0_total_rees_j2_a1_graded_ladder_v37_20260827/aws_q65519/run/max12_812_order2_p0_total_rees_j2_a1_graded_ladder_v37_20260827T062703Z_q65519_validator.stdout: OK
./cases/max12_812_order2_p0_total_rees_j2_a1_graded_ladder_v37_20260827/aws_q65521/EVIDENCE.sha256: OK
./cases/max12_812_order2_p0_total_rees_j2_a1_graded_ladder_v37_20260827/aws_q65521/RESULT.json: OK
./cases/max12_812_order2_p0_total_rees_j2_a1_graded_ladder_v37_20260827/aws_q65521/compiled/result.json: OK
./cases/max12_812_order2_p0_total_rees_j2_a1_graded_ladder_v37_20260827/aws_q65521/freeze_check.stdout: OK
./cases/max12_812_order2_p0_total_rees_j2_a1_graded_ladder_v37_20260827/aws_q65521/launch_registration.txt: OK
./cases/max12_812_order2_p0_total_rees_j2_a1_graded_ladder_v37_20260827/aws_q65521/run/lanes.log: OK
./cases/max12_812_order2_p0_total_rees_j2_a1_graded_ladder_v37_20260827/aws_q65521/run/max12_812_order2_p0_total_rees_j2_a1_graded_ladder_v37_20260827T062703Z_q65521_compiler.meta: OK
./cases/max12_812_order2_p0_total_rees_j2_a1_graded_ladder_v37_20260827/aws_q65521/run/max12_812_order2_p0_total_rees_j2_a1_graded_ladder_v37_20260827T062703Z_q65521_compiler.stderr: OK
./cases/max12_812_order2_p0_total_rees_j2_a1_graded_ladder_v37_20260827/aws_q65521/run/max12_812_order2_p0_total_rees_j2_a1_graded_ladder_v37_20260827T062703Z_q65521_compiler.stdout: OK
./cases/max12_812_order2_p0_total_rees_j2_a1_graded_ladder_v37_20260827/aws_q65521/run/max12_812_order2_p0_total_rees_j2_a1_graded_ladder_v37_20260827T062703Z_q65521_validator.meta: OK
./cases/max12_812_order2_p0_total_rees_j2_a1_graded_ladder_v37_20260827/aws_q65521/run/max12_812_order2_p0_total_rees_j2_a1_graded_ladder_v37_20260827T062703Z_q65521_validator.stderr: OK
./cases/max12_812_order2_p0_total_rees_j2_a1_graded_ladder_v37_20260827/aws_q65521/run/max12_812_order2_p0_total_rees_j2_a1_graded_ladder_v37_20260827T062703Z_q65521_validator.stdout: OK
./cases/max12_812_order2_p0_total_rees_j2_a1_graded_ladder_v37_20260827/launch_host.sh: OK
./cases/max12_812_order2_p0_total_rees_j2_a1_graded_ladder_v37_20260827/run_aws.sh: OK
./cases/max12_812_order2_p0_total_rees_j2_a1_graded_ladder_v37_20260827/solve_graded_ladder_v37.py: OK
./cases/max12_812_order2_p0_total_rees_j2_a1_graded_ladder_v37_20260827/validate_graded_ladder_v37.py: OK
./cases/max12_812_order2_p0_total_rees_j2_a1_radical_cascade_closure_v42_20260827/FREEZE.sha256: OK
./cases/max12_812_order2_p0_total_rees_j2_a1_radical_cascade_closure_v42_20260827/RESULT.json: OK
./cases/max12_812_order2_p0_total_rees_j2_a1_radical_cascade_closure_v42_20260827/replay_a1_cascade_closure_v42.py: OK
./cases/max12_812_order2_p0_total_rees_j2_a1_radical_cascade_review_v41_20260827/replay_cascade_review.py: OK
./cases/max12_812_order2_p0_total_rees_j2_a1_total_dvr_w30_v43_20260827/MODULE_SYNTAX_PROBE.sing: OK
./cases/max12_812_order2_p0_total_rees_j2_a1_total_dvr_w30_v43_20260827/PREREGISTRATION.md: OK
./cases/max12_812_order2_p0_total_rees_j2_a1_total_dvr_w30_v43_20260827/compile_cascade_dehom_v43.py: OK
./cases/max12_812_order2_p0_total_rees_j2_a1_total_dvr_w30_v43_20260827/compile_rho0_dual_linbox_v43.py: OK
./cases/max12_812_order2_p0_total_rees_j2_a1_total_dvr_w30_v43_20260827/compile_total_dvr_w30_v43.py: OK
./cases/max12_812_order2_p0_total_rees_j2_a1_total_dvr_w30_v43_20260827/homogenize_cascade_lift_v43.py: OK
./cases/max12_812_order2_p0_total_rees_j2_a1_total_dvr_w30_v43_20260827/rho0_dual_linbox_v43.cpp: OK
./cases/max12_812_order2_p0_total_rees_j2_a1_total_dvr_w30_v43_20260827/run_dehom_aws.sh: OK
./cases/max12_812_order2_p0_total_rees_j2_a1_total_dvr_w30_v43_20260827/run_rho0_dual_linbox_aws.sh: OK
./cases/max12_812_order2_p0_total_rees_j2_a1_total_dvr_w30_v43_20260827/validate_rho0_dual_linbox_v43.py: OK
./cases/max12_812_order2_p0_total_rees_j2_typed_census_v23_20260827/FREEZE.sha256: OK
./cases/max12_812_order2_p0_total_rees_j2_typed_census_v23_20260827/FREEZE_R1.sha256: OK
./cases/max12_812_order2_p0_total_rees_j2_typed_census_v23_20260827/PREREGISTRATION.md: OK
./cases/max12_812_order2_p0_total_rees_j2_typed_census_v23_20260827/PREREGISTRATION_R1.md: OK
./cases/max12_812_order2_p0_total_rees_j2_typed_census_v23_20260827/V23_V1_CONTROL_ERRATUM.md: OK
./cases/max12_812_order2_p0_total_rees_j2_typed_census_v23_20260827/census_j2_typed_v23.py: OK
./cases/max12_812_order2_p0_total_rees_j2_typed_census_v23_20260827/census_j2_typed_v23r1.py: OK
./cases/max12_812_order2_p0_total_rees_j2_typed_census_v23_20260827/output/a0_chart/Tg10_1.poly: OK
./cases/max12_812_order2_p0_total_rees_j2_typed_census_v23_20260827/output/a0_chart/Tg10_2.poly: OK
./cases/max12_812_order2_p0_total_rees_j2_typed_census_v23_20260827/output/a0_chart/Tg10_3.poly: OK
./cases/max12_812_order2_p0_total_rees_j2_typed_census_v23_20260827/output/a0_chart/Tg10_4.poly: OK
./cases/max12_812_order2_p0_total_rees_j2_typed_census_v23_20260827/output/a0_chart/Tg10_5.poly: OK
./cases/max12_812_order2_p0_total_rees_j2_typed_census_v23_20260827/output/a0_chart/Tg10_6.poly: OK
./cases/max12_812_order2_p0_total_rees_j2_typed_census_v23_20260827/output/a0_chart/Tg10_7.poly: OK
./cases/max12_812_order2_p0_total_rees_j2_typed_census_v23_20260827/output/a0_chart/Tg11_1.poly: OK
./cases/max12_812_order2_p0_total_rees_j2_typed_census_v23_20260827/output/a0_chart/Tg11_2.poly: OK
./cases/max12_812_order2_p0_total_rees_j2_typed_census_v23_20260827/output/a0_chart/Tg11_3.poly: OK
./cases/max12_812_order2_p0_total_rees_j2_typed_census_v23_20260827/output/a0_chart/Tg11_4.poly: OK
./cases/max12_812_order2_p0_total_rees_j2_typed_census_v23_20260827/output/a0_chart/Tg11_5.poly: OK
./cases/max12_812_order2_p0_total_rees_j2_typed_census_v23_20260827/output/a0_chart/Tg11_6.poly: OK
./cases/max12_812_order2_p0_total_rees_j2_typed_census_v23_20260827/output/a0_chart/Tg11_7.poly: OK
./cases/max12_812_order2_p0_total_rees_j2_typed_census_v23_20260827/output/a0_chart/Tg12_1.poly: OK
./cases/max12_812_order2_p0_total_rees_j2_typed_census_v23_20260827/output/a0_chart/Tg12_2.poly: OK
./cases/max12_812_order2_p0_total_rees_j2_typed_census_v23_20260827/output/a0_chart/Tg12_3.poly: OK
./cases/max12_812_order2_p0_total_rees_j2_typed_census_v23_20260827/output/a0_chart/Tg12_4.poly: OK
./cases/max12_812_order2_p0_total_rees_j2_typed_census_v23_20260827/output/a0_chart/Tg12_5.poly: OK
./cases/max12_812_order2_p0_total_rees_j2_typed_census_v23_20260827/output/a0_chart/Tg12_6.poly: OK
./cases/max12_812_order2_p0_total_rees_j2_typed_census_v23_20260827/output/a0_chart/Tg12_7.poly: OK
./cases/max12_812_order2_p0_total_rees_j2_typed_census_v23_20260827/output/a0_chart/Tg13_1.poly: OK
./cases/max12_812_order2_p0_total_rees_j2_typed_census_v23_20260827/output/a0_chart/Tg13_2.poly: OK
./cases/max12_812_order2_p0_total_rees_j2_typed_census_v23_20260827/output/a0_chart/Tg13_3.poly: OK
./cases/max12_812_order2_p0_total_rees_j2_typed_census_v23_20260827/output/a0_chart/Tg13_4.poly: OK
./cases/max12_812_order2_p0_total_rees_j2_typed_census_v23_20260827/output/a0_chart/Tg13_5.poly: OK
./cases/max12_812_order2_p0_total_rees_j2_typed_census_v23_20260827/output/a0_chart/Tg13_6.poly: OK
./cases/max12_812_order2_p0_total_rees_j2_typed_census_v23_20260827/output/a0_chart/Tg13_7.poly: OK
./cases/max12_812_order2_p0_total_rees_j2_typed_census_v23_20260827/output/a0_chart/Tg14_1.poly: OK
./cases/max12_812_order2_p0_total_rees_j2_typed_census_v23_20260827/output/a0_chart/Tg14_2.poly: OK
./cases/max12_812_order2_p0_total_rees_j2_typed_census_v23_20260827/output/a0_chart/Tg14_3.poly: OK
./cases/max12_812_order2_p0_total_rees_j2_typed_census_v23_20260827/output/a0_chart/Tg14_4.poly: OK
./cases/max12_812_order2_p0_total_rees_j2_typed_census_v23_20260827/output/a0_chart/Tg14_5.poly: OK
./cases/max12_812_order2_p0_total_rees_j2_typed_census_v23_20260827/output/a0_chart/Tg14_6.poly: OK
./cases/max12_812_order2_p0_total_rees_j2_typed_census_v23_20260827/output/a0_chart/Tg14_7.poly: OK
./cases/max12_812_order2_p0_total_rees_j2_typed_census_v23_20260827/output/a0_chart/Tg15_1.poly: OK
./cases/max12_812_order2_p0_total_rees_j2_typed_census_v23_20260827/output/a0_chart/Tg15_2.poly: OK
./cases/max12_812_order2_p0_total_rees_j2_typed_census_v23_20260827/output/a0_chart/Tg15_3.poly: OK
./cases/max12_812_order2_p0_total_rees_j2_typed_census_v23_20260827/output/a0_chart/Tg15_4.poly: OK
./cases/max12_812_order2_p0_total_rees_j2_typed_census_v23_20260827/output/a0_chart/Tg15_5.poly: OK
./cases/max12_812_order2_p0_total_rees_j2_typed_census_v23_20260827/output/a0_chart/Tg15_6.poly: OK
./cases/max12_812_order2_p0_total_rees_j2_typed_census_v23_20260827/output/a0_chart/Tg15_7.poly: OK
./cases/max12_812_order2_p0_total_rees_j2_typed_census_v23_20260827/output/a1_ordered/Tg10_1.poly: OK
./cases/max12_812_order2_p0_total_rees_j2_typed_census_v23_20260827/output/a1_ordered/Tg10_2.poly: OK
./cases/max12_812_order2_p0_total_rees_j2_typed_census_v23_20260827/output/a1_ordered/Tg10_3.poly: OK
./cases/max12_812_order2_p0_total_rees_j2_typed_census_v23_20260827/output/a1_ordered/Tg10_4.poly: OK
./cases/max12_812_order2_p0_total_rees_j2_typed_census_v23_20260827/output/a1_ordered/Tg10_5.poly: OK
./cases/max12_812_order2_p0_total_rees_j2_typed_census_v23_20260827/output/a1_ordered/Tg10_6.poly: OK
./cases/max12_812_order2_p0_total_rees_j2_typed_census_v23_20260827/output/a1_ordered/Tg10_7.poly: OK
./cases/max12_812_order2_p0_total_rees_j2_typed_census_v23_20260827/output/a1_ordered/Tg11_1.poly: OK
./cases/max12_812_order2_p0_total_rees_j2_typed_census_v23_20260827/output/a1_ordered/Tg11_2.poly: OK
./cases/max12_812_order2_p0_total_rees_j2_typed_census_v23_20260827/output/a1_ordered/Tg11_3.poly: OK
./cases/max12_812_order2_p0_total_rees_j2_typed_census_v23_20260827/output/a1_ordered/Tg11_4.poly: OK
./cases/max12_812_order2_p0_total_rees_j2_typed_census_v23_20260827/output/a1_ordered/Tg11_5.poly: OK
./cases/max12_812_order2_p0_total_rees_j2_typed_census_v23_20260827/output/a1_ordered/Tg11_6.poly: OK
./cases/max12_812_order2_p0_total_rees_j2_typed_census_v23_20260827/output/a1_ordered/Tg11_7.poly: OK
./cases/max12_812_order2_p0_total_rees_j2_typed_census_v23_20260827/output/a1_ordered/Tg12_1.poly: OK
./cases/max12_812_order2_p0_total_rees_j2_typed_census_v23_20260827/output/a1_ordered/Tg12_2.poly: OK
./cases/max12_812_order2_p0_total_rees_j2_typed_census_v23_20260827/output/a1_ordered/Tg12_3.poly: OK
./cases/max12_812_order2_p0_total_rees_j2_typed_census_v23_20260827/output/a1_ordered/Tg12_4.poly: OK
./cases/max12_812_order2_p0_total_rees_j2_typed_census_v23_20260827/output/a1_ordered/Tg12_5.poly: OK
./cases/max12_812_order2_p0_total_rees_j2_typed_census_v23_20260827/output/a1_ordered/Tg12_6.poly: OK
./cases/max12_812_order2_p0_total_rees_j2_typed_census_v23_20260827/output/a1_ordered/Tg12_7.poly: OK
./cases/max12_812_order2_p0_total_rees_j2_typed_census_v23_20260827/output/a1_ordered/Tg13_1.poly: OK
./cases/max12_812_order2_p0_total_rees_j2_typed_census_v23_20260827/output/a1_ordered/Tg13_2.poly: OK
./cases/max12_812_order2_p0_total_rees_j2_typed_census_v23_20260827/output/a1_ordered/Tg13_3.poly: OK
./cases/max12_812_order2_p0_total_rees_j2_typed_census_v23_20260827/output/a1_ordered/Tg13_4.poly: OK
./cases/max12_812_order2_p0_total_rees_j2_typed_census_v23_20260827/output/a1_ordered/Tg13_5.poly: OK
./cases/max12_812_order2_p0_total_rees_j2_typed_census_v23_20260827/output/a1_ordered/Tg13_6.poly: OK
./cases/max12_812_order2_p0_total_rees_j2_typed_census_v23_20260827/output/a1_ordered/Tg13_7.poly: OK
./cases/max12_812_order2_p0_total_rees_j2_typed_census_v23_20260827/output/a1_ordered/Tg14_1.poly: OK
./cases/max12_812_order2_p0_total_rees_j2_typed_census_v23_20260827/output/a1_ordered/Tg14_2.poly: OK
./cases/max12_812_order2_p0_total_rees_j2_typed_census_v23_20260827/output/a1_ordered/Tg14_3.poly: OK
./cases/max12_812_order2_p0_total_rees_j2_typed_census_v23_20260827/output/a1_ordered/Tg14_4.poly: OK
./cases/max12_812_order2_p0_total_rees_j2_typed_census_v23_20260827/output/a1_ordered/Tg14_5.poly: OK
./cases/max12_812_order2_p0_total_rees_j2_typed_census_v23_20260827/output/a1_ordered/Tg14_6.poly: OK
./cases/max12_812_order2_p0_total_rees_j2_typed_census_v23_20260827/output/a1_ordered/Tg14_7.poly: OK
./cases/max12_812_order2_p0_total_rees_j2_typed_census_v23_20260827/output/a1_ordered/Tg15_1.poly: OK
./cases/max12_812_order2_p0_total_rees_j2_typed_census_v23_20260827/output/a1_ordered/Tg15_2.poly: OK
./cases/max12_812_order2_p0_total_rees_j2_typed_census_v23_20260827/output/a1_ordered/Tg15_3.poly: OK
./cases/max12_812_order2_p0_total_rees_j2_typed_census_v23_20260827/output/a1_ordered/Tg15_4.poly: OK
./cases/max12_812_order2_p0_total_rees_j2_typed_census_v23_20260827/output/a1_ordered/Tg15_5.poly: OK
./cases/max12_812_order2_p0_total_rees_j2_typed_census_v23_20260827/output/a1_ordered/Tg15_6.poly: OK
./cases/max12_812_order2_p0_total_rees_j2_typed_census_v23_20260827/output/a1_ordered/Tg15_7.poly: OK
./cases/max12_812_order2_p0_total_rees_j2_typed_census_v23_20260827/output_r1/RESULT.json: OK
./cases/max12_812_order2_p0_total_rees_j2_typed_census_v23_20260827/output_r1/a0_chart/Tg10_1.poly: OK
./cases/max12_812_order2_p0_total_rees_j2_typed_census_v23_20260827/output_r1/a0_chart/Tg10_2.poly: OK
./cases/max12_812_order2_p0_total_rees_j2_typed_census_v23_20260827/output_r1/a0_chart/Tg10_3.poly: OK
./cases/max12_812_order2_p0_total_rees_j2_typed_census_v23_20260827/output_r1/a0_chart/Tg10_4.poly: OK
./cases/max12_812_order2_p0_total_rees_j2_typed_census_v23_20260827/output_r1/a0_chart/Tg10_5.poly: OK
./cases/max12_812_order2_p0_total_rees_j2_typed_census_v23_20260827/output_r1/a0_chart/Tg10_6.poly: OK
./cases/max12_812_order2_p0_total_rees_j2_typed_census_v23_20260827/output_r1/a0_chart/Tg10_7.poly: OK
./cases/max12_812_order2_p0_total_rees_j2_typed_census_v23_20260827/output_r1/a0_chart/Tg11_1.poly: OK
./cases/max12_812_order2_p0_total_rees_j2_typed_census_v23_20260827/output_r1/a0_chart/Tg11_2.poly: OK
./cases/max12_812_order2_p0_total_rees_j2_typed_census_v23_20260827/output_r1/a0_chart/Tg11_3.poly: OK
./cases/max12_812_order2_p0_total_rees_j2_typed_census_v23_20260827/output_r1/a0_chart/Tg11_4.poly: OK
./cases/max12_812_order2_p0_total_rees_j2_typed_census_v23_20260827/output_r1/a0_chart/Tg11_5.poly: OK
./cases/max12_812_order2_p0_total_rees_j2_typed_census_v23_20260827/output_r1/a0_chart/Tg11_6.poly: OK
./cases/max12_812_order2_p0_total_rees_j2_typed_census_v23_20260827/output_r1/a0_chart/Tg11_7.poly: OK
./cases/max12_812_order2_p0_total_rees_j2_typed_census_v23_20260827/output_r1/a0_chart/Tg12_1.poly: OK
./cases/max12_812_order2_p0_total_rees_j2_typed_census_v23_20260827/output_r1/a0_chart/Tg12_2.poly: OK
./cases/max12_812_order2_p0_total_rees_j2_typed_census_v23_20260827/output_r1/a0_chart/Tg12_3.poly: OK
./cases/max12_812_order2_p0_total_rees_j2_typed_census_v23_20260827/output_r1/a0_chart/Tg12_4.poly: OK
./cases/max12_812_order2_p0_total_rees_j2_typed_census_v23_20260827/output_r1/a0_chart/Tg12_5.poly: OK
./cases/max12_812_order2_p0_total_rees_j2_typed_census_v23_20260827/output_r1/a0_chart/Tg12_6.poly: OK
./cases/max12_812_order2_p0_total_rees_j2_typed_census_v23_20260827/output_r1/a0_chart/Tg12_7.poly: OK
./cases/max12_812_order2_p0_total_rees_j2_typed_census_v23_20260827/output_r1/a0_chart/Tg13_1.poly: OK
./cases/max12_812_order2_p0_total_rees_j2_typed_census_v23_20260827/output_r1/a0_chart/Tg13_2.poly: OK
./cases/max12_812_order2_p0_total_rees_j2_typed_census_v23_20260827/output_r1/a0_chart/Tg13_3.poly: OK
./cases/max12_812_order2_p0_total_rees_j2_typed_census_v23_20260827/output_r1/a0_chart/Tg13_4.poly: OK
./cases/max12_812_order2_p0_total_rees_j2_typed_census_v23_20260827/output_r1/a0_chart/Tg13_5.poly: OK
./cases/max12_812_order2_p0_total_rees_j2_typed_census_v23_20260827/output_r1/a0_chart/Tg13_6.poly: OK
./cases/max12_812_order2_p0_total_rees_j2_typed_census_v23_20260827/output_r1/a0_chart/Tg13_7.poly: OK
./cases/max12_812_order2_p0_total_rees_j2_typed_census_v23_20260827/output_r1/a0_chart/Tg14_1.poly: OK
./cases/max12_812_order2_p0_total_rees_j2_typed_census_v23_20260827/output_r1/a0_chart/Tg14_2.poly: OK
./cases/max12_812_order2_p0_total_rees_j2_typed_census_v23_20260827/output_r1/a0_chart/Tg14_3.poly: OK
./cases/max12_812_order2_p0_total_rees_j2_typed_census_v23_20260827/output_r1/a0_chart/Tg14_4.poly: OK
./cases/max12_812_order2_p0_total_rees_j2_typed_census_v23_20260827/output_r1/a0_chart/Tg14_5.poly: OK
./cases/max12_812_order2_p0_total_rees_j2_typed_census_v23_20260827/output_r1/a0_chart/Tg14_6.poly: OK
./cases/max12_812_order2_p0_total_rees_j2_typed_census_v23_20260827/output_r1/a0_chart/Tg14_7.poly: OK
./cases/max12_812_order2_p0_total_rees_j2_typed_census_v23_20260827/output_r1/a0_chart/Tg15_1.poly: OK
./cases/max12_812_order2_p0_total_rees_j2_typed_census_v23_20260827/output_r1/a0_chart/Tg15_2.poly: OK
./cases/max12_812_order2_p0_total_rees_j2_typed_census_v23_20260827/output_r1/a0_chart/Tg15_3.poly: OK
./cases/max12_812_order2_p0_total_rees_j2_typed_census_v23_20260827/output_r1/a0_chart/Tg15_4.poly: OK
./cases/max12_812_order2_p0_total_rees_j2_typed_census_v23_20260827/output_r1/a0_chart/Tg15_5.poly: OK
./cases/max12_812_order2_p0_total_rees_j2_typed_census_v23_20260827/output_r1/a0_chart/Tg15_6.poly: OK
./cases/max12_812_order2_p0_total_rees_j2_typed_census_v23_20260827/output_r1/a0_chart/Tg15_7.poly: OK
./cases/max12_812_order2_p0_total_rees_j2_typed_census_v23_20260827/output_r1/a1_ordered/Tg10_1.poly: OK
./cases/max12_812_order2_p0_total_rees_j2_typed_census_v23_20260827/output_r1/a1_ordered/Tg10_2.poly: OK
./cases/max12_812_order2_p0_total_rees_j2_typed_census_v23_20260827/output_r1/a1_ordered/Tg10_3.poly: OK
./cases/max12_812_order2_p0_total_rees_j2_typed_census_v23_20260827/output_r1/a1_ordered/Tg10_4.poly: OK
./cases/max12_812_order2_p0_total_rees_j2_typed_census_v23_20260827/output_r1/a1_ordered/Tg10_5.poly: OK
./cases/max12_812_order2_p0_total_rees_j2_typed_census_v23_20260827/output_r1/a1_ordered/Tg10_6.poly: OK
./cases/max12_812_order2_p0_total_rees_j2_typed_census_v23_20260827/output_r1/a1_ordered/Tg10_7.poly: OK
./cases/max12_812_order2_p0_total_rees_j2_typed_census_v23_20260827/output_r1/a1_ordered/Tg11_1.poly: OK
./cases/max12_812_order2_p0_total_rees_j2_typed_census_v23_20260827/output_r1/a1_ordered/Tg11_2.poly: OK
./cases/max12_812_order2_p0_total_rees_j2_typed_census_v23_20260827/output_r1/a1_ordered/Tg11_3.poly: OK
./cases/max12_812_order2_p0_total_rees_j2_typed_census_v23_20260827/output_r1/a1_ordered/Tg11_4.poly: OK
./cases/max12_812_order2_p0_total_rees_j2_typed_census_v23_20260827/output_r1/a1_ordered/Tg11_5.poly: OK
./cases/max12_812_order2_p0_total_rees_j2_typed_census_v23_20260827/output_r1/a1_ordered/Tg11_6.poly: OK
./cases/max12_812_order2_p0_total_rees_j2_typed_census_v23_20260827/output_r1/a1_ordered/Tg11_7.poly: OK
./cases/max12_812_order2_p0_total_rees_j2_typed_census_v23_20260827/output_r1/a1_ordered/Tg12_1.poly: OK
./cases/max12_812_order2_p0_total_rees_j2_typed_census_v23_20260827/output_r1/a1_ordered/Tg12_2.poly: OK
./cases/max12_812_order2_p0_total_rees_j2_typed_census_v23_20260827/output_r1/a1_ordered/Tg12_3.poly: OK
./cases/max12_812_order2_p0_total_rees_j2_typed_census_v23_20260827/output_r1/a1_ordered/Tg12_4.poly: OK
./cases/max12_812_order2_p0_total_rees_j2_typed_census_v23_20260827/output_r1/a1_ordered/Tg12_5.poly: OK
./cases/max12_812_order2_p0_total_rees_j2_typed_census_v23_20260827/output_r1/a1_ordered/Tg12_6.poly: OK
./cases/max12_812_order2_p0_total_rees_j2_typed_census_v23_20260827/output_r1/a1_ordered/Tg12_7.poly: OK
./cases/max12_812_order2_p0_total_rees_j2_typed_census_v23_20260827/output_r1/a1_ordered/Tg13_1.poly: OK
./cases/max12_812_order2_p0_total_rees_j2_typed_census_v23_20260827/output_r1/a1_ordered/Tg13_2.poly: OK
./cases/max12_812_order2_p0_total_rees_j2_typed_census_v23_20260827/output_r1/a1_ordered/Tg13_3.poly: OK
./cases/max12_812_order2_p0_total_rees_j2_typed_census_v23_20260827/output_r1/a1_ordered/Tg13_4.poly: OK
./cases/max12_812_order2_p0_total_rees_j2_typed_census_v23_20260827/output_r1/a1_ordered/Tg13_5.poly: OK
./cases/max12_812_order2_p0_total_rees_j2_typed_census_v23_20260827/output_r1/a1_ordered/Tg13_6.poly: OK
./cases/max12_812_order2_p0_total_rees_j2_typed_census_v23_20260827/output_r1/a1_ordered/Tg13_7.poly: OK
./cases/max12_812_order2_p0_total_rees_j2_typed_census_v23_20260827/output_r1/a1_ordered/Tg14_1.poly: OK
./cases/max12_812_order2_p0_total_rees_j2_typed_census_v23_20260827/output_r1/a1_ordered/Tg14_2.poly: OK
./cases/max12_812_order2_p0_total_rees_j2_typed_census_v23_20260827/output_r1/a1_ordered/Tg14_3.poly: OK
./cases/max12_812_order2_p0_total_rees_j2_typed_census_v23_20260827/output_r1/a1_ordered/Tg14_4.poly: OK
./cases/max12_812_order2_p0_total_rees_j2_typed_census_v23_20260827/output_r1/a1_ordered/Tg14_5.poly: OK
./cases/max12_812_order2_p0_total_rees_j2_typed_census_v23_20260827/output_r1/a1_ordered/Tg14_6.poly: OK
./cases/max12_812_order2_p0_total_rees_j2_typed_census_v23_20260827/output_r1/a1_ordered/Tg14_7.poly: OK
./cases/max12_812_order2_p0_total_rees_j2_typed_census_v23_20260827/output_r1/a1_ordered/Tg15_1.poly: OK
./cases/max12_812_order2_p0_total_rees_j2_typed_census_v23_20260827/output_r1/a1_ordered/Tg15_2.poly: OK
./cases/max12_812_order2_p0_total_rees_j2_typed_census_v23_20260827/output_r1/a1_ordered/Tg15_3.poly: OK
./cases/max12_812_order2_p0_total_rees_j2_typed_census_v23_20260827/output_r1/a1_ordered/Tg15_4.poly: OK
./cases/max12_812_order2_p0_total_rees_j2_typed_census_v23_20260827/output_r1/a1_ordered/Tg15_5.poly: OK
./cases/max12_812_order2_p0_total_rees_j2_typed_census_v23_20260827/output_r1/a1_ordered/Tg15_6.poly: OK
./cases/max12_812_order2_p0_total_rees_j2_typed_census_v23_20260827/output_r1/a1_ordered/Tg15_7.poly: OK
./cases/max12_812_order2_p0_total_rees_t_rs0_coeffexport_v9_20260826/FREEZE.sha256: OK
./cases/max12_812_order2_p0_total_rees_t_rs0_coeffexport_v9_20260826/PREREGISTRATION.md: OK
./cases/max12_812_order2_p0_total_rees_t_rs0_coeffexport_v9_20260826/aws_p65521_v9/COEFFICIENTS.json: OK
./cases/max12_812_order2_p0_total_rees_t_rs0_coeffexport_v9_20260826/aws_p65521_v9/EVIDENCE.sha256: OK
./cases/max12_812_order2_p0_total_rees_t_rs0_coeffexport_v9_20260826/aws_p65521_v9/compiled/Fg10_1.poly: OK
./cases/max12_812_order2_p0_total_rees_t_rs0_coeffexport_v9_20260826/aws_p65521_v9/compiled/Fg10_2.poly: OK
./cases/max12_812_order2_p0_total_rees_t_rs0_coeffexport_v9_20260826/aws_p65521_v9/compiled/Fg10_3.poly: OK
./cases/max12_812_order2_p0_total_rees_t_rs0_coeffexport_v9_20260826/aws_p65521_v9/compiled/Fg10_4.poly: OK
./cases/max12_812_order2_p0_total_rees_t_rs0_coeffexport_v9_20260826/aws_p65521_v9/compiled/Fg10_5.poly: OK
./cases/max12_812_order2_p0_total_rees_t_rs0_coeffexport_v9_20260826/aws_p65521_v9/compiled/Fg10_6.poly: OK
./cases/max12_812_order2_p0_total_rees_t_rs0_coeffexport_v9_20260826/aws_p65521_v9/compiled/Fg10_7.poly: OK
./cases/max12_812_order2_p0_total_rees_t_rs0_coeffexport_v9_20260826/aws_p65521_v9/compiled/Fg11_1.poly: OK
./cases/max12_812_order2_p0_total_rees_t_rs0_coeffexport_v9_20260826/aws_p65521_v9/compiled/Fg11_2.poly: OK
./cases/max12_812_order2_p0_total_rees_t_rs0_coeffexport_v9_20260826/aws_p65521_v9/compiled/Fg11_3.poly: OK
./cases/max12_812_order2_p0_total_rees_t_rs0_coeffexport_v9_20260826/aws_p65521_v9/compiled/Fg11_4.poly: OK
./cases/max12_812_order2_p0_total_rees_t_rs0_coeffexport_v9_20260826/aws_p65521_v9/compiled/Fg11_5.poly: OK
./cases/max12_812_order2_p0_total_rees_t_rs0_coeffexport_v9_20260826/aws_p65521_v9/compiled/Fg11_6.poly: OK
./cases/max12_812_order2_p0_total_rees_t_rs0_coeffexport_v9_20260826/aws_p65521_v9/compiled/Fg11_7.poly: OK
./cases/max12_812_order2_p0_total_rees_t_rs0_coeffexport_v9_20260826/aws_p65521_v9/compiled/Fg12_1.poly: OK
./cases/max12_812_order2_p0_total_rees_t_rs0_coeffexport_v9_20260826/aws_p65521_v9/compiled/Fg12_2.poly: OK
./cases/max12_812_order2_p0_total_rees_t_rs0_coeffexport_v9_20260826/aws_p65521_v9/compiled/Fg12_3.poly: OK
./cases/max12_812_order2_p0_total_rees_t_rs0_coeffexport_v9_20260826/aws_p65521_v9/compiled/Fg12_4.poly: OK
./cases/max12_812_order2_p0_total_rees_t_rs0_coeffexport_v9_20260826/aws_p65521_v9/compiled/Fg12_5.poly: OK
./cases/max12_812_order2_p0_total_rees_t_rs0_coeffexport_v9_20260826/aws_p65521_v9/compiled/Fg12_6.poly: OK
./cases/max12_812_order2_p0_total_rees_t_rs0_coeffexport_v9_20260826/aws_p65521_v9/compiled/Fg12_7.poly: OK
./cases/max12_812_order2_p0_total_rees_t_rs0_coeffexport_v9_20260826/aws_p65521_v9/compiled/KeepF10_2.poly: OK
./cases/max12_812_order2_p0_total_rees_t_rs0_coeffexport_v9_20260826/aws_p65521_v9/compiled/KeepF10_3.poly: OK
./cases/max12_812_order2_p0_total_rees_t_rs0_coeffexport_v9_20260826/aws_p65521_v9/compiled/KeepF12_6.poly: OK
./cases/max12_812_order2_p0_total_rees_t_rs0_coeffexport_v9_20260826/aws_p65521_v9/compiled/KeepT10_2.poly: OK
./cases/max12_812_order2_p0_total_rees_t_rs0_coeffexport_v9_20260826/aws_p65521_v9/compiled/KeepT10_3.poly: OK
./cases/max12_812_order2_p0_total_rees_t_rs0_coeffexport_v9_20260826/aws_p65521_v9/compiled/KeepT12_6.poly: OK
./cases/max12_812_order2_p0_total_rees_t_rs0_coeffexport_v9_20260826/aws_p65521_v9/compiled/Tg10_1.poly: OK
./cases/max12_812_order2_p0_total_rees_t_rs0_coeffexport_v9_20260826/aws_p65521_v9/compiled/Tg10_2.poly: OK
./cases/max12_812_order2_p0_total_rees_t_rs0_coeffexport_v9_20260826/aws_p65521_v9/compiled/Tg10_3.poly: OK
./cases/max12_812_order2_p0_total_rees_t_rs0_coeffexport_v9_20260826/aws_p65521_v9/compiled/Tg10_4.poly: OK
./cases/max12_812_order2_p0_total_rees_t_rs0_coeffexport_v9_20260826/aws_p65521_v9/compiled/Tg10_5.poly: OK
./cases/max12_812_order2_p0_total_rees_t_rs0_coeffexport_v9_20260826/aws_p65521_v9/compiled/Tg10_6.poly: OK
./cases/max12_812_order2_p0_total_rees_t_rs0_coeffexport_v9_20260826/aws_p65521_v9/compiled/Tg10_7.poly: OK
./cases/max12_812_order2_p0_total_rees_t_rs0_coeffexport_v9_20260826/aws_p65521_v9/compiled/Tg11_1.poly: OK
./cases/max12_812_order2_p0_total_rees_t_rs0_coeffexport_v9_20260826/aws_p65521_v9/compiled/Tg11_2.poly: OK
./cases/max12_812_order2_p0_total_rees_t_rs0_coeffexport_v9_20260826/aws_p65521_v9/compiled/Tg11_3.poly: OK
./cases/max12_812_order2_p0_total_rees_t_rs0_coeffexport_v9_20260826/aws_p65521_v9/compiled/Tg11_4.poly: OK
./cases/max12_812_order2_p0_total_rees_t_rs0_coeffexport_v9_20260826/aws_p65521_v9/compiled/Tg11_5.poly: OK
./cases/max12_812_order2_p0_total_rees_t_rs0_coeffexport_v9_20260826/aws_p65521_v9/compiled/Tg11_6.poly: OK
./cases/max12_812_order2_p0_total_rees_t_rs0_coeffexport_v9_20260826/aws_p65521_v9/compiled/Tg11_7.poly: OK
./cases/max12_812_order2_p0_total_rees_t_rs0_coeffexport_v9_20260826/aws_p65521_v9/compiled/Tg12_1.poly: OK
./cases/max12_812_order2_p0_total_rees_t_rs0_coeffexport_v9_20260826/aws_p65521_v9/compiled/Tg12_2.poly: OK
./cases/max12_812_order2_p0_total_rees_t_rs0_coeffexport_v9_20260826/aws_p65521_v9/compiled/Tg12_3.poly: OK
./cases/max12_812_order2_p0_total_rees_t_rs0_coeffexport_v9_20260826/aws_p65521_v9/compiled/Tg12_4.poly: OK
./cases/max12_812_order2_p0_total_rees_t_rs0_coeffexport_v9_20260826/aws_p65521_v9/compiled/Tg12_5.poly: OK
./cases/max12_812_order2_p0_total_rees_t_rs0_coeffexport_v9_20260826/aws_p65521_v9/compiled/Tg12_6.poly: OK
./cases/max12_812_order2_p0_total_rees_t_rs0_coeffexport_v9_20260826/aws_p65521_v9/compiled/Tg12_7.poly: OK
./cases/max12_812_order2_p0_total_rees_t_rs0_coeffexport_v9_20260826/aws_p65521_v9/compiled/result.json: OK
./cases/max12_812_order2_p0_total_rees_t_rs0_coeffexport_v9_20260826/aws_p65521_v9/compiled/t_rs0_row1_p65521.sing: OK
./cases/max12_812_order2_p0_total_rees_t_rs0_coeffexport_v9_20260826/aws_p65521_v9/compiled/t_rs0_row2_p65521.sing: OK
./cases/max12_812_order2_p0_total_rees_t_rs0_coeffexport_v9_20260826/aws_p65521_v9/compiled/t_rs0_row3_p65521.sing: OK
./cases/max12_812_order2_p0_total_rees_t_rs0_coeffexport_v9_20260826/aws_p65521_v9/compiled/t_rs0_row4_p65521.sing: OK
./cases/max12_812_order2_p0_total_rees_t_rs0_coeffexport_v9_20260826/aws_p65521_v9/compiled/t_rs0_row5_p65521.sing: OK
./cases/max12_812_order2_p0_total_rees_t_rs0_coeffexport_v9_20260826/aws_p65521_v9/compiled/t_rs0_row6_p65521.sing: OK
./cases/max12_812_order2_p0_total_rees_t_rs0_coeffexport_v9_20260826/aws_p65521_v9/compiled/t_rs0_row7_p65521.sing: OK
./cases/max12_812_order2_p0_total_rees_t_rs0_coeffexport_v9_20260826/aws_p65521_v9/compiler.stderr: OK
./cases/max12_812_order2_p0_total_rees_t_rs0_coeffexport_v9_20260826/aws_p65521_v9/compiler.stdout: OK
./cases/max12_812_order2_p0_total_rees_t_rs0_coeffexport_v9_20260826/aws_p65521_v9/compiler.validation: OK
./cases/max12_812_order2_p0_total_rees_t_rs0_coeffexport_v9_20260826/aws_p65521_v9/engine.validation: OK
./cases/max12_812_order2_p0_total_rees_t_rs0_coeffexport_v9_20260826/aws_p65521_v9/freeze_check.stdout: OK
./cases/max12_812_order2_p0_total_rees_t_rs0_coeffexport_v9_20260826/aws_p65521_v9/launch_registration.txt: OK
./cases/max12_812_order2_p0_total_rees_t_rs0_coeffexport_v9_20260826/aws_p65521_v9/launcher.pid: OK
./cases/max12_812_order2_p0_total_rees_t_rs0_coeffexport_v9_20260826/aws_p65521_v9/run/row1.validation: OK
./cases/max12_812_order2_p0_total_rees_t_rs0_coeffexport_v9_20260826/aws_p65521_v9/run/row1/lanes.log: OK
./cases/max12_812_order2_p0_total_rees_t_rs0_coeffexport_v9_20260826/aws_p65521_v9/run/row1/max12_812_order2_p0_total_rees_t_rs0_coeffexport_v9_20260826T201000Z_p65521_v9_row1.meta: OK
./cases/max12_812_order2_p0_total_rees_t_rs0_coeffexport_v9_20260826/aws_p65521_v9/run/row1/max12_812_order2_p0_total_rees_t_rs0_coeffexport_v9_20260826T201000Z_p65521_v9_row1.stderr: OK
./cases/max12_812_order2_p0_total_rees_t_rs0_coeffexport_v9_20260826/aws_p65521_v9/run/row1/max12_812_order2_p0_total_rees_t_rs0_coeffexport_v9_20260826T201000Z_p65521_v9_row1.stdout: OK
./cases/max12_812_order2_p0_total_rees_t_rs0_coeffexport_v9_20260826/aws_p65521_v9/run/row2.validation: OK
./cases/max12_812_order2_p0_total_rees_t_rs0_coeffexport_v9_20260826/aws_p65521_v9/run/row2/lanes.log: OK
./cases/max12_812_order2_p0_total_rees_t_rs0_coeffexport_v9_20260826/aws_p65521_v9/run/row2/max12_812_order2_p0_total_rees_t_rs0_coeffexport_v9_20260826T201000Z_p65521_v9_row2.meta: OK
./cases/max12_812_order2_p0_total_rees_t_rs0_coeffexport_v9_20260826/aws_p65521_v9/run/row2/max12_812_order2_p0_total_rees_t_rs0_coeffexport_v9_20260826T201000Z_p65521_v9_row2.stderr: OK
./cases/max12_812_order2_p0_total_rees_t_rs0_coeffexport_v9_20260826/aws_p65521_v9/run/row2/max12_812_order2_p0_total_rees_t_rs0_coeffexport_v9_20260826T201000Z_p65521_v9_row2.stdout: OK
./cases/max12_812_order2_p0_total_rees_t_rs0_coeffexport_v9_20260826/aws_p65521_v9/run/row3.validation: OK
./cases/max12_812_order2_p0_total_rees_t_rs0_coeffexport_v9_20260826/aws_p65521_v9/run/row3/lanes.log: OK
./cases/max12_812_order2_p0_total_rees_t_rs0_coeffexport_v9_20260826/aws_p65521_v9/run/row3/max12_812_order2_p0_total_rees_t_rs0_coeffexport_v9_20260826T201000Z_p65521_v9_row3.meta: OK
./cases/max12_812_order2_p0_total_rees_t_rs0_coeffexport_v9_20260826/aws_p65521_v9/run/row3/max12_812_order2_p0_total_rees_t_rs0_coeffexport_v9_20260826T201000Z_p65521_v9_row3.stderr: OK
./cases/max12_812_order2_p0_total_rees_t_rs0_coeffexport_v9_20260826/aws_p65521_v9/run/row3/max12_812_order2_p0_total_rees_t_rs0_coeffexport_v9_20260826T201000Z_p65521_v9_row3.stdout: OK
./cases/max12_812_order2_p0_total_rees_t_rs0_coeffexport_v9_20260826/aws_p65521_v9/run/row4.validation: OK
./cases/max12_812_order2_p0_total_rees_t_rs0_coeffexport_v9_20260826/aws_p65521_v9/run/row4/lanes.log: OK
./cases/max12_812_order2_p0_total_rees_t_rs0_coeffexport_v9_20260826/aws_p65521_v9/run/row4/max12_812_order2_p0_total_rees_t_rs0_coeffexport_v9_20260826T201000Z_p65521_v9_row4.meta: OK
./cases/max12_812_order2_p0_total_rees_t_rs0_coeffexport_v9_20260826/aws_p65521_v9/run/row4/max12_812_order2_p0_total_rees_t_rs0_coeffexport_v9_20260826T201000Z_p65521_v9_row4.stderr: OK
./cases/max12_812_order2_p0_total_rees_t_rs0_coeffexport_v9_20260826/aws_p65521_v9/run/row4/max12_812_order2_p0_total_rees_t_rs0_coeffexport_v9_20260826T201000Z_p65521_v9_row4.stdout: OK
./cases/max12_812_order2_p0_total_rees_t_rs0_coeffexport_v9_20260826/aws_p65521_v9/run/row5.validation: OK
./cases/max12_812_order2_p0_total_rees_t_rs0_coeffexport_v9_20260826/aws_p65521_v9/run/row5/lanes.log: OK
./cases/max12_812_order2_p0_total_rees_t_rs0_coeffexport_v9_20260826/aws_p65521_v9/run/row5/max12_812_order2_p0_total_rees_t_rs0_coeffexport_v9_20260826T201000Z_p65521_v9_row5.meta: OK
./cases/max12_812_order2_p0_total_rees_t_rs0_coeffexport_v9_20260826/aws_p65521_v9/run/row5/max12_812_order2_p0_total_rees_t_rs0_coeffexport_v9_20260826T201000Z_p65521_v9_row5.stderr: OK
./cases/max12_812_order2_p0_total_rees_t_rs0_coeffexport_v9_20260826/aws_p65521_v9/run/row5/max12_812_order2_p0_total_rees_t_rs0_coeffexport_v9_20260826T201000Z_p65521_v9_row5.stdout: OK
./cases/max12_812_order2_p0_total_rees_t_rs0_coeffexport_v9_20260826/aws_p65521_v9/run/row6.validation: OK
./cases/max12_812_order2_p0_total_rees_t_rs0_coeffexport_v9_20260826/aws_p65521_v9/run/row6/lanes.log: OK
./cases/max12_812_order2_p0_total_rees_t_rs0_coeffexport_v9_20260826/aws_p65521_v9/run/row6/max12_812_order2_p0_total_rees_t_rs0_coeffexport_v9_20260826T201000Z_p65521_v9_row6.meta: OK
./cases/max12_812_order2_p0_total_rees_t_rs0_coeffexport_v9_20260826/aws_p65521_v9/run/row6/max12_812_order2_p0_total_rees_t_rs0_coeffexport_v9_20260826T201000Z_p65521_v9_row6.stderr: OK
./cases/max12_812_order2_p0_total_rees_t_rs0_coeffexport_v9_20260826/aws_p65521_v9/run/row6/max12_812_order2_p0_total_rees_t_rs0_coeffexport_v9_20260826T201000Z_p65521_v9_row6.stdout: OK
./cases/max12_812_order2_p0_total_rees_t_rs0_coeffexport_v9_20260826/aws_p65521_v9/run/row7.validation: OK
./cases/max12_812_order2_p0_total_rees_t_rs0_coeffexport_v9_20260826/aws_p65521_v9/run/row7/lanes.log: OK
./cases/max12_812_order2_p0_total_rees_t_rs0_coeffexport_v9_20260826/aws_p65521_v9/run/row7/max12_812_order2_p0_total_rees_t_rs0_coeffexport_v9_20260826T201000Z_p65521_v9_row7.meta: OK
./cases/max12_812_order2_p0_total_rees_t_rs0_coeffexport_v9_20260826/aws_p65521_v9/run/row7/max12_812_order2_p0_total_rees_t_rs0_coeffexport_v9_20260826T201000Z_p65521_v9_row7.stderr: OK
./cases/max12_812_order2_p0_total_rees_t_rs0_coeffexport_v9_20260826/aws_p65521_v9/run/row7/max12_812_order2_p0_total_rees_t_rs0_coeffexport_v9_20260826T201000Z_p65521_v9_row7.stdout: OK
./cases/max12_812_order2_p0_total_rees_t_rs0_coeffexport_v9_20260826/aws_p65521_v9/v8_freeze_check.stdout: OK
./cases/max12_812_order2_p0_total_rees_t_rs0_coeffexport_v9_20260826/aws_p65521_v9/validator.stderr: OK
./cases/max12_812_order2_p0_total_rees_t_rs0_coeffexport_v9_20260826/aws_p65521_v9/validator.stdout: OK
./cases/max12_812_order2_p0_total_rees_t_rs0_coeffexport_v9_20260826/aws_p65521_v9/validator.validation: OK
./cases/max12_812_order2_p0_total_rees_t_rs0_coeffexport_v9_20260826/aws_q_v9/COEFFICIENTS.json: OK
./cases/max12_812_order2_p0_total_rees_t_rs0_coeffexport_v9_20260826/aws_q_v9/EVIDENCE.sha256: OK
./cases/max12_812_order2_p0_total_rees_t_rs0_coeffexport_v9_20260826/aws_q_v9/compiled/Fg10_1.poly: OK
./cases/max12_812_order2_p0_total_rees_t_rs0_coeffexport_v9_20260826/aws_q_v9/compiled/Fg10_2.poly: OK
./cases/max12_812_order2_p0_total_rees_t_rs0_coeffexport_v9_20260826/aws_q_v9/compiled/Fg10_3.poly: OK
./cases/max12_812_order2_p0_total_rees_t_rs0_coeffexport_v9_20260826/aws_q_v9/compiled/Fg10_4.poly: OK
./cases/max12_812_order2_p0_total_rees_t_rs0_coeffexport_v9_20260826/aws_q_v9/compiled/Fg10_5.poly: OK
./cases/max12_812_order2_p0_total_rees_t_rs0_coeffexport_v9_20260826/aws_q_v9/compiled/Fg10_6.poly: OK
./cases/max12_812_order2_p0_total_rees_t_rs0_coeffexport_v9_20260826/aws_q_v9/compiled/Fg10_7.poly: OK
./cases/max12_812_order2_p0_total_rees_t_rs0_coeffexport_v9_20260826/aws_q_v9/compiled/Fg11_1.poly: OK
./cases/max12_812_order2_p0_total_rees_t_rs0_coeffexport_v9_20260826/aws_q_v9/compiled/Fg11_2.poly: OK
./cases/max12_812_order2_p0_total_rees_t_rs0_coeffexport_v9_20260826/aws_q_v9/compiled/Fg11_3.poly: OK
./cases/max12_812_order2_p0_total_rees_t_rs0_coeffexport_v9_20260826/aws_q_v9/compiled/Fg11_4.poly: OK
./cases/max12_812_order2_p0_total_rees_t_rs0_coeffexport_v9_20260826/aws_q_v9/compiled/Fg11_5.poly: OK
./cases/max12_812_order2_p0_total_rees_t_rs0_coeffexport_v9_20260826/aws_q_v9/compiled/Fg11_6.poly: OK
./cases/max12_812_order2_p0_total_rees_t_rs0_coeffexport_v9_20260826/aws_q_v9/compiled/Fg11_7.poly: OK
./cases/max12_812_order2_p0_total_rees_t_rs0_coeffexport_v9_20260826/aws_q_v9/compiled/Fg12_1.poly: OK
./cases/max12_812_order2_p0_total_rees_t_rs0_coeffexport_v9_20260826/aws_q_v9/compiled/Fg12_2.poly: OK
./cases/max12_812_order2_p0_total_rees_t_rs0_coeffexport_v9_20260826/aws_q_v9/compiled/Fg12_3.poly: OK
./cases/max12_812_order2_p0_total_rees_t_rs0_coeffexport_v9_20260826/aws_q_v9/compiled/Fg12_4.poly: OK
./cases/max12_812_order2_p0_total_rees_t_rs0_coeffexport_v9_20260826/aws_q_v9/compiled/Fg12_5.poly: OK
./cases/max12_812_order2_p0_total_rees_t_rs0_coeffexport_v9_20260826/aws_q_v9/compiled/Fg12_6.poly: OK
./cases/max12_812_order2_p0_total_rees_t_rs0_coeffexport_v9_20260826/aws_q_v9/compiled/Fg12_7.poly: OK
./cases/max12_812_order2_p0_total_rees_t_rs0_coeffexport_v9_20260826/aws_q_v9/compiled/KeepF10_2.poly: OK
./cases/max12_812_order2_p0_total_rees_t_rs0_coeffexport_v9_20260826/aws_q_v9/compiled/KeepF10_3.poly: OK
./cases/max12_812_order2_p0_total_rees_t_rs0_coeffexport_v9_20260826/aws_q_v9/compiled/KeepF12_6.poly: OK
./cases/max12_812_order2_p0_total_rees_t_rs0_coeffexport_v9_20260826/aws_q_v9/compiled/KeepT10_2.poly: OK
./cases/max12_812_order2_p0_total_rees_t_rs0_coeffexport_v9_20260826/aws_q_v9/compiled/KeepT10_3.poly: OK
./cases/max12_812_order2_p0_total_rees_t_rs0_coeffexport_v9_20260826/aws_q_v9/compiled/KeepT12_6.poly: OK
./cases/max12_812_order2_p0_total_rees_t_rs0_coeffexport_v9_20260826/aws_q_v9/compiled/Tg10_1.poly: OK
./cases/max12_812_order2_p0_total_rees_t_rs0_coeffexport_v9_20260826/aws_q_v9/compiled/Tg10_2.poly: OK
./cases/max12_812_order2_p0_total_rees_t_rs0_coeffexport_v9_20260826/aws_q_v9/compiled/Tg10_3.poly: OK
./cases/max12_812_order2_p0_total_rees_t_rs0_coeffexport_v9_20260826/aws_q_v9/compiled/Tg10_4.poly: OK
./cases/max12_812_order2_p0_total_rees_t_rs0_coeffexport_v9_20260826/aws_q_v9/compiled/Tg10_5.poly: OK
./cases/max12_812_order2_p0_total_rees_t_rs0_coeffexport_v9_20260826/aws_q_v9/compiled/Tg10_6.poly: OK
./cases/max12_812_order2_p0_total_rees_t_rs0_coeffexport_v9_20260826/aws_q_v9/compiled/Tg10_7.poly: OK
./cases/max12_812_order2_p0_total_rees_t_rs0_coeffexport_v9_20260826/aws_q_v9/compiled/Tg11_1.poly: OK
./cases/max12_812_order2_p0_total_rees_t_rs0_coeffexport_v9_20260826/aws_q_v9/compiled/Tg11_2.poly: OK
./cases/max12_812_order2_p0_total_rees_t_rs0_coeffexport_v9_20260826/aws_q_v9/compiled/Tg11_3.poly: OK
./cases/max12_812_order2_p0_total_rees_t_rs0_coeffexport_v9_20260826/aws_q_v9/compiled/Tg11_4.poly: OK
./cases/max12_812_order2_p0_total_rees_t_rs0_coeffexport_v9_20260826/aws_q_v9/compiled/Tg11_5.poly: OK
./cases/max12_812_order2_p0_total_rees_t_rs0_coeffexport_v9_20260826/aws_q_v9/compiled/Tg11_6.poly: OK
./cases/max12_812_order2_p0_total_rees_t_rs0_coeffexport_v9_20260826/aws_q_v9/compiled/Tg11_7.poly: OK
./cases/max12_812_order2_p0_total_rees_t_rs0_coeffexport_v9_20260826/aws_q_v9/compiled/Tg12_1.poly: OK
./cases/max12_812_order2_p0_total_rees_t_rs0_coeffexport_v9_20260826/aws_q_v9/compiled/Tg12_2.poly: OK
./cases/max12_812_order2_p0_total_rees_t_rs0_coeffexport_v9_20260826/aws_q_v9/compiled/Tg12_3.poly: OK
./cases/max12_812_order2_p0_total_rees_t_rs0_coeffexport_v9_20260826/aws_q_v9/compiled/Tg12_4.poly: OK
./cases/max12_812_order2_p0_total_rees_t_rs0_coeffexport_v9_20260826/aws_q_v9/compiled/Tg12_5.poly: OK
./cases/max12_812_order2_p0_total_rees_t_rs0_coeffexport_v9_20260826/aws_q_v9/compiled/Tg12_6.poly: OK
./cases/max12_812_order2_p0_total_rees_t_rs0_coeffexport_v9_20260826/aws_q_v9/compiled/Tg12_7.poly: OK
./cases/max12_812_order2_p0_total_rees_t_rs0_coeffexport_v9_20260826/aws_q_v9/compiled/result.json: OK
./cases/max12_812_order2_p0_total_rees_t_rs0_coeffexport_v9_20260826/aws_q_v9/compiled/t_rs0_row1_q.sing: OK
./cases/max12_812_order2_p0_total_rees_t_rs0_coeffexport_v9_20260826/aws_q_v9/compiled/t_rs0_row2_q.sing: OK
./cases/max12_812_order2_p0_total_rees_t_rs0_coeffexport_v9_20260826/aws_q_v9/compiled/t_rs0_row3_q.sing: OK
./cases/max12_812_order2_p0_total_rees_t_rs0_coeffexport_v9_20260826/aws_q_v9/compiled/t_rs0_row4_q.sing: OK
./cases/max12_812_order2_p0_total_rees_t_rs0_coeffexport_v9_20260826/aws_q_v9/compiled/t_rs0_row5_q.sing: OK
./cases/max12_812_order2_p0_total_rees_t_rs0_coeffexport_v9_20260826/aws_q_v9/compiled/t_rs0_row6_q.sing: OK
./cases/max12_812_order2_p0_total_rees_t_rs0_coeffexport_v9_20260826/aws_q_v9/compiled/t_rs0_row7_q.sing: OK
./cases/max12_812_order2_p0_total_rees_t_rs0_coeffexport_v9_20260826/aws_q_v9/compiler.stderr: OK
./cases/max12_812_order2_p0_total_rees_t_rs0_coeffexport_v9_20260826/aws_q_v9/compiler.stdout: OK
./cases/max12_812_order2_p0_total_rees_t_rs0_coeffexport_v9_20260826/aws_q_v9/compiler.validation: OK
./cases/max12_812_order2_p0_total_rees_t_rs0_coeffexport_v9_20260826/aws_q_v9/engine.validation: OK
./cases/max12_812_order2_p0_total_rees_t_rs0_coeffexport_v9_20260826/aws_q_v9/freeze_check.stdout: OK
./cases/max12_812_order2_p0_total_rees_t_rs0_coeffexport_v9_20260826/aws_q_v9/launch_registration.txt: OK
./cases/max12_812_order2_p0_total_rees_t_rs0_coeffexport_v9_20260826/aws_q_v9/launcher.pid: OK
./cases/max12_812_order2_p0_total_rees_t_rs0_coeffexport_v9_20260826/aws_q_v9/run/row1.validation: OK
./cases/max12_812_order2_p0_total_rees_t_rs0_coeffexport_v9_20260826/aws_q_v9/run/row1/lanes.log: OK
./cases/max12_812_order2_p0_total_rees_t_rs0_coeffexport_v9_20260826/aws_q_v9/run/row1/max12_812_order2_p0_total_rees_t_rs0_coeffexport_v9_20260826T201000Z_q_v9_row1.meta: OK
./cases/max12_812_order2_p0_total_rees_t_rs0_coeffexport_v9_20260826/aws_q_v9/run/row1/max12_812_order2_p0_total_rees_t_rs0_coeffexport_v9_20260826T201000Z_q_v9_row1.stderr: OK
./cases/max12_812_order2_p0_total_rees_t_rs0_coeffexport_v9_20260826/aws_q_v9/run/row1/max12_812_order2_p0_total_rees_t_rs0_coeffexport_v9_20260826T201000Z_q_v9_row1.stdout: OK
./cases/max12_812_order2_p0_total_rees_t_rs0_coeffexport_v9_20260826/aws_q_v9/run/row2.validation: OK
./cases/max12_812_order2_p0_total_rees_t_rs0_coeffexport_v9_20260826/aws_q_v9/run/row2/lanes.log: OK
./cases/max12_812_order2_p0_total_rees_t_rs0_coeffexport_v9_20260826/aws_q_v9/run/row2/max12_812_order2_p0_total_rees_t_rs0_coeffexport_v9_20260826T201000Z_q_v9_row2.meta: OK
./cases/max12_812_order2_p0_total_rees_t_rs0_coeffexport_v9_20260826/aws_q_v9/run/row2/max12_812_order2_p0_total_rees_t_rs0_coeffexport_v9_20260826T201000Z_q_v9_row2.stderr: OK
./cases/max12_812_order2_p0_total_rees_t_rs0_coeffexport_v9_20260826/aws_q_v9/run/row2/max12_812_order2_p0_total_rees_t_rs0_coeffexport_v9_20260826T201000Z_q_v9_row2.stdout: OK
./cases/max12_812_order2_p0_total_rees_t_rs0_coeffexport_v9_20260826/aws_q_v9/run/row3.validation: OK
./cases/max12_812_order2_p0_total_rees_t_rs0_coeffexport_v9_20260826/aws_q_v9/run/row3/lanes.log: OK
./cases/max12_812_order2_p0_total_rees_t_rs0_coeffexport_v9_20260826/aws_q_v9/run/row3/max12_812_order2_p0_total_rees_t_rs0_coeffexport_v9_20260826T201000Z_q_v9_row3.meta: OK
./cases/max12_812_order2_p0_total_rees_t_rs0_coeffexport_v9_20260826/aws_q_v9/run/row3/max12_812_order2_p0_total_rees_t_rs0_coeffexport_v9_20260826T201000Z_q_v9_row3.stderr: OK
./cases/max12_812_order2_p0_total_rees_t_rs0_coeffexport_v9_20260826/aws_q_v9/run/row3/max12_812_order2_p0_total_rees_t_rs0_coeffexport_v9_20260826T201000Z_q_v9_row3.stdout: OK
./cases/max12_812_order2_p0_total_rees_t_rs0_coeffexport_v9_20260826/aws_q_v9/run/row4.validation: OK
./cases/max12_812_order2_p0_total_rees_t_rs0_coeffexport_v9_20260826/aws_q_v9/run/row4/lanes.log: OK
./cases/max12_812_order2_p0_total_rees_t_rs0_coeffexport_v9_20260826/aws_q_v9/run/row4/max12_812_order2_p0_total_rees_t_rs0_coeffexport_v9_20260826T201000Z_q_v9_row4.meta: OK
./cases/max12_812_order2_p0_total_rees_t_rs0_coeffexport_v9_20260826/aws_q_v9/run/row4/max12_812_order2_p0_total_rees_t_rs0_coeffexport_v9_20260826T201000Z_q_v9_row4.stderr: OK
./cases/max12_812_order2_p0_total_rees_t_rs0_coeffexport_v9_20260826/aws_q_v9/run/row4/max12_812_order2_p0_total_rees_t_rs0_coeffexport_v9_20260826T201000Z_q_v9_row4.stdout: OK
./cases/max12_812_order2_p0_total_rees_t_rs0_coeffexport_v9_20260826/aws_q_v9/run/row5.validation: OK
./cases/max12_812_order2_p0_total_rees_t_rs0_coeffexport_v9_20260826/aws_q_v9/run/row5/lanes.log: OK
./cases/max12_812_order2_p0_total_rees_t_rs0_coeffexport_v9_20260826/aws_q_v9/run/row5/max12_812_order2_p0_total_rees_t_rs0_coeffexport_v9_20260826T201000Z_q_v9_row5.meta: OK
./cases/max12_812_order2_p0_total_rees_t_rs0_coeffexport_v9_20260826/aws_q_v9/run/row5/max12_812_order2_p0_total_rees_t_rs0_coeffexport_v9_20260826T201000Z_q_v9_row5.stderr: OK
./cases/max12_812_order2_p0_total_rees_t_rs0_coeffexport_v9_20260826/aws_q_v9/run/row5/max12_812_order2_p0_total_rees_t_rs0_coeffexport_v9_20260826T201000Z_q_v9_row5.stdout: OK
./cases/max12_812_order2_p0_total_rees_t_rs0_coeffexport_v9_20260826/aws_q_v9/run/row6.validation: OK
./cases/max12_812_order2_p0_total_rees_t_rs0_coeffexport_v9_20260826/aws_q_v9/run/row6/lanes.log: OK
./cases/max12_812_order2_p0_total_rees_t_rs0_coeffexport_v9_20260826/aws_q_v9/run/row6/max12_812_order2_p0_total_rees_t_rs0_coeffexport_v9_20260826T201000Z_q_v9_row6.meta: OK
./cases/max12_812_order2_p0_total_rees_t_rs0_coeffexport_v9_20260826/aws_q_v9/run/row6/max12_812_order2_p0_total_rees_t_rs0_coeffexport_v9_20260826T201000Z_q_v9_row6.stderr: OK
./cases/max12_812_order2_p0_total_rees_t_rs0_coeffexport_v9_20260826/aws_q_v9/run/row6/max12_812_order2_p0_total_rees_t_rs0_coeffexport_v9_20260826T201000Z_q_v9_row6.stdout: OK
./cases/max12_812_order2_p0_total_rees_t_rs0_coeffexport_v9_20260826/aws_q_v9/run/row7.validation: OK
./cases/max12_812_order2_p0_total_rees_t_rs0_coeffexport_v9_20260826/aws_q_v9/run/row7/lanes.log: OK
./cases/max12_812_order2_p0_total_rees_t_rs0_coeffexport_v9_20260826/aws_q_v9/run/row7/max12_812_order2_p0_total_rees_t_rs0_coeffexport_v9_20260826T201000Z_q_v9_row7.meta: OK
./cases/max12_812_order2_p0_total_rees_t_rs0_coeffexport_v9_20260826/aws_q_v9/run/row7/max12_812_order2_p0_total_rees_t_rs0_coeffexport_v9_20260826T201000Z_q_v9_row7.stderr: OK
./cases/max12_812_order2_p0_total_rees_t_rs0_coeffexport_v9_20260826/aws_q_v9/run/row7/max12_812_order2_p0_total_rees_t_rs0_coeffexport_v9_20260826T201000Z_q_v9_row7.stdout: OK
./cases/max12_812_order2_p0_total_rees_t_rs0_coeffexport_v9_20260826/aws_q_v9/v8_freeze_check.stdout: OK
./cases/max12_812_order2_p0_total_rees_t_rs0_coeffexport_v9_20260826/aws_q_v9/validator.stderr: OK
./cases/max12_812_order2_p0_total_rees_t_rs0_coeffexport_v9_20260826/aws_q_v9/validator.stdout: OK
./cases/max12_812_order2_p0_total_rees_t_rs0_coeffexport_v9_20260826/aws_q_v9/validator.validation: OK
./cases/max12_812_order2_p0_total_rees_t_rs0_coeffexport_v9_20260826/compile_coeffexport_v9.py: OK
./cases/max12_812_order2_p0_total_rees_t_rs0_coeffexport_v9_20260826/launch_host.sh: OK
./cases/max12_812_order2_p0_total_rees_t_rs0_coeffexport_v9_20260826/run_aws.sh: OK
./cases/max12_812_order2_p0_total_rees_t_rs0_coeffexport_v9_20260826/validate_coeffexport_v9.py: OK
./cases/max12_812_order2_u2_62_strict_rees_20260825/aws_compile_v2_jsat/run/output/compiled_v2/tails.json: OK
./ops/aws_exact_lane.sh: OK
./xmodel/max12-812-order2-p0-total-rees-j2-a1-first-occurrence-symbol-spencer-design-sol-20260827.md: OK
./xmodel/max12-812-order2-p0-total-rees-j2-a1-radical-cascade-closure-v42-sol-20260827.md: OK
./xmodel/max12-812-order2-p0-total-rees-j2-a1-radical-cascade-hostile-review-sol-20260827.md: OK
./xmodel/max12-812-order2-p0-total-rees-j2-a1-rho0-to-total-dvr-design-erratum-v43-sol-20260827.md: OK
./xmodel/max12-812-order2-p0-total-rees-j2-a1-rho0-to-total-dvr-design-hostile-review-fable5-20260827.md: OK
./xmodel/max12-812-order2-p0-total-rees-j2-a1-rho0-to-total-dvr-design-sol-20260827.md: OK
./xmodel/max12-812-order2-p0-total-rees-j2-a1-w19-tg19-7-compatibility-v39-producer-sol-20260827.md: OK
