kind	key	coordinate	coefficient_exact
derivative-only	('f', 'F0', -6, 0)	constant	(('0', '1'), ('0', '1'), ('0', '1'), ('0', '1'), ('0', '1'), ('0', '1'), ('15625/3', '1'), ('0', '1'), ('0', '1'), ('0', '1'), ('0', '1'), ('0', '1'), ('0', '1'), ('0', '1'), ('0', '1'), ('0', '1'), ('0', '1'), ('0', '1'))
derivative-only	('f', 'F0', -6, 5)	constant	(('-31250', '1'), ('0', '1'), ('0', '1'), ('0', '1'), ('0', '1'), ('0', '1'), ('0', '1'), ('0', '1'), ('0', '1'), ('0', '1'), ('0', '1'), ('0', '1'), ('0', '1'), ('0', '1'), ('0', '1'), ('0', '1'), ('0', '1'), ('0', '1'))
derivative-only	('f', 'F0', -5, 3)	constant	(('-311430000*V*U', '1'), ('-669690000*V*U', '1'), ('-526680000*V*U', '1'), ('-78540000*V*U', '1'), ('0', '1'), ('0', '1'), ('0', '1'), ('0', '1'), ('0', '1'), ('0', '1'), ('0', '1'), ('0', '1'), ('0', '1'), ('0', '1'), ('0', '1'), ('0', '1'), ('0', '1'), ('0', '1'))
derivative-only	('f', 'F0', -5, 3)	p4	(('-2500', '1'), ('0', '1'), ('0', '1'), ('0', '1'), ('0', '1'), ('0', '1'), ('0', '1'), ('0', '1'), ('0', '1'), ('0', '1'), ('0', '1'), ('0', '1'), ('0', '1'), ('0', '1'), ('0', '1'), ('0', '1'), ('0', '1'), ('0', '1'))
derivative-only	('f', 'F0', -5, 3)	p8	(('-12500', '1'), ('0', '1'), ('0', '1'), ('0', '1'), ('0', '1'), ('0', '1'), ('0', '1'), ('0', '1'), ('0', '1'), ('0', '1'), ('0', '1'), ('0', '1'), ('0', '1'), ('0', '1'), ('0', '1'), ('0', '1'), ('0', '1'), ('0', '1'))
derivative-only	('f', 'F0', -5, 3)	p13	(('-37500', '1'), ('0', '1'), ('0', '1'), ('0', '1'), ('0', '1'), ('0', '1'), ('0', '1'), ('0', '1'), ('0', '1'), ('0', '1'), ('0', '1'), ('0', '1'), ('0', '1'), ('0', '1'), ('0', '1'), ('0', '1'), ('0', '1'), ('0', '1'))
derivative-only	('f', 'F0', -5, 3)	p19	(('-87500', '1'), ('0', '1'), ('0', '1'), ('0', '1'), ('0', '1'), ('0', '1'), ('0', '1'), ('0', '1'), ('0', '1'), ('0', '1'), ('0', '1'), ('0', '1'), ('0', '1'), ('0', '1'), ('0', '1'), ('0', '1'), ('0', '1'), ('0', '1'))
derivative-only	('f', 'F0', -5, 3)	p24	(('1925000*C', '1'), ('0', '1'), ('0', '1'), ('0', '1'), ('0', '1'), ('0', '1'), ('0', '1'), ('0', '1'), ('0', '1'), ('0', '1'), ('0', '1'), ('0', '1'), ('0', '1'), ('0', '1'), ('0', '1'), ('0', '1'), ('0', '1'), ('0', '1'))
derivative-only	('f', 'F0', -5, 3)	p25	(('1925000*V', '1'), ('0', '1'), ('0', '1'), ('0', '1'), ('0', '1'), ('0', '1'), ('0', '1'), ('0', '1'), ('0', '1'), ('0', '1'), ('0', '1'), ('0', '1'), ('0', '1'), ('0', '1'), ('0', '1'), ('0', '1'), ('0', '1'), ('0', '1'))
derivative-only	('f', 'F0', -5, 3)	p26	(('1925000*U', '1'), ('0', '1'), ('0', '1'), ('0', '1'), ('0', '1'), ('0', '1'), ('0', '1'), ('0', '1'), ('0', '1'), ('0', '1'), ('0', '1'), ('0', '1'), ('0', '1'), ('0', '1'), ('0', '1'), ('0', '1'), ('0', '1'), ('0', '1'))
derivative-only	('f', 'F0', -5, 3)	p27	(('3780000*C + 11550000*U^2', '1'), ('0', '1'), ('0', '1'), ('0', '1'), ('0', '1'), ('0', '1'), ('0', '1'), ('0', '1'), ('0', '1'), ('0', '1'), ('0', '1'), ('0', '1'), ('0', '1'), ('0', '1'), ('0', '1'), ('0', '1'), ('0', '1'), ('0', '1'))
derivative-only	('f', 'F0', -5, 3)	p28	(('3780000*V', '1'), ('0', '1'), ('0', '1'), ('0', '1'), ('0', '1'), ('0', '1'), ('0', '1'), ('0', '1'), ('0', '1'), ('0', '1'), ('0', '1'), ('0', '1'), ('0', '1'), ('0', '1'), ('0', '1'), ('0', '1'), ('0', '1'), ('0', '1'))
derivative-only	('f', 'F0', -5, 3)	p29	(('6825000*C - 24570000*U^2', '1'), ('0', '1'), ('0', '1'), ('0', '1'), ('0', '1'), ('0', '1'), ('0', '1'), ('0', '1'), ('0', '1'), ('0', '1'), ('0', '1'), ('0', '1'), ('0', '1'), ('0', '1'), ('0', '1'), ('0', '1'), ('0', '1'), ('0', '1'))
derivative-only	('f', 'F0', -4, 1)	constant	(('-160838998/3*C^3*U + 96536022*C^2*V^2 + 749130246*C^2*U^3 - 745699542*C*V^2*U^2 + 147269528*C*U^5 - 221037668*V^4*U - 882429188*V^2*U^4 + 151117842*U^7', 'C - 3*U^2'), ('-114695136*C^3*U + 95012760*C^2*V^2 + 756391704*C^2*U^3 - 783600816*C*V^2*U^2 + 119778756*C*U^5 - 230284860*V^4*U - 981224910*V^2*U^4 + 209559660*U^7', 'C - 3*U^2'), ('-121198032*C^3*U - 28923600*C^2*V^2 + 204331968*C^2*U^3 - 440811852*C*V^2*U^2 - 52147968*C*U^5 - 71781600*V^4*U - 440400270*V^2*U^4 + 127438560*U^7', 'C - 3*U^2'), ('-35596444*C^3*U - 21243000*C^2*V^2 + 17044576*C^2*U^3 - 158653884*C*V^2*U^2 - 56112556*C*U^5 - 14216400*V^4*U - 113210810*V^2*U^4 + 24673880*U^7', 'C - 3*U^2'), ('-1516608*C^3*U + 6257820*C^2*V^2 + 5704872*C^2*U^3 - 6802968*C*V^2*U^2 - 9094392*C*U^5 - 5304240*V^4*U - 17059860*V^2*U^4 + 914880*U^7', 'C - 3*U^2'), ('-254064*C^3*U + 577296*C^2*V^2 + 552672*C^2*U^3 + 2005488*C*V^2*U^2 - 213840*C*U^5 - 11184*V^4*U - 612504*V^2*U^4 - 15264*U^7', 'C - 3*U^2'), ('312500/3*U', 'C - 3*U^2'), ('0', '1'), ('0', '1'), ('0', '1'), ('0', '1'), ('0', '1'), ('0', '1'), ('0', '1'), ('0', '1'), ('0', '1'), ('0', '1'), ('0', '1'))
derivative-only	('f', 'F0', -4, 1)	p0	(('50*V', 'C - 3*U^2'), ('0', '1'), ('0', '1'), ('0', '1'), ('0', '1'), ('0', '1'), ('0', '1'), ('0', '1'), ('0', '1'), ('0', '1'), ('0', '1'), ('0', '1'), ('0', '1'), ('0', '1'), ('0', '1'), ('0', '1'), ('0', '1'), ('0', '1'))
derivative-only	('f', 'F0', -4, 1)	p1	(('-50*C - 50*U^2', 'C - 3*U^2'), ('0', '1'), ('0', '1'), ('0', '1'), ('0', '1'), ('0', '1'), ('0', '1'), ('0', '1'), ('0', '1'), ('0', '1'), ('0', '1'), ('0', '1'), ('0', '1'), ('0', '1'), ('0', '1'), ('0', '1'), ('0', '1'), ('0', '1'))
derivative-only	('f', 'F0', -4, 1)	p2	(('-550*V^2 - 400*U^3', 'C - 3*U^2'), ('0', '1'), ('0', '1'), ('0', '1'), ('0', '1'), ('0', '1'), ('0', '1'), ('0', '1'), ('0', '1'), ('0', '1'), ('0', '1'), ('0', '1'), ('0', '1'), ('0', '1'), ('0', '1'), ('0', '1'), ('0', '1'), ('0', '1'))
derivative-only	('f', 'F0', -4, 1)	p3	(('-500*V*U', 'C - 3*U^2'), ('0', '1'), ('0', '1'), ('0', '1'), ('0', '1'), ('0', '1'), ('0', '1'), ('0', '1'), ('0', '1'), ('0', '1'), ('0', '1'), ('0', '1'), ('0', '1'), ('0', '1'), ('0', '1'), ('0', '1'), ('0', '1'), ('0', '1'))
derivative-only	('f', 'F0', -4, 1)	p4	(('-3200*C*V*U - 1700*V^3 - 2000*V*U^3', 'C - 3*U^2'), ('0', '1'), ('0', '1'), ('0', '1'), ('0', '1'), ('0', '1'), ('0', '1'), ('0', '1'), ('0', '1'), ('0', '1'), ('0', '1'), ('0', '1'), ('0', '1'), ('0', '1'), ('0', '1'), ('0', '1'), ('0', '1'), ('0', '1'))
derivative-only	('f', 'F0', -4, 1)	p5	(('950*C^2 + 1000*C*U^2 - 3100*V^2*U - 750*U^4', 'C - 3*U^2'), ('0', '1'), ('0', '1'), ('0', '1'), ('0', '1'), ('0', '1'), ('0', '1'), ('0', '1'), ('0', '1'), ('0', '1'), ('0', '1'), ('0', '1'), ('0', '1'), ('0', '1'), ('0', '1'), ('0', '1'), ('0', '1'), ('0', '1'))
derivative-only	('f', 'F0', -4, 1)	p6	(('2100*C*V - 500*V*U^2', 'C - 3*U^2'), ('0', '1'), ('0', '1'), ('0', '1'), ('0', '1'), ('0', '1'), ('0', '1'), ('0', '1'), ('0', '1'), ('0', '1'), ('0', '1'), ('0', '1'), ('0', '1'), ('0', '1'), ('0', '1'), ('0', '1'), ('0', '1'), ('0', '1'))
derivative-only	('f', 'F0', -4, 1)	p7	(('900*C*U - 1050*V^2 - 700*U^3', 'C - 3*U^2'), ('0', '1'), ('0', '1'), ('0', '1'), ('0', '1'), ('0', '1'), ('0', '1'), ('0', '1'), ('0', '1'), ('0', '1'), ('0', '1'), ('0', '1'), ('0', '1'), ('0', '1'), ('0', '1'), ('0', '1'), ('0', '1'), ('0', '1'))
derivative-only	('f', 'F0', -4, 1)	p8	(('5500*C*V*U - 3900*V^3 - 6800*V*U^3', 'C - 3*U^2'), ('0', '1'), ('0', '1'), ('0', '1'), ('0', '1'), ('0', '1'), ('0', '1'), ('0', '1'), ('0', '1'), ('0', '1'), ('0', '1'), ('0', '1'), ('0', '1'), ('0', '1'), ('0', '1'), ('0', '1'), ('0', '1'), ('0', '1'))
derivative-only	('f', 'F0', -4, 1)	p9	(('2300*C^2 + 5650*C*U^2 - 400*V^2*U - 650*U^4', 'C - 3*U^2'), ('0', '1'), ('0', '1'), ('0', '1'), ('0', '1'), ('0', '1'), ('0', '1'), ('0', '1'), ('0', '1'), ('0', '1'), ('0', '1'), ('0', '1'), ('0', '1'), ('0', '1'), ('0', '1'), ('0', '1'), ('0', '1'), ('0', '1'))
derivative-only	('f', 'F0', -4, 1)	p10	(('6100*C*V + 5650*V*U^2', 'C - 3*U^2'), ('0', '1'), ('0', '1'), ('0', '1'), ('0', '1'), ('0', '1'), ('0', '1'), ('0', '1'), ('0', '1'), ('0', '1'), ('0', '1'), ('0', '1'), ('0', '1'), ('0', '1'), ('0', '1'), ('0', '1'), ('0', '1'), ('0', '1'))
derivative-only	('f', 'F0', -4, 1)	p11	(('-19700*C^2*V + 87900*C*V*U^2 + 52600*V^3*U + 14050*V*U^4', 'C - 3*U^2'), ('0', '1'), ('0', '1'), ('0', '1'), ('0', '1'), ('0', '1'), ('0', '1'), ('0', '1'), ('0', '1'), ('0', '1'), ('0', '1'), ('0', '1'), ('0', '1'), ('0', '1'), ('0', '1'), ('0', '1'), ('0', '1'), ('0', '1'))
derivative-only	('f', 'F0', -4, 1)	p12	(('-31500*C^2*U - 3600*C*V^2 + 8900*C*U^3 + 70200*V^2*U^2 + 6800*U^5', 'C - 3*U^2'), ('0', '1'), ('0', '1'), ('0', '1'), ('0', '1'), ('0', '1'), ('0', '1'), ('0', '1'), ('0', '1'), ('0', '1'), ('0', '1'), ('0', '1'), ('0', '1'), ('0', '1'), ('0', '1'), ('0', '1'), ('0', '1'), ('0', '1'))
derivative-only	('f', 'F0', -4, 1)	p13	(('-2000*C*V*U + 6200*V^3 + 20800*V*U^3', 'C - 3*U^2'), ('0', '1'), ('0', '1'), ('0', '1'), ('0', '1'), ('0', '1'), ('0', '1'), ('0', '1'), ('0', '1'), ('0', '1'), ('0', '1'), ('0', '1'), ('0', '1'), ('0', '1'), ('0', '1'), ('0', '1'), ('0', '1'), ('0', '1'))
derivative-only	('f', 'F0', -4, 1)	p14	(('4500*C^2 - 3400*C*U^2 + 12600*V^2*U + 12100*U^4', 'C - 3*U^2'), ('0', '1'), ('0', '1'), ('0', '1'), ('0', '1'), ('0', '1'), ('0', '1'), ('0', '1'), ('0', '1'), ('0', '1'), ('0', '1'), ('0', '1'), ('0', '1'), ('0', '1'), ('0', '1'), ('0', '1'), ('0', '1'), ('0', '1'))
derivative-only	('f', 'F0', -4, 1)	p15	(('-460200*C^2*V*U + 39300*C*V^3 + 379200*C*V*U^3 + 339300*V^3*U^2 + 52500*V*U^5', 'C - 3*U^2'), ('0', '1'), ('0', '1'), ('0', '1'), ('0', '1'), ('0', '1'), ('0', '1'), ('0', '1'), ('0', '1'), ('0', '1'), ('0', '1'), ('0', '1'), ('0', '1'), ('0', '1'), ('0', '1'), ('0', '1'), ('0', '1'), ('0', '1'))
derivative-only	('f', 'F0', -4, 1)	p16	(('14900*C^3 - 211800*C^2*U^2 - 344100*C*V^2*U + 80250*C*U^4 + 42000*V^4 + 311400*V^2*U^3 + 15750*U^6', 'C - 3*U^2'), ('0', '1'), ('0', '1'), ('0', '1'), ('0', '1'), ('0', '1'), ('0', '1'), ('0', '1'), ('0', '1'), ('0', '1'), ('0', '1'), ('0', '1'), ('0', '1'), ('0', '1'), ('0', '1'), ('0', '1'), ('0', '1'), ('0', '1'))
derivative-only	('f', 'F0', -4, 1)	p17	(('-198000*C^2*V - 23100*C*V*U^2 + 280400*V^3*U + 244350*V*U^4', 'C - 3*U^2'), ('0', '1'), ('0', '1'), ('0', '1'), ('0', '1'), ('0', '1'), ('0', '1'), ('0', '1'), ('0', '1'), ('0', '1'), ('0', '1'), ('0', '1'), ('0', '1'), ('0', '1'), ('0', '1'), ('0', '1'), ('0', '1'), ('0', '1'))
derivative-only	('f', 'F0', -4, 1)	p18	(('-94500*C^2*U - 168000*C*V^2 - 72900*C*U^3 + 143700*V^2*U^2 + 84000*U^5', 'C - 3*U^2'), ('0', '1'), ('0', '1'), ('0', '1'), ('0', '1'), ('0', '1'), ('0', '1'), ('0', '1'), ('0', '1'), ('0', '1'), ('0', '1'), ('0', '1'), ('0', '1'), ('0', '1'), ('0', '1'), ('0', '1'), ('0', '1'), ('0', '1'))
derivative-only	('f', 'F0', -4, 1)	p19	(('-121000*C*V*U + 10000*V^3 - 53800*V*U^3', 'C - 3*U^2'), ('0', '1'), ('0', '1'), ('0', '1'), ('0', '1'), ('0', '1'), ('0', '1'), ('0', '1'), ('0', '1'), ('0', '1'), ('0', '1'), ('0', '1'), ('0', '1'), ('0', '1'), ('0', '1'), ('0', '1'), ('0', '1'), ('0', '1'))
derivative-only	('f', 'F0', -4, 1)	p20	(('-2965200*C^2*V*U - 779200*C*V^3 - 879600*C*V*U^3 + 1147400*V^3*U^2 + 1014600*V*U^5', 'C - 3*U^2'), ('0', '1'), ('0', '1'), ('0', '1'), ('0', '1'), ('0', '1'), ('0', '1'), ('0', '1'), ('0', '1'), ('0', '1'), ('0', '1'), ('0', '1'), ('0', '1'), ('0', '1'), ('0', '1'), ('0', '1'), ('0', '1'), ('0', '1'))
derivative-only	('f', 'F0', -4, 1)	p21	(('650*C^3 - 537950*C^2*U^2 - 3151000*C*V^2*U - 447300*C*U^4 + 12150*V^4 + 1200*V^2*U^3 + 268900*U^6', 'C - 3*U^2'), ('0', '1'), ('0', '1'), ('0', '1'), ('0', '1'), ('0', '1'), ('0', '1'), ('0', '1'), ('0', '1'), ('0', '1'), ('0', '1'), ('0', '1'), ('0', '1'), ('0', '1'), ('0', '1'), ('0', '1'), ('0', '1'), ('0', '1'))
derivative-only	('f', 'F0', -4, 1)	p22	(('-529000*C^2*V - 550000*C*V*U^2 + 389000*V^3*U - 167250*V*U^4', 'C - 3*U^2'), ('0', '1'), ('0', '1'), ('0', '1'), ('0', '1'), ('0', '1'), ('0', '1'), ('0', '1'), ('0', '1'), ('0', '1'), ('0', '1'), ('0', '1'), ('0', '1'), ('0', '1'), ('0', '1'), ('0', '1'), ('0', '1'), ('0', '1'))
derivative-only	('f', 'F0', -4, 1)	p23	(('-298000*C^2*U - 401250*C*V^2 - 108000*C*U^3 + 108750*V^2*U^2 - 63600*U^5', 'C - 3*U^2'), ('0', '1'), ('0', '1'), ('0', '1'), ('0', '1'), ('0', '1'), ('0', '1'), ('0', '1'), ('0', '1'), ('0', '1'), ('0', '1'), ('0', '1'), ('0', '1'), ('0', '1'), ('0', '1'), ('0', '1'), ('0', '1'), ('0', '1'))
derivative-only	('f', 'F0', -4, 1)	p24	(('-5809200*C^2*V*U - 2393700*C*V^3 - 2341100*C*V*U^3 + 488900*V^3*U^2 - 1997100*V*U^5', 'C - 3*U^2'), ('0', '1'), ('0', '1'), ('0', '1'), ('0', '1'), ('0', '1'), ('0', '1'), ('0', '1'), ('0', '1'), ('0', '1'), ('0', '1'), ('0', '1'), ('0', '1'), ('0', '1'), ('0', '1'), ('0', '1'), ('0', '1'), ('0', '1'))
derivative-only	('f', 'F0', -4, 1)	p25	(('115150*C^3 - 1739450*C^2*U^2 - 5712000*C*V^2*U - 797550*C*U^4 - 295350*V^4 + 45200*V^2*U^3 - 748550*U^6', 'C - 3*U^2'), ('0', '1'), ('0', '1'), ('0', '1'), ('0', '1'), ('0', '1'), ('0', '1'), ('0', '1'), ('0', '1'), ('0', '1'), ('0', '1'), ('0', '1'), ('0', '1'), ('0', '1'), ('0', '1'), ('0', '1'), ('0', '1'), ('0', '1'))
derivative-only	('f', 'F0', -4, 1)	p26	(('-1023750*C^2*V + 1463250*C*V*U^2 + 612000*V^3*U + 777250*V*U^4', 'C - 3*U^2'), ('0', '1'), ('0', '1'), ('0', '1'), ('0', '1'), ('0', '1'), ('0', '1'), ('0', '1'), ('0', '1'), ('0', '1'), ('0', '1'), ('0', '1'), ('0', '1'), ('0', '1'), ('0', '1'), ('0', '1'), ('0', '1'), ('0', '1'))
derivative-only	('f', 'F0', -4, 1)	p27	(('-6232800*C^2*V*U + 4296600*C*V^3 + 12957600*C*V*U^3 - 2451600*V^3*U^2 + 3936400*V*U^5', 'C - 3*U^2'), ('0', '1'), ('0', '1'), ('0', '1'), ('0', '1'), ('0', '1'), ('0', '1'), ('0', '1'), ('0', '1'), ('0', '1'), ('0', '1'), ('0', '1'), ('0', '1'), ('0', '1'), ('0', '1'), ('0', '1'), ('0', '1'), ('0', '1'))
derivative-only	('f', 'F0', -4, 1)	p28	(('406000*C^3 + 3303300*C^2*U^2 - 3843000*C*V^2*U + 897150*C*U^4 - 754250*V^4 - 2899200*V^2*U^3 - 62550*U^6', 'C - 3*U^2'), ('0', '1'), ('0', '1'), ('0', '1'), ('0', '1'), ('0', '1'), ('0', '1'), ('0', '1'), ('0', '1'), ('0', '1'), ('0', '1'), ('0', '1'), ('0', '1'), ('0', '1'), ('0', '1'), ('0', '1'), ('0', '1'), ('0', '1'))
derivative-only	('f', 'F0', -4, 1)	p29	(('10182000*C^2*V*U + 8159000*C*V^3 - 10255000*C*V*U^3 - 19198900*V^3*U^2 - 10751000*V*U^5', 'C - 3*U^2'), ('0', '1'), ('0', '1'), ('0', '1'), ('0', '1'), ('0', '1'), ('0', '1'), ('0', '1'), ('0', '1'), ('0', '1'), ('0', '1'), ('0', '1'), ('0', '1'), ('0', '1'), ('0', '1'), ('0', '1'), ('0', '1'), ('0', '1'))
derivative-only	('f', 'F0', -3, 4)	constant	(('207506250*V', '1'), ('264600000*V', '1'), ('107493750*V', '1'), ('0', '1'), ('0', '1'), ('0', '1'), ('0', '1'), ('0', '1'), ('0', '1'), ('0', '1'), ('0', '1'), ('0', '1'), ('0', '1'), ('0', '1'), ('0', '1'), ('0', '1'), ('0', '1'), ('0', '1'))
derivative-only	('f', 'F0', -3, 4)	p11	(('-15625', '1'), ('0', '1'), ('0', '1'), ('0', '1'), ('0', '1'), ('0', '1'), ('0', '1'), ('0', '1'), ('0', '1'), ('0', '1'), ('0', '1'), ('0', '1'), ('0', '1'), ('0', '1'), ('0', '1'), ('0', '1'), ('0', '1'), ('0', '1'))
derivative-only	('f', 'F0', -3, 4)	p17	(('-93750', '1'), ('0', '1'), ('0', '1'), ('0', '1'), ('0', '1'), ('0', '1'), ('0', '1'), ('0', '1'), ('0', '1'), ('0', '1'), ('0', '1'), ('0', '1'), ('0', '1'), ('0', '1'), ('0', '1'), ('0', '1'), ('0', '1'), ('0', '1'))
derivative-only	('f', 'F0', -3, 4)	p22	(('-328125', '1'), ('0', '1'), ('0', '1'), ('0', '1'), ('0', '1'), ('0', '1'), ('0', '1'), ('0', '1'), ('0', '1'), ('0', '1'), ('0', '1'), ('0', '1'), ('0', '1'), ('0', '1'), ('0', '1'), ('0', '1'), ('0', '1'), ('0', '1'))
derivative-only	('f', 'F0', -3, 4)	p26	(('-875000', '1'), ('0', '1'), ('0', '1'), ('0', '1'), ('0', '1'), ('0', '1'), ('0', '1'), ('0', '1'), ('0', '1'), ('0', '1'), ('0', '1'), ('0', '1'), ('0', '1'), ('0', '1'), ('0', '1'), ('0', '1'), ('0', '1'), ('0', '1'))
derivative-only	('f', 'F0', -3, 4)	p29	(('25593750*U', '1'), ('0', '1'), ('0', '1'), ('0', '1'), ('0', '1'), ('0', '1'), ('0', '1'), ('0', '1'), ('0', '1'), ('0', '1'), ('0', '1'), ('0', '1'), ('0', '1'), ('0', '1'), ('0', '1'), ('0', '1'), ('0', '1'), ('0', '1'))
derivative-only	('g', 'F0', -8, 4)	constant	(('0', '1'), ('0', '1'), ('0', '1'), ('0', '1'), ('0', '1'), ('0', '1'), ('625000000/9', '1'), ('-1093750000/9', '1'), ('87890625', '1'), ('-273437500/9', '1'), ('39062500/9', '1'), ('0', '1'), ('0', '1'), ('0', '1'), ('0', '1'), ('0', '1'), ('0', '1'), ('0', '1'))
derivative-only	('g', 'F0', -8, 9)	constant	(('-250000000/3', '1'), ('437500000/3', '1'), ('-105468750', '1'), ('109375000/3', '1'), ('-15625000/3', '1'), ('0', '1'), ('0', '1'), ('0', '1'), ('0', '1'), ('0', '1'), ('0', '1'), ('0', '1'), ('0', '1'), ('0', '1'), ('0', '1'), ('0', '1'), ('0', '1'), ('0', '1'))
derivative-only	('g', 'F0', -7, 2)	constant	(('6274036131072300*C^3*V*U - 1673585573642950*C^2*V^3 - 36712099283276250*C^2*V*U^3 + 20670823839315375*C*V^3*U^2 + 26327147988054150*C*V*U^5 + 1096046593936500*V^5*U + 15835592659897125*V^3*U^4 + 1977426542086800*V*U^7', '1'), ('19350396575424600*C^3*V*U - 998076306145900*C^2*V^3 - 51494603572740000*C^2*V*U^3 + 47489100530349000*C*V^3*U^2 + 51919730040547200*C*V*U^5 + 2188184103498000*V^5*U + 18876061545072000*V^3*U^4 - 3069809509447200*V*U^7', '1'), ('7123548882835200*C^3*V*U - 975058640248300*C^2*V^3 + 5405877896520000*C^2*V*U^3 + 24081225273843000*C*V^3*U^2 - 14795067537483600*C*V*U^5 - 481068939849000*V^5*U + 1968389350989000*V^3*U^4 + 4200246610833600*V*U^7', '1'), ('6579182753739900*C^3*V*U - 685974881430850*C^2*V^3 - 8245693323191250*C^2*V*U^3 + 14374320097035375*C*V^3*U^2 + 14272532015186550*C*V*U^5 + 498186853737000*V^5*U + 659852082931125*V^3*U^4 - 3296304834067800*V*U^7', '1'), ('-420359798548200*C^3*V*U - 598707364262200*C^2*V^3 + 2016603755992500*C^2*V*U^3 - 633779785686750*C*V^3*U^2 - 4502830347117900*C*V*U^5 - 201113702091000*V^5*U - 828294575960250*V^3*U^4 + 617277995204400*V*U^7', '1'), ('377614519578000*C^3*V*U - 18226421314500*C^2*V^3 - 653425802325000*C^2*V*U^3 + 300935443324500*C*V^3*U^2 + 1051477964195400*C*V*U^5 + 11621220615000*V^5*U - 139424171638500*V^3*U^4 - 299720522368800*V*U^7', '1'), ('0', '1'), ('0', '1'), ('0', '1'), ('0', '1'), ('0', '1'), ('0', '1'), ('0', '1'), ('0', '1'), ('0', '1'), ('0', '1'), ('0', '1'), ('0', '1'))
derivative-only	('g', 'F0', -7, 2)	p33	(('-375', '1'), ('0', '1'), ('0', '1'), ('0', '1'), ('0', '1'), ('0', '1'), ('0', '1'), ('0', '1'), ('0', '1'), ('0', '1'), ('0', '1'), ('0', '1'), ('0', '1'), ('0', '1'), ('0', '1'), ('0', '1'), ('0', '1'), ('0', '1'))
derivative-only	('g', 'F0', -7, 2)	p38	(('-1500', '1'), ('0', '1'), ('0', '1'), ('0', '1'), ('0', '1'), ('0', '1'), ('0', '1'), ('0', '1'), ('0', '1'), ('0', '1'), ('0', '1'), ('0', '1'), ('0', '1'), ('0', '1'), ('0', '1'), ('0', '1'), ('0', '1'), ('0', '1'))
derivative-only	('g', 'F0', -7, 2)	p42	(('-3750', '1'), ('0', '1'), ('0', '1'), ('0', '1'), ('0', '1'), ('0', '1'), ('0', '1'), ('0', '1'), ('0', '1'), ('0', '1'), ('0', '1'), ('0', '1'), ('0', '1'), ('0', '1'), ('0', '1'), ('0', '1'), ('0', '1'), ('0', '1'))
derivative-only	('g', 'F0', -7, 2)	p50	(('67500*C', '1'), ('0', '1'), ('0', '1'), ('0', '1'), ('0', '1'), ('0', '1'), ('0', '1'), ('0', '1'), ('0', '1'), ('0', '1'), ('0', '1'), ('0', '1'), ('0', '1'), ('0', '1'), ('0', '1'), ('0', '1'), ('0', '1'), ('0', '1'))
derivative-only	('g', 'F0', -7, 2)	p51	(('67500*V', '1'), ('0', '1'), ('0', '1'), ('0', '1'), ('0', '1'), ('0', '1'), ('0', '1'), ('0', '1'), ('0', '1'), ('0', '1'), ('0', '1'), ('0', '1'), ('0', '1'), ('0', '1'), ('0', '1'), ('0', '1'), ('0', '1'), ('0', '1'))
derivative-only	('g', 'F0', -7, 2)	p52	(('67500*U', '1'), ('0', '1'), ('0', '1'), ('0', '1'), ('0', '1'), ('0', '1'), ('0', '1'), ('0', '1'), ('0', '1'), ('0', '1'), ('0', '1'), ('0', '1'), ('0', '1'), ('0', '1'), ('0', '1'), ('0', '1'), ('0', '1'), ('0', '1'))
derivative-only	('g', 'F0', -7, 2)	p53	(('675000*C*V', '1'), ('0', '1'), ('0', '1'), ('0', '1'), ('0', '1'), ('0', '1'), ('0', '1'), ('0', '1'), ('0', '1'), ('0', '1'), ('0', '1'), ('0', '1'), ('0', '1'), ('0', '1'), ('0', '1'), ('0', '1'), ('0', '1'), ('0', '1'))
derivative-only	('g', 'F0', -7, 2)	p54	(('675000*C*U + 337500*V^2', '1'), ('0', '1'), ('0', '1'), ('0', '1'), ('0', '1'), ('0', '1'), ('0', '1'), ('0', '1'), ('0', '1'), ('0', '1'), ('0', '1'), ('0', '1'), ('0', '1'), ('0', '1'), ('0', '1'), ('0', '1'), ('0', '1'), ('0', '1'))
derivative-only	('g', 'F0', -7, 2)	p55	(('675000*V*U', '1'), ('0', '1'), ('0', '1'), ('0', '1'), ('0', '1'), ('0', '1'), ('0', '1'), ('0', '1'), ('0', '1'), ('0', '1'), ('0', '1'), ('0', '1'), ('0', '1'), ('0', '1'), ('0', '1'), ('0', '1'), ('0', '1'), ('0', '1'))
derivative-only	('g', 'F0', -7, 2)	p56	(('131250*C + 337500*U^2', '1'), ('0', '1'), ('0', '1'), ('0', '1'), ('0', '1'), ('0', '1'), ('0', '1'), ('0', '1'), ('0', '1'), ('0', '1'), ('0', '1'), ('0', '1'), ('0', '1'), ('0', '1'), ('0', '1'), ('0', '1'), ('0', '1'), ('0', '1'))
derivative-only	('g', 'F0', -7, 2)	p57	(('131250*V', '1'), ('0', '1'), ('0', '1'), ('0', '1'), ('0', '1'), ('0', '1'), ('0', '1'), ('0', '1'), ('0', '1'), ('0', '1'), ('0', '1'), ('0', '1'), ('0', '1'), ('0', '1'), ('0', '1'), ('0', '1'), ('0', '1'), ('0', '1'))
derivative-only	('g', 'F0', -7, 2)	p58	(('7425000*C*V*U + 1237500*V^3', '1'), ('0', '1'), ('0', '1'), ('0', '1'), ('0', '1'), ('0', '1'), ('0', '1'), ('0', '1'), ('0', '1'), ('0', '1'), ('0', '1'), ('0', '1'), ('0', '1'), ('0', '1'), ('0', '1'), ('0', '1'), ('0', '1'), ('0', '1'))
derivative-only	('g', 'F0', -7, 2)	p59	(('-1640625*C^2 + 3712500*C*U^2 + 3712500*V^2*U', '1'), ('0', '1'), ('0', '1'), ('0', '1'), ('0', '1'), ('0', '1'), ('0', '1'), ('0', '1'), ('0', '1'), ('0', '1'), ('0', '1'), ('0', '1'), ('0', '1'), ('0', '1'), ('0', '1'), ('0', '1'), ('0', '1'), ('0', '1'))
derivative-only	('g', 'F0', -7, 2)	p60	(('1443750*C*V + 3712500*V*U^2', '1'), ('0', '1'), ('0', '1'), ('0', '1'), ('0', '1'), ('0', '1'), ('0', '1'), ('0', '1'), ('0', '1'), ('0', '1'), ('0', '1'), ('0', '1'), ('0', '1'), ('0', '1'), ('0', '1'), ('0', '1'), ('0', '1'), ('0', '1'))
derivative-only	('g', 'F0', -7, 2)	p61	(('721875*V^2 + 1237500*U^3', '1'), ('0', '1'), ('0', '1'), ('0', '1'), ('0', '1'), ('0', '1'), ('0', '1'), ('0', '1'), ('0', '1'), ('0', '1'), ('0', '1'), ('0', '1'), ('0', '1'), ('0', '1'), ('0', '1'), ('0', '1'), ('0', '1'), ('0', '1'))
derivative-only	('g', 'F0', -7, 2)	p63	(('231000*C - 721875*U^2', '1'), ('0', '1'), ('0', '1'), ('0', '1'), ('0', '1'), ('0', '1'), ('0', '1'), ('0', '1'), ('0', '1'), ('0', '1'), ('0', '1'), ('0', '1'), ('0', '1'), ('0', '1'), ('0', '1'), ('0', '1'), ('0', '1'), ('0', '1'))
derivative-only	('g', 'F0', -7, 2)	p64	(('-7012500*C^3 + 22275000*C^2*U^2 + 44550000*C*V^2*U + 3712500*V^4', '1'), ('0', '1'), ('0', '1'), ('0', '1'), ('0', '1'), ('0', '1'), ('0', '1'), ('0', '1'), ('0', '1'), ('0', '1'), ('0', '1'), ('0', '1'), ('0', '1'), ('0', '1'), ('0', '1'), ('0', '1'), ('0', '1'), ('0', '1'))
derivative-only	('g', 'F0', -7, 2)	p65	(('-21037500*C^2*V + 44550000*C*V*U^2 + 14850000*V^3*U', '1'), ('0', '1'), ('0', '1'), ('0', '1'), ('0', '1'), ('0', '1'), ('0', '1'), ('0', '1'), ('0', '1'), ('0', '1'), ('0', '1'), ('0', '1'), ('0', '1'), ('0', '1'), ('0', '1'), ('0', '1'), ('0', '1'), ('0', '1'))
derivative-only	('g', 'F0', -7, 2)	p66	(('-29700000*C^2*U - 21037500*C*V^2 + 14850000*C*U^3 + 22275000*V^2*U^2', '1'), ('0', '1'), ('0', '1'), ('0', '1'), ('0', '1'), ('0', '1'), ('0', '1'), ('0', '1'), ('0', '1'), ('0', '1'), ('0', '1'), ('0', '1'), ('0', '1'), ('0', '1'), ('0', '1'), ('0', '1'), ('0', '1'), ('0', '1'))
derivative-only	('g', 'F0', -7, 2)	p67	(('2887500*V^3 + 14850000*V*U^3', '1'), ('0', '1'), ('0', '1'), ('0', '1'), ('0', '1'), ('0', '1'), ('0', '1'), ('0', '1'), ('0', '1'), ('0', '1'), ('0', '1'), ('0', '1'), ('0', '1'), ('0', '1'), ('0', '1'), ('0', '1'), ('0', '1'), ('0', '1'))
derivative-only	('g', 'F0', -7, 2)	p68	(('-8064000*C^2 - 8662500*C*U^2 + 3712500*U^4', '1'), ('0', '1'), ('0', '1'), ('0', '1'), ('0', '1'), ('0', '1'), ('0', '1'), ('0', '1'), ('0', '1'), ('0', '1'), ('0', '1'), ('0', '1'), ('0', '1'), ('0', '1'), ('0', '1'), ('0', '1'), ('0', '1'), ('0', '1'))
derivative-only	('g', 'F0', -7, 2)	p69	(('-8662500*V*U^2', '1'), ('0', '1'), ('0', '1'), ('0', '1'), ('0', '1'), ('0', '1'), ('0', '1'), ('0', '1'), ('0', '1'), ('0', '1'), ('0', '1'), ('0', '1'), ('0', '1'), ('0', '1'), ('0', '1'), ('0', '1'), ('0', '1'), ('0', '1'))
derivative-only	('g', 'F0', -7, 2)	p70	(('-1386000*V^2 - 5775000*U^3', '1'), ('0', '1'), ('0', '1'), ('0', '1'), ('0', '1'), ('0', '1'), ('0', '1'), ('0', '1'), ('0', '1'), ('0', '1'), ('0', '1'), ('0', '1'), ('0', '1'), ('0', '1'), ('0', '1'), ('0', '1'), ('0', '1'), ('0', '1'))
derivative-only	('g', 'F0', -7, 2)	p71	(('-2772000*V*U', '1'), ('0', '1'), ('0', '1'), ('0', '1'), ('0', '1'), ('0', '1'), ('0', '1'), ('0', '1'), ('0', '1'), ('0', '1'), ('0', '1'), ('0', '1'), ('0', '1'), ('0', '1'), ('0', '1'), ('0', '1'), ('0', '1'), ('0', '1'))
derivative-only	('g', 'F0', -7, 2)	p72	(('-38544000*C^3 - 56306250*C^2*U^2 + 48262500*C*U^4 + 9384375*V^4 + 96525000*V^2*U^3', '1'), ('0', '1'), ('0', '1'), ('0', '1'), ('0', '1'), ('0', '1'), ('0', '1'), ('0', '1'), ('0', '1'), ('0', '1'), ('0', '1'), ('0', '1'), ('0', '1'), ('0', '1'), ('0', '1'), ('0', '1'), ('0', '1'), ('0', '1'))
derivative-only	('g', 'F0', -7, 2)	p73	(('-133650000*C^2*V - 112612500*C*V*U^2 + 48262500*V*U^4', '1'), ('0', '1'), ('0', '1'), ('0', '1'), ('0', '1'), ('0', '1'), ('0', '1'), ('0', '1'), ('0', '1'), ('0', '1'), ('0', '1'), ('0', '1'), ('0', '1'), ('0', '1'), ('0', '1'), ('0', '1'), ('0', '1'), ('0', '1'))
derivative-only	('g', 'F0', -7, 2)	p74	(('-133650000*C^2*U - 151668000*C*V^2 - 75075000*C*U^3 - 56306250*V^2*U^2 + 9652500*U^5', '1'), ('0', '1'), ('0', '1'), ('0', '1'), ('0', '1'), ('0', '1'), ('0', '1'), ('0', '1'), ('0', '1'), ('0', '1'), ('0', '1'), ('0', '1'), ('0', '1'), ('0', '1'), ('0', '1'), ('0', '1'), ('0', '1'), ('0', '1'))
derivative-only	('g', 'F0', -7, 2)	p75	(('-36036000*C*V*U - 12012000*V^3 - 75075000*V*U^3', '1'), ('0', '1'), ('0', '1'), ('0', '1'), ('0', '1'), ('0', '1'), ('0', '1'), ('0', '1'), ('0', '1'), ('0', '1'), ('0', '1'), ('0', '1'), ('0', '1'), ('0', '1'), ('0', '1'), ('0', '1'), ('0', '1'), ('0', '1'))
derivative-only	('g', 'F0', -7, 2)	p76	(('-30807000*C^2 - 36036000*V^2*U - 28153125*U^4', '1'), ('0', '1'), ('0', '1'), ('0', '1'), ('0', '1'), ('0', '1'), ('0', '1'), ('0', '1'), ('0', '1'), ('0', '1'), ('0', '1'), ('0', '1'), ('0', '1'), ('0', '1'), ('0', '1'), ('0', '1'), ('0', '1'), ('0', '1'))
derivative-only	('g', 'F0', -7, 2)	p77	(('-4914000*C*V - 18018000*V*U^2', '1'), ('0', '1'), ('0', '1'), ('0', '1'), ('0', '1'), ('0', '1'), ('0', '1'), ('0', '1'), ('0', '1'), ('0', '1'), ('0', '1'), ('0', '1'), ('0', '1'), ('0', '1'), ('0', '1'), ('0', '1'), ('0', '1'), ('0', '1'))
derivative-only	('g', 'F0', -7, 2)	p78	(('-4914000*C*U - 2457000*V^2 + 6006000*U^3', '1'), ('0', '1'), ('0', '1'), ('0', '1'), ('0', '1'), ('0', '1'), ('0', '1'), ('0', '1'), ('0', '1'), ('0', '1'), ('0', '1'), ('0', '1'), ('0', '1'), ('0', '1'), ('0', '1'), ('0', '1'), ('0', '1'), ('0', '1'))
derivative-only	('g', 'F0', -7, 2)	p79	(('534600000*C^3*U + 169017750*C^2*V^2 - 1394250000*C^2*U^3 - 3394462500*C*V^2*U^2 + 135135000*C*U^5 - 434362500*V^4*U + 337837500*V^2*U^4', '1'), ('0', '1'), ('0', '1'), ('0', '1'), ('0', '1'), ('0', '1'), ('0', '1'), ('0', '1'), ('0', '1'), ('0', '1'), ('0', '1'), ('0', '1'), ('0', '1'), ('0', '1'), ('0', '1'), ('0', '1'), ('0', '1'), ('0', '1'))
derivative-only	('g', 'F0', -7, 2)	p80	(('1351548000*C^2*V*U + 28594500*C*V^3 - 2788500000*C*V*U^3 - 1131487500*V^3*U^2 + 135135000*V*U^5', '1'), ('0', '1'), ('0', '1'), ('0', '1'), ('0', '1'), ('0', '1'), ('0', '1'), ('0', '1'), ('0', '1'), ('0', '1'), ('0', '1'), ('0', '1'), ('0', '1'), ('0', '1'), ('0', '1'), ('0', '1'), ('0', '1'), ('0', '1'))
derivative-only	('g', 'F0', -7, 2)	p81	(('-171432000*C^3 - 504504000*C*V^2*U - 394143750*C*U^4 - 63063000*V^4 - 525525000*V^2*U^3 + 22522500*U^6', '1'), ('0', '1'), ('0', '1'), ('0', '1'), ('0', '1'), ('0', '1'), ('0', '1'), ('0', '1'), ('0', '1'), ('0', '1'), ('0', '1'), ('0', '1'), ('0', '1'), ('0', '1'), ('0', '1'), ('0', '1'), ('0', '1'), ('0', '1'))
derivative-only	('g', 'F0', -7, 2)	p82	(('-514296000*C^2*V - 252252000*C*V*U^2 - 252252000*V^3*U - 394143750*V*U^4', '1'), ('0', '1'), ('0', '1'), ('0', '1'), ('0', '1'), ('0', '1'), ('0', '1'), ('0', '1'), ('0', '1'), ('0', '1'), ('0', '1'), ('0', '1'), ('0', '1'), ('0', '1'), ('0', '1'), ('0', '1'), ('0', '1'), ('0', '1'))
derivative-only	('g', 'F0', -7, 2)	p83	(('-514296000*C^2*U - 514296000*C*V^2 + 84084000*C*U^3 - 252252000*V^2*U^2 - 105105000*U^5', '1'), ('0', '1'), ('0', '1'), ('0', '1'), ('0', '1'), ('0', '1'), ('0', '1'), ('0', '1'), ('0', '1'), ('0', '1'), ('0', '1'), ('0', '1'), ('0', '1'), ('0', '1'), ('0', '1'), ('0', '1'), ('0', '1'), ('0', '1'))
derivative-only	('g', 'F0', -7, 2)	p84	(('-68796000*C*V*U - 22932000*V^3', '1'), ('0', '1'), ('0', '1'), ('0', '1'), ('0', '1'), ('0', '1'), ('0', '1'), ('0', '1'), ('0', '1'), ('0', '1'), ('0', '1'), ('0', '1'), ('0', '1'), ('0', '1'), ('0', '1'), ('0', '1'), ('0', '1'), ('0', '1'))
derivative-only	('g', 'F0', -7, 2)	p85	(('-74970000*C^2 - 34398000*C*U^2 + 63063000*U^4', '1'), ('0', '1'), ('0', '1'), ('0', '1'), ('0', '1'), ('0', '1'), ('0', '1'), ('0', '1'), ('0', '1'), ('0', '1'), ('0', '1'), ('0', '1'), ('0', '1'), ('0', '1'), ('0', '1'), ('0', '1'), ('0', '1'), ('0', '1'))
derivative-only	('g', 'F0', -7, 2)	p86	(('-8190000*C*V + 34398000*V*U^2', '1'), ('0', '1'), ('0', '1'), ('0', '1'), ('0', '1'), ('0', '1'), ('0', '1'), ('0', '1'), ('0', '1'), ('0', '1'), ('0', '1'), ('0', '1'), ('0', '1'), ('0', '1'), ('0', '1'), ('0', '1'), ('0', '1'), ('0', '1'))
derivative-only	('g', 'F0', -7, 2)	p87	(('-362405625*C^4 + 6971250000*C^3*U^2 + 9247095000*C^2*V^2*U - 6334453125*C^2*U^4 - 87945000*C*V^4 - 21396375000*C*V^2*U^3 + 337837500*C*U^6 - 4363734375*V^4*U^2 + 1013512500*V^2*U^5', '1'), ('0', '1'), ('0', '1'), ('0', '1'), ('0', '1'), ('0', '1'), ('0', '1'), ('0', '1'), ('0', '1'), ('0', '1'), ('0', '1'), ('0', '1'), ('0', '1'), ('0', '1'), ('0', '1'), ('0', '1'), ('0', '1'), ('0', '1'))
derivative-only	('g', 'F0', -7, 2)	p88	(('-608782500*C^3*V + 19021860000*C^2*V*U^2 + 4903470000*C*V^3*U - 12668906250*C*V*U^4 - 80652000*V^5 - 7132125000*V^3*U^3 + 337837500*V*U^6', '1'), ('0', '1'), ('0', '1'), ('0', '1'), ('0', '1'), ('0', '1'), ('0', '1'), ('0', '1'), ('0', '1'), ('0', '1'), ('0', '1'), ('0', '1'), ('0', '1'), ('0', '1'), ('0', '1'), ('0', '1'), ('0', '1'), ('0', '1'))
derivative-only	('g', 'F0', -7, 2)	p89	(('3048030000*C^3*U + 2038263750*C^2*V^2 - 3712995000*C^2*U^3 - 16814655000*C*V^2*U^2 - 1576575000*C*U^5 - 3433072500*V^4*U - 2956078125*V^2*U^4 + 48262500*U^7', '1'), ('0', '1'), ('0', '1'), ('0', '1'), ('0', '1'), ('0', '1'), ('0', '1'), ('0', '1'), ('0', '1'), ('0', '1'), ('0', '1'), ('0', '1'), ('0', '1'), ('0', '1'), ('0', '1'), ('0', '1'), ('0', '1'), ('0', '1'))
derivative-only	('g', 'F0', -7, 2)	p90	(('9660060000*C^2*V*U + 1358842500*C*V^3 - 8687250000*C*V*U^3 - 6235515000*V^3*U^2 - 1576575000*V*U^5', '1'), ('0', '1'), ('0', '1'), ('0', '1'), ('0', '1'), ('0', '1'), ('0', '1'), ('0', '1'), ('0', '1'), ('0', '1'), ('0', '1'), ('0', '1'), ('0', '1'), ('0', '1'), ('0', '1'), ('0', '1'), ('0', '1'), ('0', '1'))
derivative-only	('g', 'F0', -7, 2)	p91	(('-449325000*C^3 - 515970000*C^2*U^2 - 515970000*C*V^2*U + 945945000*C*U^4 - 128992500*V^4 - 630630000*V^2*U^3 - 328453125*U^6', '1'), ('0', '1'), ('0', '1'), ('0', '1'), ('0', '1'), ('0', '1'), ('0', '1'), ('0', '1'), ('0', '1'), ('0', '1'), ('0', '1'), ('0', '1'), ('0', '1'), ('0', '1'), ('0', '1'), ('0', '1'), ('0', '1'), ('0', '1'))
derivative-only	('g', 'F0', -7, 2)	p92	(('-1347975000*C^2*V + 630630000*V*U^4', '1'), ('0', '1'), ('0', '1'), ('0', '1'), ('0', '1'), ('0', '1'), ('0', '1'), ('0', '1'), ('0', '1'), ('0', '1'), ('0', '1'), ('0', '1'), ('0', '1'), ('0', '1'), ('0', '1'), ('0', '1'), ('0', '1'), ('0', '1'))
derivative-only	('g', 'F0', -7, 2)	p93	(('-1225125000*C^2*U - 1286550000*C*V^2 - 171990000*C*U^3 + 515970000*V^2*U^2 + 378378000*U^5', '1'), ('0', '1'), ('0', '1'), ('0', '1'), ('0', '1'), ('0', '1'), ('0', '1'), ('0', '1'), ('0', '1'), ('0', '1'), ('0', '1'), ('0', '1'), ('0', '1'), ('0', '1'), ('0', '1'), ('0', '1'), ('0', '1'), ('0', '1'))
derivative-only	('g', 'F0', -7, 2)	p94	(('20475000*V^3 + 343980000*V*U^3', '1'), ('0', '1'), ('0', '1'), ('0', '1'), ('0', '1'), ('0', '1'), ('0', '1'), ('0', '1'), ('0', '1'), ('0', '1'), ('0', '1'), ('0', '1'), ('0', '1'), ('0', '1'), ('0', '1'), ('0', '1'), ('0', '1'), ('0', '1'))
derivative-only	('g', 'F0', -7, 2)	p95	(('-162421875*C^2 + 61425000*C*U^2 + 61425000*V^2*U - 42997500*U^4', '1'), ('0', '1'), ('0', '1'), ('0', '1'), ('0', '1'), ('0', '1'), ('0', '1'), ('0', '1'), ('0', '1'), ('0', '1'), ('0', '1'), ('0', '1'), ('0', '1'), ('0', '1'), ('0', '1'), ('0', '1'), ('0', '1'), ('0', '1'))
derivative-only	('g', 'F0', -7, 2)	p96	(('-1980386250*C^4 + 42177427500*C^3*U^2 + 87304230000*C^2*V^2*U - 11013502500*C^2*U^4 + 5948816250*C*V^4 - 84414330000*C*V^2*U^3 - 5255250000*C*U^6 - 28671142500*V^4*U^2 - 12612600000*V^2*U^5 + 96525000*U^8', '1'), ('0', '1'), ('0', '1'), ('0', '1'), ('0', '1'), ('0', '1'), ('0', '1'), ('0', '1'), ('0', '1'), ('0', '1'), ('0', '1'), ('0', '1'), ('0', '1'), ('0', '1'), ('0', '1'), ('0', '1'), ('0', '1'), ('0', '1'))
derivative-only	('g', 'F0', -7, 2)	p97	(('-3296925000*C^3*V + 134787802500*C^2*V*U^2 + 60954660000*C*V^3*U - 27072045000*C*V*U^4 + 1189763250*V^5 - 31501470000*V^3*U^3 - 5255250000*V*U^6', '1'), ('0', '1'), ('0', '1'), ('0', '1'), ('0', '1'), ('0', '1'), ('0', '1'), ('0', '1'), ('0', '1'), ('0', '1'), ('0', '1'), ('0', '1'), ('0', '1'), ('0', '1'), ('0', '1'), ('0', '1'), ('0', '1'), ('0', '1'))
derivative-only	('g', 'F0', -7, 2)	p98	(('14701500000*C^3*U + 11778918750*C^2*V^2 - 18678465000*C^2*U^3 - 43652115000*C*V^2*U^2 + 6054048000*C*U^5 - 7963312500*V^4*U + 2522520000*V^2*U^4 - 900900000*U^7', '1'), ('0', '1'), ('0', '1'), ('0', '1'), ('0', '1'), ('0', '1'), ('0', '1'), ('0', '1'), ('0', '1'), ('0', '1'), ('0', '1'), ('0', '1'), ('0', '1'), ('0', '1'), ('0', '1'), ('0', '1'), ('0', '1'), ('0', '1'))
derivative-only	('g', 'F0', -7, 2)	p99	(('44104500000*C^2*V*U + 8507812500*C*V^3 - 29101410000*C*V*U^3 - 11798865000*V^3*U^2 + 5045040000*V*U^5', '1'), ('0', '1'), ('0', '1'), ('0', '1'), ('0', '1'), ('0', '1'), ('0', '1'), ('0', '1'), ('0', '1'), ('0', '1'), ('0', '1'), ('0', '1'), ('0', '1'), ('0', '1'), ('0', '1'), ('0', '1'), ('0', '1'), ('0', '1'))
derivative-only	('g', 'F0', -7, 2)	p100	(('-1049400000*C^3 + 982800000*C^2*U^2 + 982800000*C*V^2*U - 1375920000*C*U^4 + 245700000*V^4 + 5503680000*V^2*U^3 + 1681680000*U^6', '1'), ('0', '1'), ('0', '1'), ('0', '1'), ('0', '1'), ('0', '1'), ('0', '1'), ('0', '1'), ('0', '1'), ('0', '1'), ('0', '1'), ('0', '1'), ('0', '1'), ('0', '1'), ('0', '1'), ('0', '1'), ('0', '1'), ('0', '1'))
derivative-only	('g', 'F0', -7, 2)	p101	(('-2940300000*C^2*V + 982800000*C*V*U^2 + 982800000*V^3*U + 1375920000*V*U^4', '1'), ('0', '1'), ('0', '1'), ('0', '1'), ('0', '1'), ('0', '1'), ('0', '1'), ('0', '1'), ('0', '1'), ('0', '1'), ('0', '1'), ('0', '1'), ('0', '1'), ('0', '1'), ('0', '1'), ('0', '1'), ('0', '1'), ('0', '1'))
derivative-only	('g', 'F0', -7, 2)	p102	(('-2940300000*C^2*U - 2836350000*C*V^2 + 655200000*C*U^3 + 491400000*V^2*U^2 - 550368000*U^5', '1'), ('0', '1'), ('0', '1'), ('0', '1'), ('0', '1'), ('0', '1'), ('0', '1'), ('0', '1'), ('0', '1'), ('0', '1'), ('0', '1'), ('0', '1'), ('0', '1'), ('0', '1'), ('0', '1'), ('0', '1'), ('0', '1'), ('0', '1'))
derivative-only	('g', 'F0', -7, 2)	p103	(('207900000*C*V*U + 34650000*V^3 - 327600000*V*U^3', '1'), ('0', '1'), ('0', '1'), ('0', '1'), ('0', '1'), ('0', '1'), ('0', '1'), ('0', '1'), ('0', '1'), ('0', '1'), ('0', '1'), ('0', '1'), ('0', '1'), ('0', '1'), ('0', '1'), ('0', '1'), ('0', '1'), ('0', '1'))
derivative-only	('g', 'F0', -7, 2)	p104	(('-8772410625*C^4 + 209501175000*C^3*U^2 + 438372675000*C^2*V^2*U - 91867230000*C^2*U^4 + 45550537500*C*V^4 - 227125080000*C*V^2*U^3 + 28588560000*C*U^6 - 50933610000*V^4*U^2 + 34306272000*V^2*U^5 - 2233481250*U^8', '1'), ('0', '1'), ('0', '1'), ('0', '1'), ('0', '1'), ('0', '1'), ('0', '1'), ('0', '1'), ('0', '1'), ('0', '1'), ('0', '1'), ('0', '1'), ('0', '1'), ('0', '1'), ('0', '1'), ('0', '1'), ('0', '1'), ('0', '1'))
derivative-only	('g', 'F0', -7, 2)	p105	(('-14824012500*C^3*V + 620149725000*C^2*V*U^2 + 303386850000*C*V^3*U - 136953180000*C*V*U^4 + 10223947500*V^5 - 52317720000*V^3*U^3 + 25729704000*V*U^6', '1'), ('0', '1'), ('0', '1'), ('0', '1'), ('0', '1'), ('0', '1'), ('0', '1'), ('0', '1'), ('0', '1'), ('0', '1'), ('0', '1'), ('0', '1'), ('0', '1'), ('0', '1'), ('0', '1'), ('0', '1'), ('0', '1'), ('0', '1'))
derivative-only	('g', 'F0', -7, 2)	p106	(('47044800000*C^3*U + 44462756250*C^2*V^2 - 36641475000*C^2*U^3 - 126632025000*C*V^2*U^2 - 11695320000*C*U^5 - 15536137500*V^4*U + 29238300000*V^2*U^4 + 6126120000*U^7', '1'), ('0', '1'), ('0', '1'), ('0', '1'), ('0', '1'), ('0', '1'), ('0', '1'), ('0', '1'), ('0', '1'), ('0', '1'), ('0', '1'), ('0', '1'), ('0', '1'), ('0', '1'), ('0', '1'), ('0', '1'), ('0', '1'), ('0', '1'))
derivative-only	('g', 'F0', -7, 2)	p107	(('144668700000*C^2*V*U + 30230887500*C*V^3 - 89990550000*C*V*U^3 - 39426075000*V^3*U^2', '1'), ('0', '1'), ('0', '1'), ('0', '1'), ('0', '1'), ('0', '1'), ('0', '1'), ('0', '1'), ('0', '1'), ('0', '1'), ('0', '1'), ('0', '1'), ('0', '1'), ('0', '1'), ('0', '1'), ('0', '1'), ('0', '1'), ('0', '1'))
derivative-only	('g', 'F0', -7, 2)	p108	(('3234000000*C^3 + 3534300000*C*V^2*U + 4176900000*C*U^4 + 441787500*V^4 - 2784600000*V^2*U^3 - 3898440000*U^6', '1'), ('0', '1'), ('0', '1'), ('0', '1'), ('0', '1'), ('0', '1'), ('0', '1'), ('0', '1'), ('0', '1'), ('0', '1'), ('0', '1'), ('0', '1'), ('0', '1'), ('0', '1'), ('0', '1'), ('0', '1'), ('0', '1'), ('0', '1'))
derivative-only	('g', 'F0', -7, 2)	p109	(('-900900000*C^2*V + 1767150000*C*V*U^2 - 4176900000*V*U^4', '1'), ('0', '1'), ('0', '1'), ('0', '1'), ('0', '1'), ('0', '1'), ('0', '1'), ('0', '1'), ('0', '1'), ('0', '1'), ('0', '1'), ('0', '1'), ('0', '1'), ('0', '1'), ('0', '1'), ('0', '1'), ('0', '1'), ('0', '1'))
derivative-only	('g', 'F0', -7, 2)	p110	(('-900900000*C^2*U - 6202350000*C*V^2 - 589050000*C*U^3 - 883575000*V^2*U^2 + 278460000*U^5', '1'), ('0', '1'), ('0', '1'), ('0', '1'), ('0', '1'), ('0', '1'), ('0', '1'), ('0', '1'), ('0', '1'), ('0', '1'), ('0', '1'), ('0', '1'), ('0', '1'), ('0', '1'), ('0', '1'), ('0', '1'), ('0', '1'), ('0', '1'))
derivative-only	('g', 'F0', -7, 2)	p111	(('18044647500*C^4 + 684785887500*C^3*U^2 + 1554349500000*C^2*V^2*U - 166369612500*C^2*U^4 + 170422106250*C*V^4 - 916092450000*C*V^2*U^3 - 77189112000*C*U^6 - 166369612500*V^4*U^2 + 84206304000*V^2*U^5 + 19297278000*U^8', '1'), ('0', '1'), ('0', '1'), ('0', '1'), ('0', '1'), ('0', '1'), ('0', '1'), ('0', '1'), ('0', '1'), ('0', '1'), ('0', '1'), ('0', '1'), ('0', '1'), ('0', '1'), ('0', '1'), ('0', '1'), ('0', '1'), ('0', '1'))
derivative-only	('g', 'F0', -7, 2)	p112	(('36872550000*C^3*V + 2086166362500*C^2*V*U^2 + 1025630100000*C*V^3*U - 483107625000*C*V*U^4 + 34084421250*V^5 - 322071750000*V^3*U^3 - 35085960000*V*U^6', '1'), ('0', '1'), ('0', '1'), ('0', '1'), ('0', '1'), ('0', '1'), ('0', '1'), ('0', '1'), ('0', '1'), ('0', '1'), ('0', '1'), ('0', '1'), ('0', '1'), ('0', '1'), ('0', '1'), ('0', '1'), ('0', '1'), ('0', '1'))
derivative-only	('g', 'F0', -7, 2)	p113	(('225868500000*C^3*U + 170910506250*C^2*V^2 - 134830575000*C^2*U^3 - 356778675000*C*V^2*U^2 + 25061400000*C*U^5 - 62113837500*V^4*U - 62653500000*V^2*U^4 - 20049120000*U^7', '1'), ('0', '1'), ('0', '1'), ('0', '1'), ('0', '1'), ('0', '1'), ('0', '1'), ('0', '1'), ('0', '1'), ('0', '1'), ('0', '1'), ('0', '1'), ('0', '1'), ('0', '1'), ('0', '1'), ('0', '1'), ('0', '1'), ('0', '1'))
derivative-only	('g', 'F0', -7, 2)	p114	(('480694500000*C^2*V*U + 81121837500*C*V^3 - 248455350000*C*V*U^3 - 140132025000*V^3*U^2 - 25061400000*V*U^5', '1'), ('0', '1'), ('0', '1'), ('0', '1'), ('0', '1'), ('0', '1'), ('0', '1'), ('0', '1'), ('0', '1'), ('0', '1'), ('0', '1'), ('0', '1'), ('0', '1'), ('0', '1'), ('0', '1'), ('0', '1'), ('0', '1'), ('0', '1'))
derivative-only	('g', 'F0', -7, 2)	p115	(('6265116000*C^3 + 49227750000*C^2*U^2 - 7952175000*C*U^4 - 252450000*V^4 - 10602900000*V^2*U^3 + 4176900000*U^6', '1'), ('0', '1'), ('0', '1'), ('0', '1'), ('0', '1'), ('0', '1'), ('0', '1'), ('0', '1'), ('0', '1'), ('0', '1'), ('0', '1'), ('0', '1'), ('0', '1'), ('0', '1'), ('0', '1'), ('0', '1'), ('0', '1'), ('0', '1'))
derivative-only	('g', 'F0', -7, 2)	p116	(('-2054052000*C^2*V - 3029400000*C*V*U^2 - 1009800000*V^3*U + 2650725000*V*U^4', '1'), ('0', '1'), ('0', '1'), ('0', '1'), ('0', '1'), ('0', '1'), ('0', '1'), ('0', '1'), ('0', '1'), ('0', '1'), ('0', '1'), ('0', '1'), ('0', '1'), ('0', '1'), ('0', '1'), ('0', '1'), ('0', '1'), ('0', '1'))
derivative-only	('g', 'F0', -7, 2)	p117	(('7984601625*C^4 + 2910700650000*C^3*U^2 + 5283295875000*C^2*V^2*U - 827442000000*C^2*U^4 + 471229275000*C*V^4 - 2806130250000*C*V^2*U^3 + 158722200000*C*U^6 - 827442000000*V^4*U^2 - 476166600000*V^2*U^5 - 83329155000*U^8', '1'), ('0', '1'), ('0', '1'), ('0', '1'), ('0', '1'), ('0', '1'), ('0', '1'), ('0', '1'), ('0', '1'), ('0', '1'), ('0', '1'), ('0', '1'), ('0', '1'), ('0', '1'), ('0', '1'), ('0', '1'), ('0', '1'), ('0', '1'))
derivative-only	('g', 'F0', -7, 2)	p118	(('2205274500*C^3*V + 6803888850000*C^2*V*U^2 + 2879459550000*C*V^3*U - 1403065125000*C*V*U^4 + 88489995000*V^5 - 1103256000000*V^3*U^3 - 79361100000*V*U^6', '1'), ('0', '1'), ('0', '1'), ('0', '1'), ('0', '1'), ('0', '1'), ('0', '1'), ('0', '1'), ('0', '1'), ('0', '1'), ('0', '1'), ('0', '1'), ('0', '1'), ('0', '1'), ('0', '1'), ('0', '1'), ('0', '1'), ('0', '1'))
derivative-only	('g', 'F0', -7, 2)	p119	(('547875900000*C^3*U + 633212687250*C^2*V^2 + 21911175000*C^2*U^3 - 927152325000*C*V^2*U^2 - 60436530000*C*U^5 - 164118487500*V^4*U - 25181887500*V^2*U^4 + 34011900000*U^7', '1'), ('0', '1'), ('0', '1'), ('0', '1'), ('0', '1'), ('0', '1'), ('0', '1'), ('0', '1'), ('0', '1'), ('0', '1'), ('0', '1'), ('0', '1'), ('0', '1'), ('0', '1'), ('0', '1'), ('0', '1'), ('0', '1'), ('0', '1'))
derivative-only	('g', 'F0', -7, 2)	p120	(('1159458300000*C^2*V*U + 433487983500*C*V^3 - 618101550000*C*V*U^3 - 299457675000*V^3*U^2 + 40291020000*V*U^5', '1'), ('0', '1'), ('0', '1'), ('0', '1'), ('0', '1'), ('0', '1'), ('0', '1'), ('0', '1'), ('0', '1'), ('0', '1'), ('0', '1'), ('0', '1'), ('0', '1'), ('0', '1'), ('0', '1'), ('0', '1'), ('0', '1'), ('0', '1'))
derivative-only	('g', 'F0', -7, 2)	p121	(('11425693500*C^3 + 140555844000*C^2*U^2 + 237096288000*C*V^2*U + 4796550000*C*U^4 - 415701000*V^4 + 9593100000*V^2*U^3 - 1678792500*U^6', '1'), ('0', '1'), ('0', '1'), ('0', '1'), ('0', '1'), ('0', '1'), ('0', '1'), ('0', '1'), ('0', '1'), ('0', '1'), ('0', '1'), ('0', '1'), ('0', '1'), ('0', '1'), ('0', '1'), ('0', '1'), ('0', '1'), ('0', '1'))
derivative-only	('g', 'F0', -7, 2)	p122	(('-50016671250*C^4 + 7853073442500*C^3*U^2 + 18343263510000*C^2*V^2*U - 36066937500*C^2*U^4 + 3593442888750*C*V^4 - 7339092750000*C*V^2*U^3 - 369334350000*C*U^6 - 1882738687500*V^4*U^2 + 402910200000*V^2*U^5 + 198402750000*U^8', '1'), ('0', '1'), ('0', '1'), ('0', '1'), ('0', '1'), ('0', '1'), ('0', '1'), ('0', '1'), ('0', '1'), ('0', '1'), ('0', '1'), ('0', '1'), ('0', '1'), ('0', '1'), ('0', '1'), ('0', '1'), ('0', '1'), ('0', '1'))
derivative-only	('g', 'F0', -7, 2)	p123	(('-79633125000*C^3*V + 17936986567500*C^2*V*U^2 + 12195586260000*C*V^3*U - 3573615375000*C*V*U^4 + 234519177750*V^5 - 2126594250000*V^3*U^3 + 302182650000*V*U^6', '1'), ('0', '1'), ('0', '1'), ('0', '1'), ('0', '1'), ('0', '1'), ('0', '1'), ('0', '1'), ('0', '1'), ('0', '1'), ('0', '1'), ('0', '1'), ('0', '1'), ('0', '1'), ('0', '1'), ('0', '1'), ('0', '1'), ('0', '1'))
derivative-only	('g', 'F0', -7, 2)	p124	(('1146717000000*C^3*U + 1400108726250*C^2*V^2 + 445990545000*C^2*U^3 + 507547755000*C*V^2*U^2 + 76744800000*C*U^5 - 310569187500*V^4*U + 143896500000*V^2*U^4 - 28779300000*U^7', '1'), ('0', '1'), ('0', '1'), ('0', '1'), ('0', '1'), ('0', '1'), ('0', '1'), ('0', '1'), ('0', '1'), ('0', '1'), ('0', '1'), ('0', '1'), ('0', '1'), ('0', '1'), ('0', '1'), ('0', '1'), ('0', '1'), ('0', '1'))
derivative-only	('g', 'F0', -7, 2)	p125	(('2569281390000*C^2*V*U + 902517817500*C*V^3 - 1209020670000*C*V*U^3 - 604510335000*V^3*U^2 - 19186200000*V*U^5', '1'), ('0', '1'), ('0', '1'), ('0', '1'), ('0', '1'), ('0', '1'), ('0', '1'), ('0', '1'), ('0', '1'), ('0', '1'), ('0', '1'), ('0', '1'), ('0', '1'), ('0', '1'), ('0', '1'), ('0', '1'), ('0', '1'), ('0', '1'))
derivative-only	('g', 'F0', -7, 2)	p126	(('-642683461875*C^4 + 11701940250000*C^3*U^2 + 32883984315000*C^2*V^2*U + 2420538120000*C^2*U^4 + 7820189422500*C*V^4 + 1835673840000*C*V^2*U^3 + 671517000000*C*U^6 - 3515672160000*V^4*U^2 + 805820400000*V^2*U^5 - 264409818750*U^8', '1'), ('0', '1'), ('0', '1'), ('0', '1'), ('0', '1'), ('0', '1'), ('0', '1'), ('0', '1'), ('0', '1'), ('0', '1'), ('0', '1'), ('0', '1'), ('0', '1'), ('0', '1'), ('0', '1'), ('0', '1'), ('0', '1'), ('0', '1'))
derivative-only	('g', 'F0', -7, 2)	p127	(('-899354137500*C^3*V + 35995463595000*C^2*V*U^2 + 17391874500000*C*V^3*U - 7205938740000*C*V*U^4 + 571771063500*V^5 - 4920355440000*V^3*U^3 - 335758500000*V*U^6', '1'), ('0', '1'), ('0', '1'), ('0', '1'), ('0', '1'), ('0', '1'), ('0', '1'), ('0', '1'), ('0', '1'), ('0', '1'), ('0', '1'), ('0', '1'), ('0', '1'), ('0', '1'), ('0', '1'), ('0', '1'), ('0', '1'), ('0', '1'))
derivative-only	('g', 'F0', -7, 2)	p128	(('1834716487500*C^3*U + 2736872043750*C^2*V^2 - 4883415615000*C^2*U^3 - 8660387970000*C*V^2*U^2 - 34918884000*C*U^5 - 607250182500*V^4*U - 87297210000*V^2*U^4 + 9593100000*U^7', '1'), ('0', '1'), ('0', '1'), ('0', '1'), ('0', '1'), ('0', '1'), ('0', '1'), ('0', '1'), ('0', '1'), ('0', '1'), ('0', '1'), ('0', '1'), ('0', '1'), ('0', '1'), ('0', '1'), ('0', '1'), ('0', '1'), ('0', '1'))
derivative-only	('g', 'F0', -7, 2)	p129	(('-1381560510000*C^4 + 20581226737500*C^3*U^2 - 43193007000000*C^2*V^2*U - 59093994960000*C^2*U^4 - 22867338243750*C*V^4 - 50549988060000*C*V^2*U^3 - 640179540000*C*U^6 + 19270028992500*V^4*U^2 - 1536430896000*V^2*U^5 + 184667175000*U^8', '1'), ('0', '1'), ('0', '1'), ('0', '1'), ('0', '1'), ('0', '1'), ('0', '1'), ('0', '1'), ('0', '1'), ('0', '1'), ('0', '1'), ('0', '1'), ('0', '1'), ('0', '1'), ('0', '1'), ('0', '1'), ('0', '1'), ('0', '1'))
derivative-only	('g', 'F0', -7, 2)	p130	(('-2233512600000*C^3*V - 35712496462500*C^2*V*U^2 - 1258589475000*C*V^3*U + 37928977515000*C*V*U^4 + 1242935801250*V^5 + 16175955510000*V^3*U^3 + 128035908000*V*U^6', '1'), ('0', '1'), ('0', '1'), ('0', '1'), ('0', '1'), ('0', '1'), ('0', '1'), ('0', '1'), ('0', '1'), ('0', '1'), ('0', '1'), ('0', '1'), ('0', '1'), ('0', '1'), ('0', '1'), ('0', '1'), ('0', '1'), ('0', '1'))
derivative-only	('g', 'F0', -7, 2)	p131	(('-2796087813750*C^4 - 37185370200000*C^3*U^2 - 200258740687500*C^2*V^2*U + 97544388459375*C^2*U^4 - 44406204975000*C*V^4 + 278330175337500*C*V^2*U^3 + 234247513500*C*U^6 + 64271014396875*V^4*U^2 + 702742540500*V^2*U^5 - 52586176500*U^8', '1'), ('0', '1'), ('0', '1'), ('0', '1'), ('0', '1'), ('0', '1'), ('0', '1'), ('0', '1'), ('0', '1'), ('0', '1'), ('0', '1'), ('0', '1'), ('0', '1'), ('0', '1'), ('0', '1'), ('0', '1'), ('0', '1'), ('0', '1'))
derivative-only	('g', 'F0', -7, 7)	constant	(('-2174050125000000*V*U', '1'), ('-3654677812500000*V*U', '1'), ('-2081079000000000*V*U', '1'), ('-334459125000000*V*U', '1'), ('0', '1'), ('0', '1'), ('0', '1'), ('0', '1'), ('0', '1'), ('0', '1'), ('0', '1'), ('0', '1'), ('0', '1'), ('0', '1'), ('0', '1'), ('0', '1'), ('0', '1'), ('0', '1'))
derivative-only	('g', 'F0', -7, 7)	p64	(('-3125000', '1'), ('0', '1'), ('0', '1'), ('0', '1'), ('0', '1'), ('0', '1'), ('0', '1'), ('0', '1'), ('0', '1'), ('0', '1'), ('0', '1'), ('0', '1'), ('0', '1'), ('0', '1'), ('0', '1'), ('0', '1'), ('0', '1'), ('0', '1'))
derivative-only	('g', 'F0', -7, 7)	p72	(('-28125000', '1'), ('0', '1'), ('0', '1'), ('0', '1'), ('0', '1'), ('0', '1'), ('0', '1'), ('0', '1'), ('0', '1'), ('0', '1'), ('0', '1'), ('0', '1'), ('0', '1'), ('0', '1'), ('0', '1'), ('0', '1'), ('0', '1'), ('0', '1'))
derivative-only	('g', 'F0', -7, 7)	p81	(('-140625000', '1'), ('0', '1'), ('0', '1'), ('0', '1'), ('0', '1'), ('0', '1'), ('0', '1'), ('0', '1'), ('0', '1'), ('0', '1'), ('0', '1'), ('0', '1'), ('0', '1'), ('0', '1'), ('0', '1'), ('0', '1'), ('0', '1'), ('0', '1'))
derivative-only	('g', 'F0', -7, 7)	p91	(('-515625000', '1'), ('0', '1'), ('0', '1'), ('0', '1'), ('0', '1'), ('0', '1'), ('0', '1'), ('0', '1'), ('0', '1'), ('0', '1'), ('0', '1'), ('0', '1'), ('0', '1'), ('0', '1'), ('0', '1'), ('0', '1'), ('0', '1'), ('0', '1'))
derivative-only	('g', 'F0', -7, 7)	p100	(('-1546875000', '1'), ('0', '1'), ('0', '1'), ('0', '1'), ('0', '1'), ('0', '1'), ('0', '1'), ('0', '1'), ('0', '1'), ('0', '1'), ('0', '1'), ('0', '1'), ('0', '1'), ('0', '1'), ('0', '1'), ('0', '1'), ('0', '1'), ('0', '1'))
derivative-only	('g', 'F0', -7, 7)	p108	(('-4021875000', '1'), ('0', '1'), ('0', '1'), ('0', '1'), ('0', '1'), ('0', '1'), ('0', '1'), ('0', '1'), ('0', '1'), ('0', '1'), ('0', '1'), ('0', '1'), ('0', '1'), ('0', '1'), ('0', '1'), ('0', '1'), ('0', '1'), ('0', '1'))
derivative-only	('g', 'F0', -7, 7)	p115	(('-9384375000', '1'), ('0', '1'), ('0', '1'), ('0', '1'), ('0', '1'), ('0', '1'), ('0', '1'), ('0', '1'), ('0', '1'), ('0', '1'), ('0', '1'), ('0', '1'), ('0', '1'), ('0', '1'), ('0', '1'), ('0', '1'), ('0', '1'), ('0', '1'))
derivative-only	('g', 'F0', -7, 7)	p121	(('-20109375000', '1'), ('0', '1'), ('0', '1'), ('0', '1'), ('0', '1'), ('0', '1'), ('0', '1'), ('0', '1'), ('0', '1'), ('0', '1'), ('0', '1'), ('0', '1'), ('0', '1'), ('0', '1'), ('0', '1'), ('0', '1'), ('0', '1'), ('0', '1'))
derivative-only	('g', 'F0', -7, 7)	p126	(('844593750000*C', '1'), ('0', '1'), ('0', '1'), ('0', '1'), ('0', '1'), ('0', '1'), ('0', '1'), ('0', '1'), ('0', '1'), ('0', '1'), ('0', '1'), ('0', '1'), ('0', '1'), ('0', '1'), ('0', '1'), ('0', '1'), ('0', '1'), ('0', '1'))
derivative-only	('g', 'F0', -7, 7)	p127	(('844593750000*V', '1'), ('0', '1'), ('0', '1'), ('0', '1'), ('0', '1'), ('0', '1'), ('0', '1'), ('0', '1'), ('0', '1'), ('0', '1'), ('0', '1'), ('0', '1'), ('0', '1'), ('0', '1'), ('0', '1'), ('0', '1'), ('0', '1'), ('0', '1'))
derivative-only	('g', 'F0', -7, 7)	p128	(('844593750000*U', '1'), ('0', '1'), ('0', '1'), ('0', '1'), ('0', '1'), ('0', '1'), ('0', '1'), ('0', '1'), ('0', '1'), ('0', '1'), ('0', '1'), ('0', '1'), ('0', '1'), ('0', '1'), ('0', '1'), ('0', '1'), ('0', '1'), ('0', '1'))
derivative-only	('g', 'F0', -7, 7)	p129	(('1671312500000*C + 9290531250000*U^2', '1'), ('0', '1'), ('0', '1'), ('0', '1'), ('0', '1'), ('0', '1'), ('0', '1'), ('0', '1'), ('0', '1'), ('0', '1'), ('0', '1'), ('0', '1'), ('0', '1'), ('0', '1'), ('0', '1'), ('0', '1'), ('0', '1'), ('0', '1'))
derivative-only	('g', 'F0', -7, 7)	p130	(('1671312500000*V', '1'), ('0', '1'), ('0', '1'), ('0', '1'), ('0', '1'), ('0', '1'), ('0', '1'), ('0', '1'), ('0', '1'), ('0', '1'), ('0', '1'), ('0', '1'), ('0', '1'), ('0', '1'), ('0', '1'), ('0', '1'), ('0', '1'), ('0', '1'))
derivative-only	('g', 'F0', -7, 7)	p131	(('3145106250000*C - 19220093750000*U^2', '1'), ('0', '1'), ('0', '1'), ('0', '1'), ('0', '1'), ('0', '1'), ('0', '1'), ('0', '1'), ('0', '1'), ('0', '1'), ('0', '1'), ('0', '1'), ('0', '1'), ('0', '1'), ('0', '1'), ('0', '1'), ('0', '1'), ('0', '1'))
derivative-only	('g', 'F0', -6, 0)	constant	(('-26136759638752/5*C^6 + 515074289335343/12*C^5*U^2 + 26848429740493/2*C^4*V^2*U + 1365453957399187/8*C^4*U^4 + 541254090083173/24*C^3*V^4 + 5536364524299815/3*C^3*V^2*U^3 + 3270813924310529/12*C^3*U^6 + 13908158292888019/12*C^2*V^4*U^2 - 4196368474639289*C^2*V^2*U^5 + 3486519408936095/12*C^2*U^8 + 607241048761486/3*C*V^6*U + 16948511762916485/6*C*V^4*U^4 - 23570942426572150/3*C*V^2*U^7 - 222835627589922481/120*C*U^10 + 378263756610061/24*V^8 - 333681042634088/3*V^6*U^3 - 5404232082727687/24*V^4*U^6 - 2853013226906050/3*V^2*U^9 - 8111632466826*U^12 - 5/2', 'U'), ('401813313641191/30*C^6 - 411395536319560/3*C^5*U^2 - 678067647558737*C^4*V^2*U + 152694723521112*C^4*U^4 - 218931682066553/3*C^3*V^4 + 9007731796851038/3*C^3*V^2*U^3 + 4521857083275040/3*C^3*U^6 - 5531632942394825/3*C^2*V^4*U^2 + 245363968649999*C^2*V^2*U^5 + 2800740150545957/2*C^2*U^8 - 304098512388920*C*V^6*U + 5651209475761960*C*V^4*U^4 - 38023414047078539/3*C*V^2*U^7 - 42099757813302034/15*C*U^10 + 1035609316805/3*V^8 + 1531519712075990/3*V^6*U^3 + 3251688675753618*V^4*U^6 - 4732294667340592/3*V^2*U^9 - 39679231158277*U^12', 'U'), ('-208281309145529/15*C^6 + 653398977934460/3*C^5*U^2 + 242748537190956*C^4*V^2*U + 218833406283619*C^4*U^4 + 16211265711618*C^3*V^4 + 879683995914356/3*C^3*V^2*U^3 - 6159231688639680*C^3*U^6 + 8397009641477350/3*C^2*V^4*U^2 - 7779055169808942*C^2*V^2*U^5 + 45000872850970897/6*C^2*U^8 + 461525059947190*C*V^6*U + 3963399693944210/3*C*V^4*U^4 - 18050712233846048/3*C*V^2*U^7 - 40847142915791383/15*C*U^10 + 60244970102295/2*V^8 - 2328326235305050/3*V^6*U^3 - 2834346934850552/3*V^4*U^6 - 4520368039875929/3*V^2*U^9 + 20821028441/6*U^12', 'U'), ('55096080503009/5*C^6 - 2000116657629685/12*C^5*U^2 - 762290973952211/2*C^4*V^2*U + 5093802416358759/8*C^4*U^4 - 1488155780791091/24*C^3*V^4 + 2780676999430187/3*C^3*V^2*U^3 - 8976601615350215/12*C^3*U^6 - 19410182957780765/12*C^2*V^4*U^2 + 3181229469006331*C^2*V^2*U^5 + 12543160066709323/12*C^2*U^8 - 659692021965725/3*C*V^6*U + 1950752113942590*C*V^4*U^4 - 17009385846321856/3*C*V^2*U^7 - 46715700701265793/120*C*U^10 - 71279411439065/8*V^8 + 1574755182527890/3*V^6*U^3 + 52897148766443653/24*V^4*U^6 + 263221673180152/3*V^2*U^9 - 76327914860899/3*U^12', 'U'), ('-34246200834061/15*C^6 + 131811204412825/6*C^5*U^2 + 79420449639639*C^4*V^2*U + 584115879931929/4*C^4*U^4 + 68978086518979/12*C^3*V^4 - 202842356228386/3*C^3*V^2*U^3 - 7006982410594805/6*C^3*U^6 + 3083732473213145/6*C^2*V^4*U^2 - 432346019117668*C^2*V^2*U^5 + 914660552624178*C^2*U^8 + 311467796140175/3*C*V^6*U + 1295107312657805/6*C*V^4*U^4 - 553502485287534*C*V^2*U^7 - 2851063194543621/20*C*U^10 + 13780255575365/4*V^8 - 60849013471700*V^6*U^3 - 639410096924389/4*V^4*U^6 - 73453443071741/3*V^2*U^9 + 518249185113/2*U^12', 'U'), ('838170224159*C^6 - 15696050032093*C^5*U^2 - 25626229776450*C^4*V^2*U + 108859363303203/2*C^4*U^4 - 6621566608305/2*C^3*V^4 + 41770001087396*C^3*V^2*U^3 + 30219535019131*C^3*U^6 - 135509280871319*C^2*V^4*U^2 + 420341219284362*C^2*V^2*U^5 - 149324865047163/2*C^2*U^8 - 18030124536684*C*V^6*U + 220405060332615*C*V^4*U^4 - 99441218732588*C*V^2*U^7 + 52290228386163/2*C*U^10 - 1272559016938*V^8 + 51471652999022*V^6*U^3 + 429519896655213/2*V^4*U^6 + 14200520089901*V^2*U^9 - 3422452702135/2*U^12', 'U'), ('20200000/9*C^3 - 56800000/3*C^2*U^2 + 17800000*C*V^2*U + 344500000/9*C*U^4 + 18700000/9*V^4 + 290000000/9*V^2*U^3 - 4900000/9*U^6', 'U'), ('-35350000/9*C^3 + 99400000/3*C^2*U^2 - 31150000*C*V^2*U - 602875000/9*C*U^4 - 32725000/9*V^4 - 507500000/9*V^2*U^3 + 8575000/9*U^6', 'U'), ('2840625*C^3 - 23962500*C^2*U^2 + 22528125*C*V^2*U + 96890625/2*C*U^4 + 5259375/2*V^4 + 40781250*V^2*U^3 - 1378125/2*U^6', 'U'), ('-8837500/9*C^3 + 24850000/3*C^2*U^2 - 7787500*C*V^2*U - 150718750/9*C*U^4 - 8181250/9*V^4 - 126875000/9*V^2*U^3 + 2143750/9*U^6', 'U'), ('1262500/9*C^3 - 3550000/3*C^2*U^2 + 1112500*C*V^2*U + 21531250/9*C*U^4 + 1168750/9*V^4 + 18125000/9*V^2*U^3 - 306250/9*U^6', 'U'), ('0', '1'), ('312500000/27', 'U'), ('-546875000/27', 'U'), ('29296875/2', 'U'), ('-136718750/27', 'U'), ('19531250/27', 'U'), ('0', '1'))
derivative-only	('g', 'F0', -6, 0)	p30	(('-5/2*C + 15/2*U^2', 'U'), ('0', '1'), ('0', '1'), ('0', '1'), ('0', '1'), ('0', '1'), ('0', '1'), ('0', '1'), ('0', '1'), ('0', '1'), ('0', '1'), ('0', '1'), ('0', '1'), ('0', '1'), ('0', '1'), ('0', '1'), ('0', '1'), ('0', '1'))
derivative-only	('g', 'F0', -6, 0)	p31	(('-5/2*V', 'U'), ('0', '1'), ('0', '1'), ('0', '1'), ('0', '1'), ('0', '1'), ('0', '1'), ('0', '1'), ('0', '1'), ('0', '1'), ('0', '1'), ('0', '1'), ('0', '1'), ('0', '1'), ('0', '1'), ('0', '1'), ('0', '1'), ('0', '1'))
derivative-only	('g', 'F0', -6, 0)	p32	(('-5*C + 25*U^2', 'U'), ('0', '1'), ('0', '1'), ('0', '1'), ('0', '1'), ('0', '1'), ('0', '1'), ('0', '1'), ('0', '1'), ('0', '1'), ('0', '1'), ('0', '1'), ('0', '1'), ('0', '1'), ('0', '1'), ('0', '1'), ('0', '1'), ('0', '1'))
derivative-only	('g', 'F0', -6, 0)	p33	(('30*C*V + 35*V*U^2', 'U'), ('0', '1'), ('0', '1'), ('0', '1'), ('0', '1'), ('0', '1'), ('0', '1'), ('0', '1'), ('0', '1'), ('0', '1'), ('0', '1'), ('0', '1'), ('0', '1'), ('0', '1'), ('0', '1'), ('0', '1'), ('0', '1'), ('0', '1'))
derivative-only	('g', 'F0', -6, 0)	p34	(('55/2*V^2 + 20*U^3', 'U'), ('0', '1'), ('0', '1'), ('0', '1'), ('0', '1'), ('0', '1'), ('0', '1'), ('0', '1'), ('0', '1'), ('0', '1'), ('0', '1'), ('0', '1'), ('0', '1'), ('0', '1'), ('0', '1'), ('0', '1'), ('0', '1'), ('0', '1'))
derivative-only	('g', 'F0', -6, 0)	p35	(('25*V', '1'), ('0', '1'), ('0', '1'), ('0', '1'), ('0', '1'), ('0', '1'), ('0', '1'), ('0', '1'), ('0', '1'), ('0', '1'), ('0', '1'), ('0', '1'), ('0', '1'), ('0', '1'), ('0', '1'), ('0', '1'), ('0', '1'), ('0', '1'))
derivative-only	('g', 'F0', -6, 0)	p36	(('160*C*V*U + 85*V^3 + 100*V*U^3', 'U'), ('0', '1'), ('0', '1'), ('0', '1'), ('0', '1'), ('0', '1'), ('0', '1'), ('0', '1'), ('0', '1'), ('0', '1'), ('0', '1'), ('0', '1'), ('0', '1'), ('0', '1'), ('0', '1'), ('0', '1'), ('0', '1'), ('0', '1'))
derivative-only	('g', 'F0', -6, 0)	p37	(('85/2*C^2 - 320*C*U^2 + 155*V^2*U + 75/2*U^4', 'U'), ('0', '1'), ('0', '1'), ('0', '1'), ('0', '1'), ('0', '1'), ('0', '1'), ('0', '1'), ('0', '1'), ('0', '1'), ('0', '1'), ('0', '1'), ('0', '1'), ('0', '1'), ('0', '1'), ('0', '1'), ('0', '1'), ('0', '1'))
derivative-only	('g', 'F0', -6, 0)	p38	(('105*C*V - 105*V*U^2', 'U'), ('0', '1'), ('0', '1'), ('0', '1'), ('0', '1'), ('0', '1'), ('0', '1'), ('0', '1'), ('0', '1'), ('0', '1'), ('0', '1'), ('0', '1'), ('0', '1'), ('0', '1'), ('0', '1'), ('0', '1'), ('0', '1'), ('0', '1'))
derivative-only	('g', 'F0', -6, 0)	p39	(('45*C*U + 105/2*V^2 - 235*U^3', 'U'), ('0', '1'), ('0', '1'), ('0', '1'), ('0', '1'), ('0', '1'), ('0', '1'), ('0', '1'), ('0', '1'), ('0', '1'), ('0', '1'), ('0', '1'), ('0', '1'), ('0', '1'), ('0', '1'), ('0', '1'), ('0', '1'), ('0', '1'))
derivative-only	('g', 'F0', -6, 0)	p40	(('355*C*V*U + 195*V^3 - 1550*V*U^3', 'U'), ('0', '1'), ('0', '1'), ('0', '1'), ('0', '1'), ('0', '1'), ('0', '1'), ('0', '1'), ('0', '1'), ('0', '1'), ('0', '1'), ('0', '1'), ('0', '1'), ('0', '1'), ('0', '1'), ('0', '1'), ('0', '1'), ('0', '1'))
derivative-only	('g', 'F0', -6, 0)	p41	(('60*C^2 - 985/2*C*U^2 + 20*V^2*U - 1825/2*U^4', 'U'), ('0', '1'), ('0', '1'), ('0', '1'), ('0', '1'), ('0', '1'), ('0', '1'), ('0', '1'), ('0', '1'), ('0', '1'), ('0', '1'), ('0', '1'), ('0', '1'), ('0', '1'), ('0', '1'), ('0', '1'), ('0', '1'), ('0', '1'))
derivative-only	('g', 'F0', -6, 0)	p42	(('170*C*V - 915/2*V*U^2', 'U'), ('0', '1'), ('0', '1'), ('0', '1'), ('0', '1'), ('0', '1'), ('0', '1'), ('0', '1'), ('0', '1'), ('0', '1'), ('0', '1'), ('0', '1'), ('0', '1'), ('0', '1'), ('0', '1'), ('0', '1'), ('0', '1'), ('0', '1'))
derivative-only	('g', 'F0', -6, 0)	p43	(('-765*C^2*V + 3375*C*V*U^2 - 2630*V^3*U - 16525/2*V*U^4', 'U'), ('0', '1'), ('0', '1'), ('0', '1'), ('0', '1'), ('0', '1'), ('0', '1'), ('0', '1'), ('0', '1'), ('0', '1'), ('0', '1'), ('0', '1'), ('0', '1'), ('0', '1'), ('0', '1'), ('0', '1'), ('0', '1'), ('0', '1'))
derivative-only	('g', 'F0', -6, 0)	p44	(('-1575*C^2*U - 695*C*V^2 + 9845*C*U^3 - 885*V^2*U^2 - 2860*U^5', 'U'), ('0', '1'), ('0', '1'), ('0', '1'), ('0', '1'), ('0', '1'), ('0', '1'), ('0', '1'), ('0', '1'), ('0', '1'), ('0', '1'), ('0', '1'), ('0', '1'), ('0', '1'), ('0', '1'), ('0', '1'), ('0', '1'), ('0', '1'))
derivative-only	('g', 'F0', -6, 0)	p45	(('100*C*V*U - 310*V^3 - 1040*V*U^3', 'U'), ('0', '1'), ('0', '1'), ('0', '1'), ('0', '1'), ('0', '1'), ('0', '1'), ('0', '1'), ('0', '1'), ('0', '1'), ('0', '1'), ('0', '1'), ('0', '1'), ('0', '1'), ('0', '1'), ('0', '1'), ('0', '1'), ('0', '1'))
derivative-only	('g', 'F0', -6, 0)	p46	(('75*C^2 - 1430*C*U^2 - 630*V^2*U + 1495*U^4', 'U'), ('0', '1'), ('0', '1'), ('0', '1'), ('0', '1'), ('0', '1'), ('0', '1'), ('0', '1'), ('0', '1'), ('0', '1'), ('0', '1'), ('0', '1'), ('0', '1'), ('0', '1'), ('0', '1'), ('0', '1'), ('0', '1'), ('0', '1'))
derivative-only	('g', 'F0', -6, 0)	p47	(('-7555*C^3*U - 5175*C^2*V^2 + 49530*C^2*U^3 - 495*C*V^2*U^2 - 25935*C*U^5 - 8430*V^4*U - 71925/2*V^2*U^4 + 180*U^7', 'U'), ('0', '1'), ('0', '1'), ('0', '1'), ('0', '1'), ('0', '1'), ('0', '1'), ('0', '1'), ('0', '1'), ('0', '1'), ('0', '1'), ('0', '1'), ('0', '1'), ('0', '1'), ('0', '1'), ('0', '1'), ('0', '1'), ('0', '1'))
derivative-only	('g', 'F0', -6, 0)	p48	(('-7230*C^2*V*U - 4905*C*V^3 + 79320*C*V*U^3 - 8145*V^3*U^2 - 25305*V*U^5', 'U'), ('0', '1'), ('0', '1'), ('0', '1'), ('0', '1'), ('0', '1'), ('0', '1'), ('0', '1'), ('0', '1'), ('0', '1'), ('0', '1'), ('0', '1'), ('0', '1'), ('0', '1'), ('0', '1'), ('0', '1'), ('0', '1'), ('0', '1'))
derivative-only	('g', 'F0', -6, 0)	p49	(('1130*C^3 - 16455*C^2*U^2 + 2085*C*V^2*U + 124275/2*C*U^4 - 2100*V^4 + 29790*V^2*U^3 - 12915/2*U^6', 'U'), ('0', '1'), ('0', '1'), ('0', '1'), ('0', '1'), ('0', '1'), ('0', '1'), ('0', '1'), ('0', '1'), ('0', '1'), ('0', '1'), ('0', '1'), ('0', '1'), ('0', '1'), ('0', '1'), ('0', '1'), ('0', '1'), ('0', '1'))
derivative-only	('g', 'F0', -6, 0)	p50	(('-4950*C^2*V + 16905*C*V*U^2 - 14020*V^3*U + 13365/2*V*U^4', 'U'), ('0', '1'), ('0', '1'), ('0', '1'), ('0', '1'), ('0', '1'), ('0', '1'), ('0', '1'), ('0', '1'), ('0', '1'), ('0', '1'), ('0', '1'), ('0', '1'), ('0', '1'), ('0', '1'), ('0', '1'), ('0', '1'), ('0', '1'))
derivative-only	('g', 'F0', -6, 0)	p51	(('-4725*C^2*U - 3075*C*V^2 + 27795*C*U^3 + 4740*V^2*U^2 + 8400*U^5', 'U'), ('0', '1'), ('0', '1'), ('0', '1'), ('0', '1'), ('0', '1'), ('0', '1'), ('0', '1'), ('0', '1'), ('0', '1'), ('0', '1'), ('0', '1'), ('0', '1'), ('0', '1'), ('0', '1'), ('0', '1'), ('0', '1'), ('0', '1'))
derivative-only	('g', 'F0', -6, 0)	p52	(('-2050*C*V*U - 500*V^3 + 4490*V*U^3', 'U'), ('0', '1'), ('0', '1'), ('0', '1'), ('0', '1'), ('0', '1'), ('0', '1'), ('0', '1'), ('0', '1'), ('0', '1'), ('0', '1'), ('0', '1'), ('0', '1'), ('0', '1'), ('0', '1'), ('0', '1'), ('0', '1'), ('0', '1'))
derivative-only	('g', 'F0', -6, 0)	p53	(('-26430*C^3*U - 34770*C^2*V^2 + 150600*C^2*U^3 + 45600*C*V^2*U^2 + 84720*C*U^5 - 60175*V^4*U + 17100*V^2*U^4 - 11670*U^7', 'U'), ('0', '1'), ('0', '1'), ('0', '1'), ('0', '1'), ('0', '1'), ('0', '1'), ('0', '1'), ('0', '1'), ('0', '1'), ('0', '1'), ('0', '1'), ('0', '1'), ('0', '1'), ('0', '1'), ('0', '1'), ('0', '1'), ('0', '1'))
derivative-only	('g', 'F0', -6, 0)	p54	(('-38580*C^2*V*U - 14680*C*V^3 + 337500*C*V*U^3 - 8950*V^3*U^2 + 75270*V*U^5', 'U'), ('0', '1'), ('0', '1'), ('0', '1'), ('0', '1'), ('0', '1'), ('0', '1'), ('0', '1'), ('0', '1'), ('0', '1'), ('0', '1'), ('0', '1'), ('0', '1'), ('0', '1'), ('0', '1'), ('0', '1'), ('0', '1'), ('0', '1'))
derivative-only	('g', 'F0', -6, 0)	p55	(('4955*C^3 - 40985*C^2*U^2 + 23630*C*V^2*U + 165375*C*U^4 - 1215/2*V^4 + 176700*V^2*U^3 + 33805*U^6', 'U'), ('0', '1'), ('0', '1'), ('0', '1'), ('0', '1'), ('0', '1'), ('0', '1'), ('0', '1'), ('0', '1'), ('0', '1'), ('0', '1'), ('0', '1'), ('0', '1'), ('0', '1'), ('0', '1'), ('0', '1'), ('0', '1'), ('0', '1'))
derivative-only	('g', 'F0', -6, 0)	p56	(('-10825*C^2*V + 55075*C*V*U^2 - 19450*V^3*U + 34725/2*V*U^4', 'U'), ('0', '1'), ('0', '1'), ('0', '1'), ('0', '1'), ('0', '1'), ('0', '1'), ('0', '1'), ('0', '1'), ('0', '1'), ('0', '1'), ('0', '1'), ('0', '1'), ('0', '1'), ('0', '1'), ('0', '1'), ('0', '1'), ('0', '1'))
derivative-only	('g', 'F0', -6, 0)	p57	(('-11875*C^2*U - 3825*C*V^2 + 90225*C*U^3 + 22475*V^2*U^2 - 10320*U^5', 'U'), ('0', '1'), ('0', '1'), ('0', '1'), ('0', '1'), ('0', '1'), ('0', '1'), ('0', '1'), ('0', '1'), ('0', '1'), ('0', '1'), ('0', '1'), ('0', '1'), ('0', '1'), ('0', '1'), ('0', '1'), ('0', '1'), ('0', '1'))
derivative-only	('g', 'F0', -6, 0)	p58	(('-19515/2*C^4 + 336770*C^3*U^2 + 52310*C^2*V^2*U - 1332975*C^2*U^4 + 216675/2*C*V^4 - 366300*C*V^2*U^3 + 827345*C*U^6 + 236975/2*V^4*U^2 + 1236030*V^2*U^5 - 46905/2*U^8', 'U'), ('0', '1'), ('0', '1'), ('0', '1'), ('0', '1'), ('0', '1'), ('0', '1'), ('0', '1'), ('0', '1'), ('0', '1'), ('0', '1'), ('0', '1'), ('0', '1'), ('0', '1'), ('0', '1'), ('0', '1'), ('0', '1'), ('0', '1'))
derivative-only	('g', 'F0', -6, 0)	p59	(('36220*C^3*V + 277595*C^2*V*U^2 + 226010*C*V^3*U - 1973850*C*V*U^4 + 95555/2*V^5 + 99950*V^3*U^3 + 799205*V*U^6', 'U'), ('0', '1'), ('0', '1'), ('0', '1'), ('0', '1'), ('0', '1'), ('0', '1'), ('0', '1'), ('0', '1'), ('0', '1'), ('0', '1'), ('0', '1'), ('0', '1'), ('0', '1'), ('0', '1'), ('0', '1'), ('0', '1'), ('0', '1'))
derivative-only	('g', 'F0', -6, 0)	p60	(('-79805*C^3*U - 132665/2*C^2*V^2 + 676600*C^2*U^3 + 263300*C*V^2*U^2 - 136095*C*U^5 - 84500*V^4*U + 411975/2*V^2*U^4 + 107780*U^7', 'U'), ('0', '1'), ('0', '1'), ('0', '1'), ('0', '1'), ('0', '1'), ('0', '1'), ('0', '1'), ('0', '1'), ('0', '1'), ('0', '1'), ('0', '1'), ('0', '1'), ('0', '1'), ('0', '1'), ('0', '1'), ('0', '1'), ('0', '1'))
derivative-only	('g', 'F0', -6, 0)	p61	(('-43755*C^2*V*U - 2430*C*V^3 + 1020700*C*V*U^3 + 101275*V^3*U^2 - 15645*V*U^5', 'U'), ('0', '1'), ('0', '1'), ('0', '1'), ('0', '1'), ('0', '1'), ('0', '1'), ('0', '1'), ('0', '1'), ('0', '1'), ('0', '1'), ('0', '1'), ('0', '1'), ('0', '1'), ('0', '1'), ('0', '1'), ('0', '1'), ('0', '1'))
derivative-only	('g', 'F0', -6, 0)	p62	(('34685/2*C^3 - 149435*C^2*U^2 + 144480*C*V^2*U + 578325*C*U^4 + 29535/2*V^4 + 421100*V^2*U^3 - 147895/2*U^6', 'U'), ('0', '1'), ('0', '1'), ('0', '1'), ('0', '1'), ('0', '1'), ('0', '1'), ('0', '1'), ('0', '1'), ('0', '1'), ('0', '1'), ('0', '1'), ('0', '1'), ('0', '1'), ('0', '1'), ('0', '1'), ('0', '1'), ('0', '1'))
derivative-only	('g', 'F0', -6, 0)	p63	(('-38185/2*C^2*V + 144415*C*V*U^2 - 30600*V^3*U - 49450*V*U^4', 'U'), ('0', '1'), ('0', '1'), ('0', '1'), ('0', '1'), ('0', '1'), ('0', '1'), ('0', '1'), ('0', '1'), ('0', '1'), ('0', '1'), ('0', '1'), ('0', '1'), ('0', '1'), ('0', '1'), ('0', '1'), ('0', '1'), ('0', '1'))
derivative-only	('g', 'F0', -6, 0)	p64	(('124125*C^4*V + 2272000*C^3*V*U^2 + 1141400*C^2*V^3*U - 13869750*C^2*V*U^4 + 504690*C*V^5 - 42800*C*V^3*U^3 + 9887400*C*V*U^6 + 259350*V^5*U^2 + 4850880*V^3*U^5 - 279975*V*U^8', 'U'), ('0', '1'), ('0', '1'), ('0', '1'), ('0', '1'), ('0', '1'), ('0', '1'), ('0', '1'), ('0', '1'), ('0', '1'), ('0', '1'), ('0', '1'), ('0', '1'), ('0', '1'), ('0', '1'), ('0', '1'), ('0', '1'), ('0', '1'))
derivative-only	('g', 'F0', -6, 0)	p65	(('-267775*C^4*U + 448900*C^3*V^2 + 3775500*C^3*U^3 + 721950*C^2*V^2*U^2 - 8369190*C^2*U^5 + 1690600*C*V^4*U - 9934050*C*V^2*U^4 + 2376660*C*U^7 + 153035*V^6 + 576850*V^4*U^3 + 4772760*V^2*U^6 - 40275*U^9', 'U'), ('0', '1'), ('0', '1'), ('0', '1'), ('0', '1'), ('0', '1'), ('0', '1'), ('0', '1'), ('0', '1'), ('0', '1'), ('0', '1'), ('0', '1'), ('0', '1'), ('0', '1'), ('0', '1'), ('0', '1'), ('0', '1'), ('0', '1'))
derivative-only	('g', 'F0', -6, 0)	p66	(('317680*C^3*V*U + 267700*C^2*V^3 + 4723200*C^2*V*U^3 + 286700*C*V^3*U^2 - 14284980*C*V*U^5 + 699160*V^5*U - 2111650*V^3*U^4 + 2321880*V*U^7', 'U'), ('0', '1'), ('0', '1'), ('0', '1'), ('0', '1'), ('0', '1'), ('0', '1'), ('0', '1'), ('0', '1'), ('0', '1'), ('0', '1'), ('0', '1'), ('0', '1'), ('0', '1'), ('0', '1'), ('0', '1'), ('0', '1'), ('0', '1'))
derivative-only	('g', 'F0', -6, 0)	p67	(('-76055/2*C^4 + 1291540*C^3*U^2 + 1130820*C^2*V^2*U - 4675200*C^2*U^4 + 743775*C*V^4 - 2988900*C*V^2*U^3 + 874530*C*U^6 + 1369950*V^4*U^2 + 3905130*V^2*U^5 + 528915/2*U^8', 'U'), ('0', '1'), ('0', '1'), ('0', '1'), ('0', '1'), ('0', '1'), ('0', '1'), ('0', '1'), ('0', '1'), ('0', '1'), ('0', '1'), ('0', '1'), ('0', '1'), ('0', '1'), ('0', '1'), ('0', '1'), ('0', '1'), ('0', '1'))
derivative-only	('g', 'F0', -6, 0)	p68	(('183610*C^3*V + 1408080*C^2*V*U^2 + 1307620*C*V^3*U - 9808650*C*V*U^4 + 277995*V^5 - 206600*V^3*U^3 + 1206480*V*U^6', 'U'), ('0', '1'), ('0', '1'), ('0', '1'), ('0', '1'), ('0', '1'), ('0', '1'), ('0', '1'), ('0', '1'), ('0', '1'), ('0', '1'), ('0', '1'), ('0', '1'), ('0', '1'), ('0', '1'), ('0', '1'), ('0', '1'), ('0', '1'))
derivative-only	('g', 'F0', -6, 0)	p69	(('106120*C^3*U - 59955*C^2*V^2 - 683980*C^2*U^3 + 467100*C*V^2*U^2 + 456580*C*U^5 - 90525*V^4*U - 339475*V^2*U^4 - 330320*U^7', 'U'), ('0', '1'), ('0', '1'), ('0', '1'), ('0', '1'), ('0', '1'), ('0', '1'), ('0', '1'), ('0', '1'), ('0', '1'), ('0', '1'), ('0', '1'), ('0', '1'), ('0', '1'), ('0', '1'), ('0', '1'), ('0', '1'), ('0', '1'))
derivative-only	('g', 'F0', -6, 0)	p70	(('205800*C^2*V*U + 70210*C*V^3 + 339540*C*V*U^3 - 270540*V^3*U^2 - 281520*V*U^5', 'U'), ('0', '1'), ('0', '1'), ('0', '1'), ('0', '1'), ('0', '1'), ('0', '1'), ('0', '1'), ('0', '1'), ('0', '1'), ('0', '1'), ('0', '1'), ('0', '1'), ('0', '1'), ('0', '1'), ('0', '1'), ('0', '1'), ('0', '1'))
derivative-only	('g', 'F0', -6, 0)	p71	(('44320*C^3 - 101145*C^2*U^2 + 407190*C*V^2*U - 844485*C*U^4 + 75425/2*V^4 + 423840*V^2*U^3 + 81090*U^6', 'U'), ('0', '1'), ('0', '1'), ('0', '1'), ('0', '1'), ('0', '1'), ('0', '1'), ('0', '1'), ('0', '1'), ('0', '1'), ('0', '1'), ('0', '1'), ('0', '1'), ('0', '1'), ('0', '1'), ('0', '1'), ('0', '1'), ('0', '1'))
derivative-only	('g', 'F0', -6, 0)	p72	(('754995*C^4*V + 12465690*C^3*V*U^2 + 11270600*C^2*V^3*U - 67068900*C^2*V*U^4 + 3771765*C*V^5 - 5209400*C*V^3*U^3 + 17126520*C*V*U^6 + 5311280*V^5*U^2 + 19898050*V^3*U^5 + 3362220*V*U^8', 'U'), ('0', '1'), ('0', '1'), ('0', '1'), ('0', '1'), ('0', '1'), ('0', '1'), ('0', '1'), ('0', '1'), ('0', '1'), ('0', '1'), ('0', '1'), ('0', '1'), ('0', '1'), ('0', '1'), ('0', '1'), ('0', '1'), ('0', '1'))
derivative-only	('g', 'F0', -6, 0)	p73	(('291100*C^4*U + 2555505*C^3*V^2 + 3206040*C^3*U^3 + 2865450*C^2*V^2*U^2 - 32927660*C^2*U^5 + 9977575*C*V^4*U - 66158425*C*V^2*U^4 + 526600*C*U^7 + 2065575/2*V^6 + 2265850*V^4*U^3 + 10558275*V^2*U^6 + 596440*U^9', 'U'), ('0', '1'), ('0', '1'), ('0', '1'), ('0', '1'), ('0', '1'), ('0', '1'), ('0', '1'), ('0', '1'), ('0', '1'), ('0', '1'), ('0', '1'), ('0', '1'), ('0', '1'), ('0', '1'), ('0', '1'), ('0', '1'), ('0', '1'))
derivative-only	('g', 'F0', -6, 0)	p74	(('4270360*C^3*V*U + 1268225*C^2*V^3 - 1972480*C^2*V*U^3 - 6837470*C*V^3*U^2 - 70971770*C*V*U^5 + 3441635*V^5*U - 20504025*V^3*U^4 + 1406710*V*U^7', 'U'), ('0', '1'), ('0', '1'), ('0', '1'), ('0', '1'), ('0', '1'), ('0', '1'), ('0', '1'), ('0', '1'), ('0', '1'), ('0', '1'), ('0', '1'), ('0', '1'), ('0', '1'), ('0', '1'), ('0', '1'), ('0', '1'), ('0', '1'))
derivative-only	('g', 'F0', -6, 0)	p75	(('-126450*C^4 + 7684095*C^3*U^2 + 5889450*C^2*V^2*U - 44372380*C^2*U^4 + 2616390*C*V^4 - 30506520*C*V^2*U^3 + 8019295*C*U^6 + 982020*V^4*U^2 + 7346720*V^2*U^5 - 1230920*U^8', 'U'), ('0', '1'), ('0', '1'), ('0', '1'), ('0', '1'), ('0', '1'), ('0', '1'), ('0', '1'), ('0', '1'), ('0', '1'), ('0', '1'), ('0', '1'), ('0', '1'), ('0', '1'), ('0', '1'), ('0', '1'), ('0', '1'), ('0', '1'))
derivative-only	('g', 'F0', -6, 0)	p76	(('962550*C^3*V + 4182045*C^2*V*U^2 + 4812570*C*V^3*U - 58531805*C*V*U^4 + 803250*V^5 - 8328500*V^3*U^3 + 5024620*V*U^6', 'U'), ('0', '1'), ('0', '1'), ('0', '1'), ('0', '1'), ('0', '1'), ('0', '1'), ('0', '1'), ('0', '1'), ('0', '1'), ('0', '1'), ('0', '1'), ('0', '1'), ('0', '1'), ('0', '1'), ('0', '1'), ('0', '1'), ('0', '1'))
derivative-only	('g', 'F0', -6, 0)	p77	(('199080*C^3*U + 283170*C^2*V^2 + 515620*C^2*U^3 - 2138355*C*V^2*U^2 - 12781730*C*U^5 + 530040*V^4*U - 5736065/2*V^2*U^4 + 778990*U^7', 'U'), ('0', '1'), ('0', '1'), ('0', '1'), ('0', '1'), ('0', '1'), ('0', '1'), ('0', '1'), ('0', '1'), ('0', '1'), ('0', '1'), ('0', '1'), ('0', '1'), ('0', '1'), ('0', '1'), ('0', '1'), ('0', '1'), ('0', '1'))
derivative-only	('g', 'F0', -6, 0)	p78	(('832260*C^2*V*U + 118640*C*V^3 - 2554010*C*V*U^3 + 199175*V^3*U^2 + 577590*V*U^5', 'U'), ('0', '1'), ('0', '1'), ('0', '1'), ('0', '1'), ('0', '1'), ('0', '1'), ('0', '1'), ('0', '1'), ('0', '1'), ('0', '1'), ('0', '1'), ('0', '1'), ('0', '1'), ('0', '1'), ('0', '1'), ('0', '1'), ('0', '1'))
derivative-only	('g', 'F0', -6, 0)	p79	(('17885235*C^4*V*U - 7056780*C^3*V^3 - 304556660*C^3*V*U^3 - 51620690*C^2*V^3*U^2 + 396622790*C^2*V*U^5 - 21236790*C*V^5*U + 14087650*C*V^3*U^4 - 254102440*C*V*U^7 - 544275*V^7 - 1564040*V^5*U^3 - 123781850*V^3*U^6 + 12910040*V*U^9', 'U'), ('0', '1'), ('0', '1'), ('0', '1'), ('0', '1'), ('0', '1'), ('0', '1'), ('0', '1'), ('0', '1'), ('0', '1'), ('0', '1'), ('0', '1'), ('0', '1'), ('0', '1'), ('0', '1'), ('0', '1'), ('0', '1'), ('0', '1'))
derivative-only	('g', 'F0', -6, 0)	p80	(('-503355*C^5 + 43233405*C^4*U^2 - 2003550*C^3*V^2*U - 307998185*C^3*U^4 - 4454660*C^2*V^4 - 262499920*C^2*V^2*U^3 + 197918495*C^2*U^6 - 79375895*C*V^4*U^2 + 235420430*C*V^2*U^5 - 58602970*C*U^8 - 7852430*V^6*U - 38893275/2*V^4*U^4 - 117977540*V^2*U^7 + 1818080*U^10', 'U'), ('0', '1'), ('0', '1'), ('0', '1'), ('0', '1'), ('0', '1'), ('0', '1'), ('0', '1'), ('0', '1'), ('0', '1'), ('0', '1'), ('0', '1'), ('0', '1'), ('0', '1'), ('0', '1'), ('0', '1'), ('0', '1'), ('0', '1'))
derivative-only	('g', 'F0', -6, 0)	p81	(('5349690*C^4*V + 67968060*C^3*V*U^2 + 57451560*C^2*V^3*U - 627942045*C^2*V*U^4 + 13909410*C*V^5 - 176357420*C*V^3*U^3 + 100358440*C*V*U^6 + 4705680*V^5*U^2 + 35986440*V^3*U^5 - 15287620*V*U^8', 'U'), ('0', '1'), ('0', '1'), ('0', '1'), ('0', '1'), ('0', '1'), ('0', '1'), ('0', '1'), ('0', '1'), ('0', '1'), ('0', '1'), ('0', '1'), ('0', '1'), ('0', '1'), ('0', '1'), ('0', '1'), ('0', '1'), ('0', '1'))
derivative-only	('g', 'F0', -6, 0)	p82	(('-2103390*C^4*U + 13165650*C^3*V^2 + 56523770*C^3*U^3 - 12399195*C^2*V^2*U^2 - 317800250*C^2*U^5 + 43677310*C*V^4*U - 459155490*C*V^2*U^4 + 31801470*C*U^7 + 3243255*V^6 - 42772620*V^4*U^3 + 31192945*V^2*U^6 - 3703900*U^9', 'U'), ('0', '1'), ('0', '1'), ('0', '1'), ('0', '1'), ('0', '1'), ('0', '1'), ('0', '1'), ('0', '1'), ('0', '1'), ('0', '1'), ('0', '1'), ('0', '1'), ('0', '1'), ('0', '1'), ('0', '1'), ('0', '1'), ('0', '1'))
derivative-only	('g', 'F0', -6, 0)	p83	(('13519320*C^3*V*U + 4076450*C^2*V^3 + 12107560*C^2*V*U^3 - 34455230*C*V^3*U^2 - 429374270*C*V*U^5 + 14955140*V^5*U - 113486780*V^3*U^4 + 22043920*V*U^7', 'U'), ('0', '1'), ('0', '1'), ('0', '1'), ('0', '1'), ('0', '1'), ('0', '1'), ('0', '1'), ('0', '1'), ('0', '1'), ('0', '1'), ('0', '1'), ('0', '1'), ('0', '1'), ('0', '1'), ('0', '1'), ('0', '1'), ('0', '1'))
derivative-only	('g', 'F0', -6, 0)	p84	(('-1683990*C^4 + 21961590*C^3*U^2 + 7395570*C^2*V^2*U - 145508475/2*C^2*U^4 + 4957050*C*V^4 - 131478340*C*V^2*U^3 - 46997020*C*U^6 + 13409620*V^4*U^2 + 19702095*V^2*U^5 + 8174755/2*U^8', 'U'), ('0', '1'), ('0', '1'), ('0', '1'), ('0', '1'), ('0', '1'), ('0', '1'), ('0', '1'), ('0', '1'), ('0', '1'), ('0', '1'), ('0', '1'), ('0', '1'), ('0', '1'), ('0', '1'), ('0', '1'), ('0', '1'), ('0', '1'))
derivative-only	('g', 'F0', -6, 0)	p85	(('690060*C^3*V + 17876460*C^2*V*U^2 - 1470420*C*V^3*U - 142390535*C*V*U^4 + 820120*V^5 - 26927040*V^3*U^3 + 18282460*V*U^6', 'U'), ('0', '1'), ('0', '1'), ('0', '1'), ('0', '1'), ('0', '1'), ('0', '1'), ('0', '1'), ('0', '1'), ('0', '1'), ('0', '1'), ('0', '1'), ('0', '1'), ('0', '1'), ('0', '1'), ('0', '1'), ('0', '1'), ('0', '1'))
derivative-only	('g', 'F0', -6, 0)	p86	(('-991410*C^3*U + 450870*C^2*V^2 + 5408620*C^2*U^3 - 15342600*C*V^2*U^2 - 4716005*C*U^5 - 207550*V^4*U - 36946525/2*V^2*U^4 - 552155*U^7', 'U'), ('0', '1'), ('0', '1'), ('0', '1'), ('0', '1'), ('0', '1'), ('0', '1'), ('0', '1'), ('0', '1'), ('0', '1'), ('0', '1'), ('0', '1'), ('0', '1'), ('0', '1'), ('0', '1'), ('0', '1'), ('0', '1'), ('0', '1'))
derivative-only	('g', 'F0', -6, 0)	p87	(('13397105*C^5*V + 349593125*C^4*V*U^2 - 17010050*C^3*V^3*U - 4048394275*C^3*V*U^4 - 43722625/2*C^2*V^5 - 1613134300*C^2*V^3*U^3 + 2656256550*C^2*V*U^6 - 447929825*C*V^5*U^2 + 862354650*C*V^3*U^5 - 868314975*C*V*U^8 - 24218750*V^7*U - 66693150*V^5*U^4 - 575873650*V^3*U^7 + 54691945/2*V*U^10', 'U'), ('0', '1'), ('0', '1'), ('0', '1'), ('0', '1'), ('0', '1'), ('0', '1'), ('0', '1'), ('0', '1'), ('0', '1'), ('0', '1'), ('0', '1'), ('0', '1'), ('0', '1'), ('0', '1'), ('0', '1'), ('0', '1'), ('0', '1'))
derivative-only	('g', 'F0', -6, 0)	p88	(('-75523945*C^5*U + 90345675/2*C^4*V^2 + 932524950*C^4*U^3 + 60922350*C^3*V^2*U^2 - 2300991000*C^3*U^5 + 65250450*C^2*V^4*U - 7245899125/2*C^2*V^2*U^4 + 938445800*C^2*U^7 - 9901565*C*V^6 - 886216000*C*V^4*U^3 + 1986529800*C*V^2*U^6 - 163171525*C*U^9 - 133646830*V^6*U^2 + 56563450*V^4*U^5 - 412133700*V^2*U^8 + 3375360*U^11', 'U'), ('0', '1'), ('0', '1'), ('0', '1'), ('0', '1'), ('0', '1'), ('0', '1'), ('0', '1'), ('0', '1'), ('0', '1'), ('0', '1'), ('0', '1'), ('0', '1'), ('0', '1'), ('0', '1'), ('0', '1'), ('0', '1'), ('0', '1'))
derivative-only	('g', 'F0', -6, 0)	p89	(('50068875*C^4*V*U - 31956600*C^3*V^3 - 1179320550*C^3*V*U^3 - 367421700*C^2*V^3*U^2 - 271109250*C^2*V*U^5 - 105224400*C*V^5*U - 1131763500*C*V^3*U^4 - 967366500*C*V*U^7 - 7927295*V^7 - 270497460*V^5*U^3 - 779940225*V^3*U^6 - 27861350*V*U^9', 'U'), ('0', '1'), ('0', '1'), ('0', '1'), ('0', '1'), ('0', '1'), ('0', '1'), ('0', '1'), ('0', '1'), ('0', '1'), ('0', '1'), ('0', '1'), ('0', '1'), ('0', '1'), ('0', '1'), ('0', '1'), ('0', '1'), ('0', '1'))
derivative-only	('g', 'F0', -6, 0)	p90	(('-27277155/2*C^5 + 428825475/2*C^4*U^2 - 140635800*C^3*V^2*U - 1801866375/2*C^3*U^4 - 43104375*C^2*V^4 - 1381411350*C^2*V^2*U^3 + 146993525*C^2*U^6 - 307280100*C*V^4*U^2 + 362283525*C*V^2*U^5 - 150401075*C*U^8 - 39811600*V^6*U - 346754850*V^4*U^4 - 535711600*V^2*U^7 - 13611785/2*U^10', 'U'), ('0', '1'), ('0', '1'), ('0', '1'), ('0', '1'), ('0', '1'), ('0', '1'), ('0', '1'), ('0', '1'), ('0', '1'), ('0', '1'), ('0', '1'), ('0', '1'), ('0', '1'), ('0', '1'), ('0', '1'), ('0', '1'), ('0', '1'))
derivative-only	('g', 'F0', -6, 0)	p91	(('-16884225/2*C^4*V + 282079650*C^3*V*U^2 + 3276600*C^2*V^3*U - 2979535425/2*C^2*V*U^4 + 18181230*C*V^5 - 883003500*C*V^3*U^3 - 595903875*C*V*U^6 + 93533475*V^5*U^2 - 6764625*V^3*U^5 + 44709300*V*U^8', 'U'), ('0', '1'), ('0', '1'), ('0', '1'), ('0', '1'), ('0', '1'), ('0', '1'), ('0', '1'), ('0', '1'), ('0', '1'), ('0', '1'), ('0', '1'), ('0', '1'), ('0', '1'), ('0', '1'), ('0', '1'), ('0', '1'), ('0', '1'))
derivative-only	('g', 'F0', -6, 0)	p92	(('-30567000*C^4*U + 18870825*C^3*V^2 + 232518750*C^3*U^3 - 118426725*C^2*V^2*U^2 - 436058775*C^2*U^5 - 4284450*C*V^4*U - 1564811475*C*V^2*U^4 - 192028875*C*U^7 + 52130*V^6 - 119050500*V^4*U^3 + 132625500*V^2*U^6 + 16813450*U^9', 'U'), ('0', '1'), ('0', '1'), ('0', '1'), ('0', '1'), ('0', '1'), ('0', '1'), ('0', '1'), ('0', '1'), ('0', '1'), ('0', '1'), ('0', '1'), ('0', '1'), ('0', '1'), ('0', '1'), ('0', '1'), ('0', '1'), ('0', '1'))
derivative-only	('g', 'F0', -6, 0)	p93	(('-20420250*C^3*V*U + 1206975*C^2*V^3 + 260589150*C^2*V*U^3 - 270192900*C*V^3*U^2 - 927852915*C*V*U^5 + 17327580*V^5*U - 466081925*V^3*U^4 + 63907395*V*U^7', 'U'), ('0', '1'), ('0', '1'), ('0', '1'), ('0', '1'), ('0', '1'), ('0', '1'), ('0', '1'), ('0', '1'), ('0', '1'), ('0', '1'), ('0', '1'), ('0', '1'), ('0', '1'), ('0', '1'), ('0', '1'), ('0', '1'), ('0', '1'))
derivative-only	('g', 'F0', -6, 0)	p94	(('-3579100*C^4 + 37347450*C^3*U^2 - 7789950*C^2*V^2*U - 127122975*C^2*U^4 + 15253875/2*C*V^4 - 290906700*C*V^2*U^3 + 118229125/2*C*U^6 + 27726825/2*V^4*U^2 - 68243070*V^2*U^5 - 14266245/2*U^8', 'U'), ('0', '1'), ('0', '1'), ('0', '1'), ('0', '1'), ('0', '1'), ('0', '1'), ('0', '1'), ('0', '1'), ('0', '1'), ('0', '1'), ('0', '1'), ('0', '1'), ('0', '1'), ('0', '1'), ('0', '1'), ('0', '1'), ('0', '1'))
derivative-only	('g', 'F0', -6, 0)	p95	(('1177925*C^3*V + 17525025*C^2*V*U^2 - 6323100*C*V^3*U - 241367175*C*V*U^4 + 3765195/2*V^5 - 62311550*V^3*U^3 + 47000275/2*V*U^6', 'U'), ('0', '1'), ('0', '1'), ('0', '1'), ('0', '1'), ('0', '1'), ('0', '1'), ('0', '1'), ('0', '1'), ('0', '1'), ('0', '1'), ('0', '1'), ('0', '1'), ('0', '1'), ('0', '1'), ('0', '1'), ('0', '1'), ('0', '1'))
derivative-only	('g', 'F0', -6, 0)	p96	(('-134686300*C^5*V + 2284371200*C^4*V*U^2 - 1797188900*C^3*V^3*U - 14179447450*C^3*V*U^4 - 319527485*C^2*V^5 - 9676804200*C^2*V^3*U^3 + 2954873300*C^2*V*U^6 - 1539743240*C*V^5*U^2 - 925629900*C*V^3*U^5 - 2909727875*C*V*U^8 - 130523040*V^7*U - 1909228575*V^5*U^4 - 3196357400*V^3*U^7 - 97219925*V*U^10', 'U'), ('0', '1'), ('0', '1'), ('0', '1'), ('0', '1'), ('0', '1'), ('0', '1'), ('0', '1'), ('0', '1'), ('0', '1'), ('0', '1'), ('0', '1'), ('0', '1'), ('0', '1'), ('0', '1'), ('0', '1'), ('0', '1'), ('0', '1'))
derivative-only	('g', 'F0', -6, 0)	p97	(('-666847450*C^5*U - 17239800*C^4*V^2 + 6111337500*C^4*U^3 + 246387000*C^3*V^2*U^2 - 6676239600*C^3*U^5 - 1478626725*C^2*V^4*U - 15729251975*C^2*V^2*U^4 + 1574891800*C^2*U^7 - 202066430*C*V^6 - 4072522550*C*V^4*U^3 + 7642085550*C*V^2*U^6 - 338623975*C*U^9 - 327704835*V^6*U^2 + 33997525*V^4*U^5 - 3255437525/2*V^2*U^8 - 17581325*U^11', 'U'), ('0', '1'), ('0', '1'), ('0', '1'), ('0', '1'), ('0', '1'), ('0', '1'), ('0', '1'), ('0', '1'), ('0', '1'), ('0', '1'), ('0', '1'), ('0', '1'), ('0', '1'), ('0', '1'), ('0', '1'), ('0', '1'), ('0', '1'))
derivative-only	('g', 'F0', -6, 0)	p98	(('-499093425*C^4*V*U - 322617300*C^3*V^3 - 2231854200*C^3*V*U^3 - 3498732750*C^2*V^3*U^2 + 7316531010*C^2*V*U^5 - 1447646250*C*V^5*U - 6141795950*C*V^3*U^4 - 7620738380*C*V*U^7 - 83467965*V^7 - 658469520*V^5*U^3 - 2990703750*V^3*U^6 + 309169600*V*U^9', 'U'), ('0', '1'), ('0', '1'), ('0', '1'), ('0', '1'), ('0', '1'), ('0', '1'), ('0', '1'), ('0', '1'), ('0', '1'), ('0', '1'), ('0', '1'), ('0', '1'), ('0', '1'), ('0', '1'), ('0', '1'), ('0', '1'), ('0', '1'))
derivative-only	('g', 'F0', -6, 0)	p99	(('-37530525*C^5 + 582443550*C^4*U^2 - 1221062400*C^3*V^2*U - 2935748700*C^3*U^4 - 239285625*C^2*V^4 - 3039234300*C^2*V^2*U^3 + 4853609175*C^2*U^6 - 2801366475*C*V^4*U^2 + 3271726350*C*V^2*U^5 - 1700855450*C*U^8 - 365265720*V^6*U - 3697058725/2*V^4*U^4 - 1892180800*V^2*U^7 + 68180920*U^10', 'U'), ('0', '1'), ('0', '1'), ('0', '1'), ('0', '1'), ('0', '1'), ('0', '1'), ('0', '1'), ('0', '1'), ('0', '1'), ('0', '1'), ('0', '1'), ('0', '1'), ('0', '1'), ('0', '1'), ('0', '1'), ('0', '1'), ('0', '1'))
derivative-only	('g', 'F0', -6, 0)	p100	(('-20785650*C^4*V + 137565000*C^3*V*U^2 - 222469200*C^2*V^3*U - 1819355100*C^2*V*U^4 + 19971900*C*V^5 - 2857658000*C*V^3*U^3 + 485242520*C*V*U^6 + 24265500*V^5*U^2 - 1547892080*V^3*U^5 + 185250*V*U^8', 'U'), ('0', '1'), ('0', '1'), ('0', '1'), ('0', '1'), ('0', '1'), ('0', '1'), ('0', '1'), ('0', '1'), ('0', '1'), ('0', '1'), ('0', '1'), ('0', '1'), ('0', '1'), ('0', '1'), ('0', '1'), ('0', '1'), ('0', '1'))
derivative-only	('g', 'F0', -6, 0)	p101	(('-41448990*C^4*U + 25996440*C^3*V^2 + 336264000*C^3*U^3 - 117054900*C^2*V^2*U^2 - 745197780*C^2*U^5 - 45556800*C*V^4*U - 2379206700*C*V^2*U^4 + 440696400*C*U^7 + 1296450*V^6 - 400484100*V^4*U^3 - 450018240*V^2*U^6 - 46453950*U^9', 'U'), ('0', '1'), ('0', '1'), ('0', '1'), ('0', '1'), ('0', '1'), ('0', '1'), ('0', '1'), ('0', '1'), ('0', '1'), ('0', '1'), ('0', '1'), ('0', '1'), ('0', '1'), ('0', '1'), ('0', '1'), ('0', '1'), ('0', '1'))
derivative-only	('g', 'F0', -6, 0)	p102	(('-18551280*C^3*V*U - 16108100*C^2*V^3 + 332119200*C^2*V*U^3 - 148487400*C*V^3*U^2 - 1539564120*C*V*U^5 + 48118200*V^5*U - 527154300*V^3*U^4 + 41936880*V*U^7', 'U'), ('0', '1'), ('0', '1'), ('0', '1'), ('0', '1'), ('0', '1'), ('0', '1'), ('0', '1'), ('0', '1'), ('0', '1'), ('0', '1'), ('0', '1'), ('0', '1'), ('0', '1'), ('0', '1'), ('0', '1'), ('0', '1'), ('0', '1'))
derivative-only	('g', 'F0', -6, 0)	p103	(('-6958325*C^4 + 106267120*C^3*U^2 - 24157740*C^2*V^2*U - 436299450*C^2*U^4 + 15783500*C*V^4 - 114771600*C*V^2*U^3 + 276093580*C*U^6 + 37693950*V^4*U^2 + 436953300*V^2*U^5 + 2178715*U^8', 'U'), ('0', '1'), ('0', '1'), ('0', '1'), ('0', '1'), ('0', '1'), ('0', '1'), ('0', '1'), ('0', '1'), ('0', '1'), ('0', '1'), ('0', '1'), ('0', '1'), ('0', '1'), ('0', '1'), ('0', '1'), ('0', '1'), ('0', '1'))
derivative-only	('g', 'F0', -6, 0)	p104	(('-316849375*C^5*V + 1802285300*C^4*V*U^2 - 11672582900*C^3*V^3*U - 34945208950*C^3*V*U^4 - 1609081490*C^2*V^5 - 33447788000*C^2*V^3*U^3 + 76423286290*C^2*V*U^6 - 18760646030*C*V^5*U^2 - 9536915380*C*V^3*U^5 - 28302582005*C*V*U^8 - 1652709280*V^7*U - 9886005250*V^5*U^4 - 12573028920*V^3*U^7 + 1061974515*V*U^10', 'U'), ('0', '1'), ('0', '1'), ('0', '1'), ('0', '1'), ('0', '1'), ('0', '1'), ('0', '1'), ('0', '1'), ('0', '1'), ('0', '1'), ('0', '1'), ('0', '1'), ('0', '1'), ('0', '1'), ('0', '1'), ('0', '1'), ('0', '1'))
derivative-only	('g', 'F0', -6, 0)	p105	(('-2245002265*C^5*U + 141376155/2*C^4*V^2 + 22385782950*C^4*U^3 - 1594145700*C^3*V^2*U^2 - 25687791870*C^3*U^5 - 5673165900*C^2*V^4*U - 27998819675*C^2*V^2*U^4 + 29185707860*C^2*U^7 - 657917055*C*V^6 - 19600206850*C*V^4*U^3 + 49784352430*C*V^2*U^6 - 5512474605*C*U^9 - 3475370020*V^6*U^2 - 7973294040*V^4*U^5 - 7283085405*V^2*U^8 + 192872990*U^11', 'U'), ('0', '1'), ('0', '1'), ('0', '1'), ('0', '1'), ('0', '1'), ('0', '1'), ('0', '1'), ('0', '1'), ('0', '1'), ('0', '1'), ('0', '1'), ('0', '1'), ('0', '1'), ('0', '1'), ('0', '1'), ('0', '1'), ('0', '1'))
derivative-only	('g', 'F0', -6, 0)	p106	(('-741408195*C^4*V*U - 1267490960*C^3*V^3 - 14881072200*C^3*V*U^3 - 3985420350*C^2*V^3*U^2 + 40661588130*C^2*V*U^5 - 4476293550*C*V^5*U - 766929750*C*V^3*U^4 - 10159942820*C*V*U^7 - 235439325*V^7 - 3314509900*V^5*U^3 - 19516727850*V^3*U^6 - 126384350*V*U^9', 'U'), ('0', '1'), ('0', '1'), ('0', '1'), ('0', '1'), ('0', '1'), ('0', '1'), ('0', '1'), ('0', '1'), ('0', '1'), ('0', '1'), ('0', '1'), ('0', '1'), ('0', '1'), ('0', '1'), ('0', '1'), ('0', '1'), ('0', '1'))
derivative-only	('g', 'F0', -6, 0)	p107	(('-95016735*C^5 + 2425110090*C^4*U^2 - 3305383500*C^3*V^2*U - 12972639750*C^3*U^4 - 783077025*C^2*V^4 - 4249454700*C^2*V^2*U^3 + 18230338935*C^2*U^6 - 3447230775*C*V^4*U^2 + 33618310830*C*V^2*U^5 - 705076670*C*U^8 - 1019978700*V^6*U + 158470175/2*V^4*U^4 - 10101510960*V^2*U^7 - 189254180*U^10', 'U'), ('0', '1'), ('0', '1'), ('0', '1'), ('0', '1'), ('0', '1'), ('0', '1'), ('0', '1'), ('0', '1'), ('0', '1'), ('0', '1'), ('0', '1'), ('0', '1'), ('0', '1'), ('0', '1'), ('0', '1'), ('0', '1'), ('0', '1'))
derivative-only	('g', 'F0', -6, 0)	p108	(('-77636130*C^4*V + 239588840*C^3*V*U^2 - 406614000*C^2*V^3*U + 127414350*C^2*V*U^4 - 13404320*C*V^5 + 3725264400*C*V^3*U^3 + 5892011160*C*V*U^6 + 230656650*V^5*U^2 + 6231612660*V^3*U^5 - 404166670*V*U^8', 'U'), ('0', '1'), ('0', '1'), ('0', '1'), ('0', '1'), ('0', '1'), ('0', '1'), ('0', '1'), ('0', '1'), ('0', '1'), ('0', '1'), ('0', '1'), ('0', '1'), ('0', '1'), ('0', '1'), ('0', '1'), ('0', '1'), ('0', '1'))
derivative-only	('g', 'F0', -6, 0)	p109	(('-95863680*C^4*U + 19027910*C^3*V^2 + 1059835360*C^3*U^3 - 979893360*C^2*V^2*U^2 - 3295374120*C^2*U^5 + 126962220*C*V^4*U + 6983172000*C*V^2*U^4 + 2321547600*C*U^7 - 61418530*V^6 + 1327779300*V^4*U^3 + 3179977850*V^2*U^6 + 40918040*U^9', 'U'), ('0', '1'), ('0', '1'), ('0', '1'), ('0', '1'), ('0', '1'), ('0', '1'), ('0', '1'), ('0', '1'), ('0', '1'), ('0', '1'), ('0', '1'), ('0', '1'), ('0', '1'), ('0', '1'), ('0', '1'), ('0', '1'), ('0', '1'))
derivative-only	('g', 'F0', -6, 0)	p110	(('-81697660*C^3*V*U - 39927250*C^2*V^3 + 209076520*C^2*V*U^3 - 154671480*C*V^3*U^2 + 4839360060*C*V*U^5 + 35900080*V^5*U + 865024800*V^3*U^4 - 712182860*V*U^7', 'U'), ('0', '1'), ('0', '1'), ('0', '1'), ('0', '1'), ('0', '1'), ('0', '1'), ('0', '1'), ('0', '1'), ('0', '1'), ('0', '1'), ('0', '1'), ('0', '1'), ('0', '1'), ('0', '1'), ('0', '1'), ('0', '1'), ('0', '1'))
derivative-only	('g', 'F0', -6, 0)	p111	(('-938638360*C^5*V + 14374507790*C^4*V*U^2 - 32520696380*C^3*V^3*U - 136537813150*C^3*V*U^4 - 5549962145*C^2*V^5 + 42949904200*C^2*V^3*U^3 + 370858140600*C^2*V*U^6 - 29639638280*C*V^5*U^2 + 257124896500*C*V^3*U^5 - 30919440465*C*V*U^8 - 4681594280*V^7*U - 3911112505*V^5*U^4 - 98238357960*V^3*U^7 - 2083357555*V*U^10', 'U'), ('0', '1'), ('0', '1'), ('0', '1'), ('0', '1'), ('0', '1'), ('0', '1'), ('0', '1'), ('0', '1'), ('0', '1'), ('0', '1'), ('0', '1'), ('0', '1'), ('0', '1'), ('0', '1'), ('0', '1'), ('0', '1'), ('0', '1'))
derivative-only	('g', 'F0', -6, 0)	p112	(('-7422853570*C^5*U + 327751710*C^4*V^2 + 81879427230*C^4*U^3 - 8580661200*C^3*V^2*U^2 - 124469517300*C^3*U^5 - 10521864285*C^2*V^4*U + 75625154275*C^2*V^2*U^4 + 120396178880*C^2*U^7 - 2602550040*C*V^6 + 65055494150*C*V^4*U^3 + 337830699510*C*V^2*U^6 - 167711205*C*U^9 - 9228314125*V^6*U^2 + 75395662495*V^4*U^5 - 84712915485/2*V^2*U^8 - 788950665*U^11', 'U'), ('0', '1'), ('0', '1'), ('0', '1'), ('0', '1'), ('0', '1'), ('0', '1'), ('0', '1'), ('0', '1'), ('0', '1'), ('0', '1'), ('0', '1'), ('0', '1'), ('0', '1'), ('0', '1'), ('0', '1'), ('0', '1'), ('0', '1'))
derivative-only	('g', 'F0', -6, 0)	p113	(('-2456855115*C^4*V*U - 3565328580*C^3*V^3 - 44409883560*C^3*V*U^3 - 14145932430*C^2*V^3*U^2 + 221400495990*C^2*V*U^5 - 10590343110*C*V^5*U + 183865529250*C*V^3*U^4 - 4389952860*C*V*U^7 - 1184309295*V^7 + 12575694600*V^5*U^3 + 33023799030*V^3*U^6 - 756281680*V*U^9', 'U'), ('0', '1'), ('0', '1'), ('0', '1'), ('0', '1'), ('0', '1'), ('0', '1'), ('0', '1'), ('0', '1'), ('0', '1'), ('0', '1'), ('0', '1'), ('0', '1'), ('0', '1'), ('0', '1'), ('0', '1'), ('0', '1'), ('0', '1'))
derivative-only	('g', 'F0', -6, 0)	p114	(('4667295*C^5 + 2675318100*C^4*U^2 - 8054025540*C^3*V^2*U - 16859381040*C^3*U^4 - 2427230025*C^2*V^4 - 20439892800*C^2*V^2*U^3 + 26970165585*C^2*U^6 - 6883990965*C*V^4*U^2 + 244440276930*C*V^2*U^5 + 5704330680*C*U^8 - 3861691620*V^6*U + 76057608375/2*V^4*U^4 - 10068808680*V^2*U^7 + 423187490*U^10', 'U'), ('0', '1'), ('0', '1'), ('0', '1'), ('0', '1'), ('0', '1'), ('0', '1'), ('0', '1'), ('0', '1'), ('0', '1'), ('0', '1'), ('0', '1'), ('0', '1'), ('0', '1'), ('0', '1'), ('0', '1'), ('0', '1'), ('0', '1'))
derivative-only	('g', 'F0', -6, 0)	p115	(('84027105*C^4*V - 3359759475*C^3*V*U^2 + 1809390*C^2*V^3*U + 16933483125/2*C^2*V*U^4 - 554776200*C*V^5 + 12773776800*C*V^3*U^3 + 77543304660*C*V*U^6 - 1388312280*V^5*U^2 + 16053975720*V^3*U^5 - 8285035680*V*U^8', 'U'), ('0', '1'), ('0', '1'), ('0', '1'), ('0', '1'), ('0', '1'), ('0', '1'), ('0', '1'), ('0', '1'), ('0', '1'), ('0', '1'), ('0', '1'), ('0', '1'), ('0', '1'), ('0', '1'), ('0', '1'), ('0', '1'), ('0', '1'))
derivative-only	('g', 'F0', -6, 0)	p116	(('26151105*C^4*U + 42273555*C^3*V^2 - 1369601745*C^3*U^3 - 1269206145*C^2*V^2*U^2 + 8123580270*C^2*U^5 - 279473040*C*V^4*U + 17219480040*C*V^2*U^4 - 4850236440*C*U^7 - 121029480*V^6 + 1263034140*V^4*U^3 - 8550643050*V^2*U^6 + 9141920*U^9', 'U'), ('0', '1'), ('0', '1'), ('0', '1'), ('0', '1'), ('0', '1'), ('0', '1'), ('0', '1'), ('0', '1'), ('0', '1'), ('0', '1'), ('0', '1'), ('0', '1'), ('0', '1'), ('0', '1'), ('0', '1'), ('0', '1'), ('0', '1'))
derivative-only	('g', 'F0', -6, 0)	p117	(('2646560615*C^5*V - 28298797465*C^4*V*U^2 - 74060328320*C^3*V^3*U - 222667563985*C^3*V*U^4 - 23340212060*C^2*V^5 + 55574441680*C^2*V^3*U^3 + 2041182503970*C^2*V*U^6 - 86324410370*C*V^5*U^2 + 2603779592440*C*V^3*U^5 - 28298037555*C*V*U^8 - 24201064340*V^7*U + 352412156825*V^5*U^4 + 168374623860*V^3*U^7 - 433050395*V*U^10', 'U'), ('0', '1'), ('0', '1'), ('0', '1'), ('0', '1'), ('0', '1'), ('0', '1'), ('0', '1'), ('0', '1'), ('0', '1'), ('0', '1'), ('0', '1'), ('0', '1'), ('0', '1'), ('0', '1'), ('0', '1'), ('0', '1'), ('0', '1'))
derivative-only	('g', 'F0', -6, 0)	p118	(('-16732275940*C^5*U + 9917908635/2*C^4*V^2 + 165598406970*C^4*U^3 - 36339677085*C^3*V^2*U^2 - 58720762275*C^3*U^5 - 24522099360*C^2*V^4*U + 320995427525/2*C^2*V^2*U^4 + 89808218360*C^2*U^7 - 10367775495*C*V^6 + 183495250010*C*V^4*U^3 + 2066022368820*C*V^2*U^6 + 34089236185*C*U^9 - 49427869240*V^6*U^2 + 395967218650*V^4*U^5 - 110551783365*V^2*U^8 + 2136080700*U^11', 'U'), ('0', '1'), ('0', '1'), ('0', '1'), ('0', '1'), ('0', '1'), ('0', '1'), ('0', '1'), ('0', '1'), ('0', '1'), ('0', '1'), ('0', '1'), ('0', '1'), ('0', '1'), ('0', '1'), ('0', '1'), ('0', '1'), ('0', '1'))
derivative-only	('g', 'F0', -6, 0)	p119	(('2172690855*C^4*V*U - 6451502880*C^3*V^3 - 182439836220*C^3*V*U^3 - 11857532460*C^2*V^3*U^2 + 553549536585*C^2*V*U^5 - 36088276620*C*V^5*U + 882653390355/2*C*V^3*U^4 + 304555267800*C*V*U^7 - 2607359535*V^7 - 3580656300*V^5*U^3 - 103212581460*V^3*U^6 - 49725226260*V*U^9', 'U'), ('0', '1'), ('0', '1'), ('0', '1'), ('0', '1'), ('0', '1'), ('0', '1'), ('0', '1'), ('0', '1'), ('0', '1'), ('0', '1'), ('0', '1'), ('0', '1'), ('0', '1'), ('0', '1'), ('0', '1'), ('0', '1'), ('0', '1'))
derivative-only	('g', 'F0', -6, 0)	p120	(('-74233575*C^5 + 10075114080*C^4*U^2 - 15192779745*C^3*V^2*U - 160356515235/2*C^3*U^4 - 3512797410*C^2*V^4 - 53527917465*C^2*V^2*U^3 + 418711270215/2*C^2*U^6 - 14927782110*C*V^4*U^2 + 391148562285*C*V^2*U^5 - 80486339265*C*U^8 - 10085152440*V^6*U + 73779010365/2*V^4*U^4 - 141097018320*V^2*U^7 + 228261015*U^10', 'U'), ('0', '1'), ('0', '1'), ('0', '1'), ('0', '1'), ('0', '1'), ('0', '1'), ('0', '1'), ('0', '1'), ('0', '1'), ('0', '1'), ('0', '1'), ('0', '1'), ('0', '1'), ('0', '1'), ('0', '1'), ('0', '1'), ('0', '1'))
derivative-only	('g', 'F0', -6, 0)	p121	(('160385940*C^4*V - 2986414230*C^3*V*U^2 + 1668222120*C^2*V^3*U + 3446983695/2*C^2*V*U^4 - 1025262630*C*V^5 + 30847638210*C*V^3*U^3 - 30262987485/2*C*V*U^6 - 3977037000*V^5*U^2 + 8820519285/2*V^3*U^5 + 9292863915*V*U^8', 'U'), ('0', '1'), ('0', '1'), ('0', '1'), ('0', '1'), ('0', '1'), ('0', '1'), ('0', '1'), ('0', '1'), ('0', '1'), ('0', '1'), ('0', '1'), ('0', '1'), ('0', '1'), ('0', '1'), ('0', '1'), ('0', '1'), ('0', '1'))
derivative-only	('g', 'F0', -6, 0)	p122	(('5539763060*C^5*V + 85192865900*C^4*V*U^2 - 112783345100*C^3*V^3*U - 1673210847250*C^3*V*U^4 - 32233263650*C^2*V^5 + 202354276600*C^2*V^3*U^3 + 3866201376390*C^2*V*U^6 - 272756196275*C*V^5*U^2 + 4297314632290*C*V^3*U^5 + 990473139675*C*V*U^8 - 70060966250*V^7*U + 397022992375/2*V^5*U^4 - 1664299108200*V^3*U^7 - 248661233035*V*U^10', 'U'), ('0', '1'), ('0', '1'), ('0', '1'), ('0', '1'), ('0', '1'), ('0', '1'), ('0', '1'), ('0', '1'), ('0', '1'), ('0', '1'), ('0', '1'), ('0', '1'), ('0', '1'), ('0', '1'), ('0', '1'), ('0', '1'), ('0', '1'))
derivative-only	('g', 'F0', -6, 0)	p123	(('-45317819690*C^5*U + 12516312900*C^4*V^2 + 521052672000*C^4*U^3 + 58613724900*C^3*V^2*U^2 - 828604042140*C^3*U^5 - 3258022050*C^2*V^4*U - 735707030675*C^2*V^2*U^4 + 1431123783680*C^2*U^7 - 15333732495*C*V^6 + 435406701425*C*V^4*U^3 + 1844878851510*C*V^2*U^6 - 540220990625*C*U^9 - 139829127640*V^6*U^2 + 238797503035*V^4*U^5 - 1372359970575/2*V^2*U^8 + 270722385*U^11', 'U'), ('0', '1'), ('0', '1'), ('0', '1'), ('0', '1'), ('0', '1'), ('0', '1'), ('0', '1'), ('0', '1'), ('0', '1'), ('0', '1'), ('0', '1'), ('0', '1'), ('0', '1'), ('0', '1'), ('0', '1'), ('0', '1'), ('0', '1'))
derivative-only	('g', 'F0', -6, 0)	p124	(('3418787125*C^4*V*U - 15280040100*C^3*V^3 - 298296549900*C^3*V*U^3 + 38916632100*C^2*V^3*U^2 + 713827938750*C^2*V*U^5 - 64719991050*C*V^5*U + 322086707400*C*V^3*U^4 - 894736011600*C*V*U^7 - 857514285*V^7 - 68011246380*V^5*U^3 - 160461754425*V^3*U^6 + 156094173000*V*U^9', 'U'), ('0', '1'), ('0', '1'), ('0', '1'), ('0', '1'), ('0', '1'), ('0', '1'), ('0', '1'), ('0', '1'), ('0', '1'), ('0', '1'), ('0', '1'), ('0', '1'), ('0', '1'), ('0', '1'), ('0', '1'), ('0', '1'), ('0', '1'))
derivative-only	('g', 'F0', -6, 0)	p125	(('-286039705*C^5 + 23227713700*C^4*U^2 - 34016323900*C^3*V^2*U - 128469975150*C^3*U^4 - 6827727075*C^2*V^4 - 71083915950*C^2*V^2*U^3 + 132445863375*C^2*U^6 - 21326430675*C*V^4*U^2 + 185986108950*C*V^2*U^5 + 20822395050*C*U^8 - 16460215800*V^6*U + 63256462425/2*V^4*U^4 + 33957485850*V^2*U^7 + 128988360*U^10', 'U'), ('0', '1'), ('0', '1'), ('0', '1'), ('0', '1'), ('0', '1'), ('0', '1'), ('0', '1'), ('0', '1'), ('0', '1'), ('0', '1'), ('0', '1'), ('0', '1'), ('0', '1'), ('0', '1'), ('0', '1'), ('0', '1'), ('0', '1'))
derivative-only	('g', 'F0', -6, 0)	p126	(('4984316750*C^5*V + 332184643700*C^4*V*U^2 - 362721886800*C^3*V^3*U - 2628607451050*C^3*V*U^4 - 21818236895*C^2*V^5 + 206648608600*C^2*V^3*U^3 + 2007008537415*C^2*V*U^6 - 216638760695*C*V^5*U^2 - 3603046640060*C*V^3*U^5 - 12833534856375/2*C*V*U^8 - 56531579120*V^7*U - 1190183792525/2*V^5*U^4 + 1300243390575*V^3*U^7 + 1279566387185*V*U^10', 'U'), ('0', '1'), ('0', '1'), ('0', '1'), ('0', '1'), ('0', '1'), ('0', '1'), ('0', '1'), ('0', '1'), ('0', '1'), ('0', '1'), ('0', '1'), ('0', '1'), ('0', '1'), ('0', '1'), ('0', '1'), ('0', '1'), ('0', '1'))
derivative-only	('g', 'F0', -6, 0)	p127	(('-107367373750*C^5*U + 52326685425/2*C^4*V^2 + 1229022972450*C^4*U^3 + 237491322600*C^3*V^2*U^2 - 1457616223140*C^3*U^5 - 64109238375*C^2*V^4*U - 1253769454700*C^2*V^2*U^4 - 29417501545*C^2*U^7 + 10582199355*C*V^6 - 205166043775*C*V^4*U^3 - 1676972904390*C*V^2*U^6 + 790750940025*C*U^9 - 94780765555*V^6*U^2 - 90588382640*V^4*U^5 + 1514869160850*V^2*U^8 - 3131493270*U^11', 'U'), ('0', '1'), ('0', '1'), ('0', '1'), ('0', '1'), ('0', '1'), ('0', '1'), ('0', '1'), ('0', '1'), ('0', '1'), ('0', '1'), ('0', '1'), ('0', '1'), ('0', '1'), ('0', '1'), ('0', '1'), ('0', '1'), ('0', '1'))
derivative-only	('g', 'F0', -6, 0)	p128	(('407771575*C^4*V*U - 30192273600*C^3*V^3 - 492826385300*C^3*V*U^3 + 786902700*C^2*V^3*U^2 + 1511506164645*C^2*V*U^5 - 89770068180*C*V^5*U - 536423708325*C*V^3*U^4 - 1290303635460*C*V*U^7 - 2021188260*V^7 + 24740793990*V^5*U^3 - 564267763275*V^3*U^6 - 116387473175/2*V*U^9', 'U'), ('0', '1'), ('0', '1'), ('0', '1'), ('0', '1'), ('0', '1'), ('0', '1'), ('0', '1'), ('0', '1'), ('0', '1'), ('0', '1'), ('0', '1'), ('0', '1'), ('0', '1'), ('0', '1'), ('0', '1'), ('0', '1'), ('0', '1'))
derivative-only	('g', 'F0', -6, 0)	p129	(('26878339125*C^5*V - 433229676825*C^4*V*U^2 + 731106561900*C^3*V^3*U + 1272010676200*C^3*V*U^4 + 239396904835*C^2*V^5 + 2921316383700*C^2*V^3*U^3 + 163324180470*C^2*V*U^6 + 890607617845*C*V^5*U^2 - 28687299188570*C*V^3*U^5 - 9187071956535*C*V*U^8 + 594281901070*V^7*U - 1725962083175/2*V^5*U^4 - 1647194555490*V^3*U^7 - 2808006328655/2*V*U^10', 'U'), ('0', '1'), ('0', '1'), ('0', '1'), ('0', '1'), ('0', '1'), ('0', '1'), ('0', '1'), ('0', '1'), ('0', '1'), ('0', '1'), ('0', '1'), ('0', '1'), ('0', '1'), ('0', '1'), ('0', '1'), ('0', '1'), ('0', '1'))
derivative-only	('g', 'F0', -6, 0)	p130	(('-217639758215*C^5*U + 127055423605/2*C^4*V^2 + 1581457833725*C^4*U^3 + 1973179927950*C^3*V^2*U^2 + 2707365165560*C^3*U^5 + 174201220325*C^2*V^4*U + 614052609775*C^2*V^2*U^4 - 6008527774315*C^2*U^7 + 21089836845*C*V^6 + 664242092525*C*V^4*U^3 - 11933430287955*C*V^2*U^6 + 772023557690*C*U^9 + 500903909330*V^6*U^2 - 1524004782245*V^4*U^5 + 1789595821365*V^2*U^8 - 12362128895*U^11', 'U'), ('0', '1'), ('0', '1'), ('0', '1'), ('0', '1'), ('0', '1'), ('0', '1'), ('0', '1'), ('0', '1'), ('0', '1'), ('0', '1'), ('0', '1'), ('0', '1'), ('0', '1'), ('0', '1'), ('0', '1'), ('0', '1'), ('0', '1'))
derivative-only	('g', 'F0', -6, 0)	p131	(('59074829220*C^5*V - 1840526487195/2*C^4*V*U^2 + 2734341756190*C^3*V^3*U + 24103531422850*C^3*V*U^4 + 900220635545/2*C^2*V^5 + 6228221916400*C^2*V^3*U^3 - 66710824589750*C^2*V*U^6 + 5634539517145*C*V^5*U^2 - 34112071082210*C*V^3*U^5 + 78982815910185/2*C*V*U^8 + 1253653345120*V^7*U - 2795552657480*V^5*U^4 + 22191965246385*V^3*U^7 - 561786316575/2*V*U^10', 'U'), ('0', '1'), ('0', '1'), ('0', '1'), ('0', '1'), ('0', '1'), ('0', '1'), ('0', '1'), ('0', '1'), ('0', '1'), ('0', '1'), ('0', '1'), ('0', '1'), ('0', '1'), ('0', '1'), ('0', '1'), ('0', '1'), ('0', '1'))
derivative-only	('g', 'F0', -6, 5)	constant	(('-458559789975000*C^2*U + 1246568210493750*C*V^2 + 12168573800625000*C*U^3 - 6532312631625000*V^2*U^2 - 15396409794150000*U^5', '1'), ('-6457821920550000*C^2*U - 2546973965250000*C*V^2 + 22768329875775000*C*U^3 - 6270203904525000*V^2*U^2 - 22793679995625000*U^5', '1'), ('1314678553650000*C^2*U + 3543688615500000*C*V^2 + 15058789790550000*C*U^3 - 5626116733050000*V^2*U^2 - 13841815333500000*U^5', '1'), ('-3796117756200000*C^2*U - 1802191975031250*C*V^2 + 9296540317350000*C*U^3 + 4611317396400000*V^2*U^2 - 3884301209250000*U^5', '1'), ('502953810975000*C^2*U + 817226517937500*C*V^2 + 1612311047325000*C*U^3 + 1066794901425000*V^2*U^2 - 469726141500000*U^5', '1'), ('-293954799600000*C^2*U - 185919000300000*C*V^2 + 358148795400000*C*U^3 + 472685612850000*V^2*U^2 - 18533869200000*U^5', '1'), ('0', '1'), ('0', '1'), ('0', '1'), ('0', '1'), ('0', '1'), ('0', '1'), ('0', '1'), ('0', '1'), ('0', '1'), ('0', '1'), ('0', '1'), ('0', '1'))
derivative-only	('g', 'F0', -6, 5)	p47	(('-93750', '1'), ('0', '1'), ('0', '1'), ('0', '1'), ('0', '1'), ('0', '1'), ('0', '1'), ('0', '1'), ('0', '1'), ('0', '1'), ('0', '1'), ('0', '1'), ('0', '1'), ('0', '1'), ('0', '1'), ('0', '1'), ('0', '1'), ('0', '1'))
derivative-only	('g', 'F0', -6, 5)	p53	(('-656250', '1'), ('0', '1'), ('0', '1'), ('0', '1'), ('0', '1'), ('0', '1'), ('0', '1'), ('0', '1'), ('0', '1'), ('0', '1'), ('0', '1'), ('0', '1'), ('0', '1'), ('0', '1'), ('0', '1'), ('0', '1'), ('0', '1'), ('0', '1'))
derivative-only	('g', 'F0', -6, 5)	p60	(('-2625000', '1'), ('0', '1'), ('0', '1'), ('0', '1'), ('0', '1'), ('0', '1'), ('0', '1'), ('0', '1'), ('0', '1'), ('0', '1'), ('0', '1'), ('0', '1'), ('0', '1'), ('0', '1'), ('0', '1'), ('0', '1'), ('0', '1'), ('0', '1'))
derivative-only	('g', 'F0', -6, 5)	p69	(('-7875000', '1'), ('0', '1'), ('0', '1'), ('0', '1'), ('0', '1'), ('0', '1'), ('0', '1'), ('0', '1'), ('0', '1'), ('0', '1'), ('0', '1'), ('0', '1'), ('0', '1'), ('0', '1'), ('0', '1'), ('0', '1'), ('0', '1'), ('0', '1'))
derivative-only	('g', 'F0', -6, 5)	p77	(('-19687500', '1'), ('0', '1'), ('0', '1'), ('0', '1'), ('0', '1'), ('0', '1'), ('0', '1'), ('0', '1'), ('0', '1'), ('0', '1'), ('0', '1'), ('0', '1'), ('0', '1'), ('0', '1'), ('0', '1'), ('0', '1'), ('0', '1'), ('0', '1'))
derivative-only	('g', 'F0', -6, 5)	p86	(('-43312500', '1'), ('0', '1'), ('0', '1'), ('0', '1'), ('0', '1'), ('0', '1'), ('0', '1'), ('0', '1'), ('0', '1'), ('0', '1'), ('0', '1'), ('0', '1'), ('0', '1'), ('0', '1'), ('0', '1'), ('0', '1'), ('0', '1'), ('0', '1'))
derivative-only	('g', 'F0', -6, 5)	p101	(('1386000000*C', '1'), ('0', '1'), ('0', '1'), ('0', '1'), ('0', '1'), ('0', '1'), ('0', '1'), ('0', '1'), ('0', '1'), ('0', '1'), ('0', '1'), ('0', '1'), ('0', '1'), ('0', '1'), ('0', '1'), ('0', '1'), ('0', '1'), ('0', '1'))
derivative-only	('g', 'F0', -6, 5)	p102	(('1386000000*V', '1'), ('0', '1'), ('0', '1'), ('0', '1'), ('0', '1'), ('0', '1'), ('0', '1'), ('0', '1'), ('0', '1'), ('0', '1'), ('0', '1'), ('0', '1'), ('0', '1'), ('0', '1'), ('0', '1'), ('0', '1'), ('0', '1'), ('0', '1'))
derivative-only	('g', 'F0', -6, 5)	p103	(('1386000000*U', '1'), ('0', '1'), ('0', '1'), ('0', '1'), ('0', '1'), ('0', '1'), ('0', '1'), ('0', '1'), ('0', '1'), ('0', '1'), ('0', '1'), ('0', '1'), ('0', '1'), ('0', '1'), ('0', '1'), ('0', '1'), ('0', '1'), ('0', '1'))
derivative-only	('g', 'F0', -6, 5)	p105	(('11781000000*C^2', '1'), ('0', '1'), ('0', '1'), ('0', '1'), ('0', '1'), ('0', '1'), ('0', '1'), ('0', '1'), ('0', '1'), ('0', '1'), ('0', '1'), ('0', '1'), ('0', '1'), ('0', '1'), ('0', '1'), ('0', '1'), ('0', '1'), ('0', '1'))
derivative-only	('g', 'F0', -6, 5)	p106	(('23562000000*C*V', '1'), ('0', '1'), ('0', '1'), ('0', '1'), ('0', '1'), ('0', '1'), ('0', '1'), ('0', '1'), ('0', '1'), ('0', '1'), ('0', '1'), ('0', '1'), ('0', '1'), ('0', '1'), ('0', '1'), ('0', '1'), ('0', '1'), ('0', '1'))
derivative-only	('g', 'F0', -6, 5)	p107	(('23562000000*C*U + 11781000000*V^2', '1'), ('0', '1'), ('0', '1'), ('0', '1'), ('0', '1'), ('0', '1'), ('0', '1'), ('0', '1'), ('0', '1'), ('0', '1'), ('0', '1'), ('0', '1'), ('0', '1'), ('0', '1'), ('0', '1'), ('0', '1'), ('0', '1'), ('0', '1'))
derivative-only	('g', 'F0', -6, 5)	p108	(('23562000000*V*U', '1'), ('0', '1'), ('0', '1'), ('0', '1'), ('0', '1'), ('0', '1'), ('0', '1'), ('0', '1'), ('0', '1'), ('0', '1'), ('0', '1'), ('0', '1'), ('0', '1'), ('0', '1'), ('0', '1'), ('0', '1'), ('0', '1'), ('0', '1'))
derivative-only	('g', 'F0', -6, 5)	p109	(('2734875000*C + 11781000000*U^2', '1'), ('0', '1'), ('0', '1'), ('0', '1'), ('0', '1'), ('0', '1'), ('0', '1'), ('0', '1'), ('0', '1'), ('0', '1'), ('0', '1'), ('0', '1'), ('0', '1'), ('0', '1'), ('0', '1'), ('0', '1'), ('0', '1'), ('0', '1'))
derivative-only	('g', 'F0', -6, 5)	p110	(('2734875000*V', '1'), ('0', '1'), ('0', '1'), ('0', '1'), ('0', '1'), ('0', '1'), ('0', '1'), ('0', '1'), ('0', '1'), ('0', '1'), ('0', '1'), ('0', '1'), ('0', '1'), ('0', '1'), ('0', '1'), ('0', '1'), ('0', '1'), ('0', '1'))
derivative-only	('g', 'F0', -6, 5)	p111	(('424116000000*C*V*U + 70686000000*V^3', '1'), ('0', '1'), ('0', '1'), ('0', '1'), ('0', '1'), ('0', '1'), ('0', '1'), ('0', '1'), ('0', '1'), ('0', '1'), ('0', '1'), ('0', '1'), ('0', '1'), ('0', '1'), ('0', '1'), ('0', '1'), ('0', '1'), ('0', '1'))
derivative-only	('g', 'F0', -6, 5)	p112	(('24613875000*C^2 + 212058000000*C*U^2 + 212058000000*V^2*U', '1'), ('0', '1'), ('0', '1'), ('0', '1'), ('0', '1'), ('0', '1'), ('0', '1'), ('0', '1'), ('0', '1'), ('0', '1'), ('0', '1'), ('0', '1'), ('0', '1'), ('0', '1'), ('0', '1'), ('0', '1'), ('0', '1'), ('0', '1'))
derivative-only	('g', 'F0', -6, 5)	p113	(('49227750000*C*V + 212058000000*V*U^2', '1'), ('0', '1'), ('0', '1'), ('0', '1'), ('0', '1'), ('0', '1'), ('0', '1'), ('0', '1'), ('0', '1'), ('0', '1'), ('0', '1'), ('0', '1'), ('0', '1'), ('0', '1'), ('0', '1'), ('0', '1'), ('0', '1'), ('0', '1'))
derivative-only	('g', 'F0', -6, 5)	p114	(('24613875000*V^2 + 70686000000*U^3', '1'), ('0', '1'), ('0', '1'), ('0', '1'), ('0', '1'), ('0', '1'), ('0', '1'), ('0', '1'), ('0', '1'), ('0', '1'), ('0', '1'), ('0', '1'), ('0', '1'), ('0', '1'), ('0', '1'), ('0', '1'), ('0', '1'), ('0', '1'))
derivative-only	('g', 'F0', -6, 5)	p116	(('5067562500*C - 24613875000*U^2', '1'), ('0', '1'), ('0', '1'), ('0', '1'), ('0', '1'), ('0', '1'), ('0', '1'), ('0', '1'), ('0', '1'), ('0', '1'), ('0', '1'), ('0', '1'), ('0', '1'), ('0', '1'), ('0', '1'), ('0', '1'), ('0', '1'), ('0', '1'))
derivative-only	('g', 'F0', -6, 5)	p117	(('155887875000*V^3 + 1343034000000*V*U^3', '1'), ('0', '1'), ('0', '1'), ('0', '1'), ('0', '1'), ('0', '1'), ('0', '1'), ('0', '1'), ('0', '1'), ('0', '1'), ('0', '1'), ('0', '1'), ('0', '1'), ('0', '1'), ('0', '1'), ('0', '1'), ('0', '1'), ('0', '1'))
derivative-only	('g', 'F0', -6, 5)	p118	(('48141843750*C^2 - 467663625000*C*U^2 + 335758500000*U^4', '1'), ('0', '1'), ('0', '1'), ('0', '1'), ('0', '1'), ('0', '1'), ('0', '1'), ('0', '1'), ('0', '1'), ('0', '1'), ('0', '1'), ('0', '1'), ('0', '1'), ('0', '1'), ('0', '1'), ('0', '1'), ('0', '1'), ('0', '1'))
derivative-only	('g', 'F0', -6, 5)	p119	(('-467663625000*V*U^2', '1'), ('0', '1'), ('0', '1'), ('0', '1'), ('0', '1'), ('0', '1'), ('0', '1'), ('0', '1'), ('0', '1'), ('0', '1'), ('0', '1'), ('0', '1'), ('0', '1'), ('0', '1'), ('0', '1'), ('0', '1'), ('0', '1'), ('0', '1'))
derivative-only	('g', 'F0', -6, 5)	p120	(('-48141843750*V^2 - 311775750000*U^3', '1'), ('0', '1'), ('0', '1'), ('0', '1'), ('0', '1'), ('0', '1'), ('0', '1'), ('0', '1'), ('0', '1'), ('0', '1'), ('0', '1'), ('0', '1'), ('0', '1'), ('0', '1'), ('0', '1'), ('0', '1'), ('0', '1'), ('0', '1'))
derivative-only	('g', 'F0', -6, 5)	p121	(('-96283687500*V*U', '1'), ('0', '1'), ('0', '1'), ('0', '1'), ('0', '1'), ('0', '1'), ('0', '1'), ('0', '1'), ('0', '1'), ('0', '1'), ('0', '1'), ('0', '1'), ('0', '1'), ('0', '1'), ('0', '1'), ('0', '1'), ('0', '1'), ('0', '1'))
derivative-only	('g', 'F0', -6, 5)	p122	(('-1925673750000*C*V*U - 641891250000*V^3 - 6235515000000*V*U^3', '1'), ('0', '1'), ('0', '1'), ('0', '1'), ('0', '1'), ('0', '1'), ('0', '1'), ('0', '1'), ('0', '1'), ('0', '1'), ('0', '1'), ('0', '1'), ('0', '1'), ('0', '1'), ('0', '1'), ('0', '1'), ('0', '1'), ('0', '1'))
derivative-only	('g', 'F0', -6, 5)	p123	(('-89151562500*C^2 - 1925673750000*V^2*U - 2338318125000*U^4', '1'), ('0', '1'), ('0', '1'), ('0', '1'), ('0', '1'), ('0', '1'), ('0', '1'), ('0', '1'), ('0', '1'), ('0', '1'), ('0', '1'), ('0', '1'), ('0', '1'), ('0', '1'), ('0', '1'), ('0', '1'), ('0', '1'), ('0', '1'))
derivative-only	('g', 'F0', -6, 5)	p124	(('-178303125000*C*V - 962836875000*V*U^2', '1'), ('0', '1'), ('0', '1'), ('0', '1'), ('0', '1'), ('0', '1'), ('0', '1'), ('0', '1'), ('0', '1'), ('0', '1'), ('0', '1'), ('0', '1'), ('0', '1'), ('0', '1'), ('0', '1'), ('0', '1'), ('0', '1'), ('0', '1'))
derivative-only	('g', 'F0', -6, 5)	p125	(('-178303125000*C*U - 89151562500*V^2 + 320945625000*U^3', '1'), ('0', '1'), ('0', '1'), ('0', '1'), ('0', '1'), ('0', '1'), ('0', '1'), ('0', '1'), ('0', '1'), ('0', '1'), ('0', '1'), ('0', '1'), ('0', '1'), ('0', '1'), ('0', '1'), ('0', '1'), ('0', '1'), ('0', '1'))
derivative-only	('g', 'F0', -6, 5)	p126	(('-3744365625000*C*V*U - 1248121875000*V^3', '1'), ('0', '1'), ('0', '1'), ('0', '1'), ('0', '1'), ('0', '1'), ('0', '1'), ('0', '1'), ('0', '1'), ('0', '1'), ('0', '1'), ('0', '1'), ('0', '1'), ('0', '1'), ('0', '1'), ('0', '1'), ('0', '1'), ('0', '1'))
derivative-only	('g', 'F0', -6, 5)	p127	(('-157657500000*C^2 - 1872182812500*C*U^2 + 5054893593750*U^4', '1'), ('0', '1'), ('0', '1'), ('0', '1'), ('0', '1'), ('0', '1'), ('0', '1'), ('0', '1'), ('0', '1'), ('0', '1'), ('0', '1'), ('0', '1'), ('0', '1'), ('0', '1'), ('0', '1'), ('0', '1'), ('0', '1'), ('0', '1'))
derivative-only	('g', 'F0', -6, 5)	p128	(('-315315000000*C*V + 1872182812500*V*U^2', '1'), ('0', '1'), ('0', '1'), ('0', '1'), ('0', '1'), ('0', '1'), ('0', '1'), ('0', '1'), ('0', '1'), ('0', '1'), ('0', '1'), ('0', '1'), ('0', '1'), ('0', '1'), ('0', '1'), ('0', '1'), ('0', '1'), ('0', '1'))
derivative-only	('g', 'F0', -6, 5)	p129	(('1156155000000*V^3 + 27458681250000*V*U^3', '1'), ('0', '1'), ('0', '1'), ('0', '1'), ('0', '1'), ('0', '1'), ('0', '1'), ('0', '1'), ('0', '1'), ('0', '1'), ('0', '1'), ('0', '1'), ('0', '1'), ('0', '1'), ('0', '1'), ('0', '1'), ('0', '1'), ('0', '1'))
derivative-only	('g', 'F0', -6, 5)	p130	(('-268017750000*C^2 + 3468465000000*C*U^2 + 3468465000000*V^2*U - 3432335156250*U^4', '1'), ('0', '1'), ('0', '1'), ('0', '1'), ('0', '1'), ('0', '1'), ('0', '1'), ('0', '1'), ('0', '1'), ('0', '1'), ('0', '1'), ('0', '1'), ('0', '1'), ('0', '1'), ('0', '1'), ('0', '1'), ('0', '1'), ('0', '1'))
derivative-only	('g', 'F0', -6, 5)	p131	(('12328816500000*C*V*U + 2054802750000*V^3 - 26591565000000*V*U^3', '1'), ('0', '1'), ('0', '1'), ('0', '1'), ('0', '1'), ('0', '1'), ('0', '1'), ('0', '1'), ('0', '1'), ('0', '1'), ('0', '1'), ('0', '1'), ('0', '1'), ('0', '1'), ('0', '1'), ('0', '1'), ('0', '1'), ('0', '1'))
derivative-only	('g', 'F0', -5, 3)	constant	(('-6875732607911000/3*C^3*V + 2546839519237500*C^2*V*U^2 - 4386206796185000*C*V^3*U + 22451213658790000*C*V*U^4 + 240372983209750*V^5 + 12716264252720000/3*V^3*U^3 - 17049020121175000/3*V*U^6', '1'), ('-18224055367112000/3*C^3*V + 40440459088980000*C^2*V*U^2 - 10030073106320000*C*V^3*U - 57676302547570000*C*V*U^4 - 754968421674000*V^5 - 52802574936860000/3*V^3*U^3 + 28146284913740000/3*V*U^6', '1'), ('-6330510994544000/3*C^3*V - 21179042895390000*C^2*V*U^2 + 6704413383260000*C*V^3*U + 63411612367460000*C*V*U^4 + 790449628042000*V^5 + 55507263248080000/3*V^3*U^3 - 7807508617090000*V*U^6', '1'), ('-4755593094953000/3*C^3*V + 17190927442282500*C^2*V*U^2 - 4533627697155000*C*V^3*U - 43518268651130000*C*V*U^4 - 457628919332250*V^5 - 22243298590240000/3*V^3*U^3 + 11889321833095000*V*U^6', '1'), ('830834539204000/3*C^3*V - 5103147894060000*C^2*V*U^2 + 1727519920540000*C*V^3*U + 12921092241540000*C*V*U^4 + 211523620050500*V^5 + 5346244158640000*V^3*U^3 - 644556025610000*V*U^6', '1'), ('-55674982550000*C^3*V + 1160592487830000*C^2*V*U^2 - 409213744500000*C*V^3*U - 3452318675400000*C*V*U^4 - 26099386311000*V^5 - 310113389600000*V^3*U^3 + 994580034980000*V*U^6', '1'), ('0', '1'), ('0', '1'), ('0', '1'), ('0', '1'), ('0', '1'), ('0', '1'), ('0', '1'), ('0', '1'), ('0', '1'), ('0', '1'), ('0', '1'), ('0', '1'))
derivative-only	('g', 'F0', -5, 3)	p36	(('-2500', '1'), ('0', '1'), ('0', '1'), ('0', '1'), ('0', '1'), ('0', '1'), ('0', '1'), ('0', '1'), ('0', '1'), ('0', '1'), ('0', '1'), ('0', '1'), ('0', '1'), ('0', '1'), ('0', '1'), ('0', '1'), ('0', '1'), ('0', '1'))
derivative-only	('g', 'F0', -5, 3)	p40	(('-12500', '1'), ('0', '1'), ('0', '1'), ('0', '1'), ('0', '1'), ('0', '1'), ('0', '1'), ('0', '1'), ('0', '1'), ('0', '1'), ('0', '1'), ('0', '1'), ('0', '1'), ('0', '1'), ('0', '1'), ('0', '1'), ('0', '1'), ('0', '1'))
derivative-only	('g', 'F0', -5, 3)	p45	(('-37500', '1'), ('0', '1'), ('0', '1'), ('0', '1'), ('0', '1'), ('0', '1'), ('0', '1'), ('0', '1'), ('0', '1'), ('0', '1'), ('0', '1'), ('0', '1'), ('0', '1'), ('0', '1'), ('0', '1'), ('0', '1'), ('0', '1'), ('0', '1'))
derivative-only	('g', 'F0', -5, 3)	p52	(('-87500', '1'), ('0', '1'), ('0', '1'), ('0', '1'), ('0', '1'), ('0', '1'), ('0', '1'), ('0', '1'), ('0', '1'), ('0', '1'), ('0', '1'), ('0', '1'), ('0', '1'), ('0', '1'), ('0', '1'), ('0', '1'), ('0', '1'), ('0', '1'))
derivative-only	('g', 'F0', -5, 3)	p61	(('1925000*C', '1'), ('0', '1'), ('0', '1'), ('0', '1'), ('0', '1'), ('0', '1'), ('0', '1'), ('0', '1'), ('0', '1'), ('0', '1'), ('0', '1'), ('0', '1'), ('0', '1'), ('0', '1'), ('0', '1'), ('0', '1'), ('0', '1'), ('0', '1'))
derivative-only	('g', 'F0', -5, 3)	p62	(('1925000*V', '1'), ('0', '1'), ('0', '1'), ('0', '1'), ('0', '1'), ('0', '1'), ('0', '1'), ('0', '1'), ('0', '1'), ('0', '1'), ('0', '1'), ('0', '1'), ('0', '1'), ('0', '1'), ('0', '1'), ('0', '1'), ('0', '1'), ('0', '1'))
derivative-only	('g', 'F0', -5, 3)	p63	(('1925000*U', '1'), ('0', '1'), ('0', '1'), ('0', '1'), ('0', '1'), ('0', '1'), ('0', '1'), ('0', '1'), ('0', '1'), ('0', '1'), ('0', '1'), ('0', '1'), ('0', '1'), ('0', '1'), ('0', '1'), ('0', '1'), ('0', '1'), ('0', '1'))
derivative-only	('g', 'F0', -5, 3)	p66	(('11550000*C^2', '1'), ('0', '1'), ('0', '1'), ('0', '1'), ('0', '1'), ('0', '1'), ('0', '1'), ('0', '1'), ('0', '1'), ('0', '1'), ('0', '1'), ('0', '1'), ('0', '1'), ('0', '1'), ('0', '1'), ('0', '1'), ('0', '1'), ('0', '1'))
derivative-only	('g', 'F0', -5, 3)	p67	(('23100000*C*V', '1'), ('0', '1'), ('0', '1'), ('0', '1'), ('0', '1'), ('0', '1'), ('0', '1'), ('0', '1'), ('0', '1'), ('0', '1'), ('0', '1'), ('0', '1'), ('0', '1'), ('0', '1'), ('0', '1'), ('0', '1'), ('0', '1'), ('0', '1'))
derivative-only	('g', 'F0', -5, 3)	p68	(('23100000*C*U + 11550000*V^2', '1'), ('0', '1'), ('0', '1'), ('0', '1'), ('0', '1'), ('0', '1'), ('0', '1'), ('0', '1'), ('0', '1'), ('0', '1'), ('0', '1'), ('0', '1'), ('0', '1'), ('0', '1'), ('0', '1'), ('0', '1'), ('0', '1'), ('0', '1'))
derivative-only	('g', 'F0', -5, 3)	p69	(('23100000*V*U', '1'), ('0', '1'), ('0', '1'), ('0', '1'), ('0', '1'), ('0', '1'), ('0', '1'), ('0', '1'), ('0', '1'), ('0', '1'), ('0', '1'), ('0', '1'), ('0', '1'), ('0', '1'), ('0', '1'), ('0', '1'), ('0', '1'), ('0', '1'))
derivative-only	('g', 'F0', -5, 3)	p70	(('3780000*C + 11550000*U^2', '1'), ('0', '1'), ('0', '1'), ('0', '1'), ('0', '1'), ('0', '1'), ('0', '1'), ('0', '1'), ('0', '1'), ('0', '1'), ('0', '1'), ('0', '1'), ('0', '1'), ('0', '1'), ('0', '1'), ('0', '1'), ('0', '1'), ('0', '1'))
derivative-only	('g', 'F0', -5, 3)	p71	(('3780000*V', '1'), ('0', '1'), ('0', '1'), ('0', '1'), ('0', '1'), ('0', '1'), ('0', '1'), ('0', '1'), ('0', '1'), ('0', '1'), ('0', '1'), ('0', '1'), ('0', '1'), ('0', '1'), ('0', '1'), ('0', '1'), ('0', '1'), ('0', '1'))
derivative-only	('g', 'F0', -5, 3)	p72	(('150150000*C^2*U + 150150000*C*V^2', '1'), ('0', '1'), ('0', '1'), ('0', '1'), ('0', '1'), ('0', '1'), ('0', '1'), ('0', '1'), ('0', '1'), ('0', '1'), ('0', '1'), ('0', '1'), ('0', '1'), ('0', '1'), ('0', '1'), ('0', '1'), ('0', '1'), ('0', '1'))
derivative-only	('g', 'F0', -5, 3)	p73	(('300300000*C*V*U + 50050000*V^3', '1'), ('0', '1'), ('0', '1'), ('0', '1'), ('0', '1'), ('0', '1'), ('0', '1'), ('0', '1'), ('0', '1'), ('0', '1'), ('0', '1'), ('0', '1'), ('0', '1'), ('0', '1'), ('0', '1'), ('0', '1'), ('0', '1'), ('0', '1'))
derivative-only	('g', 'F0', -5, 3)	p74	(('24570000*C^2 + 150150000*C*U^2 + 150150000*V^2*U', '1'), ('0', '1'), ('0', '1'), ('0', '1'), ('0', '1'), ('0', '1'), ('0', '1'), ('0', '1'), ('0', '1'), ('0', '1'), ('0', '1'), ('0', '1'), ('0', '1'), ('0', '1'), ('0', '1'), ('0', '1'), ('0', '1'), ('0', '1'))
derivative-only	('g', 'F0', -5, 3)	p75	(('49140000*C*V + 150150000*V*U^2', '1'), ('0', '1'), ('0', '1'), ('0', '1'), ('0', '1'), ('0', '1'), ('0', '1'), ('0', '1'), ('0', '1'), ('0', '1'), ('0', '1'), ('0', '1'), ('0', '1'), ('0', '1'), ('0', '1'), ('0', '1'), ('0', '1'), ('0', '1'))
derivative-only	('g', 'F0', -5, 3)	p76	(('24570000*V^2 + 50050000*U^3', '1'), ('0', '1'), ('0', '1'), ('0', '1'), ('0', '1'), ('0', '1'), ('0', '1'), ('0', '1'), ('0', '1'), ('0', '1'), ('0', '1'), ('0', '1'), ('0', '1'), ('0', '1'), ('0', '1'), ('0', '1'), ('0', '1'), ('0', '1'))
derivative-only	('g', 'F0', -5, 3)	p78	(('6825000*C - 24570000*U^2', '1'), ('0', '1'), ('0', '1'), ('0', '1'), ('0', '1'), ('0', '1'), ('0', '1'), ('0', '1'), ('0', '1'), ('0', '1'), ('0', '1'), ('0', '1'), ('0', '1'), ('0', '1'), ('0', '1'), ('0', '1'), ('0', '1'), ('0', '1'))
derivative-only	('g', 'F0', -5, 3)	p79	(('-335790000*C^3 + 1051050000*C^2*U^2 + 2102100000*C*V^2*U + 175175000*V^4', '1'), ('0', '1'), ('0', '1'), ('0', '1'), ('0', '1'), ('0', '1'), ('0', '1'), ('0', '1'), ('0', '1'), ('0', '1'), ('0', '1'), ('0', '1'), ('0', '1'), ('0', '1'), ('0', '1'), ('0', '1'), ('0', '1'), ('0', '1'))
derivative-only	('g', 'F0', -5, 3)	p80	(('-1007370000*C^2*V + 2102100000*C*V*U^2 + 700700000*V^3*U', '1'), ('0', '1'), ('0', '1'), ('0', '1'), ('0', '1'), ('0', '1'), ('0', '1'), ('0', '1'), ('0', '1'), ('0', '1'), ('0', '1'), ('0', '1'), ('0', '1'), ('0', '1'), ('0', '1'), ('0', '1'), ('0', '1'), ('0', '1'))
derivative-only	('g', 'F0', -5, 3)	p81	(('343980000*C*V^2 + 700700000*C*U^3 + 1051050000*V^2*U^2', '1'), ('0', '1'), ('0', '1'), ('0', '1'), ('0', '1'), ('0', '1'), ('0', '1'), ('0', '1'), ('0', '1'), ('0', '1'), ('0', '1'), ('0', '1'), ('0', '1'), ('0', '1'), ('0', '1'), ('0', '1'), ('0', '1'), ('0', '1'))
derivative-only	('g', 'F0', -5, 3)	p82	(('114660000*V^3 + 700700000*V*U^3', '1'), ('0', '1'), ('0', '1'), ('0', '1'), ('0', '1'), ('0', '1'), ('0', '1'), ('0', '1'), ('0', '1'), ('0', '1'), ('0', '1'), ('0', '1'), ('0', '1'), ('0', '1'), ('0', '1'), ('0', '1'), ('0', '1'), ('0', '1'))
derivative-only	('g', 'F0', -5, 3)	p83	(('47775000*C^2 - 343980000*C*U^2 + 175175000*U^4', '1'), ('0', '1'), ('0', '1'), ('0', '1'), ('0', '1'), ('0', '1'), ('0', '1'), ('0', '1'), ('0', '1'), ('0', '1'), ('0', '1'), ('0', '1'), ('0', '1'), ('0', '1'), ('0', '1'), ('0', '1'), ('0', '1'), ('0', '1'))
derivative-only	('g', 'F0', -5, 3)	p84	(('-343980000*V*U^2', '1'), ('0', '1'), ('0', '1'), ('0', '1'), ('0', '1'), ('0', '1'), ('0', '1'), ('0', '1'), ('0', '1'), ('0', '1'), ('0', '1'), ('0', '1'), ('0', '1'), ('0', '1'), ('0', '1'), ('0', '1'), ('0', '1'), ('0', '1'))
derivative-only	('g', 'F0', -5, 3)	p85	(('-47775000*V^2 - 229320000*U^3', '1'), ('0', '1'), ('0', '1'), ('0', '1'), ('0', '1'), ('0', '1'), ('0', '1'), ('0', '1'), ('0', '1'), ('0', '1'), ('0', '1'), ('0', '1'), ('0', '1'), ('0', '1'), ('0', '1'), ('0', '1'), ('0', '1'), ('0', '1'))
derivative-only	('g', 'F0', -5, 3)	p86	(('-95550000*V*U', '1'), ('0', '1'), ('0', '1'), ('0', '1'), ('0', '1'), ('0', '1'), ('0', '1'), ('0', '1'), ('0', '1'), ('0', '1'), ('0', '1'), ('0', '1'), ('0', '1'), ('0', '1'), ('0', '1'), ('0', '1'), ('0', '1'), ('0', '1'))
derivative-only	('g', 'F0', -5, 3)	p87	(('-7007000000*C^3*U - 7930650000*C^2*V^2 + 5255250000*C^2*U^3 + 15765750000*C*V^2*U^2 + 2627625000*V^4*U', '1'), ('0', '1'), ('0', '1'), ('0', '1'), ('0', '1'), ('0', '1'), ('0', '1'), ('0', '1'), ('0', '1'), ('0', '1'), ('0', '1'), ('0', '1'), ('0', '1'), ('0', '1'), ('0', '1'), ('0', '1'), ('0', '1'), ('0', '1'))
derivative-only	('g', 'F0', -5, 3)	p88	(('-21021000000*C^2*V*U - 5287100000*C*V^3 + 10510500000*C*V*U^3 + 5255250000*V^3*U^2', '1'), ('0', '1'), ('0', '1'), ('0', '1'), ('0', '1'), ('0', '1'), ('0', '1'), ('0', '1'), ('0', '1'), ('0', '1'), ('0', '1'), ('0', '1'), ('0', '1'), ('0', '1'), ('0', '1'), ('0', '1'), ('0', '1'), ('0', '1'))
derivative-only	('g', 'F0', -5, 3)	p89	(('-2013375000*C^3 - 2579850000*C^2*U^2 + 2627625000*C*U^4 + 429975000*V^4 + 5255250000*V^2*U^3', '1'), ('0', '1'), ('0', '1'), ('0', '1'), ('0', '1'), ('0', '1'), ('0', '1'), ('0', '1'), ('0', '1'), ('0', '1'), ('0', '1'), ('0', '1'), ('0', '1'), ('0', '1'), ('0', '1'), ('0', '1'), ('0', '1'), ('0', '1'))
derivative-only	('g', 'F0', -5, 3)	p90	(('-6756750000*C^2*V - 5159700000*C*V*U^2 + 2627625000*V*U^4', '1'), ('0', '1'), ('0', '1'), ('0', '1'), ('0', '1'), ('0', '1'), ('0', '1'), ('0', '1'), ('0', '1'), ('0', '1'), ('0', '1'), ('0', '1'), ('0', '1'), ('0', '1'), ('0', '1'), ('0', '1'), ('0', '1'), ('0', '1'))
derivative-only	('g', 'F0', -5, 3)	p91	(('-716625000*C*V^2 - 3439800000*C*U^3 - 2579850000*V^2*U^2 + 525525000*U^5', '1'), ('0', '1'), ('0', '1'), ('0', '1'), ('0', '1'), ('0', '1'), ('0', '1'), ('0', '1'), ('0', '1'), ('0', '1'), ('0', '1'), ('0', '1'), ('0', '1'), ('0', '1'), ('0', '1'), ('0', '1'), ('0', '1'), ('0', '1'))
derivative-only	('g', 'F0', -5, 3)	p92	(('-1433250000*C*V*U - 477750000*V^3 - 3439800000*V*U^3', '1'), ('0', '1'), ('0', '1'), ('0', '1'), ('0', '1'), ('0', '1'), ('0', '1'), ('0', '1'), ('0', '1'), ('0', '1'), ('0', '1'), ('0', '1'), ('0', '1'), ('0', '1'), ('0', '1'), ('0', '1'), ('0', '1'), ('0', '1'))
derivative-only	('g', 'F0', -5, 3)	p93	(('-86625000*C^2 - 1433250000*V^2*U - 1289925000*U^4', '1'), ('0', '1'), ('0', '1'), ('0', '1'), ('0', '1'), ('0', '1'), ('0', '1'), ('0', '1'), ('0', '1'), ('0', '1'), ('0', '1'), ('0', '1'), ('0', '1'), ('0', '1'), ('0', '1'), ('0', '1'), ('0', '1'), ('0', '1'))
derivative-only	('g', 'F0', -5, 3)	p94	(('-173250000*C*V - 716625000*V*U^2', '1'), ('0', '1'), ('0', '1'), ('0', '1'), ('0', '1'), ('0', '1'), ('0', '1'), ('0', '1'), ('0', '1'), ('0', '1'), ('0', '1'), ('0', '1'), ('0', '1'), ('0', '1'), ('0', '1'), ('0', '1'), ('0', '1'), ('0', '1'))
derivative-only	('g', 'F0', -5, 3)	p95	(('-173250000*C*U - 86625000*V^2 + 238875000*U^3', '1'), ('0', '1'), ('0', '1'), ('0', '1'), ('0', '1'), ('0', '1'), ('0', '1'), ('0', '1'), ('0', '1'), ('0', '1'), ('0', '1'), ('0', '1'), ('0', '1'), ('0', '1'), ('0', '1'), ('0', '1'), ('0', '1'), ('0', '1'))
derivative-only	('g', 'F0', -5, 3)	p96	(('-38538500000*C^3*U - 63540750000*C^2*V^2 - 27518400000*C^2*U^3 - 41277600000*C*V^2*U^2 + 8408400000*C*U^5 + 21021000000*V^2*U^4', '1'), ('0', '1'), ('0', '1'), ('0', '1'), ('0', '1'), ('0', '1'), ('0', '1'), ('0', '1'), ('0', '1'), ('0', '1'), ('0', '1'), ('0', '1'), ('0', '1'), ('0', '1'), ('0', '1'), ('0', '1'), ('0', '1'), ('0', '1'))
derivative-only	('g', 'F0', -5, 3)	p97	(('-127081500000*C^2*V*U - 46182500000*C*V^3 - 55036800000*C*V*U^3 - 13759200000*V^3*U^2 + 8408400000*V*U^5', '1'), ('0', '1'), ('0', '1'), ('0', '1'), ('0', '1'), ('0', '1'), ('0', '1'), ('0', '1'), ('0', '1'), ('0', '1'), ('0', '1'), ('0', '1'), ('0', '1'), ('0', '1'), ('0', '1'), ('0', '1'), ('0', '1'), ('0', '1'))
derivative-only	('g', 'F0', -5, 3)	p98	(('-9182250000*C^3 - 22932000000*C*V^2*U - 20638800000*C*U^4 - 2866500000*V^4 - 27518400000*V^2*U^3 + 1401400000*U^6', '1'), ('0', '1'), ('0', '1'), ('0', '1'), ('0', '1'), ('0', '1'), ('0', '1'), ('0', '1'), ('0', '1'), ('0', '1'), ('0', '1'), ('0', '1'), ('0', '1'), ('0', '1'), ('0', '1'), ('0', '1'), ('0', '1'), ('0', '1'))
derivative-only	('g', 'F0', -5, 3)	p99	(('-27546750000*C^2*V - 11466000000*C*V*U^2 - 11466000000*V^3*U - 20638800000*V*U^4', '1'), ('0', '1'), ('0', '1'), ('0', '1'), ('0', '1'), ('0', '1'), ('0', '1'), ('0', '1'), ('0', '1'), ('0', '1'), ('0', '1'), ('0', '1'), ('0', '1'), ('0', '1'), ('0', '1'), ('0', '1'), ('0', '1'), ('0', '1'))
derivative-only	('g', 'F0', -5, 3)	p100	(('-2772000000*C^2*U - 2772000000*C*V^2 + 3822000000*C*U^3 - 11466000000*V^2*U^2 - 5503680000*U^5', '1'), ('0', '1'), ('0', '1'), ('0', '1'), ('0', '1'), ('0', '1'), ('0', '1'), ('0', '1'), ('0', '1'), ('0', '1'), ('0', '1'), ('0', '1'), ('0', '1'), ('0', '1'), ('0', '1'), ('0', '1'), ('0', '1'), ('0', '1'))
derivative-only	('g', 'F0', -5, 3)	p101	(('-2772000000*C*V*U - 924000000*V^3', '1'), ('0', '1'), ('0', '1'), ('0', '1'), ('0', '1'), ('0', '1'), ('0', '1'), ('0', '1'), ('0', '1'), ('0', '1'), ('0', '1'), ('0', '1'), ('0', '1'), ('0', '1'), ('0', '1'), ('0', '1'), ('0', '1'), ('0', '1'))
derivative-only	('g', 'F0', -5, 3)	p102	(('-148500000*C^2 - 1386000000*C*U^2 + 2866500000*U^4', '1'), ('0', '1'), ('0', '1'), ('0', '1'), ('0', '1'), ('0', '1'), ('0', '1'), ('0', '1'), ('0', '1'), ('0', '1'), ('0', '1'), ('0', '1'), ('0', '1'), ('0', '1'), ('0', '1'), ('0', '1'), ('0', '1'), ('0', '1'))
derivative-only	('g', 'F0', -5, 3)	p103	(('-297000000*C*V + 1386000000*V*U^2', '1'), ('0', '1'), ('0', '1'), ('0', '1'), ('0', '1'), ('0', '1'), ('0', '1'), ('0', '1'), ('0', '1'), ('0', '1'), ('0', '1'), ('0', '1'), ('0', '1'), ('0', '1'), ('0', '1'), ('0', '1'), ('0', '1'), ('0', '1'))
derivative-only	('g', 'F0', -5, 3)	p104	(('-177716000000*C^3*U - 266574000000*C^2*V^2 + 32487000000*C^2*U^3 - 194922000000*C*V^2*U^2 - 93562560000*C*U^5 - 64974000000*V^4*U - 175429800000*V^2*U^4 + 3403400000*U^7', '1'), ('0', '1'), ('0', '1'), ('0', '1'), ('0', '1'), ('0', '1'), ('0', '1'), ('0', '1'), ('0', '1'), ('0', '1'), ('0', '1'), ('0', '1'), ('0', '1'), ('0', '1'), ('0', '1'), ('0', '1'), ('0', '1'), ('0', '1'))
derivative-only	('g', 'F0', -5, 3)	p105	(('-509586000000*C^2*V*U - 177716000000*C*V^3 - 97461000000*V^3*U^2 - 93562560000*V*U^5', '1'), ('0', '1'), ('0', '1'), ('0', '1'), ('0', '1'), ('0', '1'), ('0', '1'), ('0', '1'), ('0', '1'), ('0', '1'), ('0', '1'), ('0', '1'), ('0', '1'), ('0', '1'), ('0', '1'), ('0', '1'), ('0', '1'), ('0', '1'))
derivative-only	('g', 'F0', -5, 3)	p106	(('-26457750000*C^3 - 23562000000*C^2*U^2 - 23562000000*C*V^2*U + 48730500000*C*U^4 - 5890500000*V^4 - 32487000000*V^2*U^3 - 19492200000*U^6', '1'), ('0', '1'), ('0', '1'), ('0', '1'), ('0', '1'), ('0', '1'), ('0', '1'), ('0', '1'), ('0', '1'), ('0', '1'), ('0', '1'), ('0', '1'), ('0', '1'), ('0', '1'), ('0', '1'), ('0', '1'), ('0', '1'), ('0', '1'))
derivative-only	('g', 'F0', -5, 3)	p107	(('-79373250000*C^2*V + 32487000000*V*U^4', '1'), ('0', '1'), ('0', '1'), ('0', '1'), ('0', '1'), ('0', '1'), ('0', '1'), ('0', '1'), ('0', '1'), ('0', '1'), ('0', '1'), ('0', '1'), ('0', '1'), ('0', '1'), ('0', '1'), ('0', '1'), ('0', '1'), ('0', '1'))
derivative-only	('g', 'F0', -5, 3)	p108	(('-2524500000*C*V^2 - 7854000000*C*U^3 + 23562000000*V^2*U^2 + 19492200000*U^5', '1'), ('0', '1'), ('0', '1'), ('0', '1'), ('0', '1'), ('0', '1'), ('0', '1'), ('0', '1'), ('0', '1'), ('0', '1'), ('0', '1'), ('0', '1'), ('0', '1'), ('0', '1'), ('0', '1'), ('0', '1'), ('0', '1'), ('0', '1'))
derivative-only	('g', 'F0', -5, 3)	p109	(('841500000*V^3 + 15708000000*V*U^3', '1'), ('0', '1'), ('0', '1'), ('0', '1'), ('0', '1'), ('0', '1'), ('0', '1'), ('0', '1'), ('0', '1'), ('0', '1'), ('0', '1'), ('0', '1'), ('0', '1'), ('0', '1'), ('0', '1'), ('0', '1'), ('0', '1'), ('0', '1'))
derivative-only	('g', 'F0', -5, 3)	p110	(('-243100000*C^2 + 2524500000*C*U^2 + 2524500000*V^2*U - 1963500000*U^4', '1'), ('0', '1'), ('0', '1'), ('0', '1'), ('0', '1'), ('0', '1'), ('0', '1'), ('0', '1'), ('0', '1'), ('0', '1'), ('0', '1'), ('0', '1'), ('0', '1'), ('0', '1'), ('0', '1'), ('0', '1'), ('0', '1'), ('0', '1'))
derivative-only	('g', 'F0', -5, 3)	p111	(('-501000500000*C^3*U - 796941750000*C^2*V^2 - 141372000000*C^2*U^3 + 212058000000*C*V^2*U^2 + 350859600000*C*U^5 + 146191500000*V^2*U^4 - 60147360000*U^7', '1'), ('0', '1'), ('0', '1'), ('0', '1'), ('0', '1'), ('0', '1'), ('0', '1'), ('0', '1'), ('0', '1'), ('0', '1'), ('0', '1'), ('0', '1'), ('0', '1'), ('0', '1'), ('0', '1'), ('0', '1'), ('0', '1'), ('0', '1'))
derivative-only	('g', 'F0', -5, 3)	p112	(('-1503001500000*C^2*V*U - 501000500000*C*V^3 + 141372000000*C*V*U^3 + 212058000000*V^3*U^2 + 292383000000*V*U^5', '1'), ('0', '1'), ('0', '1'), ('0', '1'), ('0', '1'), ('0', '1'), ('0', '1'), ('0', '1'), ('0', '1'), ('0', '1'), ('0', '1'), ('0', '1'), ('0', '1'), ('0', '1'), ('0', '1'), ('0', '1'), ('0', '1'), ('0', '1'))
derivative-only	('g', 'F0', -5, 3)	p113	(('-67331550000*C^3 + 45441000000*C^2*U^2 + 45441000000*C*V^2*U - 70686000000*C*U^4 + 11360250000*V^4 + 282744000000*V^2*U^3 + 97461000000*U^6', '1'), ('0', '1'), ('0', '1'), ('0', '1'), ('0', '1'), ('0', '1'), ('0', '1'), ('0', '1'), ('0', '1'), ('0', '1'), ('0', '1'), ('0', '1'), ('0', '1'), ('0', '1'), ('0', '1'), ('0', '1'), ('0', '1'), ('0', '1'))
derivative-only	('g', 'F0', -5, 3)	p114	(('-193243050000*C^2*V + 45441000000*C*V*U^2 + 45441000000*V^3*U + 70686000000*V*U^4', '1'), ('0', '1'), ('0', '1'), ('0', '1'), ('0', '1'), ('0', '1'), ('0', '1'), ('0', '1'), ('0', '1'), ('0', '1'), ('0', '1'), ('0', '1'), ('0', '1'), ('0', '1'), ('0', '1'), ('0', '1'), ('0', '1'), ('0', '1'))
derivative-only	('g', 'F0', -5, 3)	p115	(('4375800000*C*V^2 + 30294000000*C*U^3 + 22720500000*V^2*U^2 - 28274400000*U^5', '1'), ('0', '1'), ('0', '1'), ('0', '1'), ('0', '1'), ('0', '1'), ('0', '1'), ('0', '1'), ('0', '1'), ('0', '1'), ('0', '1'), ('0', '1'), ('0', '1'), ('0', '1'), ('0', '1'), ('0', '1'), ('0', '1'), ('0', '1'))
derivative-only	('g', 'F0', -5, 3)	p116	(('8751600000*C*V*U + 1458600000*V^3 - 15147000000*V*U^3', '1'), ('0', '1'), ('0', '1'), ('0', '1'), ('0', '1'), ('0', '1'), ('0', '1'), ('0', '1'), ('0', '1'), ('0', '1'), ('0', '1'), ('0', '1'), ('0', '1'), ('0', '1'), ('0', '1'), ('0', '1'), ('0', '1'), ('0', '1'))
derivative-only	('g', 'F0', -5, 3)	p117	(('-1402801400000*C^3*U - 2021061900000*C^2*V^2 + 575586000000*C^2*U^3 + 863379000000*C*V^2*U^2 - 671517000000*C*U^5 + 431689500000*V^4*U + 1678792500000*V^2*U^4 + 396805500000*U^7', '1'), ('0', '1'), ('0', '1'), ('0', '1'), ('0', '1'), ('0', '1'), ('0', '1'), ('0', '1'), ('0', '1'), ('0', '1'), ('0', '1'), ('0', '1'), ('0', '1'), ('0', '1'), ('0', '1'), ('0', '1'), ('0', '1'), ('0', '1'))
derivative-only	('g', 'F0', -5, 3)	p118	(('-4042123800000*C^2*V*U - 1319661200000*C*V^3 + 287793000000*C*V*U^3 + 431689500000*V^3*U^2', '1'), ('0', '1'), ('0', '1'), ('0', '1'), ('0', '1'), ('0', '1'), ('0', '1'), ('0', '1'), ('0', '1'), ('0', '1'), ('0', '1'), ('0', '1'), ('0', '1'), ('0', '1'), ('0', '1'), ('0', '1'), ('0', '1'), ('0', '1'))
derivative-only	('g', 'F0', -5, 3)	p119	(('-147875227500*C^3 + 166280400000*C*V^2*U + 215844750000*C*U^4 + 20785050000*V^4 - 143896500000*V^2*U^3 - 223839000000*U^6', '1'), ('0', '1'), ('0', '1'), ('0', '1'), ('0', '1'), ('0', '1'), ('0', '1'), ('0', '1'), ('0', '1'), ('0', '1'), ('0', '1'), ('0', '1'), ('0', '1'), ('0', '1'), ('0', '1'), ('0', '1'), ('0', '1'), ('0', '1'))
derivative-only	('g', 'F0', -5, 3)	p120	(('-443625682500*C^2*V + 83140200000*C*V*U^2 - 215844750000*V*U^4', '1'), ('0', '1'), ('0', '1'), ('0', '1'), ('0', '1'), ('0', '1'), ('0', '1'), ('0', '1'), ('0', '1'), ('0', '1'), ('0', '1'), ('0', '1'), ('0', '1'), ('0', '1'), ('0', '1'), ('0', '1'), ('0', '1'), ('0', '1'))
derivative-only	('g', 'F0', -5, 3)	p121	(('7274767500*C^2*U + 7274767500*C*V^2 - 27713400000*C*U^3 - 41570100000*V^2*U^2 + 14389650000*U^5', '1'), ('0', '1'), ('0', '1'), ('0', '1'), ('0', '1'), ('0', '1'), ('0', '1'), ('0', '1'), ('0', '1'), ('0', '1'), ('0', '1'), ('0', '1'), ('0', '1'), ('0', '1'), ('0', '1'), ('0', '1'), ('0', '1'), ('0', '1'))
derivative-only	('g', 'F0', -5, 3)	p122	(('-3361508150000*C^3*U - 5042262225000*C^2*V^2 - 554268000000*C^2*U^3 + 831402000000*C*V^2*U^2 + 1438965000000*C*U^5 - 3597412500000*V^2*U^4 - 1279080000000*U^7', '1'), ('0', '1'), ('0', '1'), ('0', '1'), ('0', '1'), ('0', '1'), ('0', '1'), ('0', '1'), ('0', '1'), ('0', '1'), ('0', '1'), ('0', '1'), ('0', '1'), ('0', '1'), ('0', '1'), ('0', '1'), ('0', '1'), ('0', '1'))
derivative-only	('g', 'F0', -5, 3)	p123	(('-10375515150000*C^2*V*U - 3410006600000*C*V^3 - 831402000000*V^3*U^2 - 1438965000000*V*U^5', '1'), ('0', '1'), ('0', '1'), ('0', '1'), ('0', '1'), ('0', '1'), ('0', '1'), ('0', '1'), ('0', '1'), ('0', '1'), ('0', '1'), ('0', '1'), ('0', '1'), ('0', '1'), ('0', '1'), ('0', '1'), ('0', '1'), ('0', '1'))
derivative-only	('g', 'F0', -5, 3)	p124	(('-318181500000*C^3 + 72747675000*C^2*U^2 - 415701000000*C*U^4 - 12124612500*V^4 - 554268000000*V^2*U^3 + 239827500000*U^6', '1'), ('0', '1'), ('0', '1'), ('0', '1'), ('0', '1'), ('0', '1'), ('0', '1'), ('0', '1'), ('0', '1'), ('0', '1'), ('0', '1'), ('0', '1'), ('0', '1'), ('0', '1'), ('0', '1'), ('0', '1'), ('0', '1'), ('0', '1'))
derivative-only	('g', 'F0', -5, 3)	p125	(('-954544500000*C^2*V - 145495350000*C*V*U^2 - 48498450000*V^3*U + 138567000000*V*U^4', '1'), ('0', '1'), ('0', '1'), ('0', '1'), ('0', '1'), ('0', '1'), ('0', '1'), ('0', '1'), ('0', '1'), ('0', '1'), ('0', '1'), ('0', '1'), ('0', '1'), ('0', '1'), ('0', '1'), ('0', '1'), ('0', '1'), ('0', '1'))
derivative-only	('g', 'F0', -5, 3)	p126	(('-8016008000000*C^3*U - 11901469125000*C^2*V^2 + 509233725000*C^2*U^3 - 3055402350000*C*V^2*U^2 - 3491888400000*C*U^5 - 1018467450000*V^4*U - 1454953500000*V^2*U^4 + 2158447500000*U^7', '1'), ('0', '1'), ('0', '1'), ('0', '1'), ('0', '1'), ('0', '1'), ('0', '1'), ('0', '1'), ('0', '1'), ('0', '1'), ('0', '1'), ('0', '1'), ('0', '1'), ('0', '1'), ('0', '1'), ('0', '1'), ('0', '1'), ('0', '1'))
derivative-only	('g', 'F0', -5, 3)	p127	(('-24048024000000*C^2*V*U - 8097703250000*C*V^3 - 2036934900000*C*V*U^3 - 509233725000*V^3*U^2 + 2327925600000*V*U^5', '1'), ('0', '1'), ('0', '1'), ('0', '1'), ('0', '1'), ('0', '1'), ('0', '1'), ('0', '1'), ('0', '1'), ('0', '1'), ('0', '1'), ('0', '1'), ('0', '1'), ('0', '1'), ('0', '1'), ('0', '1'), ('0', '1'), ('0', '1'))
derivative-only	('g', 'F0', -5, 3)	p128	(('-638092000000*C^3 - 122542875000*C^2*U^2 - 245085750000*C*V^2*U + 254616862500*C*U^4 - 20423812500*V^4 + 509233725000*V^2*U^3 - 96996900000*U^6', '1'), ('0', '1'), ('0', '1'), ('0', '1'), ('0', '1'), ('0', '1'), ('0', '1'), ('0', '1'), ('0', '1'), ('0', '1'), ('0', '1'), ('0', '1'), ('0', '1'), ('0', '1'), ('0', '1'), ('0', '1'), ('0', '1'), ('0', '1'))
derivative-only	('g', 'F0', -5, 3)	p129	(('-17034017000000*C^3*U + 16762746000000*C^2*V^2 - 1797295500000*C^2*U^3 - 2695943250000*C*V^2*U^2 + 4481256780000*C*U^5 + 8402356462500*V^2*U^4 - 1829084400000*U^7', '1'), ('0', '1'), ('0', '1'), ('0', '1'), ('0', '1'), ('0', '1'), ('0', '1'), ('0', '1'), ('0', '1'), ('0', '1'), ('0', '1'), ('0', '1'), ('0', '1'), ('0', '1'), ('0', '1'), ('0', '1'), ('0', '1'), ('0', '1'))
derivative-only	('g', 'F0', -5, 3)	p130	(('-8987979000000*C^2*V*U - 17167150000000*C*V^3 + 1797295500000*C*V*U^3 + 898647750000*V^3*U^2 - 1120314195000*V*U^5', '1'), ('0', '1'), ('0', '1'), ('0', '1'), ('0', '1'), ('0', '1'), ('0', '1'), ('0', '1'), ('0', '1'), ('0', '1'), ('0', '1'), ('0', '1'), ('0', '1'), ('0', '1'), ('0', '1'), ('0', '1'), ('0', '1'), ('0', '1'))
derivative-only	('g', 'F0', -5, 3)	p131	(('-6294326500000*C^3*U + 32535195000000*C^2*V^2 + 1531029500000*C^2*U^3 + 4593088500000*C*V^2*U^2 - 2066889825000*C*U^5 + 765514750000*V^4*U - 5167224562500*V^2*U^4 + 613505392500*U^7', '1'), ('0', '1'), ('0', '1'), ('0', '1'), ('0', '1'), ('0', '1'), ('0', '1'), ('0', '1'), ('0', '1'), ('0', '1'), ('0', '1'), ('0', '1'), ('0', '1'), ('0', '1'), ('0', '1'), ('0', '1'), ('0', '1'), ('0', '1'))
derivative-only	('g', 'F0', -5, 8)	constant	(('307246113281250*V', '1'), ('369208125000000*V', '1'), ('117941484375000*V', '1'), ('0', '1'), ('0', '1'), ('0', '1'), ('0', '1'), ('0', '1'), ('0', '1'), ('0', '1'), ('0', '1'), ('0', '1'), ('0', '1'), ('0', '1'), ('0', '1'), ('0', '1'), ('0', '1'), ('0', '1'))
derivative-only	('g', 'F0', -5, 8)	p79	(('-17578125', '1'), ('0', '1'), ('0', '1'), ('0', '1'), ('0', '1'), ('0', '1'), ('0', '1'), ('0', '1'), ('0', '1'), ('0', '1'), ('0', '1'), ('0', '1'), ('0', '1'), ('0', '1'), ('0', '1'), ('0', '1'), ('0', '1'), ('0', '1'))
derivative-only	('g', 'F0', -5, 8)	p89	(('-175781250', '1'), ('0', '1'), ('0', '1'), ('0', '1'), ('0', '1'), ('0', '1'), ('0', '1'), ('0', '1'), ('0', '1'), ('0', '1'), ('0', '1'), ('0', '1'), ('0', '1'), ('0', '1'), ('0', '1'), ('0', '1'), ('0', '1'), ('0', '1'))
derivative-only	('g', 'F0', -5, 8)	p98	(('-966796875', '1'), ('0', '1'), ('0', '1'), ('0', '1'), ('0', '1'), ('0', '1'), ('0', '1'), ('0', '1'), ('0', '1'), ('0', '1'), ('0', '1'), ('0', '1'), ('0', '1'), ('0', '1'), ('0', '1'), ('0', '1'), ('0', '1'), ('0', '1'))
derivative-only	('g', 'F0', -5, 8)	p106	(('-3867187500', '1'), ('0', '1'), ('0', '1'), ('0', '1'), ('0', '1'), ('0', '1'), ('0', '1'), ('0', '1'), ('0', '1'), ('0', '1'), ('0', '1'), ('0', '1'), ('0', '1'), ('0', '1'), ('0', '1'), ('0', '1'), ('0', '1'), ('0', '1'))
derivative-only	('g', 'F0', -5, 8)	p113	(('-12568359375', '1'), ('0', '1'), ('0', '1'), ('0', '1'), ('0', '1'), ('0', '1'), ('0', '1'), ('0', '1'), ('0', '1'), ('0', '1'), ('0', '1'), ('0', '1'), ('0', '1'), ('0', '1'), ('0', '1'), ('0', '1'), ('0', '1'), ('0', '1'))
derivative-only	('g', 'F0', -5, 8)	p119	(('-35191406250', '1'), ('0', '1'), ('0', '1'), ('0', '1'), ('0', '1'), ('0', '1'), ('0', '1'), ('0', '1'), ('0', '1'), ('0', '1'), ('0', '1'), ('0', '1'), ('0', '1'), ('0', '1'), ('0', '1'), ('0', '1'), ('0', '1'), ('0', '1'))
derivative-only	('g', 'F0', -5, 8)	p124	(('-87978515625', '1'), ('0', '1'), ('0', '1'), ('0', '1'), ('0', '1'), ('0', '1'), ('0', '1'), ('0', '1'), ('0', '1'), ('0', '1'), ('0', '1'), ('0', '1'), ('0', '1'), ('0', '1'), ('0', '1'), ('0', '1'), ('0', '1'), ('0', '1'))
derivative-only	('g', 'F0', -5, 8)	p128	(('-201093750000', '1'), ('0', '1'), ('0', '1'), ('0', '1'), ('0', '1'), ('0', '1'), ('0', '1'), ('0', '1'), ('0', '1'), ('0', '1'), ('0', '1'), ('0', '1'), ('0', '1'), ('0', '1'), ('0', '1'), ('0', '1'), ('0', '1'), ('0', '1'))
derivative-only	('g', 'F0', -5, 8)	p131	(('9828457031250*U', '1'), ('0', '1'), ('0', '1'), ('0', '1'), ('0', '1'), ('0', '1'), ('0', '1'), ('0', '1'), ('0', '1'), ('0', '1'), ('0', '1'), ('0', '1'), ('0', '1'), ('0', '1'), ('0', '1'), ('0', '1'), ('0', '1'), ('0', '1'))
