X_power	W_power	literal_terms	semantic_degree	sha256
0	0	12	4	3a3a365752e220e46b56ef9af7c58a020d19ee3947816ae0e550c9616e3837d6
0	1	30	4	06f3b532160ca57e295ab68b321bdfcc235af76d51f94eb75a464231e1859a66
1	0	18	4	d74afef7e10bedb4a9558e44558943732cf8ac83a794de7da03e70abb94d50e1
0	2	51	4	bc9e350e22cd2c393b1ed0e4fba0e72ac5265a0ed6ca8aeb56ddf4fd8768d8a0
1	1	24	4	c9540460f573ddefb37669b6443db33a845eafe4c69d294594548945f77adb6b
2	0	6	3	157d8e9376a94b2774b96485f43cc8054d6ce1d8e7f9fcff2d8cfc3cf833d806
0	3	78	4	b41d3528625a995b60bc0b81c0f240feeb883537364349c0508495359ef08cb9
1	2	54	4	72513d5d44d4a9e546c77727f36019e06108eb28423501efc5411992bdc6e08c
2	1	12	4	3a3a365752e220e46b56ef9af7c58a020d19ee3947816ae0e550c9616e3837d6
0	4	108	4	d9e76aa433e6710c687ca8f65bc022ea10db98220c40d029a758b7de6e99db40
1	3	78	4	b41d3528625a995b60bc0b81c0f240feeb883537364349c0508495359ef08cb9
2	2	24	4	c9540460f573ddefb37669b6443db33a845eafe4c69d294594548945f77adb6b
0	5	144	4	962c9808666e72c78d71f4626fac7af3af240c42f00aa0d61ec39d89070893b2
1	4	138	4	ab6a9f11bcae1339796e7d4ac8c8ae2c597d4c5ac5c84b8abcd2e0ad7bcdfac5
2	3	60	4	2082bce0c9902d109bc2e6462e6a67e0fb41b759e746f80e313cdd5b11d618d0
3	2	6	2	aaf50d890710c4dc094f5e3be6901b29170cd13f8715d5df2e619a6538f02738
0	6	183	4	03cd0019e51cd2afc41a2494822f8dc5e6dc43c4ba012f0a08a43e15aecc1f17
1	5	177	4	c4108fe5c4d57d19505fdbb99958223586316edef5e8d71ab655e19cb1f91feb
2	4	99	4	9af5009f6e839b76c54139df1c418b881bf6ada4630cf1b49e604caaf107fd75
3	3	12	3	351935bbcd2812eceda97494d51064abac73d936a9bc73e762ff9cb27164a670
0	7	228	4	cdc88484374ec1040fd7570a944511d488c2cf27544ba8dfcf010e409702c26e
1	6	258	4	91ec368d103f658469363c1b97fb63625cfc86178be1bdb309225530d3010988
2	5	120	4	b42b0166014ac3d460f412c070ff41c4aae62d3b7709f1044aa6863886422365
3	4	30	4	06f3b532160ca57e295ab68b321bdfcc235af76d51f94eb75a464231e1859a66
0	8	276	4	108b78526bbf51f0df20290efbf647a756b41e0ee54d5ba590c1244b8a450d56
1	7	312	4	440a59bd5ac8041bf1f56201c53f120a8ca5a91f74ae5f340eae5586b3916284
2	6	226	4	dbb729c06ff0917bbc931854f34d6972c1a4004d3f875c0a181e6b7213e32538
3	5	55	4	2c87a947f8478e85fb3882f4f966fffa21610fbdf1d51fba2470598fd727ae51
0	9	330	4	a607f588851a4758158b3f9f32ac0beaa54b35d2b67fd220a0a8bbfbefc0cdad
1	8	414	4	f07f857fb939e715e6cf13c2e59bf672d183f48a6e4e32761fb7538dcff40857
2	7	318	4	45898d0cc918e54b0fd25f2a94dbcffbc07b04c06aa6babc3019b18204da2ff5
3	6	124	4	d91627855d081ef5c526ab7c7e11be16d09c244b49130194b6bef6a894e605f5
4	5	8	2	01cbdeb676f5a3d7c00d7403e6bcc2f47a8aa5e27c9159b2a3c422e06b846e75
0	10	387	4	b3e6e25a1bf94d0bf17c2f55a14e465979a9d05c96906772c0b4a3a47bbb18ab
1	9	483	4	a5f857fbd659b68ed2acdd1e5897cc7382ff1b11daf2a382d6253f73ed11ea84
2	8	379	4	788e9b335c61f0c279ff7532ba5ee35e7d049ec676d4511d4cf040c8a534f1a0
3	7	148	4	6093794aae88fa1554c94a8afbb98e9e3156406b19298cc12107ebf4feedfcf4
4	6	27	3	47bbb0b99ea33ab8c9f7214ecbeff7791aef4e4c1466e23e6c51c98cfe00f9f3
0	11	450	4	71bc983f55ba3c0bafa4c8cedc7ff168d0e4c13b41c12d4497c3ebc6ad8de574
1	10	606	4	e5e92086abcfc66ce4a6fab7260e44afb578fc6a6c7db58ada00642290bb0fe1
2	9	543	4	8140e896b9b284ace4cf565912a38a47fccb7cf5d9711ef8ab1b14ec7cdc1aaa
3	8	295	4	c9022b63de1fce9ea918a5a84d7c62049cf76cc558aa6735fd37bca52aacb45c
4	7	59	4	3d9856c7d6e1f35be519bcbf61e2155d60997d60974cff6f2280bc467e08abbf
0	12	516	4	9a35eb004943e09e1232586a8832f547969acc31a29eedc7db77203f43a58814
1	11	690	4	449e3645c55007b885e5d7e125224214afecd579d1586fd67cfbc991152962c8
2	10	676	4	8746f57fbcb53c2f18af0f2e9c6a7f20989f3c42399ba6d0c569bcf546a360be
3	9	407	4	2714d59d1d70db3adc5ea30b3bf2ccf5fe33250250fd589906e8b107cf7d8c64
4	8	112	4	be5943330a787c016c51d78cc914c7467426ba4e5cfc0c8248efd37af13c9656
0	13	588	4	553ced193f93cefb9c9a0542175d186ec4d51d51262f5f9b525b92c9311eccc0
1	12	834	4	777d05bdfd0670b1cbd69f2fae15fa908a3ebfbe17694990b93fad185f97307b
2	11	774	4	49bea48565f19500532946cd24ada190d0edfb5a05b571e4376ef3c5adf7782a
3	10	582	4	365b2fab7f2bb814b34d6b094bc22cb4a6040be451e382346f0b5f664673c6b3
4	9	167	4	be640b84a06966f3d8336d3569d694f6d78e66e8c9b797ef9c02192eb37ff522
5	8	8	2	01cbdeb676f5a3d7c00d7403e6bcc2f47a8aa5e27c9159b2a3c422e06b846e75
0	14	663	4	8438e3f0c6e7c7f05898c94e113a8772b00714022b9a0bb58178bef334e777b8
1	13	933	4	970e1ff1f5b0140be71fdf2c87890e9e639e38f60986f0e6f2709770de5ae4cc
2	12	991	4	e78997cb62e9cbc5125c3c1e4d5fd83c05f2a8df3ede8d938d7753098a61c482
3	11	670	4	87ca180cdeef2e9dff0d8ba2212641c69053080936b6a6c221bed45e747a40a2
4	10	343	4	13914d17955c82b475724ca360d0872ea887909badd4514652c4b5568460834a
5	9	39	3	a418743b7f308eae94a7818b7acc05ec6a32d1f87a034837a05d7f6b466e673d
0	15	744	4	d113f3e805c113ccb68746c043ff46394a63852785e040ebf92436229e9bf640
1	14	1098	4	61a05a161f71de2ba1438fbc2213519be124ab9fe0967923bb52ab6cdb3f8fca
2	13	1173	4	3e0a61daa665165f5f0e1dc727fe30644e1050fbbfe9841cd97b68f536ff0e26
3	12	950	4	3308855311cebe6a1d5fc50521add6262f2440c6eaa6805e10246b413024534e
4	11	497	4	118b757b676d91a5386b3b8337c8ef44e8304e3c1fe6d6ea9d8c589953c4cb0b
5	10	94	4	61094ff2b36188877d5d955b5f3a578c926156f102b76b7497df55be0234b344
0	16	828	4	0d2cb190d8267ab0cfcf4d843a5e8d82444deb7df2496202b46c4098fddb84c2
1	15	1212	4	c1f9f1d46c9c6efd30a15ef392594f89cae4e9c1136c8d8cf25c101a308d4ed7
2	14	1300	4	a10e502eae5634fb2bdd871e1ba15b77190910b70911379a4ca40e350054562e
3	13	1134	4	2f96f38cc531b470b70859d71c91263c2007a3839df83893e4ea40f39aa8eb93
4	12	696	4	5226954013031191adcc0db3eba0e3a47681cf7ebb457c72cd9218dacbdeff0d
5	11	137	4	31b0ebabaf46ab39000be6347b2e3742b062d04ae051d240b675718a69b94066
0	17	918	4	50e3caf9ea6061b78edf8619f800a1f5f0aebe68bb4f651eea8c2fe87ced8a80
1	16	1398	4	6696036272a41217eac3b3e7fbce5d778970c9958a2f171282961bac2c9132fe
2	15	1578	4	0eafdf98afa19662a333a2c766fed72c6bfbd6cc370344be6cbb3d122e5a34d4
3	14	1408	4	3fc2bdda6b5cbbb17d97ee36cee5e07b4c4b6dfc6eb2ba10390d412c4109c4b8
4	13	926	4	459e9cd6fcb0edb2c5df563089acf8b9f35c1fcbd73b9bf9cccbd0ada40bf68b
5	12	339	4	2034c856fd240cfffb841d076101436dd589c84c901684a787e1cb32462c2eff
6	11	8	2	01cbdeb676f5a3d7c00d7403e6bcc2f47a8aa5e27c9159b2a3c422e06b846e75
0	18	1011	4	06d160c3b92698a73a083a83c171a703b7cb38c00e3c4b1aac9871ee9e9fba6e
1	17	1527	4	f6f7724619eff2c6ea5ee1e5b4df1b3fc85d698d6e2d6b244a0447b94ae12244
2	16	1801	4	61bfa7aff81defcbd1f94448d5173c303b73fa7e9c6996c47e289e4b1fe4180b
3	15	1558	4	c2f45ad5d10b98225a651ddd0ade1e3998ff7a5f5b135ba32e4adb83aea2bd9e
4	14	1048	4	f97ae6978e9a801054195dbbfbdda30bbc7bc5bde8d04829f7afaf528601f9a6
5	13	496	4	090896a4e8413cb301ba547c4f80cdc7f3db24f6f2d60149044a8d1601e105ac
6	12	51	3	72740af899b006dca8f6b21ddbbff4d9da8b69e0b0ad9fe6ebef1569d0c84503
0	19	1110	4	384583fea5b37c02dbf126313cc78344c8cea98e69fd59de89886342d616cfac
1	18	1734	4	f3e9606654b0576f0b074b53e32c273d9785bf4a615bf176835c6406648cfdff
2	17	1965	4	5a254c3817e35418f3d4e5fe569eeb6fdc1ea777ad2361eb0de50d5bd72014d5
3	16	1956	4	9bbdfe525f985db35d566f64b7107084890d5e3cdb76f0ba69bbebb285572055
4	15	1472	4	45193533edfa19533fe2437c79b18752783f6d1912e01ad448a502e1ce4585fc
5	14	692	4	2fafd82200827295a52f4042e494e2fceef7a1321251efde4d47b44e6d2a62b8
6	13	109	4	90b798e4ac133e5e8a8a1ab9a2af4dbbf86143839f20ee8303cdfbea4d5993cd
0	20	1212	4	c1f9f1d46c9c6efd30a15ef392594f89cae4e9c1136c8d8cf25c101a308d4ed7
1	19	1878	4	b9b804b8d1f3e4a8bcc6b28c4a196c2483bf4b97d08f07fc8efe809da8b91d0e
2	18	2296	4	8b8ba090b1d653e855bb514fa794dc7b4b375170d2d5319195bf28f3da89b001
3	17	2221	4	68119c7583af6a98b5f8efd4b59d34d42759837a44749005bef7ef049751d72d
4	16	1788	4	17ada1358e6e356342c62f0b16e5754ab15b1ba23b7b584039a925fc3c982827
5	15	996	4	a50ec1f4b0eda819ee772e4277f424e8198b3498d400a088bf2996e339cd0f8b
6	14	255	4	d278cd7571a513355099dd940e26077f0a5601edc4ea7b76df028b968341bb6d
0	21	1320	4	6c229548e4bf5537d932821c830a0829e99fc0157d228fd6057d2a5a789d278e
1	20	2106	4	b7686cf5f8c737beb42b3d7f01cd1d44bbec70d18eebcbc81321d17e3365aed3
2	19	2568	4	bb6cdb10002070e8917db7310df7178a303cf4da06976f239eb27941c83831c8
3	18	2594	4	6c2e5dfc3d48cab2b2ae34ee9b5619f0d9f5e8534ca5739a04de2e1ddfe8c274
4	17	2144	4	6856f5f74fe8f7f3b79a28411b74685c5ec49ed1de97ee66c983ca7cd3b5e26c
5	16	1367	4	7f8b82ba5f497a9b35c363cd3597a2ab941ee58bb6c1293f18069bfb3f73af30
6	15	484	4	3853ec0c7cb46f32c4679d7f33aa7777a7655888cfc78c76d8125530aa861184
7	14	8	2	01cbdeb676f5a3d7c00d7403e6bcc2f47a8aa5e27c9159b2a3c422e06b846e75
0	22	1431	4	58118301cd6735fb3fe90cb79df95e96ce631bccda3b6cd7483e020d72df3958
1	21	2265	4	01abfec2672ffcd1d29d91ad8f974e708471cc83aad8d924db34c631d7666089
2	20	2761	4	744d1860d846b524261614a7c54b4353c844610f4de7e0eb4e3a53ff9951a18b
3	19	2804	4	c535aff3f3adfea3976d5f00e5ec0e1d576e6d7655898b66d6b7b16531726286
4	18	2523	4	547faf77d439068be0f3ce3e66545cd7f9daa22e7515dd654df2952562330d3c
5	17	1538	4	78ac86dcf08c4d346d73cad6b87b4d81436669e4a4096f046f7f2d2a606ebeeb
6	16	752	4	efe7d61a1a54f731278d5d38cc7c1582a45de7be4553cb0bb540b2319868dbbf
7	15	56	3	b287d63b4b58b23f1adfdc6dfda62e301d1c80ae4324deca3adc387339a8eaf0
0	23	1548	4	40bd0b4d467e4a940dc9456990c5f253ef13a1557c26a41ec6332c76a3c5d54b
1	22	2514	4	01bda0f1ddbd7144d47fda8080cbf263db78a608ce84be7e684e571a9f21ad4a
2	21	3153	4	e1c2ec44e674349d0cae020d203ccfae4fd63d8000581f2ec557f67189aa6f75
3	20	3322	4	db486242752ab6db63e0d0d9aaa693c511e1adfa5b591c590c4bdec377ee0d96
4	19	2753	4	8cac74dd56dac2591c2c84995dd547d0425dcbefa4af275eb4394cd93e33c8fa
5	18	2141	4	65ba448137c0230695a8d081bbe3671388cd954b07deebd595340350310e4e0e
6	17	1076	4	2ceffce18251b09fdedc0b2d81927bbb15c4c8ed3b9571a44ec6ba04348906b2
7	16	183	4	03cd0019e51cd2afc41a2494822f8dc5e6dc43c4ba012f0a08a43e15aecc1f17
0	24	1668	4	9153a28de2f34ad7fb3c4db1a0ed128cddfe3f766e069a394255662270d077df
1	23	2688	4	e661e900e10fe50db0634e2aab1039c095b839e1b4804be0d0d3247e2d5350eb
2	22	3466	4	ecaf9a6eb987d0b11ccfe8cd22bbeb04e502fa5cfe52ed5cb1ba9384a4fbb814
3	21	3668	4	01b3c41b18f8b2ae486beec7443337f14c77e2ea6c8d7e0bc3f1252ede0cf83d
4	20	3384	4	6bcc75094010d7e34ce5483e0273c4012e56c2d1dfdb4dc97a3ea0d4985aceab
5	19	2544	4	66283164e9b9f15f1dfdf67cb8301655d04d4e4dd5e5353d14f6d93494887134
6	18	1462	4	caf4ea8dfea1e31e266f06a0fdaab64296c94d562a7f2b59a7c93b82edd752b7
7	17	336	4	959fd1d549219c7eb0c417c625b607d4ae2fe6f3fe6f70c20c1e14e4937ba55f
0	25	1794	4	92da5ea9070b0b32388703e0a0cf31dc0fdb7c3d42479983aed2988567eb5acd
1	24	2958	4	a10302e4509465922d0e589a838bf0ffc4d6045befa218574e62ef376f41bee5
2	23	3696	4	8113f54a785342b0724e7b064df72cbe1eb3984532be9c8c30372f9c1ffe2449
3	22	4140	4	38a99afa65bbddaa1f8b8cfd981d91e83cf5e003fd8df171a867eb61541ff2ee
4	21	3866	4	c57d75edf03354fa7356b9d420dd3e08e36365d6fdc12c483d03a23d6413b3ca
5	20	2988	4	8db8c4f4d67801f964c6cbb00000c3acea658b6e4ba6dd7641136e0f06f9ae98
6	19	1937	4	6f4a234f6848d6568ffdc5bae5aceb15bc18cbb97f80dcbba4ccded110b8ea49
7	18	658	4	4867082fc9cd6e823992453aac367d8b88023a814f64ed8b1d948724a827cc6c
8	17	8	2	01cbdeb676f5a3d7c00d7403e6bcc2f47a8aa5e27c9159b2a3c422e06b846e75
0	26	1923	4	eecb0c9909d6e5b81bf36bc02a25d970e3a7f9f4cb55f52a32ac0e4fd8c1b150
1	25	3147	4	0a821f3a432d19a6b5bc34080d7dfc64d3856a9318c34807e30a8f7f30fb18c4
2	24	4141	4	d6561e8396e8088a66aeffa255955196febb9bc6fc436ef3a14bbea1e2dc0631
3	23	4410	4	0c5ca519a034d194ca1ff3907f16fde919e4859ff52b1648cfad3c8e453c77cf
4	22	4371	4	4957d94f3b7cd711e242a6b5cf7b5f327bcfff7745f4b8495bdb7aba87b78439
5	21	3564	4	858cef83d501f11dc7937faf83a7483b0029321757f2bc707e58bbe10c74cc40
6	20	2167	4	4eb91f280700cd9aed58dec04778acc1ac80ad00fab889e06dd18ce887902b0e
7	19	942	4	13b120189f7ce67d3bc6e9fb908494647c73c4f23452d41801226fc27b8240af
8	18	69	3	f055e13ca0236244b82b9495c171a0828857ad64e97b0922f8881cfc294a85a2
0	27	2058	4	0edaee69bb0667884657bf6c6e1fe4d3fbe5244021082e85b12f137f6fda5869
1	26	3438	4	12e7bc3c83aef092e1d98cc33788dca80de2d601e66b2c442a19be3606a76792
2	25	4503	4	326fed3551872f9feb5dfba4f04ef71dcd8b948a9e991677e99218f11af2a86f
3	24	5048	4	44d0502ad39b4093c43830e9ee79371db8ed2aaf73d41790bbd4f478c13bda11
4	23	4916	4	dbeb19d3d01b3704763b2a92b84b660af4b14d69340fb7c500f01f46ff9e4325
5	22	4193	4	351cd8d071c7e8077f5daba9c7e7e96978f82b4be2a5c0c065f7f40d7912ef87
6	21	2991	4	22350aad55af86b3b7b2bdc66baeac3cc59aef8031e45156db678e421205e1ff
7	20	1488	4	a634958fa2b46dd59d9ba5ad6187ea8d0e2a261a56dcb7b86c62a477a55fbe1f
8	19	231	4	63e58a2ad98b902dc5bc9749a0a994268191fb3f3bd8ec47776b5996e94009c4
0	28	2196	4	dcfe7197baecde5aacc8c6064af5b42418bb9f6132d6eed5a1ad2ff4f44bf611
1	27	3642	4	e21ec359033a10492d0eb74d2923177c9aa2ec28a227864a466ed8182f6b33e8
2	26	4762	4	daa3878d8d0fc08bcdd3358b88bbb8ca78ed529f7e667a61e86be9d6e460ec9c
3	25	5475	4	363fb5d50b4b822f657fa9f35d9fb6c957fdf0eb3548157d0632b74645ef8e81
4	24	5235	4	6c03cb1022ad72a1c21b6ae7117a9e213522ec6073e07a74533383982af93ec1
5	23	4513	4	09c1a08dc1dafc9792f1b81043148fefa9614f80bd675070c490a7416c7b2eb2
6	22	3597	4	68b4b2d0e9c788b93d18f75d9b5e91b2a8512bb49b490c54e945e5e330df715d
7	21	1968	4	0eb085d83c328718c0d9e5db6b981affce799eab50bdd2a5c33734c490e20d5e
8	20	446	4	5cfd1d3741958f2a06ce965d57529cead16d8883009aef500e88f08b6cfd4bf0
0	29	2340	4	66baae40776d27c4d29af294c812b9e5b0e2d622d9de70b7bb41f7100554f1ed
1	28	3954	4	cbb0b6f48a0fea7e402b6847df87a8fec88574c3be9c6014b733da6c32ba0b18
2	27	5268	4	f98dcbaee1ba28376ee413f953033f984335497c5b83c40cb10e0e3163df6684
3	26	6046	4	e6375a1df7e0c3bd901da3b25f45a02cb1de253849bf5726f1d293997ba54135
4	25	6092	4	abdd96a8778909c91ddcbad9dbb12f1a5bd376e945e34f6545da59d66d3d2f9d
5	24	5471	4	be4f2c55644efcf7d9992d4b005cb02e30bce49573cbd027ee5fdfe145e506be
6	23	4261	4	45bd85d9685580bc640229c8dc3a0125cfca7119cc1fd48fae7d024f52309192
7	22	2631	4	4683bcdc3f3248ee347b5a6465477b79be82d05d0d7761754215a9e28a7206f0
8	21	865	4	bae9e0e154f1d593776f41e19e2424d26f4be7409a1d7b9a2145f35186c1d035
9	20	8	2	01cbdeb676f5a3d7c00d7403e6bcc2f47a8aa5e27c9159b2a3c422e06b846e75
0	30	2487	4	bebda0fbeeb7735bdf3d86b06c94c94c6344c3236494f9a62233393a5af2eaa3
1	29	4173	4	69a2e464a7cd89f9408716a123c2274f8f26a75bfdccb8925c9c586d7299cf65
2	28	5671	4	7c0f4eeb1d6f2f8b57f15cf4ffc870433d1a24666b36a5db6758ebd6f27ec512
3	27	6376	4	62f29789deccb06be91dd120c78cf1de681bdc1233948b32d91d697fa59c9c44
4	26	6723	4	678f883f68cff02959283d582bdc574fb2fc22d32c3d0885b3ec74e2853d603c
5	25	6108	4	081f17a911b170c3bc0451028e56192b1777076455f43a9d7312e37005dffd4d
6	24	4975	4	38995f41223fbac29d3d8637357985cd39e93679600fd0c501c696ea68f7d520
7	23	2954	4	15f66f64c96ca9bc6adda3b32f42d4b0cde1ac8dff657ff95d94d0d54afc554d
8	22	1395	4	6f66f36dfcb01b1e2d11bcbc0734f34191a4ca4ffcbf49ca1d172ef41ebc7a16
9	21	77	3	7d5fed19fd2f333d4f385cb71ee3978b7d3b535ffeada3a02f1aad29956b87d6
0	31	2630	4	8bcff19ae0b66d0fd0df4b86af5bc7301f37d1b2a3c679d3c9f2b962302118fb
1	30	4496	4	bab62183dc5567c249202458a5d303f609fbe7589ce021735aecb924ed384bbc
2	29	5957	4	df91579148cae389abf1534a09738c64005aa6f8cd14e2c985d60161ab41b0b1
3	28	7124	4	4327743782adc1b9a803f113e521342bdf3cc7896e0144b1ec0d9895ebe11f43
4	27	7384	4	7c04f6ab1ba770a9ad75c872d71400f93e4093d288b45a907939bbbac6237f4d
5	26	6773	4	810566a9fe345330b0a083be7359c42087b0a8d4700d1d481047bf463886358a
6	25	5737	4	ab3fe4b678fa9243e02f7215a2cd5f346ab8121ed32da7ae2cede6a83ee9f83d
7	24	4046	4	127fafbd39cc2b279aaa6d77a6866586a843c50ca413be58821fe286d6ec0776
8	23	1881	4	afdba45896f9a3e899539b7a5c17128b521e6c790ca71be977166a9617147f3b
9	22	280	4	c600130b84c8b507c2ddc581da4f0d93c926a47e2470cbda4724b25c7fe3bdb2
0	32	2771	4	bf97d957c09b6d74837b40876222ad455117cec8fdc71034a0b001e1fdc8b1ba
1	31	4719	4	44ef4619feecd9faa13692694e40ddc24e53a0fe8540a7ff6fcf6d36bd0dd33d
2	30	6505	4	119d0ca0488db418f3df8e62a550ca4039c129abd9c145514a239840b38035f3
3	29	7621	4	9e5687651a1678376de6ea6500d58bc9007f771a27ec9538f69c8dc54636831f
4	28	8067	4	05b3436794f247ed1bb2b315629681f6101c59c11948136b3a85a23a06bd0ee4
5	27	7611	4	8b908a5eda87f92c78179744042943489f2d144519f8feef3310e1ae3eb3296a
6	26	6548	4	e28522917b8825d35088c90b82b095374cb695dd45ace58c8d6484e949055d1d
7	25	4779	4	5f7e309de49c69479927188516d1dd835c172bd76262556c229b7abd7d93905c
8	24	2683	4	cd22358153d3a8157921ef9c0d24a40b151cfc02529921ad128795d8e6e8ae72
9	23	577	4	e9df3445fb528a43f858d6bd04c827552cb0462c7fb1033fd90fefc240f5f742
0	33	2898	4	a736b0aec36bf17cbda77dc209cee286b3da0b82b8054c0ac791a863f8a32896
1	32	5044	4	e132aa752cfef6a116331b869a76c672b10bc953a91050d062eee222e3c159e0
2	31	6938	4	a1a69daab5743cc4d374b76000c77dd793d2f6e81e6132a3e63251ec98077fe2
3	30	8272	4	a7d64620b08d9905ff3bd2581a2bedc17c0a1bf3192876406aed4a216b54e6e8
4	29	8473	4	a9fb3dd07e62da5ee957ed4f19e32fbe195e5771848b96545a7d71866f33cf32
5	28	8491	4	5c6f0b31aca1df046829d2122bf5769e7248adcf528f0935f204d0c329a62b4a
6	27	6974	4	729679ebc66c1460b76b2156baa1683486c64882d7c5c850a75b3aa2014b59b6
7	26	5693	4	2cc0baf1eaee4631a79efb86ca71b7186cd6e0b18355c7dddf5446134bd9d4cc
8	25	3476	4	4b784cf6b4d0bb49fbdd89dab2f8c50d86f44f38edfcd1800f64a615bb202c2a
9	24	994	4	3f6f50dbdd352801c3abcb1806e1b1712d39806f44bfa02f9d0bcd9f169ea86a
10	23	8	2	01cbdeb676f5a3d7c00d7403e6bcc2f47a8aa5e27c9159b2a3c422e06b846e75
0	34	3012	4	a4d40e8f620faee47c99647acc17f013f2e4ed8e479b300d768ca2e66e1d56ce
1	33	5239	4	d5a51d1a9f0403295890847711411b98a2a8241d554f846e154430456794ac54
2	32	7217	4	a5e12faaec5959a7b8388151769c9ae6983fe9a41138b1b4cf5473bd2535533b
3	31	8622	4	e0b6d4cb6c2f1e2976ae8c3de85d91b163abce81cfd47e2b67fac1f4db93e8f4
4	30	9499	4	fab51249bcfbdf49b7a87723839fef6e2d82c3235248c8c6ffcd09858c6482f1
5	29	8918	4	fb7ecef44beb24baa9a1e57c8f33cb10143d3bda9ace790d0729fa9aff2b9f0e
6	28	8299	4	5bba31774460ab7a8d950faba66875e2796e400a4ea85195f32422399050ed8e
7	27	6386	4	5889add1edbde0d93547dbe64a22a74f3ef603f014a90bad93f32a89da8971b6
8	26	3837	4	b6a306e7b28e14010bc1981e1a36f17c77131b99e954edb689ee1ed8de3f3f53
9	25	1743	4	32d18bd2cdc917fbc038f68fd0775ad55b80ffb303c55b4ba07a6ec1e61eeead
10	24	82	3	7227ef9be304537f5cc13f9a6a392710b06dff89f3f5e978668a608ee8778613
0	35	3121	4	15c4af1bf0c0071e122ae2a67ffc05e16f4510240435d1aa124ac228d4ef4825
1	34	5538	4	762efaf9dc0b00988f9324a49a31d1e500483adc80e2df423e9cacdab2ed6e1b
2	33	7769	4	8a45bc2d7451a8272f8d270c93ae4be64a3ac1fcd4cd30c7cbde19d383ca9ed1
3	32	9434	4	774a3bbff1d31a7e5f19bc8670e378983b5f3de9b7b049d0d08020c51ca94001
4	31	10231	4	936dd91cf9d41437aeead6b08bf4603d48a56cc246be679cde87fab49915b577
5	30	10168	4	9c417f2f00f97c0a18f033748479de2b00108afc4c928674ab2eddec60d12e02
6	29	9222	4	20c838c69ca5cfd727ae35ab62130a608e364218c02f67cce10f2f5f70f8055e
7	28	7535	4	bb4c38e367e49cae9c943de35e1d31360ba3104e589a7c2642b0110b5e428a3a
8	27	5188	4	a2cd071775f6f970f7eda7acebb2ea97dd74b5988ea4a994cbea9a650748f3b9
9	26	2522	4	29827d7aa31184c35c073f1e63c5f38fd5b997d54ee92dc61a9d1a3634b5603b
10	25	323	4	7b7431c2f3d710856339344d5e4ccd08d33b974d2dd77e2a4056083689e8c572
0	36	3217	4	eb97dc203ccc115c3e95ae29d4ad2099fb522a08e7b3cd140a1fabf191f384ce
1	35	5700	4	68b7004b1014cbd459e1c895ef5055a7ce43f8cfe7477896ea3fd9120e4516f0
2	34	8167	4	df2d7a8aa454b472f1de5c7825ef51655d19db9ff0c8c458995d18acfff29a12
3	33	9932	4	674cc0ada7faa345008a2d871f3a685e302a14eac53fa175f4328bd5adeee796
4	32	10960	4	78563258c8a6cc1fa64f887eed420f6022721c9c344624658c1ed6a1993a2d2e
5	31	10948	4	5d630b50937c912445ded29fd467b6c91d685d3283b1598e7ab6d507749a18b9
6	30	10169	4	936eea74f70e962f58960153e64fc1c368cd3c64d22bdf67e42c1f14aa79b903
7	29	8442	4	8a8ed5a09af4b3b6e434458e0fb42969dd9eac7f38c4c636de3599076c38f0e1
8	28	6130	4	06b76e19d53fcbc5989ca809d3bb4c0090af20207874cc965d84cc33b04c62d6
9	27	3274	4	5061d651e7be6a47284412c0059e9b960ce103a213565025ed3ad4878abc01e3
10	26	724	4	aa09851fd1e4d4e8f625393ff612fd0beedd623c58a5e639401ba6bf488bb1f9
0	37	3308	4	3bf063eec5eedcc3907c4edd95c10f569a173a294931289f6269c4aecf80ef1c
1	36	5968	4	0f6af3f551c8b5679c535eb996edb680a4804ac3323d9d7d553f320ef8cfed03
2	35	8404	4	b5b5645e0d29e11cb45dd3b48168c46f47f1578780d7db8df174048754bea4bd
3	34	10589	4	f852dcc0cab11334614dd9fbe4cff6d008fd01d41ba05bea5f5a4c0f8d6b9bcf
4	33	11709	4	2561d168b6a9b45d8a8c041584c9e276d0040920eac13d9d44a370d1a9ac1ddc
5	32	11743	4	026ccc5783001af7640e9b1e39689dcea639256f066d297748b85d8603fa8442
6	31	11154	4	027ce96f8d5eace23e99d594d47dde6957922181ac206100176187efc194db12
7	30	9550	4	513c5a32ac114145c443ac8ad56010279b72b396d15b0505cede147edbd7508d
8	29	6992	4	ddfb6defb481cf5f01264b8fe49aba712daa63838e73f09765a2b8728d8a6623
9	28	4211	4	c6f95ef080df2f904399b69b71774cfb90b14d43e0eba48abfe3987fedd25c4d
10	27	1321	4	13ccc45ebdc103a4b866224f98958e1381584877c159a129dc1ba71c0c0c4afa
11	26	8	2	01cbdeb676f5a3d7c00d7403e6bcc2f47a8aa5e27c9159b2a3c422e06b846e75
0	38	3386	4	d2647cb4afa1c27fc96f3dac1f278c46465d07c1323e96fe301f1fc309a74e0a
1	37	6091	4	833697286cbf83d03c4e695bb9b2ce14c08db127712a26dc8ba19000bc6001e5
2	36	8912	4	fc71c4748ab4174cf33a5121f0d74813d517d487f23d00cb8401e5d89a267bec
3	35	10886	4	24b033bf8989d1ce3c18ae6ff2178af26be8e7a1f6700a1e5638cda4a67012cf
4	34	12089	4	235f4921afbd2762dfa47aafdbb099dfa0054925f492bc8c3949edd16d24f3c9
5	33	12719	4	d7d2e5693c29fa7d82da2eb35a33fe8c28c0d21dcaeb85abcc387b61e620636f
6	32	12154	4	77e53e07b1604de4eef30446f9cf54ca566fb4fdd583c3a8fbff3ff2db1b5606
7	31	10024	4	7a4b218e24f758c026a2c4fa2432cb4797233100b95ff8ff45cab78e98288da4
8	30	8185	4	ec8c03ffbfb7ded43cd82bc774e17b252875d257839f1fbfe980ba46866a0829
9	29	4595	4	4939cc8ef9847c34fc72ce434f148f9d28051ce5ebfe83184e1a8ddd922ee7a5
10	28	2099	4	2dc78b7ffb0afb04205e155ccd2712237a0289a8f756672f9a4d796dbd782b54
11	27	81	3	55f9235a503a44bda96df42d4760897ee73adb619ebe30349eaa7f066a7a7c61
0	39	3459	4	918185683900c66367a37e6bbe0611950f7f38e5e46c554eafb48c0f285f5b4e
1	38	6326	4	d8f123926eabaaafc0ab2163dfc3b9e5c1a56ba9b3035b80001748965e9c4157
2	37	9249	4	a279858d7fd496f8590307490b66f8160f5ae5572177e546c1188e4ddf991048
3	36	11689	4	59f62d443a92310719e7bb8a1d240b60177d3acda803962ddbd66acbb1cf91dc
4	35	13180	4	378e784bc5ef98f564391a07a6db1755ab681afb7e6e023779e902f3fe83df79
5	34	13700	4	aa189612fb8c99cfff1ab0b70442fafb69efccef9fba319aa113e0ddc4293319
6	33	13170	4	9939fc266ca0aaf111800dcbcfcbe3901f8ba258df31d98aadf0310e66c2f999
7	32	11703	4	52a3643c44cb2a153dab932aeecfd0389de8404b2591253b23aa056658e0670b
8	31	9276	4	c5fd350a028ee2edd138bae6ebd084ca5fc5688fdab3ba153a3079b93fb482c4
9	30	6164	4	0d08b6bc45de56cba96a64c520477729cfec99b3189c9ea2e27696447e3c50bd
10	29	2934	4	008d4f5628b1151bd980d00d3d76dc11e1daa02c987dac0950a52c64881fa7c5
11	28	354	4	5c045e76453c11df1f04de18a6625d7ec3dba6467a9de632dd59e19327134112
0	40	3519	4	ce9a959e5d91a30898cb7d8e450c497782b4464fc80723017626524ec6f570ed
1	39	6410	4	34e1041fadd9a0e4f0e2290e6e673cdf63321b8ce256684cfd4f407810b953d2
2	38	9391	4	52a65afed4cfcce5fc1a8a72e9b3f5cc53507995b34b38229b63417c14fe24cc
3	37	12122	4	6aa8dfb74ae9f0098014900b1dff1f5fd068de33370832f362c8cf11df01f1c6
4	36	13894	4	d4991e21a30722638c29553de3af67b931845ee8163121eacaa5ba47fca39fe5
5	35	14112	4	adbfcfed9ee25dc1f0c5db853796595163e894dad4a7bd9462e26c76823a14cc
6	34	13632	4	8a594410cb13be2c6eb41054ffb123b3a329437b3ea315ee43923903c211dbf3
7	33	12726	4	3dc1d9ab908927391ae062e071bb1510c3f263888505694ea597e2e5ce4e9314
8	32	10240	4	32f539fa8378d44f9cda78cf67bc0c3c41c15b71a2b470b47479080d9e66b4bf
9	31	7152	4	14852cf87779f3c6c75d87001e8ea750b733eaae38460d5a267fa54534667032
10	30	3836	4	f282dfad364863cf4c7c25ead0c5f18ae7601b3b6d45dc718de21b88852d72f0
11	29	738	4	ea4090bc702f310ce7fe1c401d23356f09944bc8d64b91e55fd7bac5ecacec18
0	41	3574	4	4184ac0804c6f51b93b48de2c67af687662b2b7816227ad3395cd63e709a7ea6
1	40	6612	4	65e017d52a544d2d66c20cd26b748196f62f89b644e038241316ef004019ce31
2	39	9831	4	ac1c040c549b6721973e432bd07c3084cce1c349d37bc1047751850220dc5d3b
3	38	12697	4	babc15e6cc3fd79ff92d2910fd5b2fab10ff44eb285dd1b743e855a22b8eee00
4	37	14605	4	61690b2d4a0bc8bc2ddc3a1c9acf0ecb1cfa67f5e8eb7d1205abda5e3a3b797c
5	36	15481	4	10e0293df982b6f1b5bde666a183494b2d5d18cce52e154c1dac0e046989bf41
6	35	15231	4	54629659ec4a5f11ed9c3c9bdfb380367925ffab49b0e62367db0cc3efc601b1
7	34	13955	4	40e1513f81ae77dab4a9629f3e24a080b4c787711e0276ba7c8dd87f9da697c7
8	33	11578	4	f788ea6351e0faa8fcf6a1d43a89bf98af78a03764ad751fa8465b2211ce77bd
9	32	8342	4	8280dd22f74d4bb9e3d850fab60ee9838d5bad0abc0f861c0627bba385172296
10	31	4810	4	0d02297b020b7abeaf16c16058eb750c7bf2c0b87f76e493f4a6a0d175df2ac4
11	30	1503	4	c7302ae254405ca4d948bb03038f6abb51de7e72c21b423e075f0156fa040653
12	29	8	2	01cbdeb676f5a3d7c00d7403e6bcc2f47a8aa5e27c9159b2a3c422e06b846e75
0	42	3616	4	78bf953c16d9ffe88ab552e07683aa4219eaea20aa73c60b922270ce78476e47
1	41	6657	4	b5dfdf00dc6c14e133524d794f6990948adaf111ac09aad1d3caa7243688dc00
2	40	10072	4	64b00bfa9221ae1060858aec59214d767030394c5ee8518086f1e55b0561e91e
3	39	12856	4	a954a52134c1fa1e74f18a140e3a5795f4d39f2b2817f4d9e03dbc8f0fb17fce
4	38	15277	4	9e1b5e786eca8700d3abeab3a4c558427e0eca7f36390b1e230c8d0ee0edcfe7
5	37	16258	4	89f0397a5bcc6de690f8a2f2fd2ef99e314e6be77f775ef2c33559775180ac7d
6	36	16265	4	29e8e066f9e3d54073e46a83f830fec4f15e554014f92a5d2eea6f48c93d05cd
7	35	14802	4	5cf08aeb77c643f2993ead6c8679fff465758013dd7bd871d7e1d101d8d2b554
8	34	12778	4	82715ba7ff66db39225ca72f7badf7b01fd78c5493410a41515557e4cb0666ec
9	33	9422	4	74d3f91aa9ea0928da625882e162c19312098784d01119a53c054807a3472f5b
10	32	5219	4	c93e16ab0ba109fa4f73c05a889c52a48c39c51293747a72d2b56ca82e91efb9
11	31	2163	4	415435d6de783020891f61cee6b9c15c9a8c415be31dbdc70aeb7c490e750479
12	30	85	3	c19d565d9095c49731162c84f686b536b243795ea4a22232e2dd61e696eec9d0
0	43	3653	4	8865310cb68cf147b715208c69afbdc596617ff2834eb4d02bf7ab5e3c08f46a
1	42	6826	4	feb483ed31cc7250d70fda88bf91d242024064e9499472292522c4399e7832e2
2	41	10117	4	a17e19d3a6c4f82a6eee0492b9c7774d62476046fe31557f39409170cb6ddc2f
3	40	13545	4	b0a9254c3693a642a890651dadd6a3cc6c8a09fb74b24c390526ee1d4919fd4f
4	39	15539	4	d660b8ace26a2ea79b6128077ce6ad34ca9ef4485b487bed9dccddf02564fd81
5	38	16997	4	04139969f7813be940589df2995ce42bf60834dd794ffed2e17e0ade18fd6b33
6	37	17288	4	a98d63487f7db26be5bd7a49b66e00d4333d3f0cfed252e48f929168b1754cad
7	36	16257	4	ce4d27642889e4339cfa0c3905e092a59e7c878a28ca451dd86607792725ebc3
8	35	13264	4	7b35ef69c203e272672af80b1a0a71c2357b0ea96c1adaedd3250b764712705c
9	34	10376	4	4567b20a62b6443c6cef3534404403d01e30528c6992007fffec08e21e1769d7
10	33	6935	4	8c5743d4a65b8beafcdcd2e123509e37bbae4aff2dffd4e452ea5d26acd8fd0d
11	32	3067	4	0e748b466dcc546149f806454a8910dc55e867ddfaa97ba25c7bbd70fae34662
12	31	378	4	195a5090f770567add86c8e2153d232c91b9d2a01306d5a044b2f4fccd2e8526
0	44	3677	4	416defc9153b6e0209da89170211d64c4cf192307afbfb0bc739266d3a560e83
1	43	6832	4	00d0d0c9f8f1b6796617b5aa89ddd772009c8a901255b6009a4e61fdfbfeb521
2	42	10472	4	d53c248233c684fac358d1a2817b4b9346a2cd424af7e342b8bd0f8d61fe8617
3	41	13810	4	d38e76a61885638109f793ddef43e76715de16f5d1964aee20fec91b7c815760
4	40	16520	4	91f270daf5477861c1f6f7dcf38d0eb5016d8fd2cf1f7c64548021939b045650
5	39	17931	4	194b4a957ca25d887ff1317d8fc62484cde5b4d5bcbf9dc35f201434cbd2304c
6	38	18299	4	2d1272306652b57aefcef45d36fe3e7746dc39df2212a9c90e2f50496b6080fb
7	37	17307	4	249d659fb7865eefb847b3eaec78ed366ceb38f6b82114ed48cbcd2150599243
8	36	15224	4	ad55372c9756f8d4a635d35b3452764063d8fd9f57a3746fb6e1e29a95503510
9	35	11834	4	294c61ed9dad1e441c078e8e9e4c6748b3738119aca3a1de0125efdb05abb898
10	34	8078	4	0c7e57430d677b3b9849b55f28bc6548f2619a10fd444e1805f77d26a180a62a
11	33	4172	4	a8c60fab37063fa2b6271aed9d4b9022d57a89d40efd840449996f3b3d07a600
12	32	910	4	6e841e3c3109812d4dc7b9929a3cea2659788e207c094afb5223ead77ff70c9a
0	45	3696	4	8113f54a785342b0724e7b064df72cbe1eb3984532be9c8c30372f9c1ffe2449
1	44	6968	4	c05a008e8d45229b150bf7b8cd2dfde192e02fe5dca6a3a467d757f842e7d2e3
2	43	10631	4	6d9eee666607d1c7c559fd50b2e5a8f8cd51398434ff306af204574bb5e79f44
3	42	14218	4	5398f692b2b201274a56d5b9b30e7c1d150359e84196ed358711575660291bd1
4	41	17070	4	606805b36608b6f81f7991665e1d4afb8a35b108734024126813d377d685cf91
5	40	18829	4	4afd8cfbd64ce8dabd3e657cadc1b16156cb231e6a884d111793f9ee267f1c6b
6	39	19288	4	f469e8af8385489308c27a84a3a825e8cf0aed78d244cd36a7beb0e0338064f2
7	38	18556	4	6b8a593b7a631c5acabcb831bfeb8ad8818367e1e121eb18c149ff3717dd14bf
8	37	16459	4	ed61b3f660d2c6dd962bcc51d705b917bbde65e24735050c4d924f7a39630ad4
9	36	13173	4	160f0f4ab842c8f157516e6019df6a8c26e1dd42c845c5cf5520305bbf781f75
10	35	9255	4	63083f2c61659823ed1a5ccecd85abde95740c5a7f56341c9002a35b0f019b11
11	34	5266	4	02042d1550f3e04a397f6b48f4d6098c0f2b98ca3c2cc3f2942df52ecf7b7f96
12	33	1639	4	94f1e309a341c395586f057bc8e9f1f0cd045ddeb5eb7c7b22fbdd102157d768
13	32	8	2	01cbdeb676f5a3d7c00d7403e6bcc2f47a8aa5e27c9159b2a3c422e06b846e75
0	46	3702	4	90c38a3f0548da5ec33cb288ca69f2de42cad882d3c7d9a276c5e83c07c9046c
1	45	6935	4	8c5743d4a65b8beafcdcd2e123509e37bbae4aff2dffd4e452ea5d26acd8fd0d
2	44	10586	4	7a4619be85df2be1c28d4e8f22131a7aa0face7ade4512a117a6fe8c37694a60
3	43	14221	4	722928dd382ab7246f1971eb4f4cfb43f5bba60ddab316fb511d1c1f3f347bb7
4	42	17561	4	d1e696460ce646863b37ccde1b7abfaf32e9104db186c9893f380feb095707da
5	41	19073	4	1a16c53abee5592e2a8525799c4231314d8591eae6bb3d44d95dc8b5b12b3a57
6	40	20256	4	8a39aff957dd62a0c6d790bd28206cb287d29cb6d7858581e5a10e1847708df5
7	39	18987	4	e5f26fdd7954efb5237abfe5a9808e936fc87f06ce97b3aa93a3609f260ce564
8	38	17509	4	6762827bfc4d9c2d2f47053cfabcea435e5dde8c20201b17ac251455ba413b33
9	37	14349	4	8a6d56611a59c078755b29bad2a5854cafd1dd6071e830db6e546d6749790b65
10	36	10481	4	b265bb621ba8e8690231565d43421c022cd04d56861561c78486c8ac40b404ef
11	35	5679	4	aa0df9cbf38a015610a2e8750557be021864c5e90f15bdd2ab796e5515b6999d
12	34	2561	4	d7f0ed6587af9afdab72c5410b04c92f5971ec0ea9833de16e0087ad2c10fd0e
13	33	85	3	c19d565d9095c49731162c84f686b536b243795ea4a22232e2dd61e696eec9d0
0	47	3703	4	7614eb6b7c393a6b18625b229dc87a538fe196dce36e7c77b7b5f179f052e46a
1	46	7038	4	60dbc394ea6c58d227d4040216b0650242f6aac1aa9a8c2a9d6c3394674dc06c
2	45	10851	4	27baae0e12e5850b12174f950fcbab3b69c1e1fd25b7ff40aa817fd81855bc0a
3	44	14709	4	0d0d1df565465068d95606db8afa9ae19cb348fce0220d97bb2e6671202288bf
4	43	17992	4	2637e1e6effe5bdde15414d2dedb1e9592b50edf61dfad50af204d88a20f5544
5	42	20275	4	a9b8de801fceb4c9fcc670c14b72ba2c8303359ab655ad8644fe04e74eeae6dc
6	41	20557	4	94a2e387773ac7b95e1ce9cb67fab030654cefe7ada0f29b065bd775ba44d3a2
7	40	20805	4	47f4ed0e7e9ba682fb26f5a88276264bb5403b653abad1971c4fa2d5bf75288d
8	39	18938	4	ced8d086f458cacc0d5da380440fdeadee031e0f522243d70d5efe12dbe5e2aa
9	38	15726	4	a5b7ef0773331c3d04bbf526febefc9a7b69ecac451e26ee1ed3dc720c66bbd7
10	37	11723	4	8b8f793a10680e02ba989855fa0dfc3aca3c3b1bb59eaea883d0797efa6c2e08
11	36	7493	4	8a0afd8819f661851ff0adba1541c47503f10d935663996cc3b94e4d0e918630
12	35	3504	4	4194c447da8a1d67b29d877f946ff14c4d9f8bd2960fc4c803f45a09f94a8777
13	34	353	4	025304b04b299dfcb9c56f20544b11a8d95f914621aaeaf1c543868177e9c2ad
0	48	3691	4	2db3fd3a2c96464303dd0bb9b478169ddd6807143ad090acbe14ebdfd31afb79
1	47	6966	4	020d5942b780fa54906654768b15bd8fc821bbb687c16df2a857d0d64c0b55f6
2	46	10912	4	957cdfd56428e054ae038c264dde06ca022d2e86505f98804c626adb7a0eeb39
3	45	14780	4	58916fbed4288746abb28b248565abb504be0177ccd91de6f70d0c9b562257e3
4	44	17950	4	2cdec1da6419ed5cc16887e6d8643ea40a468a015936f30c278d1483b57893cb
5	43	20802	4	4a30370d8b4bfc40ce52bfa42909a4c87860dbd3ae90083bb850b407b799aa9c
6	42	22067	4	7cc092440fd5afe813cbd1141f3fae6533dd54a96ba32670c4d8e152849b18f4
7	41	21770	4	9c27a02479453c88b75c4fcc7fbc6cbf33f9b3dea97fec464966846d55eee8de
8	40	20162	4	a0d43d88e122c4ca2bb9fd74c01d34374a8262961ea061042991d4af2cf61ddf
9	39	16174	4	277588311f185d99a1caec1bcdd202609058535e09d5c46c5a1416b92ffcbb3f
10	38	12994	4	8babf8c62f64302950a4bd779e0af0b2fcb47e7453d28c733460d2e62ad707a1
11	37	8582	4	b3b355c8286f00fc590b77bdb8e1c4ec83ad6cbeda0828426005a4cebbfe6c66
12	36	4514	4	a0b82c4018382fac1584d0ab11a610ef741f19627c163d983b9a0b170350de78
13	35	940	4	2a3865e36b1b2bf1497eae799477f493d86af606a7b0c2ee7367d6494d8924af
0	49	3674	4	279137ea712a03ec0f4914403813282e5bb14e9982c9c0cea3d5cccedf7f00bc
1	48	7036	4	c0bf5e9fe96216c536b2307d7b928140c51895926e45207132677174e43c1d10
2	47	10778	4	b8e74688275a50d7ea5b9e0ea44949b78e9e76c6565fb38693462727992703b7
3	46	15020	4	23c246501c0a0edadaec528da90a13529cf5447e35dbf13e6847f2d65bd0aa80
4	45	18661	4	56e64238e9b9615a9c796064dd7b564d100132e18236620f64104b9f79bc9286
5	44	21257	4	f2ee96a9800d50bcbcbcf3493d2b31b920a62446737ff5a803d68cf31a6874e9
6	43	22894	4	016cd2eaea98ff54deeee65d46f5564330973f1a49693183578e2e3029d9b630
7	42	22928	4	d976bbb34da7a6921e07eb3d3d30fd17a2af4202c92a01f3ec605496235e076f
8	41	21132	4	9baf7c173fc86eddd487e67eac60544de5670bc1aea2e8a68b145ce54098baed
9	40	18279	4	09db2209fac01a5deee280c75f4dd3ebd1bb18300ee1608460caf0c684ee85f1
10	39	14263	4	13e5e9746666c72601da3349c939fe786bf2992842703f61207c9d0b3ea35677
11	38	9700	4	9ab204a7c8979d2ed0794315afbd5b885615807015d1d98ed999002c8587a36d
12	37	5563	4	95bb93b08987983f73d29f40774d4c1d2dce1a75f020590050129613871e258e
13	36	1734	4	f3e9606654b0576f0b074b53e32c273d9785bf4a615bf176835c6406648cfdff
14	35	8	2	01cbdeb676f5a3d7c00d7403e6bcc2f47a8aa5e27c9159b2a3c422e06b846e75
0	50	3644	4	9d6c7ac12f4174f3252b193c9bc3ebf52f81a3731c815b7e85bce2665d31cda6
1	49	6925	4	223a53c93e75c74a5eea40dffe4a1b0c80c26c68c4399a07d11d1aa1800980a7
2	48	10952	4	84bbc2a465a833a6c130c9f76577ba374ed87b866c9a32666caca1e5c126be74
3	47	14839	4	67fcbc6e8eba32063d1be0430cf3b8a9a850e3498741bc0a3226572945cd02ea
4	46	18893	4	4a57b9593b82e210983790c75189dbf23be3419ca38817640ddf0fd64d6970b7
5	45	21848	4	baa04fcd490e8994ac8e44f57433aba37c0caf40a563b6a725618031cb562e78
6	44	23671	4	4c87cca4e7f08b0fda2110b20a4b835e9c15618df91c1390144abebc696f8e94
7	43	23620	4	dc1978f034e9d22d4e4c152a84bde7c054121acc8f3eccba8e46dd50dddcb6d5
8	42	22532	4	ee488c801e03258113267ed9dbe56c11ee1586cc90ab0797efe7c786875eaf9a
9	41	19436	4	9b8963acf1cfdd0d38b5a95124f54f29cbee26d080d9a9dd8ac28c1dec23ff8d
10	40	15560	4	a452703c47d300f827e75140e2a36b235ec80480803c6fca80c3ab44bb1b85fe
11	39	10879	4	3c1f43fa65366bbc3a6eb04dffb33ba6e0a2409bd90f20190d6327b4818ecab7
12	38	5980	4	134f8b79ab0be9106bd400559e5894d080a9f950ac3e6de8c3116608fa320c0b
13	37	2534	4	f0bc9248871b611c0163ecf8ff6da4c661af02d2346a9b8de21038182a22ec65
14	36	85	3	c19d565d9095c49731162c84f686b536b243795ea4a22232e2dd61e696eec9d0
0	51	3609	4	a07f01e952b311cf5c13ad6e85683eeba620c2d78b3c9fd44e514fd844f74ba4
1	50	6962	4	720fd2127be8597c663adbf1f5334008af7b42bdb664e9ed91101f21c1b9140d
2	49	10931	4	d27c27512709dfb0b473132f2655ed80e9217f64d85bcf98f82eb94c39cbf95f
3	48	15151	4	0646186d9583a85d601e25ff1340397198b08879e17358364b0f85eb560e0391
4	47	19076	4	d19398f2394dff56b8be7fa2a3cfdcb42d6550c12e46ad9861034634cef7586a
5	46	22369	4	cfcc590067cc01015ac53e99cd814593ca2754f5ba585bd897473318b2f20fc4
6	45	24361	4	ef245cd57d7dc1c319da4148b8c3ee0891dfaeeaaf91f51a498bef4cdef9152f
7	44	24887	4	61d01f08e1baa231bac57bc3a312663acbc8c1ba77fe3fe80054a1ac1e950bfc
8	43	23661	4	ebb79e9d1f39544d673fe5d09334fd2a0d8d3e935c7a8bc1b1c1ffffea672e48
9	42	20795	4	0bcba6984dbf5b865e58d242a760434dd6dfeab5eda68f090c435323ee3e4bd4
10	41	16838	4	7543158a9aa0afe7d5ae717dc6af9b2b08e9c62ca538239fc48330b87e431da2
11	40	12360	4	3d05fe92d69a5789dcfc1aa20c63ff1592b9414d8a9eeb9c445826777633ba61
12	39	7821	4	be75fc5b61d3d8ad5d3f5d43d33066a3476ce2179149b639c74531d38408e96a
13	38	3653	4	8865310cb68cf147b715208c69afbdc596617ff2834eb4d02bf7ab5e3c08f46a
14	37	396	4	ccf15ab0b2a511667253df8cdb377916999ff2d3ea140ddb28a2914e3ee9ae2c
0	52	3561	4	6f34b02f930e82d6485e44e5245c6d54b6012c3ae88d0e473fb869c89c225747
1	51	6812	4	ce73ab3eb6d04d8815db7a1405d92808700d952c7b93123ab7d780d768cdc50c
2	50	10740	4	07e1dfaac220b39928626bf0e141861d763d81b13d988f72926a9b7058b77337
3	49	15033	4	f77df36c065e30e4d47f7dba17a41858e23d38f87295a10ad79502637053d03c
4	48	19182	4	3acd6e2b2315bfa2fe4fede6b49feab92fd1f76e3423eee3ffe06d52775c2eb2
5	47	22187	4	51688feddb232ab5194d60202d98f9e983d32ef0b9b698c53450116e8862c07e
6	46	24967	4	e63223c66cd68a035fdd2e673971f7a91fb2563b9905075aac9ffa226ebf73f9
7	45	25624	4	98666210e2ab7ac8762d5a5f38d3f50baa905937e2b5467734a9edfa0af53807
8	44	23926	4	98b07301d372baf54b44ac366aefa2386d2f792e5d4a3cdb8c18859b234a7543
9	43	21870	4	0be19151e8b9e05a20cadaa16ba723b9003eb2c54cb551f482587d3a882c8402
10	42	18098	4	0e0033b504032324e8287f1b35f64bd696d279cb4cf4244854155c7881338ea2
11	41	13223	4	09150389ba0b38e916504239fc3ea00e7eac5e942f43bc3c30cade63bc881d65
12	40	8984	4	e6afbf671bb9e9972addc8e0d3d4416b56c5b1387985a1428d533cbfa3f0c237
13	39	4595	4	4939cc8ef9847c34fc72ce434f148f9d28051ce5ebfe83184e1a8ddd922ee7a5
14	38	977	4	96ff7ea84e4d2a62bc27febb31529d319fca538ba20da7e6b2040ab3e1680781
0	53	3508	4	34de8e5609d4ce9dea4a85be0c914156987e90e81b3b5ce7ab5db14c4ef572e9
1	52	6816	4	bb27ebf56d57d0ed2347940b5f6b7bd737a835f7b39a7b10dbdd695326ea0859
2	51	10791	4	629027d09b054c908a646108b19ad4e1b8c07bec3bad7b4a1154261896c371c9
3	50	15102	4	9446f7a67c99cd856525106e2f8b4e1e3197f662543b454a502addb52e932191
4	49	18826	4	b89f47c90542b55d2e420428a57442fafc918840253b6fa218b5332069539f7b
5	48	22903	4	fc4ef3dd9744c7cf6eff060b74e4ec26f101786e458752a8e0c36b02b55ea0d5
6	47	25481	4	cfe1a37b3f193a077f9690c770d5bed26477c81c7ce7930b0460352c775c6d73
7	46	26562	4	a143f675b193a142a9a9d7c81f9afccd777470bef2a020c955157d806617009c
8	45	25753	4	57069172d348c48ded874795192b0febd25456ce2d8b6d9e206c5e81412a956d
9	44	22717	4	5a6955d53edd5dfef1c65f88552f808d89b7c0d0c0cc58bb887dfc4fa13b97eb
10	43	18439	4	280cd7b4f2d385c1ff86c6cc031276766ab7268b761bfc3fda442fc0d47bfe78
11	42	14848	4	db1827673695651d4eb5697e14f4fa2c0b92d386b153510489123e11368701d9
12	41	10161	4	b972dbcd7b7446c21db1ebf32ad2148ff0e5d9eda8d864c3d3d58f22378a6d89
13	40	5719	4	e50fefcf61e3b7ebce9fa240f424a376679d60b36f46e9568c3d812762357daa
14	39	1614	4	3f3194e69762df98fc8627131a89b940c9b4cda82a0ea6c00cdde80b8a640236
15	38	8	2	01cbdeb676f5a3d7c00d7403e6bcc2f47a8aa5e27c9159b2a3c422e06b846e75
0	54	3442	4	e86c2054d2d5f33b236433e8a89e7e8cbc521f4568d5eb467a268f1af033c503
1	53	6627	4	a5cf16d2e2bc94494ed94f9a804e1bb5caf386f9599f6a56ef15a49f27a8648e
2	52	10672	4	19500beb82db90787dc5f7871ee53c0052b4fbc5c848d56c81624c4cd90db9da
3	51	14745	4	e17ec3a3f1d1fa68f0a1c6903c88971b37637b9c9c270d8ed28bf92fa9a72e34
4	50	19219	4	eb1f93e19d54680140949d3bff7e17d6196f998e83c3ab5e536d421a412fe859
5	49	22894	4	016cd2eaea98ff54deeee65d46f5564330973f1a49693183578e2e3029d9b630
6	48	25271	4	66ba35475cbcdacb4d9a0622347524744c5e86031192ab821be971dab26c3243
7	47	26553	4	7cddba974a208c90ea13ea6df1d6b8e9d00110787a767d352122e9cd84c9db1d
8	46	26710	4	595647e253e3b4253393ab81671840e77547dadb39e3d62c734b5acb4a14db85
9	45	24140	4	f4f3f712311bb66b286a4d7ada324fb31f27237932cb0c33f8500a4955c832d7
10	44	20544	4	6db942173e357317ba1e853f0fc6d106bc197765cda2ad5dd1a73c031fe8aecf
11	43	15812	4	78c9b35d4eaaacafe824e22bbf186cc4933fb907f8873f9cba4343fca929d0ec
12	42	11356	4	48d6c5fdf46c3ac269515f44e17121fc60ceb71cae02a1a40b0ef4703b1c2e1f
13	41	6102	4	6af899822590c7be976ea0c0e319e8ea497f7c39a3a8227f043b3bd7f2f37901
14	40	2750	4	5a6d48323abca9619611270d9af6ec6a7576b0914e2741881fe5845ba2de1fae
15	39	81	3	55f9235a503a44bda96df42d4760897ee73adb619ebe30349eaa7f066a7a7c61
0	55	3371	4	c152deb846592adca562d6d51134bceb2db8c50c217c37533aa66b365e8149f1
1	54	6598	4	f24b3fd59a4ce1a218f5e3c4a66138ab217d37b40a6c250c9a8464d1f8d6900d
2	53	10405	4	4afcbba8208bae1b58dd630b3be75e6cc9adcfa8eacf615bc1b2371cf663fb88
3	52	14873	4	814acc9ac308f4f37becc07e3263ac5b04122ebf0b8913336b3618ba69ea25a0
4	51	19150	4	77936e547cfdc024fd0683b05748f5e5df3640d67749e1f997c2a0b72f5beef9
5	50	22902	4	015489c2b6c95c4e0f08e1fe6643a505291c8c34d2ab08c2196da4f4c70c2e97
6	49	26161	4	986af40f3148b9b7e1c8136b5e07c8cf401f55224d295b862fba8c6a9b4e1127
7	48	27887	4	52da94b553cc24dac43b6783d123eca0052c6aed7ad7ded9952f8cd259bd7020
8	47	27398	4	d8cd71825c1426301384944214a080b61e92c291772a6126b2a1ea9dd027b409
9	46	25333	4	741df9c7f565d51fbf7eec7b57fc5ef381af036525bc5a640006723b2bfde5b9
10	45	21710	4	972500af78e644d6a406ace81a55a974e25fc5d6ec7f619640a607cfb8d3d940
11	44	17135	4	8627db4529112e65d009d04e909914660b0056e08212d9064398bc0d3fcf1f4e
12	43	12545	4	bec08244f7eb9165b3fe367d878cd8146299efac9dfde5bd8b3e7d1722a73314
13	42	7907	4	4cb9bdce56c12c690c4547c8e5578bc59b4ab7534371b89af161e574404e9059
14	41	3638	4	74ae15e6dc9d24af27cce82d3240ba003d4127d0f2da542228029efd651d6b02
15	40	391	4	d89eda02e639ab02b8c26fee7f1aa07c505af37a2e1f38dd08a69de3777f6739
0	56	3287	4	69ed0772a2841eec25748a14b56b693c8a1bd4cdbf4df66d3126e46bcb496e13
1	55	6370	4	d7b987d1efeb667c12239b0daa5b218f4d0f903a0064437bac71c81bb402a452
2	54	10352	4	3ac25e687ac60eef1022fc67cbda4b2f46d54c088aa262336a24903375024560
3	53	14566	4	3725b436908a518bbfcc2969fd1fda998e78fd998b08c653969ccf86a435a07e
4	52	19004	4	8b3688c7a3f1f42baee0e2df8231620495ec3225af6f1ee985e0d36c49f566d1
5	51	22904	4	0d6705e890f6947cc7d04e105c7caf2e6d25e74e36c708a20ab0667d72ea0597
6	50	26304	4	6921b65cb59d8143d3316761b8a8b15506473191c5210ed7cde4d814008e6261
7	49	28218	4	bcf4f7f65986d7ffe630aebb175dc2eabcce1b52af4f1da4d3c57cb20208707a
8	48	28344	4	5903897871084a481db3724f8e703a41fc99df62319dca57467741a81dc1a12b
9	47	26142	4	8a9893fd3537c8f262b2a08c5ea9ff5f50a6e4eeae27cc17def6b1ace4c6ecc3
10	46	22794	4	e72f2704f8f70affc40545345db189f1c29582acbdad6130650aa83840b591d1
11	45	18312	4	48da74df6934bb7f83c73dfd6603c89a9ef3d38f8b661683fb0a8b7a3ac9d0b3
12	44	13694	4	4f67b8a061bcffd061448b338a330edc3d80637ae28642dec9ef9eed14fd23a5
13	43	8884	4	eb178a38755dff1b9ad1270b12126cae7d05b7f99049a45073aaf89ac9645195
14	42	4669	4	e70a53607673e3f8258fec94f7dcfa70b97b26f38c8445af3cf771b798919010
15	41	988	4	6b4690cb0c87eeb672ee14092c55dfb4d361b31e214469921cddaf0e92f42da5
0	57	3198	4	6b8880ae4fe7ea1ebd8ed361564cc09e7103b29590f754a78d405bfc7b4dec8a
1	56	6308	4	f631402189a12bb53649551e41d693570a83ab3f434bab3e36429986ea6d93e1
2	55	10151	4	9f8fd59f55ac1bf24d65e6b4e51fece9fa8752e90e8b620b801770c7d1a0d443
3	54	14464	4	3a1eebbc195c1702f2b452ade89b15969576759d0471ee45e9382c5048180059
4	53	18809	4	0764462c8dd380db7716c56db8d885a286b980933117f23fee453a3a8b9e56a6
5	52	22931	4	058d5ae72a3e5193c012f5204b65e83dc466f5fcb2d920b4a70ffa559bc1643a
6	51	26364	4	6ce9dd02e58537b77e9f1b45b7aa5c253be9afb3b3d22f5f223b20944ffc47ab
7	50	28742	4	2dc65efc5da1fb7ea54b3bb174bf6f6e6217b40f281e05020154aecf30edef57
8	49	29019	4	2a8984070e2f4be60623fc19756c813f6f755c8fa418a2cad521600012906302
9	48	27176	4	eda4941358ce87e2388fa0b9c5b5b04a8c155522dc9265abdce02c9a1dcdaa48
10	47	23828	4	9dbcf15631bac0599d3d76562494915f0d8cdf3dc09f8f5c4e1200e5197a8543
11	46	19563	4	7d5060fbc1737a8f3a131702debea2fe3ef5e7863572286bcfd9b367fdd382cd
12	45	14832	4	ef73606bc035f35f0b6e6df927eba057290290055036f61a18b640a97da574e3
13	44	10088	4	e448e639cd18e4d7b755451766ba52ce157827023f65b08832fe4dc2d238dca1
14	43	5659	4	17bf8162ee35f1b479738bee0c80fa5da558bec3ff897e9d03bdac7b9c9d3660
15	42	1817	4	4fcbe9ef726545c5b401d293cdcb94725243e80d5411aafe55757a17c901f977
16	41	8	2	01cbdeb676f5a3d7c00d7403e6bcc2f47a8aa5e27c9159b2a3c422e06b846e75
0	58	3096	4	d8207beb7a787d7998e7db87f5f68be678d5a661b3cdecf96f555b7503a5a4fc
1	57	6041	4	0f7588026afa2e9ba0ebfd9c41794aec4ef5ac93bfe363ca0e25e859b07efc08
2	56	9795	4	440f75eeb9ea627436ae72a8e1dcf91bee28009b6b1a6cb10851710f86337d44
3	55	13936	4	a842da786c9d5d1222de4ca7cd860bd634e9c9332ecbabc3426ae9b398a8441d
4	54	18240	4	036820d8b9fb4edaaa1b5421987180c32173033c3a644d53e14c79ee02fcd7b8
5	53	22255	4	0c2f76bdf55b65fc48849965c6aeca98bb8b9ef88c63dbf5e6b5d682157fb90d
6	52	26282	4	f29693ecc422ca46f404e512f22ddb28a2e3111c18afacba375e4641b8132d33
7	51	28592	4	36abd1f1b0830c656ac40b4aee32db277339f0d6d6534b9c0c1314c96c43d739
8	50	29363	4	63f896e7ffd19f3257c86ebef4ecdc8be700d07465a61abb752428578770a921
9	49	27104	4	6b85795e7d27736a09b5356894e64ff77a11ffcaa3771df3e92c479295c40d62
10	48	24769	4	0a395a89a6da61b5e6538514109f47271a80a7e9b9f95d884f9d1b5b44ac74e4
11	47	19702	4	136f613147e1562b7aec30e29a74dd60005aa80eeedc841642f2cec8a96e5d1f
12	46	15919	4	ef33b425c6d6dacc75cb424fb55597952b0465986fbc9b875a3612f006c113f8
13	45	11036	4	8f269ae20879c37a44f2b2f22bcb2735ca8ddb2e71367f01421bc8e18b3bc06e
14	44	5978	4	255b83c2d0471d7db5f34ddb1830c60e7ff8f73a5c18852e43e3c3e8b2784aae
15	43	2471	4	a22e7f2e767fb05444186f7087303861debb93add29d21bf31638ddb3127076c
16	42	85	3	c19d565d9095c49731162c84f686b536b243795ea4a22232e2dd61e696eec9d0
0	59	2989	4	9e66a4f9bd7e972be50730885f527026acfcaa0030e602c36dfce4c928dcd19f
1	58	5946	4	b519ddc017672a55cdc36245b216e8cf854c5002f91b9427bb68263657cee5c6
2	57	9651	4	6c7434c4cfd0cdc65f3f7c77d5b004b5e5f46ff843796f018f364c4a168b6e5c
3	56	13875	4	8e1c7a4bfc063750c630822b0416c6c8bf7eb6b2266bb76981ce86d49f2e0fce
4	55	18216	4	df15e55a4ab74046fe5e7b21d5addbbccd254f6f31686beccc7d2a02e6bc49d1
5	54	22443	4	ed3384e510633ba27ffaa9a3eba56833697268d6539888968dc2a35c12b13233
6	53	26112	4	18dc99a1a7f41847ccd7692a47e72758bc0b3800118e2efd62206d7c06f078a4
7	52	29012	4	b1ed148d2ac8ae97eb1a80e9cd79a78cc7914b564b4102ae7c36b598fa51b2a8
8	51	29972	4	ac86a505758f3f74e3a5beaee801f931b633c6e8fc60f8619d39462cd8196366
9	50	28644	4	e78f939371c23d284146e943465b03b23dd621eb7b6cc667a79cd7a0c5634050
10	49	25644	4	bd77083423c2fef0da93392c218d48c9a7e1da9f34c532308d4278ae3d32019c
11	48	21606	4	0374d232202e8bc562267f15116778007d1ddd4a64141dca0fb9b438acf44390
12	47	16979	4	37bdbe536f183d354254deca89744e11d02b3d40e5bb24a63450c05be07e472c
13	46	12219	4	70db19001f6a7c06b9fc72c6e1de101bea98ff86346ee30acbf5e9656aa5e625
14	45	7651	4	d6ecb5d3a7e3e4d1699e8b70d05f28735876eea883a4e207d5300143e994aa43
15	44	3618	4	5a3ce3ccc65e7a2215088b62a69a45ee04bdc650a117e51d1839f0babd6d89d2
16	43	386	4	e84077242d4c8f524a81e551c1d043e01276c0eb2ddcfb61d8fe6a9ea26df7ef
0	60	2869	4	9af271cf26caf9d488deaf1ca27fc29cfe5872ee65c3bc0374127a0a95acd12c
1	59	5640	4	0cbca6bedf78a95c5c1049674adcd278150c124e721d5abd0ab36988777de11f
2	58	9352	4	9817208399655af9de09965c91a43467cb18b34a0ea1bac1cf5b891582ecf069
3	57	13379	4	45ffe3bc8707ac4d835a8a49b3eb8e8f54d52411e234709e2b5107f77bf890cd
4	56	17818	4	39afa249a211235a58ba1d7928c031d07dd3958a63b9bc4634028d8e5a61e81f
5	55	21916	4	6d3a2591cdf7d6d9f25063e7679b56c7e6a6a64b37fd8fea55902d1fbe9d1486
6	54	25823	4	52e0b917864f91784e805ff872ec9ed648a8da54e8dd076fa56299afecdf2783
7	53	28740	4	180212c2ebfe3be368d93a65375f1a6cea12d9558b6da6e194287aa1aed94243
8	52	30218	4	eba253849bb6c11ee84a6c713bd29e85580c8a6ae8af74854748c061c0a9fd56
9	51	29011	4	c5423efe2010ae1a95016e8cb7047fc4d83e54cae87f83bf732f203f1e3e8f86
10	50	26382	4	273f177ab9a4a0e2202f7386accfc008c13f60b8becc3a6197fb281b42ab73d0
11	49	22333	4	e8f7b34fe4f563c5e75e479643ccea67ae0d81d53fdf814544c861cdd9822b1a
12	48	17944	4	097829e04f2e3249448537afa740fee938ffd8330df42464520d12b5ae71dbeb
13	47	13078	4	a9bc4a2e4bd8425591fa21bd8632c6f75e09c9596ec8753d520914c279fec07d
14	46	8609	4	7c48d6cbcb4e7db6de924edec31b7ab78f3202fad9c233f159c2b22a11b890c0
15	45	4255	4	318b731de7ddf931701da6bc1504cd90fde7b89cb626e78659bcbdb5f1f593b4
16	44	1011	4	06d160c3b92698a73a083a83c171a703b7cb38c00e3c4b1aac9871ee9e9fba6e
0	61	2744	4	de91ae728d51150928426ef93e540c8e70cb3b1d25e576cfc0ad6cbd46e05e4b
1	60	5512	4	a86de916330c1580e5cb1adcef30d298246741503c2b80db9482d4d506edb9d2
2	59	8923	4	65a850b7624fb88fd60addbc6e6e758bbe2ebdab4d2645d4835ab76d07723656
3	58	13106	4	76379d36558a62d468f130bd264b68b7f155c5c5180fa8a009043cc373bf4c00
4	57	17371	4	021d7a4695c37a21329af89f63301b2edf58a06a6403d69b114a540ab6f14f87
5	56	21445	4	6841f31a3a58d974433b19d99419b922b91ffaae88075b95d57790417a1ec8ac
6	55	24949	4	ddf881135b27ee34ee58041f3eeebee94ce95929ccc9fe2328f87b4113c0f5f3
7	54	28665	4	17ada4f6ab21fe78b5e03e1eca06da339f0b006bd21df284114389268709495d
8	53	29569	4	35274b9c415ea8b7102bdaa17b174046bd91e16aba51037fd94948852df4c668
9	52	29570	4	5a9f83807d15a77c75ffed49463f6860ae59d301bba2abfb00321c2ce6d77a84
10	51	26999	4	980f7289ac7a9724dd2567768678c7db214929e6f13e48f7643b8e789732e9f5
11	50	23088	4	dd00633d2e7fe6f744803900796fa3f640b0b73c780b9b87b5a9aa5acdf7da75
12	49	18827	4	1fed68388291018a1d1fa0c6cc42ea1bcb6163370020595dee86f1c0fdca5f68
13	48	13780	4	f49abbc201f83e7158e6008b895f2ec9eb140ce0da9712ca8c4520e9257a70bc
14	47	9416	4	e545e83caee4b0037516175c991b7978018bf0315ad55f6824c35a38f5431702
15	46	5356	4	76f4baf2baded5c6b0fe37420874b7a13b3b3efc68618889e3648e3cb1f0da57
16	45	1770	4	6d7893c71f33862e41332014bfe45116fce07d83c76681d1f3406734d64adf64
17	44	8	2	01cbdeb676f5a3d7c00d7403e6bcc2f47a8aa5e27c9159b2a3c422e06b846e75
0	62	2606	4	abdbe46161a1b540474516fd0f61bc53d85bfa33a5443a40fe95214bb9fc233f
1	61	5203	4	9669685779f3758c694c3cbf9b7bce78ced24bae258de8a7b29afa4157102e7f
2	60	8672	4	4b5e593bc21464ceca7c122c1ba1443a9e1ca2bb62a78a52cbe15d632636ae22
3	59	12455	4	e5f78bcc43fbd91c3e41de99fcaa3b626303a05ba3bb753e7b3a29a4fe0d7989
4	58	16847	4	6d73c8db5e005663443c296b22c7886e2b4404ae4bc9aadea3a38f551480f97d
5	57	20974	4	6a51d73b632f0b87e17dd36f0c916ee16d6ecf3642affa223d88cc1632ff31bb
6	56	24932	4	e5fc4808991a115fa2fc5014f571ed711b98838e557513a7a0a8ecfb204b99cf
7	55	27675	4	b3584ee2aafa71d8ba640c858ba8ebcd5f9dff68c0710c49d5814a6d12c86ea2
8	54	30203	4	f5c0c0eb19049f33e8eac06cbeb28581cd323a1adc569f02257dc2aa2f131281
9	53	29709	4	2c51b5b767800b3486cd71fdb710e7c40acc8264e13a354a25438cc496ae1581
10	52	27498	4	eb6faa15ee474a068e1e68bed8acd6a01a144ad999400d6fe3517e076447f10d
11	51	23684	4	d0de03e390ed550ba20b97ddca268148debd264bad649fb846a965f09cbee706
12	50	19634	4	f50c1f71b535d6bca7c7bc9dfbc03eb071c323c2f837a416963bbd8ac2292363
13	49	14933	4	552468b6d05f0c3753ee73c48325dee739469f24cf7810595342b7b8be10f80f
14	48	10423	4	020a93476d1f8142dd8da6b59f0d9d4cb7bb72e02df903317947cfdb78982139
15	47	5605	4	a8da7b579dbe8931fc35ecfd54cebead0a85a2987ab170199dd5e01807a82d62
16	46	2589	4	cf25916d5f95a475c6ab06371637f80c29184bc055d32203016d81032333138d
17	45	85	3	c19d565d9095c49731162c84f686b536b243795ea4a22232e2dd61e696eec9d0
0	63	2470	4	51c9450b1d69843c1da0d8f04bf675b9732171fcde385d92a7e80703543f0cd3
1	62	5015	4	0e195b2349a56141c33bf9340c4b7059a9e7957e5ea64aaea22569b451adff62
2	61	8302	4	fbfa0f9c825a5649117353d57ce92cf74a760e35bfa2630bff667b5eebf79f42
3	60	12170	4	6323016e19ac4ba815a1131bf43eaf21a77ebce31e36def0af5b3a5bd072304a
4	59	16027	4	bf5bc1a34398e566780bb9c62375492a018fef5a7b056d210992317a09c3ee35
5	58	20476	4	a3125024c2fb669a0ec260d01282ec41269d221b5ecf355213310a2b742b69e8
6	57	24349	4	a43f41f2032d5d5d609910101ec70151de32c4f43e84d2bea8da96624f8817a5
7	56	27769	4	2ec31029c08755cc6e18b1e119e56dadab8dc4589b92703be881b790e11831ee
8	55	29926	4	1a36daf481b3bd1df0a2b356adb2d3d242db15344377fcdf97539e82b5c9e94e
9	54	29547	4	9d1ff8b9b201aa2a1e3880fb475cf769eae7fcd16b0d880b16c5649fbb57cde7
10	53	27871	4	7ec73539e2bd03aefb591b7d0da3d833b9be8855a6792dcf49553ca10c6128b1
11	52	24520	4	94c8e5bab35bb85102013c18c973d462ae03040a6c0f058d2a0ee4c6629c1ab5
12	51	19512	4	84c74f9f8fb630ddb72c5fe4e580bb1450f12e05e15ebbebda28eb18451e6a3b
13	50	15827	4	36de9df1e9fe30f54d77ab53fcb0449db3283bad4415a19168f4e765e4b5449d
14	49	11046	4	bc178c557170f73db98494b80bc1a2099652b293f51a3fc0782e184cbe2a2d98
15	48	7036	4	c0bf5e9fe96216c536b2307d7b928140c51895926e45207132677174e43c1d10
16	47	3363	4	e6456f01f071764f1a9a839da0d59a2c280dc1111e92670eb33b37e81220296d
17	46	371	4	627affcfff22abfe9ff17d765d6d58fe8f0a6e2ece78b167c6d502f35b2aa5a3
0	64	2325	4	34a6f066fe0be2878b995119f1f899a183ec5c12d262d9382d1ae7998aa55953
1	63	4646	4	67581551dd2dfdb09da7516cdea9e9f037e8a2bf1f4b3ab8b0fc11625492b7ab
2	62	7795	4	4f68d5aad7887ef8dd92ee13a1a362fd81a04a9ea71c0ec14cd8c08a9ef2f3c5
3	61	11500	4	3bf997a95c550091b79540f0aa1a775bc4c1b9b0bc1242244fd33a84dfc32f32
4	60	15650	4	5499b48b0ab72daf32f942794619f840b5727a1c20413e968068cc106fdf50af
5	59	19353	4	f7d43ea4123053131f7753192ba5951ac9c09e9ba0921855d2ab5a2b68b74d6a
6	58	23639	4	9f46991a3f24ebd4e035951d6744f59c229e36f9603fea134add5c3828117471
7	57	26938	4	e80c66d4221f1e80b8e600976180b97a0400939f7bef356aec49bcb1ffb4655b
8	56	29234	4	0292813b5ee2874c4f5fd8f1766854f2a4fc9ff063a82e7596c1bf0a909bfe6c
9	55	29591	4	62e42f92a27d8141091ac81537e623b070a69ca7bcd7cf5fb260f97a2128d64d
10	54	27266	4	58f477bfc1ff9ac1ab53b1b09e89f9454f33739c143a7f8e5f25de599a86ff3b
11	53	24450	4	4951a4ab6df1bc9b39d5c8a89dbc9026c3d15eeebe819cec575e79a55e66d5dc
12	52	20922	4	101dcee13e769e962e94210f5853f7b5189f41d787a21f1c696c5545a9947776
13	51	16362	4	a63da86d14156ec61e0e52b09bc90d53cb51a314db80521357db4fa4037d4e23
14	50	11894	4	2e6ad976ccbb5d4c41090463be5d9fa1456f52b0de5e0391d7c334bee24a4888
15	49	7670	4	70af7849303ff5fbfb7c94365a96e257a09375681dfc6866d09cd8879752aa3f
16	48	4077	4	cee0b8e71410c69e32b3e63951d0ec33c7e055b252f1c5bc33536abec7a6c9b0
17	47	845	4	e28a63faac0f7a3de82ccf3b66723a3f9b6d04caae5232c769dc07373718b9b9
0	65	2186	4	5b16716d2b6ea6093c226a2c53ba132622c6e16e3b35684108e26acedde2fb17
1	64	4478	4	07b41a1f068092e8fef9dcbcf0f7fab97bc8c18f10a3561f5a3195953a08545c
2	63	7488	4	046b9b6f79f2f2443ff65cd6f83d0a46d950bc4f498e68fc9fca613a7edd1bff
3	62	11092	4	4432b97d38de6895345d00354e72028a8c3ba3f4367472dfdc213938dcee31d4
4	61	14996	4	b8c68dc338cbdd949782564d45d87ba03aa3f364650326675ba161a563532d07
5	60	19041	4	4bc4455d741c35781b9641b8aa85ec07548a4e70c170d753bebcb9e2eada31c6
6	59	22876	4	111afb8ec6e186ec537602c3a950516ad62447c35a300acefa547f756eed8416
7	58	26380	4	768c99a3a8f96895d6fbbeec5f507a1876be04f5da45d3488d465118527343db
8	57	28824	4	3cab4b5e3763384648b3f61db5a56d8b6879aec22853213329e1f2adf7bbc9d2
9	56	29490	4	b5ad1c4819f422f21992cacda026f0a2df5e06a9a57f2184bfcec51affe495c4
10	55	28083	4	a146f7570b39cdf9a4d70382e84c7e9a6445bef987af308b706e1c893e1bd1a8
11	54	25199	4	79f280de8bfd9a7ec7f33c82b76225fbc5a00ec6e28def120de7122f2dd191aa
12	53	21381	4	b66fb0a67e30e50f55b753e6279a2aa32aa64f6be7a740f2a191587ca49c7296
13	52	17106	4	fbb71c9d21e936a82fd8f671f770fd1726979d8c2e8a43892bde8866db7b0d0c
14	51	12690	4	26c216f064d56670be3ff3f94e9043940f69747e9b920e1d9642f150d988f2b9
15	50	8501	4	3369ad515cab00ea07347afbd6bbd80a91d5d5a7adfe0bc83b791a3806bcf7f7
16	49	4760	4	0052375656993f92860a3921bcb218b45c553a9c9ae5a65431cfa1b8a7dc9b14
17	48	1660	4	0b08f1600df18f2f0a44cdc0e17a91d86a6c522c5e81fa65b1fd4a5398090e2a
18	47	8	2	01cbdeb676f5a3d7c00d7403e6bcc2f47a8aa5e27c9159b2a3c422e06b846e75
0	66	2047	4	c5d70d35889905d5d7276f6dacc67cead26592676f126718758f1363501e7366
1	65	4205	4	44a139d3c1aa2984941aeb848d30f351104b17f9c1ceb458fbffb29e3182c08f
2	64	7062	4	3a7aa7caa78963796f3dd8507a00ade0f54beb66ee08d9a1ee99b71ed698d6ca
3	63	10340	4	963e0dbfa1cc016f7f1d731200f6348c7df3ffaac6f566b28892fd6c7bcac0e1
4	62	14293	4	738e77ccdd084cf5cba724455d470bf29ec07efb08d8da3f2de0efc53590782f
5	61	18139	4	14f288281c627a10287d16a5c5fbd3b2eb15129822e6e53c8796eaeba8871692
6	60	22032	4	9c881a270b183c039ae43f1c6675ac6678380f21019b901acab96fb73662903f
7	59	25271	4	66ba35475cbcdacb4d9a0622347524744c5e86031192ab821be971dab26c3243
8	58	28072	4	5a2d4b9f4ae96cdd30b76248fe2540a6e98dcc210b45285b5fe6cf2913e68910
9	57	28879	4	ab598d61f78a7fa560dbd69afa2efcd66d607e0b5f48ea4aa2c39d37ed7d5fb0
10	56	27949	4	85c5eab04a492f2ae96669ea4f7aece8c196b38a438cebb94e931b22f4d97884
11	55	25057	4	b23565fe004f003613c5edce56023b4a4563c2f107d64080e1dc12c7ad1f8930
12	54	21708	4	0c545500ede375662e24aba6eca99a492476f5fa7e5e923b41b930637d2a3d5f
13	53	17486	4	fcbeb20cbb405ac40b13dcea1ce1c10852f9137ec323e528755c195e5819d52b
14	52	13269	4	6f805b8e524ed69f42456456185a476a545066de46d7f5e9e8ad2e156bba30e2
15	51	8970	4	15247a407775048bf11cbb6a413af95836b66af8a4de91270ec6182bb893f8fd
16	50	4887	4	a0d6d45b006d83ec70adc42687dc83f028fb4b6b5ca24d47eec1cf4c76cc9c3e
17	49	2123	4	e2651139f688385bacd5c731f7baa47a712420ee6bdb8f87e75c029d7bb66a29
18	48	85	3	c19d565d9095c49731162c84f686b536b243795ea4a22232e2dd61e696eec9d0
0	67	1915	4	6057f6b6c00756d7d122a023bb3070eaac633732e4374a9c359920c0468c36e2
1	66	3941	4	8461e1bc91724b6f0bf8b77260774d939a0399bdcbb71f8fea9cbbd2072a845d
2	65	6556	4	dab41899bd7520ba7f365be6da59befb33c72f4343234152c91cda44daf40c70
3	64	9945	4	ba542f7365d444b68d7401ac80b429e0a91d7c6caa8b7aec7c3f8d1a18ff088e
4	63	13584	4	e670d1fda3e90db10382eb9dc1995dc239a59e02f1698f5bfa3a726c200e3a99
5	62	17272	4	2e5ba3a2a369f46a4b6d9b8b0a29c5f09166d80c266d7a508feffe1a27a2db0a
6	61	21146	4	f1d350bc53e181559ad4a1fca86103070c517b550a5bd8dc74b003d641e49747
7	60	24646	4	dd359c64f6264be32b108a34885d3fcc4b77dd3d6556c8812b32a3254653a5dc
8	59	27051	4	f5240896fb14bcbbf4fa78e5bb4cd0e9fa41b18b874c292fa2b9268f26243f5b
9	58	28388	4	0b9f4b13995c35bc9823a3bde32aeb04d053f202c921b8d0d27857627058c67b
10	57	27694	4	c68b38cafd9e16937ca7bdc06c4e1dcce670c1c32d7a839751283e3df4ba2092
11	56	25189	4	a3d3b10b61e20af9721b8bf7e2d1ef623195ae80e19ab3176867825c60644c7e
12	55	21969	4	81b253f1b01608235d0c6eb8fd1615a4ede1efaeb5aa6d077ed7b43fc7220d50
13	54	18011	4	1b6f3c13681ecdda39f8032e164235fe1439e18a0de4e0458e1ec8298edd94e2
14	53	13685	4	e6823753de50137bc9972635ba50b03d0dd075e5c159eb320a97bdd2eb1b18a1
15	52	9748	4	aff8ad173b33ee28643cf6977e38c1f315fdab166ec98e0823ee9ed726510b41
16	51	6032	4	4be79c84fb49fe7c2ed28c1a4f7fe07152bba436a226b01521fd999e80b670ce
17	50	2829	4	fb0d8b0e6240ec36d3637f25fe7b1dc8555dd9db2601c2d1805918bf1a0585dd
18	49	354	4	5c045e76453c11df1f04de18a6625d7ec3dba6467a9de632dd59e19327134112
0	68	1785	4	3e64da8ace8a5ca2f8d70fb7f191b9eac2ff98d839282ba28d20dc5ee2c3a5d6
1	67	3682	4	5b54243b152a1d69d121baeee31b4ec38f4ae9e5572f82718ccc71136a93f6fe
2	66	6227	4	3689ad6af6d86a65134f61dfd0cd3ecb99183e268b70f88804045556396995c6
3	65	9362	4	a1d5f37df6f7a5457464bd87bac5795ccc88462dd9ba97f43a2e68ddbd5e9eb5
4	64	12630	4	114548702ac2737f4c720722d31f84b303b8c8551840794620e11b2a05b03791
5	63	16513	4	f7d0b9c08ece338d3f0e86b594d8b1d4701aa8da29ca323238615de9a449bc04
6	62	19818	4	d9980ad7676dce43319633762e396e6ec9a4022b08b74c125bf2f7c10e5c45e3
7	61	23615	4	c9d15965ef4ff71482258c39237902ed94808c0e8dd8939dbf6408197c73d1dc
8	60	26311	4	c644f14ef94579f4def22cac0e884617163aaf404730d92467312025fd415051
9	59	26985	4	1d8e9e2d614c757829688cb4b04800d1f66e802ce32e79898427db64d8607eca
10	58	27264	4	925b53f2075bbbabf85b3bebc90f067f69d3387b38036e52544d91468f651ca0
11	57	25189	4	a3d3b10b61e20af9721b8bf7e2d1ef623195ae80e19ab3176867825c60644c7e
12	56	22083	4	412ab0569ec614d96d239c33851807dc5f2ef7b39b3219491610f5416466f6c4
13	55	17601	4	6226ef126fc0d022af69cee249bacbbc1cb7d7ae000a97d1f83e110ba2ff5ac2
14	54	14013	4	6539bee0155294f4fbd0e199b7abf8eb73bbec9e0273a03afcca3ba8ad9e103a
15	53	10229	4	24a6a86e0fe036e2853fdc141bd8381d3f845e20a460b16981e330390e9662fc
16	52	6598	4	f24b3fd59a4ce1a218f5e3c4a66138ab217d37b40a6c250c9a8464d1f8d6900d
17	51	3428	4	0ddea29f5252cca181d6a209f31b221dcd33d7eaa417651efdfd649832fb2edf
18	50	861	4	b6333d8163c707b04cc90b349be438abec0666d5ce623f952ab87240d971cada
0	69	1662	4	b06e31fdb31a7c5a23dc67eb3544fa10d5606c5082a69d63d0959cc9628b5b01
1	68	3432	4	eb9258f3ff57104d1852a430429d7967bc9af3ba970d12c358f9598bb4678dc1
2	67	5823	4	8f72a21ddf9ca909395299335517e180c5888c15cce630aa3528621411c78a9a
3	66	8790	4	01528d63f10aa04211669c286d4e9287a6dd326e89734fe17431990940a10e1c
4	65	12123	4	16555172d1c29cf04978225800147a36c702b3da97e2cdfa73cefe01e21a1c05
5	64	15703	4	39fe104a9d141888ced68f1ef6ba116a35f0e4d8cbd7c76e0576d345a0ccf78e
6	63	19249	4	dc0f56ceccc59a09b7e2c31228d1449266cca25f812debd0f1c0a7b9b14236c7
7	62	22668	4	7f4e55b92beaa56899bb1fbc39f81fb4b92bc2585002da0907dc213f6c8b5179
8	61	25328	4	5def667b041e80602b9241ac0f24bcf4a3b356a41b3418700db6b55fc85a0d4a
9	60	26748	4	94c2b41ccfadf88be06d66e085f3dbe354a017d4256fba72fa37d50a0d7e5370
10	59	26701	4	9dcdd10c60f9126c39f6356a012ccb3e5d007e7f318a5f0e8d6c70ec8b264ff9
11	58	24993	4	cfe7b87ce7aa8c21d58fe159d6c9bd781195a0e08f1f04000b37442d8b82eb57
12	57	22070	4	5ddf99c6b9d9f82f705ec67028c8d72edd3b04346f5f9967ad5988f2fa95ddaf
13	56	18488	4	08dc17315a11a09c88bda899f6f2cd0b3238c25cea4d0200143c6cc08f46e955
14	55	14577	4	b6fb82969b0299a781578e7b340c49d9288766d75071801b8fd94b50689b2a19
15	54	10703	4	7659905b8044d83b08838820c3db4b8c7fcefefa0df8d7a633279a4e2e1dca6b
16	53	7089	4	5ec4f53dbe1ba7cff9aae5c475105d7ae8c4b7cd23bfd3f211a85041506fc9cb
17	52	3960	4	fb9f24df8fd7b201ec41ad21e6cddbfd49033104ddb33298dd0c07d84550b0e6
18	51	1398	4	6696036272a41217eac3b3e7fbce5d778970c9958a2f171282961bac2c9132fe
19	50	8	2	01cbdeb676f5a3d7c00d7403e6bcc2f47a8aa5e27c9159b2a3c422e06b846e75
0	70	1541	4	487a52111e27b6490fd14a084b236e6b8894613b63c7bb6162eccc078ad9da22
1	69	3188	4	11f9430c9eb20d82bea1c25fce4770583dca2afa2892db2c0fbf25f23f918281
2	68	5337	4	4480bf968ddd1d4003c56f063d65193cdfb743718205b0d616b38dc788c7731e
3	67	8142	4	35c969e793f76d5cf1e62fa90f56f8be552f387ecb18234d3be109631e8163ec
4	66	11381	4	fb7903689657578f7027ff32c092d8936926ab01eca3157551de58d7ec6eea10
5	65	14629	4	77da2fbce86e900ac9d953c64c52b7d1dbbc776a02928ae791d6ea0256cd847f
6	64	18258	4	7cd58eb678e3bbc2cbf527218d2e88cefb08bcb166316dca65c1d3fe3a4c7015
7	63	21267	4	5c9b2c3df3fd79b6aaddee0de992e9855c91a9b540be79d42ba839c6dfe300be
8	62	23823	4	25b6b1e3d2691941302379130ba620230f226f6ee9dbea497b179a666bfef281
9	61	25791	4	4333394b3fecb0bce315ba0c41c8d537a41c90c7a3167db7f5e6bbcff31efc29
10	60	25999	4	3d61d9c2b1b268d70d9ca79f6c56edfb73c2f9d953ea94da393e0608bdf7c30a
11	59	24009	4	aaed4110ec1664cfbc4fa4cea11519cc3b5a6d1fab7c216df9cd712312c42aea
12	58	21960	4	d18e2b2ab1f55ad56666ff30abf0aa34c183f8ef44cd42f540ebe921c5ec79f9
13	57	18578	4	d47fc5d0996d6785f7798848f899105614633a6a4491a5f5733983d38d7d6f5c
14	56	14700	4	cb6c87d2bc42360bf04e9057cddbe7ced44f601d8ffada57252ab7e3c66b54f7
15	55	10824	4	da60791487ee3b1f6868fd5954bfbecd673cec9ba1b507d5e92353e08204d600
16	54	7537	4	e5da99217aa2da6f8d9bdcf8e42c232065ec9e66976bb1f003522c53030fc483
17	53	4032	4	9985f3a18ed9d18e0b7cfe62b3210782fb2ccb60f942d7f63f5360780004149c
18	52	1894	4	276abefcf197e3b2531e97567a606fd6c14de296e815fdc6ba99646e7a9783a4
19	51	74	3	9f2960db2ca1504f5ca677dd0b76463831fa00fc7acce3d9c6f37adf99c9dae0
0	71	1427	4	7831df0e96c6c8aeba239693da804cadbe2966e9ed4d9956ef4a6b2f88ed9416
1	70	2954	4	15f66f64c96ca9bc6adda3b32f42d4b0cde1ac8dff657ff95d94d0d54afc554d
2	69	5030	4	b5dfb10e8ef08105e96958c5380c5ef520de522f09a6b312ebe6d299a11a4cac
3	68	7652	4	533c9768524314b309c1b5e04c89e32d66c6616e476a9982f1001d9d52c93f48
4	67	10653	4	7f40095e0ce82399101e5830fe84402896e581bb5116d9191362649c20eef5af
5	66	13939	4	fb6aac3e8af111ce0eaf7be42d42dd0be0d734a62db1403db19ed4f67f546b5b
6	65	17258	4	4c19c1d1cebe2e92769e0d04702da0e90832aad244bd596ea5446c4bcb86da60
7	64	20537	4	357953234f9fd17f48e21d2cd5d91d9edca11b2f2bfc6f6f1f11c47fbdd88f68
8	63	23191	4	abc213367d07992180a87e312f9fb833223f97e4bace6a6da5c1f2875df6542c
9	62	24777	4	63e5f8e3abd07b8e6270b993ea5b4b4f9928b20ba8943941dcdff82c9d4bd899
10	61	25198	4	c9b8fc7595ddb17cf45cb46e9c259ed5d03e4ad4e4e0a1aa3a87014a8b7ccb38
11	60	24171	4	3eb9594542cd3c76b15d67aeef4bcd18dfb5b3dde8b90b34e3c005041e796f56
12	59	21790	4	c0e9749b2eced4dbe5d4b06366c592bf52636325ef2d608d1085697a5079434f
13	58	18629	4	df582ec1cfc42e083416bcb3acb2c843bdf12cd5fa33dc166dcf528c386c00e0
14	57	15050	4	96f62f173c0eb250f4ffcb13ed7cc2dcdb3370048105449c68813e392b96acc6
15	56	11425	4	723b7d35c9d29b8beee086222a5b99a42ccbd756ce383e083687cc20c9cc5e04
16	55	7972	4	636cbfc3b7420700e35aedd88d521722377076817d04d26b624fa67c0035c22a
17	54	4921	4	49369cfaa0875e09686e00688c910332e17f61dce30f69c0c9d651571b3b8f6a
18	53	2379	4	dde198fff643550e95d4bb64efb8fe52cc962e7e1be40654edf51e3f5d42cfdc
19	52	306	4	37513634852064598d8f7de9f988732085db63da57a81ba2511ff5944a26e7ae
0	72	1315	4	5f42286d69ec9a1e4f619e2fc36c2ae3fdf628a8f96d4e38f1f202639bb0f69b
1	71	2728	4	2b86079e0c4ed51a2ce25fde6c34cc6ac10085e7f635b538ba19977d3fb3b663
2	70	4650	4	ae5a620bdd2e470f723f0473c4959df71c56f8cf22d1d201396e1ad38a3c5128
3	69	7093	4	e06ea25655b4375b69b519fcd36f6785bcae2ae570cdb15dbd0cd17f064e67b0
4	68	9916	4	f6f41c4f2ed4f625126ddcadafb35482d886bc93b5e562b0c563d5dd405f5ad8
5	67	13040	4	a8eb3b71da62758bd8aa6478883344ef44c83e7958f2ae3960e97efa6e22bf60
6	66	16227	4	6ec2016a4d9b58a73237df4e0fb4521e81f57c59ed851f53778d235728671dea
7	65	19409	4	a510709dcab9eaed749c1c356a821f196b77b36e7b199c37493d5627381fb254
8	64	22036	4	5699a46ae451cd72c110b86c568c66a58e469ce2134cf857a80f967c26ff05e4
9	63	23667	4	6f915ca44f5b87374207feee2ace6fb1952a6f50488abace1f1ed64d4c5f616d
10	62	24237	4	b76f1240205aba8bf8f99ab721fd7b6aadf14dae2a391ace7774e15864a539bd
11	61	23532	4	fcfc4ff666e4fdb51e713cac668419942c1238301d6380378c4a245cf3849f0b
12	60	21457	4	d7e5b86520afb7ed3dc72af2105453513d012dbe3cc9bde7e337a8c80c122c13
13	59	18524	4	fe8b230c65ead9ee6eae83d752a87728dac5bbb5a95c51dbb399d4ac766f2777
14	58	15137	4	375f505bb50b843c5cb412453fd2d612a81534108f1cd0f736f550a89894af1b
15	57	11653	4	b6fd973fef0eb6283c33df2152513ee24fe5bd5d0606cf95930c7350bb98e7fc
16	56	8311	4	cca47f422ed3522ea48216230e256278c69d6e11c86d9a23e5c87c660e501791
17	55	5320	4	6f1d4d13c1f9e022365464a40022ef5cb5cd1fb3b0738fcc885bf3450cf27165
18	54	2808	4	6f41b1e1aebc2bb21a01bb21a2ff70da632ae8c8cece959a4ab4dc4f3df6dec6
19	53	726	4	ced6723a0b50c7fb5a70bac16c22ec31f2134209a445f15fef5455fb4e94a7ba
0	73	1210	4	e42603ca36a08708646743031c2a3fb438fc0083d2ef1640847ea324208e0f86
1	72	2512	4	497135c50d6e3651684e4266ed7371d666c49e6684b1b693b49117a7ade31076
2	71	4217	4	ffb7884074c7120043578161ab9a2818bbf524e9a5a24aba4fcc1a8401687f85
3	70	6560	4	4308aa779b124a254855fa16bc13d9fcaeb3068d21d79c248422f5f59e23691f
4	69	9035	4	f3d8027752f7ea7ba6230160a4795c5d9ed8a5fd59e0c806c90e0972f59334df
5	68	12040	4	531ac2893babda13eacc05306d0401e4d68d3326e51241acceebf21ad457c3ee
6	67	15206	4	69e844c376a6899adc7e868210f5a27add932b0cedf92d819bdb3ff0d6edaa03
7	66	18284	4	ef20a3f8353b2f80ead887046ffe94f72134ee25c049d0eeefccc27d41c9cfcf
8	65	20694	4	7083b72e96fe94684aa7d5d6980c7dbaac2b7a8da94295107b5d5b06ba307bb2
9	64	22249	4	1f26ddac53a25c8298a8a21a1c8eb64a81400e2063b660d7d46c25579129915c
10	63	23208	4	fb895917565dffb06bb9ad10a7114b34dc4e9507c4f4f7e2fcbb1c829184985c
11	62	22616	4	70b3fc793a3ffc37345d51bf5aedcab000d2c2da7f415bfec1b5c72facd84a89
12	61	21003	4	8a13c8b9393fd742f91c53284658bf3531b1940b8b0f6a24adb0145b14602d39
13	60	18312	4	48da74df6934bb7f83c73dfd6603c89a9ef3d38f8b661683fb0a8b7a3ac9d0b3
14	59	14584	4	ac9a2d32c933d7bdc6169db5d6d98bf343db06c08c36bdb39e8ecd4a933a97b7
15	58	11791	4	b670fea94ba95f7f00921c6748c3c9bae4f92bb732560890932aa0f66930ac40
16	57	8560	4	e069297a4b058fe1f372286eeb28b16b4da4798d497dd154152bf433251a5854
17	56	5567	4	091975598fab9f167c83e20fb82e69a602a1e4fa334eaddba75c025f41f05d97
18	55	3173	4	b68e6252871f9d2dcf3105bfdd8bcbe6b8ee732571d982cec0784cb5643b7ccc
19	54	1039	4	3a30712993f9e5720c749ba34b520d0d4a498e5f08a7ad5a75878654fd654800
20	53	8	2	01cbdeb676f5a3d7c00d7403e6bcc2f47a8aa5e27c9159b2a3c422e06b846e75
0	74	1107	4	f7e56b7b033cc9cfb2fe33018e0e76e593ac367b60a3cc0059f2f9ca7f990b20
1	73	2304	4	68fa4a5dea5402b9fed8085ca725ca5a50efac0042f5b01a52ee79fb5194e1b8
2	72	3936	4	7f28d415e9e3ef0c23a977eb50f8d02a8bbc882df9cc610023922c6cb15df5e3
3	71	5978	4	255b83c2d0471d7db5f34ddb1830c60e7ff8f73a5c18852e43e3c3e8b2784aae
4	70	8496	4	41b9c0e7ad5a201e75526d79acedff1252c76fa3e044a666ce37dcdadf2091d9
5	69	11280	4	686a36b9aa1cda928e48c74cde8b39f222ab3925c187a25389e37191116ac13c
6	68	14178	4	514226ebf459cabec63845aaf5c1a76ff672431c6ce6ddf071f7c35704b9069a
7	67	17043	4	16b42144c6953853d8c5ffd7ae4eb49a3da96788797c49ad612b651af77d2871
8	66	19661	4	45f57f4ca7468e00e6495e441ffff29067a1154e47fa5033b0cfaded720bbb2d
9	65	21340	4	b3bc9a8a79b9ffd25d1d93ec774784f5c75412b8ae44af7865a0c41722210223
10	64	22116	4	c9d559e20c73f6083015e255a16d937c311caad3b12594eca8630b61464a124f
11	63	21808	4	0ba960fce53e7b33b36c3f733c245962d02827bdaa43c5df773abc7424742a17
12	62	20461	4	0d00db6f2e259539749d9956a3bfdea62ac076e697a431a463704e177e6f5f85
13	61	18010	4	15d0e4c1a150818c991555c7c44fd85023a9a96796eeebbb7a1dc2b4eca98fb6
14	60	15019	4	73487b8db2c6befe53e374884303fb675703f937c30c16daa4e6df25b25e1a66
15	59	11778	4	f19634079ed0cf41c3d7f1fb6011430f480582cf355c6018229ccda87c9be1b4
16	58	8756	4	0b7b85f7884015a9dd40eb6d5d1909097005202e37eb32374258cb5ad6f58f9b
17	57	5932	4	6aa58a216e08ab2b2c9fb6c838a04470f1a14ea59174a56ce147053d5d492385
18	56	3206	4	6f189289caa4ce772ae2cad96504f83b7e13052c3ded0b478dd7b119f3f79e98
19	55	1489	4	73a1cafbe4ad00d6b4bbf37c5b2a77140e0e001cdfdd15b704b979ebb1770ccc
20	54	69	3	f055e13ca0236244b82b9495c171a0828857ad64e97b0922f8881cfc294a85a2
0	75	1011	4	06d160c3b92698a73a083a83c171a703b7cb38c00e3c4b1aac9871ee9e9fba6e
1	74	2106	4	b7686cf5f8c737beb42b3d7f01cd1d44bbec70d18eebcbc81321d17e3365aed3
2	73	3603	4	b32cda104508a63444fe9b53e0ec49b4b458a5f491f525ef60ea7c00eec199ef
3	72	5529	4	79acbafc116b6b80c3df378afebd0b4355c99187128145a92045e775ab0d8436
4	71	7817	4	6c9e0fd187866efc1e1ad1e9a641293f9c2f1e5f2cd28356a389413411cf00c7
5	70	10422	4	9607b163475cbbc9072c2ee13a18f53bc6a6946d52694f2685bd7a5ddf874c20
6	69	12894	4	2fb98b49874afb43489d04d19699d1d955f4e21a5a5b286bbdb9b8d88ef21c69
7	68	16001	4	a51008c79d5d63c121d6f656c1458d27d94216dee04d417e745e1bd68880f2a6
8	67	18451	4	5cb7bb24a60140753c1077f15510603300c91ac0fd3ef6865f7f0c91d5776f04
9	66	20132	4	21d9e470277bf163c900a4651bc414ed103ecc5976ed15e3c9f331141bbed126
10	65	20547	4	ce513921f40ce13b32b3546f18abcf16eb9a7d074c078270fc31689e8cc8c140
11	64	20997	4	1a9d2b0cd56313bcd0bbd3d384f35fc551cb3fa183e0bd5efcab62b0b60be873
12	63	19849	4	48769c5bd7ebf056a5b6e0d8a456ff83216644c7c127e04b5531dff661c300b2
13	62	17354	4	1525c0711c60ae26a993bbd5b1f5a7d83f5b06ea5ab5545731f99cde5ba06fd0
14	61	14888	4	bd273389ebbb3de9698765402c5bb3eef8d65bfd4ed1070eed8a2a821820e9d5
15	60	11899	4	c33c05d0d6439119302660e725611f3f0da35fa3fcc365ca64757910917158ea
16	59	8933	4	38c4212b0b3492bcf301d8d3db8d5bcd632587a958677d4e3c6bca8a1a1b15dd
17	58	6212	4	f0f8f2f697edf37e43d1a9eaba171634062a9e945106784a3886e8e01b2df814
18	57	3851	4	2f0206902877bb4881ed7cf0aa8a2d2141b49de7265f89400aa4d1bca2617f76
19	56	1908	4	24a57faf77aedf7720a1f687d8acb88bf1622c4174d28808f653d98e540c5d2b
20	55	228	4	cdc88484374ec1040fd7570a944511d488c2cf27544ba8dfcf010e409702c26e
0	76	917	4	b1bb88237b7cc193152f2f5978572ffa9f51ca844de36d5e4db151e7547401fd
1	75	1916	4	ce689e41672371a079bb2234a19163c2730308b922399050e8f0dc334f6b9935
2	74	3218	4	73e76865bc6363e4f57dc18069940ebfde83c0a1e2cb4485aa21ac5d4d587316
3	73	5042	4	27eeda983f32d24e9a74c7355ad83f17e843b2faba43f2f22a11ed2e167debbe
4	72	7143	4	42a417052e606037bb654efc951777210225ee490c52e55a3352108efa82af0c
5	71	9452	4	fe53f990af2ebf80b834fbeb58c1f0c81fe95bc87faa9ad05c32fe6708f2f70e
6	70	12146	4	934044615addd6097eef8f84514f163318fe480792d4a8b349bcad5ec6a8f888
7	69	14840	4	13c8ee41fa6c9761e23cb2c4d33f883056fe8871627c379cfff42c9d7fe16bf4
8	68	17054	4	e3f1175d8033c38ecc6c2aaecf9a674869709945303fb4a9e7f2026724d35e85
9	67	18864	4	b5b370157c8ed3d83bb174f16424019a77a74587894150afd76562731e119c4f
10	66	19764	4	169a7f415072e0bd053cedbff6d4ff8e96c774fe05f4b739867bde926c666730
11	65	19716	4	e43869f649bcf8817faa5f4070412cefb072534fb9290a3d03359d2c41127c57
12	64	18636	4	d6cf3d58ce49adfc6c6512df7779b43bc1e4d068484422c2071ad03dbe121210
13	63	17169	4	a3cb23851e41d6f58e8a1dfdb47ebec9684f407e56d8c569e49850eb6e4168e3
14	62	14481	4	3bf4590a920474a563eba2fdde26175cfa95ae920c7fab2c922a94cd095e782a
15	61	11804	4	028c26774d859487d3d6e85114e06b86b8f86b646b011303f8aa02047514059b
16	60	8992	4	286cf360519527e4ec7db0603ae422305aa3c4ee025eb9526b48af302770eb35
17	59	6278	4	6baf1af5d8a8e7b427876442cb695683941c28972def152712b89d469728e230
18	58	4107	4	8f7c58c20a01ea7a990288f44472db51477931eaaf777ad1c56e051d74ada28a
19	57	2207	4	cdeb65ee48ff3f69b72cca027a341cc0129ca7c24f75715110bcc9c94cdbcc08
20	56	550	4	f01f782d8c874cc4547c3af301a68fac8c4df40ee920892c07fc2c8d258867ba
0	77	830	4	c323e59733c1987d8454f35ace9639e12f74c5af62cb8f95c60ce0229aac3945
1	76	1736	4	6acccec6e63e461df5f6deb34479e1f48fb19bd5a4b62519454d73ba7c9074d4
2	75	2978	4	340f321bcf7a00933455ce8fab2c026eae96ba7a3db3c59ae8b2712febad73a9
3	74	4584	4	60aadd3e0bbfa9f29ab73d6dc92d8401f842bf6f8967d07fa08aab03ba701117
4	73	6513	4	6a80716244af84946a4e3441fc9445f84ff9a2a2a980ed38319082db6a6d56b5
5	72	8752	4	3eacea98ae08a65d86dbbb04aa057dae9fbac071f893a34570da5c5f0c4dbb82
6	71	11165	4	cf998a4fdb7787ef7ecc567e88439e4b4ef9c927c1ae7bc0b016736a091f9cdf
7	70	13715	4	749f91a29a31a4ef1cebc3cc846413ca3249939071de7766f1e1ff0048bf6c19
8	69	15982	4	0c917bc27d44dff363ff4309ed04e100db32b486ebae0edc821050fd42067131
9	68	17613	4	2bbfede0d7c807210f5553108af99724ca3fcd4fc9d99093f1f13ee215faa901
10	67	18547	4	a9ca0621aed8a334660ce2e8cfe3bbc8af2de262425c6f07199287f74a2e3451
11	66	18799	4	760bd8a1167aac89bf80ac49967e1aa6ff3d3f10b69c5d6d0fcb57d33974842f
12	65	18208	4	851e3a46b6969af41eda2cf57d1a5a137cc751ff0aac5e64e74ed0da080818fd
13	64	16587	4	4338ec1614fdfcbf0b70f08c17b930148c5bafbba8e38bb12f3f19357887ea21
14	63	14250	4	38d99d8a40036c7bb0ca6d46ab7c711c55a1f2fd1359355c476772d90257427e
15	62	11633	4	4643d69218bd411b9562d5c544cdbef08f3ad88d5e8f65b66daa3038107d0492
16	61	8972	4	e39cc99f90d7dc3b541e2f987e8c509d44749ea15706b9ed513ac432d3acfdc3
17	60	6488	4	96e4e6e3bd67f37ccb46a870114454b2bd2ba7df21ab0758c4f5690b280faf44
18	59	4297	4	a005adcf8bed677b0723e3ec29c4fb2c6f331b5c78147f21b31f7218ee8dbafc
19	58	2456	4	86c67937264039efab7108e27e46fc381a1cb0b7a07a4ff2d276c6b627fda168
20	57	940	4	2a3865e36b1b2bf1497eae799477f493d86af606a7b0c2ee7367d6494d8924af
21	56	8	2	01cbdeb676f5a3d7c00d7403e6bcc2f47a8aa5e27c9159b2a3c422e06b846e75
0	78	745	4	833640869ba88d6adbb1464602a802b2ec2d544057d8cac6e757d27725ee63f9
1	77	1564	4	69ad8983a71c34af33b6ad7c720c6e496f7d08ab3e6fa33ee44ebc778052d910
2	76	2686	4	f5f61f660d89c228b175b72c4df256ea7a6630db206cb4bb3eebd32b01778c0e
3	75	4104	4	7b47ad001c0c52f8aaeb826c4e932d3e54101bc322b1e553cea42d6509a28931
4	74	5801	4	186a683c45e35eb81e925b474bf715922790c3ff7f81c53588407743a61db4c1
5	73	7949	4	7585390951c21a16c46e073773426c70af52e6f8fbb27533dfa809b4a3986871
6	72	10192	4	a87ea23e28b994bfca66bda65580617f595e02b4c8e3a419c9fdf8da26e0a6e0
7	71	12383	4	af67f0bf4f9b17426f2b614e5a136e3fbe7f3f1c4c40d9ead8eed579a365caa6
8	70	14758	4	9e397ba1059625b29fe754e51ab834825c26e99b309a93213ae5d401c7ab1a34
9	69	16076	4	d328621398e994f64c489b20e959cc9f128495e37a2dc508b9ee073920d0046d
10	68	17304	4	8dfc3aa89a46539e5ee22091ed14ac7301dfbcbbdca7791001daf081ad68dcd4
11	67	17543	4	8681e141c4e234a72edb11935b25c5598d21e2ebace0a52951f7cefdca169ee6
12	66	17259	4	2cdfc69a40937a6a6b8a5800b0011c5079bf5a368a834db1d4a7edf781d63640
13	65	15923	4	a62245697728c82ebfbc7cb71b9ec230f72814c80ac4fa0e1b017cc3cce5b605
14	64	13694	4	4f67b8a061bcffd061448b338a330edc3d80637ae28642dec9ef9eed14fd23a5
15	63	11022	4	b78956586f99bfe719beea5e102d1f2625941cbb615ef4038016f02e13acd448
16	62	8892	4	0950e12f1ca340dbdadcbe558b5e3e32ac8257ccfd70d6add6e8166c4ad59d1f
17	61	6533	4	af9f23b1a30fc6a5f9aaa1121430e8e8da8b33129c512ae5fa782af27b74bb87
18	60	4443	4	8fc8d847fe88e5abc8fa847e0da57cb5eaded57e7181ed05fa375c92375ab016
19	59	2445	4	4af52a68f7ab87c8740ba540e96ce25d2afac4a62938882425f2349cdb3501a5
20	58	1208	4	29754c6017daa548bb23bdcf9bf46639cbd8a14b54f0648d80e9f117e0151d4e
21	57	61	3	84befd363d3c22d34bdc8001cc93d5eb71539b8b92a1fb726e481093c7d10352
0	79	667	4	e1d789df332276671d10985367b401b015e81649ef90e022fb4cae5bfcf33a1a
1	78	1402	4	0b7d56267f8fa20655de1e925b88158b15fa4b43b2900f883315e9be422343c9
2	77	2359	4	c86081996a65e76e59e93946262775bddfb34e5c4bd196d94ed1acc5d092dcdd
3	76	3722	4	e15cc2d6e955fa753bdea8350d6a6fa65c2c53cf74efdace39b39021e2a0a0ee
4	75	5306	4	6579c779cd3a57835f4ac9ecdf911548fc5ac470697cb76a5ce4afe9578ed6dc
5	74	7093	4	e06ea25655b4375b69b519fcd36f6785bcae2ae570cdb15dbd0cd17f064e67b0
6	73	9254	4	2a7741a40b4ccc86ea0e78a91d6be6b1526b5451ae498c1f0cada2c996d0bd6d
7	72	11502	4	7a504e05443e8c17484b3c779305aa62e9ae1611fa982713de991fa465ac54ce
8	71	13382	4	70bbd58b56e0970d282d25b2b824be3e9116918cc0fdcd79ceb91c59800f43a1
9	70	15090	4	22367729778ebea76a35cbddd68c1dffd5e20521e2b477453ca057c6a8f0b06b
10	69	16052	4	8d4225dcc4e2bcdb4ba4b64bc2b6c671d355b666b10981a2dda41cec84cade61
11	68	16304	4	a65c7285474c29b2965bba12fd4853be3a814829834f8ef83c9aaa08da35e02f
12	67	16263	4	a569ca08c1e63d605ef4fe63b263f681f00bbd45ab8d386f29cf3550ce061b97
13	66	15222	4	31405371840e583c1401a7c2162eaf99b568129b11d7a9ea32ccf71674761ca7
14	65	13234	4	128eacd57ae7542ede36e94b26b960aa779b48bd50d6bdda4a209a1c542d6e78
15	64	11133	4	c40ebf8fc15cdc8fca50fa9184eb706ec4f435613e617b7556fbc288356edd62
16	63	8795	4	bda828aea1048296016b5b2af3a1defda90ea20b2a25f7e4a7a9f41a76b39d40
17	62	6453	4	3a61f6e6ccbd35c10f813e7de93b8858daf13ed95dc0714113fd8b5d12c59104
18	61	4586	4	4557ec54689a257c7972eaffede62af44e4be4840c8206c123e61483f144f4f7
19	60	2888	4	807e421bf981b7a92fde15bec11f643cd1dd153c651f8c0e53996fcea1b4e43d
20	59	1423	4	f792b6909f14a57cb80c123c0f5f4352b87aacc231f9efe78cc76aac9171521c
21	58	217	4	0d1f45584479eb18c7517617a00b090b1cfb58cdaf52860fdcc6ea1256dda285
0	80	591	4	afa42cc3b4578fa383954273fde45d541dc9e4750b6245082e9fc8aa9142a12e
1	79	1248	4	f560b4a9b9d746053b7af3d2c485c1b334181f46c8e2bc2ec48f4d48fc24ac83
2	78	2151	4	bff92eba90e1ab97f0cc3b8b644e5d0a39c780b79a37ab830339fcebcfb98e4a
3	77	3325	4	460abef2f9b90dcffcf18df66a3680e4bdb0db42d5c5238bd44aaf2680df5a90
4	76	4744	4	d4f496e117369fdd0dffa9997e793faec1261afc951e6b8ad716208a23741cfc
5	75	6440	4	0faa7d970610f5fd823922cbaa83394d19c3bf93916986e6b0b70815e15b8334
6	74	8333	4	dfc6f197cd88a664a975228b8ef214ae3151397777eb82c321dc14be7712d777
7	73	10415	4	bffc10688e60b8e9815228568c11fac1fc3319bff5092a00e1262a443bc4ee4e
8	72	12344	4	02830968666f336a8a93185974066f9f5c81121e1ab8b2639fc2ce9db03689b1
9	71	13811	4	6e61e3e2e43f318b1853b83c5defcab1f4741d0817369efcf3e3da7ce0467ddb
10	70	14767	4	8e91dede391c436166ec0639c52561060fa319c91ceedb21207838821de5ead8
11	69	15215	4	3c05f228a6336a09844a0b50abc77811fc060f0db999844e6df3fe88c63423db
12	68	15133	4	630d36d6ff7b3e7d4df7440f99263ffd3131603c6103af2399908d5446b20758
13	67	14355	4	64d8378ca405764cea25aa0a508564c2406f5c779ca67ed7a57085c461c9b045
14	66	12758	4	a8de226e7ba0b9f9c4b21a20d895fdf29c2dddcb2317ec697fee267b99f1c8bd
15	65	10733	4	0e9bc8b2d55b01aa937f389e7ee0b0f60da2a1dda289a0151ef6cbbd0ec96e1c
16	64	8575	4	6d272e15c17648db106331402cb12a3ee0722604f8d1d7059ea9361ad60d43c6
17	63	6498	4	ac9818a55822962dc1235e5835e59ef57c671baf991ba1251f8f322b4131d198
18	62	4630	4	61862be8832256f3b56df77322844550fe6adfc87319e8c1cd8b18b756a6fa13
19	61	3016	4	efaa06ed044bbdf0d2e9c947671fbc460839439067fb09d3ce903c9720c724e9
20	60	1665	4	5573bb2307c622bdb25e46b73cb899ccf48323a49cb6dc9f91954fb23c832faf
21	59	477	4	6b883280192e06b7f8c2a464daa46a21741b1b4b6512f02bf6c8a45869a2f8e3
0	81	522	4	6de959679f56d64b4d43540e24d74113f35e33db76529e501bf469064f6b844d
1	80	1104	4	83cf462316313de14369a1d2bcacf43ee51cf0c7524d1b185515fed71e94c163
2	79	1908	4	24a57faf77aedf7720a1f687d8acb88bf1622c4174d28808f653d98e540c5d2b
3	78	2953	4	f48be5dcf543a55d25ba18cedb0d18fb53451eea54f96eb1e6694d56bdbca9d3
4	77	4223	4	015f877f2bacc7e44877c65301a8b7300203dffc3641ccfd49f07a84f907de61
5	76	5745	4	5ae7f298f934182573c1d19645c20c2ec3160b903518a8e5e98fbc96ad2a374a
6	75	7462	4	f4116f689efdfb570f9abf4b62a1cf0c76cb7a07294b24354ef3b78d5ad78bb6
7	74	9382	4	05c24b38f3db1b6e8ef70685ac8ba3b81362dbfa9df45ef2ee2b27812e838fe9
8	73	11179	4	4647cabb266849fb216310657d8f56070abbf5516078fc98637f1060850cb421
9	72	12576	4	c443f22ae049973537a177bdbcb768303c06535cfdac82d4b0bfabd71399eeeb
10	71	13508	4	aecbb05b7c2bc7fd8a7287bbcee7fbbb9daa4841f9198b57b37e34697894d591
11	70	13994	4	05eaadd4c70208104b06fc8b71d7831796d61d74f5644ca72a9ab38fb1f0671b
12	69	14001	4	f8e8f58674c0adc1f88473749215aea7ee1ce4d3b48f7e67875122d5eed8d6cf
13	68	13453	4	1918265c29c1340b2a433010e4901fd292d274bcfa85fa0554f775154ead87dd
14	67	12093	4	db72e88f88d14b0f20b5e954367d054369c44c7e5440905fd7544c5d85bc15da
15	66	10277	4	65c88620517b58667e09f5dad8c8c209903645f70f7e2db5907e682fdad2250e
16	65	8288	4	08528d57edc261abeebabe20f3fd4a70d0d82c19ae48402406ed3e16cea16a53
17	64	6364	4	3fe87e3ef0ed4a4517b8b086714a54f7aa79cf47ea385a2d1a8128f5469c416b
18	63	4611	4	2474ebc6a37f88a04b32b310e3a4108ecc70690c9d0b069eb2af902991cee3e8
19	62	3096	4	d8207beb7a787d7998e7db87f5f68be678d5a661b3cdecf96f555b7503a5a4fc
20	61	1806	4	52a793aead738ea8efc1bc9d8452ed28977a8cc73932392614fe03ee98f1f752
21	60	737	4	3566a749336b69947ba97f2b079b3c2637100e9633e0da31792f01f2ad280c2e
22	59	8	2	01cbdeb676f5a3d7c00d7403e6bcc2f47a8aa5e27c9159b2a3c422e06b846e75
0	82	455	4	071c2236744a939b92ebd012dc7460d122dcfafbd3a2bfc414b46d9fdebb4b09
1	81	968	4	14c93cf055e147ab9e0054633c93252285bbc9566233849db601937f564cd942
2	80	1631	4	53ac1e46b2f7be8f93e847caf19529bb0c8c25be7997552a0476a89dd0cf9dfa
3	79	2584	4	f2d261c12f020f86ca752ee09ba380ce0e29678842df5113e2170524b2a708c8
4	78	3721	4	a5f8b9dab87625dbe7db8e4071a084e875e6635eb9bd7822b6f1bb06752a101a
5	77	4996	4	3d7d2e22794afa5692cc0f843eada98225926b82a7f4e7bd5791007c4220e994
6	76	6563	4	59f41ac3983dc8de6de35cdb5860f6192d867606ed38599bd1a728fbacec5b5f
7	75	8338	4	f3f9f1be42519172577104dbad8e40e716744e262a215827d220ab849fbcfe0b
8	74	9933	4	1de6f3580f1ff06433eb7a69001d903e6316a9f9cb1a6c10ef9d7804ce34ee5f
9	73	11352	4	ab125b4cf5a9210b21f2bd5b5615889440976a52d47491a4dbe43353f95ece19
10	72	12259	4	5287073b5fbcc7822a093f99837b5f4b9ebb03331ee191cb36277dfe1ad5728f
11	71	12514	4	ab8de992c9ce090a5556894d4423d7a50ce87de9b6b20e07f29931a2e9821515
12	70	12846	4	a6d0c57713b0cf32f9c81f61caa513efa9334dd86258d07929be2c19f6d94f82
13	69	12224	4	e8537cac6c9178b58604fe89f08ce802aa0b6e7840ed7174b324ff3408dca75b
14	68	11253	4	2b05ae4f4f1ebfbaa3596a558b3bd09943096fc4a1dbe798faaef8149ba0cce6
15	67	9710	4	115e72d26be826188d22732a31a8f4a2aaea3578cbf30f9ba16a807204ad4023
16	66	7947	4	e249b37092eecdf1e023d039012e8d78229582cd14f6731474a57396408e6b0c
17	65	6082	4	d67cc7e673fa22c6c7bc29597c495ef1d4bab895f2b30e5bb3572ef017bcf139
18	64	4545	4	d8173536b170449f4e6d55701cff4b966f72491266290bc62c4fcaef05bbdde0
19	63	3094	4	5f932e664a6363cc819f26d0301f93364bb6a9bf4418507d1da9c95273a9643f
20	62	1767	4	a741766681cb0452774697af0a8650b4e81660dbb6fb0161951e564a993acf87
21	61	904	4	4863b56b658440f151e7abea2175107ab7330d68257b236c0b4623ee3b06a5c5
22	60	53	3	40bf92b01b80b1e22826164186ad3d67916dddee7aa0d5cf677d0b9c177f075e
0	83	395	4	03dbf5e1ac22a18bbe0dd43a87d3c820b853a1187aaf512e92f1d98be0a115ed
1	82	842	4	f931abebbb3d39a180ece6d26a269049d952c55fec6c4976bb3318a432c9afa0
2	81	1463	4	a7b2b956140d779893370be0aa10d61ab655dc48a2c3ebecac1ea6d972d3870b
3	80	2274	4	ea4e17a84701977b60dc9987a5bb85a3b5a59acd049980fb273ae6309094de11
4	79	3202	4	148572f2aa731b7d0a00b7fdcccc5861e12bd39ece4255838b2720fc7f1fe962
5	78	4445	4	6473a2cead8a36924dff3071417a896b741ac26162915bf605ce0bcac5348e0c
6	77	5820	4	ebce0ea38e73fd82c3ba0eeb7035f04ed1ed926607cbfa63113f6a8504eee8cf
7	76	7407	4	b89740524d2c4f93235bb9b16d0a449edc3ce5533792a299b536f7e3aadaffd3
8	75	8940	4	9bd1acb563cd9540c92c7787ae5578bc6e12a4c38c4d48b49c09a1d967104019
9	74	10069	4	10e7c179d9107fe02b73c67dab3ecea8e661d137d5fc4b399686ef54bb7f8bf5
10	73	11032	4	23ba0a4fef18363020b1b0a1f5c4883853e944e542eb091fdcd6a97873185c2f
11	72	11545	4	8f4bbf4c763338aa5d8ed1494d073a229b96cfee0ab34375a003aa940aff51e9
12	71	11684	4	80150cd2c02275fb88aeec2564e8404a29a9524a9e1d8a51e231e5b4b47919fd
13	70	11462	4	441fb3fd1a8fcdd70b3a6745f079cb62e5c7cc65db4a3d4cb8a3cbb0734c5f3b
14	69	10527	4	16af36f8a368d1908fd31196cd56fd91dc8a68a56b03c88fef56b25cc4d4a146
15	68	9220	4	d4f3fee514751a4083bde9451b577551d4c72375435b2d200e19a6a86cfa6c16
16	67	7360	4	ce7cb7d61fb85fb52b71da2c6669a9b56e6df1ec3badff0aa9ffbdf9e2d8e0f1
17	66	5962	4	745fbb118f60ae8055e5cb11f32dd90fa68e43880e2a9af2cfb32ae074c0ab74
18	65	4464	4	1ca163d406f013666a28305ee36b548cae682d76b3e88a2b1e1a3a27fc7ad38a
19	64	3108	4	b17d6f5675c7a0dc1837e5d064c0aead02fa0130031526be57ed68b37b2f0167
20	63	2016	4	28e264c2c78f0bdbbe58c5948763d9e5cb2d98298d89eddf3dafc3484d8af181
21	62	1066	4	f8d7c465265ceee9f3b8fc1810308e95017f2de19fe6f0968632ad808e1d700f
22	61	177	4	c4108fe5c4d57d19505fdbb99958223586316edef5e8d71ab655e19cb1f91feb
0	84	337	4	ca481ca122a4328c677b63639060d3d4592c975a986e264521b1adbd5778ef67
1	83	724	4	aa09851fd1e4d4e8f625393ff612fd0beedd623c58a5e639401ba6bf488bb1f9
2	82	1261	4	e56713b8cba5569f69b680435a14c91b9aabffadd189edb9e9754ce4429fc873
3	81	1967	4	fa0f5e3b32d57bf1e05c25360ca6f6aa61446fc67e72df7dc3a477ebbb89d543
4	80	2823	4	c8d38736eb5a45b1c25f939d485b31897b5426ec073cdc4e4e1a1162a418c333
5	79	3855	4	1da06b25df176b5a8906ce5cd98769793c94939d51ae04b2d3432d56ddfe3337
6	78	5062	4	d931c096d060c71e94d412b00bd882cb50a9a61a28758fb73f4e27642e4e3f14
7	77	6478	4	436a3b61ad80160d01d4aa666fd6374ea10468f76a7b132f1af8543882b98d7b
8	76	7875	4	62d6fa637f8547ef8d3c0667f5f330b135b441c98e0f52a9f5b1d86637119616
9	75	9000	4	2823c563a773f806f447480aa1b50d632e5f3b24eba7a1f2331755fdf227cfd0
10	74	9820	4	68f56ef08c208797e0ea1130bffcfebdeaec734d94fcdbb345f829877e9df6fd
11	73	10322	4	6ad347afeaa32919b06814762589a982b0c04bbb5f48d518949abb31caa80dc4
12	72	10505	4	76086b79058a870cba5aff63bf8cf8fd7d3ad4ecae661e58b82bddd67fb8312a
13	71	10377	4	3d579c2113d3ba198035c8832fedc65786df3a01331d3a65a48fe3b50e5411c2
14	70	9758	4	567522171a437d9172395a8516f168d6529b1a8bac5235d8e8a3cca33cc7e16f
15	69	8588	4	7d644f6e97f9dc40ee86e8abb0dded97724eba5a1f387a9621c2b543ded940ce
16	68	7142	4	8b4b9bccf310817a166ee9d410064a2042ceb7ee4c88e2336fd1c68d66971aec
17	67	5669	4	ddeed470791dcb2882ed07645b5c58f9abd2c5b6336a129f7507edaafc71c9be
18	66	4311	4	a764959c9e2a8601a2ce5ccd7edaa2b113cb5db284ea308a769a7f7072a00986
19	65	3103	4	6a77fd3698c3b4d4c4e9d30253ed705a751bdc926c135e18e482ec5ed05193e8
20	64	2064	4	7adee54672e9327e5d70026e3ee036d35ad2b5ce0f621432487712866c4cef08
21	63	1175	4	03e10f8a8bf35618cc7a39e8d27a06cfa9e5ebbd09cd4bbc217471064b4a8bc9
22	62	366	4	da5f0e411d2b328db07b52743c9cd2866a8b317e82c7949bb4cd39b3de6adc45
0	85	286	4	42b5bdd5df7e2d40bff6c7a412693322b468a44ec9b26382154da05eccb67ffc
1	84	616	4	7709ac3fc5d3373b4926c52e0832d2c608598b2ab6062a7ab7f9076717c95f03
2	83	1042	4	ba4cac2a694102f14b5e0317311d0a0189cc05f06d158e9862291c0699bfec16
3	82	1685	4	512540c2c7c71aad699d3f94031f606e636ce89e150407e33a8e5b595df528a4
4	81	2424	4	65d33e6a0b32033c462c353089cd839e8d36948898f2dd972c85c83d54aabbd8
5	80	3254	4	e1a54b586d841be00d82b6b2938de8ca6d3c066279357dc1e5a2efc324001c4f
6	79	4359	4	8e31d6d49377587e10bd7854f52cf92179ac9089413a07537f641a559c90c440
7	78	5609	4	92024fbeb955157a515196994a61eb9747f7a9c11fddf56a8c84daccfafef7f8
8	77	6772	4	0a037b1f32729eb3836314558858daa8a3fd480158798be1c327ac02e902faf6
9	76	7885	4	689b7f96a29a555c798bbfc6ecef2db15f4e422ee362ba512feeedecba1dc0b7
10	75	8641	4	1c3e1777049518c0b392d802ddea9b167bd60ba0326e3ef419b94dedabf8e8db
11	74	9011	4	5afe5186a926bf2f4e22bb2e8e850945b42b618e4ebf4379c5f74acbc2c7caac
12	73	9332	4	af7b40b728193bfe3a7314db77beeddebafecca0df4bf66484f2549498e384db
13	72	9266	4	4543349806374686cba699b93a30a637f2fcdd133fe2c4d57f0600533dc6a65f
14	71	8728	4	4ca57c80d4581e47e33092089b2dad026b3575263abff8b9085a3b421b24abc0
15	70	7874	4	cd23adb2af3f2592d6617413c0bf65a0dc05469ad03d2f91cdd3d1d7e34c1510
16	69	6603	4	8a99c4f529b45f243f19cf9af83eb267cbc490eff57c5e3e35421811a8861cca
17	68	5216	4	85a3ae8a011e256dbd5da14c1013df0d88679f5e23c3f3b2d3b77aea51c1f0b4
18	67	4066	4	df314214f0aeaf484735959aa647daf0168ecd2f71b6f4259e89ac132d4a2578
19	66	2979	4	ebd18bf5fb6161adcb52d2fcb963f1811d0637fb1b0272b8e959ad6e73e3fc0a
20	65	1977	4	4af07b9d40b0eb165274c65de4c8857ae554f09fd5b72d93377e1beb8db0a255
21	64	1219	4	7646c753f960eae6858a52381017a306522b1bbe6722e91cf01a8b76f22b1286
22	63	534	4	b61c1df28f81b6d1ce8d39de56cd6a9248c9670062c9948a024e1823daa6e161
23	62	8	2	01cbdeb676f5a3d7c00d7403e6bcc2f47a8aa5e27c9159b2a3c422e06b846e75
0	86	237	4	cee440a2f91fbb678bebc3102ef450b204a9e980ac07915f8a6e7a9f31405c33
1	85	516	4	9a35eb004943e09e1232586a8832f547969acc31a29eedc7db77203f43a58814
2	84	906	4	521e9d74fe219c029c1215eb31587b24b7fdb424bd78b6fb46204b48fb0d3a75
3	83	1418	4	355a176a6a2158f05e5325ffb6fba7e3dc2ad8985d42a23a146d5987e68c29f2
4	82	2051	4	c02157f8787952ebed67abb3e0875dc2b760e177fbc018d9d5399025e3ac1b70
5	81	2810	4	6d7d5a2304630f15d3512f12bfa83ac312549ca26a9f07078618750abc68e84b
6	80	3704	4	86bcc04a9d7eade9cc465cf409644bae07c4442b82acc16039aa44f497af08d0
7	79	4682	4	608cc35a002d771794399734b7b77967c440599a282bd5b89b8033385b0ec699
8	78	5906	4	98d78f7a66f8622428d93626da1f6935577df414a0b9e4104640e19150a43924
9	77	6828	4	51ea6d8a718e4b2bf1d75893b7c70442c0a67dabe9acf6ec36d9da1f91b5f6ec
10	76	7420	4	5aa6ee773c47067ad029fcbad4b57ccfead683b99bf5eb9a32752b1bfbdad571
11	75	7971	4	45880401b4ac68f8b41a5099a5d849fc35a4b677541eae7d1e491c6f1fe3ea15
12	74	8214	4	155020b6a173467d89e8af99f7a87bfc352737691679bf9962bc143234991768
13	73	8199	4	10eca15ef5bce5b7fa297e5ddf3ca495dbd1007da672a802ec7f0eb0cf94eb83
14	72	7906	4	530292af128e4279eb35c3e731a0e8bb53d1692c8e61d1ed3e6e7041de813b88
15	71	7014	4	3e2cc9a776376ae679247796b2578a0c0b229d76673b4763a6376a23387cfa9d
16	70	6062	4	ef3199de345d286915bcd073dc085cfcea46e4c49a7a343652aea0655ade15bd
17	69	4898	4	108e2d2aca628387512571798e491e5216a644f29fd3abb7c554c499c9fdc9a6
18	68	3809	4	f2ee291840d5bfe85320dd21ac4bc3abb5378e3b7b06f6da08af9b4b2c8faf47
19	67	2817	4	5fa08ac5ec55fe44327e363bc3ba9aad043b8aa151599afb8de4d3a2c4dd290f
20	66	1978	4	2d316658e9dc45e8d27a82af6217253f544c5bf5ceb8f75f8779005936c5dbf4
21	65	1151	4	5bf1df37405b24e0f0f53ebc525ccaf09d8cbe26640c9c37325864aac7679a4b
22	64	623	4	818f033187930aa665751b858cc98add73260ad9b53a55b85b539fee9dfe455e
23	63	37	3	87554c73fa1ffed0843420a3778f8873ba2c6390b80838d977a25f283fd13a85
0	87	195	4	4f43c9b3497ba7b59a3716aed79cad1bd2b5c2e5a219e1e8199ba0ff69bf4cbc
1	86	426	4	6fb0087ebdfc9e03f75a08e404e4370f48178f10613bb2c3d527c87686fbfeaf
2	85	753	4	2607ecf21c2dd268b2b930d0cc42b9a43c3f1d26df2306a545c636aebf5bfb9a
3	84	1186	4	0ae29a3604303d50356e568a480fc0f2be2f6ea3a388c446345b2fc58f929287
4	83	1715	4	2ab266cd1882636fca6d7549e8c805463ae2d28f626b3a935dc4954c7fe9fcea
5	82	2350	4	a07e28c05721b6b9cd1aece76f20625790f224afba5ef08413c0c3f73396dee3
6	81	3097	4	0b69c759f569a692cf11ca65c0e9f9b3c82733e7e18072e5a1605c63bccc5094
7	80	4035	4	e13e278476a1e5f74ef8cdbdb9fc1a9aed6d5f4060500948e9cba359080fe8ed
8	79	5009	4	52b66e07decdeaa9577192355f18ae1b9518405509cb12ab8b84f494d0bf6497
9	78	5839	4	06eb8992e921e97f888a99fb24413aee1d409b77f70c9ea937fb724889e4412a
10	77	6470	4	337aed043d7a4704ec52a179816d423274aff9ff98f5f36393343fd07347ed7b
11	76	6911	4	6f593b311032e8ab3885e4e389cf0360509f0ceac92e37452fc531841d770e76
12	75	7139	4	a3a606747f203721843602a6afefc49d8124a62ad00619ab2aafe09ec46000ec
13	74	7176	4	a24cc48824bf5fec50d3cf648d464973fc06f0dac3c07dedbe2cb8ffe4903e22
14	73	6997	4	00d73d367d08a337385094655cff62deed827d84c2f2af6b41dec716ee01112f
15	72	6457	4	d175eff017edadfee0f8a89de14c4197b0099a4c00b6423c499008806a460b56
16	71	5537	4	1738ed122b7308770292ff0650cc0855b444a9df0112f9961a08aa8437ef3cdf
17	70	4527	4	c567264d23ca4e074969d73e3ecebc200acff489fe7098e73b7cb3f0158c167d
18	69	3557	4	d651853bcf2557f5d8174d098481710c6d1969d76bb1485e9b49939456825c25
19	68	2694	4	9e93158b7d54e7eacb0215b98502ad3dd450551448f064f0191c8c0171e6b88a
20	67	1926	4	29bad520506a3fc94b83a82f26410ec5a8b96759d834429887b6f9f543a29821
21	66	1265	4	66b0fd5904c851cb89d036bad68c3aef80afd637721c8dabc2dc989c265d40f5
22	65	699	4	609eea7d425428fd29de6159b5b2845cb78b944bd4d92e3206fbddcf8aced799
23	64	137	4	31b0ebabaf46ab39000be6347b2e3742b062d04ae051d240b675718a69b94066
0	88	155	4	da916fde44a1eb0ef02e0a78f7c9d81a63feb4a8dd2efd419c90be86b5c2f106
1	87	344	4	f0484d29ffc4a73ffbd1af62e7721b8ed69e5747766fb2844173debc1e2d9080
2	86	584	4	b6cefa1e9130808aa98dc6a3c76ef21ece1094ba2e5d8ba4a9330c0ba600f99f
3	85	969	4	e3b1d2fdebb829f50a8d7b0c2e4a048e09d41035d77cc598452f779ef09134ba
4	84	1405	4	fead114c4bdc331a7ca1f5723f0415a530f85d93e21dbdd4fa643d5fcdd2160a
5	83	1886	4	999b7107faeb16049773bba98f3810965b8d2f7ee20a9e1f12815c1a8bb9a216
6	82	2549	4	85c29da56bb32c49800b1fa676d1a75c0fe1181901c2e452de553f964567f834
7	81	3336	4	0f3df6b6ccaa1f101475ff055af108472c684ab452a1e05ca06d300005772158
8	80	4110	4	45f71fd25856990c00e2dcb9b2a3037ad685085f4d900d31816296ebb6ec5c3b
9	79	4862	4	82f690819a6cf3b0a5f3f9ae5e439452435ed78515533e0780cb2ebf44f53105
10	78	5461	4	05ffd3f77dd859cacc28c925e3713d0544f87ee742988c3cb32ee5455d1dfd20
11	77	5770	4	0947aec1c16d5afaa6cd72e2c00bcb923df7ce1b0fd9b2051083150520310123
12	76	6087	4	cbd0a959c6cf0dabe36d6172b0271127b99270048867fc57cccbb6328714bae6
13	75	6150	4	4881abbf7cfde776ecc01c8e31c8c2dc31f4c0505e9fa5899acee4c11134a9f9
14	74	5946	4	b519ddc017672a55cdc36245b216e8cf854c5002f91b9427bb68263657cee5c6
15	73	5681	4	f1f5cec4dc666bc6f74374e11745a6bd6959468c7abb025fd8a6cdc11855f2c2
16	72	4946	4	1aa7be1dee88c4b6cb1620a1067e508a28a2650c7aad5b36142380e255d31671
17	71	3970	4	db1af9499f1bb9d1498e176407e92eaf1a5f89fc510f223e887faea1c4b1982d
18	70	3245	4	045edc9401ae6e3da2ffd94dc9b883dc33dd9d7390cb9c144211cabc57a8a49b
19	69	2458	4	82053cf6f7a29780ec891e827a586e0f9d3f9208a5126cae553c6b1caf26180a
20	68	1776	4	e2a0623e01988a8c38c6a0145301f66d7a8ceb0e4a86c1e9a7cc9bddc2d04eac
21	67	1242	4	fe007c50dca12555adad75823da5be3c763e81df3c8a997df5871cf76048df9e
22	66	743	4	477d205affec6ec6a99584c8192d9d46a704c9ae9d19154d93020f2b2e71aa79
23	65	216	4	b87c5da08bf2598c9635c9ae855f2bdea2862328c585887004ff87b71d20c7c6
0	89	122	4	f82d2ea8cb593dc3fae6348e184608cc61138da7fde71c702c7fa806f5a71716
1	88	272	4	515b630fda79dcf7bfae9fe31f1f4e6c189dbf8fdd78d9c85b1a3b1b9711abb4
2	87	488	4	6dba05291dfd80c230a01ef3807a42d8cbb4a1d1e1ce9c6beb62420a9e4e5169
3	86	777	4	23993f4ca52e114104835c33dd79aecb64093098ab8c1128e70a165a6a43470b
4	85	1132	4	098f9edab77fec0a068c7c7e5c3609bfcd4135836aabe434fa9cb99b97c3bc01
5	84	1560	4	3616dc996681fa2045d46ec3f255d05ba8280674d5521f1c901d6adff7f3f05e
6	83	2052	4	676e7156dd1203ea444cad8a0a233377b306ff74f63437972dde9c683aced4da
7	82	2704	4	5be3066e3b3e4d56460237c6f891c236d58984f2868d0373d81d6d34e9a110bd
8	81	3405	4	59392afc15497f54c2fa2074c72a4bed49ebd6b22159abb37f37ad85ef02557e
9	80	4024	4	c29d3af1f52348f815d93394319aefdf652a513a6947ee3ba5d1de5d8eef57fa
10	79	4508	4	888b0517b49d33572c08160e471b90f0c0d8df143d3cd389bcf2bd9dda4d2484
11	78	4864	4	95213ffc961f151e02e7d9fd605200a173d869a0c5d089b461734b7b6a3548aa
12	77	4978	4	cf5cc32abf8cf14f034e14f879372fcca4a2c5b7ef2a8de7c81e79bcd65ff11b
13	76	5122	4	1be3bb91e05a425d7334eeace57028ca39fc43d1cf45e677b893ed329a1dbced
14	75	5078	4	62800269ed283d209fa33f4633f0746b60537c02fa9d5cf02f913e2ecb5f2cfd
15	74	4851	4	3a3fefedbc4322edd827a9214496fb035ee26db6b05f51fa6172077feceea558
16	73	4279	4	716920594839f4c47ab19011c0638e5215c088600a7c4de124e71da539e8d62a
17	72	3563	4	aa45a96cc86c988aa24c0f2eb3144b48bb250712492b237344af88e20c3d38f4
18	71	2852	4	47b0e0ad9c4dff3cac209f324c96c6eaa7a85bd5fa212af9a07d182dc68f6a4f
19	70	2217	4	fed432952b1e6f165912d069cd7d050a6a0bd81e1abf38fab664748b024f3c5e
20	69	1628	4	2ef2f2beec0b962489a6b252f4541c7653012ddac78c42f1e8e03bdebadbad16
21	68	1149	4	91b5b1836366ed96db8a7bec4bf32ff97cc7c55912ba7f4504af9a9103a1ce8d
22	67	716	4	21a9caa1c9e3746d3cc56135f786a60c879534567542e0b3d9227d2f1c4a1d24
23	66	353	4	025304b04b299dfcb9c56f20544b11a8d95f914621aaeaf1c543868177e9c2ad
24	65	8	2	01cbdeb676f5a3d7c00d7403e6bcc2f47a8aa5e27c9159b2a3c422e06b846e75
0	90	91	4	8eb2929e6907b20d53fdc61bcfd3fa9715988d2eaa11491eaa04b587e4e3bc34
1	89	208	4	a573ab08b0c9950755e4cb7398b6169e60bbaea515715c7b57f60966f4089b16
2	88	376	4	79a82b7000f222caa1270aac31c25816e2c24c55a90979eba16dfb4d39041027
3	87	605	4	0155e7a9ec9f3486b7ef8d8ee1737cb44808fee5097eb0e608b8ed5a08c31983
4	86	885	4	d401020487da900ae39d97e3a03983127c17e90af6dedf29196d358cafa57b9b
5	85	1226	4	13dac17f3e5f51e71d7127bd0d61c02ca096ce2e58cb01af057fc0361bada1d2
6	84	1627	4	0fd70385a17a0285cae72036dab7549b59260cb544999127169fcdb278b6e810
7	83	2144	4	6856f5f74fe8f7f3b79a28411b74685c5ec49ed1de97ee66c983ca7cd3b5e26c
8	82	2725	4	a2c06a474997b179a0a3d9af311ce2ba7cc571142e2d1b2cf6fae6c45890ee10
9	81	3247	4	f2ab5ef11f960e1e32c3c5c734c9af6f56ea128d703ce41f32d1ec68facfeb1c
10	80	3665	4	9690d1a695c2d8f8770a8638b19abb0c01a62590d3b9857a6c08200de2ab0432
11	79	3978	4	9f33495e4a86fb145d56c4b582a304e8eec7186de561d73294a711cad93c93a4
12	78	4173	4	69a2e464a7cd89f9408716a123c2274f8f26a75bfdccb8925c9c586d7299cf65
13	77	4262	4	b41a84c510453dbe4a399e47c152d62380f1bad43df90cf45965b99d79280f01
14	76	4233	4	cfb95971c8d3770cfd45cbe88aa8cf5e288a5c248725fd063bd1b929d3cc7aeb
15	75	4095	4	da1cdd5931d26b95617b4b8010d70fddfec380c3652f068bc47f2213b2c03b77
16	74	3677	4	416defc9153b6e0209da89170211d64c4cf192307afbfb0bc739266d3a560e83
17	73	3091	4	f653422be9527c5d73a6381611465e827890675b3eb3a6fcd2febda8d33463f5
18	72	2498	4	a6f538ff2ab13a0cd1a65e79f9503efc502abe42eaa324ae0a0b214c92b4fe0b
19	71	1962	4	537b3c5bb65ae3f8218de5c4c8a46c861145fb848d1b0730d096382de3f77ff8
20	70	1481	4	dd34db4f9f4b3369924f14a27957c6b19f02b514144ddf9ec77d96595950f41d
21	69	1057	4	894ece1d24c859c6ceb08480206704db51c1ee10aec0080ed69e09e96a5154a8
22	68	649	4	b20f49dbf3f439a6ed90d13c5004a890d705a87ad4592d13f8cc143c1ab2f2d0
23	67	376	4	79a82b7000f222caa1270aac31c25816e2c24c55a90979eba16dfb4d39041027
24	66	37	3	87554c73fa1ffed0843420a3778f8873ba2c6390b80838d977a25f283fd13a85
0	91	67	4	e0c5c2816a8d26895b1d1b98211c23b212c2e2633e334d349b22832eb71bfe35
1	90	154	4	afbd5d1d600666cedb602aacc45442a42e3e2d12369bcd8aa4b76046a584f909
2	89	265	4	5bbb91a7b03def854ae86f68829383a9d17ad367d9e8f2b89a37173fca30b77b
3	88	458	4	680a9032f41fc1c63d392f7018c5652edd3154c3cf024557ae217136ea595e26
4	87	675	4	dded3c3f25831ffd50b5649299e9f2537cd0bda69d6db50b48be51ff3585739f
5	86	907	4	405e26c7456988174b692a992987c98707771418cf572bba5f02197d03b106a1
6	85	1243	4	b253911d66533a85d12740ce22c43d89ffcb87a3e62b0e63de2bb69929284ea8
7	84	1640	4	8ac4633e496c4abf75ebbe150e9b926c9f5a77537f5c626eb6d0145fba24e738
8	83	2064	4	7adee54672e9327e5d70026e3ee036d35ad2b5ce0f621432487712866c4cef08
9	82	2540	4	c02c0bdfdf7a95ad47674ada4279e0b350800114752c026253fb27aa7162f57b
10	81	2894	4	a431c2555d4ef8f3709568d2126ac5166884ebbf4b4dec2aae8b7a75f8a40e7a
11	80	3098	4	0768d47eb4f05633210a965481bdaa1d5405539335cfe360f8fbadad0c1a3959
12	79	3344	4	ec8260cd9e2ede25bc205a477e8e12ea8e57bea47d7f1cd7f4d4bce9834f9e97
13	78	3439	4	0d9d720513a8494021103494569bef320985f0c54862ebd0d204dd54dee15257
14	77	3376	4	7455f5f58ffc7afae1c644c2435bd21fda7eb7d86320df23783dfac460e1c59d
15	76	3386	4	d2647cb4afa1c27fc96f3dac1f278c46465d07c1323e96fe301f1fc309a74e0a
16	75	3116	4	8d64dff90f3d12de13399e036112de0a4f66b78e9a814e866f4322f857a85ed8
17	74	2605	4	da0f86ce3a0af3f37329c754a592ab8bea9d69c57881a0a30172ef9e26429983
18	73	2171	4	8804e1a013af50686d31c700b12202c3a73f93d424c69556d0957bd2bdd22aac
19	72	1729	4	618038dfb498d3799cc562ffea34efb76cbd00f277dc4a01632021e81feee500
20	71	1289	4	63133cc1205677e695a6356c5a06ebc01196fbfdd34965a4332b9d20a546dbad
21	70	975	4	0f1dacdac913f8adb2866aa985c357fdf91045911afab8fedd254f6eb44d5dbb
22	69	663	4	8438e3f0c6e7c7f05898c94e113a8772b00714022b9a0bb58178bef334e777b8
23	68	332	4	b7985bebf3d12cf8f749fc4bc11dd2cc507f4d03ca59da616a0406f43daa3014
24	67	102	4	29ac38a0ad96e1d2bdf15c9a81a077fa5443d0cc9b4fd72e42dbd04b7e243de2
0	92	45	4	66f779a649076de851b18b0dca05ac92411caaa3033dfa5f588155bb9fc4b4e2
1	91	108	4	d9e76aa433e6710c687ca8f65bc022ea10db98220c40d029a758b7de6e99db40
2	90	201	4	d84235f1b073f6baf8400f7190de77f068afcd0b2cd9e61ce44a9b027b8ad705
3	89	331	4	4f303271c61f6334f313411f45ec9fc4f36fe1c57f04d4766bd852797931a55a
4	88	491	4	1e161c8df45f9425eaa96553e55f0a2b1fbcc0c9dc7577f40201fdc807cdcf23
5	87	688	4	7e985a9445bfe5e7f405822782c0dca91bbf9b43f0da2f9112d5552bec3639c1
6	86	915	4	78f225325425127d58632887ffa34aae4e861667f1e5226f5f96c562743aee54
7	85	1209	4	603d7e39870f692a099a51d4b9b578c74b6b33818fccd06bc105f3cd5bdaf330
8	84	1572	4	f988381a87251a164349dce409341073ac9776a09b3659a7574908f844b7b112
9	83	1909	4	eaca3974f66b7db6990f5b469bf60e313db26af3e44ccf8d728f2ec7d729978c
10	82	2199	4	d5f302de687631b5145687e62aa435d1603b018a15eda2ceffedf25d1d311c3c
11	81	2417	4	4dfede49784cf70da5b7b0dd69e2174809efcda05bc6ec11c55bf93f28bdb007
12	80	2574	4	754bcddd62cdf06a984d8fcc3d0b2130c8edb17eae393a2d8dd31573f0acd7ac
13	79	2658	4	0d61a56f548ef07f77eff2fbd4e4ee7f7729a2f6153492c88902e27239c97596
14	78	2681	4	b2a0cb68b195f307c3f8c50595e608bf68e45d3b0813f781166ad9a6315412aa
15	77	2650	4	ea255825dbb4259f6cb32f17b60ec8f66a9aee3062554319016f40dff6394686
16	76	2496	4	16196c3f014fa10bcfa9ce68fdb543a3f9a722c8842db526eb2f3fa1599234bf
17	75	2161	4	03e34940426d41624ae01bc8240d4525e72a125bf5f7a7bbb5412835b84660f7
18	74	1785	4	3e64da8ace8a5ca2f8d70fb7f191b9eac2ff98d839282ba28d20dc5ee2c3a5d6
19	73	1431	4	58118301cd6735fb3fe90cb79df95e96ce631bccda3b6cd7483e020d72df3958
20	72	1120	4	be97ca271ec8555c98fd97e1a957a4ccbad2dd0f19e96ae7386a346c1a97cf50
21	71	833	4	0f9144631df8a1670867b2f86e9a3f7923e0340549470f00118127245c3b1d13
22	70	589	4	b962380413e951f292388395b9a9e0fac7d068b1a7779e2cdd56d26348080aea
23	69	369	4	d87f62e55ff12cf904dd97e3e483886b4ed79e76a55149fe1ea802c2c9c312ef
24	68	163	4	c66239ac8b54b8905a67f16f7d851f67bd7350b1559cafa00fc4db87d38107a2
0	93	30	4	06f3b532160ca57e295ab68b321bdfcc235af76d51f94eb75a464231e1859a66
1	92	72	4	b11a6795c73129cbbf004831f019dd75452563ec9377361a84ec75ef2fd3e99e
2	91	138	4	ab6a9f11bcae1339796e7d4ac8c8ae2c597d4c5ac5c84b8abcd2e0ad7bcdfac5
3	90	229	4	9c4ab9b215e870748e87b2ef8e47ac72a355fc63919170d3a80a4dfa98270beb
4	89	344	4	f0484d29ffc4a73ffbd1af62e7721b8ed69e5747766fb2844173debc1e2d9080
5	88	484	4	3853ec0c7cb46f32c4679d7f33aa7777a7655888cfc78c76d8125530aa861184
6	87	648	4	fd212547117000d0f33aea13039567fafc1c5931f1b961308a111648628808db
7	86	856	4	0eb7b9ab26d476f2046f06772b989541fb7d54f9c993e792dc2ce271caba1fd3
8	85	1120	4	be97ca271ec8555c98fd97e1a957a4ccbad2dd0f19e96ae7386a346c1a97cf50
9	84	1373	4	d46228fb1373ca13bd66bf8fc0c301fc12ac341ab3d99190529e7f0a674a33e8
10	83	1595	4	f0072d7453abc7eff015cd25a2833ed3f0d5f41e5aa27514fe0d87cf092b25fd
11	82	1765	4	a3dfeca97e285cc45c281b53b7b300bf573a9231ece5d122a4ed8a774c4845f0
12	81	1890	4	8b54c208a1d04a89d42133890c945bd86b212d32259060decc25a39db1fc5f4e
13	80	1962	4	537b3c5bb65ae3f8218de5c4c8a46c861145fb848d1b0730d096382de3f77ff8
14	79	1989	4	e6d5296db3a9f29ee5f48bc85eb649842a4c86ea2f689ac2011d87f02a91b54b
15	78	1984	4	45f91950535bf57827221d0ce63efe901a85b2962d6c77b4297c0dee9003ffcb
16	77	1910	4	130850ab5a8e4de736cea32cb608f310825d893bdb50b4fc7c249dbe3a7a22fd
17	76	1684	4	87eb2dd8c741a045611eb57492f3eafcb166c6be66bceec076c35752c0a545e3
18	75	1368	4	3649efc3ad6dccb420939f776d5eee27f24cd19aa97a74255732a3bd400a916a
19	74	1137	4	a340df87970a6a28d263264a8b5abe188f28a90cdbd00fe9494305b514631d72
20	73	901	4	e4bc52266e2263e624e2cece2f61a4d0054171d7bfa5b9bf6d72753863a93481
21	72	685	4	6f4e6cde059972043485ef06792e2f5233a03427c024bcfda00ceaafe7704235
22	71	498	4	5c83a979fba1099400086c6f08ca7bfb8ed631923f15b9c768de49e5c4c7d7e8
23	70	331	4	4f303271c61f6334f313411f45ec9fc4f36fe1c57f04d4766bd852797931a55a
24	69	193	4	aad394af82c8f1adfa2c0fc662d7d034cf6ad9c3f0c66c9957a91d92a36e0571
25	68	8	2	01cbdeb676f5a3d7c00d7403e6bcc2f47a8aa5e27c9159b2a3c422e06b846e75
0	94	17	3	4d6b0afe9d3633312e7c22a8cb223a4ad3666a11df2d0463b03a539237e2c8e7
1	93	44	4	0abadd4e9599989696736288b9c96e65de431b0aa1cc709c149897ae2b1f497a
2	92	80	4	ff7d1675295b9a7fcb1060395f7129c5f954cc45f68ba3e7cd2d800ecf66ee00
3	91	147	4	5e20e7fd660f0a27fa7d609eaa339f3f73713783c1223dd490bff07195863dcf
4	90	223	4	6be7c0d2dcb55d7aa9cd8988b3aac4a465bf047d83a4bd07a186d2e9cc11f69b
5	89	308	4	88b67be9a24ad4e8e1d874fc0153d987a7d22ae16482a2ed283cb7ad9d0ce9ee
6	88	428	4	6c035c12e8e398427326b173041119b345df719f064d461faae30bd48a396409
7	87	572	4	2f3789249a9c7aef8b2b25220a52d090d14812e6ddba112d0996fb31d33226ba
8	86	739	4	03067ed219a233de02ad05b15a7ab88ea45501b7c282bdfd81e69a765caf6eed
9	85	929	4	94b4736444e21002b5e1939f8d895e234040bd16c01bb7911cb70bf508d04d8f
10	84	1093	4	793b8978497790e7143383fc6992e7b001e4c37aced72c516b3ec3a939e5e677
11	83	1198	4	fd5f1be6d07833281303d8bd7c4d233c37d7681a4e4dbeb437245707c2e3ae2c
12	82	1313	4	e8a5e7fc052fe5df37c9df29ef3c6c105656fe1ad04f1c9eb478341b45fef181
13	81	1368	4	3649efc3ad6dccb420939f776d5eee27f24cd19aa97a74255732a3bd400a916a
14	80	1381	4	29fe256de3d46695f76233d535c36c6deb22148d4d0b43f9a8d16c07ee292bca
15	79	1366	4	91186a797962b1ca526d15cd5c68b386aeafd7c55973169ed7852dbb7fa7e8b9
16	78	1350	4	d104085b7b9a7ab807a0527e13e7c03badee334d7f2301ed676ea2fcf9fe6ea2
17	77	1204	4	04dae370c492b3b9c5b19c7e0108901cf522186d8d605ead33130e79a0b4e22b
18	76	1023	4	5fd3c4b19995dae0fd36489dcdfa6558ad16aba88d1593b5aeb436cf51553b0b
19	75	831	4	826c5fbc0e5927bce3c4d646ace0cbaf90b5e1296438f70b39e0da59434e41ea
20	74	658	4	4867082fc9cd6e823992453aac367d8b88023a814f64ed8b1d948724a827cc6c
21	73	508	4	572d028ff972dcb8a801faa626a746799f5e6bfff0781202c89ef17c218fd7d6
22	72	377	4	f51da7a9ed3f7a0dc7e09139e9ee0935bceb3fa272d46b291b5bc2d8613015e4
23	71	244	4	9de611b6fa8ca367ac1dd3a53cd4725ca978aa0a64e600cf5bbd8413c8172d7d
24	70	156	4	6c52794cfe248f234b6cd5dd895391841e27161dcff94f4297c50ba7af83d003
25	69	29	3	4cbf0622ea814a3ce7a399d0214ba10d97f732eba453a615f930858a06c5f797
0	95	9	3	cccce95410339b224b6c7652256692052a1534958105105246d44b4fb322fb38
1	94	24	3	8bca23c5c844cda8897f651e42ae4e0028e0e709ebfc6cdcae71c26afb687448
2	93	49	3	005b0cad4569f4c47bc2b83aaffec35a954b8bafb23baef2d0645213b3f1b7a6
3	92	86	3	949dd8fa7f3b4768365828383dd4cf0b4c0797a5778172c4240ad43b0c0fdcf9
4	91	133	3	27c66c40a2af59e6d48dd9ba972337d57e26e56beb297907b5f9c97898f8cfff
5	90	192	3	a6bf7967e8886fd1a6051e37bc35707900ca1e3260fbf8ba43fa7cbffc8d3112
6	89	261	3	6ea6cf951339633fd05cd2c0b7e971f63c43504048fa64771f99822e792e33aa
7	88	348	3	221c5d01e3f03f0300c3494f57080b53dce7e6a0ecf0fbc6e6d813940f426653
8	87	463	3	aca1ee9b46541399c6313be430146fe2fa3d76645fe2f8ce29a68c071e0692ef
9	86	585	3	869ed2b3d7548c8757f8d9afea478e41326cfd4ab35364634f4c8c2dee5dff0b
10	85	699	3	e979b14ee7f21b2f138dd233411b68d74f7e5e84f86990441ce267947113c767
11	84	793	3	1b02d0054ddfda380c776af8c0cf174bdd307d1669aceb84febc263c69fb4442
12	83	864	3	6afbd64e2b7196cf9a524692d92aa13e8e5c6f7e8bcb04f16418f921f7e74069
13	82	914	3	e2dac27be874bf3d023e0cf0fbe4b1be2d1cd73a91aa960b5e00afba8a43deab
14	81	941	3	9cb1a8e7d068d117b7ecac23ba95a164ca54b5cfb991de1e9d2a6d365ad25ea8
15	80	947	3	e7fe3092dd1cb9536a431be3c6c25d80ec2d9bf005d4808edae68526c4cc806b
16	79	942	3	f519befd6c845954fcf8a393b7f89613aa2cfcd9a0a46542e96d270d96cb613f
17	78	884	3	d7ea8532ca0840a6ce1b814e5477877a0779bdf8119675c02ed0a22e56086b0f
18	77	755	3	0faa0e7ea84b20e60088e7ffbca034fc9e5702ee25ea8d91a5f9086a19c03155
19	76	626	3	e8bfa3012c0f0038e91dcf51885d4a697e364977f5517c80256470400d607981
20	75	507	3	944b7f28f874e4b8758bab6f003ce12db452782b57f9592ca8ab1f341881c91a
21	74	399	3	0661451ec72131c530e2f1da66d93141f29f2e25a16dd585083b3fef691bded5
22	73	302	3	c5b636f15c0759a4c172682987cbebb2ccbcc533d71ea774986360c5e5e866f9
23	72	216	3	a07c3b92ca1d33d4705e06e1a8229155b87ae682190ddb9187eaadd9147999c9
24	71	141	3	951008654286f7f7cecc323c0deb89bd997676036f45a64e073a09f5f05e7d8b
25	70	67	3	8785e0e7139fbab8c18c20caa7d70e3ed97aea0cb4775f40fc113bc6d3fdc5b0
0	96	5	2	038423688a80e226c989396b2e2a130fdfebdb95347488df4db688f4fed3873e
1	95	12	3	351935bbcd2812eceda97494d51064abac73d936a9bc73e762ff9cb27164a670
2	94	25	3	1069f752b13829001100cbc278ea7bbea7e7d506905115faf81c4d1a1e3ae2ba
3	93	45	3	fb7dc5d406c01c48e791beac072de902a8c3668c50bda3502bba9ff12e8ff118
4	92	71	3	cc488f8b612864ab9eac011a1c0c6c54e7c895f1a8db7982d27aab24a70f81e2
5	91	104	3	47b89370007f645bbb2d5135741dad531e6b334fdbfec4e4af50c589d2091363
6	90	143	3	c9a9cb10d50a984cc56709aab562fec44294249ecef53bf8073fef8502b69bb5
7	89	189	3	754518379e3f45bebc36fd3aae639b865139147e244f6b1f722934fed521d1e7
8	88	253	3	83984be7e3d4c71d0c2766ed942da9b387602c55f91b5a7c98ff442fe6bd14a4
9	87	328	3	bf80cc142e0ab79afbb473b6c79d80311c826d96c02bbac456d7f37aae24e545
10	86	403	3	ef88a958d1af6e4f407476640dfea9e5a896a534d165d9a42785d489fe1f1381
11	85	467	3	faf24ff885f539f319652c39d5caec9e407f9b3ec0d2967236ff22c3c664de9d
12	84	517	3	1b0b78696027496edc81e469d7c5e2442eca584491e517a6f62fdeb3f67fa418
13	83	546	3	ae4b6c9d168b245d2e0dad98572c7d82a20c370839273c74c17c817f03e5adb1
14	82	579	3	0409987f5e11fcf79c491bc3c894d148d16aebee20801196189640ec90332de1
15	81	591	3	6f585d951a8b76ba5e604dcfac26865686d3b134fca4e5866c34f06491e8505b
16	80	613	3	0885059c1bb3b67e5f436b12f32c162efb11ee2f41a46ac5bcf13b98e167dc08
17	79	593	3	7b6daedc7f06d7fd264307bd5ba95168862e5ec101c091a21efabe681d251d3f
18	78	521	3	59d50ca6e42a80792a578d5a32b9fd7dfba77e0f742e88fa8f79653d2b768e44
19	77	439	3	2a3f7f87a7d650d1b8ce9a07622893948247404051b28da690eb4f23954c11c3
20	76	362	3	860d21f2c44ca9b2b77e089a8e2992023773ce91ff219081cdb68878739090f3
21	75	292	3	1f7a56508709ac9b963d04aa2eae1f23ae94b41fc852221c58644eef2a0ee204
22	74	228	3	1a1a450fd45db9a095e51650ebd7fc7169acef9d5b4617d82612a4c537464e40
23	73	171	3	36d2ef22e7c1386a7e542f87ff4fb5f3b4f543357b9b867a55984fbba89da32d
24	72	120	3	903d0fb05f5940ba2ea8a0d7f6db97ca3264eca3a9e436416e290032bd2ee6e5
25	71	76	3	c6574455e5a18300ad88b140316204159ebd7d61be5f5398312c436d60914700
0	97	2	2	13113e084fdad32897173cbbfd37d75b63dace3524fe974909286fae455dad30
1	96	6	2	aaf50d890710c4dc094f5e3be6901b29170cd13f8715d5df2e619a6538f02738
2	95	8	2	01cbdeb676f5a3d7c00d7403e6bcc2f47a8aa5e27c9159b2a3c422e06b846e75
3	94	22	3	21d61c432003924ec46f71a2de08435fdd3f61cbc9877b190c7b870ba554911d
4	93	34	3	712ec72b334919cf7a23ef8151801f86823524842072f27ff6fa1b4629d25c6c
5	92	43	3	e1aa4702c3fc912b3d02db347bcf6c9eb0618e3ecf07ca6409f3da41f0bff8c5
6	91	68	3	0d0d0df969faa5458022dd90aee2612676861a0d34afe9f432ff3fd592357c07
7	90	90	3	2474aa39ba8c9b9401827279098fc4d36fbc427285f853bb2239c9b3642dcc6c
8	89	111	3	79aba39700c28c3923080964a42ce8dcc9b94776a010db907973a4db155d5e2d
9	88	150	3	09df411abeb27cfc5d0fdeae1eef77e1b648adc739859be88ae3aade35dd0dfb
10	87	181	3	3399b975ea5ba1401b74fda9c7b4f2180a30f6bd0b5d2cc513d8ba2d9072c519
11	86	195	3	87a28437ccd7c76028b97adf1b32a7a109d0c1906dfd71f42cb0d4ce5335dcd5
12	85	228	3	1a1a450fd45db9a095e51650ebd7fc7169acef9d5b4617d82612a4c537464e40
13	84	243	3	bd6cd2b3b1f0218b283c861e992617d7b780b2dfa157b4ddfc0c0a913606553a
14	83	231	3	3bbf1d7ae29b57c1b3e17e906bb852a3e871ff9085e0f7b33d9d50042f87999d
15	82	254	3	b124023603c10d76d61a68e4caabd057bde12fc2abb44c41ddfa82dabeafe9f2
16	81	250	3	3854cfc12976b60782b29db69b124242f855383de70a2578823ba884b0ab6d48
17	80	231	3	3bbf1d7ae29b57c1b3e17e906bb852a3e871ff9085e0f7b33d9d50042f87999d
18	79	221	3	230242ca603f89c81c713751ac067e4c5ad9a4690764e6bf5216e8762a3af4f5
19	78	186	3	a0a601dfff5bbd26c60ede0b670ed077bdecbd9ea76703695c96fbbdd52de41b
20	77	139	3	5ee02f472ec98c9e817dfeebcfc8b164bbc1dd881a9d419e2e0733e4bfa0a51b
21	76	123	3	3aa322e4ce71565597fd3fed397e7ece0cc8b8c1054d6cde434bdbfaa212011a
22	75	96	3	4a8aff32d8e16f9eddcb712b91b19b7847422fbbba3b7e51704af84fee65e64c
23	74	61	3	84befd363d3c22d34bdc8001cc93d5eb71539b8b92a1fb726e481093c7d10352
24	73	51	3	72740af899b006dca8f6b21ddbbff4d9da8b69e0b0ad9fe6ebef1569d0c84503
25	72	33	3	8a457ea7b865f14e451e4398b8563c2411d9793c6b6683221d999fb3a31cb41d
1	97	2	2	13113e084fdad32897173cbbfd37d75b63dace3524fe974909286fae455dad30
2	96	5	2	038423688a80e226c989396b2e2a130fdfebdb95347488df4db688f4fed3873e
3	95	9	2	61456c3ba4db5db7414a046a471fd6aee7719e68ce26e4f94664a0dbc9013ab7
4	94	14	2	9118e8694b33973fa41011931d394efc429703567eac4a1ff79a84c40cd7cfdc
5	93	20	2	7e652e449d209ff6ae76abeae1afed4faa2564f72d0ebc8c0632e28832f6a310
6	92	27	2	54e79015dac23df3bd5c715bec293c09f4d243a698837e6d921686f5ff821eff
7	91	35	2	92e3017a32a47afa56addcab5d7e743c2544a2f59c959567218dee723b9d64e9
8	90	53	2	5057a850aa21a9727eeafb94c69ed415eb7a05a51c0a540a22231a985a367039
9	89	65	2	4a098dac3ac4fcbf4821473a9122c4759a5d30fdfd31054caec748ed2c86bf77
10	88	78	2	bf84e1d643c6d58cb46b43812555ee88c64a6eca54ecb6d3e8e89a75404d7389
11	87	90	2	fbed10599f0fbfe80c25c517a2daec4c0e7c10bbba6259ee6583985d804d484f
12	86	100	2	552d29047b003f31a4aaba98bd4500712ca5e856a681b8d8da572caa75510837
13	85	108	2	354c7b63a3315f59aa5d488f5e678323c81f66e67b261bceff6d805f173c8e8b
14	84	114	2	91ef5af490b643bb323b5c1ed207db2945dcf514ed137b32f67721d62ea93332
15	83	118	2	92fbf56cfb3c4c527631e93cf29e6b24a625116f2c6be67a1f3cde541c4eea09
16	82	120	2	bc42b3c610839d95ea556fbfff132716ecaaa1f9dd281b670932197702251d35
17	81	124	2	5db37bd0d4ff4643298ddf6fcb5bc92778bdee9224cea9e7384f1ffa397a83b3
18	80	117	2	01bb71afb0ab419adde7b8122e23a355fdcc56e6ce0dea42c76d354a2325f3b3
19	79	105	2	e3dc66c9b4664dde48a2f0c54d6635a0b38e7759c6f52da4d55cae0ad825d3c0
20	78	90	2	fbed10599f0fbfe80c25c517a2daec4c0e7c10bbba6259ee6583985d804d484f
21	77	76	2	76e41548c627ef98d12d914a677850205e590a8975b3ad15634b4d3342f7ce72
22	76	63	2	561b499ea7b3faa886ac1a8ce1c14400ff4aad465353feae01d93fa248ab464d
23	75	51	2	fbc6d2e3a5c10a422d5b042870ac90b1f0215213087cd5f4255072fd3244989f
24	74	40	2	9702d0c52bc2326183ea54bbb32b921df7bf3df0c2381f9948155e772693ed18
25	73	30	2	c7bd460024574bbaac36f29b3725c933df95d3169ea9d65f763c02c4ed00d4b5
26	72	21	2	16251702ce10216a1fa894e227104dcae009ce34bf908c915143c42b077d768e
2	97	1	1	d6b5915c46057bcb005f46f6433df65609dd3a7a57af75ac1a5a4a7c299ebffb
3	96	3	2	749ce3286f349c682572e2edf21c2ad589232dfb50db31f3c07144fc5f338a86
4	95	5	2	038423688a80e226c989396b2e2a130fdfebdb95347488df4db688f4fed3873e
5	94	8	2	01cbdeb676f5a3d7c00d7403e6bcc2f47a8aa5e27c9159b2a3c422e06b846e75
6	93	11	2	3b54c463e23d1c1c85b0247e6067290f84fcf5f7f345ef10af6d6aa3d5b63ea0
7	92	15	2	151b91c0042b996127cd7bb7b805fda9c1e295b51d0002f439615a9f878c2990
8	91	19	2	ae84df827ae06c7069532b2f3d6c44dbf88e668b862003e04b1699e95b570784
9	90	23	2	2ca8f794cb13d3ef875f663de86904b99e5e708157d7852e8f6ce6153972421c
10	89	31	2	e5b7895e65766b1f0d869e5abe060f983ea5e587fcca3f58bbbcbced0fe57a8b
11	88	39	2	0a8c20cab7aa7fdfbabfa24da841ff4c316caf1d52392761e0c7874d496b2ba6
12	87	46	2	517d3d94059d6512eb9a8add76cc292fd2e96c11454b8b326c8cfd97b0c6202e
13	86	52	2	885b1f35d2f135da9f4d3d98c9802ba2d356ca983eaa3fd81a05dbde660704f7
14	85	57	2	769f666d1c275f408bbcd3756e7f9ff685e502cab9b7870e6a6b603c1ce5561c
15	84	61	2	234aba572193c692486e2439e84edf91c65a9357767d3dcef344543f671d6c38
16	83	64	2	d2b01862274a58c07b075c1d4c241bdcfffc540ea773b2180a6b68e42f94571f
17	82	76	2	76e41548c627ef98d12d914a677850205e590a8975b3ad15634b4d3342f7ce72
18	81	73	2	d34e921f8fadd233b62818c49702b8afd9b4e543da883e05bd0436ec015f1801
19	80	69	2	838477b0c3148fedc3a95c736511a92cd74acd6baa9b355953b8c86caa9c4232
20	79	61	2	234aba572193c692486e2439e84edf91c65a9357767d3dcef344543f671d6c38
21	78	52	2	885b1f35d2f135da9f4d3d98c9802ba2d356ca983eaa3fd81a05dbde660704f7
22	77	44	2	c467a0371c1f7ca2b408c8887653789618e09889c9f60bd7009116a75b84eef0
23	76	36	2	0e24e526d706d09fe5d360332cbaf6e1fbcf0f47188903a1f332f96f68781712
24	75	29	2	2a5b5849da6c3cb0025af344f9f014b485224047cddfc3fa9f215a9148aad47b
25	74	22	2	6cf777be100739d5148b23334bf2d2d463f4111e80d1ba7bfc37152924771295
26	73	16	2	5f94a2c3d9e2a9ed65321930dbf9166b27c72a9d3542062f4330fea66368e571
