X_power	W_power	literal_terms	semantic_degree	sha256
0	0	1	0	2d6abc707f07e9dc71665247b3dc36a8bce41f5ec3a722f92d42620eba983d99
0	1	1	0	0d36fb48709545a6d2aaf64c5b704253007a0baba005b1626209d62733a7685f
1	0	1	0	25ff7540d924f80ebad17717c99e0650e03b4d7bad5c4144cb74ec4862d75865
0	2	1	0	7702a3214c53db2f0f74c5bb711d1fb2ceb075f90c7888d2e7964e1bed18c244
1	1	1	0	415660cb7d983b8d6405d1538f76c0c5ea46fcd5871f293861945c8e9e82f14a
2	0	1	0	b66168d80b7a13a2d0147a40af7c6743ba48985a0b83d3d21d328cf826d06472
0	3	1	0	2b545fadfdd26861409df54f35acb12ea3abc36d9fd11b0f383f83bc1515b537
1	2	1	0	53b815f4a93529de4087557a06409d61b92d048b4419912888b331481348c4bb
2	1	1	0	ec3762759c5f4f20a116ace9a9785fd7512accc0fcbd8999ef3fb9ac04b8fb8b
0	4	1	0	f81d054425c8cf9f5998c52ef559ae725c93be2df130787a7cbe703872c48088
1	3	1	0	bb580c1d60ef97f09e6be413196959e66f6e0b1a62b1d4b851fc8c5e7c0cecd5
2	2	1	0	d10f938862a1c58b56e5f343bd2c1354e00b010fd4df9c295b5b929ff2e534ae
0	5	1	0	2f20119e9c031eff474256ea205f1a0a5376fb7981c339058dfb2fb4183320f5
1	4	1	0	a97e290f7ac49695bc627603f2cefa51f6229da998dd08a37703e3ab04ee99b2
2	3	1	0	4274627b992b14978c0bbffeff2b65856af9b324a1316f7a5f36acc46c8e0d70
3	2	1	0	1c4e91d9e2eff0638a1b3e0e97c32dfd6d584489a251c71e7dd3f14d57a45f79
0	6	1	0	f2b8a311fd6bf1d5f709caee2c096d8c41ed2e833c457524cb1063eda52c75b2
1	5	1	0	cd26404186ba73e9225f74731c150bdd544a6d20c55b0c21207aa3d41c75bb00
2	4	1	0	ada63cd6aeb9b46203768ba5e37bb0574a02925c133b88f97d5861fc2aaead11
3	3	1	0	40266fdf0ceb35824c28c45472fff90c928792d3caf9f0be9865ca24af81dd4c
0	7	1	0	5003c73615d508f05b58a16b60a524639984d69b3c6b0764f7628bb62b86ef91
1	6	1	0	6da7c185b26b183c56c26e8d40d7e3d3fa6446f032b007bfaf353953af15d4a3
2	5	1	0	959f3c506518493769403e6f879b0f5f8620050c0de0b943d05001f3c4ee52c0
3	4	1	0	99abcf7283054ba7e9b937d84abba78bcddbd1da12b15535af7a0eacfdda9d24
0	8	1	0	f70ca44403bfa91e779654bbafad4f4e5ea4f0e9b8ed0894e0dc2f5ca0151765
1	7	1	0	f6e0ca4cf507644107355b7341fb0d77ac14481b3bee6444e6bcd22f32d05a25
2	6	1	0	42a6d3ed0651cff001d342d365d7e38a9bc4afc865e787dd9937158272475e1a
3	5	1	0	1c7d68a48c083aa9585da4ed3810f8bf9a044cbbd40a4eda997dc31601cdbb5f
0	9	1	0	a5dce3f2f3d8f5c4e637801454caf83e8cde80ba349445f15c7d598677787c82
1	8	1	0	cf3b6c6064bfdeadb79e633fd633581f5288519bbe547352f374be1fc505ef37
2	7	1	0	a343c42deb42dd32784d61d90d1f65c10418816483c4a58c987b0cc227d7c4a9
3	6	1	0	e859db5403a955de38055cd127911705d0b6a8ae104ff6b678ce265185fbb2eb
4	5	1	0	b4ffc82f89bc24bb6ad4724f9f9170f13fdad5c623fc1e0eb2003e17abcc111a
0	10	1	0	42b74e28bb342a08b92ba9ef54b4610c73d3ed7305d8f40be1e501be464d28a8
1	9	1	0	2ed227778831cc164d139b7e0f811a57162085a71eaf1a02ae4228b4085eaed7
2	8	1	0	22965a8dbd095650525620fe42a12a3056cb946cb5f11247733db1b1f91c03d2
3	7	1	0	0002ea40744a44039e47fbbedaf2033bc10eeadd24e280b4e5e4f8ad2a8d5681
4	6	1	0	e174897de76ac0992b63be99bc59cfa74f67ec5cae501b2139fac95a6ed20a4d
0	11	1	0	ae4df70f049285f92ac6e44f00a43ee8f90ecdf33ed0e7fff7eb825540124061
1	10	1	0	e419baae72ecb3a669cd1c32ce79435d8998590fd76528ad6e957d2bddc076aa
2	9	1	0	c78678a9458e91075c4d23ec2d1ddb1aef703be05dacdcca6273c73e4ffbc440
3	8	1	0	b4c5f7b2cd1f0cb9f0f853d65653c7eb02b89198381cd2b5efe3516fa3a0d9e9
4	7	1	0	22daaac5612c051349fe49cc480e833e401d7f38e3659c46fc52b57416dafb59
0	12	1	0	bcc33a8ac0250cc2222e6611882b87509838f7eaf8fac1d0274ec1f0db64666a
1	11	1	0	3ea197dff963e9b661e6dc6c0e555dc8e7285c680703e165c55b891482e5a8ec
2	10	1	0	c158960d73d95e6f3514eb597fe8501ae5bb01ecdcc0b5667f7136597439733f
3	9	1	0	3627be616fc9f8480d5f827a6e934407dd673567b0af3c8b210b8bbd4305cca3
4	8	1	0	75da597c5fc6422c3375f789d4e84f1f855d2f247ae54f8eb20c8fd274cb3de0
0	13	1	0	c956f18b847400afd219d3d5bc177fc06352c7305f46dd896ed71198a04aa0de
1	12	1	0	706e181cca560d2b8b479434e42c60e18cda3366fa8dbde06f5e474cdb2d83f3
2	11	1	0	64fb6ee2f65e4a0ee2bb382225f9c7432bc85623145a83d0c73c922dbc945d14
3	10	1	0	bb55092360b367cd00afb98006647e6284b6edb7775cb0e0b61c3693c60eec7c
4	9	1	0	176686020628b263d88767f37302ee38909f0810aa1f4ecb3f9cec49222e69e1
5	8	1	0	f791740ceb5ba2d187a6d9eb1aa85cbd605ed13d3607950d6ce4055fa29f37e1
0	14	1	0	328b5004b0e7583fa28cb465ab422fcf87183e7e5cba271a2c7ad5d366098c9e
1	13	1	0	f2352823b1f7bee03c6a268d4d65f541df4c3d03846880628d12461aa155c5f1
2	12	1	0	ff4162184ec9d6deddd0de820649cd7b7fcf5034bc593e4d301411e7ab4444e4
3	11	1	0	0d0abe72cf93b0e01762411a82a89afa42edcf7eecd653546030b30cd0afbc5c
4	10	1	0	6f33dda67982a6c3f6061d939a3a1585d8f4c0071eab412f9f79fc7ada59dda8
5	9	1	0	2e2e3c53dc4d07a442a7cb17c5cc98f556517a0a6cd0a9d2b055b15a3ddedfbf
0	15	1	0	7e35e71111c2915e3177f1f02bc7856e872aac6f07cc28225da810b883fc95b2
1	14	1	0	abfe9613c5454bfc515fa009811e6bedfc01eb1a24f090f76da1aec847519d71
2	13	1	0	7bc14f6ebaff0dbc3806359438845a4b8e060caa0e5c5e5dd6e2463597a995ea
3	12	1	0	c17afaecd283d26eef05bbd2c62a7166052d09681d97d237817890a42a74fcdc
4	11	1	0	08f8261bec12ad0323d66ba5481da9a88ac0c7c706975c796ac4c60f3b0de756
5	10	1	0	ef4a099311fe88ca360b43b2dec31b464d9080fcda4b71efba556bc9b804e569
0	16	1	0	9e38dd022e672fd0456c0b65951f9524e52e89ce4e7def303ea4dfcc9475efdc
1	15	1	0	cbec736a4937c026fa16255b3e4551db1d1f5a646464d1357b60aae57b73199f
2	14	1	0	b264f38e92c0832bbecd3cb4b4ec7704f93f4c3c7a9c13a4f8d82d173d8f34a4
3	13	1	0	7e646e01ee794d5f03e587897079279ee2b5d1031269d397a7205dbc8ecf3afd
4	12	1	0	e1aac29bf46c997b765fa59e123cd8899b39e877f9a688a9200c1fcb4aec51d4
5	11	1	0	78de38e3876dfc18419456eee2d67907544e2cd3d69a3632d8c6bf8b41553b0b
0	17	1	0	65d513fe1ad0d6b612fb8b6f66c26b2d5f49fc02d61a66232dda4c3e975bc9fb
1	16	1	0	e125c7466048c0a335745a86b240a546611ce9c920eeec234a2bb2bc9a6b2cbd
2	15	1	0	a08c17ba065b10f9c2efaea55aaa711bbe24d8d3f2c391756cf45242687275ae
3	14	1	0	e69da2192049762c549c25df7bd50928f3c1ba507e82ede8bd7758b83a8ca550
4	13	1	0	a294491827404ed4dafe0ace52cae023884c34347c44a3af53a21eae1f3dfce8
5	12	1	0	6e86962d936051619ef216a36af85e5597fb3d60476c56f05de225544cdfa433
6	11	1	0	1cc5614c8be434ee95b5a22c303b8ec128933b715b8c420ac873776fd07c613c
0	18	1	0	518a2becc963f55aef6c78501f8ed3c74d1fc230af4ea94828a4eade62eababf
1	17	1	0	6453c8a4b4d0a5742aca0a5cdf48d9e9d0a515f363d571106c5fa57fd21f0c56
2	16	1	0	c04eea914579280bb87c248e5dde3f991ee8d3c6f7a4bd81308bb39ad6910a9e
3	15	1	0	a4974dd007988ca2e931edc88281e109d570cb7738f6e8456e92d822390eda21
4	14	1	0	97fea30ff59ba65e2a43823efc562ff6def25ab793ddd9cd0e7ec89c1b7ae478
5	13	1	0	ab16fd3c9248842b0bc0db06e7126b16d0307e9f021a320410f37f44e6e23185
6	12	1	0	a0072866758cd709025c112cee72a0d41f1dcda9bec6ab9324609e5c3a74b6e1
0	19	1	0	d613940ff9a3775cf2b87a22cee1e1ea28e733ae6b36851956aed4d29d6465d7
1	18	1	0	57a6ad85d152b320997913e5b2838e77167e30cb606cd39c000e47a78abfb989
2	17	1	0	c6d1cc3878c8b9650ec13aabb1b7fca99665f59cd6c1fb4d7ec5bd6159735133
3	16	1	0	5bec43c0e2a7363c08ab43d2269f550d79db199dcac15c8b7f8ece9fcc40fe4b
4	15	1	0	b065a796e86bac2543d2a89a203f6b4d28439135efe8c7c65bff670cc596afdb
5	14	1	0	8a35ea6906dba315603f23b83508e2007b93400cf81f9da7322607e72d23f419
6	13	1	0	99c95599b9b8c247da4147a4fd8168280169678e425d1e54a2ad115836c2743a
0	20	1	0	b916f0a0db8880ad6990d81c14a2c0c61cad455b02643f94371b7868108e2d24
1	19	1	0	13b537534cfc2bb9c80bfc60c680099d559a8d4a235d9899ab2a57a079ea7939
2	18	1	0	24e9c5b5a098b8c073c9a9c065000c1665ac5e6098e887fa3cb35932d1a33cb5
3	17	1	0	26bec838b74db2c7c83b2eeb12cf6344e52ea64ac478725f9b49ac4712345750
4	16	1	0	3a8be72f36db474f18319ad2211105494263a77b0e7d3b14eb2f07a9e4b418ee
5	15	1	0	1f6f6246979aafa43e6307abc8a26335e70c63aedaaf1640641cd3cd1f477993
6	14	1	0	e2e800e16278eeae3a014a8c7a64111c3346c92532f2be78e56b0d45f0157c70
0	21	1	0	9ae9ae4d0a43998bc4f84e90a7071900dbfcfb3dfe642a9bcb4ea310f64216e6
1	20	1	0	512f1c8fb3ab2ff85dc30d9ab41a6f11a4ddb54f75b4911cf7c389f32db9d99a
2	19	1	0	8071ca7c8945a61601416198525497ef5c31254a56edb765d9ed203e91f4332d
3	18	1	0	64e73a5b8675c766bc7b070e55d23d7112c1f425337ea03cff31d15876d4729e
4	17	1	0	a900b6be3dafa336730b69be43708eb49b6592a708bb1733ab1db2faf5466ee9
5	16	1	0	f6ace2a45d4e6b970be77c0d49ec46201a3d76a58a00324882ca5065a0805d0a
6	15	1	0	65b4b74bca84cc5c8ce727f6b66df06922cc7dceeb493b739b1db4597252e3fb
7	14	1	0	338391dfe839a493f7c784a4df9dc3cb7879a6aebf766a01f28fa3467f362986
0	22	1	0	63ac8029caf1c9ef723c1e1018a410769ec82b37ce4832e94dfd59b5153f8f1d
1	21	1	0	e577b6115ff3462131d8b63a645528e41cbeb102ef23958432a6c7b20f09c5cf
2	20	1	0	fd2e4d0d9c467e68731fd75b1b501aaf45a6c1594b955c251ead71b6fb32a9c4
3	19	1	0	33ddc790e5f9085d88eb09fcf4e810823c0068f6b38110dbda1d48cf927992b7
4	18	1	0	31e7b8e47869dbe00a96bb9f1a06bbd85ed1e4c5959d24121163fa9742bff6fd
5	17	1	0	1cce91cfacf33490fe1d01d3a1efeb375dfd9baec69c72fd889642a5698d582b
6	16	1	0	ef87796f5f6d367c334710334ec5cbfd9b62fac9327d3bf895459ac9a95f8a79
7	15	1	0	3f3011679516d2dd9f29488926e929103bacc99a6e3c7c4b807fce1b607d1863
0	23	1	0	1c8cc1bb736a5fffb3dadd2dc32378a6f467f74c229c1169f6e07945ce9c5a92
1	22	1	0	f29562e124e0fda13f9a622e1d04959c9308e68fb4e778fcb8fc469eff1765fd
2	21	1	0	c177cf811e16ba5d50a26b64aea93f2d6ef7ff173ed6ebcbb9f057f91c13231b
3	20	1	0	45453b343020dd60135d2873df94da0eb7e4ab8c281fdba64cb9c54f61b638d5
4	19	1	0	f85fb2c5447c3e7d2aeb3126c8a8e53802950dac13c5173b46b1617c57a39de9
5	18	1	0	d335b27489c030ff876687931c70fa0b3f1df6e7baad6bf6b49ea7a986e253f0
6	17	1	0	3df9d5fa488aea5fdf6fc2893fe7c24511b886aef6a76ea64fdc18d16d92da25
7	16	1	0	57ade7b9a91a0493cd32f411911bd953ecc17ddb17228ce682163f70c358a4e7
0	24	1	0	6145aeca75c46567c18ed7c16950763e369053ed6ca732e383cc19ec9a959155
1	23	1	0	42378a903b967a2d14b4ce661b2531051ac24c31472c0cff8772ffcab2d51d22
2	22	1	0	734a6090c9f1bac3df5ed4f558c53f554f21c46eef6b0a0697cc9136692c4f8e
3	21	1	0	08e66c0b107877e89f5a490fbe497defbfb40d9d9d71022528d615950ff96b4f
4	20	1	0	6ebd1a1e6c3952d8028f6b802c37f35d22980e3fcf6205c1b00bdef45753c634
5	19	1	0	a4e00d613cee4c023d9e19b94839467fd9197f292e5626b19f3d2f6853e6e884
6	18	1	0	a9950343d550f35c63a626ea659cc78b0f250b75b59fcd6aefea7fa6916bc43c
7	17	1	0	d53a7377958093a34e9eb345a67a71ff1875287891c2b58f4e407098344f2257
0	25	1	0	5d96621479ecc9ebc0c0e58cf46f765009ef45048b8afff8936b323910ab66b6
1	24	1	0	0e15b0be91b235a051b531784d58172caac2ccc7d3f17001c968d71da703b5e6
2	23	1	0	814b9a713e670c5686add127e8d4899ccd2ef2844140f85a20b0ada5d4bb96d2
3	22	1	0	43d72d17be0561eeaae00a5692de1d024e43da5de0b869b9b9275a681a5503e0
4	21	1	0	f474ed7b14cfd2be530cef2f92162adfc956c3ed038a386c9c51bd0364a06047
5	20	1	0	0487305a704e023ae57a074d536580ac7920eac8812ab9f331fa7f711b07d7eb
6	19	1	0	0c3ed451618e64abb3ec5a3c506cb92d8c182e81b2a60df06a94667f63288fe8
7	18	1	0	9913a739c16303680a327fc6a22a97de661efaa65469073c932a14c290750523
8	17	1	0	89001e39b941a54dfb6a07de7825c6666ff9f0c7ad990fe308f42f90088c896b
0	26	1	0	7f0fd43cc08ccd71167ef029ba4961c709c741fd4c227e4bdc103fcae26687af
1	25	1	0	5fd19381898260b95163fe374996f1694590dcfb672a2e7bd6ea3fd0f6b14f98
2	24	1	0	1cc4595e66882a4066e773f17d8adca63b47a52d2760507c8c8c3840637aa755
3	23	1	0	35218b710dce8609af558ad76011b7c705916930561404786dc8c814bd6c00d5
4	22	1	0	7824d8176105545d91acb2db6fe60ceb710cf4a89f00f3fd78451c44cfedc40f
5	21	1	0	9ade93714826c230702bae0276edc725b086266fb990d8d8ac63fb3b08cf0644
6	20	1	0	6764f8c9c58d0a90f7f1eab866d9d864032d2cb20ecb79eb90071b06ffe9f31b
7	19	1	0	5235644face028701d769f72d55b29c34d42469d2f0bd41515546a1c8fa29ae0
8	18	1	0	4cba392a839653baabeea9853dca1f28e88e94724bca8ec9d96926f2903c5f74
0	27	1	0	d1124289b7657914798e423dc7b6395334f83540591b41b25aef1ad08a3aa7c3
1	26	1	0	24982c3a6dab3571ee3617ccf54f84e8c9f8e1e5a7dd02fe29ac228384fcbf23
2	25	1	0	4275d8db39dda38be4b59c869ca64dc35c21d483c5eae61e655c7cf183b08ba7
3	24	1	0	59f5fa95634b0f2d7958062d75b6c0fe285ea16d278d500006ff4234fcbaabf6
4	23	1	0	baa04427e55faf9c6bc3a8984faa0c0780a5be516f8d1db7e32257ae30e24207
5	22	1	0	92d7ff69142157b362eed0e2f6042316b20367988412cf4fd6ec45cea7868d63
6	21	1	0	48b88bdea01dd9afde702bd2006c89817bfe53bf28eec0ab8a4a6f910e283791
7	20	1	0	274a63cc713d80299a9d3dd99102648505aac00cc7a812118a9467e1933d732f
8	19	1	0	2fd2de6e3bdacebdb5a84a790cce23adf9c5d49ac65fb5ac8e8663753cd59531
0	28	1	0	a4e42c0aaccfeabc5eedd718e9bdfe0cac0fa356729015668723a0c53d591d73
1	27	1	0	4d48d621824839b8a0e1450de77101ccaf8c00e3d2b8b2ab7ba1c841c3eb8f6b
2	26	1	0	fa551ed3930efae259d6bb732ce113b22a1e2ad7c7172a8367fbab69c243de1c
3	25	1	0	9e920cceba1779c875b0f7b98db9599f102a7b29c04ae6d85872d14b310b9a4c
4	24	1	0	dd1fbef4959582488ecce1f54a15d3e1461c5f51e9effd3f3c4d57c91bcd303c
5	23	1	0	ddbe2699042c22614f82d523ba2074b2f470c8b5472636227f74daf6b3a8d0c7
6	22	1	0	ad84dd4cbe80b7cc4ed01c12fce751515a1f10f31508b03c612e797c90e509fe
7	21	1	0	a1bc6d65c1e8544104483a6240eba59138bad03bad1d4a5c7dd84431c46f5f12
8	20	1	0	d23b33b270d67ddf06c8bc154e9a5b454a7113b98e8eb07f7c6a2189ff8668ee
0	29	1	0	65c773e9d3a18508138d0694a2aef7bf56fcc3508eaa3eed3633327f868aae12
1	28	1	0	0a17bc2dc0c7e5b4bdc8cb15eb191d27ebdab2cf4a9caac822620a9810cad36d
2	27	1	0	47dc171be245715c2ef7a3978d76866de054cc0f1242bdfa3a6785072ae969fe
3	26	1	0	3111600395af9395e5456324c6fc924bbc872bc4afc361f263112637f70ee19c
4	25	1	0	3717c8f16be0cf7ce284b004967c8ddfb7a1132dffa3e8b31fd3eb92dd16720c
5	24	1	0	e96c797c9a9ab80e4c39ca70291ef64e38d5b867154a504802a1d3eee165756b
6	23	1	0	87ea81257fd6b3a840c8ce78075f5f7c07f03842204631deebe046cc7775fee4
7	22	1	0	0d58dc47f2c3f3db924f502f7817c58dc13be3014bfb181db749c03778024c60
8	21	1	0	9acb152a1d59621ddbe1ae09f1d2a88799689f3aa731eca1b65cdf0c756fa0d5
9	20	1	0	12e104bfe42a4abcb0d791c62bccc0aa8af10fe6b767239411d268dcfa6955d5
0	30	1	0	9b772730a65be2ec0a12604f734d1d1a521a39117fdfa6027ebcb74ab4edb22f
1	29	1	0	4c214e34d3140e899a9aa43495c7f7cf119568ee3bf27f00d086270f68282e34
2	28	1	0	29ca19f62ab192ac732499495136ed8ffa78f9b7e660899fbb4c17789c024a16
3	27	1	0	08c95063a58a94d92d8b22ce7919411742d5cc1a544d94dbdc10d5876c5eb169
4	26	1	0	0bb7520c71d305610db323587b2f41f393e9bc118b2ff77fe05865b5275dc5bc
5	25	1	0	b2f3f19ec253c4cbc072a7ad9d43b1fa306682053c794f27e05b2ed782948aae
6	24	1	0	b36f6086f040e558ed24a42fced44887b507602043701829ddf26fcd286077f5
7	23	1	0	12c837af0e567f8baf52c3a48f2f9d80207da375ccf67d81345992588381049a
8	22	1	0	6a20f31c0a1d2e82bc4e2df46e7b6ea642fad92f9947e2f768cc6a942e846944
9	21	1	0	da98e864c9bc80fbb5fa0d4200cffa2cbaad98190f2d9681bd51c32c1df88470
0	31	1	0	ee9e0ef287e124f91104ed85020603544f5d3b9bd97e644fdd563b4396dc5306
1	30	1	0	96aff330376eb90fdc1a2984fc6f7a14c5a135859e7ce3308e9374f9b83dac3d
2	29	1	0	6bd398f0c9fd970b0ef5bb4304d780e76778db6e978fd0128993e4b741696f4f
3	28	1	0	0ecf6739627a8abb2a32a2ffe4b663e7f70b7776e0d6905ce533442f6a39d37f
4	27	1	0	892caa7c590f32cfd2f508904ee5110e7e9c30540d3088ee46f6dd3f9785b2f7
5	26	1	0	48931f53d8cdc150dbfd39c7ce91256bd1c598393e9a782194f950ab90e27e37
6	25	1	0	7cb9d10d2eac71fd1ad5233f18181217a26a7d60831733b10d0b8cd4e95d02a0
7	24	1	0	d5fac72442ac31770a2c916f5f1e22883c09c009785e472eba1a0ac49994e0aa
8	23	1	0	05e9600177401e21f243b0b8e4d66ee405ac7b4e6740a6bedc41b940390a552c
9	22	1	0	c7b12b273006f245f699720e1937bd64a6f26eace2e1a692da4bec151fe0bbea
0	32	1	0	28ffb4f0d6ae2033f128124ca7826e3285271bce7be787c14f4a230eca31683b
1	31	1	0	d00b6ae3c55379c0a4333b5d88c43c9ad6b3ac2b79ca09c1ef1517fd18fa2b4c
2	30	1	0	058c9e81b41d12de0dcbfd3c942d42fb26ae2b409bdfca7a87c4cd6b9554de45
3	29	1	0	bef615ede4ef6da56ec97e3e7bb1b4858e465a4a86b081bff5e918f8873dbb6d
4	28	1	0	4dfd607c369cdcaf3ece19587a491ebb63c0fb97c62438befa447f82e4578468
5	27	1	0	5e094d86012123ea38cad46397b9528e5c87e8cd8bfce9716fc63520e3baa48e
6	26	1	0	1a1d67f09bdd6c8e930431fc1665ba32444fe3cec36580e07c64fd26fe716e61
7	25	1	0	6771e40f80590aa3dac3b7fa5b128317930c8e5221eb25acfb24e98ac82c0408
8	24	1	0	b87ed69ed2bfa1779dd5399649fedc1387960f09e04b37e868ccc23aae761fa8
9	23	1	0	21d4e82a21b32fc44e81170bda1da258e31f41bf66578997742bee6922dcea27
0	33	1	0	1d1068d746e2438f5f13dde4133bcc50e45077a08e66ce2f1acbc20ea0202155
1	32	1	0	04dd51763d4ca777887daf6e950895848e111da018fdb05fabea1aa4557efc8b
2	31	1	0	3a4fa8b93f07dabbf231a60f57b4da23f3935cc4387af535ba5708ecc54037a0
3	30	1	0	cfc108c26648fab4159ca2c956c5ef94da403c4f4803708e8174a9fca472d38f
4	29	1	0	a82f6899ef923f4235d9161f6e66829c175ba9c4bdff79a0406642339e555ef1
5	28	1	0	8f2983080c21eac6dc5bb95a3c348b8823a7ddb18f1966b01772cf01241fb60a
6	27	1	0	d1d6045b3dc4ab05a10ecbc067824be2ce8c8b8596a07de5975692e2b558d18a
7	26	1	0	478299cea920675cc3d04027d372ed60791b12a81f6840447f3ef37432ba4d7e
8	25	1	0	037f1728dac5df34d2e151c1b2921c349fc15d72f6446129d982d540719a0bf9
9	24	1	0	4d6b6bb33074a6b46c8c037ca67bc78f0d7041eea523a6e1c605d42ecd07a640
10	23	1	0	d675aca143d08ea5ecf1a3fa0c4cac9594c5219ae3afc0c60da6ba5621af0cb6
0	34	1	0	443da87898e6a96671ca7bed98e0e103785c4905fe422ba0916f2be3b3c05543
1	33	1	0	e0e2a06842493ea99510191376f232871e657ddf442be2c1cf02a585485a181d
2	32	1	0	07cbb48810bd368962a3a245b69d7f5739c7430f47ce8e5fa822b61314bd8370
3	31	1	0	bbe4cd0c076bef2541be2192413ab42b6a6200ec8038ec764aeaddf0587d12b1
4	30	1	0	6ad49dcdd8d801a6f9f03565b3bf5bfc489d99cb1a3329825212ca839add3a73
5	29	1	0	683f0c6519513d00f12b051d1701c4f8516fffc0128a2ce314890a61b9030260
6	28	1	0	b7f6c6345e271e0f2e2f52bff5028bf78e1d5dfecbef6ed164dc279965fb77ef
7	27	1	0	28f585b219f4cfb43de01561dc2a402814a9e2143092596ea88baffeb2b2e907
8	26	1	0	fec6fe931fec56f01f70e314481acb781d93c2cd71bd5b4374145dba8024d2ca
9	25	1	0	bbdea2a72abaf7eddbc9e207e3e6f19075782786f5fa84831ad74ab6e43985e4
10	24	1	0	9514999aa2236327001a71bd87276d0d476df2d3df75ef3511fe2c2b9b4df004
0	35	1	0	4770006117de7a9996089b18af204f34b224bd2fb517a5be8a9f57b0a6778340
1	34	1	0	6f7581d93c502f9b82643dd50a03cd9a4e34ac60ce916a676e1c7c13e7e584cb
2	33	1	0	2bccdffa89db045d0ccababffdfc38db893707e3e2ee896364a6e41bc17e18e9
3	32	1	0	fcc4d16c968d63f3bc943bbe6a994993ac633a9fceded9c456793c0164ec0785
4	31	1	0	f642dd1b66ad5cb01b08f9b36a4935916f60e0cb6a848e0f0f6759b726072fdb
5	30	1	0	cef22f879e71bff96be01492c4b4ab5c3571783b6884da66b1dee241cf63e809
6	29	1	0	6586c3ed755818e38839de8c7de5b9f2d2a83f080931018586ff04874fa062bd
7	28	1	0	3c9cb7e9c23ac327d200aa2dfad5d97c9e1487f230e49a0947cb42c39731212c
8	27	1	0	b760aba9223344eece077f8377d7169151f48c0ba603b36911c8750a2b00b68c
9	26	1	0	26ff7b8120e311ab13f3ee66aad01179002fdef57cd0f6035cfd82cd41304f23
10	25	1	0	e873d64e57254b7f3722545be6e80281718ecffd5e7454284625f4d92a40796a
0	36	1	0	043cf48bcd53ff9afadfd31e30d3a37980d05e32aa2eeed475b4a2f5cffcae1e
1	35	1	0	819c3b8d3c4c2c96ede1128f69c11c9865c6a9cf31a1a50a153c9a9c7513d158
2	34	1	0	36696b40d52c83d1232d51a26eff993bf173c158dd1913aa036b358aa6e5db0f
3	33	1	0	f31e0cf7a54cd4f3e14f5037811417d685207e5dbb2079e712aa6cf30bbc31cf
4	32	1	0	314deb44de31c198250178a3ac295b9bda19588c7ca5d8a6f993ef99761e0004
5	31	1	0	fcec014cbe0c61642d515c88d5f8ba8eaff150e67a4161ce7dcd8f5cc51d837c
6	30	1	0	3ac02166cc6aab705626d16640c98bc941236c4b1209aa4ba7aebead03048324
7	29	1	0	d2de0ec10f8f0a8df77c08baad7f6853d98c050e8267b5328a777fe81666d266
8	28	1	0	77c06b4c313d3216dee867c9a2a59549cd83faabddb1353b510ed8e4e1633f4f
9	27	1	0	5610f1881766cf38b8e5ba1784e43bbff194e029a7d2a036f88007afc4bed4e5
10	26	1	0	3971d976f89db0093df5ef7f8d92a10a5fa401d65b9c8d984491fed8042adc82
0	37	1	0	5715a2d3f14b75cec8dcc852619d7249bca1cf3a06b3d8ee7d6097e3bb04ab6b
1	36	1	0	3b41774d9095fb5ee0164911021c03120a8440882307407c7d06f54cf9545c51
2	35	1	0	4b85017cf3468e554661cceaf76657a0ab3b34134da1a5145640b3f522fecbff
3	34	1	0	6a7913739ab181b929ec9cd03a35d24b2606110718721e5081c813939da6baca
4	33	1	0	2761f8cc42823a97e26126bc4788943e77600a04fc2ea2cef63aea333326f440
5	32	1	0	a1311df3872b4bfecd195351afd739a1d83586b5ead29a60cd7a4899051a9e87
6	31	1	0	c2ba5c07c2ac173335cca09d8b9b6802907d2ce8cad7e7d6ea7729014cd270df
7	30	1	0	c48c62c9b6eee3bac1fe0f59f6568e5412fec97319222dc399ccb78ad39c07fc
8	29	1	0	e0d16f85901f7dc82e2105f19b01b38895627a9965cb289fd6ed2857ece936de
9	28	1	0	e1b1b59829808305c969ba00de7ca55deeba5d5a783515b952cbce6f1f83b17a
10	27	1	0	91d74154c888a8fde2d3a88bd0d3723256a125058787f9f1794357c5d72e3198
11	26	1	0	54ff6a567a394a4adb6f8ea8749a2132111778df8fd9696a53c6defd4d14423a
0	38	1	0	d0127b5ff5e73f9326558ad00a76614516d67c24a63c6732eafb25a73cd3c261
1	37	1	0	141e9717ba56e8b78b9e3b7feb8e1fab8d3c6cc02cb092267b54e0e6c1f51c2b
2	36	1	0	79b4ad0a64db31dd6c31bda4fe4e7423ae52eaecf3baa6e6033a05e0919518fd
3	35	1	0	b7ab70b749c678ff6f7356d33a702fcb1f988947cf75a7308b4bd565a84dc9a4
4	34	1	0	8c56f1dfdba40c9eb6b72c928bb884e799018d3fc6752f61dafc17fb22f076f5
5	33	1	0	76debc319ac8f702e2cbde465314acc7effb45aa683626f417844f8fe31d4447
6	32	1	0	444af1e1f5023ffe2e5c46f4413d25a194aef4f4d6277c060438da0661bd91e3
7	31	1	0	cb8f0e5a7f12db334669c69cf5cb07754e62d795848f932b02c84f1d8f1b109e
8	30	1	0	d130cfdc12f5b7c69a73a47519911d120aa64b69b8d34645ed4d08806920a5cf
9	29	1	0	5670918231da34bc0c971d1804114961d61cbd4386fd5bab5484b10e19d2dbcf
10	28	1	0	96c3834d37ea9ac8f607d73d658fbd6f048ad685270b11f57ff335f54f6649c8
11	27	1	0	6fedf4e2ae3133c9856c24ea676e8ed62e715e5023ab6a22c6cb0f0cfe9921ff
0	39	1	0	23d0edf9e2be688b85c2034bca55f3c1c81fcb86b2a121e46f14565f6e30830f
1	38	1	0	a6c97343ba474e92d77afd967b58b72022549cae5a789c2cdc144728d66e9ecc
2	37	1	0	123dc64e0b9419542c1db6a875fd6e9ee31f4183fbce047f7fd271dc0f1fbd72
3	36	1	0	2c6dd22b210621dccb167d015a309d624807d2c56c344d2269845864afc61962
4	35	1	0	724e025a79acd41033cb11be8449dfe8fb662b5fa48ea5a1aee06b177ecdd9a6
5	34	1	0	03c66acf3a898255768ab657f3faea10a6a78d5346e40e2cb6183ba67b2229d4
6	33	1	0	840c0fd895f85cb1d90632e94e7b4d74f2f31aa8397af38f957411c6bf442057
7	32	1	0	2206bd183e632c7060ccb2444a704c555a4ab2ba478a6e8599f2f8eb937a308f
8	31	1	0	706df9ad377949fcf76693380bdac6a12e3d0443d9d586140c7608467ce4939a
9	30	1	0	95771f5abac3d4bfa9b409cfc692a4a72e9be086e6d24122e8edcad3d1187b3b
10	29	1	0	ca8664dbb0010ee5cf36782c109c35224d4dbc6fe5162645ea6722eba6979262
11	28	1	0	31e07c1dec2a7afb78ca691833984bebad1ff2de14f56904103aefeb4059755d
0	40	1	0	d0d3699534a4c3375fcc60498d7fb0518e5ccf9f382cbfb164d4de720349fcdb
1	39	1	0	3637d27fbc3005dd875519cc078431c115122bb4382763b08d8ee9ef404e3067
2	38	1	0	00373210ab3e3de189f02f165b47b13006661be81e2dc127a5a77f7a43b0f6ef
3	37	1	0	b3cf34301c0593dce0b1d05e4bf3b812f39194a5d142385bd44f204ae1383d1e
4	36	1	0	e64beae54c16714f954617686548b09e4983f62cfb920a22b8427477a832fea5
5	35	1	0	4c0dab6e18c9d27a20d75b77df546d3e7cdaf6001917b4736ca7039fef182ec1
6	34	1	0	6198af998dcc9833cca77ce46ac9497502e788ee431836ec509069cad4d09872
7	33	1	0	f0cc94eec7d4f6f6a43510da2a87de3aef8dc9586806f76a972a5c5aea2b80f0
8	32	1	0	829fe888e712c910d1e4a69501533a5a937082320a2cdf746ebae73622992abd
9	31	1	0	1ca48364af17db2c99a8c8c829d73e140e2c90feef3624e546cb91cda01aa5da
10	30	1	0	b860a762437a78fbb0e9c8cb2d0b93a4418c7a2a86efacebfcbc69cd19074aa4
11	29	1	0	d318eb2b6e14feb4912da221b8cfebad540fe33b12d951b69be3ab3ef6dbe10d
0	41	1	0	f4751a4584b4c83c22f751f768e8a83280c5c86bad3084dc4ad2d180b61643c0
1	40	1	0	1bf9493ebe8fb80bb21f8bf860b41f7591deae9c7e54632b347b289da7754e8d
2	39	1	0	861263303a7d7cebb58b10c465d4cb5b502eb628ebb15b9471058941b3845658
3	38	1	0	93d75091a24fe6d718a6f184bd3516ba10705f6dbc5e87dfdfb6b3b18d63579f
4	37	1	0	607b671601273b3f8814c60f80108663f475e7b7d1ca743146cdc046e1de25ae
5	36	1	0	04a74ee9f4acee5bf633a0acceab95d262ce69f43488d69a355bea04473be6ee
6	35	1	0	c3ca35d732ceeb6a3669fcdc7cb6cefb5c94a689c5ce40a410c8c8d297c30ec2
7	34	1	0	91d738f4523df3627e6108956187b27467f85eb2ff4ceffe7e3335ed4477cc0a
8	33	1	0	fedfc9d62baf50bf6e8da35654116574b261b7c0f9604e79e483efebc901f794
9	32	1	0	cc0c81b8720aeecee6d179a8eb4c112a9cc9ba4dd577969591240969c66fca57
10	31	1	0	885d6339bed30fba423a84a2f9ea2bdf8c0ce0524c09d66cd18391e7ea356290
11	30	1	0	44fe0cfb64b398f7a823e37e1c897f97bca5048af3d1823e9a32235107d564e6
12	29	1	0	ccbf859c227f01ff8b3a78461a65abf34c5239bd8bca7592d3309be7c08b98d7
0	42	1	0	219d768d7275c9a41778f2fdf4881ce42ce04cc6de6030fbe3036b6f86400298
1	41	1	0	e823d504f59812b53a635b429667bcaaa521a68dde680e0aaf8956acb6353422
2	40	1	0	06a6ae4d1aba2db01ead4197c70242ddcc6f2f18b31cdd5525d36568867c7fab
3	39	1	0	37b93fe16ae14b60483e4f714a8d0497c03aeb5d78877db0f6cf0b273a187c09
4	38	1	0	a0f2f2dce0dcdf3b09b6bea291d14f859ac6d94b1d1e964ad1896ed73fb87201
5	37	1	0	832562889ed3b32240b8044a2b4ce6bbd3366f3ddd6fe5d7800b4852393d6be4
6	36	1	0	2c798ad34f79b60392f8dc1d4818569f364ac0938871020d72f6f7964fcfef0c
7	35	1	0	8cbd913a14eb71bac8fa8667833f71fca416da95e8d69669ffb016be6956855f
8	34	1	0	66a07f4196d5adc2bed12b0427e557ec56833aa05ff838873b1e2633c4fedc2f
9	33	1	0	bb64db816c4560f82d4f8421ed5405215b9eef62e0d2be865368b8ff57e1c31a
10	32	1	0	cc008cc1b375cee261d8ba744d6f36b5a24c4157a578865536a47cdab4dd9650
11	31	1	0	222b74c5b314f0a6f021fbb05d92b2b1923f45db2e57435b578590d4446fd3ac
12	30	1	0	24e195a29f97136dfdb286a00dd55b5c23fa97043f91cd2c160ceff7f5b26d81
0	43	1	0	aa537b5a92b66fb3377b3a1d9a8cf359ce097694291f590d0aa1f5fb46c4ce66
1	42	1	0	f16d99ed7d545365aee74a438da156f5b7d9c62de6069aadc6288fde51f4dbe0
2	41	1	0	6904d583113f89d5b8b0c5893f505947f54f2d0e0f38d965abe7967362c08675
3	40	1	0	69cfa4b5e2b41e0f123713f414009177778fbf3236697d1ef6c79a6c2696cdb6
4	39	1	0	a1fdb1c52a6a94312372f909287cb3f1b92c0735e1ad47a3b2375a0eb1ea9b05
5	38	1	0	7421540f7dce257a65a3e1f0ee02d0fa503eef5bcf828e1963b689316cd88978
6	37	1	0	c0780a871fc5bcd8c9ff308a28813f80182f53eb207690db9d651282f3315970
7	36	1	0	8f36df899ed29e1c348dc539b079a781964608458350352392c36e33ca243fa6
8	35	1	0	d040087021718c07b5a01be4d2d83ad781492c76cb5aa901deaef799de29854c
9	34	1	0	e3cca65d3b176c807555d82fa7b8df244fd632faa41f364692e7abf1a0ab48e1
10	33	1	0	bf8ba82ae81ca946c7d9b7cdff5e42d6f0ce03bb1fac14267a0f17c29eaa2f6c
11	32	1	0	cb41f1fea044cdd0beca5854328fc28e723d9be546ce552d89b0a6682153a937
12	31	1	0	c81fa37d168b85fbe51e67a1fb31e642a1a3b84c0be53aceed4a2cafdb1a713a
0	44	1	0	3d6a006d86e543df0fbc10f03cf05ad5c022eb3e8e4eedae67f6895386aa1b17
1	43	1	0	6eeae29f5c02096d75ac59609e9936fdfab770ffb0c4b96e91be943144ce893b
2	42	1	0	f32207bd05a7ba1441d095b16673b8cdfcbf9bb9fbebb2d0c7db76de93af55b7
3	41	1	0	06c378d9da452dc900eae9c26281e950d1a91cfc42719637ace5a0e905a01e0e
4	40	1	0	b5d1bbdb7667c95ba23e607a4db30d4599735a0ad5b76cfa281b10d5143c7d0c
5	39	1	0	70da4b9060d6de528b04d23f4d0e0d01c5864359d0560a94b7669ff5cd8eba38
6	38	1	0	a313d6d1b1509d248ceba7259d5863dcdf426496ad31b40b6cbfb9ca043eea8b
7	37	1	0	7ac15ba35db70b778d3ababb143328cbb482c1043db4a751c7cf726d26a32dac
8	36	1	0	e3032c255d1eb4ce3092755b6b46e0de053def92f50c3298373fc4a079f620cc
9	35	1	0	c36227be29563fd93bde9c8bfe5d906e59f89de25701ba3de5259183257b0c65
10	34	1	0	87d01a79db7f41d430a26f8f8c643707ffa6b4255330a21f151a60810e7535eb
11	33	1	0	eb5daf9b501bc6b93341ae2b932a84839ca523535d7af90c3da820bf0d6b47b0
12	32	1	0	3a12d2b634d08131aed6d87d14debbaa171b1607538c3c521ba6e2724ee66282
0	45	1	0	8facc267f836b00f3f3751d0d917a270e3e135bad2c22f2c4e10236def691b9b
1	44	1	0	a270093a003c3fcd4188c654ba137c0380d58b34462849f88145227173987498
2	43	1	0	6450cda10072a6ca71ffce76f9b4e4be4465acee105e63111fe521313b6a1c3a
3	42	1	0	c8e67159547d4393d52878bd8fbc1c7f4777bfcc2d5d64a87da1ecc2cf257a18
4	41	1	0	cace9abec174f7b6d11ed5d700daad72a80f74f4cda42683010627e06319bcb9
5	40	1	0	347f0f4a8c36d1e0faf74cb4915cc448f6ae75380e205b86750b6b8d6b4cfb5a
6	39	1	0	0853609a2bd13064730c8d1e340e11894c61a7848a838a4a69a2a2dc56e372a9
7	38	1	0	2f6954078969d1f9620c8f90a0238f3259c9ae077e122bb70c6d34afb4966dae
8	37	1	0	850cceb8d6d8af0069de069f7fe88ae158f5a07531456267038195fb0edac119
9	36	1	0	55c98dafef542a14c1e8c04ece1f29d897a7feef02013bd6124724ed60d54f89
10	35	1	0	eb3b243fe0d2f3903e2c6b24aeae0549172c8d896a5492471b93c759e4e48887
11	34	1	0	c6773befe6e875150995d9b182066dbeea77d089af8bd07bf131832ea0fc8141
12	33	1	0	2eaab6cb2dfcaef49b54d3acd29d6a4e057dd23d32732bf43d8674ca00d55a4d
13	32	1	0	57a5e0339e74b13b56f9a8ff24984ecad3810d508dfc03474959ef90cf57a606
0	46	1	0	27a2b111b338097667ea76a95724ade23917ee43474e8d162eb2d9e9d27ac966
1	45	1	0	3e1eb6895352e518942d403dbc0125da27bd660082e1d937233092b76c8a1a1a
2	44	1	0	b24b2fa8502e8ac8b1581e027cd22d48df762bf5cf8cbde25b95d591e1fc412b
3	43	1	0	89062af454f2289e4f6cc1ba9a7f0eb9fd5c081555bdce20ceaad2b233441479
4	42	1	0	ff1213c3c9bdb848631eeeaf1e55c5914220c13f01ddfdf1211293c138be0d93
5	41	1	0	1671980eecb35986ea80fd19f4dab97dd0293545beacaa179571a8e4b3f56060
6	40	1	0	126f0b7b9577b35f760990ab9baa54bf10248b8ce6f6a88e6cd16797a04edcbf
7	39	1	0	833fd89943ae4b37ac704e99fa3cd79f279cef8339c090bb8b3ebccade5e39e1
8	38	1	0	2af5cb6cf9c81139803c2a1356300322340f43b723b8f3bda3806ffe39e5c1fa
9	37	1	0	eaf18d20938fc48607cb20e04a48fcda536807f049408d6d41d313b62bf2a41c
10	36	1	0	1051919c171c7476dedbb70f24d3fc767cad11ea03e397e31ee7306a65ebe632
11	35	1	0	0a3404acea299205ea2fb376c62d34fb804e5ea8a18a69da4b850c900bd5601d
12	34	1	0	1d9f14fc77c8a4884b6f8cb8b313f65bb9d9c281fe879611f385ddc8a872bca6
13	33	1	0	24ad3ad5bb6e6a932129193cbeff9c478763f0ad4b809c958402335e243192b2
0	47	1	0	ee28570b5f3ea545d51775142a42e541ba665193378750773805cf564ad26f16
1	46	1	0	918427a193590daabf39b41efda6d6ea6c4a43f0540ebf75b9b68d37b9c44ad8
2	45	1	0	a9f5c69a141e5a9e082b69c26b50505ae90319dfb0b300aace8328c9022d3068
3	44	1	0	b03f0691c552f42ba2fab37b89d63c834229ba695d9c3d0581d9023fa2584374
4	43	1	0	b52716f6e17f1146c8d9a024043b1c698f0bd630a13cf30909d385fd468326ac
5	42	1	0	accc0208839676868e196e7d4e16cb470afa38d3f12627b1b41b475d9f51b37e
6	41	1	0	147860e76970f6eb9f0aad556b9b1a21e61d171f36567a59202c490ab423392b
7	40	1	0	cfb7fa5fc9c1b9f38f2619f1cf8dba8d4485c9ecd17d01641b95613997787f98
8	39	1	0	d28b15c2518e266258169eae134a1cae0665ce01be3763ea057d13719a6cccd4
9	38	1	0	d7b98ec29f8a29c0b097b23da4f429430bbd260bf93c395df1803862920afcf0
10	37	1	0	69705234f38fe42c2aa81046c9d3ac32316da680fc0169e895ede216dc103200
11	36	1	0	860bd2ee58a4c4127e2ffe176f7ab10d855b43903e425c461212edb3907b7f37
12	35	1	0	04d1da8f8e91b1cd81f1c6262a177cf7241916639b9218703d167314b7ac7cf1
13	34	1	0	6824a06e7acbdd470b3485242eafc54715a5e8938e66ad3c6d22cb0a0a22d68f
0	48	1	0	2b8bddb1d8fcc89b5e8efd4baf3910f7813e91520f1b06990fb50c7865bdc4d8
1	47	1	0	01a836b153ecd9c37d6fbf7f1e63453184ab30d3249f64e61b85af078a66b343
2	46	1	0	1c6dfc14b9720ee98207dfe93515671d258e90c3c522f0d68026fff9129f4601
3	45	1	0	8d1cb050cda1833bd5ec26eb9d81ef6a9d70e4869204d383494ec61e9b76b730
4	44	1	0	ad138f6ff27cbd1d355aa9b4d0024816d9b8a23b6d1e5cfa2279ed8c75598a54
5	43	1	0	bcc8853ba596d8c9787033b697631e836fd263b60fc0fa1fa8c66761ac150343
6	42	1	0	f5ff0df22871a22ae74ef0961ff0b3ae95ab3743b5dfb4b14daf02a02860c902
7	41	1	0	25fd2d42d5b8e5edfeb66bc4414990d50c9bd57165eb8cbf8052ee27fd157b7d
8	40	1	0	d3305a3ba2b030fdebc63811fc4cf8e11a3863417cceba700ac7c47ddc6f3378
9	39	1	0	03440d1a6868d3619981a0a6cb2fddcfb5fafd05ffc14e0d9ff89bd34152d3c9
10	38	1	0	bc79b085768ec9fc5daf1e6ddf10beea1f58a6831dbe5af80e7cd71f8e69e605
11	37	1	0	e341d80ef45299b7fcae8256356fcc73aee779764c8c823742b0a89adc5ce121
12	36	1	0	ca00108546cf876cbbe3212e475dca4c362cc470184c2a2e343581d6ce6f6510
13	35	1	0	30bd4ad0579bd66cd0e348c09359f97769773394d7641e8092b443f4e2ed6fef
0	49	1	0	1ca95c197ecf2bcd9ea07a11533f13a52141522325e0828122722dbce03d453f
1	48	1	0	5494606f28643aca1357faec63c51231609e6496c935ceea15aa7c71a417929d
2	47	1	0	b58b1fa917e767e5c5a14b51f062788805b605d05982331dc08035d046a83a89
3	46	1	0	559d0cad803e7b58379041e53b66a897425694b2dd55ff789e5f963ef53c6d1b
4	45	1	0	3066d79e1b42107fca481b8e4ac42e722da5a98ab0d1f048424acd9738ff0d73
5	44	1	0	a0f68f618155eb8c8fe28b062128e62bb4e1e4dcaab6e921b6699554f90d2ea3
6	43	1	0	55191981d08472a8c65bdad6ee16b3615f3fdd135c6d5acb3929b0254fef2b63
7	42	1	0	b767aa2cf198e53ec47e45a0930f2cddabf7f22380f5ef63471a0e99dd1c5524
8	41	1	0	cf13e01534ddd1c613bc20a1872bcbb20d7dd51d037f879002b7b5a86d0e9f25
9	40	1	0	581203e205ad7156ad8f9bb3c1af6eda5355d164f99a68976a0d0e4a09342fd2
10	39	1	0	361f0b4aa630778aad7fe26740d78bc0fb497088cc75aa12ad7bef00caa20bbd
11	38	1	0	787bd3eb38052b022fd97c573f6e98cc85d597ad69d1c8cf50af1fd16f60f0f7
12	37	1	0	c73fb68b63b4323ca8ffba2d413dd1d0876a377659b92839c0c6e372645fa85b
13	36	1	0	3dc6ab5a831b43da5ebd6c55c901f8ffaf5d9fd1f63f02caa64412327242ed27
14	35	1	0	499a100160430ab53d529e0bfe10ab53cf5dc7db7b0cb981f94e8909001020ef
0	50	1	0	218216d87480a6041e1dafb17606ae611275d1edaad85ced71e4bd1e2ece9dcd
1	49	1	0	e8e2cc311eb3ae6d50b9f6239978ebbf00c811d1ed3f9cda38a5ebe01d691836
2	48	1	0	83d2a53e392fcfa3b5f27d73538a7057736aa7632e02e658058b551edc5055f7
3	47	1	0	25300359f89f3d0301efc5c73c49dace0560193c1bda9dc45a5781947184eb0f
4	46	1	0	467bdf1dd916ae0993ef03e410e34e2ee642ac91e8ecfbe663ed9149c5350593
5	45	1	0	27d17a3948e6610ee54181b2637af0baf81a92b49b9928432f8bf6e0c7496dad
6	44	1	0	7cb436035461e3d65e55d4575d75d848f9b1041250108c7eece3d7f5c6f13ce9
7	43	1	0	45095216060b8535e080dd850ab4360c6b4acbd3670e6c5494de7fcce06f8822
8	42	1	0	2af35207f6cef9e560db54bacf1d2c27bb2312ca214ccb1a6a1d4f3a93ef3c2d
9	41	1	0	52242e064c0a9d501b9e8c6ed66e0a5cd91469cce42ddf38fbe9ab5cf4c040d6
10	40	1	0	e57562e8223ef4918e6ebf5761eb9354f6a4382a310de95d4a9ca07aaaa2243b
11	39	1	0	b7921faad80804a0f5421fab04ddde02e2a2a53299cdf61ebe5f25aaff841b18
12	38	1	0	9cd17b393c579c373622568231d06d1a8767e8234b30723adacb638817371a35
13	37	1	0	29691670f86e9fe37b9999deb119204906802277c18dd94add98d0b8fc3220dc
14	36	1	0	8408cbccf67c5279553612b4cefda8b3f28141275b0b6768b81f406ed34bcbbd
0	51	1	0	c3c992de660261068a43f009000c229581adcb3da24d21ed45bd61bdd79c4318
1	50	1	0	bdb4518b0d75f460c486da23b348998dcdfdd8819672d21c0360e3f53136075f
2	49	1	0	96b92317ba9b7b556b4c85604ac1a57282d7c3050250b2d906fd079d9897ddfc
3	48	1	0	336c641b91abfe302665996aa9cc8ba2a64ae0823107ced37691511bb653b212
4	47	1	0	ef06dd230596f58580e3bfc3636b56915fbfcd734132ef21ee1cbfbdd3480e97
5	46	1	0	0bb90cc933e56b1e53a30f152fddb4201c1bb972e5294383a1212ca059383d9d
6	45	1	0	0db491fa863a729ca2bb453cacffa8624898570db0b4777a6d230a16a175c43c
7	44	1	0	c191690c2052d411566b9f92f41dc47ac2fdcc5e86ec750b7c298109f8292bca
8	43	1	0	4832a013cc06e8162728868a8c273a66d519e28a4afd3b4998825ac2f6a4cf4d
9	42	1	0	0c8a85048fe27308bc493f3cc02c9f22f4d07ec2b591ccfe79f00b9d2216e60e
10	41	1	0	58768efb1f4403a17d5c3b503c8a71c05fad7add1c4e92358368e90d934521ad
11	40	1	0	1850c149e823be2e87ae33105c53a18c701076532f51f364ca20e61555324100
12	39	1	0	2db45cc7f2b5eeaa91f0d11ba96fa365e482fb88022fa4c8f45fdbccff421f4a
13	38	1	0	2e237d2a139016f30cba5e147cd67356e1585a73a5926ebc824e294a1d5d6831
14	37	1	0	758a7c107bd8814efc40038718ec56e67927f88d1b513f2d6d099737bd58a842
0	52	1	0	1571aaf1f51328431cf966e52b797eb5eb32e42bf1dfc59d0eb2aae6c5fd0e79
1	51	1	0	ff2e8a4b00b82d2740e3e1eea9cfae783edd72821ab7d9a939e6e8efdffe7518
2	50	1	0	7fd4b9a867081721b82d6037b23871492382eb747cd856da6563266eaa06d56b
3	49	1	0	d76889c21225cb7bfd2f77e5bd6fc4e818b298df8d3de10fc66e1683032bd5bf
4	48	1	0	879b795d5b6b0ff5dc6306a52bbb378c2f8ef02b12c3a4ccf388a453fead70c8
5	47	1	0	c0298e3346c6694b994039f6e9394d9ea789129525124612b73bb7284fa1a1f0
6	46	1	0	49e7e1c4b9b9b87fca057c1d1d70ac3a2428d321012fffb31628325cfb06594b
7	45	1	0	a786b1125dab0d7aa335cb1163f6a66ae9780e3fc8f48401ff8f13cb7b9aa1dc
8	44	1	0	9163571bbbeacef49a8c527dc3c57f49103cb22696d36b1004e921607a7c3130
9	43	1	0	1f6557d390779d4a59e9f2c0d29259b19ff91fb1c90a045e75b7683f7ee8b5c4
10	42	1	0	267d24552a89b88ade23e8aa1f9d7ef1a5b78011c21e318c8fcca38fb9720d00
11	41	1	0	3009f29d38d09f2a3e9480d6901ce6fce060d79c9f4171063702284261571f98
12	40	1	0	a32e8db9c898eba00c34371f95234b4a42835668bb45a5b74127ef739c29217c
13	39	1	0	e7dd9c78be0884cc796c652ef1df894de73e577dfec6ee2eb4d8d66453406959
14	38	1	0	22ea5a6089e778b2975075f7f772000eae4c2717289eb2db97cc5660f8451b7b
0	53	1	0	01af1ed9df5347615c732945c5fee8f3d94cacbf00ebf23107d9225697bc60bf
1	52	1	0	14f821bd8870e017da46596863eee54a389a99edcbf34fd9cc010736619137e8
2	51	1	0	e07ba769a6ee3cda378486c0892b69d95dbc251faebff45707741f6fe3c7e123
3	50	1	0	fda5d1f1e88d95f0f0abe27ba1fbddb4dbd9f5951751e0afc813704eafe5f621
4	49	1	0	18aac08946ca2da2e92340a4ab76e7b53d1f9b1f5703bfc1752f373e236c30ee
5	48	1	0	92ef0e99a111a7229c8a2f940b462d96383abb0ea524ae7d00c18f1c8d46029b
6	47	1	0	058504fbe61e5b173c4c69bb576f5e27ce3468473518c0fd0d88543f6ac55699
7	46	1	0	2e052c2f05b70ca3de556345c369debd3446599813c992538e45e67151cf3c3c
8	45	1	0	825589393c5ade7df5627d90e299ef8303a30994dbf8ff1f532e36af10a6e4f1
9	44	1	0	82dfd5c6150128f48900b1d17825eb8ff6d8aeed71c8061c585e8e454cdc20f8
10	43	1	0	c59fcff216fbf4e2fb67673e423f151abb40e09ced16d16084f04040ddc8faf5
11	42	1	0	a210d75e7f19b7fa9b665577cc291dd821c51477f36016f54402bdc76c123ea2
12	41	1	0	8d0db43f8e6c5528f31d4e28d99e7455775108755344c43fbbee99f7d899237d
13	40	1	0	a02cf0d9f4a6e5b0ae9e65c5da449bf4e7f1937fb63e30deb26391b236537c04
14	39	1	0	cdbb7941053819d28b600d6ad35dcf6e8659c471366e0853aba6cf14843725f3
15	38	1	0	ea20c3ec64646e878dd38ff02c22994e497fb2d73dc1d7f046452a5d16308a68
0	54	1	0	6948d784a5c55fbbe81bdbc5bb1dcc321708135c91371b7a46df4a4e78676c38
1	53	1	0	58a1907fc46bddab034fab93731c40beb949e4f5018a15a8bb5a30481bd388c9
2	52	1	0	b22bcceb7187903d04d179d49cfb928dae08224029c82e8b3b14abc50dc82ca5
3	51	1	0	43bec782e083760e823017a6e2116ee0e97d9f07744dc4c056fb6a6f66f14cba
4	50	1	0	b2b8ffc8fd9ce96fd1652e68fc9fb226afc7b4042ab3959f542ac57dff9122c9
5	49	1	0	889cffb40dc5f9204fd937b7cfacbfa078fd45333ae9d0fae17e787602be4eee
6	48	1	0	0a5c2fe94c45acc86942ae41ed812d5c77f425411bd3a1122f347dbacecef14f
7	47	1	0	e13372ba8c66d83945a6038e384dd37e0fc0f8065ee77faa734b629bd427c62c
8	46	1	0	4004ba653e6898d15d041917a8d9c46d256e3b2748d9ae62ab2cd6cc05c3e8a1
9	45	1	0	a7cf7fcc95bc27ae186d8da85b17c9971f42b22c37fa6e5f0b3e750e6ea2bde8
10	44	1	0	72b096c7288e1032b0545b96fd1ecb6e20f7fc416c13ab1189c0c2570b875b27
11	43	1	0	61ef2a0e5250dfe55564881149ed053a4c61eacd6914be3eb12bb53f56fe2a52
12	42	1	0	ee6f1bec8246ff5e184f895fa234e2037640d9aa207f54ef647cbddd414185e4
13	41	1	0	a0943e882cb0c066281095a260567868a54ac4ab1d4ee62418dc144a0452e6ea
14	40	1	0	72d2ad34ce5b535dc9720b695a500517a5c79dfa8f5c0d9203ca7c7155daa559
15	39	1	0	e4bda5ba4a7588b594cd9719be54699ea520d95be3cb30f0471f0f483f9e88e6
0	55	1	0	60fd557494435776197a02233da36c797e44efc98c6c2c491d26f49f617ecf2f
1	54	1	0	c6fe67cef46ddf4ec1669d2ce75c09330ae691c7cc3dd5e1d37943aece840e83
2	53	1	0	12f4f9a1a74676a7844c09d183b54d648b0b54eb3e27aa307d2e433b414dfd75
3	52	1	0	1584383d0bcb416392ae3dce8347464f8b02b1b4adf9f3a57cdcfbc2de4bbfaa
4	51	1	0	85bb0944d2bddd31f0aa8b8f3213122cd1862162ea34c36f6be0df5ee080c567
5	50	1	0	10e785c4db9aea06d920c9bccb68b0cf2aa558d738af96f4591572c83a000d6d
6	49	1	0	f8a8da97df3d6f6614eec16795ccdc7d45f3ef553d3cec6b5520b0a8d12aef30
7	48	1	0	97df848a2515ea3a11f027d08430ab96924010e2b10d8b5b90046218ba549330
8	47	1	0	6be87f10ffc6194e5708a40094f5c9dfefc22f53bdfc7224848090fcec06c401
9	46	1	0	8b7c5d748c772bfa49f2d1c95aea35b34aefdce0725317552af4670d833d9836
10	45	1	0	5a67ab6cfe8ea2b9a0659f571466f3d54e94b259832d77b73e1d82101940b8f5
11	44	1	0	d32a90e92f4bbb3a5a3b26e6ecb1e34c6c27048de591bfd4fef4512a0eef8bf1
12	43	1	0	8554089848530a87065284e999d503c0f8f0e7fe94e76cd838f849ad33b1c3ae
13	42	1	0	a195fc1e7c4267cb81d16dcbc22bdee203090bbdfc30cfe1255b11135a1d0bb4
14	41	1	0	48f05e17ebba6bceed36b01519d8b34c3cffc014478570575c465f702b2dfd1a
15	40	1	0	19faa86a664c112a2e0dd834335e9f3d8485d78acda4e6c5a6a6144924add0ca
0	56	1	0	428cb6af979f0f7b484057a9726ef908f989dae26a9812120407a573dc0f2269
1	55	1	0	4ad22fc55cb66c4ad2aa2be12769d1b60ecc8d2fdbc16d5765067cc2ad810fed
2	54	1	0	dc41224638aecba0e7f0a01a50893f3da71c139a0beae07673b3c2e6c55359e7
3	53	1	0	3e1b2f5056949a172c94a37f85d3075618ebd168a57df03deeeab61f22f3c995
4	52	1	0	c54b3218c0e6afdee5649bc948707a0640323deac3b5875e9bfa21aaa481ef76
5	51	1	0	2b4459006d7b809fa292be39151195b1fcfd4e5cff9426e032fc1f42c55ddd6c
6	50	1	0	17bbf76ac4cc9910a07f510c3f2281583863766a9557ad0df5d84f617284e9f0
7	49	1	0	a512e5255bd0994f47fd278cd6ae4515e2475cbca0593aa812f5b990976b3703
8	48	1	0	15c2b6d0628d8959e8e0a68b50b7d250d555de2f5605c0bf2f22a51e01e55172
9	47	1	0	87e952f03be604a835ec9ce491fc0c9b0701a1468cc80deddbaffed87b03b718
10	46	1	0	fad7afbddb768f7ed94bac15343df05c62d1db20b77b03538def1b64e77bfbf8
11	45	1	0	340e7be8b3021211aa73851c7216d1b20b0f822754fb6a1c94dec46aaba0bb10
12	44	1	0	a1ed9be2cedefa736fb50b11f025f5f1cf555304179632a9494cef92a6e64208
13	43	1	0	51ddf076b621ceae9bb5771b1f982d74bfe975dbba6e3f81abda726a4fa23b3e
14	42	1	0	09b13cf94bcdd908ec8680ee23c43249cd78b704bb89afceb3aedc87973a4719
15	41	1	0	07e7ad9f18084140ce620bbb2024c25af8cc863e55f6224cb9af72f6bd5f4a3d
0	57	1	0	c6068529834b46a1a991305709687907b24f6065bbe2e36d5e24b0e9d09832ff
1	56	1	0	fe7dd6ac76e1e2256623b93e69e73bf91d52010ec955253b6187e4b61f958046
2	55	1	0	dac088f9cd3b56ec491d15cc241ed7fd853e48329feec4eec31fafb169819d8a
3	54	1	0	ea924c70694dd1a1f153605cf7bf83933ec70d7cce5f0412f0ce0f29731ac629
4	53	1	0	d8f75d8ebe0c4b4789aeed530413d3d03a394149bf8ae86bbbf497097b151747
5	52	1	0	41e60f3b2ee36efa118682484da2b925f58c4e146a6ac45a708339d0e334f889
6	51	1	0	f7c151d5af55e014549ba8c448d0321049c0524b7412c938be8fcbf309c6bedc
7	50	1	0	647c0320ac4518274ff8611ad6fe7fe0659d636b51a2cd9e26facebdde394f7d
8	49	1	0	03ca7d442865f83a00343b37e17bf21006041fca157415ca540cce0f691947a2
9	48	1	0	da101e7afc26f69b1e8fb89a7edd673bee11cfd7655b6794e3151afbec578a3d
10	47	1	0	468b94f39c239d081e5580bacc626f7852df704b5040ceb50b61da3cf464d8d1
11	46	1	0	7922d575e77e74714e28557d97669494722b25f0fa98ec163a29a9b3a6a9d5c7
12	45	1	0	5262aac43a4b38739fc6bbe6abfa9db9f0f8db67dd2ad6369790d1f39270961d
13	44	1	0	550d55032e84c8b27858b66d14221c959e6d63fdf2f68118b0ee86cd7b41ec64
14	43	1	0	d6aed03695653e536e17949d4f29486fc30dff26b87fc6fa598ac163b4d9b8e7
15	42	1	0	a254637b1285599c25b97b3a5da5fe136a36805711166ec5c90d3d2da215b43f
16	41	1	0	d55a9fcada0ecbf410ec920a05ed15d884d5231b3f0d47f4e22c1d6e9955b74f
0	58	1	0	4d8a4485a0ed17c3a34297bac58a7bcaa7d9e13a07e8f217039742f6db71cf14
1	57	1	0	b0807acc5c6e9c465b7273b4099b200b815c5ed80c81af617372b43ee3f44a33
2	56	1	0	2a8e09cad16f1c105841e7b7e4c0833d2bdc0ff810d277216738fdd34ab73fba
3	55	1	0	54b2feb4f1507d74173e35e803f52496a1fc6a3616c341cd88b53748e6058ff6
4	54	1	0	b2c3d378522c5111567116a725ed8a42abeb64293b5a6bced4e10c915fcca385
5	53	1	0	5f054adf37fe4179db11263ea4719e63b4ff2d0dc758e5a3c4ceb7a90361490b
6	52	1	0	502140137f6cbf0df6cb59b7bc3b62992f3e0d590951b5b821690c8247c01d8e
7	51	1	0	48e6438918b0b9819ebbebd6ec958d14f985408e753ca73fb55e55ee4191bb50
8	50	1	0	24fb23008587e027d0c47eb13e637ab110e2649007d1c4d884fed1f5c159d359
9	49	1	0	f63e7e75902b642dcd0bbe7165a01846ee04ead70bd8b70181710e8080c269bd
10	48	1	0	f2435ec7135528b9c96fcc53197448482ea4360fd3fbeb6fb28cb8cd05aeab04
11	47	1	0	a8350ad2eb0964384e93b7881d6804a4ebf648635f2de09115aff3cded20afe4
12	46	1	0	03eeda5f45bf4c810dc1e267c7eae82b054bb25ac5d0c381021a54c49012869c
13	45	1	0	5a60e0e37bae91e0d707549c106fe6e4833cd48e676819a4089365c4305485f6
14	44	1	0	427fe3147f990fcb259ca2dff50c9549195e3a3f0e94fe8a7d5b17a87770dac4
15	43	1	0	742dfe597172e88a02ccc9c93837b50e5d7a615edab3d7e8516ddbb865a55c09
16	42	1	0	1b4d16f60c5ba62542d16358e767b00eb4cd887d6b835a55cd85bda2b8f5bb75
0	59	1	0	356e5e772288d13ae5458a13b78fb76f923405811808f45f37b72f0de1c7db00
1	58	1	0	23799b89c7ceb7563f7aa1a285ac50a82946ec612829ddd5d2f2d635640aa17f
2	57	1	0	ac8fd8be8bb427d4072fb31f34bab8645bf2cb97b0eb0ae34b053d99b1051352
3	56	1	0	fe1585926eaf9ed75eacd65a91ecb64115db9a843274978ac2c17b227b88ee68
4	55	1	0	31b119f72221d553e572345591c6d1c6e8f42280dba0c06963d4f0efb20f1717
5	54	1	0	259908038dc04cd9dc79fbecd5939f471044879dbb7f9a98277b79f71eb61aa8
6	53	1	0	03c1c3196d319523a71c814f53c85a742a2c95ca4db944f059ff25c62e2cb633
7	52	1	0	e13f56b2f64c1153ae4c5f736c0e9657041e1f19d62bbe6b1515e840baccdeb0
8	51	1	0	2265485ac7a4b4e85843f8100904292965ce44f30d1cae7279ee15531c267f8d
9	50	1	0	d0e7f160ee470affba974c9c0672ff1f72b21e5f58822104c270af0acbccdfb3
10	49	1	0	50260893002e9f332dc41079706eec5c3e255b697bc8b224d68c81cc822645b7
11	48	1	0	874936c00660f12003d86e88e2c98d039715d00a5a5c6d6052a8c28acfd92f7b
12	47	1	0	a00ac219af9e005ee3173e4c8fc02a578e2cf71219ec89acc51304c28d3a20ad
13	46	1	0	68e71532b4cae3f9893b3abb34e56fd75f9e6c677447f81ab82c14ea011d9a65
14	45	1	0	1176e43a5ee5ecbbcc8c570cbd5f891ff4813cf32bf87260c973fca1ee61bf3f
15	44	1	0	82c846e528027878992c8649d5f167cafa99acee1c61ff9e2680b037ad0f252b
16	43	1	0	3493adf404364e598550acd4364e3338377b432b0afcf1ece43da0136be1a28f
0	60	1	0	21c2445944e98cc49b81808b83455accbe8cd202b8c9326566820b91832496a8
1	59	1	0	0de9e093e7415fd760ecf8b285078c1e25a38807c931a76af6f27c1147cec134
2	58	1	0	1e2792313f4a88a65806292c3c6d56024b94596e30cec5b47328dfd5b9ef63f9
3	57	1	0	477fbc147939451359847145b155d0f63a8ff612527e2e29918bca8e4fd87f25
4	56	1	0	365cdbd4a65044d9f79fc541736fad170645eb16f165869380a0f6f6e1c5b632
5	55	1	0	182e62060832f153e7e844be8175f98edfb3e557a5b365e38f70f21d6bd03474
6	54	1	0	83606426c81f96bdfec9a846c7e2e02f847d2cb5cda6b5877705473b889c4c27
7	53	1	0	8f24943e261c2fc0e2cedbeff8fe8defcdb73110d364f5fd004995ae67378afb
8	52	1	0	1ee37bbeea7f797352b71a107c957159b73d49207902255300d0d2878b80a118
9	51	1	0	b72c6aafe7195a3cfdfcab1fc331651ba8c3969187aa1af85b46b87518eeff6a
10	50	1	0	c1093b205694c3ca0901f172428083d8ae190c73ebcf24fafcb3db42679f0e3b
11	49	1	0	933d94cb670b75cfd73f1952a6c59dde6270977ee9d9f75ece72ccdf9a4b1cf5
12	48	1	0	35a79d231c05255fb1dfd8d38efb6cfd9cf56fffef457a662e82892c09504951
13	47	1	0	765f9817244923cf50d22777aa04fc78d6ad60e7967b7d696c78aaae381407d9
14	46	1	0	fcfa1dd6e1a2fd110252c0f7b30501c871bffa9885bbc68908ec6b8b728e32e4
15	45	1	0	3f09e516edf663436a11cd5f5d9b432d93ce179cab6be4f35da4243f1d1b562c
16	44	1	0	621fd5dea240eda60da041b44aa4b599c7b900de1db3eb10be7ec2cfbf96faa7
0	61	1	0	8ebe8452152093e7194784256ffad6b8ed9ac7a2f9392339ba5f884434928220
1	60	1	0	5a6d452f3446341e73c07b02fb4198ec40cd1ca997594f1f464fbfbe80305af8
2	59	1	0	abfd3e144613d0a7fa5fdd11d584f0546a63563939daa13383f2bc79104d361f
3	58	1	0	3b8c0b3ec4b13603907d55816ad12f574226b14d051ef0b0486b6b9107fb74a7
4	57	1	0	e9903780e27b7a50ffed054ceeb498fb1916c146ab4e5949e3302e7d6fe75672
5	56	1	0	e4e6117d03883df4d72f4a94388d9bdc90b4af1b2cf8d75a323281c2ee7d8a80
6	55	1	0	ed6563e63d3a3f6627148278fab725f43520b23206a4a1b3c01e2143f29e7b5a
7	54	1	0	f7825481b9269510ea41a5c858ba1ee3af8eb3e5ef68e5072d080acf02a63dec
8	53	1	0	de3dfbc95db98e7d6545113eb105b2c8ad00d8f52e3293b54bbe277a2c1d5d0e
9	52	1	0	e55c820336c54edb12190cf05346cab49da01feef5c299caf2caedeed2dd516a
10	51	1	0	8905b9c4320143fc5cdc42462f7e04727e5f781403747c0a3f9995957dfc8bcc
11	50	1	0	c655f583e7c975c655c3c8b47873bb46d2b0c7bf98fd98e35affe346a14f57b9
12	49	1	0	b691292e7947dd39cc11e36b0fceab7b488d68fd72141be9bb22396a3adae314
13	48	1	0	54d45b38517dfe9b2af124a77add30ebb95e73d6771a0a5c52cc3b08154d226a
14	47	1	0	14cf87bd2c84e4fe4015972489512874f47a6f5711121eac1931d74be28d7ca7
15	46	1	0	1f17b18aa4b0995f3a97101caf884567a2f739791dab0e846950f351552594b4
16	45	1	0	6850a0978ff167b190d7f4469636ce52d01a67d6c4a09abd04fa406b2b2f3887
17	44	1	0	cbdecef3cef4ec1b99fe1b1d1182a796751add104c4904f284b83df99fa15459
0	62	1	0	7621410e3bf2b1bc4a090131ca6f356cd6f29f44bbe1e9c542789cc9791ee045
1	61	1	0	f37ea25c5321beb822266500902bbd04e7d1f63abc0f4031e9f85158beea8634
2	60	1	0	50e6866297d00c6e3f3b59948c12d9b421987cbbb8267ac46accfa53116064fe
3	59	1	0	b819faefd5115a8e381ee6657aec3def8491a863e106364835728799a948223b
4	58	1	0	7e2a4ddd8b6d6ff4f38de4aae983ada390ee5e3daec418f29fe671f184f6ec56
5	57	1	0	048fb75d455fa7ef374b64d896a911d8a8bf1fbc3d94d2be512dabb3a92242df
6	56	1	0	299eceba3372917074b62284687e2e75c77762ff977f43a9c4e4628a9d93418b
7	55	1	0	32df027cb25bf12ff610e72f17d4e5c0d7833c374c877040b91816c402f5b571
8	54	1	0	57300b2e534bdeadf373da2072142282d88794490c262add9d8d325f76d4ba65
9	53	1	0	70e69560fb92254e06b556af520addf61ba76771d62ae1cfdce29c01e1ca9275
10	52	1	0	7ed9e6b908e0a1003f5e35765a97736c9e0710cf616ee8b17ba2f2f52526f63a
11	51	1	0	0fefef6d8f45930eaa93f224fc6f23fca963ce605840d3ffb9d42fd7965f7a84
12	50	1	0	5000f3684d8f3eebc8759a592e679ba28e4bcc6cfa6bcdb1159ccdfb85ff9e90
13	49	1	0	11f89d1aa75e6a3743d0fff01ed3e96a935c124541392b3bdd68a9e4953ab0d1
14	48	1	0	f6965dd9378726038e841e3f6c0017e73baa6d36fbc6dbd2150353ce6dfaebee
15	47	1	0	a733f3815241f30e6046dcba4eb6feb8e2186fa1002c48d23afd84eb0f13ec17
16	46	1	0	d6a26a3f11f6271d7054b10d5d59af49eac2f0ac499d6212b64a2a41c253fb99
17	45	1	0	8cec610dd311cc0494ad1c4326fafde63ff34834dfa19799e23938685e8c9a5a
0	63	1	0	c588ebfcfcde7f0a2289621183b7c8979dfec3b4dabb1ed182318899146414c2
1	62	1	0	8d104b537b465924e7f8151bfbf9077cb805b8b7c6d65dd10cf29bf99c11da2c
2	61	1	0	64e807b8699ccc2945c4cbb9622a26d78341652da3b54f0b063ec462603022bf
3	60	1	0	f8e439b0fee2091ec65bd2c9909287389e26b9a4877c74bb9ead4389added8ae
4	59	1	0	d5d14a6adefa42ca2669128509394ee66677b3373f12b3a336bfddd99dcf4ba4
5	58	1	0	c28864208e010c26219fe0a018ddc5a773203028996946c436c945939959de44
6	57	1	0	6209e4127c5a5ef413e3b066f2f9c162ba9a4126c8f2b7bec6000998bea0571f
7	56	1	0	98a522247f548fb995d225c3fe3a7e084a80d488b93d4148b4aea60eac7e3a2d
8	55	1	0	6f6c48a1b899097e0d07873be10330cf9d357250ebaa37ad26f62f124d6afbc9
9	54	1	0	7f8242a49eb461ab92d595f166692e19b4c174df329f1826d0eb054cce198abf
10	53	1	0	434cbf71fb6fcce28962bad2cde679b40c77c818561d28ce6ceeed22f17f00da
11	52	1	0	1c81b66c95cfe92701dcc2221df3c0c5bf6322f9a8c7acc9c04a76778780c57d
12	51	1	0	bb61e2a62b03ddba2a0b3fb3609f941d63ee370be7b159f3523544ce20cac37c
13	50	1	0	b0e5b5865532bd5f3159bb241a3e2dda08919da0dc3357f4ca368958abacb86f
14	49	1	0	80d46a2c9bbe5a086159967c8316a6bb3e97da71aab613281ce30bb3c1656ba2
15	48	1	0	619ce592b4c8a1bd75af06fb27f39f5d0217694cbeeb2b531e67b0b2e3c6e441
16	47	1	0	ef2b319175a1945b3a324e3e9b910247ff6cf2158c9f240472927072e67db0d1
17	46	1	0	9af70e44426e635df262cdfd087b763982e4ecd76e51085cb22d97d1b27433d7
0	64	1	0	b351eaa5f5c0c8733dab07b4bf04eaa59186de452f5e8d04d941449e8c06d4c0
1	63	1	0	7ee53e088e7e18f8b05d211d403ef41564f169e1d5cc2feabec31686e4eb3acb
2	62	1	0	2f54286cedb6543bd67a09f25d59fbe399f111ea12ad220eb3aaaaf860cfc282
3	61	1	0	493983fda30581f37f4bb8e51fa5b21bc78c41e749115bbdd928f9100f814d27
4	60	1	0	43b688ff274502dd462f960a08782b0619085d975dfd3dad9593ee8468584a68
5	59	1	0	a9ff661634146403fd0c50aaadd66444dc6aa193d8c869887f07c156df827e55
6	58	1	0	238d5f1fe6ce27f905dc3db09ab9a68418578734cdb681d7877b39de280896b6
7	57	1	0	d1e9405771b9ea1c0cc7804236d7a59b4220b2a746ebc0bbca05e17a2ff807f8
8	56	1	0	12f76a50aff82c9c483f9b92a4bbdd76e11c8046a9c4eb1da5171fa28aaa048e
9	55	1	0	d5d0e20bf9a4ba654bd0e641f9c529819c214749a0a3a6c8da0aa4131d4b7970
10	54	1	0	979cf2cdb26d3b5b3b02a01d949857f07ad55296c49a3db74af9d7445b9c2408
11	53	1	0	2004d9e3663d082db9a64115117491b95f9f862ea496297fa0b83370aa3de4ca
12	52	1	0	db7de3ddddeb248438734f7153fff84746943d75a5e1196f3fa2694f196111ca
13	51	1	0	89c1380cdbad1450b16f8ba993dcfc6b26150bea2938fd850ffbb0e298076635
14	50	1	0	f50bf1f76d7807e00fbcb860604190d2e143ad28a39a213f6c6566348250e748
15	49	1	0	f25cca59639e6cee60129591009e3ead406ce4f310cf2a59f72af31733afe124
16	48	1	0	6752ab331e8285002707b647faa92c2ccbe70925eae2ad6567c1740d1a76cff2
17	47	1	0	095980b948a0b25c24d36acca5f7a671ab134dd2563501242753241b7cf6a450
0	65	1	0	b8aa9980b5fdba4392a787f99e281a872bf16b5c0bb8af67f58addc33d778d81
1	64	1	0	b5056490c10ae0ada497854c4e9e7c9107f8f6186093d87a55aa6c02feb12bfc
2	63	1	0	d3331b2066a46204b7e4d3da0942f6ed4f62302f4b7e9225342648bc5c19c0bd
3	62	1	0	bc9a1bb3d1df2abcf57392f679e76a07e91449f077a609637cd90ca1cf191ae8
4	61	1	0	f0edc1032bb71be3078871136930207ac45025a3c9f45e3fcddf216433ecda68
5	60	1	0	1a0c6e3aae4a1807da3c6a24da87d2ac9a14f6e2ab7011b00ed9e76f02ed1b44
6	59	1	0	1185e6ea134901bdfbed7a23e7d11fc28fddb4a382aa0eda027c360bd391ab44
7	58	1	0	46bc542d3595012890b7d8d12dbcad8d657b792e289b66494bc8d6edb8a62243
8	57	1	0	762c37c6c1dccb6baffc744fa35524b4a8d086bda567f52f2375d6fe1591bf17
9	56	1	0	b56b876f74efca5cfd0346b3990aef8f1d040172b75fb76ad4f128c67701bbbb
10	55	1	0	8a7b62ac1453fbbc80bb6d172ee63e83717509cc426cd3a8e8f53576bff4c2df
11	54	1	0	3744fe57f841ca47213555020bfc62d31c412cbefbe95acec8029913b4ab21af
12	53	1	0	b3b8953aa6e639896eb6038200ff5ab710b0af7014638135c7d47c2a72074b9e
13	52	1	0	463a60d89b51bfac1b2904cfb925a08f26aa859ff6a937633ff4443277f05f0f
14	51	1	0	81d3e66f8d6a6eb3c970ac64e4952bad1ba95b2fbcf30f4fe18b617ec9da7d7f
15	50	1	0	b3e6b9008020e77c33e0ccce424ef6e148108b9247cbe5ee018a8a57a213a555
16	49	1	0	7c5892f47783b4ca34e1b95d09d3c353d38cb34dbd0a5adceb428449c25403c6
17	48	1	0	b487460273ec926c03166047141ff98811cb512fb61e514b66faa11613f64087
18	47	1	0	3e33cb103068b4aeb52ba2196f691d374a108913f5c43500a3c61ea1903ff0c8
0	66	1	0	207f966dc08ea93a0d74a49eecf103b9db4fb8d2bf6848b31d6e1b3a7d3a71e8
1	65	1	0	401e73014bb41dc5f9b2790ee5949c867d4eb362e9e91addf3022316c2b6c029
2	64	1	0	af3fe474f74b74e819b131f12d1068693254d6109ad0576546fe83abf07772fc
3	63	1	0	80f896e75c03f02239ca083f0081b0e5d4d4691047a7520713344727755a7b72
4	62	1	0	450c215ed43d9d137d356c7ac6bdda3cbd59b47fef7b32f9ebe275a86bc6bc17
5	61	1	0	4811c14e5d6d4a1d35876534184cf3987de5e803049bea58b873de5a2cacf751
6	60	1	0	3fdc44d2525ac62d6cb548a830cfd81e059b100c64b08521958de9dcde048eb2
7	59	1	0	d4ecdd174f48e5b630ae1ba079d761885355b1e0f58b79a0e37d5332c467e9ce
8	58	1	0	573204767b1a7c3432625295eb4cbe1639950464797be669190b09817dc5a62e
9	57	1	0	9fe9429dcf0aa3c12cb70ec8b76981c156bdddac52851d3caa46144b9ecb1859
10	56	1	0	f89f465ff9c7acfea245fedc5583612d4a44835e7fe2fd25d0d1bd817ce1cbe6
11	55	1	0	0460fd5cad3f94a761bcea1973929c3656ef035f59ea5af82c73811348227a53
12	54	1	0	2bfe327aa7e25981e48d4c09744b0677be7394de87bff4478bdb7e3158c99d81
13	53	1	0	a3609c60f424269200027cf56b62a4d569a0fd1fb1f59b3343fcef469f06b612
14	52	1	0	a375524857eaad454b62a7063a1e0e2e94270678a080822e5b4b7b4ffbc30cac
15	51	1	0	9c89472828ef6bb4886437e442656330b8da32b5dc432c5697f200bacf0b2164
16	50	1	0	cd58bda37dcf7e9f1a28bc83e5d2a83849eb7af6c5602ce8a72a90d72d2975f8
17	49	1	0	53ba9693917d86c3cd3f11ec224d52537ed18f0ce8d7b6cdb260c82b4697ad46
18	48	1	0	dcd89d751509be95359901b2a935ddcf7c207632e75a0d333b930a788db6392e
0	67	1	0	45709d096d43940b0e34a5365d78fd38345a06c11392ea839b3857e23de9b312
1	66	1	0	dde99c5742c323d1fb2e6c59f15d897e995b6189270f1f069882fc0d42596f0b
2	65	1	0	346e4bdd690f12d74949ea6cfcd7ce2fcfaec93b6aa1e27393ec6a8276f9ade6
3	64	1	0	2713904cf993db6b9a34bfd3f492e46f070dc233d65123a8711e9dfaf32133a7
4	63	1	0	171cff276bafa34e5a7d9c28571d43b3e3ac2b855f39ee84c1fb22594c46fd67
5	62	1	0	5a762ee51c1d5b3ad9fca6c048f9f1e58afe52d08906dc0f00ec3889296f9d47
6	61	1	0	db5cf39d4215ecf33a20f6a80c67d4e1d76f6b4557c2a6bfb89c3533ae96cba3
7	60	1	0	84b30782a9972c2c201f404d8282e1c6b9ea1d3d2a43eca56177fc01c82ad7a7
8	59	1	0	d0f484b2f71ce6d7004f94064ec4bf0edaddb3ed6563efe935172da1aef30498
9	58	1	0	d0dd53e18bab63dfd96d818c326f2645bb7e42f8f22ba98c41f936428ee77add
10	57	1	0	a16d93ec98d55af2dc84dda85281127e0056bdcf184eca7a6834501571fa3a0c
11	56	1	0	140bf6d4ebd76bb018b3b5a6f736814865463fe547a52df5b3e91582d7b5fe95
12	55	1	0	7cf1795466da57d0aa8b2be118bcb13520984d5c7820de4d174eccf9b7655c9b
13	54	1	0	c0c262a3d395823b6e05f4e07adb67c114fa9ef605c23cf54507ce52e91513b7
14	53	1	0	4e91f3c38f8608096b1142a7ea766b18ac72dcc3f95089cac37d155bd191ad54
15	52	1	0	543f1e7f26ed511db0933e0c66a5768f7cf41a4f08cd69228c79c52cfce082e0
16	51	1	0	33f93752126072e8a27fb4b0cc4b6dca3a3dc4ccec662a133992faaa6da52ac2
17	50	1	0	7f8296fd2233f20e0935b0cbe9064091b8021505d0c6e2787b672ced0a16ced6
18	49	1	0	8431b734a1fa1b89f57ba1c2a46fa4085b72d44bde38484b32d5e4fa1acdad67
0	68	1	0	b855437504b626c8b5c733696c0519e4413ce4810404d9abbf46867d080de837
1	67	1	0	4c356ea5a6563ea7a4f3bf5b36eb61d9742299596766b0af273e6d06922a41e2
2	66	1	0	556f3d9fd50283761832ec18383e528a70c5f87775c5e3dc3bb18fc65a7a2672
3	65	1	0	ed5663ec79d24b3b07b12b02167b1720621d19a94eff0ebe4ac8601aa31bdb9f
4	64	1	0	d40cb76ab59f022f8301d4564a5accc8fbffa8a201a7e472824598b3a77dc3d1
5	63	1	0	b47f03230bf469ccac6e2612d63e3860ccdffbee8fee9f3e714c6ff61d9a6fad
6	62	1	0	7b7b5428e0d6ef5eb6a548acecd5fc2a69b9785f535c44b62c1c8dc539b9cdef
7	61	1	0	67dc3a78ff7e1acb15f6041bdfbce666b0098c2c79f48d3a7368d94730cb7364
8	60	1	0	984893ad931b3a270beef566d735caabd95f42a2414abd7cc5bc6c3ddb1e58b2
9	59	1	0	14255c84d9db4c3059b71c0ddb7555158a981f9c0c9a007d42634cecf09d461a
10	58	1	0	99e83b1124bd38942f47e51f6dd6fcf00c9bbd3e00d9dd9f3382fbbcacc4847d
11	57	1	0	b75aef812a08485e8fd0bb182143012271d6eb5b7b1bc2fe15a78d9a5c1a6c70
12	56	1	0	4aa1f19a7109ea804e9189057779398b4efbdff04241f10c3b68dd48cd8cf135
13	55	1	0	f47ec362ef97fe694c469ffeddb7fe74c164089803db977f149f585a2b41c226
14	54	1	0	b4783480e59392e698e06e79cb95f6a343b0b6edf1428e6076d11cb6c2153fdd
15	53	1	0	529535140637758664ab616f331b191298f535d116388c10b9cb5de931ab226a
16	52	1	0	8122ed1183bce0e7726830324b98be7baac9555352a0a8ea5efaff9a5cfa83a2
17	51	1	0	8452ebb22419ad57372e48dc2adc1fbe3ca018c653cd80e1bf8a70aa5508b349
18	50	1	0	1541d74f70e4bf55bc1415537a37cf36b2e45a44d4aeb021daf2c4a69472722e
0	69	1	0	3a5540ab3651dc8efe4e0d8b51c41c380d97678cfa5dc7f614af81a88f4d7323
1	68	1	0	2bb0a6e7da991aa12616c756902d1c7d320c7bcfe4feb77d6b8d5ba1d1673eb3
2	67	1	0	51c7867eaeea6e77b2117cdbb9585ce57be4fac4674a681517852b9a7b8d9864
3	66	1	0	3a4391a00c2e79d7428bb4ca6394b04f40a28f1f453506f766b401643917f33d
4	65	1	0	220b8f77480735dc6b3e9aaf4f2f9e1bde082fd385849308e1b058e2dbbc480d
5	64	1	0	ef2b1ea590fb0289004cdcf58daabf199d04196e55f7fb2ddc25725aa3ce2de4
6	63	1	0	2db35a73c076de73bb357b069d3ea720e599144ab7d2467a98a9d1ea8c330d86
7	62	1	0	adea6cfe6603bd6eff442a0e545b25ce1b44599af5dfe28d32809b9af1a1e645
8	61	1	0	581d0325a50bea87e5fa75e013a25828f3ddd76dab13cf00a561ca167dd675fe
9	60	1	0	3f02b40c97e2af8dae4b61b86bbc38969ce174e2f2e495be0db18c67f9132131
10	59	1	0	47b2c1927637141f9ffd265f7729a16d8500742567bc60613d5c0293b72a1314
11	58	1	0	3acf94b3742fbd08e3c37b8e2714e79d0b72bc3b4050d9c6aa0f7bcb39e68817
12	57	1	0	e3b60296090e4ac6547f1edc139fee47afe60423f00c47808a5753cc8628543b
13	56	1	0	c343b4c07e63597da62f7fa7a2a69c4b0da4e883419a24e0b3a2a601197f685a
14	55	1	0	f5b5bf13bc67b2562da0505c0c0421cb2c08f25e89baa8363741c97165387a8c
15	54	1	0	4875b8c753be13b28a11fef5132d624961332e306f32b295e82f859d8a97b146
16	53	1	0	23645513798bcfa3338d09f99da4efb67585aab0346dfcaf096fbcdd61531347
17	52	1	0	92f27d3b2718002d60c8573261e22a4bee8bc27b5a464c4a844ea25e55977d97
18	51	1	0	b2d42990e27371b0134f537256f747b980cd9ed5cd74730b868c88cbc27d6930
19	50	1	0	ca66f2b7b807042ffbd6d3a40d9308ab98e678327c6d9c1727d7d80ea26db861
0	70	1	0	c486b7e8f50e7cf77ee117a899dfe8b3cbc4f81fd0203a14b3e2e979a1eeafd6
1	69	1	0	610915ad5df879f4a3458b25841c0c23bfb0ae1458e233143e2daac6328ca562
2	68	1	0	6ac44bfade62cafdf48a7e93029e7dd72520870bee626a7a02a7832160012281
3	67	1	0	dc8ce56f3f886fea9348991e51c638ad65257263f1dcd857c5fd253db52f4960
4	66	1	0	0b04331c16c3fb9116c26f478e136906eb4ba12d7f9a511684d025d9797d8580
5	65	1	0	eed958be6a7d56fbae0b5dbb83d3da7b6dba47ad4f0d7229fea7cd1b2c02cdc2
6	64	1	0	c6fac4389f3ee563b2e7845f7740c461a35824521d253081088e2484ccb4d550
7	63	1	0	49e917bbf853c5daadd4b538e21e13f6355644a424d261e87f6b0eb9476b94f9
8	62	1	0	5272924b6e92fb0937c748af643de747a47ae8dbbfe50bd19ddb821f3394a56b
9	61	1	0	56f52cd6fd7819ccecea0303d966b77420ebb838348faafe733c2215796b079f
10	60	1	0	0f7c3f52a188fca3ca05e02e47c7370bbcbf1591a4d649dca361c713c8e76e33
11	59	1	0	b3a8ee9e63af148ad797ed29137ee28bccb90ca90c892769ad1a037b63a1aa28
12	58	1	0	f3c687dc1018ebeed4986a8ab7befdb7ed593080dded65aa289b85f12fa733ea
13	57	1	0	aaebd10c6942c1bdc2d2914f5c9509bdce48a22c71b2407a9f9d00c1b7f50565
14	56	1	0	b94d33676c84080a0089eadf0b159337614fa57e7b3b243ce920e24ac563758b
15	55	1	0	57c02b7e2a7e55627b6742157ea3afa7a4b6e359f99ba508353eb76deebe3fbe
16	54	1	0	61da908400e99201338e0c4bec948762094b96a92fc3f875e3b7012f95eba98b
17	53	1	0	f28b5c6dda6f2d6de43a511447669412a613424e8694b8e5a4dacebed5c4da03
18	52	1	0	050b32ef429262134f192dff13180a59a239b833585d7581d6a79d3c0f61d7a0
19	51	1	0	17f524c58458b1d6acb5468c12919a77bae688ec445e618d43071ff4d16b570f
0	71	1	0	4a76b1c2fa9514a2e213919498dd440241595c2163ba528635cfd04d9513089a
1	70	1	0	1fb13ccb7ebcb0964f6ef90a54a68ac5138de1e70482bfa87cb3cb83e051c4f1
2	69	1	0	442b0d5ac259f5ab9be5523395ebe24ee6748d06c22ca921242f160cfda9f1fa
3	68	1	0	6c2e4ea8e1bf2a19540021a1b29d5d8976849b48f88886134ce7d35562bc526c
4	67	1	0	762f20b0a5e596a1d0813417ca3c97027e8c7d04620040190ddd1feba511c050
5	66	1	0	cf29a2ec09dda25cd6f5d1d7c7fa4feecd903f9f1a2e3851d2efe9c8b249ef34
6	65	1	0	594eea626b1f1b1d19fb63e89c422d0ae5df7df3e081f4e10ab6adc2f59872ca
7	64	1	0	7742b95db0fde19a18f113a2a94872fb21d5b418a680ba43278205f40daa9fef
8	63	1	0	8e9907dbe1005fd952408d25bf8e77424bc337f70be6c1d9910cd1df4ddfc94f
9	62	1	0	0272f17f36bcc54e62a14f2ccc300cf1510864f149445b62c8b16d24c86d65cf
10	61	1	0	02c0b5d6af94ebca2be8e5678fd149c1f54c8c4d61949ff26e630d3668262daa
11	60	1	0	5fa3d664232f81414fd92ce328db899ee95b26c16e1c57615201466a4f43b5d2
12	59	1	0	176ff578ac82884b238920e23bf65a263e518258d454676a982247a02c1af0c3
13	58	1	0	8f88e00f36af3a7a3427a08d45c652d8fa75ab857fa34fbb783c4e3335dd9f32
14	57	1	0	2d8e3659afbc7cd58285453220c283abcec097dcfc0c6cb081398c1a86c61968
15	56	1	0	1df3e964f4278f9d92703fecc925c69e166d24016d6bf5e16a04b4e1e62e4c2c
16	55	1	0	5dca108f66ea172e567dcfbd2ad8f0749a92195247ecd3046c22f764211a62f4
17	54	1	0	50625f17e0dd519d39a75b1e32975954fed661046cf575e232f882e6e34dd1ef
18	53	1	0	faa6c7abbe3b26beb956c85ad8799a3ee6f7849e04386502d7269859fe50bdac
19	52	1	0	6b5d8babf710d090a836e4c25142146eb3811a98a4995e1837a0309ed9d58136
0	72	1	0	1cad7cc88b4e75e8dc2ebfa791fc6dab01be6604b704ace82aa2d4db2cf2888c
1	71	1	0	ce4c307f16c543759d0befd2199d6c27aacce2463066dcd677f19a6b2a5651f9
2	70	1	0	af82cebb17ac3357de6fce3d6d318399fcb3bcbd6eeee44e54d07590fbf90ca5
3	69	1	0	247f5e30d2978dd5ce5d1e23854096fa8371ac90c209c96c34f4eeffcb681402
4	68	1	0	e1d2c968957b4940643a6cd7bf215b65289ca2a1561b5d7b39eb2f116240afb6
5	67	1	0	04968dd5907639fb3d5331fb598681167bfe7623284f227fe39e5f62bbcd8b44
6	66	1	0	06bd68510285288f127ca271eaab63e80ee401778c1fb420ae66c72ed3245184
7	65	1	0	bced8ddd760080557633cefb18c43b02cb9f78382782ed7f299765701c7a9ec9
8	64	1	0	02e8d28bd7068e62af6ed4563228b5e3035d17c6943df02b74144d480716c830
9	63	1	0	e8a6f10b55543f93c35355caafcf7dbd783ccb368cf72d77dd662f75ce3d5c99
10	62	1	0	41bbd577476c391aaee759ed003554eda020b80862dc352bde0f983f55d96497
11	61	1	0	3bcfa553d27ebc738073f49de07159f1bfbf0205d8390df5d6fbf32439b92e1a
12	60	1	0	21d9fda72600ea88f768b3d6f7670cf1a7f28166fc383dcf2a190deaa4515b4a
13	59	1	0	a76a8fda8d5a3d3dfda36b359f9d153dc50e7002945d5bdb87dd4ec45d411e76
14	58	1	0	1c4a7977864fa348ebc32ac155a64f446e87821c86823e8f46cb8ab2fc0f8e6d
15	57	1	0	16869701c121bfa6ad77da38d2ce31c96566bce12bb2433942197622b713a585
16	56	1	0	c1f5421d6016b79b77110a130ed0de73b7a772df3fb0dceb7e9a69dc1386320b
17	55	1	0	3df8575eaadc12e3f78fd81398a63bcdb165b29ff4d338c9e5fcf3192afcd688
18	54	1	0	1603816cab51a4f5a43b87552a7979f0242dac750e8ff31ba2a63a4dd8a04108
19	53	1	0	b0bac18b51781c2d294b4910a23b923d6b912382a163ccbad94dfd0afec41010
0	73	1	0	02c288e0e97474a32f9e060a872bb5275b599605804e01d4e482786a86194f93
1	72	1	0	5ce8f6cb54f9c629aa4f4288c311b6d705a2b04d74902a605ef0683e747b6d39
2	71	1	0	f457ba8bebcf392822cc2f39c9cf82b960e296c6be391875cd8702ba12901e02
3	70	1	0	2396931f489b04c0d77aa81c79215f9434aea70267590b823be6e41ddb5fbc6b
4	69	1	0	a74bc6082726b36aa1c628970589d6ff9e2c1e7c7727ff2b8101f5c27c86281d
5	68	1	0	d9b0f16bb358a3be62ab1fffe65eabbdaf62292b7be2b0f791a38dceb920762f
6	67	1	0	ad6fd5c7363b872c756198d61dbfcc0d4ef786f12bf12dc55564ad9df9c98705
7	66	1	0	11177811dc40ce8e1e2f83d53ac1f6fa616a885b3a38a7c1aca75b3d83d1f007
8	65	1	0	15734fe009d552b3b49e7131af41512a5be98f3529e6b0fd18b848e69c3cf223
9	64	1	0	d03b50319bb0111f7d846b3227ed236b70a6f4f4717fd319bb347d4538d4d7e1
10	63	1	0	ecbca97a87bbf1ef4c955fa72529d5438d14ec3eea954734e9fe0fd78b4ea8e2
11	62	1	0	2ce2d2c4d1f4f80435244b77b8c7b7445e616e6e93ef5e8b198cb368fda352d5
12	61	1	0	7792def7f7e3bf1e0a3b47e6f2fc3ef48df7d21f75e88b7ceee3b61e62a07879
13	60	1	0	026cf66f3375cb7d4f223ff98ab64b6c9193ec10bf5d10b073648bb93edc2241
14	59	1	0	061578c5bcf12de69fdc935121f5a8ee02c179417a53d372321bf86dd78de1f3
15	58	1	0	dccfad063269edb0333c11d780eac3531bf841fb9486db7b160a4edceb5b39ab
16	57	1	0	5901b82085663e1431268b24f485e02dd12a25d99d04c1fce5fffc69714165fb
17	56	1	0	c86a3fb819354fb52fde6e5ac5296148d069c0f4b0d041e5705581836d123f9d
18	55	1	0	17066bbe50e1056f07b81784ad3caf4e528826f6f5a1f2c2fa05c698dd371c4a
19	54	1	0	4a4afc518cf08af818404746a5f45f88f89b87ca142583a1f9826742f0c5bfae
20	53	1	0	c36d58d65dece15fa7f98bbb96932573e60b9b3f291f40f0929702d85b784a96
0	74	1	0	3edb7116020311e730f143a687028765b4c5ce71fdd9f7694547a6511f0679e8
1	73	1	0	5f257d5e28cbaba87b561199fdb8f8beb55c2b37dede79d097b815cbc6d5ad38
2	72	1	0	af8cb2b270cc54ac7e0f82e7bd4c9a960e9dedf4bf1385661cc733ac4c1a711f
3	71	1	0	306652156c3745b078839fa26bb7572719eba9c3ea6a865689a3be18ec32123b
4	70	1	0	a685a231d42337ef89d5970e18f4374f1eaa226ff441ca77cae325eaba5cc683
5	69	1	0	b206932df74181b3c0648f4ad3e8c9294f463dd5642967565872415b67e6f8fb
6	68	1	0	bd543655caf001e5e28c7e5a67930be1bf7ce97cd90b8ceb1ffda0c953ff6221
7	67	1	0	da7ffec9f70f2a8648de40fbd34232e43d087e709f9d4e196c506a6af88c7802
8	66	1	0	02b72d18fb1e16a39575a05a5b218f1ea0eb87e68a6f59e7a9b0c75bd0e1b983
9	65	1	0	be93a3e634af2f103d2ce931f3c4bfe61a28727d5474886f7f8917d39ac421fe
10	64	1	0	5788491e6857a187efcb7290aa7deab7d4c00e3fc44306cf5bcb9cbc02fe81f0
11	63	1	0	7535680e7163a4081829ee32f443fc44d3567376cee702db621bc7176e86c06f
12	62	1	0	e9a509a9af78aa91118da841d96e571524cfabffc908f64853f0f5ad87cb25b9
13	61	1	0	a95f36712b3ec13303bd19c9e12f1d2132e40b20f9f8a3b86971db00ee235e91
14	60	1	0	f1efa511a78ce057aa86395b523e417ce95bf5ebebbdbaeb7d4046690bcab04e
15	59	1	0	edee92b132e516023296dcf0935d7762ff736bc71198ef867c0925edb999eb77
16	58	1	0	ee218109786620e28a6666fbc9e08d12ebb25cfeff427e3b25603d2cfa79c47c
17	57	1	0	0737ca21f9876c8fc2e5f36d26d04bc6fa1c1abecf15cddf471a18e1ffbd81e4
18	56	1	0	277574ea5a72a61d0d1adcfce45ff3dcf440530be360dd79278efb09072bb384
19	55	1	0	303a09346d904a323a36a63a365a49f680e749269c7174f5000b458a711a32db
20	54	1	0	ffbe5f78b402a1b959ec935cdd08e360769060e0722b269cc62a9313434662c9
0	75	1	0	020de995addde90bf97a20c4c088f2decf203d83225b504d271d8cb2d3617f2a
1	74	1	0	6a71d17654919d70428926fad337c0eb37c33ab166e36172cb2c51bce7cd6aeb
2	73	1	0	467257e3c482be732f8d28c5be9783f487498d1394d925e332ffc776c7090f45
3	72	1	0	23d3ca7a68b63a7c8ddb2e8e67f5e969beb2437ef2f1babee88b1c04c78a4e41
4	71	1	0	b4e8665b1b623b5b8cb6855a64f0c67736cfd7511602cf2faf66193662be5f39
5	70	1	0	45d0a42cbfacce2b557bd6a820bb28e486a3c5f384c31a9df3e049c8a98526ef
6	69	1	0	0707f56713aade092d2497624641843546cfaa8079cca50a35aceea1a063bea1
7	68	1	0	f02e77bb90336d9be9ab1e41c3c87cc661b0cb0eb1d7e1d93ad74dfead84789b
8	67	1	0	f2c4ceb18d08ddf385a9b8c79e0464afa549047b2367762736f83d4ef414716b
9	66	1	0	e4f0cf52d11837b71c34aafa6ed6c628e77c15dfa997715422d13d612002b05d
10	65	1	0	c6bd80b30602fa5f092d5fcd933d8682ac02d3d725b9b733c2edb773a68862c7
11	64	1	0	e73bb2adac12837bcc2bc8cb0a6c050b8373935b7f70e854924d56c845db4673
12	63	1	0	e0eb295e86b2a6ac569862dd8b012a92807b865b83b84adea4ff3bd4334be625
13	62	1	0	9aa4fca2a894dea663d527481a1ac49716477204a2a7772118d40fdc2d6ad9cb
14	61	1	0	87ed52442aba5cdc0414e6127c0a8e9bf4e4c741e598f91138d85d4189eeee8a
15	60	1	0	885fd3e2da51b1aad9464e7b417fdbd4defd3f7aef3029b7f484a106b07caddc
16	59	1	0	9d6ef54ef41193e2e427cbc3b1c29f59b3760199b83230baf89218f98e4f122a
17	58	1	0	ecb570f7119f36223bcd1611b93b4692dcc70f125327c73023d1e65a2497a459
18	57	1	0	c599440102cb2d7e7273ff30082656ad62599cb4cc5f645ba02343db86aa4644
19	56	1	0	9f739aedf971585666c2be988fe9bdd129826b7b38ae5f8b0d6c4dbfb8cec5e1
20	55	1	0	45f2db846781442cdfc6014a75d480bb3bf744ea68f70fed46048d341f5825bd
0	76	1	0	4cc0d07de9b841602312600147ca97c189602ef6adf85500fa1f7feca70c35a8
1	75	1	0	942049e50ce675a51c6e3dcf60103bf6b0ce7d97df1ef8369b2ce35094c4f716
2	74	1	0	25e73f133bb38e0c8a97177cb00f43d5654ef4847d6230bda0f8cbd1008de8e1
3	73	1	0	958ffb075e840e0119ff2c58bf60fe8179fc1f2b4765aea4dfcde12eda73ea13
4	72	1	0	09f25c58866eae3ea47c6ca93534737aadcd925a911971c4a7ad0266747605b6
5	71	1	0	ad2d18ee3dd9f67a89f02279e2938f62ec13a4344e597d0b164f152e4ee03157
6	70	1	0	15c949597e51a3e862ee532010db1fd3e441f73b90335c07964d386a5814ec4f
7	69	1	0	ee56cfd2b9c0bfb6cd2bbafbb576c2fec17bc8f7afde4d7a70cad0acd88b4ce7
8	68	1	0	77901a6fdeee132c0936e224ef9393c5b927e27b2e2ed018d802145c6d85a2bc
9	67	1	0	93820945bf8d32c5682c6c14ea0eac0f6a6c447533728ff4fe2ac268a6ff9f3a
10	66	1	0	c528e9d16568801951bf082171caeacc16771dc0cca2d9d54564ba1e62fb71e4
11	65	1	0	3a8d5dc13f1b6af3f904b68e775c56f7b3a78517a68c8d5eacaea0f5df978e17
12	64	1	0	b049d647064cf660f88d0d3c1d26cdd256f60a52c6c790a441d6ee92413ec85a
13	63	1	0	eb6d7cc09fd3396891b502e223f85e864a984d58b38a1da1ac402626da2b11d7
14	62	1	0	f6b3a387be064a6d75c1ec576cd703bf69a7dc719c580153a5ed7df79b51138f
15	61	1	0	4581f8f6e0e4b9e6d3e2938e9a458ef1722e108581497fd35f6a4ace7346d14c
16	60	1	0	ee1e21d3b1b377c5ee7e1c5352e24977202cef303631b597fbfa0013c089aabb
17	59	1	0	4533aabae659261ba6a5511d5adaa928244e75312716966dbe7a5fe98e1e2276
18	58	1	0	753b26e9ef75b30e2592a42132044906f22fd962d7f804a9e2e3ba6b42fa1424
19	57	1	0	c1a3b770a289c0ccb61bcb92f0d1e71ddbb47824d7ae44fac4924018c05a08cd
20	56	1	0	041a35600580f7b48080feb30195cd4f903ed63dd47df95baf3a4653e8ee438e
0	77	1	0	09504546289b7b2972d69a906d3f19c5cb09fb69595a19abd6d1ed480ceb48a1
1	76	1	0	3208779cd20ee57857e7f5659d21ea447673f7ad115005c1fd4b1342dabae17f
2	75	1	0	31205990993a1721e542c8f879814981931d7faa4b8477817419c68da97b6dc5
3	74	1	0	90ec9bc6c32e1d4795869cd39f65a8a058f2d3c3f1efe036827e29f7a87c4bc2
4	73	1	0	7dabde1180914d65e0bcf607e8c36adbeab0cebbd0d61c4cc68cd9a7e79da1c2
5	72	1	0	e68912333cacd9e854865deb486e7e141b90fedf0844e58a0389555937db8b17
6	71	1	0	187d015b2688c262f2dbb7470e0e1606bbd8df7d8a2dab1a0c79718cd7a89264
7	70	1	0	2dedc179ecae348c4b8b5f4f031419b79643d9883450a8be98395a3963fcab1e
8	69	1	0	e644e898e7f8a4725a18bf42e9e03ffae9a792b72ed6dff1fc326fae504af301
9	68	1	0	de22931101b864d9a9fca99dfa1a68167883d225355aa807b95c57ecfbb3e435
10	67	1	0	80480dacc062cad92fcf9c1fb796a37c617866abb523189108a82060ce96e5d0
11	66	1	0	272d06f672c32de72027e1b82cd9ddc3ecca5a9ea237d9236d1f194c458361e4
12	65	1	0	df943df309d51f91d1d386d6f056859bd6ca6eb1027621bb6d761ecc7f7de0a5
13	64	1	0	6ece27d7a5d3d6a9b06a52a0b6bf9e615a69668829a93f7a8f6087c2f9d33770
14	63	1	0	be2c55ec1643a4bdf7ae1824ca377a88c2eab306e97d11e4af5fdb5acb7290d9
15	62	1	0	58dd38bf9eb8e88c2c9a5871c9adf18a0825f6a763f91b1bce6258c56e7e1a6f
16	61	1	0	313ad1965d33da6bc512c3113a52c6872c58263bb2d2675b1e2787f185671ddd
17	60	1	0	9eb6f24b2239c392054825d2d79c59e8f4f3f05db3ef7a0a26d2a980e4daad77
18	59	1	0	a61478e2bc4f242c919c87aeadf195c069bb87576d0e4a43dfaa0bcd558e2c22
19	58	1	0	2e8fca2c076e63b06f229efc7e6d45bb341245d2eb824e5f7ae4f3318afc36ea
20	57	1	0	9dc5e25a9f9df968802c636b34e585d5d664ae0fb0b12777768efc93bbd125c1
21	56	1	0	92ff02ad842f7c0455d7c93256d51bdf88cba530328f2520431944786b82f847
0	78	1	0	1abd8804b687ee0ba8c0ddced01fadfea3f752f649500d627dda77b093ed1829
1	77	1	0	51b969ec920fd385daa9ec5a265ed0946e5520a0b1a7d217c7eac9673917faa7
2	76	1	0	9e3c128129ad30e8f519378e8f264c26d69c3018a7de1fe8b7ea58968eb96c9a
3	75	1	0	c2c73fd530f3da0e99e6463b5c3930765cdac7fc8e413ca0409c61df8c9b5973
4	74	1	0	3da09a92ca36d9fa85cf7a736c2e143b932ebc8a9f7ae57aee7a9697761af173
5	73	1	0	83935edff368534653002b550cc460da1b8a4791fb24451e02bcf309d93c0c85
6	72	1	0	35de134118008dbc8a7d50ef063f2df014eb4fede4d364471d85f9f4de0b69c2
7	71	1	0	e2e24643056cdbccec524884b4653f7030bae787687596b1c0883d58b9b1e669
8	70	1	0	1a957700d5319f14e673b8567a9ecea8c249523bb418a90e433904468de9727d
9	69	1	0	cc196ae6f1185c6ccfb26e38f7f46489dda735e9c40110689ec81f7527ff587e
10	68	1	0	19df8d15ff9ffa3ddaf2280cf728725a956c00cb9102fbb1c80850fad34f809c
11	67	1	0	3c876e43d0f3702d32e0c88ef28c4e4738fc03fa75f2889de9aeaf7acdb86cee
12	66	1	0	0a6d0c9fa3d8d914de2ee30c03d7009c713dcb33e74efd33d403440bd0fe2c51
13	65	1	0	bf30ae88c8e000080c0fdb8dfedf2667c3918a76bb16903d4c5fb35ed8023433
14	64	1	0	52eb2ecdf74f82824928639f44fbc2594e1475d0a22edaf88c1f11bbd8698d80
15	63	1	0	94a60ac5d351e911c492288388b6fa9241cd9422a054d82c7d0f72ecb934a852
16	62	1	0	915f40e5b52507a445a0cf075ab9e9ec1068404bf47413701fce92ade039a168
17	61	1	0	e3dc98a3a3fe31eb463cb8a5e9dc163e904bae9ef4d8a3001a430aa766485aa2
18	60	1	0	adf573e7a7db6c020ad9d850ad4468c5443761fc49655cf833957ca57328114f
19	59	1	0	2e74fc744298a2d813602e7fbbb6f81ebe04c7295a9caeb8832f9ccb89a1ba44
20	58	1	0	8b5a1d381ed923c78cae7681d729197b90e05e5601008221ba83cd4ef57e2fd4
21	57	1	0	2ae2f16c1d785a12cdfbcb9e5d005d8989f9b7a279f2dec8e8b970a7b1868b36
0	79	1	0	cc5dc0311245b3310d7656590f8540dc12ca51332819044ff5ac70c00795873c
1	78	1	0	77181ab58a19195b08f2e06dd7e3a5ee0d71a15b58d1f329fefbc1c19a403fd3
2	77	1	0	b20cce8763b637b871dec4274a14684ec1a47c4d237fa332b144caa573df451e
3	76	1	0	48611f19291a1c2d9c4503169098da0c5927ea8909ec9a63e64fa755571bcb85
4	75	1	0	cf517d33a1959c9a084bee3716c57147608621480f077013eaf33a2e7d217f6a
5	74	1	0	d4a8623b9a1b96c46d2eb9092b38f736331667fe9766ada2087ff8b7bcd3c524
6	73	1	0	58003020c470c51e3866fc5c77021ddf3b9729439f88e3a85f97b470329439a2
7	72	1	0	b49030001b19eb5f6477e42bc440202944b39d5e0cfdf330352d8fdd05d44f1f
8	71	1	0	2409f264aa04e599c0b4ef9895df19b4b6d7f0f9528e4f769c904d2789342d12
9	70	1	0	3b6c37feddf075f9806455ff97840b6740705be41d01751ba56d44b3e6f29292
10	69	1	0	850b279dcab61916026d05178b5180e048b68138766b8c1561d89de9a7c4224a
11	68	1	0	ffaf4d76d4b9396f5b7e8c3bcfb047e28e5241f765bd1ec16566dd92d2ef958e
12	67	1	0	cbe4bd951bd8a36d8be12074d47369aa9d477258fb19ed550bd3e8e30872af2e
13	66	1	0	8736cc6994cc6ab3246de57b0fe669c58ae2ae9f021dd9d9eb7bd86fb7b30024
14	65	1	0	f155569843c2874399afc393f5de97ea0b731d604b7d046c027d0898b275a126
15	64	1	0	64c641bd3cec6dbcb64183a96f59013c5405bace370a1aba19b632cdfd7f42f3
16	63	1	0	fe185eaa5901043e7f102cecfec58c49561b0f1e490c08f82a1b4d3047c077cf
17	62	1	0	9c6f69b0fb45e53421a25d88e1b480d7be4d1837f4ccfc53b84a18b8abc946a0
18	61	1	0	5fd185794ed55f749f74546bff6b5c5c5b7576d5d922871b9bcf5767cc80b757
19	60	1	0	edcddae8deb043292b5f04b59e1d5bd599147ce97462b51d0356c844474e3c85
20	59	1	0	d27303d33e7da75f7284c531afe957aa7a552fbfa3a350fdaa6fd850a51806e4
21	58	1	0	4d730c416b34d5e6ac6b611c6b26c0f1e599a01fd993e227ade20ed7911aaddf
0	80	1	0	4e37c6b9be0f72e51de039d6a2d6922c087d76164601cff4f2234c49761dbea9
1	79	1	0	850a2a103d0320c3a5cfa4a1d6fd7e7a397d7c609c3376d186b15b7c36d8811e
2	78	1	0	af5b60641f26af804c1594dfc2aaa580bd8a53d8e2f963088b7c706f9e7285ab
3	77	1	0	c41185ef487e1e8ed2bc4c1bc9bdbf228502463f3090269862f859e14757a0d8
4	76	1	0	095b4fc46a0500573dcf71a6e69cebca2ff6ba394e7d1b740218971978627331
5	75	1	0	9a49477a05264649dc32b531bd12cf0838d6c1bf03b5bc65eae88fad3dcea95b
6	74	1	0	8ab50a9e6a08d468229ad0f5098a4de7420bd8af0683d3a1473f1e6b1413d1e0
7	73	1	0	205d820be3c7ef64e1187a8297f077aac3fb7d09d28c89e063a8f5e431377e46
8	72	1	0	9c406db0f782f41353d708796fc6a025678fa0c60781535f999fcff357a7c92d
9	71	1	0	8dd24467247d6f1c67670cc1aef54f3593f8ad6859d7eac1c36b26efe23cbdd9
10	70	1	0	47afe2a818d7665bfbaf84e8177d20c0e5ad85298498f3ffaf8e31a1ed7ea54f
11	69	1	0	449a9c8dda177978840966d18f04fb4bf0dee9017297e52c159b657202075a2a
12	68	1	0	87d05cebd0c7de927ac1b012a9d122d54a2938d186c5096567e192c4cb28cf9c
13	67	1	0	40b9985c45fa9724fc0416562c15fb91689c7e48f93d4b8e05e0870e87a90bc4
14	66	1	0	50f7251f62189054437fb6a1d721de7d658fda6c565e3b32b86b4a062c118b0e
15	65	1	0	9869c6fb6bac2df71b8abeaed7645cace2b4ddf9dbf1a2c541934a192ce4c846
16	64	1	0	e52ae53958f64f2e7916fe779c19435321ba12a62d1a801744b138bbccbbf3e2
17	63	1	0	fcf561b5cc1819544aec254176b675d063160d861ecf68e583bfb72e0ecbb8fc
18	62	1	0	ab4b1653ccd4ac81e960025ecd8da641c23529b35d3e230dbd54a63be016e658
19	61	1	0	5f9648de43604442b4944b75edf8d643ed25262d4a2475b0e2f8026503735f96
20	60	1	0	b121a71698dec413fec08b0707fa46cbe85e996cbb49ad4bdd33a22ad88e1609
21	59	1	0	5cbdd193f6b7ac5478d8d897edf603f2c0eccf5cb1b6350c2c6a85e577e02016
0	81	1	0	6acc83c8955008aa7a450b6c93f56ef892c66c768b1540df0b666ce86172c9c5
1	80	1	0	abd67f087f9be3a60a0d6acb510ba35db42b6b4399634eca73055d15a48ad34a
2	79	1	0	9c4bf2e7669bd3da7140773b3b8410c816990a52fd3dd03d2b3c7c71ee9f0451
3	78	1	0	61bae9e9502770b42b7a846d996c9b6f8b5157965780f2c2f6ec1b02450a3b86
4	77	1	0	4befd2d290e6a5a6658d95b76f697ca52aa9ecc023f4bcaa3dd971ac2ad9deaf
5	76	1	0	d338c9dc2434dd9f4700d15de4f30367d46c38b2cc6849ef71368235741cab2a
6	75	1	0	385629d6f3a65942e911e687cdd9fd8527ae54ed79b207e24636a33d79d64ec3
7	74	1	0	93fca2d6439755011e149ac995fbefa1d55164df4500b9cdf729121b475b4306
8	73	1	0	73bf7ae2cd7fe838954c70c438b5dae29f63c9604d619f399aeb0d42eb736af0
9	72	1	0	8b0e4a78edb5a8de31ace1a22dd09d39ca42ed95421cfca0b9fda2e8a9298e30
10	71	1	0	ee4f5fbebbb4d7681e1613924c5a6e17be54a215bdf304be447471cc1c4d32fd
11	70	1	0	27a5e9d80bccfb6220ca36d90d2f6cfc7d23a5074986a4b2520b7681259ee853
12	69	1	0	784748d296476d33ccc1066f4dec3f06d5e7c316af9a3d3beada74b654522cf3
13	68	1	0	2103e0c4e45633f9e2e3dbf4fccc41412a7f7b3b6dfcf8147f04819ddf15147d
14	67	1	0	e0d98788210eb24862f1cec5eca6823023eec08e01624938c8ebd1bbdc55e0f0
15	66	1	0	ff61d5b8e8458041cffd92a27e9ad0c29ff1f1ba505416457bb2993d57c8054b
16	65	1	0	e15c06154ed411a4d6b75038feca74b71b522e04e63fc9ace700af62babfc57a
17	64	1	0	f3f6c0802a6470e7dc5c83c3cffd8400b28c5bf920bb673a626930b0bfd3ff8b
18	63	1	0	b678ba2fb8d67e7aceda76ba537f3292215ff4983d75297a0631d20c9de2373c
19	62	1	0	0cc41b9e5f3eed2f36892547d43e7ca9a5a8d2de5ee3f701ef3f66dfa10c1716
20	61	1	0	c26b6ef3d16c42dff2148176db5be3d5fd2593d5b22d99bf1138c4e3b20d1ecf
21	60	1	0	1fc80390ca40c1b81c667c6e6c1e766b2c90acfd279ae20346cb0205ae0d9ca3
22	59	1	0	357ce644bf28cd4f67a45a9233382164fc6798c2e1382c58c9cf35a7acbcb004
0	82	1	0	70790817854ba58ad53ec0ce0f13218a2dfe44b549ffd1f55c4a8eff4950ffc2
1	81	1	0	dddace157de513662104bcb5d4f04dbf3eb48fbb5cd0159281f98eebe39ce1ff
2	80	1	0	4de29038f6ca362566001aa4aa3eef352d7c5ec478d5024eed07d26b9079694f
3	79	1	0	36766e914253d54e80b16139cfb1bebbefec9ad846deae18451f496be13eba9f
4	78	1	0	5e780dbd2dba5513c34efce69aacdb7f62bf7cdd23ed294567281c8e2b62bf05
5	77	1	0	c5899d5bd49c485d9f1f00755acc66a1ec5dbabf9f3ce86f1029862f559104c7
6	76	1	0	2e0fb65c7d9da1f484566fa437f305da0411b56bfcd0114516e6cc848549a2c7
7	75	1	0	f51f977891aec08045816dc55d27795e58846df4150edc6a76dbc23a8c15cbef
8	74	1	0	86963034652c446393cbde9d5baf5c8bc98868caa2c99bcd64112502aa1f4858
9	73	1	0	a4be0e572ab529047cb508cdafc40680fd3b1f68097fbe31631072b3f0258a6c
10	72	1	0	329265f600de67d98278cd10bf9a3c2839797d119cabab7dfd0fc76c656fcaa8
11	71	1	0	8385e68791d9e863b567da127660acc68aef23b2bc20d0b797691552c952435f
12	70	1	0	17c5231adaadebb47f46c73a60e5b278fc00b5c3b36e2d38c178d3bde2280d88
13	69	1	0	b893ed574760275309a7fff582652d67819a382a1d43fc733cd8db7eec9b68b0
14	68	1	0	c7364c7017f630dcfa3e1f6e705607b09b969424885c98445287c848f74d98d6
15	67	1	0	a03d35c721ab99758cfb9910c6ad25118b5be36d0f1863cd32ab29bfc3f9d92c
16	66	1	0	dbb382d12e29c505ad7b58b1c287cd8b8868683ce6147ef6b29065e8802c48ec
17	65	1	0	909be7d3d26e54197ff201b9cadbf5ebb0d70e3a37b96732f7aad2444ae329cc
18	64	1	0	6898e346cdf173b486d380cf74f92874cffbfcb5494de490d436a0ff5189a5a4
19	63	1	0	87f3f7dc1b431e25a8f0e52b31c777b984beb1a3b123fc4dcc7b3c4bc6eb59f6
20	62	1	0	8a688cbbfc45d2e0a71935e5afe3f865e497e0aba7f31372c6c0564e276b571b
21	61	1	0	aaa774121b1da74774f342bd804fca2af9c6e0c980985c2d703aee0436295173
22	60	1	0	66f390d6f40fbba7d2c1e4c4163beba760115d12dc34d481742fe97e7b5e4fad
0	83	1	0	ef436471b1fc7ece87d467e375243097c805271a9620f48fd68e1a8c7a38b950
1	82	1	0	59a5a8651ea47d11cfde43ff0111ad46649f099d583e0be3140794826b214034
2	81	1	0	0e5d293a44fd176068e52bd8bf790184350c320dabdc918e2e8cd488f7f1e2db
3	80	1	0	ffc518fa9e66b4f047c7bb95905bcc9b462c9359862e688d2572f001a6698f13
4	79	1	0	c008e18076bacee8c8e2fb57a026a949bfaf07af3a55b7edcf269b9c3f612097
5	78	1	0	ca90aafb57e4d2c9375953700740b4fa3f5de4db0e427cc65707796ead14f66e
6	77	1	0	4c8ff509f73f6bc989f5976857ed67c7688f336db912aba4b21fecf69da901e9
7	76	1	0	f6af81f99aa765316a5c3e24524bbfff6c696b3802eb9696d54824a879a0b1f9
8	75	1	0	742157dc988a659e5eae23367212ccfb61c5e9449ec979ca7c716b26b53faa92
9	74	1	0	f7096631cb2ef43d858a8b577f6a6e495a040b8c0c7a24402a88b40ff595a71a
10	73	1	0	4c3528880ef5666a6a63631e64d60eb2c6ae334d63cfaa183b2a9e0683e25088
11	72	1	0	4a401a11d4a46f930c102425fdcb712ef1a2b60d4137130ec4a98bcdaef161ee
12	71	1	0	4c6838402f3932afdabb5ef09dfa5ff6cb550d13a5b0fad01d6bd20209a11180
13	70	1	0	f9ecd62435aab332a869857b9541eb17d23ac46c99d4987ebc43674acbf3376a
14	69	1	0	088e90f14277fa1be498094bad31eb16b728e6ccfc30de160c6148896c80033a
15	68	1	0	5ac4396b5ca0ea72e0108805b4af3156cbff8a91d18d07ac60c915243d8f5af1
16	67	1	0	100f2f95877bf9fea0239ca5b24e04befcb7c5e486a77da6f0ff8c8f7db9d75f
17	66	1	0	a99814374815c547a8364e30b48c5aea542c07c9d2ff0e30dc093f7e89e112f3
18	65	1	0	9db0dd062c1aaf267316fc7d1823a50b18bc3c9706031a61d9f1ca4a318cb867
19	64	1	0	a672e4b77847fd9c581efd848b2368e86b2f118e141ac8a8f18a95bd9fb33e54
20	63	1	0	a9194f05ed1818dfe055dbbc6d660c45d8ee3ebaf3735b114623367e4a3ea2b4
21	62	1	0	dec9bb3901d48cf852a8dc378451600381bd6a9e156adaa55771b58811fcbaed
22	61	1	0	78f3bcc2021e5e60e1fcac0c283024a976ddb415fe29f9006f64b42979ac3341
0	84	1	0	8a88488593269e8f1a76218f613f55af06d4720fda9feb6ecf3a637dacf2ce64
1	83	1	0	0c6dacb979bf50db4df25e638e7e0db95198858ab12bd09f4182d534d2d83e4a
2	82	1	0	02ad536471ea0604c9e62406bc152b31ed5fd89f6c21f89164ce915ce5accf04
3	81	1	0	b1c46578a4fba6e3de5a6ce71b25dfa84e0a036ccf751f1586fdd8bd36bbc180
4	80	1	0	6665af77f92f6ef60f75fb6f77080c9d0dcc9d3f486e9cebc73d69c487a2d333
5	79	1	0	706cc8b4b21a400c7b32193b54119bf8b672e3ea5701afdf7f55adb3dccc6da3
6	78	1	0	1fecd343164afcd7422ccc161c1a804de5c375e8d25243617b07c316be7992f2
7	77	1	0	8912de663cd3567c421fa9dec4ead6abbb7c558e5531d20533d39e71d5b543df
8	76	1	0	beaeb72cacc0a26a8db5a4b48c8c21a79e3d793ed2af67559170e13b1918c26b
9	75	1	0	8d462702d4e8fbbb9e4599b61e36be93cc3870204271ad0f60e49e1ae1d92a99
10	74	1	0	f2d83aa88c11aff5ae200c3e259f38cad1830ef6519e4e08c86e5f8081a29400
11	73	1	0	0f914b36d07bccc5bfe7ffe39d84045e794cd726b8c45ee154314899f719768b
12	72	1	0	6758fe8a2950a02cb2dff374ce2591f8d9f07149342ce9621a644d189b70d791
13	71	1	0	d261cf188ab5279d2bda4d3cd9cce10f1a1bf817a2ebd75df385a84f372d4b78
14	70	1	0	38bb32cf832ab14898193055a0e9fa8a3fc71c72b9ab39066d8bf858aa0f94a6
15	69	1	0	d84bcea22c4cd4d1cf7d2e3ea34c06ae4133f9620fd6cb06efc12eecd9072f21
16	68	1	0	34e0eb58c765a4d9d8c86ec829db3c960e362a084fff43918e44fdf7e3e05f6a
17	67	1	0	4b29584bec0af26aebd2b4b21927ff556ad0a1b8f01c196ce57fe1ce318ecf5e
18	66	1	0	6a700c1651b3dae8528f31782c11d3fead307771528de8f84621db617892aff3
19	65	1	0	87b74976d946e72acf7d545751aae826208dd44c0fa54d93b97d74e4e611aae5
20	64	1	0	045009b30388379f31dc32345cff40388a2a003b72dd24d6c43994009f385f02
21	63	1	0	759b4395fa41070417bc91ab592cf05736fb8c82e9e6b9ffd3447de6d6fcb27a
22	62	1	0	25093d5e4b8a9baff2fa0d73aa7add0dd4590643d9850d5d9c00476ccb093fcc
0	85	1	0	0055192d8ae32a111caf0edf7b4de008700031bc0a9a7545c2f627050a48928e
1	84	1	0	f7bfadf48374cd68df69aef9dbea43e84eaa9afdebfd8e1181bc9d873cccca35
2	83	1	0	a6c9fa80127b99ff006eafb259b352e357d8b4c0005e05049ec869bb529c3114
3	82	1	0	90e44b275c31c6f33828efa2cf61ad852d739870d8f9de961bec2e3fee158563
4	81	1	0	aa002ca776bd137a6b4e86b2368146f0531b022f6128b82727a8f7a78a308bd4
5	80	1	0	b4b3e4dad7f314648431dbbdf32d643ce916c45feba4077d132cf80834498072
6	79	1	0	439545e21124fdaa2b3d82e1a98810dc9c44a08eda3faaffea970b8e1a60aeab
7	78	1	0	c2d2a15863795d93bf8fcbb7c33fdd50d8a52757b556424a55a85148c164f120
8	77	1	0	c9abb08406f674f7faee82c373b0163d5c1b219062adaac18d964d5e6ec67dd5
9	76	1	0	4ddd1376c8aed1a2fd4663fd94892c5c9a1c2b8e7ad403733f1e254b27407969
10	75	1	0	2cdc638dd226df1550e7561021a8c17f7cc5ecc1a9088db156204b2b16e01ee7
11	74	1	0	697c0ad2e031e9b145e3622d76668430d1ad0d775298d02c3acef0b29b5b4a6f
12	73	1	0	24e7899595742f73a9a276e2aed3078fcfe41d2409ca094f64e0f311158ae415
13	72	1	0	d2b03dd358f5caa162a70826a6a92f9159af3bf17daccb57e304c95e342e0ffb
14	71	1	0	aa94f689e8e8c89d666787e3d98f7a9ceff3938993d35a56eb51d41f42e58284
15	70	1	0	1fef259530d987c6bf7dbcf10a271b216fc890d8aa31860381471e6623b5bbdc
16	69	1	0	3bb95e4adfa9b3386baee119d8c5c8fad02e6c952d6761611bc0563a5bbcd597
17	68	1	0	b08c05abad85e03bc3b632e9a4e8999f28a270fb787c4afe08f3f502107cad52
18	67	1	0	acc2726ecab8505b8d14753fac6631aa988922778135755db8f2dc7193e62de6
19	66	1	0	7150f623333b057fc6a956240a1cd30e3afd631f8ce008167408b58045d5acbf
20	65	1	0	0277540c03a6ff5d192d6a5216d1762cb0a0d098c71894bd98afcadf6f853c87
21	64	1	0	b9897cd6fea81a1e80c0b3701b23de7dbc9097be74c6841645d257ff127a495b
22	63	1	0	d3e871dcf19b2ba9324ec975e2637317df55f1c32fdae64f76e43d80c8430704
23	62	1	0	bc0c6bb28c4e7259f4c221b5cbd3aaace0e1967952c756f4fcef5476262ac4ee
0	86	1	0	c304da17e8942076c42da7956eb60e105f3434836864a8aa127277b6180f29fd
1	85	1	0	043f292be7c4874a264c65ec096097db85fdce1755569c186ab3ef5dfb351712
2	84	1	0	f36eed7bd54d5fd523681ca6c4e67a916856965210f95d5f013612117171c75b
3	83	1	0	2de4a83222a6ade8340a1221c608bdb5f89cbd0431a18295c1f13569dac79c0b
4	82	1	0	57c38dd0c2028534d390f98da8e8a786628c4db9eac8b0e7a7a04a01472ba1c3
5	81	1	0	d14dc008e06f9eb95474bbcb62e4b377adc9937c5c1a8be7d9304e74da777a57
6	80	1	0	41c59c51e85e58d319a3f6afe3bb56cd962ab8e33c2a0c2b9946d79886a361f3
7	79	1	0	e64d7933a6e4b3e5d92c621c4fc0f1bfcff1815902a94ba3b057ee3a34c4b2bd
8	78	1	0	f01630ef9558a9c9dd91193b777cdb03226ca4be95df69f1483b1c968937d012
9	77	1	0	d96b4f514249b84c711025c7067f48fe239518eafe644a7e710768f58cb0d640
10	76	1	0	aa434fa6c9ca3ebbffd153c6c993c92bbf4d141d28655f6625341a9bfcd22a7d
11	75	1	0	6a930ff2f8af8db6d9ab68c692f7d2fca38c1f5f079936fac192f9b7b55a7861
12	74	1	0	39765b03b5d932cadcb74d3beb155233ffd3f1f6cb751d0ac0ba8833a939f0a4
13	73	1	0	9b0440ad4e86529d076cbb9949078b6b5965d12256f06c3c669be2e4d110722f
14	72	1	0	aca86f8acfacc08ba2149742cef50e358187e77137d2ccf3736b5be7eff37764
15	71	1	0	8ffe428bb30622f0f49343a5792db4b4a94229368c2f11df332f2ddbcda96241
16	70	1	0	b022c20657d22a491493cae16a7c9267c8509c23fda67bbfafb6c3d438222a48
17	69	1	0	797af38b1ddb48c274597cf024896629f1c3baaad38eeb9e259a05f69768234f
18	68	1	0	302cb226b784bb7cd6a89363d7feeca590c99a12e8548f1337ec2eb2c053bc73
19	67	1	0	0db8d110e8db2c0ce60204fe0c8ef6ab9fad2046ee42db4dd71b41d77209f8c6
20	66	1	0	29b7ad217a5f61ecf90afc1afb850ba3449348a354215ebac053d95c270aa467
21	65	1	0	d5c3d68158685665ccbaac36b7984e41016e57b96f52b32f5f6d144dbd003a79
22	64	1	0	13919f9a146bff71d6e014e4fba0f161dfc089541281e8dfb819718e70e37494
23	63	1	0	a50a482bc8b423490e9f3b72b839225f3c78ce8bf3a06e5a2c35617f028fb808
0	87	1	0	ebfe49eb035764d764126339171fa2824b98ebb3654fc068180d4fd0eac95c97
1	86	1	0	d0aa020a0b34ee5f84342d2ebf66518aacb1f4af8824e30ff5895601bda2aad5
2	85	1	0	e9bd83e23215ef5f9d3e56442cd0416250662db480c7d1e765147cf00a96b6c8
3	84	1	0	ae369aa186148d0fc20bad33e71fcc44b4ce3db5510748a58a42dd79fcef57d2
4	83	1	0	e8bce62677d8955e8d5727b7a3f47d0fda443a30a93981d57fc768442a78ec38
5	82	1	0	8b52e69d316d7ae32b454f44a43b8493f9be4b6065e0129bba22ebf9b3b49cd7
6	81	1	0	31bbcc0dd59f09f5ea9c99e9171abe24fb40f7708b3c7654fb5541376d6830c3
7	80	1	0	c44514ab96b38fb68d07228865c00bddd59feb64efbd34a5f7602753e1957cf9
8	79	1	0	dd60b5a6e67bb04ccce160fd1ea266b92454b3a08e673de99f146ce3a818755c
9	78	1	0	d5ae795af4b82c65161fef00f172e369abd2167965e5aaaec6304c34ede26921
10	77	1	0	98a5c25c11c2e13756d2e734746159df14afcb1f993961ebf1a94ca7a99a7093
11	76	1	0	7df6b4bbbb7f2991a1948ccb41dd8699c6d24819587b94d4bb80d4da89d1b63a
12	75	1	0	f6ba44a46d8157ed15f4fc944fcb1baad43631ca454fbd2f1bd24c356f83a1ee
13	74	1	0	d6f03baabe155801325fbca7046ad16b5bb8e6e74ef4544add913417fb780d15
14	73	1	0	55b9abc937e89c212ae3fa35a0c069e40e5f8ab271a215e3b5a4e9e957e41c16
15	72	1	0	45d2aafe3c744d26516cc06411138be9d8ba80aa0065f936d3d858fe1e4e3889
16	71	1	0	e5dd85c11d3ee95e9da3d250470810f0532c7084bd0f9ecebcbebf2ddcfb415e
17	70	1	0	30fa6bda2a06c127f8a8ddbd4e987e6b556fa01bdd414eacc0769bc317b97228
18	69	1	0	aa5862caf399c3ad43773a6fc6dbdd936daf5f6eec55efbd534d6c78e1c19dba
19	68	1	0	2c6f3244b62f52057649a4f76ad1b061e01cb9170d09aac71e146e61ed011b95
20	67	1	0	54c51a32bb8fdc1df34abfeeba11f756c8fb661d2e6270c9ebec01c3f842ad11
21	66	1	0	45d02c654d7143ab0466b42dd9e868f091411bde3f2ccd6e79f7bbb0ad5bd4b9
22	65	1	0	bf0c829585b3ea613d753e9884c246e59475121450acfcdadde594cc832920b0
23	64	1	0	16988ebd28a5a2a53990aa811da131a4b8fb8a19087473552b8db21bc716daf7
0	88	1	0	96d6ba5a2379f7c8073f79c9efad9493a9196211d9d202b9c247c5c41ef200f4
1	87	1	0	6bfac94bc707381c106426ccb2581f2a44c5e4227a025a05e09413d9096958aa
2	86	1	0	1546223d14155a04982e1d1c1855fd49c986f57f2b4e252350f848b2ee0667e5
3	85	1	0	131570b4595f2a77c5c2751c2e01b798fabcdd6bc84d92444faae83a30401bcd
4	84	1	0	e4e3ec6df59a1101c3a43346e78022984cc151ca116c5a8577f1f4b04468eb3e
5	83	1	0	6eeef4f3dd8f4ef149b21c58ec5d1057a4169cd245441d06f7aa314642667af7
6	82	1	0	c76c0eb12df205e5ecf811fb9bdd0036e6e168c46f4285fa11df00bb244bde96
7	81	1	0	b80977c3fa05905a2c19b76b7a0eced706c2c3e324a2714f4a84c6d4fd7a7fec
8	80	1	0	192cc3455a053311488513383bce78615d8632d7211447905616af01d5e83a41
9	79	1	0	75c7157b5876c3e5c47254d444752e4bd6cb438527f992595ce0a82e9a878caf
10	78	1	0	ee4199c8818d49982b3e49df2ba3454338911c582562581f8fe89da55783258e
11	77	1	0	47f6b4510cca9cb6297af1406fba435de440f3e454bd10ca582c4cf6486f55f9
12	76	1	0	27d7318d6656612810d850475c9d45f6103160de2736c55dcba711109dff23b6
13	75	1	0	4d963395d0e1a3d4c81816c03b06ae4fde1aa481ceeefd3f0df11cc582b7a499
14	74	1	0	e0f1caafec32fc95c349601034db5be9382e4d17158d7b4f86817b33bcf4f88f
15	73	1	0	2ebc1ef29ebfc8fccfd81a43b80004ac0ba51e607588bbcb412ad6b4d629fab8
16	72	1	0	2ac152a9be87c35d94fd3c24e65314c646f3146e0fcb92cc5ca2a7a1ebd535e2
17	71	1	0	afef8717181f153d44c056cfa3385646fcdf98bd43b72bf318c361223a7ead10
18	70	1	0	cb4a75d08d5b944d868ac8b5a9df95551c202fa94f5623599a4f9eeb830c59f0
19	69	1	0	c43fc0cd73782c216a0a5c13de0e6c99a419701cd71b518d002cd6ba373a0f0e
20	68	1	0	4a5a3988afa77c3ddfc70c784c7696bd048c7641244dbceed29598b3b9c92f1e
21	67	1	0	d7edc67e8ce29cd82f173a1d9260c6a432e6436497a22b82a9d30265303ded7c
22	66	1	0	fc20bd2e261a8781a7de7ca54761f1eedb598e57f6d1afa8b9f3e451c1cb3d3c
23	65	1	0	8fff6ef24c50afc7829b4f18cda779fac11aae7a32ae92bd46fb9a629ba984fb
0	89	1	0	7c6a0f5e2a0c9521438ccda3593e2d62d09c2b6d585354b6aa9a59554923c355
1	88	1	0	0bf61c11f9e12697ee7c8330c3d2924cf5758cb84900531cbf718fcffdfc9571
2	87	1	0	15822cf5e32b96074876c47429222a3aef4a57d3c0f05cf11265579f116305d8
3	86	1	0	35a6ee5624c456d13385d3bf0bfe260b68c3106e74d6e001b1eb141ced037a6d
4	85	1	0	8b2d7f34f084cddf06dc49a95bd82cdba128d4f6da3c2a5b14bd4df78897c104
5	84	1	0	f797792507242df6d5bfe8df400d2fc11c266ab66ee917ac3feeb77660429935
6	83	1	0	c2a0685edaa1b5e088919d6c8c915987fcc936381a5bbbeca3c5986e66b81b84
7	82	1	0	c76ef0addc87411a12304a61d40a199fcc3ee94f5c50402e9eab72238890f791
8	81	1	0	3a9d27f22a78d368187deebac14158b1351f11ad6321d640b069ea42e0c13e1f
9	80	1	0	4453a520f6a06ee22e56fa668a4954d30da35428a6000aa894d18cd5751e07f9
10	79	1	0	3d0617b4a4ecd8be2eaef3b9a049dfe2b8ffe8411fc33e121857401e4e3e1146
11	78	1	0	16e7a5bda70323a9a7ac03bd1bb640794a5576ff17b58c58ea0023b8ac38a87c
12	77	1	0	ffd2505a80a405a92764024c2aa4fd52f5656a6f46eb54fe89cb0c1949d6ba00
13	76	1	0	9cabb9e6b0ea4e8669cc83fc720be6ffffd792aa388274fa5d33571d82f3b3b5
14	75	1	0	d87f195ab9b9b60f9bee2fc3f1f3d5fb594d7eccef7dc90ab6c357e25b288fcd
15	74	1	0	63798199c951d60a0dcb599851a311ba2aee7529b5e42528f1adfeb3d3773717
16	73	1	0	e37a69bcc88f78ed3cfdd7bb8266badc69fc095fbd66b1b66c75589716b236df
17	72	1	0	1238b4919011ec6495acd1d75a31e3c2a7f045a97b040c2bd9812bb6ac7f0b3a
18	71	1	0	e0cecaf72085e0390fdf227e13b08f859d0dab0ff361e18360692df93b2a2cc1
19	70	1	0	393e2641360315a1fb240a34c3483f275b689c50ec7adabf11ea56be353281be
20	69	1	0	af072f71fba0fdc199c08bf570a45154fe57c8074a4fb44b1c52b98020cbf599
21	68	1	0	04b0b6ad4474c62990db60a2a0e742bd79e90ff07b780bf30149c365e3fccbff
22	67	1	0	dff5af3907d6f1327f6806eed809010ba238272be2378734356990347388efb2
23	66	1	0	c938acf799c2de513b5927d248484dced78ff68858e78ecb03287ef6cfefebc2
24	65	1	0	9ac90efd678b1a3e8e27d4c74ef4701f2645f02d45077c63e7b39c261a0200b8
0	90	1	0	b74af5e5ffdb308ae87d064fd127c94a7dba55ad4cffee192c1d0a28393b3cea
1	89	1	0	c76663dc96a1bc1962c8de59e45eecd4f1b193212ea75d8903ad1dbb915a7351
2	88	1	0	570110e9a17b90105d9c963f6013ef6987ecf2744a44e5e46834db5acb067121
3	87	1	0	cdae48d9d5e70b749c5f8a3a98409ca168a191991acb70e42a14336a9741ca26
4	86	1	0	42031e5845541d77486bd1d7057bc94b33cb7341146ed526a5b369de9fc0c5b0
5	85	1	0	cc362f07d0fd8a4fdbd98b192019c6e549e1c49ce32cb5d8839b4dfc0b57d507
6	84	1	0	904cbfce650c197097f0d6e3de433f5d0f0f6ded830048a957b4cb3c9ee32f63
7	83	1	0	5ddd17e97aa6ff74fb858f7fe683799d013118b2aadc9ed6464be89a19108dd7
8	82	1	0	f56f5083e3f9f654ec588daf81d2d165f57bffe0a140ec3ac1aca439dad77de6
9	81	1	0	a5eb790d5186c4aa91bf7b6fa4ddc5401cdf068d98962d4b395b7abe30332423
10	80	1	0	091b4651d2b645a596c4a9a36c6731d8d606c2ab7dd06968eeddcdb554ff8c84
11	79	1	0	3d5596936522b90bee691998106d441200d87a7ff7d4242cbc0a6a9891a23c2d
12	78	1	0	2019268efc58597744563e5e59473ea750ec32ceee440a9f099e64ff9c7d4647
13	77	1	0	54be3de202cfb38d3e0a28206812ce57fc5379b93cdc4801c60059c89c4b4090
14	76	1	0	edfb1ab65d997d4ae928879b467ed027cb010674702060c6e86bdb6e7bc24f1c
15	75	1	0	cd07ea95b498e34f79fc83749b47cc58935bfe7786415fc236e412775dfc41f4
16	74	1	0	b830c34ea62055297b2e8ae1bb037d2735e2e90f1ff5c3cc4bec8b60872b572f
17	73	1	0	f1ff3380ed8ee30c8d77bed85e2b39e368e47dd49c3a8941bd8d20906d4460ec
18	72	1	0	df4bf2edc0b80cfd5cdc934a2be3daa0ffbc0fd7b391ea52a0448d87b335f1a9
19	71	1	0	10874250a91a5eafa17a22e8f028ffaa30e70a4bbec213ed0899583556291611
20	70	1	0	993591236fc67516647b07b1cf3144b9d19f70bce307871552d065369d2bdbee
21	69	1	0	efcd896ac9d2fcbf0082577604aa35febe2ad94688cec50b4350dfef42f02a7d
22	68	1	0	586f8c650c78ffee14a4f582d83438e06d48a21d157b00a471eee3666ecda701
23	67	1	0	52b51e18e36f6ad92821f730bfb393d3ce16409260c29482db89ec91a100b087
24	66	1	0	394b4ff8b3cec6a9c81c76ca35814b81512fc15fe75303c67d1380b69f5149e6
0	91	1	0	4271719d2f65e709a575c978d2467da954ae18d7f4bec25efded343b2988516a
1	90	1	0	80ae09acff61b2fcc8c1867b9effc14bb0b36b2aa4a72bb305529e6847288f95
2	89	1	0	bb671542737ad87c169b9f78d56b2c27122f6a36f21ee6f38d3c0ef2947b081f
3	88	1	0	20bada9f5b71244d89ed9d6ed140b3ccff5e2c6ca90ef8b424ee4585ba69d176
4	87	1	0	c3e7e5aaaf33608c0c582db88644a5917e49be06c136d70fb6c79863be9d58ab
5	86	1	0	963deb21bb4272c8c81bf03320c6942fd7e49cca4fa6cb9594b9c07a14f65174
6	85	1	0	3db2c984ea27516e1f0214163e436b6c3d2e9b2aae13245610df02310dcd40ae
7	84	1	0	b8fef202fee02d005d03fe5839f9891e63f04c2d403d820947097ae08cb8dae2
8	83	1	0	d48eff22a73dc00ee2b66e0983862668c25c174871392a77725ac78575a9788a
9	82	1	0	bdeac8d6384d9b1c9042d56302d8b47c87685a76c2e61b2db6f57511f4d762dc
10	81	1	0	eabb1d079ddaff8a5a677e8c616d6c12b184485e32d7b61021326147ea69e7dc
11	80	1	0	9cbe6bc7ded7cac1ce06f0daf593d969eb7f3e2f16baef40134fa242ec228245
12	79	1	0	e3714faa6eebc9547a60646e074437dc41dcd1a9cd774da6e760bb9f7d339168
13	78	1	0	fba1bf46e10bae8cbf72895c084c8331cae474a698a0b0875f20af1d94c75a00
14	77	1	0	313d74c80c0d23d58d811ddef218ff163d5e34e06d380bf00a492c13de5ff260
15	76	1	0	cef733fd782838baa7e82ee56da4632eee29badb7cf42ef7b1f3de112afcc76b
16	75	1	0	e1c69aa086747e62e849ede7ba1f215d1b2175bebad0a801706ff8c6e41340ba
17	74	1	0	d2cc43d5b17260d58cbe10e43a7e31e5fafe908893174acebc42243517b36db5
18	73	1	0	8eccdebf0cacc4512e2e4af96146308631b51c708594a573f2d8596ae2cfaeda
19	72	1	0	19f4c547b6336d453e3d6dd9c4a015ef271bc669131639832a1b60ff438bea80
20	71	1	0	134cdff78aba7afb7dd156f1f4746ac43932dff60fe3d9fc8843899914fb3e26
21	70	1	0	1c1a2b8f36127169c33b0e577bbe0c4b58426490afa60406ee7b439be678453e
22	69	1	0	6642aa32c980a445c243195cfc589155e1c0eb44431b93bfa5f4338fcecd2777
23	68	1	0	d51a22540a495671f59ef8388ce416d6c5565da98f8cd93faa5ccdd89e3b77c0
24	67	1	0	462371231911c500f125fb2f713cc9461867dc3b7cda4ccbae9bcc4d07c556da
0	92	1	0	eaccc7d86c098d32fceba0ed314e6f3f64de70f4077093b9239a05cbd1edbb93
1	91	1	0	7d918f6db90e1d70df43f7a6ba4d67388117ced42f6712d492a59e589729bf14
2	90	1	0	244e4b9879b50c649fb0205a8de513970bb7df5a4b325a06a9e27292d9f6d9f5
3	89	1	0	3a0e92c32835a89cd9cc4863ef28d2a297fd337081db8c32026dec12c25a04bc
4	88	1	0	fa765a6ca0a2ab9688f0c8300059342eedb1037439a5464a0746f79373a9a735
5	87	1	0	b6ae3359f81cf9737ffcf39796d895615f8b2a811205336d6d1d0d21afabbd46
6	86	1	0	fbea7d57fee18820276bbbaa12cf8214165192641cc1098629c4796472c6e0a5
7	85	1	0	75a188f4135bc1eb7f6d64e01548a023ff5e560eb3a60712cd3003f7caf8e23f
8	84	1	0	07d5cdcd8a8a8060b80954bf37483469913fa629b537caf042098c413b54a73f
9	83	1	0	55403c6445416ec7ef3fa80ebe8ef53f8e7260a2ead2fd6eb9dfe061623cba00
10	82	1	0	ed071710c14883bdd8176e80226390d625657f97d560fe03546396ea1d961bd9
11	81	1	0	48307285d88f0b92d13e9ccb1e7d81dc2e5b85e987834b635ac6bd2b35642f69
12	80	1	0	09898d1dfd2bdf775a4d354878a1d900d723d4727fe1563f2566db2d27842526
13	79	1	0	8c00085cdd1cb38838a74168432909cbbb33085e06755b5ad9b19c8934c0cd57
14	78	1	0	9fa9bad0a8734dc2d4197a2d65ffcda07f389768467d6bcaa046c2c58aee44a5
15	77	1	0	6edc42904d2c317012614cc32a0ce4797322528f52c939cf37b9a18991d38634
16	76	1	0	0f96fb738feb46dbd422d28bb36db2279e98dfbb7c9f10b63597be302b4bbb26
17	75	1	0	7bba355c9ade2f3c396a45b0f3341c87b37ab8701398e3e2f5c510849336cdcf
18	74	1	0	906ec318751b83cb3932426c391c2d0be9bda762c7542d4446b145896e935906
19	73	1	0	3707b10351aebf21764472023edc917fb71767970073fa872496679b8285e9cf
20	72	1	0	83f31e336a7e326f1097097d301b9499f00c113981ea335a0996e05dbe8f428e
21	71	1	0	6e944e682ed3903ff21addb832e7ba6aa41fbde841138f48ce80981e9c3ec658
22	70	1	0	9aaef30cbce020831b346cfe951b0cce6d16a5e09451555185be9ba8fdb61430
23	69	1	0	8fea4317532ddc270ac5e3b5da18b546c0a9290e0f293dba45a5c4ff509d7036
24	68	1	0	c096d9827d8059a5b122ddb667a3323b292490937079c573eea93ec7c9b5e3ec
0	93	1	0	dbbbd38e5e3dbf19c4ce18c8e981a0d4f7df050431351dde10ac31eeaded8de4
1	92	1	0	6b5d64f154aed6aac0f01ce7725f8c88ca2627492d14be7c8cb1182c3b2873bf
2	91	1	0	876555b75354103499f03d01a8124bf2b8432d4b7258c60c24ff6a27d059d7e2
3	90	1	0	a37ae4267bb9618fb4477b991124d501302655a58f5d8f958afc76d2b11f6745
4	89	1	0	719480304fae15088f69ce0479f585f45c8c8e3398ec491bb159ca0c557bb41e
5	88	1	0	1c0485dcdd3716bb7fe57ad80fcb1ee3591d5d38e5591252e9b745558f875bd0
6	87	1	0	5898c1d844d46349d3ebee6d743b69b42f4d0f4a9b9be584c1ba27cc79638a2e
7	86	1	0	1aeb0c65f998f51c88551befa495fb3c129793fa9e96ea4177a0c90a1855c140
8	85	1	0	2032d25d1c125b97c3231c22b56bd3108d6b2fbf2e020307f4eefb66d000e999
9	84	1	0	d8e484ba17a009b69d7add7139190b4d990e2c99c6d8f9159ab36ffc0abe489c
10	83	1	0	116571d51505981da5f469ea4ca2314d640df59c9f950179e71d2bfb68d88670
11	82	1	0	9ff26dc3fa614c72b8e9be99f70031f3a2983f981e913afec88b4fc93619443f
12	81	1	0	038f039a221a3a90a299728491728d773002c6c471f6e8b9bb4bdfb3f6034ddb
13	80	1	0	ebe9034ec6e0ba585cdf830f16fc2940d320416b1ffae2de6e90a0619678a616
14	79	1	0	0dd42549d403674f6171f7f0f127e6470b5be5787943c49c799d24bd99ce31f7
15	78	1	0	86857664290d94987749115bb6c79780a0dd96ecc20929d72a23e41cb4b58a59
16	77	1	0	4cb6f0aef7bb856680a02614df43f1e1bbe9f38ba2e5363f843d5b45c5912dc1
17	76	1	0	228825c36be281fd68af012541e56ffcd2738a480628ace7552dfde8aaa0edc9
18	75	1	0	071ff7e648fc4bd130975f0283c5bba7539058b460711138e17613767d445633
19	74	1	0	6088255b19768f675ab2a9efd06907e3426ea53a746cd5efca35f63b48459e9d
20	73	1	0	1909fc3a81fb176e358239d9a4c520a07a48539d7aef5b739b9c1db0e02a9b02
21	72	1	0	abfb8278a66bfe106754d96b6ec6a9a52e0a1cb9bff31a3f3ef27152dbeb8952
22	71	1	0	33f85e98a2ecaef672724dd14f0c0a1b679f2d4cf50c60d1a67c6eda1cde34d7
23	70	1	0	b03032fb28f1431ad62d156685f672e60b85b57c2784604185d649dcb2280ad2
24	69	1	0	12f1b5b6b41ebc52689ac982b6c89a10b17047f0a59118a2ddc48c1e7fb7c965
25	68	1	0	13dec964aee661251274497306de7a1f5520d8d8f1a1ff2b3441e5d3bde746f6
0	94	1	0	eac7ae64618603d0cc55f675271682238260c13de23b7c97e76b82157508e09e
1	93	1	0	799af13013c5fe9cea3b773f8bdfd5dce1add4a32a945d6b285bd778b72ddd25
2	92	1	0	e50da9bbccb992823e5d6de293dc8626fecad2f4e88ee901494d7dc38c95c1b7
3	91	1	0	9baa04819e800845939469edd24131646ef48841e937ab673ab7e173965a90ef
4	90	1	0	bd94dd42b26ead8fa8afc3ab43ee4e4fa55c1b4cca82eb940fee6c32ed1e937f
5	89	1	0	1bace117d548682cc312241f4e7993effc6d7270c5b381f448008b6fcc47db80
6	88	1	0	a052797992e59dd9e11512fedd364c3f1b21c0a1d6f03e62d664233d03ebf79f
7	87	1	0	a9ee27842d154726232c82698f4f5f231369c6137f50cc354f15db04b2bf6414
8	86	1	0	c59865372d7c961bf52812463db0329aac597261560c82498a8c638e2daf8324
9	85	1	0	efef7915bee52384e8acd0e5bff29e8f167680923cf06c8179381c85a77d580b
10	84	1	0	fdc56ea81f0a909fe65b0e055781bf87a6dcd136e959d06b4c27b28174331a3c
11	83	1	0	ea43eecb54d1cf6a41f33b6980cd24548d254a74978eb115f85d60499b7b0a16
12	82	1	0	e159cb7dec7722f5c3925fb7e5125d320bf0a36f0e798cb312fb734a5a6e8b4d
13	81	1	0	4b1d1e402e417387b86acbba84eb2d280ca1e0f44ceb8de7802bb5c96f39ba9f
14	80	1	0	50fff5f33d84b241eabd09ea06c21bea9c4d33a830f8807667427b0d1c862194
15	79	1	0	e4f4cb75bf4eb3c08b7f7f25b55de3d1e6425116494b18155bd7009181994932
16	78	1	0	168b8aa87d9c6d8767d52c6d39a969e9f473d007fa44f767b8f860726de0f78a
17	77	1	0	425caa955439602f30ee19e311c6119f5a0e3420a5503ebbeab88f35358d152e
18	76	1	0	13e0d16668a0506a7b5f48c82b363df85bec78167d55a0d89c3f8bd8c3bc39d8
19	75	1	0	286a83e8867f9a1e1a53d656288434e88cedc5bf5c9845357beba71b04e583f4
20	74	1	0	6f81ea0f120a542ee97207df3e4f8cf5c244802f31961989e87a9f0c056903ae
21	73	1	0	a9707a084e2f04f2ac226302711accd1e8197f3e84655e3cc410f6fa6759f988
22	72	1	0	9f9ab22c87689950fc240a4deb52210e0771ec241f4a61379b18a3371acb3497
23	71	1	0	a637f584626a490ae35066ab26686292372e83ca1d4c369f01b8363a54efec72
24	70	1	0	729bff1f57869b31165b9fea8a4032f8f7c27514780aba6397be27bed4d5091e
25	69	1	0	dc525ae1dc185b752dbb683ade1014d3061d1b18c2e24d23701916a318ad88af
0	95	1	0	e81aed38d595cfed8b06b1ad29284906624f7c49922a564b653dbc02597eb17f
1	94	1	0	c2610a92f5a60dcf184f4bfc6c4fab398a2315ab3ebf69cf4cf4591e2a452407
2	93	1	0	41940423190444e473f322477aa092fbdf52bc4d0e18a1bd92ff0937b0ce3a3d
3	92	1	0	1206629fed640db73102b57cb19ea8e364272ed598d53fe3002d2ee31d80905d
4	91	1	0	bb9f3d65658019b2d37ab500245a1265b53f2867d6f4c39c90312d832b1c4c88
5	90	1	0	9f72468b40e7493aaafb712966c02768ead211239fe03d38ecbb0c632a58873e
6	89	1	0	d863b336dd40ec85fde4b31923d0cdbfaa8d37947b3f01a38325fa03ae74486d
7	88	1	0	7547ca4311fb3824959cfbdfdcc2102e7344293437a0f9d8c8362a5919ba24b0
8	87	1	0	cb8e920de1991b3771026cc6454306b8bc35a2b7371965fa87833c381c141e06
9	86	1	0	eb3983801ad998ff82b84f650a1d1be3ae963aa30b159ed51e857496c97d606e
10	85	1	0	2579ba0d9622884e7352e377efd82fbd69396ae31eb3cc5e4ede42ebb25a058c
11	84	1	0	38c7e2c799519760c8d406979ea1950acb95496bc87b494d2e90a4faae068a96
12	83	1	0	e1da8de8ba5c888c94fa78ffa1e37741e4f93d83ecd5acd2e427776c91223b74
13	82	1	0	9390b065081cf13b3e0cd9225e75c9d35272be0ae76e9ae09994511c2fe3c1e9
14	81	1	0	d80adfdb2506dd10ea2b521cc38d77fcafd8399284821aab2d880af5df1e2bf3
15	80	1	0	95a790c155fc3a122b4eda27c35e29c75f22df0e812ba0ec23a70274217d2086
16	79	1	0	5a16bffa50b1dd37ff65882293618f7158f40cd1e62e2ab0baa77503acfcfa43
17	78	1	0	18490340681b0ead30cd6adc86a56ec46e18c2d4bc7d54ab13bdb9da4d109c4a
18	77	1	0	688570249f1a75cf8fca15fef8390ace627d55fe6663dab2213a2f38a7b17e36
19	76	1	0	35a10459baf98dadd86bd61841592a58d37fc2390007bafc069d2236b274f95e
20	75	1	0	ff1e2bf45e2f1dd159c9e879105df46261f3cdd678f901dd08f323e7c71ee307
21	74	1	0	09afe986992170a3b6f68e9c2f1e95fd1d0996220bc543f977dfd99ade664423
22	73	1	0	2d28e42504bc4d97b6c20be290fc54d0027af8ec4c9a5b0446f1d8df976b0a33
23	72	1	0	4b11bea1c8239636a03c994c3859ea6b177c312c8a55c5eddcc2a01cd407bcae
24	71	1	0	254a616feac54f0b1e56c178e579e3907b8322b2aa075d6d5258c8b243e83b4b
25	70	1	0	cfbb4f27ff1092b8c284368208a7aaa65644a9f977756d4786868184cba2c2d1
0	96	1	0	f48e96201dc2f6d3c495b15bf2cf78eb5420f2ab4006a39321b805708cbbbfef
1	95	1	0	6273852362b0e2e95544964af05b7c67434b045232c9361c241ec949139c832d
2	94	1	0	85a37261ef7f66ae82e67e66d35d8b78bcebc66c50f8402f44c7cb969531d54e
3	93	1	0	fcce6f0b8a0f683e3120a25c0cf4d9c1ab0d2ebcc156e8a6ce02220a1002d961
4	92	1	0	20da9c907531f244cf4a4a0242bf68ead16108523579ddbff3675ba447b8cfdc
5	91	1	0	6bdb281fa3daedfb8a5872d7de364bedf6b1cb91856f7ba607359b261a593b6e
6	90	1	0	7b74bf693a03b2c2ebe20892b46c5de62b0eecac8ef5682dea3eeba3af29f318
7	89	1	0	5e0549759b5668396580677129e0bd09defef24e8685d753d562d2d4786fa260
8	88	1	0	1729112e0da77ef0994795b3324068d94e978035f677f85112c6cf40872d2513
9	87	1	0	61962f8ec4fe935e0c3baeac9a9bc711ce0ab313ed596a08e2460827eb134786
10	86	1	0	5f63056f0eae37ac79ccce9d3797ffff8819034206ca3644d6ae1516cc92c6c3
11	85	1	0	5ce0b13ffe47af9f66540e118238629889d683e2511bd6bb07ecca229753dc1f
12	84	1	0	88a070ce3bb4875f4151a4c9f39dbd31508099e1709eabce5ee8cc760df08b31
13	83	1	0	120695ecfff1dd4a46e7b2604798667b7c4cf441f302615b0ace2ee3b9eed297
14	82	1	0	d55fc0c35bed4bb473e77d04a194b8dd1df4ec1b02926547e2518455a1a99aeb
15	81	1	0	dd5d1b2302a56024f377f9e0a6c60ecbf74dcc8293ca6fda52f607160218ba14
16	80	1	0	c0f78d74083cbb3dd030efb8658b05b9d0de162b9d7faaa4f539fcbdb804e785
17	79	1	0	e10d6b43934fb1a48d8dc09b66c9efc971fc35ca3a52ca0786e0ffd892d5c9b9
18	78	1	0	3e7bafdce311aec76992a9e68aba6770392302c5c5109c052fe4fa6513d2bf2c
19	77	1	0	66ceb43a07ed97eb8ec8204122323f7eaa6f3413048edd38263a6ddb4aa507d4
20	76	1	0	87577e8b83b8c1bb021789d070d51a6234bc6e5beb25d10c340164140248a76c
21	75	1	0	83d506b2b1e0918c2e2ff18fcceb6259b0c99e94b1295fea809da27f7c238ef1
22	74	1	0	74c54552138a2515a39ed2e48065cdd73086f47b45dec26bf6c9b2769cff5050
23	73	1	0	03df4b5e6cf41569fc8aa75fa3c8f2a24358617468a79119a99c7b81a360afc2
24	72	1	0	46e3cf5eb6092f35ab84e37b87c10c1a65ee240834c3baa9dadf62c786ec6e38
25	71	1	0	fded6d9cba61d2fdf4ff531518a2da502764012a6078c0c6e8e043f8f384517f
0	97	1	0	041567d17bfa83d3d9aafed27045417f4d27890204f88829cbaacccbc84fb96c
1	96	1	0	9120f914643beeac189e69b6ff8305f8c399899d2675555f00f39f410071295e
2	95	1	0	392830066a734b51ecd87d5242063ca297e9dff9f51949ca31b60b181a8e37b9
3	94	1	0	36666283ec6473c3c29af45e13b1d5da5553b84bc32f037b88392f492eb1548d
4	93	1	0	8b8ecc9389cf5d5b33a39029f84cee173ec0157b05ca633d1737fdef1de2f543
5	92	1	0	e2f7cfd969d670334fea189f641598578afc6cdfdfe133aa003b46e7e6e94fe2
6	91	1	0	c04d0bac3d305c9ca9d4e1bc3a2b1e5cfd77285f9f00c90e7d0c98a2554a478a
7	90	1	0	dd22278cecb353fda41802020db68099cb8894e86ce15ab22587d5d597379351
8	89	1	0	f7da7a492a91f6f3bd2e2f42b5c6c661b3132fabb7a4aa6845211068aba93589
9	88	1	0	8fcb66816f284c1891db62d687699ae2a73aafefba4ccfc2571f0be9c0cbd132
10	87	1	0	4ddc256310dd2b0ad5e18c8f154dfd08381e58b7209a4a67b59e08240c8fa21e
11	86	1	0	fe13a6ca218f52ade7c08e06b3f25ac19bdcdb93c41faa3c8d02e3cd2d0bc2cc
12	85	1	0	00112e92f53de421eaba90b80eaa2639d4aab2a716e78ee461cc33b6a14ad012
13	84	1	0	a65aae83a32067b5d1aa4d5e4f89867ab0ba70d167ad877331940a68a388c278
14	83	1	0	af2401cbbec131672a109927e9d622cab828f37e2e56a7f5b10ae81988207ad0
15	82	1	0	255558b1e0b0f73a2d0f0d39533448a9b4c899936067228defd39a4af529fd1b
16	81	1	0	3e3ece99b3627097e4c7342f77b3db2e37c01617ae6cc97a32627d3b5c2535c5
17	80	1	0	84ffd9e8d99be84882e284a3f657176eb8b6ad8c7bb7ed0b6c78125297cee1bc
18	79	1	0	1ac1cdcc2b8ba203d2217b4402560bb577a55322991c06549e8cea37c7855e0a
19	78	1	0	82451cf52b310a0bda5cbf4f805cc5e91742ffa3c21257ba538211f6451d4e36
20	77	1	0	43fcafdbcdc635c72044ce49dc8c610bd2302a819acf246f51b341d8a6f2e4db
21	76	1	0	90c3b2c0f3ca7b9af857134cd0799685f234b1ac9b0456f941e0ed4247f3b0ab
22	75	1	0	086956c98ad6fc92d747703c180f8a9dd8ff69914bd5e1a4564bb21fbe263b2b
23	74	1	0	252d1d7f9bfac7c06bf2c1bfad59a040faba6613696bf9b59cd1008f5d4cc9ef
24	73	1	0	909e67b254454ddb05b6af9aa599d0b30d59c54da61bc9c3fcd36e76e9be8ade
25	72	1	0	c6f5f7e59c1005b81fc2450ac3d32e6eac71f1beb5a8956ee6f92e46563a5fd0
1	97	1	0	7f97a3a14e6705a3b85c20ec41604f6397d28bb2c51f8fd993a00fac6c7a34c3
2	96	1	0	9b644de5811ae0b384f4022dfff8fc815e6034b9bf81910bd63375b54d070588
3	95	1	0	5c06b496315b75c37dc5974a4a40e48377b957ef03fcbce63e95a4b16c46d776
4	94	1	0	c6ed0b390f796a01c933155d8ab9955ac90283d2a98b924aa119514b6b04fb85
5	93	1	0	1bd2118fb967fb57627f6c946694af404c438320ae75fc15a8090ee528f2ebab
6	92	1	0	77200507d1cf48da895f4938634ffcd8389c50f8ed38ea95d646924891514a4a
7	91	1	0	506f7542385ab40c69fa5af829b9bd748bbb3f97e725f93f81a54f5aa93df7a6
8	90	1	0	ea9b070b42c8470e82ce184af09855efc6f7335ce1f778ede6f7b20e375933e4
9	89	1	0	c78fa2154bac9a5359fd36375d6dd6cb5c787f20fa195c6fe7c94403171e7808
10	88	1	0	22bfbc5aa4bd63b3761580e37550e86410b4e18404fdb7ec32ec9586d665b047
11	87	1	0	f6aa99d4118edef90086e61b299f0fb171177ad31462606ad818fc0c32b97075
12	86	1	0	41b160b23f0e700f35020a07adeb3c49b89943cc8deff21ef32340ff194edfe3
13	85	1	0	a5eda5ad39ad42e7f22a5162abef429a51493839d84b4c67eb3d3c1a44a7e27f
14	84	1	0	94597752dbdbfdd53e49b203227aaa0b712c6ba15678fdc56b044dcb368f6a61
15	83	1	0	77826ad147904f45e4aa004a55d2435cf58970975420ffa5eb580066bc1b2be5
16	82	1	0	f9a7f8f09687b42260b747fe4f278cec604588d2674eb8ed982821184a727c65
17	81	1	0	c18d8111b32bb2e95d25ab14726a6a91599a6861652d73b902a26e4dc8b4fcd7
18	80	1	0	ab8be0296e90a1623439ff1f19868dc7dab29aad6b377cec2011c77dd0306c6b
19	79	1	0	9c0e3be58ecf193bb054691a5c6dc688a94da40fd2e876c858faf4a8eddd6e50
20	78	1	0	b787f2d4f47b44dbdc97c5b7dcd1c2878360673f3f19d994309634862e173956
21	77	1	0	b8571303773c995fba91ebeae5bfce29322795492388d639a67df90a3e2b2b37
22	76	1	0	7f69a68e9c6e8fb390ec00328d9bf69e6b80ed4ef76d3cda0f19dc436e1267bc
23	75	1	0	31f76579471de28215958a4c69135f85d62538a6dbf8ffdd30872e3565eb9cf5
24	74	1	0	1101f2fc977a9fe43369ba278449c34ff06caa1d5e647b372ab10585a1333bc9
25	73	1	0	088f89b1fc755d3541d3c581c06e3d724abd12e0cb0a2825049204f7e50b035c
26	72	1	0	52d4931643dc9d4eeecfdc68d8b231869d2ec437b77520062624ee14d7fc1907
2	97	1	0	d64fe052da52e217c3bdf3a7fe0f2dc031ac841b77d2f5cbbb19c3c0f0fee7a5
3	96	1	0	a0a008399d01607cb731a2d165051940809f8429907d7aed7a5fe0d0956e12f5
4	95	1	0	bb6add4a5346bcc31db8bbed535c33bf4451b7635fb45c0968a474a27acddc6d
5	94	1	0	8ad703415dd0a8bfde395949681bfc41f23b6a9ec3a75ee4a207d151a0abb495
6	93	1	0	8fdeb43af12cebddbac6b9a51b83c1a506132e04b029dcb8c27a45257fd98cd0
7	92	1	0	f2dfd04881c2db62f8760466188f7673d3503c91e90b50fda3117050df73fcdf
8	91	1	0	8d2029a03351f77e0dade40b1baae350db9c40112ab38dbf5d7d746f3ee11394
9	90	1	0	82f37af0c98f3a1f7e75580fd267f9e3781a69ef66d449bada02bc3d29e852af
10	89	1	0	8328dff48c8d1df906b7b7eb0d87a0f1d9605b00b4d237ced1a46538d50f4ff2
11	88	1	0	0b4c37f051ff9b8104ba8180713ec5ac31c55712f67d88a99c98077ff61ca627
12	87	1	0	13d4662e67ab25e50b5b2c62faa56a1345c40b07dde369146e624f15efd882bb
13	86	1	0	fdaea2cf0c3fe905133c31d9dd2466269af21f07564d5ee6498f4e160d3ed60b
14	85	1	0	5212ca9f35ca83721e91b2923c5e1a0e5bbad01d4a529919373bbeddebf42590
15	84	1	0	2e4692d2403a52780e117677f3f3367941a63b8e6af15bf7fc2502f8156fd0b9
16	83	1	0	c954a7cf5fccda670485a1d21f5b4e09adeb952db608877990310e1ee5ff4f8d
17	82	1	0	2a6a1c11b9b4e8643eb8d23354357d5d3f69d6acb8fb633e1957463808dfa611
18	81	1	0	025f5d7ec11317adb18eda1fa440eefc92f4bdd79bcc2d2ea2910e5949f991b0
19	80	1	0	12e31cb346eef5c07cd46bae6e572845329a30c024985a002f9e1078bab38140
20	79	1	0	1ba407e55babc6738692f1ad4237d51d5d1d556484759df14953c36c402e4191
21	78	1	0	ceb0cbfe56d59ec5e2ea48e4d48feaddb4d3ed6e949d262fceedbfba80b60762
22	77	1	0	eb85b8108baf6c2b439355ba0c4e1c10e86b3d36b26adc3c6e48744e4eba66d0
23	76	1	0	9a7a02be3fc1fb89d79481a09a97cc4b078c889c324306f2ec99659192615f13
24	75	1	0	f821704b52c606e0573154446f3e1ea7fa2935bd89d25dc6fcc224c811d7a5ab
25	74	1	0	2539921209a572308a2682d8bbf0a62f0e78b8a132aeb6730c4eba3669e51061
26	73	1	0	5b6fb228c3c3d874555fb1aa1f27491d37429ae1b015e42b2f1a460ed83dfe75
