source_index|h_power|x_power|y_power|expr
0|0|0|0|-A1_0_0+auxP1_0_0-h_0_0
1|0|0|1|-A1_0_1+auxP1_0_1-h_0_1
2|0|0|2|-A1_0_2+auxP1_0_2-h_0_2
3|0|0|3|-A1_0_3+auxP1_0_3-h_0_3
4|0|0|4|-A1_0_4+auxP1_0_4-h_0_4
5|0|0|5|-A1_0_5+auxP1_0_5-h_0_5
6|0|1|0|-A1_1_0+auxP1_1_0-h_1_0
7|0|1|1|-A1_1_1+auxP1_1_1-h_1_1
8|0|0|0|-A2_0_0-auxP1_0_0*h_0_0+auxP2_0_0
9|0|0|1|-A2_0_1-auxP1_0_0*h_0_1-auxP1_0_1*h_0_0+auxP2_0_1
10|0|0|2|-A2_0_2-auxP1_0_0*h_0_2-auxP1_0_1*h_0_1-auxP1_0_2*h_0_0+auxP2_0_2
11|0|0|3|-A2_0_3-auxP1_0_0*h_0_3-auxP1_0_1*h_0_2-auxP1_0_2*h_0_1-auxP1_0_3*h_0_0+auxP2_0_3
12|0|0|4|-A2_0_4-auxP1_0_0*h_0_4-auxP1_0_1*h_0_3-auxP1_0_2*h_0_2-auxP1_0_3*h_0_1-auxP1_0_4*h_0_0+auxP2_0_4
13|0|0|5|-A2_0_5-auxP1_0_0*h_0_5-auxP1_0_1*h_0_4-auxP1_0_2*h_0_3-auxP1_0_3*h_0_2-auxP1_0_4*h_0_1-auxP1_0_5*h_0_0+auxP2_0_5
14|0|0|6|-auxP1_0_0-auxP1_0_1*h_0_5-auxP1_0_2*h_0_4-auxP1_0_3*h_0_3-auxP1_0_4*h_0_2-auxP1_0_5*h_0_1+auxP2_0_6-h_0_0
15|0|0|7|-auxP1_0_1-auxP1_0_2*h_0_5-auxP1_0_3*h_0_4-auxP1_0_4*h_0_3-auxP1_0_5*h_0_2+auxP2_0_7-h_0_1
16|0|0|8|-auxP1_0_2-auxP1_0_3*h_0_5-auxP1_0_4*h_0_4-auxP1_0_5*h_0_3+auxP2_0_8-h_0_2
17|0|0|9|-auxP1_0_3-auxP1_0_4*h_0_5-auxP1_0_5*h_0_4+auxP2_0_9-h_0_3
18|0|0|10|-auxP1_0_4-auxP1_0_5*h_0_5+auxP2_0_10-h_0_4
19|0|0|11|-auxP1_0_5+auxP2_0_11-h_0_5
20|0|1|0|-A2_1_0-auxP1_0_0*h_1_0-auxP1_1_0*h_0_0+auxP2_1_0
21|0|1|1|-A2_1_1-auxP1_0_0*h_1_1-auxP1_0_1*h_1_0-auxP1_1_0*h_0_1-auxP1_1_1*h_0_0+auxP2_1_1
22|0|1|2|-A2_1_2-auxP1_0_1*h_1_1-auxP1_0_2*h_1_0-auxP1_1_0*h_0_2-auxP1_1_1*h_0_1+auxP2_1_2
23|0|1|3|-A2_1_3-auxP1_0_2*h_1_1-auxP1_0_3*h_1_0-auxP1_1_0*h_0_3-auxP1_1_1*h_0_2+auxP2_1_3
24|0|1|4|-A2_1_4-auxP1_0_3*h_1_1-auxP1_0_4*h_1_0-auxP1_1_0*h_0_4-auxP1_1_1*h_0_3+auxP2_1_4
25|0|1|5|-A2_1_5-auxP1_0_4*h_1_1-auxP1_0_5*h_1_0-auxP1_1_0*h_0_5-auxP1_1_1*h_0_4+auxP2_1_5
26|0|1|6|-auxP1_0_5*h_1_1-auxP1_1_0-auxP1_1_1*h_0_5+auxP2_1_6-h_1_0
27|0|1|7|-auxP1_1_1+auxP2_1_7-h_1_1
28|0|2|0|-A2_2_0-auxP1_1_0*h_1_0+auxP2_2_0
29|0|2|1|-A2_2_1-auxP1_1_0*h_1_1-auxP1_1_1*h_1_0+auxP2_2_1
30|0|2|2|-A2_2_2-auxP1_1_1*h_1_1+auxP2_2_2
31|0|0|0|-A3_0_0-auxP2_0_0*h_0_0+auxP3_0_0
32|0|0|1|-A3_0_1-auxP2_0_0*h_0_1-auxP2_0_1*h_0_0+auxP3_0_1
33|0|0|2|-A3_0_2-auxP2_0_0*h_0_2-auxP2_0_1*h_0_1-auxP2_0_2*h_0_0+auxP3_0_2
34|0|0|3|-A3_0_3-auxP2_0_0*h_0_3-auxP2_0_1*h_0_2-auxP2_0_2*h_0_1-auxP2_0_3*h_0_0+auxP3_0_3
35|0|0|4|-A3_0_4-auxP2_0_0*h_0_4-auxP2_0_1*h_0_3-auxP2_0_2*h_0_2-auxP2_0_3*h_0_1-auxP2_0_4*h_0_0+auxP3_0_4
36|0|0|5|-A3_0_5-auxP2_0_0*h_0_5-auxP2_0_1*h_0_4-auxP2_0_2*h_0_3-auxP2_0_3*h_0_2-auxP2_0_4*h_0_1-auxP2_0_5*h_0_0+auxP3_0_5
37|0|0|6|-auxP2_0_0-auxP2_0_1*h_0_5-auxP2_0_2*h_0_4-auxP2_0_3*h_0_3-auxP2_0_4*h_0_2-auxP2_0_5*h_0_1-auxP2_0_6*h_0_0+auxP3_0_6
38|0|0|7|-auxP2_0_1-auxP2_0_2*h_0_5-auxP2_0_3*h_0_4-auxP2_0_4*h_0_3-auxP2_0_5*h_0_2-auxP2_0_6*h_0_1-auxP2_0_7*h_0_0+auxP3_0_7
39|0|0|8|-auxP2_0_2-auxP2_0_3*h_0_5-auxP2_0_4*h_0_4-auxP2_0_5*h_0_3-auxP2_0_6*h_0_2-auxP2_0_7*h_0_1-auxP2_0_8*h_0_0+auxP3_0_8
40|0|0|9|-auxP2_0_3-auxP2_0_4*h_0_5-auxP2_0_5*h_0_4-auxP2_0_6*h_0_3-auxP2_0_7*h_0_2-auxP2_0_8*h_0_1-auxP2_0_9*h_0_0+auxP3_0_9
41|0|0|10|-auxP2_0_10*h_0_0-auxP2_0_4-auxP2_0_5*h_0_5-auxP2_0_6*h_0_4-auxP2_0_7*h_0_3-auxP2_0_8*h_0_2-auxP2_0_9*h_0_1+auxP3_0_10
42|0|0|11|-auxP2_0_10*h_0_1-auxP2_0_11*h_0_0-auxP2_0_5-auxP2_0_6*h_0_5-auxP2_0_7*h_0_4-auxP2_0_8*h_0_3-auxP2_0_9*h_0_2+auxP3_0_11
43|0|0|12|-auxP2_0_10*h_0_2-auxP2_0_11*h_0_1-auxP2_0_6-auxP2_0_7*h_0_5-auxP2_0_8*h_0_4-auxP2_0_9*h_0_3+auxP3_0_12-h_0_0
44|0|0|13|-auxP2_0_10*h_0_3-auxP2_0_11*h_0_2-auxP2_0_7-auxP2_0_8*h_0_5-auxP2_0_9*h_0_4+auxP3_0_13-h_0_1
45|0|0|14|-auxP2_0_10*h_0_4-auxP2_0_11*h_0_3-auxP2_0_8-auxP2_0_9*h_0_5+auxP3_0_14-h_0_2
46|0|0|15|-auxP2_0_10*h_0_5-auxP2_0_11*h_0_4-auxP2_0_9+auxP3_0_15-h_0_3
47|0|0|16|-auxP2_0_10-auxP2_0_11*h_0_5+auxP3_0_16-h_0_4
48|0|0|17|-auxP2_0_11+auxP3_0_17-h_0_5
49|0|1|0|-A3_1_0-auxP2_0_0*h_1_0-auxP2_1_0*h_0_0+auxP3_1_0
50|0|1|1|-A3_1_1-auxP2_0_0*h_1_1-auxP2_0_1*h_1_0-auxP2_1_0*h_0_1-auxP2_1_1*h_0_0+auxP3_1_1
51|0|1|2|-A3_1_2-auxP2_0_1*h_1_1-auxP2_0_2*h_1_0-auxP2_1_0*h_0_2-auxP2_1_1*h_0_1-auxP2_1_2*h_0_0+auxP3_1_2
52|0|1|3|-A3_1_3-auxP2_0_2*h_1_1-auxP2_0_3*h_1_0-auxP2_1_0*h_0_3-auxP2_1_1*h_0_2-auxP2_1_2*h_0_1-auxP2_1_3*h_0_0+auxP3_1_3
53|0|1|4|-A3_1_4-auxP2_0_3*h_1_1-auxP2_0_4*h_1_0-auxP2_1_0*h_0_4-auxP2_1_1*h_0_3-auxP2_1_2*h_0_2-auxP2_1_3*h_0_1-auxP2_1_4*h_0_0+auxP3_1_4
54|0|1|5|-A3_1_5-auxP2_0_4*h_1_1-auxP2_0_5*h_1_0-auxP2_1_0*h_0_5-auxP2_1_1*h_0_4-auxP2_1_2*h_0_3-auxP2_1_3*h_0_2-auxP2_1_4*h_0_1-auxP2_1_5*h_0_0+auxP3_1_5
55|0|1|6|-auxP2_0_5*h_1_1-auxP2_0_6*h_1_0-auxP2_1_0-auxP2_1_1*h_0_5-auxP2_1_2*h_0_4-auxP2_1_3*h_0_3-auxP2_1_4*h_0_2-auxP2_1_5*h_0_1-auxP2_1_6*h_0_0+auxP3_1_6
56|0|1|7|-auxP2_0_6*h_1_1-auxP2_0_7*h_1_0-auxP2_1_1-auxP2_1_2*h_0_5-auxP2_1_3*h_0_4-auxP2_1_4*h_0_3-auxP2_1_5*h_0_2-auxP2_1_6*h_0_1-auxP2_1_7*h_0_0+auxP3_1_7
57|0|1|8|-auxP2_0_7*h_1_1-auxP2_0_8*h_1_0-auxP2_1_2-auxP2_1_3*h_0_5-auxP2_1_4*h_0_4-auxP2_1_5*h_0_3-auxP2_1_6*h_0_2-auxP2_1_7*h_0_1+auxP3_1_8
58|0|1|9|-auxP2_0_8*h_1_1-auxP2_0_9*h_1_0-auxP2_1_3-auxP2_1_4*h_0_5-auxP2_1_5*h_0_4-auxP2_1_6*h_0_3-auxP2_1_7*h_0_2+auxP3_1_9
59|0|1|10|-auxP2_0_10*h_1_0-auxP2_0_9*h_1_1-auxP2_1_4-auxP2_1_5*h_0_5-auxP2_1_6*h_0_4-auxP2_1_7*h_0_3+auxP3_1_10
60|0|1|11|-auxP2_0_10*h_1_1-auxP2_0_11*h_1_0-auxP2_1_5-auxP2_1_6*h_0_5-auxP2_1_7*h_0_4+auxP3_1_11
61|0|1|12|-auxP2_0_11*h_1_1-auxP2_1_6-auxP2_1_7*h_0_5+auxP3_1_12-h_1_0
62|0|1|13|-auxP2_1_7+auxP3_1_13-h_1_1
63|0|2|0|-A3_2_0-auxP2_1_0*h_1_0-auxP2_2_0*h_0_0+auxP3_2_0
64|0|2|1|-A3_2_1-auxP2_1_0*h_1_1-auxP2_1_1*h_1_0-auxP2_2_0*h_0_1-auxP2_2_1*h_0_0+auxP3_2_1
65|0|2|2|-A3_2_2-auxP2_1_1*h_1_1-auxP2_1_2*h_1_0-auxP2_2_0*h_0_2-auxP2_2_1*h_0_1-auxP2_2_2*h_0_0+auxP3_2_2
66|0|2|3|-A2_2_3*h_0_0-A3_2_3-auxP2_1_2*h_1_1-auxP2_1_3*h_1_0-auxP2_2_0*h_0_3-auxP2_2_1*h_0_2-auxP2_2_2*h_0_1+auxP3_2_3
67|0|2|4|-A2_2_3*h_0_1-A3_2_4-auxP2_1_3*h_1_1-auxP2_1_4*h_1_0-auxP2_2_0*h_0_4-auxP2_2_1*h_0_3-auxP2_2_2*h_0_2+auxP3_2_4
68|0|2|5|-A2_2_3*h_0_2-A3_2_5-auxP2_1_4*h_1_1-auxP2_1_5*h_1_0-auxP2_2_0*h_0_5-auxP2_2_1*h_0_4-auxP2_2_2*h_0_3+auxP3_2_5
69|0|2|6|-A2_2_3*h_0_3-auxP2_1_5*h_1_1-auxP2_1_6*h_1_0-auxP2_2_0-auxP2_2_1*h_0_5-auxP2_2_2*h_0_4+auxP3_2_6
70|0|2|7|-A2_2_3*h_0_4-auxP2_1_6*h_1_1-auxP2_1_7*h_1_0-auxP2_2_1-auxP2_2_2*h_0_5+auxP3_2_7
71|0|2|8|-A2_2_3*h_0_5-auxP2_1_7*h_1_1-auxP2_2_2+auxP3_2_8
72|0|3|0|-A3_3_0-auxP2_2_0*h_1_0+auxP3_3_0
73|0|3|1|-A3_3_1-auxP2_2_0*h_1_1-auxP2_2_1*h_1_0+auxP3_3_1
74|0|3|2|-A3_3_2-auxP2_2_1*h_1_1-auxP2_2_2*h_1_0+auxP3_3_2
75|0|3|3|-A2_2_3*h_1_0-A3_3_3-auxP2_2_2*h_1_1+auxP3_3_3
76|0|3|4|-A2_2_3*h_1_1-A3_3_4+auxP3_3_4
77|0|0|0|-auxP3_0_0*h_0_0+auxP4_0_0
78|0|0|1|-A4_0_1-auxP3_0_0*h_0_1-auxP3_0_1*h_0_0+auxP4_0_1
79|0|0|2|-A4_0_2-auxP3_0_0*h_0_2-auxP3_0_1*h_0_1-auxP3_0_2*h_0_0+auxP4_0_2
80|0|0|3|-A4_0_3-auxP3_0_0*h_0_3-auxP3_0_1*h_0_2-auxP3_0_2*h_0_1-auxP3_0_3*h_0_0+auxP4_0_3
81|0|0|4|-A4_0_4-auxP3_0_0*h_0_4-auxP3_0_1*h_0_3-auxP3_0_2*h_0_2-auxP3_0_3*h_0_1-auxP3_0_4*h_0_0+auxP4_0_4
82|0|0|5|-A4_0_5-auxP3_0_0*h_0_5-auxP3_0_1*h_0_4-auxP3_0_2*h_0_3-auxP3_0_3*h_0_2-auxP3_0_4*h_0_1-auxP3_0_5*h_0_0+auxP4_0_5
83|0|0|6|-auxP3_0_0-auxP3_0_1*h_0_5-auxP3_0_2*h_0_4-auxP3_0_3*h_0_3-auxP3_0_4*h_0_2-auxP3_0_5*h_0_1-auxP3_0_6*h_0_0+auxP4_0_6
84|0|0|7|-auxP3_0_1-auxP3_0_2*h_0_5-auxP3_0_3*h_0_4-auxP3_0_4*h_0_3-auxP3_0_5*h_0_2-auxP3_0_6*h_0_1-auxP3_0_7*h_0_0+auxP4_0_7
85|0|0|8|-auxP3_0_2-auxP3_0_3*h_0_5-auxP3_0_4*h_0_4-auxP3_0_5*h_0_3-auxP3_0_6*h_0_2-auxP3_0_7*h_0_1-auxP3_0_8*h_0_0+auxP4_0_8
86|0|0|9|-auxP3_0_3-auxP3_0_4*h_0_5-auxP3_0_5*h_0_4-auxP3_0_6*h_0_3-auxP3_0_7*h_0_2-auxP3_0_8*h_0_1-auxP3_0_9*h_0_0+auxP4_0_9
87|0|0|10|-auxP3_0_10*h_0_0-auxP3_0_4-auxP3_0_5*h_0_5-auxP3_0_6*h_0_4-auxP3_0_7*h_0_3-auxP3_0_8*h_0_2-auxP3_0_9*h_0_1+auxP4_0_10
88|0|0|11|-auxP3_0_10*h_0_1-auxP3_0_11*h_0_0-auxP3_0_5-auxP3_0_6*h_0_5-auxP3_0_7*h_0_4-auxP3_0_8*h_0_3-auxP3_0_9*h_0_2+auxP4_0_11
89|0|0|12|-auxP3_0_10*h_0_2-auxP3_0_11*h_0_1-auxP3_0_12*h_0_0-auxP3_0_6-auxP3_0_7*h_0_5-auxP3_0_8*h_0_4-auxP3_0_9*h_0_3+auxP4_0_12
90|0|0|13|-auxP3_0_10*h_0_3-auxP3_0_11*h_0_2-auxP3_0_12*h_0_1-auxP3_0_13*h_0_0-auxP3_0_7-auxP3_0_8*h_0_5-auxP3_0_9*h_0_4+auxP4_0_13
91|0|0|14|-auxP3_0_10*h_0_4-auxP3_0_11*h_0_3-auxP3_0_12*h_0_2-auxP3_0_13*h_0_1-auxP3_0_14*h_0_0-auxP3_0_8-auxP3_0_9*h_0_5+auxP4_0_14
92|0|0|15|-auxP3_0_10*h_0_5-auxP3_0_11*h_0_4-auxP3_0_12*h_0_3-auxP3_0_13*h_0_2-auxP3_0_14*h_0_1-auxP3_0_15*h_0_0-auxP3_0_9+auxP4_0_15
93|0|0|16|-auxP3_0_10-auxP3_0_11*h_0_5-auxP3_0_12*h_0_4-auxP3_0_13*h_0_3-auxP3_0_14*h_0_2-auxP3_0_15*h_0_1-auxP3_0_16*h_0_0+auxP4_0_16
94|0|0|17|-auxP3_0_11-auxP3_0_12*h_0_5-auxP3_0_13*h_0_4-auxP3_0_14*h_0_3-auxP3_0_15*h_0_2-auxP3_0_16*h_0_1-auxP3_0_17*h_0_0+auxP4_0_17
95|0|0|18|-auxP3_0_12-auxP3_0_13*h_0_5-auxP3_0_14*h_0_4-auxP3_0_15*h_0_3-auxP3_0_16*h_0_2-auxP3_0_17*h_0_1+auxP4_0_18-h_0_0
96|0|0|19|-auxP3_0_13-auxP3_0_14*h_0_5-auxP3_0_15*h_0_4-auxP3_0_16*h_0_3-auxP3_0_17*h_0_2+auxP4_0_19-h_0_1
97|0|0|20|-auxP3_0_14-auxP3_0_15*h_0_5-auxP3_0_16*h_0_4-auxP3_0_17*h_0_3+auxP4_0_20-h_0_2
98|0|0|21|-auxP3_0_15-auxP3_0_16*h_0_5-auxP3_0_17*h_0_4+auxP4_0_21-h_0_3
99|0|0|22|-auxP3_0_16-auxP3_0_17*h_0_5+auxP4_0_22-h_0_4
100|0|0|23|-auxP3_0_17+auxP4_0_23-h_0_5
101|0|1|0|-A4_1_0-auxP3_0_0*h_1_0-auxP3_1_0*h_0_0+auxP4_1_0
102|0|1|1|-A4_1_1-auxP3_0_0*h_1_1-auxP3_0_1*h_1_0-auxP3_1_0*h_0_1-auxP3_1_1*h_0_0+auxP4_1_1
103|0|1|2|-A4_1_2-auxP3_0_1*h_1_1-auxP3_0_2*h_1_0-auxP3_1_0*h_0_2-auxP3_1_1*h_0_1-auxP3_1_2*h_0_0+auxP4_1_2
104|0|1|3|-A4_1_3-auxP3_0_2*h_1_1-auxP3_0_3*h_1_0-auxP3_1_0*h_0_3-auxP3_1_1*h_0_2-auxP3_1_2*h_0_1-auxP3_1_3*h_0_0+auxP4_1_3
105|0|1|4|-A4_1_4-auxP3_0_3*h_1_1-auxP3_0_4*h_1_0-auxP3_1_0*h_0_4-auxP3_1_1*h_0_3-auxP3_1_2*h_0_2-auxP3_1_3*h_0_1-auxP3_1_4*h_0_0+auxP4_1_4
106|0|1|5|-A4_1_5-auxP3_0_4*h_1_1-auxP3_0_5*h_1_0-auxP3_1_0*h_0_5-auxP3_1_1*h_0_4-auxP3_1_2*h_0_3-auxP3_1_3*h_0_2-auxP3_1_4*h_0_1-auxP3_1_5*h_0_0+auxP4_1_5
107|0|1|6|-auxP3_0_5*h_1_1-auxP3_0_6*h_1_0-auxP3_1_0-auxP3_1_1*h_0_5-auxP3_1_2*h_0_4-auxP3_1_3*h_0_3-auxP3_1_4*h_0_2-auxP3_1_5*h_0_1-auxP3_1_6*h_0_0+auxP4_1_6
108|0|1|7|-auxP3_0_6*h_1_1-auxP3_0_7*h_1_0-auxP3_1_1-auxP3_1_2*h_0_5-auxP3_1_3*h_0_4-auxP3_1_4*h_0_3-auxP3_1_5*h_0_2-auxP3_1_6*h_0_1-auxP3_1_7*h_0_0+auxP4_1_7
109|0|1|8|-auxP3_0_7*h_1_1-auxP3_0_8*h_1_0-auxP3_1_2-auxP3_1_3*h_0_5-auxP3_1_4*h_0_4-auxP3_1_5*h_0_3-auxP3_1_6*h_0_2-auxP3_1_7*h_0_1-auxP3_1_8*h_0_0+auxP4_1_8
110|0|1|9|-auxP3_0_8*h_1_1-auxP3_0_9*h_1_0-auxP3_1_3-auxP3_1_4*h_0_5-auxP3_1_5*h_0_4-auxP3_1_6*h_0_3-auxP3_1_7*h_0_2-auxP3_1_8*h_0_1-auxP3_1_9*h_0_0+auxP4_1_9
111|0|1|10|-auxP3_0_10*h_1_0-auxP3_0_9*h_1_1-auxP3_1_10*h_0_0-auxP3_1_4-auxP3_1_5*h_0_5-auxP3_1_6*h_0_4-auxP3_1_7*h_0_3-auxP3_1_8*h_0_2-auxP3_1_9*h_0_1+auxP4_1_10
112|0|1|11|-auxP3_0_10*h_1_1-auxP3_0_11*h_1_0-auxP3_1_10*h_0_1-auxP3_1_11*h_0_0-auxP3_1_5-auxP3_1_6*h_0_5-auxP3_1_7*h_0_4-auxP3_1_8*h_0_3-auxP3_1_9*h_0_2+auxP4_1_11
113|0|1|12|-auxP3_0_11*h_1_1-auxP3_0_12*h_1_0-auxP3_1_10*h_0_2-auxP3_1_11*h_0_1-auxP3_1_12*h_0_0-auxP3_1_6-auxP3_1_7*h_0_5-auxP3_1_8*h_0_4-auxP3_1_9*h_0_3+auxP4_1_12
114|0|1|13|-auxP3_0_12*h_1_1-auxP3_0_13*h_1_0-auxP3_1_10*h_0_3-auxP3_1_11*h_0_2-auxP3_1_12*h_0_1-auxP3_1_13*h_0_0-auxP3_1_7-auxP3_1_8*h_0_5-auxP3_1_9*h_0_4+auxP4_1_13
115|0|1|14|-auxP3_0_13*h_1_1-auxP3_0_14*h_1_0-auxP3_1_10*h_0_4-auxP3_1_11*h_0_3-auxP3_1_12*h_0_2-auxP3_1_13*h_0_1-auxP3_1_8-auxP3_1_9*h_0_5+auxP4_1_14
116|0|1|15|-auxP3_0_14*h_1_1-auxP3_0_15*h_1_0-auxP3_1_10*h_0_5-auxP3_1_11*h_0_4-auxP3_1_12*h_0_3-auxP3_1_13*h_0_2-auxP3_1_9+auxP4_1_15
117|0|1|16|-auxP3_0_15*h_1_1-auxP3_0_16*h_1_0-auxP3_1_10-auxP3_1_11*h_0_5-auxP3_1_12*h_0_4-auxP3_1_13*h_0_3+auxP4_1_16
118|0|1|17|-auxP3_0_16*h_1_1-auxP3_0_17*h_1_0-auxP3_1_11-auxP3_1_12*h_0_5-auxP3_1_13*h_0_4+auxP4_1_17
119|0|1|18|-auxP3_0_17*h_1_1-auxP3_1_12-auxP3_1_13*h_0_5+auxP4_1_18-h_1_0
120|0|1|19|-auxP3_1_13+auxP4_1_19-h_1_1
121|0|2|0|-A4_2_0-auxP3_1_0*h_1_0-auxP3_2_0*h_0_0+auxP4_2_0
122|0|2|1|-A4_2_1-auxP3_1_0*h_1_1-auxP3_1_1*h_1_0-auxP3_2_0*h_0_1-auxP3_2_1*h_0_0+auxP4_2_1
123|0|2|2|-A4_2_2-auxP3_1_1*h_1_1-auxP3_1_2*h_1_0-auxP3_2_0*h_0_2-auxP3_2_1*h_0_1-auxP3_2_2*h_0_0+auxP4_2_2
124|0|2|3|-A4_2_3-auxP3_1_2*h_1_1-auxP3_1_3*h_1_0-auxP3_2_0*h_0_3-auxP3_2_1*h_0_2-auxP3_2_2*h_0_1-auxP3_2_3*h_0_0+auxP4_2_3
125|0|2|4|-A4_2_4-auxP3_1_3*h_1_1-auxP3_1_4*h_1_0-auxP3_2_0*h_0_4-auxP3_2_1*h_0_3-auxP3_2_2*h_0_2-auxP3_2_3*h_0_1-auxP3_2_4*h_0_0+auxP4_2_4
126|0|2|5|-A4_2_5-auxP3_1_4*h_1_1-auxP3_1_5*h_1_0-auxP3_2_0*h_0_5-auxP3_2_1*h_0_4-auxP3_2_2*h_0_3-auxP3_2_3*h_0_2-auxP3_2_4*h_0_1-auxP3_2_5*h_0_0+auxP4_2_5
127|0|2|6|-auxP3_1_5*h_1_1-auxP3_1_6*h_1_0-auxP3_2_0-auxP3_2_1*h_0_5-auxP3_2_2*h_0_4-auxP3_2_3*h_0_3-auxP3_2_4*h_0_2-auxP3_2_5*h_0_1-auxP3_2_6*h_0_0+auxP4_2_6
128|0|2|7|-auxP3_1_6*h_1_1-auxP3_1_7*h_1_0-auxP3_2_1-auxP3_2_2*h_0_5-auxP3_2_3*h_0_4-auxP3_2_4*h_0_3-auxP3_2_5*h_0_2-auxP3_2_6*h_0_1-auxP3_2_7*h_0_0+auxP4_2_7
129|0|2|8|-auxP3_1_7*h_1_1-auxP3_1_8*h_1_0-auxP3_2_2-auxP3_2_3*h_0_5-auxP3_2_4*h_0_4-auxP3_2_5*h_0_3-auxP3_2_6*h_0_2-auxP3_2_7*h_0_1-auxP3_2_8*h_0_0+auxP4_2_8
130|0|2|9|-A2_2_3*h_0_0-auxP3_1_8*h_1_1-auxP3_1_9*h_1_0-auxP3_2_3-auxP3_2_4*h_0_5-auxP3_2_5*h_0_4-auxP3_2_6*h_0_3-auxP3_2_7*h_0_2-auxP3_2_8*h_0_1+auxP4_2_9
131|0|2|10|-A2_2_3*h_0_1-auxP3_1_10*h_1_0-auxP3_1_9*h_1_1-auxP3_2_4-auxP3_2_5*h_0_5-auxP3_2_6*h_0_4-auxP3_2_7*h_0_3-auxP3_2_8*h_0_2+auxP4_2_10
132|0|2|11|-A2_2_3*h_0_2-auxP3_1_10*h_1_1-auxP3_1_11*h_1_0-auxP3_2_5-auxP3_2_6*h_0_5-auxP3_2_7*h_0_4-auxP3_2_8*h_0_3+auxP4_2_11
133|0|2|12|-A2_2_3*h_0_3-auxP3_1_11*h_1_1-auxP3_1_12*h_1_0-auxP3_2_6-auxP3_2_7*h_0_5-auxP3_2_8*h_0_4+auxP4_2_12
134|0|2|13|-A2_2_3*h_0_4-auxP3_1_12*h_1_1-auxP3_1_13*h_1_0-auxP3_2_7-auxP3_2_8*h_0_5+auxP4_2_13
135|0|2|14|-A2_2_3*h_0_5-auxP3_1_13*h_1_1-auxP3_2_8+auxP4_2_14
136|0|3|0|-A4_3_0-auxP3_2_0*h_1_0-auxP3_3_0*h_0_0+auxP4_3_0
137|0|3|1|-A4_3_1-auxP3_2_0*h_1_1-auxP3_2_1*h_1_0-auxP3_3_0*h_0_1-auxP3_3_1*h_0_0+auxP4_3_1
138|0|3|2|-A4_3_2-auxP3_2_1*h_1_1-auxP3_2_2*h_1_0-auxP3_3_0*h_0_2-auxP3_3_1*h_0_1-auxP3_3_2*h_0_0+auxP4_3_2
139|0|3|3|-A4_3_3-auxP3_2_2*h_1_1-auxP3_2_3*h_1_0-auxP3_3_0*h_0_3-auxP3_3_1*h_0_2-auxP3_3_2*h_0_1-auxP3_3_3*h_0_0+auxP4_3_3
140|0|3|4|-A4_3_4-auxP3_2_3*h_1_1-auxP3_2_4*h_1_0-auxP3_3_0*h_0_4-auxP3_3_1*h_0_3-auxP3_3_2*h_0_2-auxP3_3_3*h_0_1-auxP3_3_4*h_0_0+auxP4_3_4
141|0|3|5|-A3_3_5*h_0_0-A4_3_5-auxP3_2_4*h_1_1-auxP3_2_5*h_1_0-auxP3_3_0*h_0_5-auxP3_3_1*h_0_4-auxP3_3_2*h_0_3-auxP3_3_3*h_0_2-auxP3_3_4*h_0_1+auxP4_3_5
142|0|3|6|-A3_3_5*h_0_1-auxP3_2_5*h_1_1-auxP3_2_6*h_1_0-auxP3_3_0-auxP3_3_1*h_0_5-auxP3_3_2*h_0_4-auxP3_3_3*h_0_3-auxP3_3_4*h_0_2+auxP4_3_6
143|0|3|7|-A3_3_5*h_0_2-auxP3_2_6*h_1_1-auxP3_2_7*h_1_0-auxP3_3_1-auxP3_3_2*h_0_5-auxP3_3_3*h_0_4-auxP3_3_4*h_0_3+auxP4_3_7
144|0|3|8|-A3_3_5*h_0_3-auxP3_2_7*h_1_1-auxP3_2_8*h_1_0-auxP3_3_2-auxP3_3_3*h_0_5-auxP3_3_4*h_0_4+auxP4_3_8
145|0|3|9|-A2_2_3*h_1_0-A3_3_5*h_0_4-auxP3_2_8*h_1_1-auxP3_3_3-auxP3_3_4*h_0_5+auxP4_3_9
146|0|3|10|-A2_2_3*h_1_1-A3_3_5*h_0_5-auxP3_3_4+auxP4_3_10
147|0|4|0|-A3_4_0*h_0_0-A4_4_0-auxP3_3_0*h_1_0+auxP4_4_0
148|0|4|1|-A3_4_0*h_0_1-A4_4_1-auxP3_3_0*h_1_1-auxP3_3_1*h_1_0+auxP4_4_1
149|0|4|2|-A3_4_0*h_0_2-A4_4_2-auxP3_3_1*h_1_1-auxP3_3_2*h_1_0+auxP4_4_2
150|0|4|3|-A3_4_0*h_0_3-A4_4_3-auxP3_3_2*h_1_1-auxP3_3_3*h_1_0+auxP4_4_3
151|0|4|4|-A3_4_0*h_0_4-A4_4_4-auxP3_3_3*h_1_1-auxP3_3_4*h_1_0+auxP4_4_4
152|0|4|5|-A3_3_5*h_1_0-A3_4_0*h_0_5-A4_4_5-auxP3_3_4*h_1_1+auxP4_4_5
153|0|4|6|-A3_3_5*h_1_1-A3_4_0+auxP4_4_6
154|0|5|0|-A3_4_0*h_1_0-A4_5_0+auxP4_5_0
155|0|5|1|-A3_4_0*h_1_1-A4_5_1+auxP4_5_1
156|0|0|0|-B2_0_0+auxQ2_0_0-h_0_0^2
157|0|0|1|-B2_0_1+auxQ2_0_1-2*h_0_0*h_0_1
158|0|0|2|-B2_0_2+auxQ2_0_2-2*h_0_0*h_0_2-h_0_1^2
159|0|0|3|-B2_0_3+auxQ2_0_3-2*h_0_0*h_0_3-2*h_0_1*h_0_2
160|0|0|4|-B2_0_4+auxQ2_0_4-2*h_0_0*h_0_4-2*h_0_1*h_0_3-h_0_2^2
161|0|0|5|-B2_0_5+auxQ2_0_5-2*h_0_0*h_0_5-2*h_0_1*h_0_4-2*h_0_2*h_0_3
162|0|0|6|auxQ2_0_6-2*h_0_0-2*h_0_1*h_0_5-2*h_0_2*h_0_4-h_0_3^2
163|0|0|7|auxQ2_0_7-2*h_0_1-2*h_0_2*h_0_5-2*h_0_3*h_0_4
164|0|0|8|auxQ2_0_8-2*h_0_2-2*h_0_3*h_0_5-h_0_4^2
165|0|0|9|auxQ2_0_9-2*h_0_3-2*h_0_4*h_0_5
166|0|0|10|auxQ2_0_10-2*h_0_4-h_0_5^2
167|0|0|11|auxQ2_0_11-2*h_0_5
168|0|1|0|-B2_1_0+auxQ2_1_0-2*h_0_0*h_1_0
169|0|1|1|-B2_1_1+auxQ2_1_1-2*h_0_0*h_1_1-2*h_0_1*h_1_0
170|0|1|2|-B2_1_2+auxQ2_1_2-2*h_0_1*h_1_1-2*h_0_2*h_1_0
171|0|1|3|-B2_1_3+auxQ2_1_3-2*h_0_2*h_1_1-2*h_0_3*h_1_0
172|0|1|4|-B2_1_4+auxQ2_1_4-2*h_0_3*h_1_1-2*h_0_4*h_1_0
173|0|1|5|-B2_1_5+auxQ2_1_5-2*h_0_4*h_1_1-2*h_0_5*h_1_0
174|0|1|6|auxQ2_1_6-2*h_0_5*h_1_1-2*h_1_0
175|0|1|7|auxQ2_1_7-2*h_1_1
176|0|2|0|-B2_2_0+auxQ2_2_0-h_1_0^2
177|0|2|1|-B2_2_1+auxQ2_2_1-2*h_1_0*h_1_1
178|0|2|2|-B2_2_2+auxQ2_2_2-h_1_1^2
179|0|0|0|-auxQ2_0_0*h_0_0+auxQ3_0_0
180|0|0|1|-B3_0_1-auxQ2_0_0*h_0_1-auxQ2_0_1*h_0_0+auxQ3_0_1
181|0|0|2|-B3_0_2-auxQ2_0_0*h_0_2-auxQ2_0_1*h_0_1-auxQ2_0_2*h_0_0+auxQ3_0_2
182|0|0|3|-B3_0_3-auxQ2_0_0*h_0_3-auxQ2_0_1*h_0_2-auxQ2_0_2*h_0_1-auxQ2_0_3*h_0_0+auxQ3_0_3
183|0|0|4|-B3_0_4-auxQ2_0_0*h_0_4-auxQ2_0_1*h_0_3-auxQ2_0_2*h_0_2-auxQ2_0_3*h_0_1-auxQ2_0_4*h_0_0+auxQ3_0_4
184|0|0|5|-B3_0_5-auxQ2_0_0*h_0_5-auxQ2_0_1*h_0_4-auxQ2_0_2*h_0_3-auxQ2_0_3*h_0_2-auxQ2_0_4*h_0_1-auxQ2_0_5*h_0_0+auxQ3_0_5
185|0|0|6|-auxQ2_0_0-auxQ2_0_1*h_0_5-auxQ2_0_2*h_0_4-auxQ2_0_3*h_0_3-auxQ2_0_4*h_0_2-auxQ2_0_5*h_0_1-auxQ2_0_6*h_0_0+auxQ3_0_6
186|0|0|7|-auxQ2_0_1-auxQ2_0_2*h_0_5-auxQ2_0_3*h_0_4-auxQ2_0_4*h_0_3-auxQ2_0_5*h_0_2-auxQ2_0_6*h_0_1-auxQ2_0_7*h_0_0+auxQ3_0_7
187|0|0|8|-auxQ2_0_2-auxQ2_0_3*h_0_5-auxQ2_0_4*h_0_4-auxQ2_0_5*h_0_3-auxQ2_0_6*h_0_2-auxQ2_0_7*h_0_1-auxQ2_0_8*h_0_0+auxQ3_0_8
188|0|0|9|-auxQ2_0_3-auxQ2_0_4*h_0_5-auxQ2_0_5*h_0_4-auxQ2_0_6*h_0_3-auxQ2_0_7*h_0_2-auxQ2_0_8*h_0_1-auxQ2_0_9*h_0_0+auxQ3_0_9
189|0|0|10|-auxQ2_0_10*h_0_0-auxQ2_0_4-auxQ2_0_5*h_0_5-auxQ2_0_6*h_0_4-auxQ2_0_7*h_0_3-auxQ2_0_8*h_0_2-auxQ2_0_9*h_0_1+auxQ3_0_10
190|0|0|11|-auxQ2_0_10*h_0_1-auxQ2_0_11*h_0_0-auxQ2_0_5-auxQ2_0_6*h_0_5-auxQ2_0_7*h_0_4-auxQ2_0_8*h_0_3-auxQ2_0_9*h_0_2+auxQ3_0_11
191|0|0|12|-auxQ2_0_10*h_0_2-auxQ2_0_11*h_0_1-auxQ2_0_6-auxQ2_0_7*h_0_5-auxQ2_0_8*h_0_4-auxQ2_0_9*h_0_3+auxQ3_0_12-h_0_0
192|0|0|13|-auxQ2_0_10*h_0_3-auxQ2_0_11*h_0_2-auxQ2_0_7-auxQ2_0_8*h_0_5-auxQ2_0_9*h_0_4+auxQ3_0_13-h_0_1
193|0|0|14|-auxQ2_0_10*h_0_4-auxQ2_0_11*h_0_3-auxQ2_0_8-auxQ2_0_9*h_0_5+auxQ3_0_14-h_0_2
194|0|0|15|-auxQ2_0_10*h_0_5-auxQ2_0_11*h_0_4-auxQ2_0_9+auxQ3_0_15-h_0_3
195|0|0|16|-auxQ2_0_10-auxQ2_0_11*h_0_5+auxQ3_0_16-h_0_4
196|0|0|17|-auxQ2_0_11+auxQ3_0_17-h_0_5
197|0|1|0|-B3_1_0-auxQ2_0_0*h_1_0-auxQ2_1_0*h_0_0+auxQ3_1_0
198|0|1|1|-B3_1_1-auxQ2_0_0*h_1_1-auxQ2_0_1*h_1_0-auxQ2_1_0*h_0_1-auxQ2_1_1*h_0_0+auxQ3_1_1
199|0|1|2|-B3_1_2-auxQ2_0_1*h_1_1-auxQ2_0_2*h_1_0-auxQ2_1_0*h_0_2-auxQ2_1_1*h_0_1-auxQ2_1_2*h_0_0+auxQ3_1_2
200|0|1|3|-B3_1_3-auxQ2_0_2*h_1_1-auxQ2_0_3*h_1_0-auxQ2_1_0*h_0_3-auxQ2_1_1*h_0_2-auxQ2_1_2*h_0_1-auxQ2_1_3*h_0_0+auxQ3_1_3
201|0|1|4|-B3_1_4-auxQ2_0_3*h_1_1-auxQ2_0_4*h_1_0-auxQ2_1_0*h_0_4-auxQ2_1_1*h_0_3-auxQ2_1_2*h_0_2-auxQ2_1_3*h_0_1-auxQ2_1_4*h_0_0+auxQ3_1_4
202|0|1|5|-B3_1_5-auxQ2_0_4*h_1_1-auxQ2_0_5*h_1_0-auxQ2_1_0*h_0_5-auxQ2_1_1*h_0_4-auxQ2_1_2*h_0_3-auxQ2_1_3*h_0_2-auxQ2_1_4*h_0_1-auxQ2_1_5*h_0_0+auxQ3_1_5
203|0|1|6|-auxQ2_0_5*h_1_1-auxQ2_0_6*h_1_0-auxQ2_1_0-auxQ2_1_1*h_0_5-auxQ2_1_2*h_0_4-auxQ2_1_3*h_0_3-auxQ2_1_4*h_0_2-auxQ2_1_5*h_0_1-auxQ2_1_6*h_0_0+auxQ3_1_6
204|0|1|7|-auxQ2_0_6*h_1_1-auxQ2_0_7*h_1_0-auxQ2_1_1-auxQ2_1_2*h_0_5-auxQ2_1_3*h_0_4-auxQ2_1_4*h_0_3-auxQ2_1_5*h_0_2-auxQ2_1_6*h_0_1-auxQ2_1_7*h_0_0+auxQ3_1_7
205|0|1|8|-auxQ2_0_7*h_1_1-auxQ2_0_8*h_1_0-auxQ2_1_2-auxQ2_1_3*h_0_5-auxQ2_1_4*h_0_4-auxQ2_1_5*h_0_3-auxQ2_1_6*h_0_2-auxQ2_1_7*h_0_1+auxQ3_1_8
206|0|1|9|-auxQ2_0_8*h_1_1-auxQ2_0_9*h_1_0-auxQ2_1_3-auxQ2_1_4*h_0_5-auxQ2_1_5*h_0_4-auxQ2_1_6*h_0_3-auxQ2_1_7*h_0_2+auxQ3_1_9
207|0|1|10|-auxQ2_0_10*h_1_0-auxQ2_0_9*h_1_1-auxQ2_1_4-auxQ2_1_5*h_0_5-auxQ2_1_6*h_0_4-auxQ2_1_7*h_0_3+auxQ3_1_10
208|0|1|11|-auxQ2_0_10*h_1_1-auxQ2_0_11*h_1_0-auxQ2_1_5-auxQ2_1_6*h_0_5-auxQ2_1_7*h_0_4+auxQ3_1_11
209|0|1|12|-auxQ2_0_11*h_1_1-auxQ2_1_6-auxQ2_1_7*h_0_5+auxQ3_1_12-h_1_0
210|0|1|13|-auxQ2_1_7+auxQ3_1_13-h_1_1
211|0|2|0|-B3_2_0-auxQ2_1_0*h_1_0-auxQ2_2_0*h_0_0+auxQ3_2_0
212|0|2|1|-B3_2_1-auxQ2_1_0*h_1_1-auxQ2_1_1*h_1_0-auxQ2_2_0*h_0_1-auxQ2_2_1*h_0_0+auxQ3_2_1
213|0|2|2|-B3_2_2-auxQ2_1_1*h_1_1-auxQ2_1_2*h_1_0-auxQ2_2_0*h_0_2-auxQ2_2_1*h_0_1-auxQ2_2_2*h_0_0+auxQ3_2_2
214|0|2|3|-B2_2_3*h_0_0-B3_2_3-auxQ2_1_2*h_1_1-auxQ2_1_3*h_1_0-auxQ2_2_0*h_0_3-auxQ2_2_1*h_0_2-auxQ2_2_2*h_0_1+auxQ3_2_3
215|0|2|4|-B2_2_3*h_0_1-B3_2_4-auxQ2_1_3*h_1_1-auxQ2_1_4*h_1_0-auxQ2_2_0*h_0_4-auxQ2_2_1*h_0_3-auxQ2_2_2*h_0_2+auxQ3_2_4
216|0|2|5|-B2_2_3*h_0_2-B3_2_5-auxQ2_1_4*h_1_1-auxQ2_1_5*h_1_0-auxQ2_2_0*h_0_5-auxQ2_2_1*h_0_4-auxQ2_2_2*h_0_3+auxQ3_2_5
217|0|2|6|-B2_2_3*h_0_3-auxQ2_1_5*h_1_1-auxQ2_1_6*h_1_0-auxQ2_2_0-auxQ2_2_1*h_0_5-auxQ2_2_2*h_0_4+auxQ3_2_6
218|0|2|7|-B2_2_3*h_0_4-auxQ2_1_6*h_1_1-auxQ2_1_7*h_1_0-auxQ2_2_1-auxQ2_2_2*h_0_5+auxQ3_2_7
219|0|2|8|-B2_2_3*h_0_5-auxQ2_1_7*h_1_1-auxQ2_2_2+auxQ3_2_8
220|0|3|0|-B3_3_0-auxQ2_2_0*h_1_0+auxQ3_3_0
221|0|3|1|-B3_3_1-auxQ2_2_0*h_1_1-auxQ2_2_1*h_1_0+auxQ3_3_1
222|0|3|2|-B3_3_2-auxQ2_2_1*h_1_1-auxQ2_2_2*h_1_0+auxQ3_3_2
223|0|3|3|-B2_2_3*h_1_0-B3_3_3-auxQ2_2_2*h_1_1+auxQ3_3_3
224|0|3|4|-B2_2_3*h_1_1-B3_3_4+auxQ3_3_4
225|1|0|0|auxP4_0_1*auxQ3_1_0-auxP4_1_0*auxQ3_0_1
226|1|0|1|auxP4_0_1*auxQ3_1_1+2*auxP4_0_2*auxQ3_1_0-2*auxP4_1_0*auxQ3_0_2-auxP4_1_1*auxQ3_0_1
227|1|0|2|auxP4_0_1*auxQ3_1_2+2*auxP4_0_2*auxQ3_1_1+3*auxP4_0_3*auxQ3_1_0-3*auxP4_1_0*auxQ3_0_3-2*auxP4_1_1*auxQ3_0_2-auxP4_1_2*auxQ3_0_1
228|1|0|3|auxP4_0_1*auxQ3_1_3+2*auxP4_0_2*auxQ3_1_2+3*auxP4_0_3*auxQ3_1_1+4*auxP4_0_4*auxQ3_1_0-4*auxP4_1_0*auxQ3_0_4-3*auxP4_1_1*auxQ3_0_3-2*auxP4_1_2*auxQ3_0_2-auxP4_1_3*auxQ3_0_1
229|1|0|4|auxP4_0_1*auxQ3_1_4+2*auxP4_0_2*auxQ3_1_3+3*auxP4_0_3*auxQ3_1_2+4*auxP4_0_4*auxQ3_1_1+5*auxP4_0_5*auxQ3_1_0-5*auxP4_1_0*auxQ3_0_5-4*auxP4_1_1*auxQ3_0_4-3*auxP4_1_2*auxQ3_0_3-2*auxP4_1_3*auxQ3_0_2-auxP4_1_4*auxQ3_0_1
230|1|0|5|auxP4_0_1*auxQ3_1_5+2*auxP4_0_2*auxQ3_1_4+3*auxP4_0_3*auxQ3_1_3+4*auxP4_0_4*auxQ3_1_2+5*auxP4_0_5*auxQ3_1_1+6*auxP4_0_6*auxQ3_1_0-6*auxP4_1_0*auxQ3_0_6-5*auxP4_1_1*auxQ3_0_5-4*auxP4_1_2*auxQ3_0_4-3*auxP4_1_3*auxQ3_0_3-2*auxP4_1_4*auxQ3_0_2-auxP4_1_5*auxQ3_0_1
231|1|0|6|auxP4_0_1*auxQ3_1_6+2*auxP4_0_2*auxQ3_1_5+3*auxP4_0_3*auxQ3_1_4+4*auxP4_0_4*auxQ3_1_3+5*auxP4_0_5*auxQ3_1_2+6*auxP4_0_6*auxQ3_1_1+7*auxP4_0_7*auxQ3_1_0-7*auxP4_1_0*auxQ3_0_7-6*auxP4_1_1*auxQ3_0_6-5*auxP4_1_2*auxQ3_0_5-4*auxP4_1_3*auxQ3_0_4-3*auxP4_1_4*auxQ3_0_3-2*auxP4_1_5*auxQ3_0_2-auxP4_1_6*auxQ3_0_1
232|1|0|7|auxP4_0_1*auxQ3_1_7+2*auxP4_0_2*auxQ3_1_6+3*auxP4_0_3*auxQ3_1_5+4*auxP4_0_4*auxQ3_1_4+5*auxP4_0_5*auxQ3_1_3+6*auxP4_0_6*auxQ3_1_2+7*auxP4_0_7*auxQ3_1_1+8*auxP4_0_8*auxQ3_1_0-8*auxP4_1_0*auxQ3_0_8-7*auxP4_1_1*auxQ3_0_7-6*auxP4_1_2*auxQ3_0_6-5*auxP4_1_3*auxQ3_0_5-4*auxP4_1_4*auxQ3_0_4-3*auxP4_1_5*auxQ3_0_3-2*auxP4_1_6*auxQ3_0_2-auxP4_1_7*auxQ3_0_1
233|1|0|8|auxP4_0_1*auxQ3_1_8+2*auxP4_0_2*auxQ3_1_7+3*auxP4_0_3*auxQ3_1_6+4*auxP4_0_4*auxQ3_1_5+5*auxP4_0_5*auxQ3_1_4+6*auxP4_0_6*auxQ3_1_3+7*auxP4_0_7*auxQ3_1_2+8*auxP4_0_8*auxQ3_1_1+9*auxP4_0_9*auxQ3_1_0-9*auxP4_1_0*auxQ3_0_9-8*auxP4_1_1*auxQ3_0_8-7*auxP4_1_2*auxQ3_0_7-6*auxP4_1_3*auxQ3_0_6-5*auxP4_1_4*auxQ3_0_5-4*auxP4_1_5*auxQ3_0_4-3*auxP4_1_6*auxQ3_0_3-2*auxP4_1_7*auxQ3_0_2-auxP4_1_8*auxQ3_0_1
234|1|0|9|auxP4_0_1*auxQ3_1_9+10*auxP4_0_10*auxQ3_1_0+2*auxP4_0_2*auxQ3_1_8+3*auxP4_0_3*auxQ3_1_7+4*auxP4_0_4*auxQ3_1_6+5*auxP4_0_5*auxQ3_1_5+6*auxP4_0_6*auxQ3_1_4+7*auxP4_0_7*auxQ3_1_3+8*auxP4_0_8*auxQ3_1_2+9*auxP4_0_9*auxQ3_1_1-10*auxP4_1_0*auxQ3_0_10-9*auxP4_1_1*auxQ3_0_9-8*auxP4_1_2*auxQ3_0_8-7*auxP4_1_3*auxQ3_0_7-6*auxP4_1_4*auxQ3_0_6-5*auxP4_1_5*auxQ3_0_5-4*auxP4_1_6*auxQ3_0_4-3*auxP4_1_7*auxQ3_0_3-2*auxP4_1_8*auxQ3_0_2-auxP4_1_9*auxQ3_0_1
235|1|0|10|auxP4_0_1*auxQ3_1_10+10*auxP4_0_10*auxQ3_1_1+11*auxP4_0_11*auxQ3_1_0+2*auxP4_0_2*auxQ3_1_9+3*auxP4_0_3*auxQ3_1_8+4*auxP4_0_4*auxQ3_1_7+5*auxP4_0_5*auxQ3_1_6+6*auxP4_0_6*auxQ3_1_5+7*auxP4_0_7*auxQ3_1_4+8*auxP4_0_8*auxQ3_1_3+9*auxP4_0_9*auxQ3_1_2-11*auxP4_1_0*auxQ3_0_11-10*auxP4_1_1*auxQ3_0_10-auxP4_1_10*auxQ3_0_1-9*auxP4_1_2*auxQ3_0_9-8*auxP4_1_3*auxQ3_0_8-7*auxP4_1_4*auxQ3_0_7-6*auxP4_1_5*auxQ3_0_6-5*auxP4_1_6*auxQ3_0_5-4*auxP4_1_7*auxQ3_0_4-3*auxP4_1_8*auxQ3_0_3-2*auxP4_1_9*auxQ3_0_2
236|1|0|11|auxP4_0_1*auxQ3_1_11+10*auxP4_0_10*auxQ3_1_2+11*auxP4_0_11*auxQ3_1_1+12*auxP4_0_12*auxQ3_1_0+2*auxP4_0_2*auxQ3_1_10+3*auxP4_0_3*auxQ3_1_9+4*auxP4_0_4*auxQ3_1_8+5*auxP4_0_5*auxQ3_1_7+6*auxP4_0_6*auxQ3_1_6+7*auxP4_0_7*auxQ3_1_5+8*auxP4_0_8*auxQ3_1_4+9*auxP4_0_9*auxQ3_1_3-12*auxP4_1_0*auxQ3_0_12-11*auxP4_1_1*auxQ3_0_11-2*auxP4_1_10*auxQ3_0_2-auxP4_1_11*auxQ3_0_1-10*auxP4_1_2*auxQ3_0_10-9*auxP4_1_3*auxQ3_0_9-8*auxP4_1_4*auxQ3_0_8-7*auxP4_1_5*auxQ3_0_7-6*auxP4_1_6*auxQ3_0_6-5*auxP4_1_7*auxQ3_0_5-4*auxP4_1_8*auxQ3_0_4-3*auxP4_1_9*auxQ3_0_3
237|1|0|12|auxP4_0_1*auxQ3_1_12+10*auxP4_0_10*auxQ3_1_3+11*auxP4_0_11*auxQ3_1_2+12*auxP4_0_12*auxQ3_1_1+13*auxP4_0_13*auxQ3_1_0+2*auxP4_0_2*auxQ3_1_11+3*auxP4_0_3*auxQ3_1_10+4*auxP4_0_4*auxQ3_1_9+5*auxP4_0_5*auxQ3_1_8+6*auxP4_0_6*auxQ3_1_7+7*auxP4_0_7*auxQ3_1_6+8*auxP4_0_8*auxQ3_1_5+9*auxP4_0_9*auxQ3_1_4-13*auxP4_1_0*auxQ3_0_13-12*auxP4_1_1*auxQ3_0_12-3*auxP4_1_10*auxQ3_0_3-2*auxP4_1_11*auxQ3_0_2-auxP4_1_12*auxQ3_0_1-11*auxP4_1_2*auxQ3_0_11-10*auxP4_1_3*auxQ3_0_10-9*auxP4_1_4*auxQ3_0_9-8*auxP4_1_5*auxQ3_0_8-7*auxP4_1_6*auxQ3_0_7-6*auxP4_1_7*auxQ3_0_6-5*auxP4_1_8*auxQ3_0_5-4*auxP4_1_9*auxQ3_0_4
238|1|0|13|auxP4_0_1*auxQ3_1_13+10*auxP4_0_10*auxQ3_1_4+11*auxP4_0_11*auxQ3_1_3+12*auxP4_0_12*auxQ3_1_2+13*auxP4_0_13*auxQ3_1_1+14*auxP4_0_14*auxQ3_1_0+2*auxP4_0_2*auxQ3_1_12+3*auxP4_0_3*auxQ3_1_11+4*auxP4_0_4*auxQ3_1_10+5*auxP4_0_5*auxQ3_1_9+6*auxP4_0_6*auxQ3_1_8+7*auxP4_0_7*auxQ3_1_7+8*auxP4_0_8*auxQ3_1_6+9*auxP4_0_9*auxQ3_1_5-14*auxP4_1_0*auxQ3_0_14-13*auxP4_1_1*auxQ3_0_13-4*auxP4_1_10*auxQ3_0_4-3*auxP4_1_11*auxQ3_0_3-2*auxP4_1_12*auxQ3_0_2-auxP4_1_13*auxQ3_0_1-12*auxP4_1_2*auxQ3_0_12-11*auxP4_1_3*auxQ3_0_11-10*auxP4_1_4*auxQ3_0_10-9*auxP4_1_5*auxQ3_0_9-8*auxP4_1_6*auxQ3_0_8-7*auxP4_1_7*auxQ3_0_7-6*auxP4_1_8*auxQ3_0_6-5*auxP4_1_9*auxQ3_0_5
239|1|0|14|10*auxP4_0_10*auxQ3_1_5+11*auxP4_0_11*auxQ3_1_4+12*auxP4_0_12*auxQ3_1_3+13*auxP4_0_13*auxQ3_1_2+14*auxP4_0_14*auxQ3_1_1+15*auxP4_0_15*auxQ3_1_0+2*auxP4_0_2*auxQ3_1_13+3*auxP4_0_3*auxQ3_1_12+4*auxP4_0_4*auxQ3_1_11+5*auxP4_0_5*auxQ3_1_10+6*auxP4_0_6*auxQ3_1_9+7*auxP4_0_7*auxQ3_1_8+8*auxP4_0_8*auxQ3_1_7+9*auxP4_0_9*auxQ3_1_6-15*auxP4_1_0*auxQ3_0_15-14*auxP4_1_1*auxQ3_0_14-5*auxP4_1_10*auxQ3_0_5-4*auxP4_1_11*auxQ3_0_4-3*auxP4_1_12*auxQ3_0_3-2*auxP4_1_13*auxQ3_0_2-auxP4_1_14*auxQ3_0_1-13*auxP4_1_2*auxQ3_0_13-12*auxP4_1_3*auxQ3_0_12-11*auxP4_1_4*auxQ3_0_11-10*auxP4_1_5*auxQ3_0_10-9*auxP4_1_6*auxQ3_0_9-8*auxP4_1_7*auxQ3_0_8-7*auxP4_1_8*auxQ3_0_7-6*auxP4_1_9*auxQ3_0_6
240|1|0|15|10*auxP4_0_10*auxQ3_1_6+11*auxP4_0_11*auxQ3_1_5+12*auxP4_0_12*auxQ3_1_4+13*auxP4_0_13*auxQ3_1_3+14*auxP4_0_14*auxQ3_1_2+15*auxP4_0_15*auxQ3_1_1+16*auxP4_0_16*auxQ3_1_0+3*auxP4_0_3*auxQ3_1_13+4*auxP4_0_4*auxQ3_1_12+5*auxP4_0_5*auxQ3_1_11+6*auxP4_0_6*auxQ3_1_10+7*auxP4_0_7*auxQ3_1_9+8*auxP4_0_8*auxQ3_1_8+9*auxP4_0_9*auxQ3_1_7-16*auxP4_1_0*auxQ3_0_16-15*auxP4_1_1*auxQ3_0_15-6*auxP4_1_10*auxQ3_0_6-5*auxP4_1_11*auxQ3_0_5-4*auxP4_1_12*auxQ3_0_4-3*auxP4_1_13*auxQ3_0_3-2*auxP4_1_14*auxQ3_0_2-auxP4_1_15*auxQ3_0_1-14*auxP4_1_2*auxQ3_0_14-13*auxP4_1_3*auxQ3_0_13-12*auxP4_1_4*auxQ3_0_12-11*auxP4_1_5*auxQ3_0_11-10*auxP4_1_6*auxQ3_0_10-9*auxP4_1_7*auxQ3_0_9-8*auxP4_1_8*auxQ3_0_8-7*auxP4_1_9*auxQ3_0_7
241|1|0|16|10*auxP4_0_10*auxQ3_1_7+11*auxP4_0_11*auxQ3_1_6+12*auxP4_0_12*auxQ3_1_5+13*auxP4_0_13*auxQ3_1_4+14*auxP4_0_14*auxQ3_1_3+15*auxP4_0_15*auxQ3_1_2+16*auxP4_0_16*auxQ3_1_1+17*auxP4_0_17*auxQ3_1_0+4*auxP4_0_4*auxQ3_1_13+5*auxP4_0_5*auxQ3_1_12+6*auxP4_0_6*auxQ3_1_11+7*auxP4_0_7*auxQ3_1_10+8*auxP4_0_8*auxQ3_1_9+9*auxP4_0_9*auxQ3_1_8-17*auxP4_1_0*auxQ3_0_17-16*auxP4_1_1*auxQ3_0_16-7*auxP4_1_10*auxQ3_0_7-6*auxP4_1_11*auxQ3_0_6-5*auxP4_1_12*auxQ3_0_5-4*auxP4_1_13*auxQ3_0_4-3*auxP4_1_14*auxQ3_0_3-2*auxP4_1_15*auxQ3_0_2-auxP4_1_16*auxQ3_0_1-15*auxP4_1_2*auxQ3_0_15-14*auxP4_1_3*auxQ3_0_14-13*auxP4_1_4*auxQ3_0_13-12*auxP4_1_5*auxQ3_0_12-11*auxP4_1_6*auxQ3_0_11-10*auxP4_1_7*auxQ3_0_10-9*auxP4_1_8*auxQ3_0_9-8*auxP4_1_9*auxQ3_0_8
242|1|0|17|10*auxP4_0_10*auxQ3_1_8+11*auxP4_0_11*auxQ3_1_7+12*auxP4_0_12*auxQ3_1_6+13*auxP4_0_13*auxQ3_1_5+14*auxP4_0_14*auxQ3_1_4+15*auxP4_0_15*auxQ3_1_3+16*auxP4_0_16*auxQ3_1_2+17*auxP4_0_17*auxQ3_1_1+18*auxP4_0_18*auxQ3_1_0+5*auxP4_0_5*auxQ3_1_13+6*auxP4_0_6*auxQ3_1_12+7*auxP4_0_7*auxQ3_1_11+8*auxP4_0_8*auxQ3_1_10+9*auxP4_0_9*auxQ3_1_9-18*auxP4_1_0-17*auxP4_1_1*auxQ3_0_17-8*auxP4_1_10*auxQ3_0_8-7*auxP4_1_11*auxQ3_0_7-6*auxP4_1_12*auxQ3_0_6-5*auxP4_1_13*auxQ3_0_5-4*auxP4_1_14*auxQ3_0_4-3*auxP4_1_15*auxQ3_0_3-2*auxP4_1_16*auxQ3_0_2-auxP4_1_17*auxQ3_0_1-16*auxP4_1_2*auxQ3_0_16-15*auxP4_1_3*auxQ3_0_15-14*auxP4_1_4*auxQ3_0_14-13*auxP4_1_5*auxQ3_0_13-12*auxP4_1_6*auxQ3_0_12-11*auxP4_1_7*auxQ3_0_11-10*auxP4_1_8*auxQ3_0_10-9*auxP4_1_9*auxQ3_0_9
243|1|0|18|10*auxP4_0_10*auxQ3_1_9+11*auxP4_0_11*auxQ3_1_8+12*auxP4_0_12*auxQ3_1_7+13*auxP4_0_13*auxQ3_1_6+14*auxP4_0_14*auxQ3_1_5+15*auxP4_0_15*auxQ3_1_4+16*auxP4_0_16*auxQ3_1_3+17*auxP4_0_17*auxQ3_1_2+18*auxP4_0_18*auxQ3_1_1+19*auxP4_0_19*auxQ3_1_0+6*auxP4_0_6*auxQ3_1_13+7*auxP4_0_7*auxQ3_1_12+8*auxP4_0_8*auxQ3_1_11+9*auxP4_0_9*auxQ3_1_10-18*auxP4_1_1-9*auxP4_1_10*auxQ3_0_9-8*auxP4_1_11*auxQ3_0_8-7*auxP4_1_12*auxQ3_0_7-6*auxP4_1_13*auxQ3_0_6-5*auxP4_1_14*auxQ3_0_5-4*auxP4_1_15*auxQ3_0_4-3*auxP4_1_16*auxQ3_0_3-2*auxP4_1_17*auxQ3_0_2-auxP4_1_18*auxQ3_0_1-17*auxP4_1_2*auxQ3_0_17-16*auxP4_1_3*auxQ3_0_16-15*auxP4_1_4*auxQ3_0_15-14*auxP4_1_5*auxQ3_0_14-13*auxP4_1_6*auxQ3_0_13-12*auxP4_1_7*auxQ3_0_12-11*auxP4_1_8*auxQ3_0_11-10*auxP4_1_9*auxQ3_0_10
244|1|0|19|10*auxP4_0_10*auxQ3_1_10+11*auxP4_0_11*auxQ3_1_9+12*auxP4_0_12*auxQ3_1_8+13*auxP4_0_13*auxQ3_1_7+14*auxP4_0_14*auxQ3_1_6+15*auxP4_0_15*auxQ3_1_5+16*auxP4_0_16*auxQ3_1_4+17*auxP4_0_17*auxQ3_1_3+18*auxP4_0_18*auxQ3_1_2+19*auxP4_0_19*auxQ3_1_1+20*auxP4_0_20*auxQ3_1_0+7*auxP4_0_7*auxQ3_1_13+8*auxP4_0_8*auxQ3_1_12+9*auxP4_0_9*auxQ3_1_11-10*auxP4_1_10*auxQ3_0_10-9*auxP4_1_11*auxQ3_0_9-8*auxP4_1_12*auxQ3_0_8-7*auxP4_1_13*auxQ3_0_7-6*auxP4_1_14*auxQ3_0_6-5*auxP4_1_15*auxQ3_0_5-4*auxP4_1_16*auxQ3_0_4-3*auxP4_1_17*auxQ3_0_3-2*auxP4_1_18*auxQ3_0_2-auxP4_1_19*auxQ3_0_1-18*auxP4_1_2-17*auxP4_1_3*auxQ3_0_17-16*auxP4_1_4*auxQ3_0_16-15*auxP4_1_5*auxQ3_0_15-14*auxP4_1_6*auxQ3_0_14-13*auxP4_1_7*auxQ3_0_13-12*auxP4_1_8*auxQ3_0_12-11*auxP4_1_9*auxQ3_0_11
245|1|0|20|10*auxP4_0_10*auxQ3_1_11+11*auxP4_0_11*auxQ3_1_10+12*auxP4_0_12*auxQ3_1_9+13*auxP4_0_13*auxQ3_1_8+14*auxP4_0_14*auxQ3_1_7+15*auxP4_0_15*auxQ3_1_6+16*auxP4_0_16*auxQ3_1_5+17*auxP4_0_17*auxQ3_1_4+18*auxP4_0_18*auxQ3_1_3+19*auxP4_0_19*auxQ3_1_2+20*auxP4_0_20*auxQ3_1_1+21*auxP4_0_21*auxQ3_1_0+8*auxP4_0_8*auxQ3_1_13+9*auxP4_0_9*auxQ3_1_12-11*auxP4_1_10*auxQ3_0_11-10*auxP4_1_11*auxQ3_0_10-9*auxP4_1_12*auxQ3_0_9-8*auxP4_1_13*auxQ3_0_8-7*auxP4_1_14*auxQ3_0_7-6*auxP4_1_15*auxQ3_0_6-5*auxP4_1_16*auxQ3_0_5-4*auxP4_1_17*auxQ3_0_4-3*auxP4_1_18*auxQ3_0_3-2*auxP4_1_19*auxQ3_0_2-18*auxP4_1_3-17*auxP4_1_4*auxQ3_0_17-16*auxP4_1_5*auxQ3_0_16-15*auxP4_1_6*auxQ3_0_15-14*auxP4_1_7*auxQ3_0_14-13*auxP4_1_8*auxQ3_0_13-12*auxP4_1_9*auxQ3_0_12
246|1|0|21|10*auxP4_0_10*auxQ3_1_12+11*auxP4_0_11*auxQ3_1_11+12*auxP4_0_12*auxQ3_1_10+13*auxP4_0_13*auxQ3_1_9+14*auxP4_0_14*auxQ3_1_8+15*auxP4_0_15*auxQ3_1_7+16*auxP4_0_16*auxQ3_1_6+17*auxP4_0_17*auxQ3_1_5+18*auxP4_0_18*auxQ3_1_4+19*auxP4_0_19*auxQ3_1_3+20*auxP4_0_20*auxQ3_1_2+21*auxP4_0_21*auxQ3_1_1+22*auxP4_0_22*auxQ3_1_0+9*auxP4_0_9*auxQ3_1_13-12*auxP4_1_10*auxQ3_0_12-11*auxP4_1_11*auxQ3_0_11-10*auxP4_1_12*auxQ3_0_10-9*auxP4_1_13*auxQ3_0_9-8*auxP4_1_14*auxQ3_0_8-7*auxP4_1_15*auxQ3_0_7-6*auxP4_1_16*auxQ3_0_6-5*auxP4_1_17*auxQ3_0_5-4*auxP4_1_18*auxQ3_0_4-3*auxP4_1_19*auxQ3_0_3-18*auxP4_1_4-17*auxP4_1_5*auxQ3_0_17-16*auxP4_1_6*auxQ3_0_16-15*auxP4_1_7*auxQ3_0_15-14*auxP4_1_8*auxQ3_0_14-13*auxP4_1_9*auxQ3_0_13
247|1|0|22|10*auxP4_0_10*auxQ3_1_13+11*auxP4_0_11*auxQ3_1_12+12*auxP4_0_12*auxQ3_1_11+13*auxP4_0_13*auxQ3_1_10+14*auxP4_0_14*auxQ3_1_9+15*auxP4_0_15*auxQ3_1_8+16*auxP4_0_16*auxQ3_1_7+17*auxP4_0_17*auxQ3_1_6+18*auxP4_0_18*auxQ3_1_5+19*auxP4_0_19*auxQ3_1_4+20*auxP4_0_20*auxQ3_1_3+21*auxP4_0_21*auxQ3_1_2+22*auxP4_0_22*auxQ3_1_1+23*auxP4_0_23*auxQ3_1_0-13*auxP4_1_10*auxQ3_0_13-12*auxP4_1_11*auxQ3_0_12-11*auxP4_1_12*auxQ3_0_11-10*auxP4_1_13*auxQ3_0_10-9*auxP4_1_14*auxQ3_0_9-8*auxP4_1_15*auxQ3_0_8-7*auxP4_1_16*auxQ3_0_7-6*auxP4_1_17*auxQ3_0_6-5*auxP4_1_18*auxQ3_0_5-4*auxP4_1_19*auxQ3_0_4-18*auxP4_1_5-17*auxP4_1_6*auxQ3_0_17-16*auxP4_1_7*auxQ3_0_16-15*auxP4_1_8*auxQ3_0_15-14*auxP4_1_9*auxQ3_0_14
248|1|0|23|11*auxP4_0_11*auxQ3_1_13+12*auxP4_0_12*auxQ3_1_12+13*auxP4_0_13*auxQ3_1_11+14*auxP4_0_14*auxQ3_1_10+15*auxP4_0_15*auxQ3_1_9+16*auxP4_0_16*auxQ3_1_8+17*auxP4_0_17*auxQ3_1_7+18*auxP4_0_18*auxQ3_1_6+19*auxP4_0_19*auxQ3_1_5+20*auxP4_0_20*auxQ3_1_4+21*auxP4_0_21*auxQ3_1_3+22*auxP4_0_22*auxQ3_1_2+23*auxP4_0_23*auxQ3_1_1-14*auxP4_1_10*auxQ3_0_14-13*auxP4_1_11*auxQ3_0_13-12*auxP4_1_12*auxQ3_0_12-11*auxP4_1_13*auxQ3_0_11-10*auxP4_1_14*auxQ3_0_10-9*auxP4_1_15*auxQ3_0_9-8*auxP4_1_16*auxQ3_0_8-7*auxP4_1_17*auxQ3_0_7-6*auxP4_1_18*auxQ3_0_6-5*auxP4_1_19*auxQ3_0_5-18*auxP4_1_6-17*auxP4_1_7*auxQ3_0_17-16*auxP4_1_8*auxQ3_0_16-15*auxP4_1_9*auxQ3_0_15+24*auxQ3_1_0
249|1|0|24|12*auxP4_0_12*auxQ3_1_13+13*auxP4_0_13*auxQ3_1_12+14*auxP4_0_14*auxQ3_1_11+15*auxP4_0_15*auxQ3_1_10+16*auxP4_0_16*auxQ3_1_9+17*auxP4_0_17*auxQ3_1_8+18*auxP4_0_18*auxQ3_1_7+19*auxP4_0_19*auxQ3_1_6+20*auxP4_0_20*auxQ3_1_5+21*auxP4_0_21*auxQ3_1_4+22*auxP4_0_22*auxQ3_1_3+23*auxP4_0_23*auxQ3_1_2-15*auxP4_1_10*auxQ3_0_15-14*auxP4_1_11*auxQ3_0_14-13*auxP4_1_12*auxQ3_0_13-12*auxP4_1_13*auxQ3_0_12-11*auxP4_1_14*auxQ3_0_11-10*auxP4_1_15*auxQ3_0_10-9*auxP4_1_16*auxQ3_0_9-8*auxP4_1_17*auxQ3_0_8-7*auxP4_1_18*auxQ3_0_7-6*auxP4_1_19*auxQ3_0_6-18*auxP4_1_7-17*auxP4_1_8*auxQ3_0_17-16*auxP4_1_9*auxQ3_0_16+24*auxQ3_1_1
250|1|0|25|13*auxP4_0_13*auxQ3_1_13+14*auxP4_0_14*auxQ3_1_12+15*auxP4_0_15*auxQ3_1_11+16*auxP4_0_16*auxQ3_1_10+17*auxP4_0_17*auxQ3_1_9+18*auxP4_0_18*auxQ3_1_8+19*auxP4_0_19*auxQ3_1_7+20*auxP4_0_20*auxQ3_1_6+21*auxP4_0_21*auxQ3_1_5+22*auxP4_0_22*auxQ3_1_4+23*auxP4_0_23*auxQ3_1_3-16*auxP4_1_10*auxQ3_0_16-15*auxP4_1_11*auxQ3_0_15-14*auxP4_1_12*auxQ3_0_14-13*auxP4_1_13*auxQ3_0_13-12*auxP4_1_14*auxQ3_0_12-11*auxP4_1_15*auxQ3_0_11-10*auxP4_1_16*auxQ3_0_10-9*auxP4_1_17*auxQ3_0_9-8*auxP4_1_18*auxQ3_0_8-7*auxP4_1_19*auxQ3_0_7-18*auxP4_1_8-17*auxP4_1_9*auxQ3_0_17+24*auxQ3_1_2
251|1|0|26|14*auxP4_0_14*auxQ3_1_13+15*auxP4_0_15*auxQ3_1_12+16*auxP4_0_16*auxQ3_1_11+17*auxP4_0_17*auxQ3_1_10+18*auxP4_0_18*auxQ3_1_9+19*auxP4_0_19*auxQ3_1_8+20*auxP4_0_20*auxQ3_1_7+21*auxP4_0_21*auxQ3_1_6+22*auxP4_0_22*auxQ3_1_5+23*auxP4_0_23*auxQ3_1_4-17*auxP4_1_10*auxQ3_0_17-16*auxP4_1_11*auxQ3_0_16-15*auxP4_1_12*auxQ3_0_15-14*auxP4_1_13*auxQ3_0_14-13*auxP4_1_14*auxQ3_0_13-12*auxP4_1_15*auxQ3_0_12-11*auxP4_1_16*auxQ3_0_11-10*auxP4_1_17*auxQ3_0_10-9*auxP4_1_18*auxQ3_0_9-8*auxP4_1_19*auxQ3_0_8-18*auxP4_1_9+24*auxQ3_1_3
252|1|0|27|15*auxP4_0_15*auxQ3_1_13+16*auxP4_0_16*auxQ3_1_12+17*auxP4_0_17*auxQ3_1_11+18*auxP4_0_18*auxQ3_1_10+19*auxP4_0_19*auxQ3_1_9+20*auxP4_0_20*auxQ3_1_8+21*auxP4_0_21*auxQ3_1_7+22*auxP4_0_22*auxQ3_1_6+23*auxP4_0_23*auxQ3_1_5-18*auxP4_1_10-17*auxP4_1_11*auxQ3_0_17-16*auxP4_1_12*auxQ3_0_16-15*auxP4_1_13*auxQ3_0_15-14*auxP4_1_14*auxQ3_0_14-13*auxP4_1_15*auxQ3_0_13-12*auxP4_1_16*auxQ3_0_12-11*auxP4_1_17*auxQ3_0_11-10*auxP4_1_18*auxQ3_0_10-9*auxP4_1_19*auxQ3_0_9+24*auxQ3_1_4
253|1|0|28|16*auxP4_0_16*auxQ3_1_13+17*auxP4_0_17*auxQ3_1_12+18*auxP4_0_18*auxQ3_1_11+19*auxP4_0_19*auxQ3_1_10+20*auxP4_0_20*auxQ3_1_9+21*auxP4_0_21*auxQ3_1_8+22*auxP4_0_22*auxQ3_1_7+23*auxP4_0_23*auxQ3_1_6-18*auxP4_1_11-17*auxP4_1_12*auxQ3_0_17-16*auxP4_1_13*auxQ3_0_16-15*auxP4_1_14*auxQ3_0_15-14*auxP4_1_15*auxQ3_0_14-13*auxP4_1_16*auxQ3_0_13-12*auxP4_1_17*auxQ3_0_12-11*auxP4_1_18*auxQ3_0_11-10*auxP4_1_19*auxQ3_0_10+24*auxQ3_1_5
254|1|0|29|17*auxP4_0_17*auxQ3_1_13+18*auxP4_0_18*auxQ3_1_12+19*auxP4_0_19*auxQ3_1_11+20*auxP4_0_20*auxQ3_1_10+21*auxP4_0_21*auxQ3_1_9+22*auxP4_0_22*auxQ3_1_8+23*auxP4_0_23*auxQ3_1_7-18*auxP4_1_12-17*auxP4_1_13*auxQ3_0_17-16*auxP4_1_14*auxQ3_0_16-15*auxP4_1_15*auxQ3_0_15-14*auxP4_1_16*auxQ3_0_14-13*auxP4_1_17*auxQ3_0_13-12*auxP4_1_18*auxQ3_0_12-11*auxP4_1_19*auxQ3_0_11+24*auxQ3_1_6
255|1|0|30|18*auxP4_0_18*auxQ3_1_13+19*auxP4_0_19*auxQ3_1_12+20*auxP4_0_20*auxQ3_1_11+21*auxP4_0_21*auxQ3_1_10+22*auxP4_0_22*auxQ3_1_9+23*auxP4_0_23*auxQ3_1_8-18*auxP4_1_13-17*auxP4_1_14*auxQ3_0_17-16*auxP4_1_15*auxQ3_0_16-15*auxP4_1_16*auxQ3_0_15-14*auxP4_1_17*auxQ3_0_14-13*auxP4_1_18*auxQ3_0_13-12*auxP4_1_19*auxQ3_0_12+24*auxQ3_1_7
256|1|0|31|19*auxP4_0_19*auxQ3_1_13+20*auxP4_0_20*auxQ3_1_12+21*auxP4_0_21*auxQ3_1_11+22*auxP4_0_22*auxQ3_1_10+23*auxP4_0_23*auxQ3_1_9-18*auxP4_1_14-17*auxP4_1_15*auxQ3_0_17-16*auxP4_1_16*auxQ3_0_16-15*auxP4_1_17*auxQ3_0_15-14*auxP4_1_18*auxQ3_0_14-13*auxP4_1_19*auxQ3_0_13+24*auxQ3_1_8
257|1|0|32|20*auxP4_0_20*auxQ3_1_13+21*auxP4_0_21*auxQ3_1_12+22*auxP4_0_22*auxQ3_1_11+23*auxP4_0_23*auxQ3_1_10-18*auxP4_1_15-17*auxP4_1_16*auxQ3_0_17-16*auxP4_1_17*auxQ3_0_16-15*auxP4_1_18*auxQ3_0_15-14*auxP4_1_19*auxQ3_0_14+24*auxQ3_1_9
258|1|0|33|21*auxP4_0_21*auxQ3_1_13+22*auxP4_0_22*auxQ3_1_12+23*auxP4_0_23*auxQ3_1_11-18*auxP4_1_16-17*auxP4_1_17*auxQ3_0_17-16*auxP4_1_18*auxQ3_0_16-15*auxP4_1_19*auxQ3_0_15+24*auxQ3_1_10
259|1|0|34|22*auxP4_0_22*auxQ3_1_13+23*auxP4_0_23*auxQ3_1_12-18*auxP4_1_17-17*auxP4_1_18*auxQ3_0_17-16*auxP4_1_19*auxQ3_0_16+24*auxQ3_1_11
260|1|0|35|23*auxP4_0_23*auxQ3_1_13-18*auxP4_1_18-17*auxP4_1_19*auxQ3_0_17+24*auxQ3_1_12
261|1|0|36|-18*auxP4_1_19+24*auxQ3_1_13
262|1|1|0|2*auxP4_0_1*auxQ3_2_0-auxP4_1_0*auxQ3_1_1+auxP4_1_1*auxQ3_1_0-2*auxP4_2_0*auxQ3_0_1-c
263|1|1|1|2*auxP4_0_1*auxQ3_2_1+4*auxP4_0_2*auxQ3_2_0-2*auxP4_1_0*auxQ3_1_2+2*auxP4_1_2*auxQ3_1_0-4*auxP4_2_0*auxQ3_0_2-2*auxP4_2_1*auxQ3_0_1
264|1|1|2|2*auxP4_0_1*auxQ3_2_2+4*auxP4_0_2*auxQ3_2_1+6*auxP4_0_3*auxQ3_2_0-3*auxP4_1_0*auxQ3_1_3-auxP4_1_1*auxQ3_1_2+auxP4_1_2*auxQ3_1_1+3*auxP4_1_3*auxQ3_1_0-6*auxP4_2_0*auxQ3_0_3-4*auxP4_2_1*auxQ3_0_2-2*auxP4_2_2*auxQ3_0_1
265|1|1|3|2*auxP4_0_1*auxQ3_2_3+4*auxP4_0_2*auxQ3_2_2+6*auxP4_0_3*auxQ3_2_1+8*auxP4_0_4*auxQ3_2_0-4*auxP4_1_0*auxQ3_1_4-2*auxP4_1_1*auxQ3_1_3+2*auxP4_1_3*auxQ3_1_1+4*auxP4_1_4*auxQ3_1_0-8*auxP4_2_0*auxQ3_0_4-6*auxP4_2_1*auxQ3_0_3-4*auxP4_2_2*auxQ3_0_2-2*auxP4_2_3*auxQ3_0_1
266|1|1|4|2*auxP4_0_1*auxQ3_2_4+4*auxP4_0_2*auxQ3_2_3+6*auxP4_0_3*auxQ3_2_2+8*auxP4_0_4*auxQ3_2_1+10*auxP4_0_5*auxQ3_2_0-5*auxP4_1_0*auxQ3_1_5-3*auxP4_1_1*auxQ3_1_4-auxP4_1_2*auxQ3_1_3+auxP4_1_3*auxQ3_1_2+3*auxP4_1_4*auxQ3_1_1+5*auxP4_1_5*auxQ3_1_0-10*auxP4_2_0*auxQ3_0_5-8*auxP4_2_1*auxQ3_0_4-6*auxP4_2_2*auxQ3_0_3-4*auxP4_2_3*auxQ3_0_2-2*auxP4_2_4*auxQ3_0_1
267|1|1|5|2*auxP4_0_1*auxQ3_2_5+4*auxP4_0_2*auxQ3_2_4+6*auxP4_0_3*auxQ3_2_3+8*auxP4_0_4*auxQ3_2_2+10*auxP4_0_5*auxQ3_2_1+12*auxP4_0_6*auxQ3_2_0-6*auxP4_1_0*auxQ3_1_6-4*auxP4_1_1*auxQ3_1_5-2*auxP4_1_2*auxQ3_1_4+2*auxP4_1_4*auxQ3_1_2+4*auxP4_1_5*auxQ3_1_1+6*auxP4_1_6*auxQ3_1_0-12*auxP4_2_0*auxQ3_0_6-10*auxP4_2_1*auxQ3_0_5-8*auxP4_2_2*auxQ3_0_4-6*auxP4_2_3*auxQ3_0_3-4*auxP4_2_4*auxQ3_0_2-2*auxP4_2_5*auxQ3_0_1
268|1|1|6|2*auxP4_0_1*auxQ3_2_6+4*auxP4_0_2*auxQ3_2_5+6*auxP4_0_3*auxQ3_2_4+8*auxP4_0_4*auxQ3_2_3+10*auxP4_0_5*auxQ3_2_2+12*auxP4_0_6*auxQ3_2_1+14*auxP4_0_7*auxQ3_2_0-7*auxP4_1_0*auxQ3_1_7-5*auxP4_1_1*auxQ3_1_6-3*auxP4_1_2*auxQ3_1_5-auxP4_1_3*auxQ3_1_4+auxP4_1_4*auxQ3_1_3+3*auxP4_1_5*auxQ3_1_2+5*auxP4_1_6*auxQ3_1_1+7*auxP4_1_7*auxQ3_1_0-14*auxP4_2_0*auxQ3_0_7-12*auxP4_2_1*auxQ3_0_6-10*auxP4_2_2*auxQ3_0_5-8*auxP4_2_3*auxQ3_0_4-6*auxP4_2_4*auxQ3_0_3-4*auxP4_2_5*auxQ3_0_2-2*auxP4_2_6*auxQ3_0_1
269|1|1|7|2*auxP4_0_1*auxQ3_2_7+4*auxP4_0_2*auxQ3_2_6+6*auxP4_0_3*auxQ3_2_5+8*auxP4_0_4*auxQ3_2_4+10*auxP4_0_5*auxQ3_2_3+12*auxP4_0_6*auxQ3_2_2+14*auxP4_0_7*auxQ3_2_1+16*auxP4_0_8*auxQ3_2_0-8*auxP4_1_0*auxQ3_1_8-6*auxP4_1_1*auxQ3_1_7-4*auxP4_1_2*auxQ3_1_6-2*auxP4_1_3*auxQ3_1_5+2*auxP4_1_5*auxQ3_1_3+4*auxP4_1_6*auxQ3_1_2+6*auxP4_1_7*auxQ3_1_1+8*auxP4_1_8*auxQ3_1_0-16*auxP4_2_0*auxQ3_0_8-14*auxP4_2_1*auxQ3_0_7-12*auxP4_2_2*auxQ3_0_6-10*auxP4_2_3*auxQ3_0_5-8*auxP4_2_4*auxQ3_0_4-6*auxP4_2_5*auxQ3_0_3-4*auxP4_2_6*auxQ3_0_2-2*auxP4_2_7*auxQ3_0_1
270|1|1|8|2*auxP4_0_1*auxQ3_2_8+4*auxP4_0_2*auxQ3_2_7+6*auxP4_0_3*auxQ3_2_6+8*auxP4_0_4*auxQ3_2_5+10*auxP4_0_5*auxQ3_2_4+12*auxP4_0_6*auxQ3_2_3+14*auxP4_0_7*auxQ3_2_2+16*auxP4_0_8*auxQ3_2_1+18*auxP4_0_9*auxQ3_2_0-9*auxP4_1_0*auxQ3_1_9-7*auxP4_1_1*auxQ3_1_8-5*auxP4_1_2*auxQ3_1_7-3*auxP4_1_3*auxQ3_1_6-auxP4_1_4*auxQ3_1_5+auxP4_1_5*auxQ3_1_4+3*auxP4_1_6*auxQ3_1_3+5*auxP4_1_7*auxQ3_1_2+7*auxP4_1_8*auxQ3_1_1+9*auxP4_1_9*auxQ3_1_0-18*auxP4_2_0*auxQ3_0_9-16*auxP4_2_1*auxQ3_0_8-14*auxP4_2_2*auxQ3_0_7-12*auxP4_2_3*auxQ3_0_6-10*auxP4_2_4*auxQ3_0_5-8*auxP4_2_5*auxQ3_0_4-6*auxP4_2_6*auxQ3_0_3-4*auxP4_2_7*auxQ3_0_2-2*auxP4_2_8*auxQ3_0_1
271|1|1|9|2*B2_2_3*auxP4_0_1+20*auxP4_0_10*auxQ3_2_0+4*auxP4_0_2*auxQ3_2_8+6*auxP4_0_3*auxQ3_2_7+8*auxP4_0_4*auxQ3_2_6+10*auxP4_0_5*auxQ3_2_5+12*auxP4_0_6*auxQ3_2_4+14*auxP4_0_7*auxQ3_2_3+16*auxP4_0_8*auxQ3_2_2+18*auxP4_0_9*auxQ3_2_1-10*auxP4_1_0*auxQ3_1_10-8*auxP4_1_1*auxQ3_1_9+10*auxP4_1_10*auxQ3_1_0-6*auxP4_1_2*auxQ3_1_8-4*auxP4_1_3*auxQ3_1_7-2*auxP4_1_4*auxQ3_1_6+2*auxP4_1_6*auxQ3_1_4+4*auxP4_1_7*auxQ3_1_3+6*auxP4_1_8*auxQ3_1_2+8*auxP4_1_9*auxQ3_1_1-20*auxP4_2_0*auxQ3_0_10-18*auxP4_2_1*auxQ3_0_9-16*auxP4_2_2*auxQ3_0_8-14*auxP4_2_3*auxQ3_0_7-12*auxP4_2_4*auxQ3_0_6-10*auxP4_2_5*auxQ3_0_5-8*auxP4_2_6*auxQ3_0_4-6*auxP4_2_7*auxQ3_0_3-4*auxP4_2_8*auxQ3_0_2-2*auxP4_2_9*auxQ3_0_1
272|1|1|10|4*B2_2_3*auxP4_0_2+20*auxP4_0_10*auxQ3_2_1+22*auxP4_0_11*auxQ3_2_0+6*auxP4_0_3*auxQ3_2_8+8*auxP4_0_4*auxQ3_2_7+10*auxP4_0_5*auxQ3_2_6+12*auxP4_0_6*auxQ3_2_5+14*auxP4_0_7*auxQ3_2_4+16*auxP4_0_8*auxQ3_2_3+18*auxP4_0_9*auxQ3_2_2-11*auxP4_1_0*auxQ3_1_11-9*auxP4_1_1*auxQ3_1_10+9*auxP4_1_10*auxQ3_1_1+11*auxP4_1_11*auxQ3_1_0-7*auxP4_1_2*auxQ3_1_9-5*auxP4_1_3*auxQ3_1_8-3*auxP4_1_4*auxQ3_1_7-auxP4_1_5*auxQ3_1_6+auxP4_1_6*auxQ3_1_5+3*auxP4_1_7*auxQ3_1_4+5*auxP4_1_8*auxQ3_1_3+7*auxP4_1_9*auxQ3_1_2-22*auxP4_2_0*auxQ3_0_11-20*auxP4_2_1*auxQ3_0_10-2*auxP4_2_10*auxQ3_0_1-18*auxP4_2_2*auxQ3_0_9-16*auxP4_2_3*auxQ3_0_8-14*auxP4_2_4*auxQ3_0_7-12*auxP4_2_5*auxQ3_0_6-10*auxP4_2_6*auxQ3_0_5-8*auxP4_2_7*auxQ3_0_4-6*auxP4_2_8*auxQ3_0_3-4*auxP4_2_9*auxQ3_0_2
273|1|1|11|6*B2_2_3*auxP4_0_3+20*auxP4_0_10*auxQ3_2_2+22*auxP4_0_11*auxQ3_2_1+24*auxP4_0_12*auxQ3_2_0+8*auxP4_0_4*auxQ3_2_8+10*auxP4_0_5*auxQ3_2_7+12*auxP4_0_6*auxQ3_2_6+14*auxP4_0_7*auxQ3_2_5+16*auxP4_0_8*auxQ3_2_4+18*auxP4_0_9*auxQ3_2_3-12*auxP4_1_0*auxQ3_1_12-10*auxP4_1_1*auxQ3_1_11+8*auxP4_1_10*auxQ3_1_2+10*auxP4_1_11*auxQ3_1_1+12*auxP4_1_12*auxQ3_1_0-8*auxP4_1_2*auxQ3_1_10-6*auxP4_1_3*auxQ3_1_9-4*auxP4_1_4*auxQ3_1_8-2*auxP4_1_5*auxQ3_1_7+2*auxP4_1_7*auxQ3_1_5+4*auxP4_1_8*auxQ3_1_4+6*auxP4_1_9*auxQ3_1_3-24*auxP4_2_0*auxQ3_0_12-22*auxP4_2_1*auxQ3_0_11-4*auxP4_2_10*auxQ3_0_2-2*auxP4_2_11*auxQ3_0_1-20*auxP4_2_2*auxQ3_0_10-18*auxP4_2_3*auxQ3_0_9-16*auxP4_2_4*auxQ3_0_8-14*auxP4_2_5*auxQ3_0_7-12*auxP4_2_6*auxQ3_0_6-10*auxP4_2_7*auxQ3_0_5-8*auxP4_2_8*auxQ3_0_4-6*auxP4_2_9*auxQ3_0_3
274|1|1|12|8*B2_2_3*auxP4_0_4+20*auxP4_0_10*auxQ3_2_3+22*auxP4_0_11*auxQ3_2_2+24*auxP4_0_12*auxQ3_2_1+26*auxP4_0_13*auxQ3_2_0+10*auxP4_0_5*auxQ3_2_8+12*auxP4_0_6*auxQ3_2_7+14*auxP4_0_7*auxQ3_2_6+16*auxP4_0_8*auxQ3_2_5+18*auxP4_0_9*auxQ3_2_4-13*auxP4_1_0*auxQ3_1_13-11*auxP4_1_1*auxQ3_1_12+7*auxP4_1_10*auxQ3_1_3+9*auxP4_1_11*auxQ3_1_2+11*auxP4_1_12*auxQ3_1_1+13*auxP4_1_13*auxQ3_1_0-9*auxP4_1_2*auxQ3_1_11-7*auxP4_1_3*auxQ3_1_10-5*auxP4_1_4*auxQ3_1_9-3*auxP4_1_5*auxQ3_1_8-auxP4_1_6*auxQ3_1_7+auxP4_1_7*auxQ3_1_6+3*auxP4_1_8*auxQ3_1_5+5*auxP4_1_9*auxQ3_1_4-26*auxP4_2_0*auxQ3_0_13-24*auxP4_2_1*auxQ3_0_12-6*auxP4_2_10*auxQ3_0_3-4*auxP4_2_11*auxQ3_0_2-2*auxP4_2_12*auxQ3_0_1-22*auxP4_2_2*auxQ3_0_11-20*auxP4_2_3*auxQ3_0_10-18*auxP4_2_4*auxQ3_0_9-16*auxP4_2_5*auxQ3_0_8-14*auxP4_2_6*auxQ3_0_7-12*auxP4_2_7*auxQ3_0_6-10*auxP4_2_8*auxQ3_0_5-8*auxP4_2_9*auxQ3_0_4
275|1|1|13|10*B2_2_3*auxP4_0_5+20*auxP4_0_10*auxQ3_2_4+22*auxP4_0_11*auxQ3_2_3+24*auxP4_0_12*auxQ3_2_2+26*auxP4_0_13*auxQ3_2_1+28*auxP4_0_14*auxQ3_2_0+12*auxP4_0_6*auxQ3_2_8+14*auxP4_0_7*auxQ3_2_7+16*auxP4_0_8*auxQ3_2_6+18*auxP4_0_9*auxQ3_2_5-12*auxP4_1_1*auxQ3_1_13+6*auxP4_1_10*auxQ3_1_4+8*auxP4_1_11*auxQ3_1_3+10*auxP4_1_12*auxQ3_1_2+12*auxP4_1_13*auxQ3_1_1+14*auxP4_1_14*auxQ3_1_0-10*auxP4_1_2*auxQ3_1_12-8*auxP4_1_3*auxQ3_1_11-6*auxP4_1_4*auxQ3_1_10-4*auxP4_1_5*auxQ3_1_9-2*auxP4_1_6*auxQ3_1_8+2*auxP4_1_8*auxQ3_1_6+4*auxP4_1_9*auxQ3_1_5-28*auxP4_2_0*auxQ3_0_14-26*auxP4_2_1*auxQ3_0_13-8*auxP4_2_10*auxQ3_0_4-6*auxP4_2_11*auxQ3_0_3-4*auxP4_2_12*auxQ3_0_2-2*auxP4_2_13*auxQ3_0_1-24*auxP4_2_2*auxQ3_0_12-22*auxP4_2_3*auxQ3_0_11-20*auxP4_2_4*auxQ3_0_10-18*auxP4_2_5*auxQ3_0_9-16*auxP4_2_6*auxQ3_0_8-14*auxP4_2_7*auxQ3_0_7-12*auxP4_2_8*auxQ3_0_6-10*auxP4_2_9*auxQ3_0_5
276|1|1|14|12*B2_2_3*auxP4_0_6+20*auxP4_0_10*auxQ3_2_5+22*auxP4_0_11*auxQ3_2_4+24*auxP4_0_12*auxQ3_2_3+26*auxP4_0_13*auxQ3_2_2+28*auxP4_0_14*auxQ3_2_1+30*auxP4_0_15*auxQ3_2_0+14*auxP4_0_7*auxQ3_2_8+16*auxP4_0_8*auxQ3_2_7+18*auxP4_0_9*auxQ3_2_6+5*auxP4_1_10*auxQ3_1_5+7*auxP4_1_11*auxQ3_1_4+9*auxP4_1_12*auxQ3_1_3+11*auxP4_1_13*auxQ3_1_2+13*auxP4_1_14*auxQ3_1_1+15*auxP4_1_15*auxQ3_1_0-11*auxP4_1_2*auxQ3_1_13-9*auxP4_1_3*auxQ3_1_12-7*auxP4_1_4*auxQ3_1_11-5*auxP4_1_5*auxQ3_1_10-3*auxP4_1_6*auxQ3_1_9-auxP4_1_7*auxQ3_1_8+auxP4_1_8*auxQ3_1_7+3*auxP4_1_9*auxQ3_1_6-30*auxP4_2_0*auxQ3_0_15-28*auxP4_2_1*auxQ3_0_14-10*auxP4_2_10*auxQ3_0_5-8*auxP4_2_11*auxQ3_0_4-6*auxP4_2_12*auxQ3_0_3-4*auxP4_2_13*auxQ3_0_2-2*auxP4_2_14*auxQ3_0_1-26*auxP4_2_2*auxQ3_0_13-24*auxP4_2_3*auxQ3_0_12-22*auxP4_2_4*auxQ3_0_11-20*auxP4_2_5*auxQ3_0_10-18*auxP4_2_6*auxQ3_0_9-16*auxP4_2_7*auxQ3_0_8-14*auxP4_2_8*auxQ3_0_7-12*auxP4_2_9*auxQ3_0_6
277|1|1|15|-2*A2_2_3*auxQ3_0_1+14*B2_2_3*auxP4_0_7+20*auxP4_0_10*auxQ3_2_6+22*auxP4_0_11*auxQ3_2_5+24*auxP4_0_12*auxQ3_2_4+26*auxP4_0_13*auxQ3_2_3+28*auxP4_0_14*auxQ3_2_2+30*auxP4_0_15*auxQ3_2_1+32*auxP4_0_16*auxQ3_2_0+16*auxP4_0_8*auxQ3_2_8+18*auxP4_0_9*auxQ3_2_7+4*auxP4_1_10*auxQ3_1_6+6*auxP4_1_11*auxQ3_1_5+8*auxP4_1_12*auxQ3_1_4+10*auxP4_1_13*auxQ3_1_3+12*auxP4_1_14*auxQ3_1_2+14*auxP4_1_15*auxQ3_1_1+16*auxP4_1_16*auxQ3_1_0-10*auxP4_1_3*auxQ3_1_13-8*auxP4_1_4*auxQ3_1_12-6*auxP4_1_5*auxQ3_1_11-4*auxP4_1_6*auxQ3_1_10-2*auxP4_1_7*auxQ3_1_9+2*auxP4_1_9*auxQ3_1_7-32*auxP4_2_0*auxQ3_0_16-30*auxP4_2_1*auxQ3_0_15-12*auxP4_2_10*auxQ3_0_6-10*auxP4_2_11*auxQ3_0_5-8*auxP4_2_12*auxQ3_0_4-6*auxP4_2_13*auxQ3_0_3-4*auxP4_2_14*auxQ3_0_2-28*auxP4_2_2*auxQ3_0_14-26*auxP4_2_3*auxQ3_0_13-24*auxP4_2_4*auxQ3_0_12-22*auxP4_2_5*auxQ3_0_11-20*auxP4_2_6*auxQ3_0_10-18*auxP4_2_7*auxQ3_0_9-16*auxP4_2_8*auxQ3_0_8-14*auxP4_2_9*auxQ3_0_7
278|1|1|16|-4*A2_2_3*auxQ3_0_2+16*B2_2_3*auxP4_0_8+20*auxP4_0_10*auxQ3_2_7+22*auxP4_0_11*auxQ3_2_6+24*auxP4_0_12*auxQ3_2_5+26*auxP4_0_13*auxQ3_2_4+28*auxP4_0_14*auxQ3_2_3+30*auxP4_0_15*auxQ3_2_2+32*auxP4_0_16*auxQ3_2_1+34*auxP4_0_17*auxQ3_2_0+18*auxP4_0_9*auxQ3_2_8+3*auxP4_1_10*auxQ3_1_7+5*auxP4_1_11*auxQ3_1_6+7*auxP4_1_12*auxQ3_1_5+9*auxP4_1_13*auxQ3_1_4+11*auxP4_1_14*auxQ3_1_3+13*auxP4_1_15*auxQ3_1_2+15*auxP4_1_16*auxQ3_1_1+17*auxP4_1_17*auxQ3_1_0-9*auxP4_1_4*auxQ3_1_13-7*auxP4_1_5*auxQ3_1_12-5*auxP4_1_6*auxQ3_1_11-3*auxP4_1_7*auxQ3_1_10-auxP4_1_8*auxQ3_1_9+auxP4_1_9*auxQ3_1_8-34*auxP4_2_0*auxQ3_0_17-32*auxP4_2_1*auxQ3_0_16-14*auxP4_2_10*auxQ3_0_7-12*auxP4_2_11*auxQ3_0_6-10*auxP4_2_12*auxQ3_0_5-8*auxP4_2_13*auxQ3_0_4-6*auxP4_2_14*auxQ3_0_3-30*auxP4_2_2*auxQ3_0_15-28*auxP4_2_3*auxQ3_0_14-26*auxP4_2_4*auxQ3_0_13-24*auxP4_2_5*auxQ3_0_12-22*auxP4_2_6*auxQ3_0_11-20*auxP4_2_7*auxQ3_0_10-18*auxP4_2_8*auxQ3_0_9-16*auxP4_2_9*auxQ3_0_8
279|1|1|17|-6*A2_2_3*auxQ3_0_3+18*B2_2_3*auxP4_0_9+20*auxP4_0_10*auxQ3_2_8+22*auxP4_0_11*auxQ3_2_7+24*auxP4_0_12*auxQ3_2_6+26*auxP4_0_13*auxQ3_2_5+28*auxP4_0_14*auxQ3_2_4+30*auxP4_0_15*auxQ3_2_3+32*auxP4_0_16*auxQ3_2_2+34*auxP4_0_17*auxQ3_2_1+36*auxP4_0_18*auxQ3_2_0+2*auxP4_1_10*auxQ3_1_8+4*auxP4_1_11*auxQ3_1_7+6*auxP4_1_12*auxQ3_1_6+8*auxP4_1_13*auxQ3_1_5+10*auxP4_1_14*auxQ3_1_4+12*auxP4_1_15*auxQ3_1_3+14*auxP4_1_16*auxQ3_1_2+16*auxP4_1_17*auxQ3_1_1+18*auxP4_1_18*auxQ3_1_0-8*auxP4_1_5*auxQ3_1_13-6*auxP4_1_6*auxQ3_1_12-4*auxP4_1_7*auxQ3_1_11-2*auxP4_1_8*auxQ3_1_10-36*auxP4_2_0-34*auxP4_2_1*auxQ3_0_17-16*auxP4_2_10*auxQ3_0_8-14*auxP4_2_11*auxQ3_0_7-12*auxP4_2_12*auxQ3_0_6-10*auxP4_2_13*auxQ3_0_5-8*auxP4_2_14*auxQ3_0_4-32*auxP4_2_2*auxQ3_0_16-30*auxP4_2_3*auxQ3_0_15-28*auxP4_2_4*auxQ3_0_14-26*auxP4_2_5*auxQ3_0_13-24*auxP4_2_6*auxQ3_0_12-22*auxP4_2_7*auxQ3_0_11-20*auxP4_2_8*auxQ3_0_10-18*auxP4_2_9*auxQ3_0_9
280|1|1|18|-8*A2_2_3*auxQ3_0_4+20*B2_2_3*auxP4_0_10+22*auxP4_0_11*auxQ3_2_8+24*auxP4_0_12*auxQ3_2_7+26*auxP4_0_13*auxQ3_2_6+28*auxP4_0_14*auxQ3_2_5+30*auxP4_0_15*auxQ3_2_4+32*auxP4_0_16*auxQ3_2_3+34*auxP4_0_17*auxQ3_2_2+36*auxP4_0_18*auxQ3_2_1+38*auxP4_0_19*auxQ3_2_0+auxP4_1_10*auxQ3_1_9+3*auxP4_1_11*auxQ3_1_8+5*auxP4_1_12*auxQ3_1_7+7*auxP4_1_13*auxQ3_1_6+9*auxP4_1_14*auxQ3_1_5+11*auxP4_1_15*auxQ3_1_4+13*auxP4_1_16*auxQ3_1_3+15*auxP4_1_17*auxQ3_1_2+17*auxP4_1_18*auxQ3_1_1+19*auxP4_1_19*auxQ3_1_0-7*auxP4_1_6*auxQ3_1_13-5*auxP4_1_7*auxQ3_1_12-3*auxP4_1_8*auxQ3_1_11-auxP4_1_9*auxQ3_1_10-36*auxP4_2_1-18*auxP4_2_10*auxQ3_0_9-16*auxP4_2_11*auxQ3_0_8-14*auxP4_2_12*auxQ3_0_7-12*auxP4_2_13*auxQ3_0_6-10*auxP4_2_14*auxQ3_0_5-34*auxP4_2_2*auxQ3_0_17-32*auxP4_2_3*auxQ3_0_16-30*auxP4_2_4*auxQ3_0_15-28*auxP4_2_5*auxQ3_0_14-26*auxP4_2_6*auxQ3_0_13-24*auxP4_2_7*auxQ3_0_12-22*auxP4_2_8*auxQ3_0_11-20*auxP4_2_9*auxQ3_0_10
281|1|1|19|-10*A2_2_3*auxQ3_0_5+22*B2_2_3*auxP4_0_11+24*auxP4_0_12*auxQ3_2_8+26*auxP4_0_13*auxQ3_2_7+28*auxP4_0_14*auxQ3_2_6+30*auxP4_0_15*auxQ3_2_5+32*auxP4_0_16*auxQ3_2_4+34*auxP4_0_17*auxQ3_2_3+36*auxP4_0_18*auxQ3_2_2+38*auxP4_0_19*auxQ3_2_1+40*auxP4_0_20*auxQ3_2_0+2*auxP4_1_11*auxQ3_1_9+4*auxP4_1_12*auxQ3_1_8+6*auxP4_1_13*auxQ3_1_7+8*auxP4_1_14*auxQ3_1_6+10*auxP4_1_15*auxQ3_1_5+12*auxP4_1_16*auxQ3_1_4+14*auxP4_1_17*auxQ3_1_3+16*auxP4_1_18*auxQ3_1_2+18*auxP4_1_19*auxQ3_1_1-6*auxP4_1_7*auxQ3_1_13-4*auxP4_1_8*auxQ3_1_12-2*auxP4_1_9*auxQ3_1_11-20*auxP4_2_10*auxQ3_0_10-18*auxP4_2_11*auxQ3_0_9-16*auxP4_2_12*auxQ3_0_8-14*auxP4_2_13*auxQ3_0_7-12*auxP4_2_14*auxQ3_0_6-36*auxP4_2_2-34*auxP4_2_3*auxQ3_0_17-32*auxP4_2_4*auxQ3_0_16-30*auxP4_2_5*auxQ3_0_15-28*auxP4_2_6*auxQ3_0_14-26*auxP4_2_7*auxQ3_0_13-24*auxP4_2_8*auxQ3_0_12-22*auxP4_2_9*auxQ3_0_11
282|1|1|20|-12*A2_2_3*auxQ3_0_6+24*B2_2_3*auxP4_0_12+26*auxP4_0_13*auxQ3_2_8+28*auxP4_0_14*auxQ3_2_7+30*auxP4_0_15*auxQ3_2_6+32*auxP4_0_16*auxQ3_2_5+34*auxP4_0_17*auxQ3_2_4+36*auxP4_0_18*auxQ3_2_3+38*auxP4_0_19*auxQ3_2_2+40*auxP4_0_20*auxQ3_2_1+42*auxP4_0_21*auxQ3_2_0-auxP4_1_10*auxQ3_1_11+auxP4_1_11*auxQ3_1_10+3*auxP4_1_12*auxQ3_1_9+5*auxP4_1_13*auxQ3_1_8+7*auxP4_1_14*auxQ3_1_7+9*auxP4_1_15*auxQ3_1_6+11*auxP4_1_16*auxQ3_1_5+13*auxP4_1_17*auxQ3_1_4+15*auxP4_1_18*auxQ3_1_3+17*auxP4_1_19*auxQ3_1_2-5*auxP4_1_8*auxQ3_1_13-3*auxP4_1_9*auxQ3_1_12-22*auxP4_2_10*auxQ3_0_11-20*auxP4_2_11*auxQ3_0_10-18*auxP4_2_12*auxQ3_0_9-16*auxP4_2_13*auxQ3_0_8-14*auxP4_2_14*auxQ3_0_7-36*auxP4_2_3-34*auxP4_2_4*auxQ3_0_17-32*auxP4_2_5*auxQ3_0_16-30*auxP4_2_6*auxQ3_0_15-28*auxP4_2_7*auxQ3_0_14-26*auxP4_2_8*auxQ3_0_13-24*auxP4_2_9*auxQ3_0_12
283|1|1|21|-14*A2_2_3*auxQ3_0_7+26*B2_2_3*auxP4_0_13+28*auxP4_0_14*auxQ3_2_8+30*auxP4_0_15*auxQ3_2_7+32*auxP4_0_16*auxQ3_2_6+34*auxP4_0_17*auxQ3_2_5+36*auxP4_0_18*auxQ3_2_4+38*auxP4_0_19*auxQ3_2_3+40*auxP4_0_20*auxQ3_2_2+42*auxP4_0_21*auxQ3_2_1+44*auxP4_0_22*auxQ3_2_0-2*auxP4_1_10*auxQ3_1_12+2*auxP4_1_12*auxQ3_1_10+4*auxP4_1_13*auxQ3_1_9+6*auxP4_1_14*auxQ3_1_8+8*auxP4_1_15*auxQ3_1_7+10*auxP4_1_16*auxQ3_1_6+12*auxP4_1_17*auxQ3_1_5+14*auxP4_1_18*auxQ3_1_4+16*auxP4_1_19*auxQ3_1_3-4*auxP4_1_9*auxQ3_1_13-24*auxP4_2_10*auxQ3_0_12-22*auxP4_2_11*auxQ3_0_11-20*auxP4_2_12*auxQ3_0_10-18*auxP4_2_13*auxQ3_0_9-16*auxP4_2_14*auxQ3_0_8-36*auxP4_2_4-34*auxP4_2_5*auxQ3_0_17-32*auxP4_2_6*auxQ3_0_16-30*auxP4_2_7*auxQ3_0_15-28*auxP4_2_8*auxQ3_0_14-26*auxP4_2_9*auxQ3_0_13
284|1|1|22|-16*A2_2_3*auxQ3_0_8+28*B2_2_3*auxP4_0_14+30*auxP4_0_15*auxQ3_2_8+32*auxP4_0_16*auxQ3_2_7+34*auxP4_0_17*auxQ3_2_6+36*auxP4_0_18*auxQ3_2_5+38*auxP4_0_19*auxQ3_2_4+40*auxP4_0_20*auxQ3_2_3+42*auxP4_0_21*auxQ3_2_2+44*auxP4_0_22*auxQ3_2_1+46*auxP4_0_23*auxQ3_2_0-3*auxP4_1_10*auxQ3_1_13-auxP4_1_11*auxQ3_1_12+auxP4_1_12*auxQ3_1_11+3*auxP4_1_13*auxQ3_1_10+5*auxP4_1_14*auxQ3_1_9+7*auxP4_1_15*auxQ3_1_8+9*auxP4_1_16*auxQ3_1_7+11*auxP4_1_17*auxQ3_1_6+13*auxP4_1_18*auxQ3_1_5+15*auxP4_1_19*auxQ3_1_4-26*auxP4_2_10*auxQ3_0_13-24*auxP4_2_11*auxQ3_0_12-22*auxP4_2_12*auxQ3_0_11-20*auxP4_2_13*auxQ3_0_10-18*auxP4_2_14*auxQ3_0_9-36*auxP4_2_5-34*auxP4_2_6*auxQ3_0_17-32*auxP4_2_7*auxQ3_0_16-30*auxP4_2_8*auxQ3_0_15-28*auxP4_2_9*auxQ3_0_14
285|1|1|23|-18*A2_2_3*auxQ3_0_9+30*B2_2_3*auxP4_0_15+32*auxP4_0_16*auxQ3_2_8+34*auxP4_0_17*auxQ3_2_7+36*auxP4_0_18*auxQ3_2_6+38*auxP4_0_19*auxQ3_2_5+40*auxP4_0_20*auxQ3_2_4+42*auxP4_0_21*auxQ3_2_3+44*auxP4_0_22*auxQ3_2_2+46*auxP4_0_23*auxQ3_2_1-2*auxP4_1_11*auxQ3_1_13+2*auxP4_1_13*auxQ3_1_11+4*auxP4_1_14*auxQ3_1_10+6*auxP4_1_15*auxQ3_1_9+8*auxP4_1_16*auxQ3_1_8+10*auxP4_1_17*auxQ3_1_7+12*auxP4_1_18*auxQ3_1_6+14*auxP4_1_19*auxQ3_1_5-28*auxP4_2_10*auxQ3_0_14-26*auxP4_2_11*auxQ3_0_13-24*auxP4_2_12*auxQ3_0_12-22*auxP4_2_13*auxQ3_0_11-20*auxP4_2_14*auxQ3_0_10-36*auxP4_2_6-34*auxP4_2_7*auxQ3_0_17-32*auxP4_2_8*auxQ3_0_16-30*auxP4_2_9*auxQ3_0_15+48*auxQ3_2_0
286|1|1|24|-20*A2_2_3*auxQ3_0_10+32*B2_2_3*auxP4_0_16+34*auxP4_0_17*auxQ3_2_8+36*auxP4_0_18*auxQ3_2_7+38*auxP4_0_19*auxQ3_2_6+40*auxP4_0_20*auxQ3_2_5+42*auxP4_0_21*auxQ3_2_4+44*auxP4_0_22*auxQ3_2_3+46*auxP4_0_23*auxQ3_2_2-auxP4_1_12*auxQ3_1_13+auxP4_1_13*auxQ3_1_12+3*auxP4_1_14*auxQ3_1_11+5*auxP4_1_15*auxQ3_1_10+7*auxP4_1_16*auxQ3_1_9+9*auxP4_1_17*auxQ3_1_8+11*auxP4_1_18*auxQ3_1_7+13*auxP4_1_19*auxQ3_1_6-30*auxP4_2_10*auxQ3_0_15-28*auxP4_2_11*auxQ3_0_14-26*auxP4_2_12*auxQ3_0_13-24*auxP4_2_13*auxQ3_0_12-22*auxP4_2_14*auxQ3_0_11-36*auxP4_2_7-34*auxP4_2_8*auxQ3_0_17-32*auxP4_2_9*auxQ3_0_16+48*auxQ3_2_1
287|1|1|25|-22*A2_2_3*auxQ3_0_11+34*B2_2_3*auxP4_0_17+36*auxP4_0_18*auxQ3_2_8+38*auxP4_0_19*auxQ3_2_7+40*auxP4_0_20*auxQ3_2_6+42*auxP4_0_21*auxQ3_2_5+44*auxP4_0_22*auxQ3_2_4+46*auxP4_0_23*auxQ3_2_3+2*auxP4_1_14*auxQ3_1_12+4*auxP4_1_15*auxQ3_1_11+6*auxP4_1_16*auxQ3_1_10+8*auxP4_1_17*auxQ3_1_9+10*auxP4_1_18*auxQ3_1_8+12*auxP4_1_19*auxQ3_1_7-32*auxP4_2_10*auxQ3_0_16-30*auxP4_2_11*auxQ3_0_15-28*auxP4_2_12*auxQ3_0_14-26*auxP4_2_13*auxQ3_0_13-24*auxP4_2_14*auxQ3_0_12-36*auxP4_2_8-34*auxP4_2_9*auxQ3_0_17+48*auxQ3_2_2
288|1|1|26|-24*A2_2_3*auxQ3_0_12+36*B2_2_3*auxP4_0_18+38*auxP4_0_19*auxQ3_2_8+40*auxP4_0_20*auxQ3_2_7+42*auxP4_0_21*auxQ3_2_6+44*auxP4_0_22*auxQ3_2_5+46*auxP4_0_23*auxQ3_2_4+auxP4_1_14*auxQ3_1_13+3*auxP4_1_15*auxQ3_1_12+5*auxP4_1_16*auxQ3_1_11+7*auxP4_1_17*auxQ3_1_10+9*auxP4_1_18*auxQ3_1_9+11*auxP4_1_19*auxQ3_1_8-34*auxP4_2_10*auxQ3_0_17-32*auxP4_2_11*auxQ3_0_16-30*auxP4_2_12*auxQ3_0_15-28*auxP4_2_13*auxQ3_0_14-26*auxP4_2_14*auxQ3_0_13-36*auxP4_2_9+48*auxQ3_2_3
289|1|1|27|-26*A2_2_3*auxQ3_0_13+38*B2_2_3*auxP4_0_19+40*auxP4_0_20*auxQ3_2_8+42*auxP4_0_21*auxQ3_2_7+44*auxP4_0_22*auxQ3_2_6+46*auxP4_0_23*auxQ3_2_5+2*auxP4_1_15*auxQ3_1_13+4*auxP4_1_16*auxQ3_1_12+6*auxP4_1_17*auxQ3_1_11+8*auxP4_1_18*auxQ3_1_10+10*auxP4_1_19*auxQ3_1_9-36*auxP4_2_10-34*auxP4_2_11*auxQ3_0_17-32*auxP4_2_12*auxQ3_0_16-30*auxP4_2_13*auxQ3_0_15-28*auxP4_2_14*auxQ3_0_14+48*auxQ3_2_4
290|1|1|28|-28*A2_2_3*auxQ3_0_14+40*B2_2_3*auxP4_0_20+42*auxP4_0_21*auxQ3_2_8+44*auxP4_0_22*auxQ3_2_7+46*auxP4_0_23*auxQ3_2_6+3*auxP4_1_16*auxQ3_1_13+5*auxP4_1_17*auxQ3_1_12+7*auxP4_1_18*auxQ3_1_11+9*auxP4_1_19*auxQ3_1_10-36*auxP4_2_11-34*auxP4_2_12*auxQ3_0_17-32*auxP4_2_13*auxQ3_0_16-30*auxP4_2_14*auxQ3_0_15+48*auxQ3_2_5
291|1|1|29|-30*A2_2_3*auxQ3_0_15+42*B2_2_3*auxP4_0_21+44*auxP4_0_22*auxQ3_2_8+46*auxP4_0_23*auxQ3_2_7+4*auxP4_1_17*auxQ3_1_13+6*auxP4_1_18*auxQ3_1_12+8*auxP4_1_19*auxQ3_1_11-36*auxP4_2_12-34*auxP4_2_13*auxQ3_0_17-32*auxP4_2_14*auxQ3_0_16+48*auxQ3_2_6
292|1|1|30|-32*A2_2_3*auxQ3_0_16+44*B2_2_3*auxP4_0_22+46*auxP4_0_23*auxQ3_2_8+5*auxP4_1_18*auxQ3_1_13+7*auxP4_1_19*auxQ3_1_12-36*auxP4_2_13-34*auxP4_2_14*auxQ3_0_17+48*auxQ3_2_7
293|1|1|31|-34*A2_2_3*auxQ3_0_17+46*B2_2_3*auxP4_0_23+6*auxP4_1_19*auxQ3_1_13-36*auxP4_2_14+48*auxQ3_2_8
294|1|1|32|-36*A2_2_3+48*B2_2_3
295|1|2|0|3*auxP4_0_1*auxQ3_3_0-auxP4_1_0*auxQ3_2_1+2*auxP4_1_1*auxQ3_2_0-2*auxP4_2_0*auxQ3_1_1+auxP4_2_1*auxQ3_1_0-3*auxP4_3_0*auxQ3_0_1
296|1|2|1|3*auxP4_0_1*auxQ3_3_1+6*auxP4_0_2*auxQ3_3_0-2*auxP4_1_0*auxQ3_2_2+auxP4_1_1*auxQ3_2_1+4*auxP4_1_2*auxQ3_2_0-4*auxP4_2_0*auxQ3_1_2-auxP4_2_1*auxQ3_1_1+2*auxP4_2_2*auxQ3_1_0-6*auxP4_3_0*auxQ3_0_2-3*auxP4_3_1*auxQ3_0_1
297|1|2|2|3*auxP4_0_1*auxQ3_3_2+6*auxP4_0_2*auxQ3_3_1+9*auxP4_0_3*auxQ3_3_0-3*auxP4_1_0*auxQ3_2_3+3*auxP4_1_2*auxQ3_2_1+6*auxP4_1_3*auxQ3_2_0-6*auxP4_2_0*auxQ3_1_3-3*auxP4_2_1*auxQ3_1_2+3*auxP4_2_3*auxQ3_1_0-9*auxP4_3_0*auxQ3_0_3-6*auxP4_3_1*auxQ3_0_2-3*auxP4_3_2*auxQ3_0_1
298|1|2|3|3*auxP4_0_1*auxQ3_3_3+6*auxP4_0_2*auxQ3_3_2+9*auxP4_0_3*auxQ3_3_1+12*auxP4_0_4*auxQ3_3_0-4*auxP4_1_0*auxQ3_2_4-auxP4_1_1*auxQ3_2_3+2*auxP4_1_2*auxQ3_2_2+5*auxP4_1_3*auxQ3_2_1+8*auxP4_1_4*auxQ3_2_0-8*auxP4_2_0*auxQ3_1_4-5*auxP4_2_1*auxQ3_1_3-2*auxP4_2_2*auxQ3_1_2+auxP4_2_3*auxQ3_1_1+4*auxP4_2_4*auxQ3_1_0-12*auxP4_3_0*auxQ3_0_4-9*auxP4_3_1*auxQ3_0_3-6*auxP4_3_2*auxQ3_0_2-3*auxP4_3_3*auxQ3_0_1
299|1|2|4|3*auxP4_0_1*auxQ3_3_4+6*auxP4_0_2*auxQ3_3_3+9*auxP4_0_3*auxQ3_3_2+12*auxP4_0_4*auxQ3_3_1+15*auxP4_0_5*auxQ3_3_0-5*auxP4_1_0*auxQ3_2_5-2*auxP4_1_1*auxQ3_2_4+auxP4_1_2*auxQ3_2_3+4*auxP4_1_3*auxQ3_2_2+7*auxP4_1_4*auxQ3_2_1+10*auxP4_1_5*auxQ3_2_0-10*auxP4_2_0*auxQ3_1_5-7*auxP4_2_1*auxQ3_1_4-4*auxP4_2_2*auxQ3_1_3-auxP4_2_3*auxQ3_1_2+2*auxP4_2_4*auxQ3_1_1+5*auxP4_2_5*auxQ3_1_0-15*auxP4_3_0*auxQ3_0_5-12*auxP4_3_1*auxQ3_0_4-9*auxP4_3_2*auxQ3_0_3-6*auxP4_3_3*auxQ3_0_2-3*auxP4_3_4*auxQ3_0_1
300|1|2|5|3*B3_3_5*auxP4_0_1+6*auxP4_0_2*auxQ3_3_4+9*auxP4_0_3*auxQ3_3_3+12*auxP4_0_4*auxQ3_3_2+15*auxP4_0_5*auxQ3_3_1+18*auxP4_0_6*auxQ3_3_0-6*auxP4_1_0*auxQ3_2_6-3*auxP4_1_1*auxQ3_2_5+3*auxP4_1_3*auxQ3_2_3+6*auxP4_1_4*auxQ3_2_2+9*auxP4_1_5*auxQ3_2_1+12*auxP4_1_6*auxQ3_2_0-12*auxP4_2_0*auxQ3_1_6-9*auxP4_2_1*auxQ3_1_5-6*auxP4_2_2*auxQ3_1_4-3*auxP4_2_3*auxQ3_1_3+3*auxP4_2_5*auxQ3_1_1+6*auxP4_2_6*auxQ3_1_0-18*auxP4_3_0*auxQ3_0_6-15*auxP4_3_1*auxQ3_0_5-12*auxP4_3_2*auxQ3_0_4-9*auxP4_3_3*auxQ3_0_3-6*auxP4_3_4*auxQ3_0_2-3*auxP4_3_5*auxQ3_0_1
301|1|2|6|6*B3_3_5*auxP4_0_2+9*auxP4_0_3*auxQ3_3_4+12*auxP4_0_4*auxQ3_3_3+15*auxP4_0_5*auxQ3_3_2+18*auxP4_0_6*auxQ3_3_1+21*auxP4_0_7*auxQ3_3_0-7*auxP4_1_0*auxQ3_2_7-4*auxP4_1_1*auxQ3_2_6-auxP4_1_2*auxQ3_2_5+2*auxP4_1_3*auxQ3_2_4+5*auxP4_1_4*auxQ3_2_3+8*auxP4_1_5*auxQ3_2_2+11*auxP4_1_6*auxQ3_2_1+14*auxP4_1_7*auxQ3_2_0-14*auxP4_2_0*auxQ3_1_7-11*auxP4_2_1*auxQ3_1_6-8*auxP4_2_2*auxQ3_1_5-5*auxP4_2_3*auxQ3_1_4-2*auxP4_2_4*auxQ3_1_3+auxP4_2_5*auxQ3_1_2+4*auxP4_2_6*auxQ3_1_1+7*auxP4_2_7*auxQ3_1_0-21*auxP4_3_0*auxQ3_0_7-18*auxP4_3_1*auxQ3_0_6-15*auxP4_3_2*auxQ3_0_5-12*auxP4_3_3*auxQ3_0_4-9*auxP4_3_4*auxQ3_0_3-6*auxP4_3_5*auxQ3_0_2-3*auxP4_3_6*auxQ3_0_1
302|1|2|7|9*B3_3_5*auxP4_0_3+12*auxP4_0_4*auxQ3_3_4+15*auxP4_0_5*auxQ3_3_3+18*auxP4_0_6*auxQ3_3_2+21*auxP4_0_7*auxQ3_3_1+24*auxP4_0_8*auxQ3_3_0-8*auxP4_1_0*auxQ3_2_8-5*auxP4_1_1*auxQ3_2_7-2*auxP4_1_2*auxQ3_2_6+auxP4_1_3*auxQ3_2_5+4*auxP4_1_4*auxQ3_2_4+7*auxP4_1_5*auxQ3_2_3+10*auxP4_1_6*auxQ3_2_2+13*auxP4_1_7*auxQ3_2_1+16*auxP4_1_8*auxQ3_2_0-16*auxP4_2_0*auxQ3_1_8-13*auxP4_2_1*auxQ3_1_7-10*auxP4_2_2*auxQ3_1_6-7*auxP4_2_3*auxQ3_1_5-4*auxP4_2_4*auxQ3_1_4-auxP4_2_5*auxQ3_1_3+2*auxP4_2_6*auxQ3_1_2+5*auxP4_2_7*auxQ3_1_1+8*auxP4_2_8*auxQ3_1_0-24*auxP4_3_0*auxQ3_0_8-21*auxP4_3_1*auxQ3_0_7-18*auxP4_3_2*auxQ3_0_6-15*auxP4_3_3*auxQ3_0_5-12*auxP4_3_4*auxQ3_0_4-9*auxP4_3_5*auxQ3_0_3-6*auxP4_3_6*auxQ3_0_2-3*auxP4_3_7*auxQ3_0_1
303|1|2|8|-9*B2_2_3*auxP4_1_0+12*B3_3_5*auxP4_0_4+15*auxP4_0_5*auxQ3_3_4+18*auxP4_0_6*auxQ3_3_3+21*auxP4_0_7*auxQ3_3_2+24*auxP4_0_8*auxQ3_3_1+27*auxP4_0_9*auxQ3_3_0-6*auxP4_1_1*auxQ3_2_8-3*auxP4_1_2*auxQ3_2_7+3*auxP4_1_4*auxQ3_2_5+6*auxP4_1_5*auxQ3_2_4+9*auxP4_1_6*auxQ3_2_3+12*auxP4_1_7*auxQ3_2_2+15*auxP4_1_8*auxQ3_2_1+18*auxP4_1_9*auxQ3_2_0-18*auxP4_2_0*auxQ3_1_9-15*auxP4_2_1*auxQ3_1_8-12*auxP4_2_2*auxQ3_1_7-9*auxP4_2_3*auxQ3_1_6-6*auxP4_2_4*auxQ3_1_5-3*auxP4_2_5*auxQ3_1_4+3*auxP4_2_7*auxQ3_1_2+6*auxP4_2_8*auxQ3_1_1+9*auxP4_2_9*auxQ3_1_0-27*auxP4_3_0*auxQ3_0_9-24*auxP4_3_1*auxQ3_0_8-21*auxP4_3_2*auxQ3_0_7-18*auxP4_3_3*auxQ3_0_6-15*auxP4_3_4*auxQ3_0_5-12*auxP4_3_5*auxQ3_0_4-9*auxP4_3_6*auxQ3_0_3-6*auxP4_3_7*auxQ3_0_2-3*auxP4_3_8*auxQ3_0_1
304|1|2|9|-7*B2_2_3*auxP4_1_1+15*B3_3_5*auxP4_0_5+30*auxP4_0_10*auxQ3_3_0+18*auxP4_0_6*auxQ3_3_4+21*auxP4_0_7*auxQ3_3_3+24*auxP4_0_8*auxQ3_3_2+27*auxP4_0_9*auxQ3_3_1+20*auxP4_1_10*auxQ3_2_0-4*auxP4_1_2*auxQ3_2_8-auxP4_1_3*auxQ3_2_7+2*auxP4_1_4*auxQ3_2_6+5*auxP4_1_5*auxQ3_2_5+8*auxP4_1_6*auxQ3_2_4+11*auxP4_1_7*auxQ3_2_3+14*auxP4_1_8*auxQ3_2_2+17*auxP4_1_9*auxQ3_2_1-20*auxP4_2_0*auxQ3_1_10-17*auxP4_2_1*auxQ3_1_9+10*auxP4_2_10*auxQ3_1_0-14*auxP4_2_2*auxQ3_1_8-11*auxP4_2_3*auxQ3_1_7-8*auxP4_2_4*auxQ3_1_6-5*auxP4_2_5*auxQ3_1_5-2*auxP4_2_6*auxQ3_1_4+auxP4_2_7*auxQ3_1_3+4*auxP4_2_8*auxQ3_1_2+7*auxP4_2_9*auxQ3_1_1-30*auxP4_3_0*auxQ3_0_10-27*auxP4_3_1*auxQ3_0_9-24*auxP4_3_2*auxQ3_0_8-21*auxP4_3_3*auxQ3_0_7-18*auxP4_3_4*auxQ3_0_6-15*auxP4_3_5*auxQ3_0_5-12*auxP4_3_6*auxQ3_0_4-9*auxP4_3_7*auxQ3_0_3-6*auxP4_3_8*auxQ3_0_2-3*auxP4_3_9*auxQ3_0_1
305|1|2|10|-5*B2_2_3*auxP4_1_2+18*B3_3_5*auxP4_0_6+30*auxP4_0_10*auxQ3_3_1+33*auxP4_0_11*auxQ3_3_0+21*auxP4_0_7*auxQ3_3_4+24*auxP4_0_8*auxQ3_3_3+27*auxP4_0_9*auxQ3_3_2+19*auxP4_1_10*auxQ3_2_1+22*auxP4_1_11*auxQ3_2_0-2*auxP4_1_3*auxQ3_2_8+auxP4_1_4*auxQ3_2_7+4*auxP4_1_5*auxQ3_2_6+7*auxP4_1_6*auxQ3_2_5+10*auxP4_1_7*auxQ3_2_4+13*auxP4_1_8*auxQ3_2_3+16*auxP4_1_9*auxQ3_2_2-22*auxP4_2_0*auxQ3_1_11-19*auxP4_2_1*auxQ3_1_10+8*auxP4_2_10*auxQ3_1_1+11*auxP4_2_11*auxQ3_1_0-16*auxP4_2_2*auxQ3_1_9-13*auxP4_2_3*auxQ3_1_8-10*auxP4_2_4*auxQ3_1_7-7*auxP4_2_5*auxQ3_1_6-4*auxP4_2_6*auxQ3_1_5-auxP4_2_7*auxQ3_1_4+2*auxP4_2_8*auxQ3_1_3+5*auxP4_2_9*auxQ3_1_2-33*auxP4_3_0*auxQ3_0_11-30*auxP4_3_1*auxQ3_0_10-3*auxP4_3_10*auxQ3_0_1-27*auxP4_3_2*auxQ3_0_9-24*auxP4_3_3*auxQ3_0_8-21*auxP4_3_4*auxQ3_0_7-18*auxP4_3_5*auxQ3_0_6-15*auxP4_3_6*auxQ3_0_5-12*auxP4_3_7*auxQ3_0_4-9*auxP4_3_8*auxQ3_0_3-6*auxP4_3_9*auxQ3_0_2
306|1|2|11|-3*A3_3_5*auxQ3_0_1-3*B2_2_3*auxP4_1_3+21*B3_3_5*auxP4_0_7+30*auxP4_0_10*auxQ3_3_2+33*auxP4_0_11*auxQ3_3_1+36*auxP4_0_12*auxQ3_3_0+24*auxP4_0_8*auxQ3_3_4+27*auxP4_0_9*auxQ3_3_3+18*auxP4_1_10*auxQ3_2_2+21*auxP4_1_11*auxQ3_2_1+24*auxP4_1_12*auxQ3_2_0+3*auxP4_1_5*auxQ3_2_7+6*auxP4_1_6*auxQ3_2_6+9*auxP4_1_7*auxQ3_2_5+12*auxP4_1_8*auxQ3_2_4+15*auxP4_1_9*auxQ3_2_3-24*auxP4_2_0*auxQ3_1_12-21*auxP4_2_1*auxQ3_1_11+6*auxP4_2_10*auxQ3_1_2+9*auxP4_2_11*auxQ3_1_1+12*auxP4_2_12*auxQ3_1_0-18*auxP4_2_2*auxQ3_1_10-15*auxP4_2_3*auxQ3_1_9-12*auxP4_2_4*auxQ3_1_8-9*auxP4_2_5*auxQ3_1_7-6*auxP4_2_6*auxQ3_1_6-3*auxP4_2_7*auxQ3_1_5+3*auxP4_2_9*auxQ3_1_3-36*auxP4_3_0*auxQ3_0_12-33*auxP4_3_1*auxQ3_0_11-6*auxP4_3_10*auxQ3_0_2-30*auxP4_3_2*auxQ3_0_10-27*auxP4_3_3*auxQ3_0_9-24*auxP4_3_4*auxQ3_0_8-21*auxP4_3_5*auxQ3_0_7-18*auxP4_3_6*auxQ3_0_6-15*auxP4_3_7*auxQ3_0_5-12*auxP4_3_8*auxQ3_0_4-9*auxP4_3_9*auxQ3_0_3
307|1|2|12|-6*A3_3_5*auxQ3_0_2-B2_2_3*auxP4_1_4+24*B3_3_5*auxP4_0_8+30*auxP4_0_10*auxQ3_3_3+33*auxP4_0_11*auxQ3_3_2+36*auxP4_0_12*auxQ3_3_1+39*auxP4_0_13*auxQ3_3_0+27*auxP4_0_9*auxQ3_3_4+17*auxP4_1_10*auxQ3_2_3+20*auxP4_1_11*auxQ3_2_2+23*auxP4_1_12*auxQ3_2_1+26*auxP4_1_13*auxQ3_2_0+2*auxP4_1_5*auxQ3_2_8+5*auxP4_1_6*auxQ3_2_7+8*auxP4_1_7*auxQ3_2_6+11*auxP4_1_8*auxQ3_2_5+14*auxP4_1_9*auxQ3_2_4-26*auxP4_2_0*auxQ3_1_13-23*auxP4_2_1*auxQ3_1_12+4*auxP4_2_10*auxQ3_1_3+7*auxP4_2_11*auxQ3_1_2+10*auxP4_2_12*auxQ3_1_1+13*auxP4_2_13*auxQ3_1_0-20*auxP4_2_2*auxQ3_1_11-17*auxP4_2_3*auxQ3_1_10-14*auxP4_2_4*auxQ3_1_9-11*auxP4_2_5*auxQ3_1_8-8*auxP4_2_6*auxQ3_1_7-5*auxP4_2_7*auxQ3_1_6-2*auxP4_2_8*auxQ3_1_5+auxP4_2_9*auxQ3_1_4-39*auxP4_3_0*auxQ3_0_13-36*auxP4_3_1*auxQ3_0_12-9*auxP4_3_10*auxQ3_0_3-33*auxP4_3_2*auxQ3_0_11-30*auxP4_3_3*auxQ3_0_10-27*auxP4_3_4*auxQ3_0_9-24*auxP4_3_5*auxQ3_0_8-21*auxP4_3_6*auxQ3_0_7-18*auxP4_3_7*auxQ3_0_6-15*auxP4_3_8*auxQ3_0_5-12*auxP4_3_9*auxQ3_0_4
308|1|2|13|-9*A3_3_5*auxQ3_0_3+B2_2_3*auxP4_1_5+27*B3_3_5*auxP4_0_9+30*auxP4_0_10*auxQ3_3_4+33*auxP4_0_11*auxQ3_3_3+36*auxP4_0_12*auxQ3_3_2+39*auxP4_0_13*auxQ3_3_1+42*auxP4_0_14*auxQ3_3_0+16*auxP4_1_10*auxQ3_2_4+19*auxP4_1_11*auxQ3_2_3+22*auxP4_1_12*auxQ3_2_2+25*auxP4_1_13*auxQ3_2_1+28*auxP4_1_14*auxQ3_2_0+4*auxP4_1_6*auxQ3_2_8+7*auxP4_1_7*auxQ3_2_7+10*auxP4_1_8*auxQ3_2_6+13*auxP4_1_9*auxQ3_2_5-25*auxP4_2_1*auxQ3_1_13+2*auxP4_2_10*auxQ3_1_4+5*auxP4_2_11*auxQ3_1_3+8*auxP4_2_12*auxQ3_1_2+11*auxP4_2_13*auxQ3_1_1+14*auxP4_2_14*auxQ3_1_0-22*auxP4_2_2*auxQ3_1_12-19*auxP4_2_3*auxQ3_1_11-16*auxP4_2_4*auxQ3_1_10-13*auxP4_2_5*auxQ3_1_9-10*auxP4_2_6*auxQ3_1_8-7*auxP4_2_7*auxQ3_1_7-4*auxP4_2_8*auxQ3_1_6-auxP4_2_9*auxQ3_1_5-42*auxP4_3_0*auxQ3_0_14-39*auxP4_3_1*auxQ3_0_13-12*auxP4_3_10*auxQ3_0_4-36*auxP4_3_2*auxQ3_0_12-33*auxP4_3_3*auxQ3_0_11-30*auxP4_3_4*auxQ3_0_10-27*auxP4_3_5*auxQ3_0_9-24*auxP4_3_6*auxQ3_0_8-21*auxP4_3_7*auxQ3_0_7-18*auxP4_3_8*auxQ3_0_6-15*auxP4_3_9*auxQ3_0_5
309|1|2|14|15*A2_2_3*auxQ3_1_0-12*A3_3_5*auxQ3_0_4+3*B2_2_3*auxP4_1_6+30*B3_3_5*auxP4_0_10+33*auxP4_0_11*auxQ3_3_4+36*auxP4_0_12*auxQ3_3_3+39*auxP4_0_13*auxQ3_3_2+42*auxP4_0_14*auxQ3_3_1+45*auxP4_0_15*auxQ3_3_0+15*auxP4_1_10*auxQ3_2_5+18*auxP4_1_11*auxQ3_2_4+21*auxP4_1_12*auxQ3_2_3+24*auxP4_1_13*auxQ3_2_2+27*auxP4_1_14*auxQ3_2_1+30*auxP4_1_15*auxQ3_2_0+6*auxP4_1_7*auxQ3_2_8+9*auxP4_1_8*auxQ3_2_7+12*auxP4_1_9*auxQ3_2_6+3*auxP4_2_11*auxQ3_1_4+6*auxP4_2_12*auxQ3_1_3+9*auxP4_2_13*auxQ3_1_2+12*auxP4_2_14*auxQ3_1_1-24*auxP4_2_2*auxQ3_1_13-21*auxP4_2_3*auxQ3_1_12-18*auxP4_2_4*auxQ3_1_11-15*auxP4_2_5*auxQ3_1_10-12*auxP4_2_6*auxQ3_1_9-9*auxP4_2_7*auxQ3_1_8-6*auxP4_2_8*auxQ3_1_7-3*auxP4_2_9*auxQ3_1_6-45*auxP4_3_0*auxQ3_0_15-42*auxP4_3_1*auxQ3_0_14-15*auxP4_3_10*auxQ3_0_5-39*auxP4_3_2*auxQ3_0_13-36*auxP4_3_3*auxQ3_0_12-33*auxP4_3_4*auxQ3_0_11-30*auxP4_3_5*auxQ3_0_10-27*auxP4_3_6*auxQ3_0_9-24*auxP4_3_7*auxQ3_0_8-21*auxP4_3_8*auxQ3_0_7-18*auxP4_3_9*auxQ3_0_6
310|1|2|15|13*A2_2_3*auxQ3_1_1-15*A3_3_5*auxQ3_0_5+5*B2_2_3*auxP4_1_7+33*B3_3_5*auxP4_0_11+36*auxP4_0_12*auxQ3_3_4+39*auxP4_0_13*auxQ3_3_3+42*auxP4_0_14*auxQ3_3_2+45*auxP4_0_15*auxQ3_3_1+48*auxP4_0_16*auxQ3_3_0+14*auxP4_1_10*auxQ3_2_6+17*auxP4_1_11*auxQ3_2_5+20*auxP4_1_12*auxQ3_2_4+23*auxP4_1_13*auxQ3_2_3+26*auxP4_1_14*auxQ3_2_2+29*auxP4_1_15*auxQ3_2_1+32*auxP4_1_16*auxQ3_2_0+8*auxP4_1_8*auxQ3_2_8+11*auxP4_1_9*auxQ3_2_7-2*auxP4_2_10*auxQ3_1_6+auxP4_2_11*auxQ3_1_5+4*auxP4_2_12*auxQ3_1_4+7*auxP4_2_13*auxQ3_1_3+10*auxP4_2_14*auxQ3_1_2-23*auxP4_2_3*auxQ3_1_13-20*auxP4_2_4*auxQ3_1_12-17*auxP4_2_5*auxQ3_1_11-14*auxP4_2_6*auxQ3_1_10-11*auxP4_2_7*auxQ3_1_9-8*auxP4_2_8*auxQ3_1_8-5*auxP4_2_9*auxQ3_1_7-48*auxP4_3_0*auxQ3_0_16-45*auxP4_3_1*auxQ3_0_15-18*auxP4_3_10*auxQ3_0_6-42*auxP4_3_2*auxQ3_0_14-39*auxP4_3_3*auxQ3_0_13-36*auxP4_3_4*auxQ3_0_12-33*auxP4_3_5*auxQ3_0_11-30*auxP4_3_6*auxQ3_0_10-27*auxP4_3_7*auxQ3_0_9-24*auxP4_3_8*auxQ3_0_8-21*auxP4_3_9*auxQ3_0_7
311|1|2|16|11*A2_2_3*auxQ3_1_2-18*A3_3_5*auxQ3_0_6+7*B2_2_3*auxP4_1_8+36*B3_3_5*auxP4_0_12+39*auxP4_0_13*auxQ3_3_4+42*auxP4_0_14*auxQ3_3_3+45*auxP4_0_15*auxQ3_3_2+48*auxP4_0_16*auxQ3_3_1+51*auxP4_0_17*auxQ3_3_0+13*auxP4_1_10*auxQ3_2_7+16*auxP4_1_11*auxQ3_2_6+19*auxP4_1_12*auxQ3_2_5+22*auxP4_1_13*auxQ3_2_4+25*auxP4_1_14*auxQ3_2_3+28*auxP4_1_15*auxQ3_2_2+31*auxP4_1_16*auxQ3_2_1+34*auxP4_1_17*auxQ3_2_0+10*auxP4_1_9*auxQ3_2_8-4*auxP4_2_10*auxQ3_1_7-auxP4_2_11*auxQ3_1_6+2*auxP4_2_12*auxQ3_1_5+5*auxP4_2_13*auxQ3_1_4+8*auxP4_2_14*auxQ3_1_3-22*auxP4_2_4*auxQ3_1_13-19*auxP4_2_5*auxQ3_1_12-16*auxP4_2_6*auxQ3_1_11-13*auxP4_2_7*auxQ3_1_10-10*auxP4_2_8*auxQ3_1_9-7*auxP4_2_9*auxQ3_1_8-51*auxP4_3_0*auxQ3_0_17-48*auxP4_3_1*auxQ3_0_16-21*auxP4_3_10*auxQ3_0_7-45*auxP4_3_2*auxQ3_0_15-42*auxP4_3_3*auxQ3_0_14-39*auxP4_3_4*auxQ3_0_13-36*auxP4_3_5*auxQ3_0_12-33*auxP4_3_6*auxQ3_0_11-30*auxP4_3_7*auxQ3_0_10-27*auxP4_3_8*auxQ3_0_9-24*auxP4_3_9*auxQ3_0_8
312|1|2|17|9*A2_2_3*auxQ3_1_3-21*A3_3_5*auxQ3_0_7+9*B2_2_3*auxP4_1_9+39*B3_3_5*auxP4_0_13+42*auxP4_0_14*auxQ3_3_4+45*auxP4_0_15*auxQ3_3_3+48*auxP4_0_16*auxQ3_3_2+51*auxP4_0_17*auxQ3_3_1+54*auxP4_0_18*auxQ3_3_0+12*auxP4_1_10*auxQ3_2_8+15*auxP4_1_11*auxQ3_2_7+18*auxP4_1_12*auxQ3_2_6+21*auxP4_1_13*auxQ3_2_5+24*auxP4_1_14*auxQ3_2_4+27*auxP4_1_15*auxQ3_2_3+30*auxP4_1_16*auxQ3_2_2+33*auxP4_1_17*auxQ3_2_1+36*auxP4_1_18*auxQ3_2_0-6*auxP4_2_10*auxQ3_1_8-3*auxP4_2_11*auxQ3_1_7+3*auxP4_2_13*auxQ3_1_5+6*auxP4_2_14*auxQ3_1_4-21*auxP4_2_5*auxQ3_1_13-18*auxP4_2_6*auxQ3_1_12-15*auxP4_2_7*auxQ3_1_11-12*auxP4_2_8*auxQ3_1_10-9*auxP4_2_9*auxQ3_1_9-54*auxP4_3_0-51*auxP4_3_1*auxQ3_0_17-24*auxP4_3_10*auxQ3_0_8-48*auxP4_3_2*auxQ3_0_16-45*auxP4_3_3*auxQ3_0_15-42*auxP4_3_4*auxQ3_0_14-39*auxP4_3_5*auxQ3_0_13-36*auxP4_3_6*auxQ3_0_12-33*auxP4_3_7*auxQ3_0_11-30*auxP4_3_8*auxQ3_0_10-27*auxP4_3_9*auxQ3_0_9
313|1|2|18|7*A2_2_3*auxQ3_1_4-24*A3_3_5*auxQ3_0_8+11*B2_2_3*auxP4_1_10+42*B3_3_5*auxP4_0_14+45*auxP4_0_15*auxQ3_3_4+48*auxP4_0_16*auxQ3_3_3+51*auxP4_0_17*auxQ3_3_2+54*auxP4_0_18*auxQ3_3_1+57*auxP4_0_19*auxQ3_3_0+14*auxP4_1_11*auxQ3_2_8+17*auxP4_1_12*auxQ3_2_7+20*auxP4_1_13*auxQ3_2_6+23*auxP4_1_14*auxQ3_2_5+26*auxP4_1_15*auxQ3_2_4+29*auxP4_1_16*auxQ3_2_3+32*auxP4_1_17*auxQ3_2_2+35*auxP4_1_18*auxQ3_2_1+38*auxP4_1_19*auxQ3_2_0-8*auxP4_2_10*auxQ3_1_9-5*auxP4_2_11*auxQ3_1_8-2*auxP4_2_12*auxQ3_1_7+auxP4_2_13*auxQ3_1_6+4*auxP4_2_14*auxQ3_1_5-20*auxP4_2_6*auxQ3_1_13-17*auxP4_2_7*auxQ3_1_12-14*auxP4_2_8*auxQ3_1_11-11*auxP4_2_9*auxQ3_1_10-54*auxP4_3_1-27*auxP4_3_10*auxQ3_0_9-51*auxP4_3_2*auxQ3_0_17-48*auxP4_3_3*auxQ3_0_16-45*auxP4_3_4*auxQ3_0_15-42*auxP4_3_5*auxQ3_0_14-39*auxP4_3_6*auxQ3_0_13-36*auxP4_3_7*auxQ3_0_12-33*auxP4_3_8*auxQ3_0_11-30*auxP4_3_9*auxQ3_0_10
314|1|2|19|5*A2_2_3*auxQ3_1_5-27*A3_3_5*auxQ3_0_9+13*B2_2_3*auxP4_1_11+45*B3_3_5*auxP4_0_15+48*auxP4_0_16*auxQ3_3_4+51*auxP4_0_17*auxQ3_3_3+54*auxP4_0_18*auxQ3_3_2+57*auxP4_0_19*auxQ3_3_1+60*auxP4_0_20*auxQ3_3_0+16*auxP4_1_12*auxQ3_2_8+19*auxP4_1_13*auxQ3_2_7+22*auxP4_1_14*auxQ3_2_6+25*auxP4_1_15*auxQ3_2_5+28*auxP4_1_16*auxQ3_2_4+31*auxP4_1_17*auxQ3_2_3+34*auxP4_1_18*auxQ3_2_2+37*auxP4_1_19*auxQ3_2_1-10*auxP4_2_10*auxQ3_1_10-7*auxP4_2_11*auxQ3_1_9-4*auxP4_2_12*auxQ3_1_8-auxP4_2_13*auxQ3_1_7+2*auxP4_2_14*auxQ3_1_6-19*auxP4_2_7*auxQ3_1_13-16*auxP4_2_8*auxQ3_1_12-13*auxP4_2_9*auxQ3_1_11-30*auxP4_3_10*auxQ3_0_10-54*auxP4_3_2-51*auxP4_3_3*auxQ3_0_17-48*auxP4_3_4*auxQ3_0_16-45*auxP4_3_5*auxQ3_0_15-42*auxP4_3_6*auxQ3_0_14-39*auxP4_3_7*auxQ3_0_13-36*auxP4_3_8*auxQ3_0_12-33*auxP4_3_9*auxQ3_0_11
315|1|2|20|3*A2_2_3*auxQ3_1_6-30*A3_3_5*auxQ3_0_10+15*B2_2_3*auxP4_1_12+48*B3_3_5*auxP4_0_16+51*auxP4_0_17*auxQ3_3_4+54*auxP4_0_18*auxQ3_3_3+57*auxP4_0_19*auxQ3_3_2+60*auxP4_0_20*auxQ3_3_1+63*auxP4_0_21*auxQ3_3_0+18*auxP4_1_13*auxQ3_2_8+21*auxP4_1_14*auxQ3_2_7+24*auxP4_1_15*auxQ3_2_6+27*auxP4_1_16*auxQ3_2_5+30*auxP4_1_17*auxQ3_2_4+33*auxP4_1_18*auxQ3_2_3+36*auxP4_1_19*auxQ3_2_2-12*auxP4_2_10*auxQ3_1_11-9*auxP4_2_11*auxQ3_1_10-6*auxP4_2_12*auxQ3_1_9-3*auxP4_2_13*auxQ3_1_8-18*auxP4_2_8*auxQ3_1_13-15*auxP4_2_9*auxQ3_1_12-33*auxP4_3_10*auxQ3_0_11-54*auxP4_3_3-51*auxP4_3_4*auxQ3_0_17-48*auxP4_3_5*auxQ3_0_16-45*auxP4_3_6*auxQ3_0_15-42*auxP4_3_7*auxQ3_0_14-39*auxP4_3_8*auxQ3_0_13-36*auxP4_3_9*auxQ3_0_12
316|1|2|21|A2_2_3*auxQ3_1_7-33*A3_3_5*auxQ3_0_11+17*B2_2_3*auxP4_1_13+51*B3_3_5*auxP4_0_17+54*auxP4_0_18*auxQ3_3_4+57*auxP4_0_19*auxQ3_3_3+60*auxP4_0_20*auxQ3_3_2+63*auxP4_0_21*auxQ3_3_1+66*auxP4_0_22*auxQ3_3_0+20*auxP4_1_14*auxQ3_2_8+23*auxP4_1_15*auxQ3_2_7+26*auxP4_1_16*auxQ3_2_6+29*auxP4_1_17*auxQ3_2_5+32*auxP4_1_18*auxQ3_2_4+35*auxP4_1_19*auxQ3_2_3-14*auxP4_2_10*auxQ3_1_12-11*auxP4_2_11*auxQ3_1_11-8*auxP4_2_12*auxQ3_1_10-5*auxP4_2_13*auxQ3_1_9-2*auxP4_2_14*auxQ3_1_8-17*auxP4_2_9*auxQ3_1_13-36*auxP4_3_10*auxQ3_0_12-54*auxP4_3_4-51*auxP4_3_5*auxQ3_0_17-48*auxP4_3_6*auxQ3_0_16-45*auxP4_3_7*auxQ3_0_15-42*auxP4_3_8*auxQ3_0_14-39*auxP4_3_9*auxQ3_0_13
317|1|2|22|-A2_2_3*auxQ3_1_8-36*A3_3_5*auxQ3_0_12+19*B2_2_3*auxP4_1_14+54*B3_3_5*auxP4_0_18+57*auxP4_0_19*auxQ3_3_4+60*auxP4_0_20*auxQ3_3_3+63*auxP4_0_21*auxQ3_3_2+66*auxP4_0_22*auxQ3_3_1+69*auxP4_0_23*auxQ3_3_0+22*auxP4_1_15*auxQ3_2_8+25*auxP4_1_16*auxQ3_2_7+28*auxP4_1_17*auxQ3_2_6+31*auxP4_1_18*auxQ3_2_5+34*auxP4_1_19*auxQ3_2_4-16*auxP4_2_10*auxQ3_1_13-13*auxP4_2_11*auxQ3_1_12-10*auxP4_2_12*auxQ3_1_11-7*auxP4_2_13*auxQ3_1_10-4*auxP4_2_14*auxQ3_1_9-39*auxP4_3_10*auxQ3_0_13-54*auxP4_3_5-51*auxP4_3_6*auxQ3_0_17-48*auxP4_3_7*auxQ3_0_16-45*auxP4_3_8*auxQ3_0_15-42*auxP4_3_9*auxQ3_0_14
318|1|2|23|-3*A2_2_3*auxQ3_1_9-39*A3_3_5*auxQ3_0_13+21*B2_2_3*auxP4_1_15+57*B3_3_5*auxP4_0_19+60*auxP4_0_20*auxQ3_3_4+63*auxP4_0_21*auxQ3_3_3+66*auxP4_0_22*auxQ3_3_2+69*auxP4_0_23*auxQ3_3_1+24*auxP4_1_16*auxQ3_2_8+27*auxP4_1_17*auxQ3_2_7+30*auxP4_1_18*auxQ3_2_6+33*auxP4_1_19*auxQ3_2_5-15*auxP4_2_11*auxQ3_1_13-12*auxP4_2_12*auxQ3_1_12-9*auxP4_2_13*auxQ3_1_11-6*auxP4_2_14*auxQ3_1_10-42*auxP4_3_10*auxQ3_0_14-54*auxP4_3_6-51*auxP4_3_7*auxQ3_0_17-48*auxP4_3_8*auxQ3_0_16-45*auxP4_3_9*auxQ3_0_15+72*auxQ3_3_0
319|1|2|24|-5*A2_2_3*auxQ3_1_10-42*A3_3_5*auxQ3_0_14+23*B2_2_3*auxP4_1_16+60*B3_3_5*auxP4_0_20+63*auxP4_0_21*auxQ3_3_4+66*auxP4_0_22*auxQ3_3_3+69*auxP4_0_23*auxQ3_3_2+26*auxP4_1_17*auxQ3_2_8+29*auxP4_1_18*auxQ3_2_7+32*auxP4_1_19*auxQ3_2_6-14*auxP4_2_12*auxQ3_1_13-11*auxP4_2_13*auxQ3_1_12-8*auxP4_2_14*auxQ3_1_11-45*auxP4_3_10*auxQ3_0_15-54*auxP4_3_7-51*auxP4_3_8*auxQ3_0_17-48*auxP4_3_9*auxQ3_0_16+72*auxQ3_3_1
320|1|2|25|-7*A2_2_3*auxQ3_1_11-45*A3_3_5*auxQ3_0_15+25*B2_2_3*auxP4_1_17+63*B3_3_5*auxP4_0_21+66*auxP4_0_22*auxQ3_3_4+69*auxP4_0_23*auxQ3_3_3+28*auxP4_1_18*auxQ3_2_8+31*auxP4_1_19*auxQ3_2_7-13*auxP4_2_13*auxQ3_1_13-10*auxP4_2_14*auxQ3_1_12-48*auxP4_3_10*auxQ3_0_16-54*auxP4_3_8-51*auxP4_3_9*auxQ3_0_17+72*auxQ3_3_2
321|1|2|26|-9*A2_2_3*auxQ3_1_12-48*A3_3_5*auxQ3_0_16+27*B2_2_3*auxP4_1_18+66*B3_3_5*auxP4_0_22+69*auxP4_0_23*auxQ3_3_4+30*auxP4_1_19*auxQ3_2_8-12*auxP4_2_14*auxQ3_1_13-51*auxP4_3_10*auxQ3_0_17-54*auxP4_3_9+72*auxQ3_3_3
322|1|2|27|-11*A2_2_3*auxQ3_1_13-51*A3_3_5*auxQ3_0_17+29*B2_2_3*auxP4_1_19+69*B3_3_5*auxP4_0_23-54*auxP4_3_10+72*auxQ3_3_4
323|1|2|28|-54*A3_3_5+72*B3_3_5
324|1|3|0|4*B3_4_0*auxP4_0_1-auxP4_1_0*auxQ3_3_1+3*auxP4_1_1*auxQ3_3_0-2*auxP4_2_0*auxQ3_2_1+2*auxP4_2_1*auxQ3_2_0-3*auxP4_3_0*auxQ3_1_1+auxP4_3_1*auxQ3_1_0-4*auxP4_4_0*auxQ3_0_1
325|1|3|1|8*B3_4_0*auxP4_0_2-2*auxP4_1_0*auxQ3_3_2+2*auxP4_1_1*auxQ3_3_1+6*auxP4_1_2*auxQ3_3_0-4*auxP4_2_0*auxQ3_2_2+4*auxP4_2_2*auxQ3_2_0-6*auxP4_3_0*auxQ3_1_2-2*auxP4_3_1*auxQ3_1_1+2*auxP4_3_2*auxQ3_1_0-8*auxP4_4_0*auxQ3_0_2-4*auxP4_4_1*auxQ3_0_1
326|1|3|2|12*B3_4_0*auxP4_0_3-3*auxP4_1_0*auxQ3_3_3+auxP4_1_1*auxQ3_3_2+5*auxP4_1_2*auxQ3_3_1+9*auxP4_1_3*auxQ3_3_0-6*auxP4_2_0*auxQ3_2_3-2*auxP4_2_1*auxQ3_2_2+2*auxP4_2_2*auxQ3_2_1+6*auxP4_2_3*auxQ3_2_0-9*auxP4_3_0*auxQ3_1_3-5*auxP4_3_1*auxQ3_1_2-auxP4_3_2*auxQ3_1_1+3*auxP4_3_3*auxQ3_1_0-12*auxP4_4_0*auxQ3_0_3-8*auxP4_4_1*auxQ3_0_2-4*auxP4_4_2*auxQ3_0_1
327|1|3|3|16*B3_4_0*auxP4_0_4-4*auxP4_1_0*auxQ3_3_4+4*auxP4_1_2*auxQ3_3_2+8*auxP4_1_3*auxQ3_3_1+12*auxP4_1_4*auxQ3_3_0-8*auxP4_2_0*auxQ3_2_4-4*auxP4_2_1*auxQ3_2_3+4*auxP4_2_3*auxQ3_2_1+8*auxP4_2_4*auxQ3_2_0-12*auxP4_3_0*auxQ3_1_4-8*auxP4_3_1*auxQ3_1_3-4*auxP4_3_2*auxQ3_1_2+4*auxP4_3_4*auxQ3_1_0-16*auxP4_4_0*auxQ3_0_4-12*auxP4_4_1*auxQ3_0_3-8*auxP4_4_2*auxQ3_0_2-4*auxP4_4_3*auxQ3_0_1
328|1|3|4|-5*B3_3_5*auxP4_1_0+20*B3_4_0*auxP4_0_5-auxP4_1_1*auxQ3_3_4+3*auxP4_1_2*auxQ3_3_3+7*auxP4_1_3*auxQ3_3_2+11*auxP4_1_4*auxQ3_3_1+15*auxP4_1_5*auxQ3_3_0-10*auxP4_2_0*auxQ3_2_5-6*auxP4_2_1*auxQ3_2_4-2*auxP4_2_2*auxQ3_2_3+2*auxP4_2_3*auxQ3_2_2+6*auxP4_2_4*auxQ3_2_1+10*auxP4_2_5*auxQ3_2_0-15*auxP4_3_0*auxQ3_1_5-11*auxP4_3_1*auxQ3_1_4-7*auxP4_3_2*auxQ3_1_3-3*auxP4_3_3*auxQ3_1_2+auxP4_3_4*auxQ3_1_1+5*auxP4_3_5*auxQ3_1_0-20*auxP4_4_0*auxQ3_0_5-16*auxP4_4_1*auxQ3_0_4-12*auxP4_4_2*auxQ3_0_3-8*auxP4_4_3*auxQ3_0_2-4*auxP4_4_4*auxQ3_0_1
329|1|3|5|-2*B3_3_5*auxP4_1_1+24*B3_4_0*auxP4_0_6+2*auxP4_1_2*auxQ3_3_4+6*auxP4_1_3*auxQ3_3_3+10*auxP4_1_4*auxQ3_3_2+14*auxP4_1_5*auxQ3_3_1+18*auxP4_1_6*auxQ3_3_0-12*auxP4_2_0*auxQ3_2_6-8*auxP4_2_1*auxQ3_2_5-4*auxP4_2_2*auxQ3_2_4+4*auxP4_2_4*auxQ3_2_2+8*auxP4_2_5*auxQ3_2_1+12*auxP4_2_6*auxQ3_2_0-18*auxP4_3_0*auxQ3_1_6-14*auxP4_3_1*auxQ3_1_5-10*auxP4_3_2*auxQ3_1_4-6*auxP4_3_3*auxQ3_1_3-2*auxP4_3_4*auxQ3_1_2+2*auxP4_3_5*auxQ3_1_1+6*auxP4_3_6*auxQ3_1_0-24*auxP4_4_0*auxQ3_0_6-20*auxP4_4_1*auxQ3_0_5-16*auxP4_4_2*auxQ3_0_4-12*auxP4_4_3*auxQ3_0_3-8*auxP4_4_4*auxQ3_0_2-4*auxP4_4_5*auxQ3_0_1
330|1|3|6|B3_3_5*auxP4_1_2+28*B3_4_0*auxP4_0_7+5*auxP4_1_3*auxQ3_3_4+9*auxP4_1_4*auxQ3_3_3+13*auxP4_1_5*auxQ3_3_2+17*auxP4_1_6*auxQ3_3_1+21*auxP4_1_7*auxQ3_3_0-14*auxP4_2_0*auxQ3_2_7-10*auxP4_2_1*auxQ3_2_6-6*auxP4_2_2*auxQ3_2_5-2*auxP4_2_3*auxQ3_2_4+2*auxP4_2_4*auxQ3_2_3+6*auxP4_2_5*auxQ3_2_2+10*auxP4_2_6*auxQ3_2_1+14*auxP4_2_7*auxQ3_2_0-21*auxP4_3_0*auxQ3_1_7-17*auxP4_3_1*auxQ3_1_6-13*auxP4_3_2*auxQ3_1_5-9*auxP4_3_3*auxQ3_1_4-5*auxP4_3_4*auxQ3_1_3-auxP4_3_5*auxQ3_1_2+3*auxP4_3_6*auxQ3_1_1+7*auxP4_3_7*auxQ3_1_0-28*auxP4_4_0*auxQ3_0_7-24*auxP4_4_1*auxQ3_0_6-20*auxP4_4_2*auxQ3_0_5-16*auxP4_4_3*auxQ3_0_4-12*auxP4_4_4*auxQ3_0_3-8*auxP4_4_5*auxQ3_0_2-4*auxP4_4_6*auxQ3_0_1
331|1|3|7|4*B3_3_5*auxP4_1_3+32*B3_4_0*auxP4_0_8+8*auxP4_1_4*auxQ3_3_4+12*auxP4_1_5*auxQ3_3_3+16*auxP4_1_6*auxQ3_3_2+20*auxP4_1_7*auxQ3_3_1+24*auxP4_1_8*auxQ3_3_0-16*auxP4_2_0*auxQ3_2_8-12*auxP4_2_1*auxQ3_2_7-8*auxP4_2_2*auxQ3_2_6-4*auxP4_2_3*auxQ3_2_5+4*auxP4_2_5*auxQ3_2_3+8*auxP4_2_6*auxQ3_2_2+12*auxP4_2_7*auxQ3_2_1+16*auxP4_2_8*auxQ3_2_0-24*auxP4_3_0*auxQ3_1_8-20*auxP4_3_1*auxQ3_1_7-16*auxP4_3_2*auxQ3_1_6-12*auxP4_3_3*auxQ3_1_5-8*auxP4_3_4*auxQ3_1_4-4*auxP4_3_5*auxQ3_1_3+4*auxP4_3_7*auxQ3_1_1+8*auxP4_3_8*auxQ3_1_0-32*auxP4_4_0*auxQ3_0_8-28*auxP4_4_1*auxQ3_0_7-24*auxP4_4_2*auxQ3_0_6-20*auxP4_4_3*auxQ3_0_5-16*auxP4_4_4*auxQ3_0_4-12*auxP4_4_5*auxQ3_0_3-8*auxP4_4_6*auxQ3_0_2
332|1|3|8|-18*B2_2_3*auxP4_2_0+7*B3_3_5*auxP4_1_4+36*B3_4_0*auxP4_0_9+11*auxP4_1_5*auxQ3_3_4+15*auxP4_1_6*auxQ3_3_3+19*auxP4_1_7*auxQ3_3_2+23*auxP4_1_8*auxQ3_3_1+27*auxP4_1_9*auxQ3_3_0-14*auxP4_2_1*auxQ3_2_8-10*auxP4_2_2*auxQ3_2_7-6*auxP4_2_3*auxQ3_2_6-2*auxP4_2_4*auxQ3_2_5+2*auxP4_2_5*auxQ3_2_4+6*auxP4_2_6*auxQ3_2_3+10*auxP4_2_7*auxQ3_2_2+14*auxP4_2_8*auxQ3_2_1+18*auxP4_2_9*auxQ3_2_0-27*auxP4_3_0*auxQ3_1_9-23*auxP4_3_1*auxQ3_1_8-19*auxP4_3_2*auxQ3_1_7-15*auxP4_3_3*auxQ3_1_6-11*auxP4_3_4*auxQ3_1_5-7*auxP4_3_5*auxQ3_1_4-3*auxP4_3_6*auxQ3_1_3+auxP4_3_7*auxQ3_1_2+5*auxP4_3_8*auxQ3_1_1+9*auxP4_3_9*auxQ3_1_0-36*auxP4_4_0*auxQ3_0_9-32*auxP4_4_1*auxQ3_0_8-28*auxP4_4_2*auxQ3_0_7-24*auxP4_4_3*auxQ3_0_6-20*auxP4_4_4*auxQ3_0_5-16*auxP4_4_5*auxQ3_0_4-12*auxP4_4_6*auxQ3_0_3
333|1|3|9|-16*B2_2_3*auxP4_2_1+10*B3_3_5*auxP4_1_5+40*B3_4_0*auxP4_0_10+30*auxP4_1_10*auxQ3_3_0+14*auxP4_1_6*auxQ3_3_4+18*auxP4_1_7*auxQ3_3_3+22*auxP4_1_8*auxQ3_3_2+26*auxP4_1_9*auxQ3_3_1+20*auxP4_2_10*auxQ3_2_0-12*auxP4_2_2*auxQ3_2_8-8*auxP4_2_3*auxQ3_2_7-4*auxP4_2_4*auxQ3_2_6+4*auxP4_2_6*auxQ3_2_4+8*auxP4_2_7*auxQ3_2_3+12*auxP4_2_8*auxQ3_2_2+16*auxP4_2_9*auxQ3_2_1-30*auxP4_3_0*auxQ3_1_10-26*auxP4_3_1*auxQ3_1_9+10*auxP4_3_10*auxQ3_1_0-22*auxP4_3_2*auxQ3_1_8-18*auxP4_3_3*auxQ3_1_7-14*auxP4_3_4*auxQ3_1_6-10*auxP4_3_5*auxQ3_1_5-6*auxP4_3_6*auxQ3_1_4-2*auxP4_3_7*auxQ3_1_3+2*auxP4_3_8*auxQ3_1_2+6*auxP4_3_9*auxQ3_1_1-40*auxP4_4_0*auxQ3_0_10-36*auxP4_4_1*auxQ3_0_9-32*auxP4_4_2*auxQ3_0_8-28*auxP4_4_3*auxQ3_0_7-24*auxP4_4_4*auxQ3_0_6-20*auxP4_4_5*auxQ3_0_5-16*auxP4_4_6*auxQ3_0_4
334|1|3|10|11*A3_3_5*auxQ3_1_0-14*B2_2_3*auxP4_2_2+13*B3_3_5*auxP4_1_6+44*B3_4_0*auxP4_0_11+29*auxP4_1_10*auxQ3_3_1+33*auxP4_1_11*auxQ3_3_0+17*auxP4_1_7*auxQ3_3_4+21*auxP4_1_8*auxQ3_3_3+25*auxP4_1_9*auxQ3_3_2+18*auxP4_2_10*auxQ3_2_1+22*auxP4_2_11*auxQ3_2_0-10*auxP4_2_3*auxQ3_2_8-6*auxP4_2_4*auxQ3_2_7-2*auxP4_2_5*auxQ3_2_6+2*auxP4_2_6*auxQ3_2_5+6*auxP4_2_7*auxQ3_2_4+10*auxP4_2_8*auxQ3_2_3+14*auxP4_2_9*auxQ3_2_2-33*auxP4_3_0*auxQ3_1_11-29*auxP4_3_1*auxQ3_1_10+7*auxP4_3_10*auxQ3_1_1-25*auxP4_3_2*auxQ3_1_9-21*auxP4_3_3*auxQ3_1_8-17*auxP4_3_4*auxQ3_1_7-13*auxP4_3_5*auxQ3_1_6-9*auxP4_3_6*auxQ3_1_5-5*auxP4_3_7*auxQ3_1_4-auxP4_3_8*auxQ3_1_3+3*auxP4_3_9*auxQ3_1_2-44*auxP4_4_0*auxQ3_0_11-40*auxP4_4_1*auxQ3_0_10-36*auxP4_4_2*auxQ3_0_9-32*auxP4_4_3*auxQ3_0_8-28*auxP4_4_4*auxQ3_0_7-24*auxP4_4_5*auxQ3_0_6-20*auxP4_4_6*auxQ3_0_5
335|1|3|11|8*A3_3_5*auxQ3_1_1-12*B2_2_3*auxP4_2_3+16*B3_3_5*auxP4_1_7+48*B3_4_0*auxP4_0_12+28*auxP4_1_10*auxQ3_3_2+32*auxP4_1_11*auxQ3_3_1+36*auxP4_1_12*auxQ3_3_0+20*auxP4_1_8*auxQ3_3_4+24*auxP4_1_9*auxQ3_3_3+16*auxP4_2_10*auxQ3_2_2+20*auxP4_2_11*auxQ3_2_1+24*auxP4_2_12*auxQ3_2_0-8*auxP4_2_4*auxQ3_2_8-4*auxP4_2_5*auxQ3_2_7+4*auxP4_2_7*auxQ3_2_5+8*auxP4_2_8*auxQ3_2_4+12*auxP4_2_9*auxQ3_2_3-36*auxP4_3_0*auxQ3_1_12-32*auxP4_3_1*auxQ3_1_11+4*auxP4_3_10*auxQ3_1_2-28*auxP4_3_2*auxQ3_1_10-24*auxP4_3_3*auxQ3_1_9-20*auxP4_3_4*auxQ3_1_8-16*auxP4_3_5*auxQ3_1_7-12*auxP4_3_6*auxQ3_1_6-8*auxP4_3_7*auxQ3_1_5-4*auxP4_3_8*auxQ3_1_4-48*auxP4_4_0*auxQ3_0_12-44*auxP4_4_1*auxQ3_0_11-40*auxP4_4_2*auxQ3_0_10-36*auxP4_4_3*auxQ3_0_9-32*auxP4_4_4*auxQ3_0_8-28*auxP4_4_5*auxQ3_0_7-24*auxP4_4_6*auxQ3_0_6
336|1|3|12|5*A3_3_5*auxQ3_1_2-10*B2_2_3*auxP4_2_4+19*B3_3_5*auxP4_1_8+52*B3_4_0*auxP4_0_13+27*auxP4_1_10*auxQ3_3_3+31*auxP4_1_11*auxQ3_3_2+35*auxP4_1_12*auxQ3_3_1+39*auxP4_1_13*auxQ3_3_0+23*auxP4_1_9*auxQ3_3_4+14*auxP4_2_10*auxQ3_2_3+18*auxP4_2_11*auxQ3_2_2+22*auxP4_2_12*auxQ3_2_1+26*auxP4_2_13*auxQ3_2_0-6*auxP4_2_5*auxQ3_2_8-2*auxP4_2_6*auxQ3_2_7+2*auxP4_2_7*auxQ3_2_6+6*auxP4_2_8*auxQ3_2_5+10*auxP4_2_9*auxQ3_2_4-39*auxP4_3_0*auxQ3_1_13-35*auxP4_3_1*auxQ3_1_12+auxP4_3_10*auxQ3_1_3-31*auxP4_3_2*auxQ3_1_11-27*auxP4_3_3*auxQ3_1_10-23*auxP4_3_4*auxQ3_1_9-19*auxP4_3_5*auxQ3_1_8-15*auxP4_3_6*auxQ3_1_7-11*auxP4_3_7*auxQ3_1_6-7*auxP4_3_8*auxQ3_1_5-3*auxP4_3_9*auxQ3_1_4-52*auxP4_4_0*auxQ3_0_13-48*auxP4_4_1*auxQ3_0_12-44*auxP4_4_2*auxQ3_0_11-40*auxP4_4_3*auxQ3_0_10-36*auxP4_4_4*auxQ3_0_9-32*auxP4_4_5*auxQ3_0_8-28*auxP4_4_6*auxQ3_0_7
337|1|3|13|2*A3_3_5*auxQ3_1_3-8*B2_2_3*auxP4_2_5+22*B3_3_5*auxP4_1_9+56*B3_4_0*auxP4_0_14+26*auxP4_1_10*auxQ3_3_4+30*auxP4_1_11*auxQ3_3_3+34*auxP4_1_12*auxQ3_3_2+38*auxP4_1_13*auxQ3_3_1+42*auxP4_1_14*auxQ3_3_0+12*auxP4_2_10*auxQ3_2_4+16*auxP4_2_11*auxQ3_2_3+20*auxP4_2_12*auxQ3_2_2+24*auxP4_2_13*auxQ3_2_1+28*auxP4_2_14*auxQ3_2_0-4*auxP4_2_6*auxQ3_2_8+4*auxP4_2_8*auxQ3_2_6+8*auxP4_2_9*auxQ3_2_5-38*auxP4_3_1*auxQ3_1_13-2*auxP4_3_10*auxQ3_1_4-34*auxP4_3_2*auxQ3_1_12-30*auxP4_3_3*auxQ3_1_11-26*auxP4_3_4*auxQ3_1_10-22*auxP4_3_5*auxQ3_1_9-18*auxP4_3_6*auxQ3_1_8-14*auxP4_3_7*auxQ3_1_7-10*auxP4_3_8*auxQ3_1_6-6*auxP4_3_9*auxQ3_1_5-56*auxP4_4_0*auxQ3_0_14-52*auxP4_4_1*auxQ3_0_13-48*auxP4_4_2*auxQ3_0_12-44*auxP4_4_3*auxQ3_0_11-40*auxP4_4_4*auxQ3_0_10-36*auxP4_4_5*auxQ3_0_9-32*auxP4_4_6*auxQ3_0_8
338|1|3|14|30*A2_2_3*auxQ3_2_0-A3_3_5*auxQ3_1_4-6*B2_2_3*auxP4_2_6+25*B3_3_5*auxP4_1_10+60*B3_4_0*auxP4_0_15+29*auxP4_1_11*auxQ3_3_4+33*auxP4_1_12*auxQ3_3_3+37*auxP4_1_13*auxQ3_3_2+41*auxP4_1_14*auxQ3_3_1+45*auxP4_1_15*auxQ3_3_0+10*auxP4_2_10*auxQ3_2_5+14*auxP4_2_11*auxQ3_2_4+18*auxP4_2_12*auxQ3_2_3+22*auxP4_2_13*auxQ3_2_2+26*auxP4_2_14*auxQ3_2_1-2*auxP4_2_7*auxQ3_2_8+2*auxP4_2_8*auxQ3_2_7+6*auxP4_2_9*auxQ3_2_6-5*auxP4_3_10*auxQ3_1_5-37*auxP4_3_2*auxQ3_1_13-33*auxP4_3_3*auxQ3_1_12-29*auxP4_3_4*auxQ3_1_11-25*auxP4_3_5*auxQ3_1_10-21*auxP4_3_6*auxQ3_1_9-17*auxP4_3_7*auxQ3_1_8-13*auxP4_3_8*auxQ3_1_7-9*auxP4_3_9*auxQ3_1_6-60*auxP4_4_0*auxQ3_0_15-56*auxP4_4_1*auxQ3_0_14-52*auxP4_4_2*auxQ3_0_13-48*auxP4_4_3*auxQ3_0_12-44*auxP4_4_4*auxQ3_0_11-40*auxP4_4_5*auxQ3_0_10-36*auxP4_4_6*auxQ3_0_9
339|1|3|15|28*A2_2_3*auxQ3_2_1-4*A3_3_5*auxQ3_1_5-4*B2_2_3*auxP4_2_7+28*B3_3_5*auxP4_1_11+64*B3_4_0*auxP4_0_16+32*auxP4_1_12*auxQ3_3_4+36*auxP4_1_13*auxQ3_3_3+40*auxP4_1_14*auxQ3_3_2+44*auxP4_1_15*auxQ3_3_1+48*auxP4_1_16*auxQ3_3_0+8*auxP4_2_10*auxQ3_2_6+12*auxP4_2_11*auxQ3_2_5+16*auxP4_2_12*auxQ3_2_4+20*auxP4_2_13*auxQ3_2_3+24*auxP4_2_14*auxQ3_2_2+4*auxP4_2_9*auxQ3_2_7-8*auxP4_3_10*auxQ3_1_6-36*auxP4_3_3*auxQ3_1_13-32*auxP4_3_4*auxQ3_1_12-28*auxP4_3_5*auxQ3_1_11-24*auxP4_3_6*auxQ3_1_10-20*auxP4_3_7*auxQ3_1_9-16*auxP4_3_8*auxQ3_1_8-12*auxP4_3_9*auxQ3_1_7-64*auxP4_4_0*auxQ3_0_16-60*auxP4_4_1*auxQ3_0_15-56*auxP4_4_2*auxQ3_0_14-52*auxP4_4_3*auxQ3_0_13-48*auxP4_4_4*auxQ3_0_12-44*auxP4_4_5*auxQ3_0_11-40*auxP4_4_6*auxQ3_0_10
340|1|3|16|26*A2_2_3*auxQ3_2_2-7*A3_3_5*auxQ3_1_6-2*B2_2_3*auxP4_2_8+31*B3_3_5*auxP4_1_12+68*B3_4_0*auxP4_0_17+35*auxP4_1_13*auxQ3_3_4+39*auxP4_1_14*auxQ3_3_3+43*auxP4_1_15*auxQ3_3_2+47*auxP4_1_16*auxQ3_3_1+51*auxP4_1_17*auxQ3_3_0+6*auxP4_2_10*auxQ3_2_7+10*auxP4_2_11*auxQ3_2_6+14*auxP4_2_12*auxQ3_2_5+18*auxP4_2_13*auxQ3_2_4+22*auxP4_2_14*auxQ3_2_3+2*auxP4_2_9*auxQ3_2_8-11*auxP4_3_10*auxQ3_1_7-35*auxP4_3_4*auxQ3_1_13-31*auxP4_3_5*auxQ3_1_12-27*auxP4_3_6*auxQ3_1_11-23*auxP4_3_7*auxQ3_1_10-19*auxP4_3_8*auxQ3_1_9-15*auxP4_3_9*auxQ3_1_8-68*auxP4_4_0*auxQ3_0_17-64*auxP4_4_1*auxQ3_0_16-60*auxP4_4_2*auxQ3_0_15-56*auxP4_4_3*auxQ3_0_14-52*auxP4_4_4*auxQ3_0_13-48*auxP4_4_5*auxQ3_0_12-44*auxP4_4_6*auxQ3_0_11
341|1|3|17|24*A2_2_3*auxQ3_2_3-10*A3_3_5*auxQ3_1_7+34*B3_3_5*auxP4_1_13+72*B3_4_0*auxP4_0_18+38*auxP4_1_14*auxQ3_3_4+42*auxP4_1_15*auxQ3_3_3+46*auxP4_1_16*auxQ3_3_2+50*auxP4_1_17*auxQ3_3_1+54*auxP4_1_18*auxQ3_3_0+4*auxP4_2_10*auxQ3_2_8+8*auxP4_2_11*auxQ3_2_7+12*auxP4_2_12*auxQ3_2_6+16*auxP4_2_13*auxQ3_2_5+20*auxP4_2_14*auxQ3_2_4-14*auxP4_3_10*auxQ3_1_8-34*auxP4_3_5*auxQ3_1_13-30*auxP4_3_6*auxQ3_1_12-26*auxP4_3_7*auxQ3_1_11-22*auxP4_3_8*auxQ3_1_10-18*auxP4_3_9*auxQ3_1_9-72*auxP4_4_0-68*auxP4_4_1*auxQ3_0_17-64*auxP4_4_2*auxQ3_0_16-60*auxP4_4_3*auxQ3_0_15-56*auxP4_4_4*auxQ3_0_14-52*auxP4_4_5*auxQ3_0_13-48*auxP4_4_6*auxQ3_0_12
342|1|3|18|22*A2_2_3*auxQ3_2_4-13*A3_3_5*auxQ3_1_8+2*B2_2_3*auxP4_2_10+37*B3_3_5*auxP4_1_14+76*B3_4_0*auxP4_0_19+41*auxP4_1_15*auxQ3_3_4+45*auxP4_1_16*auxQ3_3_3+49*auxP4_1_17*auxQ3_3_2+53*auxP4_1_18*auxQ3_3_1+57*auxP4_1_19*auxQ3_3_0+6*auxP4_2_11*auxQ3_2_8+10*auxP4_2_12*auxQ3_2_7+14*auxP4_2_13*auxQ3_2_6+18*auxP4_2_14*auxQ3_2_5-17*auxP4_3_10*auxQ3_1_9-33*auxP4_3_6*auxQ3_1_13-29*auxP4_3_7*auxQ3_1_12-25*auxP4_3_8*auxQ3_1_11-21*auxP4_3_9*auxQ3_1_10-72*auxP4_4_1-68*auxP4_4_2*auxQ3_0_17-64*auxP4_4_3*auxQ3_0_16-60*auxP4_4_4*auxQ3_0_15-56*auxP4_4_5*auxQ3_0_14-52*auxP4_4_6*auxQ3_0_13
343|1|3|19|20*A2_2_3*auxQ3_2_5-16*A3_3_5*auxQ3_1_9+4*B2_2_3*auxP4_2_11+40*B3_3_5*auxP4_1_15+80*B3_4_0*auxP4_0_20+44*auxP4_1_16*auxQ3_3_4+48*auxP4_1_17*auxQ3_3_3+52*auxP4_1_18*auxQ3_3_2+56*auxP4_1_19*auxQ3_3_1+8*auxP4_2_12*auxQ3_2_8+12*auxP4_2_13*auxQ3_2_7+16*auxP4_2_14*auxQ3_2_6-20*auxP4_3_10*auxQ3_1_10-32*auxP4_3_7*auxQ3_1_13-28*auxP4_3_8*auxQ3_1_12-24*auxP4_3_9*auxQ3_1_11-72*auxP4_4_2-68*auxP4_4_3*auxQ3_0_17-64*auxP4_4_4*auxQ3_0_16-60*auxP4_4_5*auxQ3_0_15-56*auxP4_4_6*auxQ3_0_14
344|1|3|20|18*A2_2_3*auxQ3_2_6-19*A3_3_5*auxQ3_1_10+6*B2_2_3*auxP4_2_12+43*B3_3_5*auxP4_1_16+84*B3_4_0*auxP4_0_21+47*auxP4_1_17*auxQ3_3_4+51*auxP4_1_18*auxQ3_3_3+55*auxP4_1_19*auxQ3_3_2+10*auxP4_2_13*auxQ3_2_8+14*auxP4_2_14*auxQ3_2_7-23*auxP4_3_10*auxQ3_1_11-31*auxP4_3_8*auxQ3_1_13-27*auxP4_3_9*auxQ3_1_12-72*auxP4_4_3-68*auxP4_4_4*auxQ3_0_17-64*auxP4_4_5*auxQ3_0_16-60*auxP4_4_6*auxQ3_0_15
345|1|3|21|16*A2_2_3*auxQ3_2_7-22*A3_3_5*auxQ3_1_11+8*B2_2_3*auxP4_2_13+46*B3_3_5*auxP4_1_17+88*B3_4_0*auxP4_0_22+50*auxP4_1_18*auxQ3_3_4+54*auxP4_1_19*auxQ3_3_3+12*auxP4_2_14*auxQ3_2_8-26*auxP4_3_10*auxQ3_1_12-30*auxP4_3_9*auxQ3_1_13-72*auxP4_4_4-68*auxP4_4_5*auxQ3_0_17-64*auxP4_4_6*auxQ3_0_16
346|1|3|22|14*A2_2_3*auxQ3_2_8-25*A3_3_5*auxQ3_1_12+10*B2_2_3*auxP4_2_14+49*B3_3_5*auxP4_1_18+92*B3_4_0*auxP4_0_23+53*auxP4_1_19*auxQ3_3_4-29*auxP4_3_10*auxQ3_1_13-72*auxP4_4_5-68*auxP4_4_6*auxQ3_0_17
347|1|3|23|12*A2_2_3*B2_2_3-28*A3_3_5*auxQ3_1_13+52*B3_3_5*auxP4_1_19+96*B3_4_0-72*auxP4_4_6
348|1|4|0|4*B3_4_0*auxP4_1_1-2*auxP4_2_0*auxQ3_3_1+3*auxP4_2_1*auxQ3_3_0-3*auxP4_3_0*auxQ3_2_1+2*auxP4_3_1*auxQ3_2_0-4*auxP4_4_0*auxQ3_1_1+auxP4_4_1*auxQ3_1_0-5*auxP4_5_0*auxQ3_0_1
349|1|4|1|8*B3_4_0*auxP4_1_2-4*auxP4_2_0*auxQ3_3_2+auxP4_2_1*auxQ3_3_1+6*auxP4_2_2*auxQ3_3_0-6*auxP4_3_0*auxQ3_2_2-auxP4_3_1*auxQ3_2_1+4*auxP4_3_2*auxQ3_2_0-8*auxP4_4_0*auxQ3_1_2-3*auxP4_4_1*auxQ3_1_1+2*auxP4_4_2*auxQ3_1_0-10*auxP4_5_0*auxQ3_0_2-5*auxP4_5_1*auxQ3_0_1
350|1|4|2|12*B3_4_0*auxP4_1_3-6*auxP4_2_0*auxQ3_3_3-auxP4_2_1*auxQ3_3_2+4*auxP4_2_2*auxQ3_3_1+9*auxP4_2_3*auxQ3_3_0-9*auxP4_3_0*auxQ3_2_3-4*auxP4_3_1*auxQ3_2_2+auxP4_3_2*auxQ3_2_1+6*auxP4_3_3*auxQ3_2_0-12*auxP4_4_0*auxQ3_1_3-7*auxP4_4_1*auxQ3_1_2-2*auxP4_4_2*auxQ3_1_1+3*auxP4_4_3*auxQ3_1_0-15*auxP4_5_0*auxQ3_0_3-10*auxP4_5_1*auxQ3_0_2
351|1|4|3|16*B3_4_0*auxP4_1_4-8*auxP4_2_0*auxQ3_3_4-3*auxP4_2_1*auxQ3_3_3+2*auxP4_2_2*auxQ3_3_2+7*auxP4_2_3*auxQ3_3_1+12*auxP4_2_4*auxQ3_3_0-12*auxP4_3_0*auxQ3_2_4-7*auxP4_3_1*auxQ3_2_3-2*auxP4_3_2*auxQ3_2_2+3*auxP4_3_3*auxQ3_2_1+8*auxP4_3_4*auxQ3_2_0-16*auxP4_4_0*auxQ3_1_4-11*auxP4_4_1*auxQ3_1_3-6*auxP4_4_2*auxQ3_1_2-auxP4_4_3*auxQ3_1_1+4*auxP4_4_4*auxQ3_1_0-20*auxP4_5_0*auxQ3_0_4-15*auxP4_5_1*auxQ3_0_3
352|1|4|4|-10*B3_3_5*auxP4_2_0+20*B3_4_0*auxP4_1_5-5*auxP4_2_1*auxQ3_3_4+5*auxP4_2_3*auxQ3_3_2+10*auxP4_2_4*auxQ3_3_1+15*auxP4_2_5*auxQ3_3_0-15*auxP4_3_0*auxQ3_2_5-10*auxP4_3_1*auxQ3_2_4-5*auxP4_3_2*auxQ3_2_3+5*auxP4_3_4*auxQ3_2_1+10*auxP4_3_5*auxQ3_2_0-20*auxP4_4_0*auxQ3_1_5-15*auxP4_4_1*auxQ3_1_4-10*auxP4_4_2*auxQ3_1_3-5*auxP4_4_3*auxQ3_1_2+5*auxP4_4_5*auxQ3_1_0-25*auxP4_5_0*auxQ3_0_5-20*auxP4_5_1*auxQ3_0_4
353|1|4|5|-7*B3_3_5*auxP4_2_1+24*B3_4_0*auxP4_1_6-2*auxP4_2_2*auxQ3_3_4+3*auxP4_2_3*auxQ3_3_3+8*auxP4_2_4*auxQ3_3_2+13*auxP4_2_5*auxQ3_3_1+18*auxP4_2_6*auxQ3_3_0-18*auxP4_3_0*auxQ3_2_6-13*auxP4_3_1*auxQ3_2_5-8*auxP4_3_2*auxQ3_2_4-3*auxP4_3_3*auxQ3_2_3+2*auxP4_3_4*auxQ3_2_2+7*auxP4_3_5*auxQ3_2_1+12*auxP4_3_6*auxQ3_2_0-24*auxP4_4_0*auxQ3_1_6-19*auxP4_4_1*auxQ3_1_5-14*auxP4_4_2*auxQ3_1_4-9*auxP4_4_3*auxQ3_1_3-4*auxP4_4_4*auxQ3_1_2+auxP4_4_5*auxQ3_1_1+6*auxP4_4_6*auxQ3_1_0-30*auxP4_5_0*auxQ3_0_6-25*auxP4_5_1*auxQ3_0_5
354|1|4|6|-4*B3_3_5*auxP4_2_2+28*B3_4_0*auxP4_1_7+auxP4_2_3*auxQ3_3_4+6*auxP4_2_4*auxQ3_3_3+11*auxP4_2_5*auxQ3_3_2+16*auxP4_2_6*auxQ3_3_1+21*auxP4_2_7*auxQ3_3_0-21*auxP4_3_0*auxQ3_2_7-16*auxP4_3_1*auxQ3_2_6-11*auxP4_3_2*auxQ3_2_5-6*auxP4_3_3*auxQ3_2_4-auxP4_3_4*auxQ3_2_3+4*auxP4_3_5*auxQ3_2_2+9*auxP4_3_6*auxQ3_2_1+14*auxP4_3_7*auxQ3_2_0-28*auxP4_4_0*auxQ3_1_7-23*auxP4_4_1*auxQ3_1_6-18*auxP4_4_2*auxQ3_1_5-13*auxP4_4_3*auxQ3_1_4-8*auxP4_4_4*auxQ3_1_3-3*auxP4_4_5*auxQ3_1_2+2*auxP4_4_6*auxQ3_1_1-35*auxP4_5_0*auxQ3_0_7-30*auxP4_5_1*auxQ3_0_6
355|1|4|7|-B3_3_5*auxP4_2_3+32*B3_4_0*auxP4_1_8+4*auxP4_2_4*auxQ3_3_4+9*auxP4_2_5*auxQ3_3_3+14*auxP4_2_6*auxQ3_3_2+19*auxP4_2_7*auxQ3_3_1+24*auxP4_2_8*auxQ3_3_0-24*auxP4_3_0*auxQ3_2_8-19*auxP4_3_1*auxQ3_2_7-14*auxP4_3_2*auxQ3_2_6-9*auxP4_3_3*auxQ3_2_5-4*auxP4_3_4*auxQ3_2_4+auxP4_3_5*auxQ3_2_3+6*auxP4_3_6*auxQ3_2_2+11*auxP4_3_7*auxQ3_2_1+16*auxP4_3_8*auxQ3_2_0-32*auxP4_4_0*auxQ3_1_8-27*auxP4_4_1*auxQ3_1_7-22*auxP4_4_2*auxQ3_1_6-17*auxP4_4_3*auxQ3_1_5-12*auxP4_4_4*auxQ3_1_4-7*auxP4_4_5*auxQ3_1_3-2*auxP4_4_6*auxQ3_1_2-40*auxP4_5_0*auxQ3_0_8-35*auxP4_5_1*auxQ3_0_7
356|1|4|8|-27*B2_2_3*auxP4_3_0+2*B3_3_5*auxP4_2_4+36*B3_4_0*auxP4_1_9+7*auxP4_2_5*auxQ3_3_4+12*auxP4_2_6*auxQ3_3_3+17*auxP4_2_7*auxQ3_3_2+22*auxP4_2_8*auxQ3_3_1+27*auxP4_2_9*auxQ3_3_0-22*auxP4_3_1*auxQ3_2_8-17*auxP4_3_2*auxQ3_2_7-12*auxP4_3_3*auxQ3_2_6-7*auxP4_3_4*auxQ3_2_5-2*auxP4_3_5*auxQ3_2_4+3*auxP4_3_6*auxQ3_2_3+8*auxP4_3_7*auxQ3_2_2+13*auxP4_3_8*auxQ3_2_1+18*auxP4_3_9*auxQ3_2_0-36*auxP4_4_0*auxQ3_1_9-31*auxP4_4_1*auxQ3_1_8-26*auxP4_4_2*auxQ3_1_7-21*auxP4_4_3*auxQ3_1_6-16*auxP4_4_4*auxQ3_1_5-11*auxP4_4_5*auxQ3_1_4-6*auxP4_4_6*auxQ3_1_3-45*auxP4_5_0*auxQ3_0_9-40*auxP4_5_1*auxQ3_0_8
357|1|4|9|-25*B2_2_3*auxP4_3_1+5*B3_3_5*auxP4_2_5+40*B3_4_0*auxP4_1_10+30*auxP4_2_10*auxQ3_3_0+10*auxP4_2_6*auxQ3_3_4+15*auxP4_2_7*auxQ3_3_3+20*auxP4_2_8*auxQ3_3_2+25*auxP4_2_9*auxQ3_3_1+20*auxP4_3_10*auxQ3_2_0-20*auxP4_3_2*auxQ3_2_8-15*auxP4_3_3*auxQ3_2_7-10*auxP4_3_4*auxQ3_2_6-5*auxP4_3_5*auxQ3_2_5+5*auxP4_3_7*auxQ3_2_3+10*auxP4_3_8*auxQ3_2_2+15*auxP4_3_9*auxQ3_2_1-40*auxP4_4_0*auxQ3_1_10-35*auxP4_4_1*auxQ3_1_9-30*auxP4_4_2*auxQ3_1_8-25*auxP4_4_3*auxQ3_1_7-20*auxP4_4_4*auxQ3_1_6-15*auxP4_4_5*auxQ3_1_5-10*auxP4_4_6*auxQ3_1_4-50*auxP4_5_0*auxQ3_0_10-45*auxP4_5_1*auxQ3_0_9
358|1|4|10|22*A3_3_5*auxQ3_2_0-23*B2_2_3*auxP4_3_2+8*B3_3_5*auxP4_2_6+44*B3_4_0*auxP4_1_11+28*auxP4_2_10*auxQ3_3_1+33*auxP4_2_11*auxQ3_3_0+13*auxP4_2_7*auxQ3_3_4+18*auxP4_2_8*auxQ3_3_3+23*auxP4_2_9*auxQ3_3_2+17*auxP4_3_10*auxQ3_2_1-18*auxP4_3_3*auxQ3_2_8-13*auxP4_3_4*auxQ3_2_7-8*auxP4_3_5*auxQ3_2_6-3*auxP4_3_6*auxQ3_2_5+2*auxP4_3_7*auxQ3_2_4+7*auxP4_3_8*auxQ3_2_3+12*auxP4_3_9*auxQ3_2_2-44*auxP4_4_0*auxQ3_1_11-39*auxP4_4_1*auxQ3_1_10-34*auxP4_4_2*auxQ3_1_9-29*auxP4_4_3*auxQ3_1_8-24*auxP4_4_4*auxQ3_1_7-19*auxP4_4_5*auxQ3_1_6-14*auxP4_4_6*auxQ3_1_5-55*auxP4_5_0*auxQ3_0_11-50*auxP4_5_1*auxQ3_0_10
359|1|4|11|19*A3_3_5*auxQ3_2_1-21*B2_2_3*auxP4_3_3+11*B3_3_5*auxP4_2_7+48*B3_4_0*auxP4_1_12+26*auxP4_2_10*auxQ3_3_2+31*auxP4_2_11*auxQ3_3_1+36*auxP4_2_12*auxQ3_3_0+16*auxP4_2_8*auxQ3_3_4+21*auxP4_2_9*auxQ3_3_3+14*auxP4_3_10*auxQ3_2_2-16*auxP4_3_4*auxQ3_2_8-11*auxP4_3_5*auxQ3_2_7-6*auxP4_3_6*auxQ3_2_6-auxP4_3_7*auxQ3_2_5+4*auxP4_3_8*auxQ3_2_4+9*auxP4_3_9*auxQ3_2_3-48*auxP4_4_0*auxQ3_1_12-43*auxP4_4_1*auxQ3_1_11-38*auxP4_4_2*auxQ3_1_10-33*auxP4_4_3*auxQ3_1_9-28*auxP4_4_4*auxQ3_1_8-23*auxP4_4_5*auxQ3_1_7-18*auxP4_4_6*auxQ3_1_6-60*auxP4_5_0*auxQ3_0_12-55*auxP4_5_1*auxQ3_0_11
360|1|4|12|16*A3_3_5*auxQ3_2_2-19*B2_2_3*auxP4_3_4+14*B3_3_5*auxP4_2_8+52*B3_4_0*auxP4_1_13+24*auxP4_2_10*auxQ3_3_3+29*auxP4_2_11*auxQ3_3_2+34*auxP4_2_12*auxQ3_3_1+39*auxP4_2_13*auxQ3_3_0+19*auxP4_2_9*auxQ3_3_4+11*auxP4_3_10*auxQ3_2_3-14*auxP4_3_5*auxQ3_2_8-9*auxP4_3_6*auxQ3_2_7-4*auxP4_3_7*auxQ3_2_6+auxP4_3_8*auxQ3_2_5+6*auxP4_3_9*auxQ3_2_4-52*auxP4_4_0*auxQ3_1_13-47*auxP4_4_1*auxQ3_1_12-42*auxP4_4_2*auxQ3_1_11-37*auxP4_4_3*auxQ3_1_10-32*auxP4_4_4*auxQ3_1_9-27*auxP4_4_5*auxQ3_1_8-22*auxP4_4_6*auxQ3_1_7-65*auxP4_5_0*auxQ3_0_13-60*auxP4_5_1*auxQ3_0_12
361|1|4|13|13*A3_3_5*auxQ3_2_3-17*B2_2_3*auxP4_3_5+17*B3_3_5*auxP4_2_9+56*B3_4_0*auxP4_1_14+22*auxP4_2_10*auxQ3_3_4+27*auxP4_2_11*auxQ3_3_3+32*auxP4_2_12*auxQ3_3_2+37*auxP4_2_13*auxQ3_3_1+42*auxP4_2_14*auxQ3_3_0+8*auxP4_3_10*auxQ3_2_4-12*auxP4_3_6*auxQ3_2_8-7*auxP4_3_7*auxQ3_2_7-2*auxP4_3_8*auxQ3_2_6+3*auxP4_3_9*auxQ3_2_5-51*auxP4_4_1*auxQ3_1_13-46*auxP4_4_2*auxQ3_1_12-41*auxP4_4_3*auxQ3_1_11-36*auxP4_4_4*auxQ3_1_10-31*auxP4_4_5*auxQ3_1_9-26*auxP4_4_6*auxQ3_1_8-70*auxP4_5_0*auxQ3_0_14-65*auxP4_5_1*auxQ3_0_13
362|1|4|14|45*A2_2_3*auxQ3_3_0+10*A3_3_5*auxQ3_2_4-15*B2_2_3*auxP4_3_6+20*B3_3_5*auxP4_2_10+60*B3_4_0*auxP4_1_15+25*auxP4_2_11*auxQ3_3_4+30*auxP4_2_12*auxQ3_3_3+35*auxP4_2_13*auxQ3_3_2+40*auxP4_2_14*auxQ3_3_1+5*auxP4_3_10*auxQ3_2_5-10*auxP4_3_7*auxQ3_2_8-5*auxP4_3_8*auxQ3_2_7-50*auxP4_4_2*auxQ3_1_13-45*auxP4_4_3*auxQ3_1_12-40*auxP4_4_4*auxQ3_1_11-35*auxP4_4_5*auxQ3_1_10-30*auxP4_4_6*auxQ3_1_9-75*auxP4_5_0*auxQ3_0_15-70*auxP4_5_1*auxQ3_0_14
363|1|4|15|43*A2_2_3*auxQ3_3_1+7*A3_3_5*auxQ3_2_5-13*B2_2_3*auxP4_3_7+23*B3_3_5*auxP4_2_11+64*B3_4_0*auxP4_1_16+28*auxP4_2_12*auxQ3_3_4+33*auxP4_2_13*auxQ3_3_3+38*auxP4_2_14*auxQ3_3_2+2*auxP4_3_10*auxQ3_2_6-8*auxP4_3_8*auxQ3_2_8-3*auxP4_3_9*auxQ3_2_7-49*auxP4_4_3*auxQ3_1_13-44*auxP4_4_4*auxQ3_1_12-39*auxP4_4_5*auxQ3_1_11-34*auxP4_4_6*auxQ3_1_10-80*auxP4_5_0*auxQ3_0_16-75*auxP4_5_1*auxQ3_0_15
364|1|4|16|41*A2_2_3*auxQ3_3_2+4*A3_3_5*auxQ3_2_6-11*B2_2_3*auxP4_3_8+26*B3_3_5*auxP4_2_12+68*B3_4_0*auxP4_1_17+31*auxP4_2_13*auxQ3_3_4+36*auxP4_2_14*auxQ3_3_3-auxP4_3_10*auxQ3_2_7-6*auxP4_3_9*auxQ3_2_8-48*auxP4_4_4*auxQ3_1_13-43*auxP4_4_5*auxQ3_1_12-38*auxP4_4_6*auxQ3_1_11-85*auxP4_5_0*auxQ3_0_17-80*auxP4_5_1*auxQ3_0_16
365|1|4|17|39*A2_2_3*auxQ3_3_3+A3_3_5*auxQ3_2_7-9*B2_2_3*auxP4_3_9+29*B3_3_5*auxP4_2_13+72*B3_4_0*auxP4_1_18+34*auxP4_2_14*auxQ3_3_4-4*auxP4_3_10*auxQ3_2_8-47*auxP4_4_5*auxQ3_1_13-42*auxP4_4_6*auxQ3_1_12-90*auxP4_5_0-85*auxP4_5_1*auxQ3_0_17
366|1|4|18|37*A2_2_3*auxQ3_3_4-2*A3_3_5*auxQ3_2_8-7*B2_2_3*auxP4_3_10+32*B3_3_5*auxP4_2_14+76*B3_4_0*auxP4_1_19-46*auxP4_4_6*auxQ3_1_13-90*auxP4_5_1
367|1|4|19|35*A2_2_3*B3_3_5-5*A3_3_5*B2_2_3
368|1|5|0|4*B3_4_0*auxP4_2_1-3*auxP4_3_0*auxQ3_3_1+3*auxP4_3_1*auxQ3_3_0-4*auxP4_4_0*auxQ3_2_1+2*auxP4_4_1*auxQ3_2_0-5*auxP4_5_0*auxQ3_1_1+auxP4_5_1*auxQ3_1_0
369|1|5|1|8*B3_4_0*auxP4_2_2-6*auxP4_3_0*auxQ3_3_2+6*auxP4_3_2*auxQ3_3_0-8*auxP4_4_0*auxQ3_2_2-2*auxP4_4_1*auxQ3_2_1+4*auxP4_4_2*auxQ3_2_0-10*auxP4_5_0*auxQ3_1_2-4*auxP4_5_1*auxQ3_1_1
370|1|5|2|12*B3_4_0*auxP4_2_3-9*auxP4_3_0*auxQ3_3_3-3*auxP4_3_1*auxQ3_3_2+3*auxP4_3_2*auxQ3_3_1+9*auxP4_3_3*auxQ3_3_0-12*auxP4_4_0*auxQ3_2_3-6*auxP4_4_1*auxQ3_2_2+6*auxP4_4_3*auxQ3_2_0-15*auxP4_5_0*auxQ3_1_3-9*auxP4_5_1*auxQ3_1_2
371|1|5|3|16*B3_4_0*auxP4_2_4-12*auxP4_3_0*auxQ3_3_4-6*auxP4_3_1*auxQ3_3_3+6*auxP4_3_3*auxQ3_3_1+12*auxP4_3_4*auxQ3_3_0-16*auxP4_4_0*auxQ3_2_4-10*auxP4_4_1*auxQ3_2_3-4*auxP4_4_2*auxQ3_2_2+2*auxP4_4_3*auxQ3_2_1+8*auxP4_4_4*auxQ3_2_0-20*auxP4_5_0*auxQ3_1_4-14*auxP4_5_1*auxQ3_1_3
372|1|5|4|-15*B3_3_5*auxP4_3_0+20*B3_4_0*auxP4_2_5-9*auxP4_3_1*auxQ3_3_4-3*auxP4_3_2*auxQ3_3_3+3*auxP4_3_3*auxQ3_3_2+9*auxP4_3_4*auxQ3_3_1+15*auxP4_3_5*auxQ3_3_0-20*auxP4_4_0*auxQ3_2_5-14*auxP4_4_1*auxQ3_2_4-8*auxP4_4_2*auxQ3_2_3-2*auxP4_4_3*auxQ3_2_2+4*auxP4_4_4*auxQ3_2_1+10*auxP4_4_5*auxQ3_2_0-25*auxP4_5_0*auxQ3_1_5-19*auxP4_5_1*auxQ3_1_4
373|1|5|5|-12*B3_3_5*auxP4_3_1+24*B3_4_0*auxP4_2_6-6*auxP4_3_2*auxQ3_3_4+6*auxP4_3_4*auxQ3_3_2+12*auxP4_3_5*auxQ3_3_1+18*auxP4_3_6*auxQ3_3_0-24*auxP4_4_0*auxQ3_2_6-18*auxP4_4_1*auxQ3_2_5-12*auxP4_4_2*auxQ3_2_4-6*auxP4_4_3*auxQ3_2_3+6*auxP4_4_5*auxQ3_2_1+12*auxP4_4_6*auxQ3_2_0-30*auxP4_5_0*auxQ3_1_6-24*auxP4_5_1*auxQ3_1_5
374|1|5|6|-9*B3_3_5*auxP4_3_2+28*B3_4_0*auxP4_2_7-3*auxP4_3_3*auxQ3_3_4+3*auxP4_3_4*auxQ3_3_3+9*auxP4_3_5*auxQ3_3_2+15*auxP4_3_6*auxQ3_3_1+21*auxP4_3_7*auxQ3_3_0-28*auxP4_4_0*auxQ3_2_7-22*auxP4_4_1*auxQ3_2_6-16*auxP4_4_2*auxQ3_2_5-10*auxP4_4_3*auxQ3_2_4-4*auxP4_4_4*auxQ3_2_3+2*auxP4_4_5*auxQ3_2_2+8*auxP4_4_6*auxQ3_2_1-35*auxP4_5_0*auxQ3_1_7-29*auxP4_5_1*auxQ3_1_6
375|1|5|7|-6*B3_3_5*auxP4_3_3+32*B3_4_0*auxP4_2_8+6*auxP4_3_5*auxQ3_3_3+12*auxP4_3_6*auxQ3_3_2+18*auxP4_3_7*auxQ3_3_1+24*auxP4_3_8*auxQ3_3_0-32*auxP4_4_0*auxQ3_2_8-26*auxP4_4_1*auxQ3_2_7-20*auxP4_4_2*auxQ3_2_6-14*auxP4_4_3*auxQ3_2_5-8*auxP4_4_4*auxQ3_2_4-2*auxP4_4_5*auxQ3_2_3+4*auxP4_4_6*auxQ3_2_2-40*auxP4_5_0*auxQ3_1_8-34*auxP4_5_1*auxQ3_1_7
376|1|5|8|-36*B2_2_3*auxP4_4_0-3*B3_3_5*auxP4_3_4+36*B3_4_0*auxP4_2_9+3*auxP4_3_5*auxQ3_3_4+9*auxP4_3_6*auxQ3_3_3+15*auxP4_3_7*auxQ3_3_2+21*auxP4_3_8*auxQ3_3_1+27*auxP4_3_9*auxQ3_3_0-30*auxP4_4_1*auxQ3_2_8-24*auxP4_4_2*auxQ3_2_7-18*auxP4_4_3*auxQ3_2_6-12*auxP4_4_4*auxQ3_2_5-6*auxP4_4_5*auxQ3_2_4-45*auxP4_5_0*auxQ3_1_9-39*auxP4_5_1*auxQ3_1_8
377|1|5|9|-34*B2_2_3*auxP4_4_1+40*B3_4_0*auxP4_2_10+30*auxP4_3_10*auxQ3_3_0+6*auxP4_3_6*auxQ3_3_4+12*auxP4_3_7*auxQ3_3_3+18*auxP4_3_8*auxQ3_3_2+24*auxP4_3_9*auxQ3_3_1-28*auxP4_4_2*auxQ3_2_8-22*auxP4_4_3*auxQ3_2_7-16*auxP4_4_4*auxQ3_2_6-10*auxP4_4_5*auxQ3_2_5-4*auxP4_4_6*auxQ3_2_4-50*auxP4_5_0*auxQ3_1_10-44*auxP4_5_1*auxQ3_1_9
378|1|5|10|33*A3_3_5*auxQ3_3_0-32*B2_2_3*auxP4_4_2+3*B3_3_5*auxP4_3_6+44*B3_4_0*auxP4_2_11+27*auxP4_3_10*auxQ3_3_1+9*auxP4_3_7*auxQ3_3_4+15*auxP4_3_8*auxQ3_3_3+21*auxP4_3_9*auxQ3_3_2-26*auxP4_4_3*auxQ3_2_8-20*auxP4_4_4*auxQ3_2_7-14*auxP4_4_5*auxQ3_2_6-8*auxP4_4_6*auxQ3_2_5-55*auxP4_5_0*auxQ3_1_11-49*auxP4_5_1*auxQ3_1_10
379|1|5|11|30*A3_3_5*auxQ3_3_1-30*B2_2_3*auxP4_4_3+6*B3_3_5*auxP4_3_7+48*B3_4_0*auxP4_2_12+24*auxP4_3_10*auxQ3_3_2+12*auxP4_3_8*auxQ3_3_4+18*auxP4_3_9*auxQ3_3_3-24*auxP4_4_4*auxQ3_2_8-18*auxP4_4_5*auxQ3_2_7-12*auxP4_4_6*auxQ3_2_6-60*auxP4_5_0*auxQ3_1_12-54*auxP4_5_1*auxQ3_1_11
380|1|5|12|27*A3_3_5*auxQ3_3_2-28*B2_2_3*auxP4_4_4+9*B3_3_5*auxP4_3_8+52*B3_4_0*auxP4_2_13+21*auxP4_3_10*auxQ3_3_3+15*auxP4_3_9*auxQ3_3_4-22*auxP4_4_5*auxQ3_2_8-16*auxP4_4_6*auxQ3_2_7-65*auxP4_5_0*auxQ3_1_13-59*auxP4_5_1*auxQ3_1_12
381|1|5|13|24*A3_3_5*auxQ3_3_3-26*B2_2_3*auxP4_4_5+12*B3_3_5*auxP4_3_9+56*B3_4_0*auxP4_2_14+18*auxP4_3_10*auxQ3_3_4-20*auxP4_4_6*auxQ3_2_8-64*auxP4_5_1*auxQ3_1_13
382|1|5|14|60*A2_2_3*B3_4_0+21*A3_3_5*auxQ3_3_4-24*B2_2_3*auxP4_4_6+15*B3_3_5*auxP4_3_10
383|1|5|15|18*A3_3_5*B3_3_5
384|1|6|0|4*B3_4_0*auxP4_3_1-4*auxP4_4_0*auxQ3_3_1+3*auxP4_4_1*auxQ3_3_0-5*auxP4_5_0*auxQ3_2_1+2*auxP4_5_1*auxQ3_2_0
385|1|6|1|8*B3_4_0*auxP4_3_2-8*auxP4_4_0*auxQ3_3_2-auxP4_4_1*auxQ3_3_1+6*auxP4_4_2*auxQ3_3_0-10*auxP4_5_0*auxQ3_2_2-3*auxP4_5_1*auxQ3_2_1
386|1|6|2|12*B3_4_0*auxP4_3_3-12*auxP4_4_0*auxQ3_3_3-5*auxP4_4_1*auxQ3_3_2+2*auxP4_4_2*auxQ3_3_1+9*auxP4_4_3*auxQ3_3_0-15*auxP4_5_0*auxQ3_2_3-8*auxP4_5_1*auxQ3_2_2
387|1|6|3|16*B3_4_0*auxP4_3_4-16*auxP4_4_0*auxQ3_3_4-9*auxP4_4_1*auxQ3_3_3-2*auxP4_4_2*auxQ3_3_2+5*auxP4_4_3*auxQ3_3_1+12*auxP4_4_4*auxQ3_3_0-20*auxP4_5_0*auxQ3_2_4-13*auxP4_5_1*auxQ3_2_3
388|1|6|4|-20*B3_3_5*auxP4_4_0+20*B3_4_0*auxP4_3_5-13*auxP4_4_1*auxQ3_3_4-6*auxP4_4_2*auxQ3_3_3+auxP4_4_3*auxQ3_3_2+8*auxP4_4_4*auxQ3_3_1+15*auxP4_4_5*auxQ3_3_0-25*auxP4_5_0*auxQ3_2_5-18*auxP4_5_1*auxQ3_2_4
389|1|6|5|-17*B3_3_5*auxP4_4_1+24*B3_4_0*auxP4_3_6-10*auxP4_4_2*auxQ3_3_4-3*auxP4_4_3*auxQ3_3_3+4*auxP4_4_4*auxQ3_3_2+11*auxP4_4_5*auxQ3_3_1+18*auxP4_4_6*auxQ3_3_0-30*auxP4_5_0*auxQ3_2_6-23*auxP4_5_1*auxQ3_2_5
390|1|6|6|-14*B3_3_5*auxP4_4_2+28*B3_4_0*auxP4_3_7-7*auxP4_4_3*auxQ3_3_4+7*auxP4_4_5*auxQ3_3_2+14*auxP4_4_6*auxQ3_3_1-35*auxP4_5_0*auxQ3_2_7-28*auxP4_5_1*auxQ3_2_6
391|1|6|7|-11*B3_3_5*auxP4_4_3+32*B3_4_0*auxP4_3_8-4*auxP4_4_4*auxQ3_3_4+3*auxP4_4_5*auxQ3_3_3+10*auxP4_4_6*auxQ3_3_2-40*auxP4_5_0*auxQ3_2_8-33*auxP4_5_1*auxQ3_2_7
392|1|6|8|-45*B2_2_3*auxP4_5_0-8*B3_3_5*auxP4_4_4+36*B3_4_0*auxP4_3_9-auxP4_4_5*auxQ3_3_4+6*auxP4_4_6*auxQ3_3_3-38*auxP4_5_1*auxQ3_2_8
393|1|6|9|-43*B2_2_3*auxP4_5_1-5*B3_3_5*auxP4_4_5+40*B3_4_0*auxP4_3_10+2*auxP4_4_6*auxQ3_3_4
394|1|6|10|44*A3_3_5*B3_4_0-2*B3_3_5*auxP4_4_6
395|1|7|0|4*B3_4_0*auxP4_4_1-5*auxP4_5_0*auxQ3_3_1+3*auxP4_5_1*auxQ3_3_0
396|1|7|1|8*B3_4_0*auxP4_4_2-10*auxP4_5_0*auxQ3_3_2-2*auxP4_5_1*auxQ3_3_1
397|1|7|2|12*B3_4_0*auxP4_4_3-15*auxP4_5_0*auxQ3_3_3-7*auxP4_5_1*auxQ3_3_2
398|1|7|3|16*B3_4_0*auxP4_4_4-20*auxP4_5_0*auxQ3_3_4-12*auxP4_5_1*auxQ3_3_3
399|1|7|4|-25*B3_3_5*auxP4_5_0+20*B3_4_0*auxP4_4_5-17*auxP4_5_1*auxQ3_3_4
400|1|7|5|-22*B3_3_5*auxP4_5_1+24*B3_4_0*auxP4_4_6
401|1|8|0|4*B3_4_0*auxP4_5_1
