kind	key	coordinate	coefficient_exact
derivative-only	('f', 'F0', -12, 0)	constant	(('0', '1'), ('0', '1'), ('0', '1'), ('0', '1'), ('0', '1'), ('0', '1'), ('15625/3', '1'), ('0', '1'), ('0', '1'), ('0', '1'), ('0', '1'), ('0', '1'), ('0', '1'), ('0', '1'), ('0', '1'), ('0', '1'), ('0', '1'), ('0', '1'))
derivative-only	('f', 'F0', -12, 5)	constant	(('-31250', '1'), ('0', '1'), ('0', '1'), ('0', '1'), ('0', '1'), ('0', '1'), ('0', '1'), ('0', '1'), ('0', '1'), ('0', '1'), ('0', '1'), ('0', '1'), ('0', '1'), ('0', '1'), ('0', '1'), ('0', '1'), ('0', '1'), ('0', '1'))
derivative-only	('f', 'F0', -11, 3)	constant	(('-311430000*V*U', '1'), ('-669690000*V*U', '1'), ('-526680000*V*U', '1'), ('-78540000*V*U', '1'), ('0', '1'), ('0', '1'), ('0', '1'), ('0', '1'), ('0', '1'), ('0', '1'), ('0', '1'), ('0', '1'), ('0', '1'), ('0', '1'), ('0', '1'), ('0', '1'), ('0', '1'), ('0', '1'))
derivative-only	('f', 'F0', -11, 3)	p4	(('-2500', '1'), ('0', '1'), ('0', '1'), ('0', '1'), ('0', '1'), ('0', '1'), ('0', '1'), ('0', '1'), ('0', '1'), ('0', '1'), ('0', '1'), ('0', '1'), ('0', '1'), ('0', '1'), ('0', '1'), ('0', '1'), ('0', '1'), ('0', '1'))
derivative-only	('f', 'F0', -11, 3)	p8	(('-12500', '1'), ('0', '1'), ('0', '1'), ('0', '1'), ('0', '1'), ('0', '1'), ('0', '1'), ('0', '1'), ('0', '1'), ('0', '1'), ('0', '1'), ('0', '1'), ('0', '1'), ('0', '1'), ('0', '1'), ('0', '1'), ('0', '1'), ('0', '1'))
derivative-only	('f', 'F0', -11, 3)	p13	(('-37500', '1'), ('0', '1'), ('0', '1'), ('0', '1'), ('0', '1'), ('0', '1'), ('0', '1'), ('0', '1'), ('0', '1'), ('0', '1'), ('0', '1'), ('0', '1'), ('0', '1'), ('0', '1'), ('0', '1'), ('0', '1'), ('0', '1'), ('0', '1'))
derivative-only	('f', 'F0', -11, 3)	p19	(('-87500', '1'), ('0', '1'), ('0', '1'), ('0', '1'), ('0', '1'), ('0', '1'), ('0', '1'), ('0', '1'), ('0', '1'), ('0', '1'), ('0', '1'), ('0', '1'), ('0', '1'), ('0', '1'), ('0', '1'), ('0', '1'), ('0', '1'), ('0', '1'))
derivative-only	('f', 'F0', -11, 3)	p24	(('1925000*C', '1'), ('0', '1'), ('0', '1'), ('0', '1'), ('0', '1'), ('0', '1'), ('0', '1'), ('0', '1'), ('0', '1'), ('0', '1'), ('0', '1'), ('0', '1'), ('0', '1'), ('0', '1'), ('0', '1'), ('0', '1'), ('0', '1'), ('0', '1'))
derivative-only	('f', 'F0', -11, 3)	p25	(('1925000*V', '1'), ('0', '1'), ('0', '1'), ('0', '1'), ('0', '1'), ('0', '1'), ('0', '1'), ('0', '1'), ('0', '1'), ('0', '1'), ('0', '1'), ('0', '1'), ('0', '1'), ('0', '1'), ('0', '1'), ('0', '1'), ('0', '1'), ('0', '1'))
derivative-only	('f', 'F0', -11, 3)	p26	(('1925000*U', '1'), ('0', '1'), ('0', '1'), ('0', '1'), ('0', '1'), ('0', '1'), ('0', '1'), ('0', '1'), ('0', '1'), ('0', '1'), ('0', '1'), ('0', '1'), ('0', '1'), ('0', '1'), ('0', '1'), ('0', '1'), ('0', '1'), ('0', '1'))
derivative-only	('f', 'F0', -11, 3)	p27	(('3780000*C + 11550000*U^2', '1'), ('0', '1'), ('0', '1'), ('0', '1'), ('0', '1'), ('0', '1'), ('0', '1'), ('0', '1'), ('0', '1'), ('0', '1'), ('0', '1'), ('0', '1'), ('0', '1'), ('0', '1'), ('0', '1'), ('0', '1'), ('0', '1'), ('0', '1'))
derivative-only	('f', 'F0', -11, 3)	p28	(('3780000*V', '1'), ('0', '1'), ('0', '1'), ('0', '1'), ('0', '1'), ('0', '1'), ('0', '1'), ('0', '1'), ('0', '1'), ('0', '1'), ('0', '1'), ('0', '1'), ('0', '1'), ('0', '1'), ('0', '1'), ('0', '1'), ('0', '1'), ('0', '1'))
derivative-only	('f', 'F0', -11, 3)	p29	(('6825000*C - 24570000*U^2', '1'), ('0', '1'), ('0', '1'), ('0', '1'), ('0', '1'), ('0', '1'), ('0', '1'), ('0', '1'), ('0', '1'), ('0', '1'), ('0', '1'), ('0', '1'), ('0', '1'), ('0', '1'), ('0', '1'), ('0', '1'), ('0', '1'), ('0', '1'))
derivative-only	('f', 'F0', -10, 1)	constant	(('-160838998/3*C^3*U + 96536022*C^2*V^2 + 749130246*C^2*U^3 - 745699542*C*V^2*U^2 + 147269528*C*U^5 - 221037668*V^4*U - 882429188*V^2*U^4 + 151117842*U^7', 'C - 3*U^2'), ('-114695136*C^3*U + 95012760*C^2*V^2 + 756391704*C^2*U^3 - 783600816*C*V^2*U^2 + 119778756*C*U^5 - 230284860*V^4*U - 981224910*V^2*U^4 + 209559660*U^7', 'C - 3*U^2'), ('-121198032*C^3*U - 28923600*C^2*V^2 + 204331968*C^2*U^3 - 440811852*C*V^2*U^2 - 52147968*C*U^5 - 71781600*V^4*U - 440400270*V^2*U^4 + 127438560*U^7', 'C - 3*U^2'), ('-35596444*C^3*U - 21243000*C^2*V^2 + 17044576*C^2*U^3 - 158653884*C*V^2*U^2 - 56112556*C*U^5 - 14216400*V^4*U - 113210810*V^2*U^4 + 24673880*U^7', 'C - 3*U^2'), ('-1516608*C^3*U + 6257820*C^2*V^2 + 5704872*C^2*U^3 - 6802968*C*V^2*U^2 - 9094392*C*U^5 - 5304240*V^4*U - 17059860*V^2*U^4 + 914880*U^7', 'C - 3*U^2'), ('-254064*C^3*U + 577296*C^2*V^2 + 552672*C^2*U^3 + 2005488*C*V^2*U^2 - 213840*C*U^5 - 11184*V^4*U - 612504*V^2*U^4 - 15264*U^7', 'C - 3*U^2'), ('312500/3*U', 'C - 3*U^2'), ('0', '1'), ('0', '1'), ('0', '1'), ('0', '1'), ('0', '1'), ('0', '1'), ('0', '1'), ('0', '1'), ('0', '1'), ('0', '1'), ('0', '1'))
derivative-only	('f', 'F0', -10, 1)	p0	(('50*V', 'C - 3*U^2'), ('0', '1'), ('0', '1'), ('0', '1'), ('0', '1'), ('0', '1'), ('0', '1'), ('0', '1'), ('0', '1'), ('0', '1'), ('0', '1'), ('0', '1'), ('0', '1'), ('0', '1'), ('0', '1'), ('0', '1'), ('0', '1'), ('0', '1'))
derivative-only	('f', 'F0', -10, 1)	p1	(('-50*C - 50*U^2', 'C - 3*U^2'), ('0', '1'), ('0', '1'), ('0', '1'), ('0', '1'), ('0', '1'), ('0', '1'), ('0', '1'), ('0', '1'), ('0', '1'), ('0', '1'), ('0', '1'), ('0', '1'), ('0', '1'), ('0', '1'), ('0', '1'), ('0', '1'), ('0', '1'))
derivative-only	('f', 'F0', -10, 1)	p2	(('-550*V^2 - 400*U^3', 'C - 3*U^2'), ('0', '1'), ('0', '1'), ('0', '1'), ('0', '1'), ('0', '1'), ('0', '1'), ('0', '1'), ('0', '1'), ('0', '1'), ('0', '1'), ('0', '1'), ('0', '1'), ('0', '1'), ('0', '1'), ('0', '1'), ('0', '1'), ('0', '1'))
derivative-only	('f', 'F0', -10, 1)	p3	(('-500*V*U', 'C - 3*U^2'), ('0', '1'), ('0', '1'), ('0', '1'), ('0', '1'), ('0', '1'), ('0', '1'), ('0', '1'), ('0', '1'), ('0', '1'), ('0', '1'), ('0', '1'), ('0', '1'), ('0', '1'), ('0', '1'), ('0', '1'), ('0', '1'), ('0', '1'))
derivative-only	('f', 'F0', -10, 1)	p4	(('-3200*C*V*U - 1700*V^3 - 2000*V*U^3', 'C - 3*U^2'), ('0', '1'), ('0', '1'), ('0', '1'), ('0', '1'), ('0', '1'), ('0', '1'), ('0', '1'), ('0', '1'), ('0', '1'), ('0', '1'), ('0', '1'), ('0', '1'), ('0', '1'), ('0', '1'), ('0', '1'), ('0', '1'), ('0', '1'))
derivative-only	('f', 'F0', -10, 1)	p5	(('950*C^2 + 1000*C*U^2 - 3100*V^2*U - 750*U^4', 'C - 3*U^2'), ('0', '1'), ('0', '1'), ('0', '1'), ('0', '1'), ('0', '1'), ('0', '1'), ('0', '1'), ('0', '1'), ('0', '1'), ('0', '1'), ('0', '1'), ('0', '1'), ('0', '1'), ('0', '1'), ('0', '1'), ('0', '1'), ('0', '1'))
derivative-only	('f', 'F0', -10, 1)	p6	(('2100*C*V - 500*V*U^2', 'C - 3*U^2'), ('0', '1'), ('0', '1'), ('0', '1'), ('0', '1'), ('0', '1'), ('0', '1'), ('0', '1'), ('0', '1'), ('0', '1'), ('0', '1'), ('0', '1'), ('0', '1'), ('0', '1'), ('0', '1'), ('0', '1'), ('0', '1'), ('0', '1'))
derivative-only	('f', 'F0', -10, 1)	p7	(('900*C*U - 1050*V^2 - 700*U^3', 'C - 3*U^2'), ('0', '1'), ('0', '1'), ('0', '1'), ('0', '1'), ('0', '1'), ('0', '1'), ('0', '1'), ('0', '1'), ('0', '1'), ('0', '1'), ('0', '1'), ('0', '1'), ('0', '1'), ('0', '1'), ('0', '1'), ('0', '1'), ('0', '1'))
derivative-only	('f', 'F0', -10, 1)	p8	(('5500*C*V*U - 3900*V^3 - 6800*V*U^3', 'C - 3*U^2'), ('0', '1'), ('0', '1'), ('0', '1'), ('0', '1'), ('0', '1'), ('0', '1'), ('0', '1'), ('0', '1'), ('0', '1'), ('0', '1'), ('0', '1'), ('0', '1'), ('0', '1'), ('0', '1'), ('0', '1'), ('0', '1'), ('0', '1'))
derivative-only	('f', 'F0', -10, 1)	p9	(('2300*C^2 + 5650*C*U^2 - 400*V^2*U - 650*U^4', 'C - 3*U^2'), ('0', '1'), ('0', '1'), ('0', '1'), ('0', '1'), ('0', '1'), ('0', '1'), ('0', '1'), ('0', '1'), ('0', '1'), ('0', '1'), ('0', '1'), ('0', '1'), ('0', '1'), ('0', '1'), ('0', '1'), ('0', '1'), ('0', '1'))
derivative-only	('f', 'F0', -10, 1)	p10	(('6100*C*V + 5650*V*U^2', 'C - 3*U^2'), ('0', '1'), ('0', '1'), ('0', '1'), ('0', '1'), ('0', '1'), ('0', '1'), ('0', '1'), ('0', '1'), ('0', '1'), ('0', '1'), ('0', '1'), ('0', '1'), ('0', '1'), ('0', '1'), ('0', '1'), ('0', '1'), ('0', '1'))
derivative-only	('f', 'F0', -10, 1)	p11	(('-19700*C^2*V + 87900*C*V*U^2 + 52600*V^3*U + 14050*V*U^4', 'C - 3*U^2'), ('0', '1'), ('0', '1'), ('0', '1'), ('0', '1'), ('0', '1'), ('0', '1'), ('0', '1'), ('0', '1'), ('0', '1'), ('0', '1'), ('0', '1'), ('0', '1'), ('0', '1'), ('0', '1'), ('0', '1'), ('0', '1'), ('0', '1'))
derivative-only	('f', 'F0', -10, 1)	p12	(('-31500*C^2*U - 3600*C*V^2 + 8900*C*U^3 + 70200*V^2*U^2 + 6800*U^5', 'C - 3*U^2'), ('0', '1'), ('0', '1'), ('0', '1'), ('0', '1'), ('0', '1'), ('0', '1'), ('0', '1'), ('0', '1'), ('0', '1'), ('0', '1'), ('0', '1'), ('0', '1'), ('0', '1'), ('0', '1'), ('0', '1'), ('0', '1'), ('0', '1'))
derivative-only	('f', 'F0', -10, 1)	p13	(('-2000*C*V*U + 6200*V^3 + 20800*V*U^3', 'C - 3*U^2'), ('0', '1'), ('0', '1'), ('0', '1'), ('0', '1'), ('0', '1'), ('0', '1'), ('0', '1'), ('0', '1'), ('0', '1'), ('0', '1'), ('0', '1'), ('0', '1'), ('0', '1'), ('0', '1'), ('0', '1'), ('0', '1'), ('0', '1'))
derivative-only	('f', 'F0', -10, 1)	p14	(('4500*C^2 - 3400*C*U^2 + 12600*V^2*U + 12100*U^4', 'C - 3*U^2'), ('0', '1'), ('0', '1'), ('0', '1'), ('0', '1'), ('0', '1'), ('0', '1'), ('0', '1'), ('0', '1'), ('0', '1'), ('0', '1'), ('0', '1'), ('0', '1'), ('0', '1'), ('0', '1'), ('0', '1'), ('0', '1'), ('0', '1'))
derivative-only	('f', 'F0', -10, 1)	p15	(('-460200*C^2*V*U + 39300*C*V^3 + 379200*C*V*U^3 + 339300*V^3*U^2 + 52500*V*U^5', 'C - 3*U^2'), ('0', '1'), ('0', '1'), ('0', '1'), ('0', '1'), ('0', '1'), ('0', '1'), ('0', '1'), ('0', '1'), ('0', '1'), ('0', '1'), ('0', '1'), ('0', '1'), ('0', '1'), ('0', '1'), ('0', '1'), ('0', '1'), ('0', '1'))
derivative-only	('f', 'F0', -10, 1)	p16	(('14900*C^3 - 211800*C^2*U^2 - 344100*C*V^2*U + 80250*C*U^4 + 42000*V^4 + 311400*V^2*U^3 + 15750*U^6', 'C - 3*U^2'), ('0', '1'), ('0', '1'), ('0', '1'), ('0', '1'), ('0', '1'), ('0', '1'), ('0', '1'), ('0', '1'), ('0', '1'), ('0', '1'), ('0', '1'), ('0', '1'), ('0', '1'), ('0', '1'), ('0', '1'), ('0', '1'), ('0', '1'))
derivative-only	('f', 'F0', -10, 1)	p17	(('-198000*C^2*V - 23100*C*V*U^2 + 280400*V^3*U + 244350*V*U^4', 'C - 3*U^2'), ('0', '1'), ('0', '1'), ('0', '1'), ('0', '1'), ('0', '1'), ('0', '1'), ('0', '1'), ('0', '1'), ('0', '1'), ('0', '1'), ('0', '1'), ('0', '1'), ('0', '1'), ('0', '1'), ('0', '1'), ('0', '1'), ('0', '1'))
derivative-only	('f', 'F0', -10, 1)	p18	(('-94500*C^2*U - 168000*C*V^2 - 72900*C*U^3 + 143700*V^2*U^2 + 84000*U^5', 'C - 3*U^2'), ('0', '1'), ('0', '1'), ('0', '1'), ('0', '1'), ('0', '1'), ('0', '1'), ('0', '1'), ('0', '1'), ('0', '1'), ('0', '1'), ('0', '1'), ('0', '1'), ('0', '1'), ('0', '1'), ('0', '1'), ('0', '1'), ('0', '1'))
derivative-only	('f', 'F0', -10, 1)	p19	(('-121000*C*V*U + 10000*V^3 - 53800*V*U^3', 'C - 3*U^2'), ('0', '1'), ('0', '1'), ('0', '1'), ('0', '1'), ('0', '1'), ('0', '1'), ('0', '1'), ('0', '1'), ('0', '1'), ('0', '1'), ('0', '1'), ('0', '1'), ('0', '1'), ('0', '1'), ('0', '1'), ('0', '1'), ('0', '1'))
derivative-only	('f', 'F0', -10, 1)	p20	(('-2965200*C^2*V*U - 779200*C*V^3 - 879600*C*V*U^3 + 1147400*V^3*U^2 + 1014600*V*U^5', 'C - 3*U^2'), ('0', '1'), ('0', '1'), ('0', '1'), ('0', '1'), ('0', '1'), ('0', '1'), ('0', '1'), ('0', '1'), ('0', '1'), ('0', '1'), ('0', '1'), ('0', '1'), ('0', '1'), ('0', '1'), ('0', '1'), ('0', '1'), ('0', '1'))
derivative-only	('f', 'F0', -10, 1)	p21	(('650*C^3 - 537950*C^2*U^2 - 3151000*C*V^2*U - 447300*C*U^4 + 12150*V^4 + 1200*V^2*U^3 + 268900*U^6', 'C - 3*U^2'), ('0', '1'), ('0', '1'), ('0', '1'), ('0', '1'), ('0', '1'), ('0', '1'), ('0', '1'), ('0', '1'), ('0', '1'), ('0', '1'), ('0', '1'), ('0', '1'), ('0', '1'), ('0', '1'), ('0', '1'), ('0', '1'), ('0', '1'))
derivative-only	('f', 'F0', -10, 1)	p22	(('-529000*C^2*V - 550000*C*V*U^2 + 389000*V^3*U - 167250*V*U^4', 'C - 3*U^2'), ('0', '1'), ('0', '1'), ('0', '1'), ('0', '1'), ('0', '1'), ('0', '1'), ('0', '1'), ('0', '1'), ('0', '1'), ('0', '1'), ('0', '1'), ('0', '1'), ('0', '1'), ('0', '1'), ('0', '1'), ('0', '1'), ('0', '1'))
derivative-only	('f', 'F0', -10, 1)	p23	(('-298000*C^2*U - 401250*C*V^2 - 108000*C*U^3 + 108750*V^2*U^2 - 63600*U^5', 'C - 3*U^2'), ('0', '1'), ('0', '1'), ('0', '1'), ('0', '1'), ('0', '1'), ('0', '1'), ('0', '1'), ('0', '1'), ('0', '1'), ('0', '1'), ('0', '1'), ('0', '1'), ('0', '1'), ('0', '1'), ('0', '1'), ('0', '1'), ('0', '1'))
derivative-only	('f', 'F0', -10, 1)	p24	(('-5809200*C^2*V*U - 2393700*C*V^3 - 2341100*C*V*U^3 + 488900*V^3*U^2 - 1997100*V*U^5', 'C - 3*U^2'), ('0', '1'), ('0', '1'), ('0', '1'), ('0', '1'), ('0', '1'), ('0', '1'), ('0', '1'), ('0', '1'), ('0', '1'), ('0', '1'), ('0', '1'), ('0', '1'), ('0', '1'), ('0', '1'), ('0', '1'), ('0', '1'), ('0', '1'))
derivative-only	('f', 'F0', -10, 1)	p25	(('115150*C^3 - 1739450*C^2*U^2 - 5712000*C*V^2*U - 797550*C*U^4 - 295350*V^4 + 45200*V^2*U^3 - 748550*U^6', 'C - 3*U^2'), ('0', '1'), ('0', '1'), ('0', '1'), ('0', '1'), ('0', '1'), ('0', '1'), ('0', '1'), ('0', '1'), ('0', '1'), ('0', '1'), ('0', '1'), ('0', '1'), ('0', '1'), ('0', '1'), ('0', '1'), ('0', '1'), ('0', '1'))
derivative-only	('f', 'F0', -10, 1)	p26	(('-1023750*C^2*V + 1463250*C*V*U^2 + 612000*V^3*U + 777250*V*U^4', 'C - 3*U^2'), ('0', '1'), ('0', '1'), ('0', '1'), ('0', '1'), ('0', '1'), ('0', '1'), ('0', '1'), ('0', '1'), ('0', '1'), ('0', '1'), ('0', '1'), ('0', '1'), ('0', '1'), ('0', '1'), ('0', '1'), ('0', '1'), ('0', '1'))
derivative-only	('f', 'F0', -10, 1)	p27	(('-6232800*C^2*V*U + 4296600*C*V^3 + 12957600*C*V*U^3 - 2451600*V^3*U^2 + 3936400*V*U^5', 'C - 3*U^2'), ('0', '1'), ('0', '1'), ('0', '1'), ('0', '1'), ('0', '1'), ('0', '1'), ('0', '1'), ('0', '1'), ('0', '1'), ('0', '1'), ('0', '1'), ('0', '1'), ('0', '1'), ('0', '1'), ('0', '1'), ('0', '1'), ('0', '1'))
derivative-only	('f', 'F0', -10, 1)	p28	(('406000*C^3 + 3303300*C^2*U^2 - 3843000*C*V^2*U + 897150*C*U^4 - 754250*V^4 - 2899200*V^2*U^3 - 62550*U^6', 'C - 3*U^2'), ('0', '1'), ('0', '1'), ('0', '1'), ('0', '1'), ('0', '1'), ('0', '1'), ('0', '1'), ('0', '1'), ('0', '1'), ('0', '1'), ('0', '1'), ('0', '1'), ('0', '1'), ('0', '1'), ('0', '1'), ('0', '1'), ('0', '1'))
derivative-only	('f', 'F0', -10, 1)	p29	(('10182000*C^2*V*U + 8159000*C*V^3 - 10255000*C*V*U^3 - 19198900*V^3*U^2 - 10751000*V*U^5', 'C - 3*U^2'), ('0', '1'), ('0', '1'), ('0', '1'), ('0', '1'), ('0', '1'), ('0', '1'), ('0', '1'), ('0', '1'), ('0', '1'), ('0', '1'), ('0', '1'), ('0', '1'), ('0', '1'), ('0', '1'), ('0', '1'), ('0', '1'), ('0', '1'))
derivative-only	('f', 'F0', -9, 4)	constant	(('207506250*V', '1'), ('264600000*V', '1'), ('107493750*V', '1'), ('0', '1'), ('0', '1'), ('0', '1'), ('0', '1'), ('0', '1'), ('0', '1'), ('0', '1'), ('0', '1'), ('0', '1'), ('0', '1'), ('0', '1'), ('0', '1'), ('0', '1'), ('0', '1'), ('0', '1'))
derivative-only	('f', 'F0', -9, 4)	p11	(('-15625', '1'), ('0', '1'), ('0', '1'), ('0', '1'), ('0', '1'), ('0', '1'), ('0', '1'), ('0', '1'), ('0', '1'), ('0', '1'), ('0', '1'), ('0', '1'), ('0', '1'), ('0', '1'), ('0', '1'), ('0', '1'), ('0', '1'), ('0', '1'))
derivative-only	('f', 'F0', -9, 4)	p17	(('-93750', '1'), ('0', '1'), ('0', '1'), ('0', '1'), ('0', '1'), ('0', '1'), ('0', '1'), ('0', '1'), ('0', '1'), ('0', '1'), ('0', '1'), ('0', '1'), ('0', '1'), ('0', '1'), ('0', '1'), ('0', '1'), ('0', '1'), ('0', '1'))
derivative-only	('f', 'F0', -9, 4)	p22	(('-328125', '1'), ('0', '1'), ('0', '1'), ('0', '1'), ('0', '1'), ('0', '1'), ('0', '1'), ('0', '1'), ('0', '1'), ('0', '1'), ('0', '1'), ('0', '1'), ('0', '1'), ('0', '1'), ('0', '1'), ('0', '1'), ('0', '1'), ('0', '1'))
derivative-only	('f', 'F0', -9, 4)	p26	(('-875000', '1'), ('0', '1'), ('0', '1'), ('0', '1'), ('0', '1'), ('0', '1'), ('0', '1'), ('0', '1'), ('0', '1'), ('0', '1'), ('0', '1'), ('0', '1'), ('0', '1'), ('0', '1'), ('0', '1'), ('0', '1'), ('0', '1'), ('0', '1'))
derivative-only	('f', 'F0', -9, 4)	p29	(('25593750*U', '1'), ('0', '1'), ('0', '1'), ('0', '1'), ('0', '1'), ('0', '1'), ('0', '1'), ('0', '1'), ('0', '1'), ('0', '1'), ('0', '1'), ('0', '1'), ('0', '1'), ('0', '1'), ('0', '1'), ('0', '1'), ('0', '1'), ('0', '1'))
derivative-only	('f', 'F0', -8, 2)	constant	(('39708900*C^2 - 673047900*C*U^2 + 323199000*V^2*U + 952447500*U^4', '1'), ('59570550*C^2 - 727709400*C*U^2 + 523017000*V^2*U + 1074051000*U^4', '1'), ('42606900*C^2 - 362901600*C*U^2 + 302022000*V^2*U + 436924125*U^4', '1'), ('11763900*C^2 - 121662000*C*U^2 + 4959000*V^2*U + 60439500*U^4', '1'), ('402750*C^2 - 18549000*C*U^2 - 12312000*V^2*U + 2079000*U^4', '1'), ('291600*C^2 - 648000*C*U^2 - 648000*V^2*U', '1'), ('0', '1'), ('0', '1'), ('0', '1'), ('0', '1'), ('0', '1'), ('0', '1'), ('0', '1'), ('0', '1'), ('0', '1'), ('0', '1'), ('0', '1'), ('0', '1'))
derivative-only	('f', 'F0', -8, 2)	p2	(('-375', '1'), ('0', '1'), ('0', '1'), ('0', '1'), ('0', '1'), ('0', '1'), ('0', '1'), ('0', '1'), ('0', '1'), ('0', '1'), ('0', '1'), ('0', '1'), ('0', '1'), ('0', '1'), ('0', '1'), ('0', '1'), ('0', '1'), ('0', '1'))
derivative-only	('f', 'F0', -8, 2)	p7	(('-1500', '1'), ('0', '1'), ('0', '1'), ('0', '1'), ('0', '1'), ('0', '1'), ('0', '1'), ('0', '1'), ('0', '1'), ('0', '1'), ('0', '1'), ('0', '1'), ('0', '1'), ('0', '1'), ('0', '1'), ('0', '1'), ('0', '1'), ('0', '1'))
derivative-only	('f', 'F0', -8, 2)	p12	(('30000*C', '1'), ('0', '1'), ('0', '1'), ('0', '1'), ('0', '1'), ('0', '1'), ('0', '1'), ('0', '1'), ('0', '1'), ('0', '1'), ('0', '1'), ('0', '1'), ('0', '1'), ('0', '1'), ('0', '1'), ('0', '1'), ('0', '1'), ('0', '1'))
derivative-only	('f', 'F0', -8, 2)	p13	(('30000*V', '1'), ('0', '1'), ('0', '1'), ('0', '1'), ('0', '1'), ('0', '1'), ('0', '1'), ('0', '1'), ('0', '1'), ('0', '1'), ('0', '1'), ('0', '1'), ('0', '1'), ('0', '1'), ('0', '1'), ('0', '1'), ('0', '1'), ('0', '1'))
derivative-only	('f', 'F0', -8, 2)	p14	(('30000*U', '1'), ('0', '1'), ('0', '1'), ('0', '1'), ('0', '1'), ('0', '1'), ('0', '1'), ('0', '1'), ('0', '1'), ('0', '1'), ('0', '1'), ('0', '1'), ('0', '1'), ('0', '1'), ('0', '1'), ('0', '1'), ('0', '1'), ('0', '1'))
derivative-only	('f', 'F0', -8, 2)	p15	(('270000*C*V', '1'), ('0', '1'), ('0', '1'), ('0', '1'), ('0', '1'), ('0', '1'), ('0', '1'), ('0', '1'), ('0', '1'), ('0', '1'), ('0', '1'), ('0', '1'), ('0', '1'), ('0', '1'), ('0', '1'), ('0', '1'), ('0', '1'), ('0', '1'))
derivative-only	('f', 'F0', -8, 2)	p16	(('270000*C*U + 135000*V^2', '1'), ('0', '1'), ('0', '1'), ('0', '1'), ('0', '1'), ('0', '1'), ('0', '1'), ('0', '1'), ('0', '1'), ('0', '1'), ('0', '1'), ('0', '1'), ('0', '1'), ('0', '1'), ('0', '1'), ('0', '1'), ('0', '1'), ('0', '1'))
derivative-only	('f', 'F0', -8, 2)	p17	(('270000*V*U', '1'), ('0', '1'), ('0', '1'), ('0', '1'), ('0', '1'), ('0', '1'), ('0', '1'), ('0', '1'), ('0', '1'), ('0', '1'), ('0', '1'), ('0', '1'), ('0', '1'), ('0', '1'), ('0', '1'), ('0', '1'), ('0', '1'), ('0', '1'))
derivative-only	('f', 'F0', -8, 2)	p18	(('67500*C + 135000*U^2', '1'), ('0', '1'), ('0', '1'), ('0', '1'), ('0', '1'), ('0', '1'), ('0', '1'), ('0', '1'), ('0', '1'), ('0', '1'), ('0', '1'), ('0', '1'), ('0', '1'), ('0', '1'), ('0', '1'), ('0', '1'), ('0', '1'), ('0', '1'))
derivative-only	('f', 'F0', -8, 2)	p19	(('67500*V', '1'), ('0', '1'), ('0', '1'), ('0', '1'), ('0', '1'), ('0', '1'), ('0', '1'), ('0', '1'), ('0', '1'), ('0', '1'), ('0', '1'), ('0', '1'), ('0', '1'), ('0', '1'), ('0', '1'), ('0', '1'), ('0', '1'), ('0', '1'))
derivative-only	('f', 'F0', -8, 2)	p20	(('675000*C*V + 1350000*V*U^2', '1'), ('0', '1'), ('0', '1'), ('0', '1'), ('0', '1'), ('0', '1'), ('0', '1'), ('0', '1'), ('0', '1'), ('0', '1'), ('0', '1'), ('0', '1'), ('0', '1'), ('0', '1'), ('0', '1'), ('0', '1'), ('0', '1'), ('0', '1'))
derivative-only	('f', 'F0', -8, 2)	p21	(('337500*V^2 + 450000*U^3', '1'), ('0', '1'), ('0', '1'), ('0', '1'), ('0', '1'), ('0', '1'), ('0', '1'), ('0', '1'), ('0', '1'), ('0', '1'), ('0', '1'), ('0', '1'), ('0', '1'), ('0', '1'), ('0', '1'), ('0', '1'), ('0', '1'), ('0', '1'))
derivative-only	('f', 'F0', -8, 2)	p23	(('131250*C - 337500*U^2', '1'), ('0', '1'), ('0', '1'), ('0', '1'), ('0', '1'), ('0', '1'), ('0', '1'), ('0', '1'), ('0', '1'), ('0', '1'), ('0', '1'), ('0', '1'), ('0', '1'), ('0', '1'), ('0', '1'), ('0', '1'), ('0', '1'), ('0', '1'))
derivative-only	('f', 'F0', -8, 2)	p24	(('-3712500*V*U^2', '1'), ('0', '1'), ('0', '1'), ('0', '1'), ('0', '1'), ('0', '1'), ('0', '1'), ('0', '1'), ('0', '1'), ('0', '1'), ('0', '1'), ('0', '1'), ('0', '1'), ('0', '1'), ('0', '1'), ('0', '1'), ('0', '1'), ('0', '1'))
derivative-only	('f', 'F0', -8, 2)	p25	(('-721875*V^2 - 2475000*U^3', '1'), ('0', '1'), ('0', '1'), ('0', '1'), ('0', '1'), ('0', '1'), ('0', '1'), ('0', '1'), ('0', '1'), ('0', '1'), ('0', '1'), ('0', '1'), ('0', '1'), ('0', '1'), ('0', '1'), ('0', '1'), ('0', '1'), ('0', '1'))
derivative-only	('f', 'F0', -8, 2)	p26	(('-1443750*V*U', '1'), ('0', '1'), ('0', '1'), ('0', '1'), ('0', '1'), ('0', '1'), ('0', '1'), ('0', '1'), ('0', '1'), ('0', '1'), ('0', '1'), ('0', '1'), ('0', '1'), ('0', '1'), ('0', '1'), ('0', '1'), ('0', '1'), ('0', '1'))
derivative-only	('f', 'F0', -8, 2)	p27	(('-2772000*C*V - 8662500*V*U^2', '1'), ('0', '1'), ('0', '1'), ('0', '1'), ('0', '1'), ('0', '1'), ('0', '1'), ('0', '1'), ('0', '1'), ('0', '1'), ('0', '1'), ('0', '1'), ('0', '1'), ('0', '1'), ('0', '1'), ('0', '1'), ('0', '1'), ('0', '1'))
derivative-only	('f', 'F0', -8, 2)	p28	(('-2772000*C*U - 1386000*V^2 + 2887500*U^3', '1'), ('0', '1'), ('0', '1'), ('0', '1'), ('0', '1'), ('0', '1'), ('0', '1'), ('0', '1'), ('0', '1'), ('0', '1'), ('0', '1'), ('0', '1'), ('0', '1'), ('0', '1'), ('0', '1'), ('0', '1'), ('0', '1'), ('0', '1'))
derivative-only	('f', 'F0', -8, 2)	p29	(('-4914000*C*V + 18018000*V*U^2', '1'), ('0', '1'), ('0', '1'), ('0', '1'), ('0', '1'), ('0', '1'), ('0', '1'), ('0', '1'), ('0', '1'), ('0', '1'), ('0', '1'), ('0', '1'), ('0', '1'), ('0', '1'), ('0', '1'), ('0', '1'), ('0', '1'), ('0', '1'))
derivative-only	('f', 'F0', -7, 0)	constant	(('87500222/5*C^3*V*U - 104935436/5*C^2*V^3 - 499537594*C^2*V*U^3 + 584936048/5*C*V^3*U^2 + 1786361862/5*C*V*U^5 + 331556502/5*V^5*U + 2565666204/5*V^3*U^4 + 5926278663/5*V*U^7', 'C - 3*U^2'), ('135936132/5*C^3*V*U - 98105532/5*C^2*V^3 - 449338440*C^2*V*U^3 + 112983348*C*V^3*U^2 + 1484657496/5*C*V*U^5 + 69085458*V^5*U + 580713669*V^3*U^4 + 1135300572*V*U^7', 'C - 3*U^2'), ('73287444/5*C^3*V*U + 45602766/5*C^2*V^3 - 71972556*C^2*V*U^3 + 89424786*C*V^3*U^2 + 674035902/5*C*V*U^5 + 21534480*V^5*U + 256585131*V^3*U^4 + 286288614*V*U^7', 'C - 3*U^2'), ('21090678/5*C^3*V*U + 25651452/5*C^2*V^3 - 12638716*C^2*V*U^3 + 42509676*C*V^3*U^2 + 410332314/5*C*V*U^5 + 4264920*V^5*U + 60406197*V^3*U^4 + 39069372*V*U^7', 'C - 3*U^2'), ('8654676/5*C^3*V*U - 8574846/5*C^2*V^3 - 7917264*C^2*V*U^3 - 110280*C*V^3*U^2 + 32204988/5*C*V*U^5 + 1591272*V^5*U + 10110078*V^3*U^4 + 9988992*V*U^7', 'C - 3*U^2'), ('1027368/5*C^3*V*U - 162456*C^2*V^3 + 42048*C^2*V*U^3 - 2868336/5*C*V^3*U^2 - 9638568/5*C*V*U^5 + 16776/5*V^5*U + 16092/5*V^3*U^4 + 3098304/5*V*U^7', 'C - 3*U^2'), ('-31250*V*U', 'C - 3*U^2'), ('0', '1'), ('0', '1'), ('0', '1'), ('0', '1'), ('0', '1'), ('0', '1'), ('0', '1'), ('0', '1'), ('0', '1'), ('0', '1'), ('0', '1'))
derivative-only	('f', 'F0', -7, 0)	p0	(('15*C*U - 15*V^2 - 45*U^3', 'C - 3*U^2'), ('0', '1'), ('0', '1'), ('0', '1'), ('0', '1'), ('0', '1'), ('0', '1'), ('0', '1'), ('0', '1'), ('0', '1'), ('0', '1'), ('0', '1'), ('0', '1'), ('0', '1'), ('0', '1'), ('0', '1'), ('0', '1'), ('0', '1'))
derivative-only	('f', 'F0', -7, 0)	p1	(('10*C*V + 30*V*U^2', 'C - 3*U^2'), ('0', '1'), ('0', '1'), ('0', '1'), ('0', '1'), ('0', '1'), ('0', '1'), ('0', '1'), ('0', '1'), ('0', '1'), ('0', '1'), ('0', '1'), ('0', '1'), ('0', '1'), ('0', '1'), ('0', '1'), ('0', '1'), ('0', '1'))
derivative-only	('f', 'F0', -7, 0)	p2	(('-180*C*V*U + 165*V^3 + 660*V*U^3', 'C - 3*U^2'), ('0', '1'), ('0', '1'), ('0', '1'), ('0', '1'), ('0', '1'), ('0', '1'), ('0', '1'), ('0', '1'), ('0', '1'), ('0', '1'), ('0', '1'), ('0', '1'), ('0', '1'), ('0', '1'), ('0', '1'), ('0', '1'), ('0', '1'))
derivative-only	('f', 'F0', -7, 0)	p3	(('-190*C*U^2 + 150*V^2*U + 570*U^4', 'C - 3*U^2'), ('0', '1'), ('0', '1'), ('0', '1'), ('0', '1'), ('0', '1'), ('0', '1'), ('0', '1'), ('0', '1'), ('0', '1'), ('0', '1'), ('0', '1'), ('0', '1'), ('0', '1'), ('0', '1'), ('0', '1'), ('0', '1'), ('0', '1'))
derivative-only	('f', 'F0', -7, 0)	p4	(('5*C^3 - 1215*C^2*U^2 + 360*C*V^2*U + 3675*C*U^4 + 510*V^4 + 2400*V^2*U^3 - 225*U^6', 'C - 3*U^2'), ('0', '1'), ('0', '1'), ('0', '1'), ('0', '1'), ('0', '1'), ('0', '1'), ('0', '1'), ('0', '1'), ('0', '1'), ('0', '1'), ('0', '1'), ('0', '1'), ('0', '1'), ('0', '1'), ('0', '1'), ('0', '1'), ('0', '1'))
derivative-only	('f', 'F0', -7, 0)	p5	(('-185*C^2*V - 1800*C*V*U^2 + 930*V^3*U + 3825*V*U^4', 'C - 3*U^2'), ('0', '1'), ('0', '1'), ('0', '1'), ('0', '1'), ('0', '1'), ('0', '1'), ('0', '1'), ('0', '1'), ('0', '1'), ('0', '1'), ('0', '1'), ('0', '1'), ('0', '1'), ('0', '1'), ('0', '1'), ('0', '1'), ('0', '1'))
derivative-only	('f', 'F0', -7, 0)	p6	(('360*C^2*U - 535*C*V^2 - 1680*C*U^3 - 135*V^2*U^2 + 1800*U^5', 'C - 3*U^2'), ('0', '1'), ('0', '1'), ('0', '1'), ('0', '1'), ('0', '1'), ('0', '1'), ('0', '1'), ('0', '1'), ('0', '1'), ('0', '1'), ('0', '1'), ('0', '1'), ('0', '1'), ('0', '1'), ('0', '1'), ('0', '1'), ('0', '1'))
derivative-only	('f', 'F0', -7, 0)	p7	(('-540*C*V*U + 315*V^3 + 1020*V*U^3', 'C - 3*U^2'), ('0', '1'), ('0', '1'), ('0', '1'), ('0', '1'), ('0', '1'), ('0', '1'), ('0', '1'), ('0', '1'), ('0', '1'), ('0', '1'), ('0', '1'), ('0', '1'), ('0', '1'), ('0', '1'), ('0', '1'), ('0', '1'), ('0', '1'))
derivative-only	('f', 'F0', -7, 0)	p8	(('20*C^3 - 300*C^2*U^2 - 2520*C*V^2*U - 330*C*U^4 + 1170*V^4 + 4650*V^2*U^3 + 3150*U^6', 'C - 3*U^2'), ('0', '1'), ('0', '1'), ('0', '1'), ('0', '1'), ('0', '1'), ('0', '1'), ('0', '1'), ('0', '1'), ('0', '1'), ('0', '1'), ('0', '1'), ('0', '1'), ('0', '1'), ('0', '1'), ('0', '1'), ('0', '1'), ('0', '1'))
derivative-only	('f', 'F0', -7, 0)	p9	(('-440*C^2*V - 2370*C*V*U^2 + 120*V^3*U - 30*V*U^4', 'C - 3*U^2'), ('0', '1'), ('0', '1'), ('0', '1'), ('0', '1'), ('0', '1'), ('0', '1'), ('0', '1'), ('0', '1'), ('0', '1'), ('0', '1'), ('0', '1'), ('0', '1'), ('0', '1'), ('0', '1'), ('0', '1'), ('0', '1'), ('0', '1'))
derivative-only	('f', 'F0', -7, 0)	p10	(('1200*C^2*U - 1600*C*V^2 - 2315*C*U^3 - 2385*V^2*U^2 - 3855*U^5', 'C - 3*U^2'), ('0', '1'), ('0', '1'), ('0', '1'), ('0', '1'), ('0', '1'), ('0', '1'), ('0', '1'), ('0', '1'), ('0', '1'), ('0', '1'), ('0', '1'), ('0', '1'), ('0', '1'), ('0', '1'), ('0', '1'), ('0', '1'), ('0', '1'))
derivative-only	('f', 'F0', -7, 0)	p11	(('-1500*C^3*U + 4425*C^2*V^2 + 35780*C^2*U^3 + 645*C*V^2*U^2 - 96605*C*U^5 - 15780*V^4*U - 71895*V^2*U^4 + 8295*U^7', 'C - 3*U^2'), ('0', '1'), ('0', '1'), ('0', '1'), ('0', '1'), ('0', '1'), ('0', '1'), ('0', '1'), ('0', '1'), ('0', '1'), ('0', '1'), ('0', '1'), ('0', '1'), ('0', '1'), ('0', '1'), ('0', '1'), ('0', '1'), ('0', '1'))
derivative-only	('f', 'F0', -7, 0)	p12	(('8100*C^2*V*U + 340*C*V^3 + 33500*C*V*U^3 - 18840*V^3*U^2 - 98400*V*U^5', 'C - 3*U^2'), ('0', '1'), ('0', '1'), ('0', '1'), ('0', '1'), ('0', '1'), ('0', '1'), ('0', '1'), ('0', '1'), ('0', '1'), ('0', '1'), ('0', '1'), ('0', '1'), ('0', '1'), ('0', '1'), ('0', '1'), ('0', '1'), ('0', '1'))
derivative-only	('f', 'F0', -7, 0)	p13	(('50*C^3 - 750*C^2*U^2 + 2400*C*V^2*U + 9990*C*U^4 - 1860*V^4 - 11640*V^2*U^3 - 24570*U^6', 'C - 3*U^2'), ('0', '1'), ('0', '1'), ('0', '1'), ('0', '1'), ('0', '1'), ('0', '1'), ('0', '1'), ('0', '1'), ('0', '1'), ('0', '1'), ('0', '1'), ('0', '1'), ('0', '1'), ('0', '1'), ('0', '1'), ('0', '1'), ('0', '1'))
derivative-only	('f', 'F0', -7, 0)	p14	(('-850*C^2*V + 2880*C*V*U^2 - 3780*V^3*U - 13710*V*U^4', 'C - 3*U^2'), ('0', '1'), ('0', '1'), ('0', '1'), ('0', '1'), ('0', '1'), ('0', '1'), ('0', '1'), ('0', '1'), ('0', '1'), ('0', '1'), ('0', '1'), ('0', '1'), ('0', '1'), ('0', '1'), ('0', '1'), ('0', '1'), ('0', '1'))
derivative-only	('f', 'F0', -7, 0)	p15	(('5*C^4 - 59955*C^3*U^2 + 133020*C^2*V^2*U + 311805*C^2*U^4 - 14340*C*V^4 + 56130*C*V^2*U^3 - 400995*C*U^6 - 94140*V^4*U^2 - 480060*V^2*U^5 + 15120*U^8', 'C - 3*U^2'), ('0', '1'), ('0', '1'), ('0', '1'), ('0', '1'), ('0', '1'), ('0', '1'), ('0', '1'), ('0', '1'), ('0', '1'), ('0', '1'), ('0', '1'), ('0', '1'), ('0', '1'), ('0', '1'), ('0', '1'), ('0', '1'), ('0', '1'))
derivative-only	('f', 'F0', -7, 0)	p16	(('-2970*C^3*V - 40320*C^2*V*U^2 + 103710*C*V^3*U + 407880*C*V*U^4 - 12600*V^5 - 94860*V^3*U^3 - 406350*V*U^6', 'C - 3*U^2'), ('0', '1'), ('0', '1'), ('0', '1'), ('0', '1'), ('0', '1'), ('0', '1'), ('0', '1'), ('0', '1'), ('0', '1'), ('0', '1'), ('0', '1'), ('0', '1'), ('0', '1'), ('0', '1'), ('0', '1'), ('0', '1'), ('0', '1'))
derivative-only	('f', 'F0', -7, 0)	p17	(('-31050*C^3*U + 49425*C^2*V^2 + 156150*C^2*U^3 + 132795*C*V^2*U^2 - 164115*C*U^5 - 84120*V^4*U - 361125*V^2*U^4 - 74655*U^7', 'C - 3*U^2'), ('0', '1'), ('0', '1'), ('0', '1'), ('0', '1'), ('0', '1'), ('0', '1'), ('0', '1'), ('0', '1'), ('0', '1'), ('0', '1'), ('0', '1'), ('0', '1'), ('0', '1'), ('0', '1'), ('0', '1'), ('0', '1'), ('0', '1'))
derivative-only	('f', 'F0', -7, 0)	p18	(('-10800*C^2*V*U + 43400*C*V^3 + 218880*C*V*U^3 - 22110*V^3*U^2 - 263880*V*U^5', 'C - 3*U^2'), ('0', '1'), ('0', '1'), ('0', '1'), ('0', '1'), ('0', '1'), ('0', '1'), ('0', '1'), ('0', '1'), ('0', '1'), ('0', '1'), ('0', '1'), ('0', '1'), ('0', '1'), ('0', '1'), ('0', '1'), ('0', '1'), ('0', '1'))
derivative-only	('f', 'F0', -7, 0)	p19	(('100*C^3 - 25800*C^2*U^2 + 35100*C*V^2*U + 72180*C*U^4 - 3000*V^4 + 19740*V^2*U^3 + 12960*U^6', 'C - 3*U^2'), ('0', '1'), ('0', '1'), ('0', '1'), ('0', '1'), ('0', '1'), ('0', '1'), ('0', '1'), ('0', '1'), ('0', '1'), ('0', '1'), ('0', '1'), ('0', '1'), ('0', '1'), ('0', '1'), ('0', '1'), ('0', '1'), ('0', '1'))
derivative-only	('f', 'F0', -7, 0)	p20	(('30*C^4 - 522930*C^3*U^2 + 608220*C^2*V^2*U + 1738470*C^2*U^4 + 201695*C*V^4 + 1627200*C*V^2*U^3 - 443490*C*U^6 - 248025*V^4*U^2 - 1862280*V^2*U^5 - 199080*U^8', 'C - 3*U^2'), ('0', '1'), ('0', '1'), ('0', '1'), ('0', '1'), ('0', '1'), ('0', '1'), ('0', '1'), ('0', '1'), ('0', '1'), ('0', '1'), ('0', '1'), ('0', '1'), ('0', '1'), ('0', '1'), ('0', '1'), ('0', '1'), ('0', '1'))
derivative-only	('f', 'F0', -7, 0)	p21	(('-1070*C^3*V - 679590*C^2*V*U^2 + 860880*C*V^3*U + 2888040*C*V*U^4 - 3645*V^5 + 252900*V^3*U^3 - 749820*V*U^6', 'C - 3*U^2'), ('0', '1'), ('0', '1'), ('0', '1'), ('0', '1'), ('0', '1'), ('0', '1'), ('0', '1'), ('0', '1'), ('0', '1'), ('0', '1'), ('0', '1'), ('0', '1'), ('0', '1'), ('0', '1'), ('0', '1'), ('0', '1'), ('0', '1'))
derivative-only	('f', 'F0', -7, 0)	p22	(('-69300*C^3*U + 126675*C^2*V^2 + 233400*C^2*U^3 + 393825*C*V^2*U^2 - 127335*C*U^5 - 116700*V^4*U - 348075*V^2*U^4 + 152505*U^7', 'C - 3*U^2'), ('0', '1'), ('0', '1'), ('0', '1'), ('0', '1'), ('0', '1'), ('0', '1'), ('0', '1'), ('0', '1'), ('0', '1'), ('0', '1'), ('0', '1'), ('0', '1'), ('0', '1'), ('0', '1'), ('0', '1'), ('0', '1'), ('0', '1'))
derivative-only	('f', 'F0', -7, 0)	p23	(('-17000*C^2*V*U + 104900*C*V^3 + 476100*C*V*U^3 + 13800*V^3*U^2 - 354420*V*U^5', 'C - 3*U^2'), ('0', '1'), ('0', '1'), ('0', '1'), ('0', '1'), ('0', '1'), ('0', '1'), ('0', '1'), ('0', '1'), ('0', '1'), ('0', '1'), ('0', '1'), ('0', '1'), ('0', '1'), ('0', '1'), ('0', '1'), ('0', '1'), ('0', '1'))
derivative-only	('f', 'F0', -7, 0)	p24	(('-1820*C^4 - 811230*C^3*U^2 + 877070*C^2*V^2*U + 2585220*C^2*U^4 + 640220*C*V^4 + 3921600*C*V^2*U^3 - 637690*C*U^6 + 87000*V^4*U^2 - 1267470*V^2*U^5 + 696720*U^8', 'C - 3*U^2'), ('0', '1'), ('0', '1'), ('0', '1'), ('0', '1'), ('0', '1'), ('0', '1'), ('0', '1'), ('0', '1'), ('0', '1'), ('0', '1'), ('0', '1'), ('0', '1'), ('0', '1'), ('0', '1'), ('0', '1'), ('0', '1'), ('0', '1'))
derivative-only	('f', 'F0', -7, 0)	p25	(('-26670*C^3*V - 1324415*C^2*V*U^2 + 1494780*C*V^3*U + 6106290*C*V*U^4 + 88605*V^5 + 642900*V^3*U^3 - 972885*V*U^6', 'C - 3*U^2'), ('0', '1'), ('0', '1'), ('0', '1'), ('0', '1'), ('0', '1'), ('0', '1'), ('0', '1'), ('0', '1'), ('0', '1'), ('0', '1'), ('0', '1'), ('0', '1'), ('0', '1'), ('0', '1'), ('0', '1'), ('0', '1'), ('0', '1'))
derivative-only	('f', 'F0', -7, 0)	p26	(('-136325*C^3*U + 245175*C^2*V^2 + 1003275*C^2*U^3 + 48850*C*V^2*U^2 - 1800700*C*U^5 - 183600*V^4*U - 1139100*V^2*U^4 + 53400*U^7', 'C - 3*U^2'), ('0', '1'), ('0', '1'), ('0', '1'), ('0', '1'), ('0', '1'), ('0', '1'), ('0', '1'), ('0', '1'), ('0', '1'), ('0', '1'), ('0', '1'), ('0', '1'), ('0', '1'), ('0', '1'), ('0', '1'), ('0', '1'), ('0', '1'))
derivative-only	('f', 'F0', -7, 0)	p27	(('-3080*C^4 - 1977990*C^3*U^2 + 2499840*C^2*V^2*U + 9640890*C^2*U^4 - 1095045*C*V^4 - 7116280*C*V^2*U^3 - 11041490*C*U^6 + 153675*V^4*U^2 + 2836080*V^2*U^5 + 11670*U^8', 'C - 3*U^2'), ('0', '1'), ('0', '1'), ('0', '1'), ('0', '1'), ('0', '1'), ('0', '1'), ('0', '1'), ('0', '1'), ('0', '1'), ('0', '1'), ('0', '1'), ('0', '1'), ('0', '1'), ('0', '1'), ('0', '1'), ('0', '1'), ('0', '1'))
derivative-only	('f', 'F0', -7, 0)	p28	(('-87360*C^3*V - 2846550*C^2*V*U^2 + 982800*C*V^3*U + 2884050*C*V*U^4 + 226275*V^5 + 1380060*V^3*U^3 + 6329340*V*U^6', 'C - 3*U^2'), ('0', '1'), ('0', '1'), ('0', '1'), ('0', '1'), ('0', '1'), ('0', '1'), ('0', '1'), ('0', '1'), ('0', '1'), ('0', '1'), ('0', '1'), ('0', '1'), ('0', '1'), ('0', '1'), ('0', '1'), ('0', '1'), ('0', '1'))
derivative-only	('f', 'F0', -7, 0)	p29	(('-4830*C^4 - 1024230*C^3*U^2 - 481950*C^2*V^2*U - 3759870*C^2*U^4 - 2080480*C*V^4 - 14301940*C*V^2*U^3 + 21063670*C*U^6 + 4658010*V^4*U^2 + 32206770*V^2*U^5 - 1306740*U^8', 'C - 3*U^2'), ('0', '1'), ('0', '1'), ('0', '1'), ('0', '1'), ('0', '1'), ('0', '1'), ('0', '1'), ('0', '1'), ('0', '1'), ('0', '1'), ('0', '1'), ('0', '1'), ('0', '1'), ('0', '1'), ('0', '1'), ('0', '1'), ('0', '1'))
derivative-only	('f', 'F0', -7, 5)	p15	(('-93750', '1'), ('0', '1'), ('0', '1'), ('0', '1'), ('0', '1'), ('0', '1'), ('0', '1'), ('0', '1'), ('0', '1'), ('0', '1'), ('0', '1'), ('0', '1'), ('0', '1'), ('0', '1'), ('0', '1'), ('0', '1'), ('0', '1'), ('0', '1'))
derivative-only	('f', 'F0', -7, 5)	p20	(('-656250', '1'), ('0', '1'), ('0', '1'), ('0', '1'), ('0', '1'), ('0', '1'), ('0', '1'), ('0', '1'), ('0', '1'), ('0', '1'), ('0', '1'), ('0', '1'), ('0', '1'), ('0', '1'), ('0', '1'), ('0', '1'), ('0', '1'), ('0', '1'))
derivative-only	('f', 'F0', -7, 5)	p24	(('-2625000', '1'), ('0', '1'), ('0', '1'), ('0', '1'), ('0', '1'), ('0', '1'), ('0', '1'), ('0', '1'), ('0', '1'), ('0', '1'), ('0', '1'), ('0', '1'), ('0', '1'), ('0', '1'), ('0', '1'), ('0', '1'), ('0', '1'), ('0', '1'))
derivative-only	('f', 'F0', -7, 5)	p27	(('-7875000', '1'), ('0', '1'), ('0', '1'), ('0', '1'), ('0', '1'), ('0', '1'), ('0', '1'), ('0', '1'), ('0', '1'), ('0', '1'), ('0', '1'), ('0', '1'), ('0', '1'), ('0', '1'), ('0', '1'), ('0', '1'), ('0', '1'), ('0', '1'))
derivative-only	('f', 'F0', -7, 5)	p29	(('-19687500', '1'), ('0', '1'), ('0', '1'), ('0', '1'), ('0', '1'), ('0', '1'), ('0', '1'), ('0', '1'), ('0', '1'), ('0', '1'), ('0', '1'), ('0', '1'), ('0', '1'), ('0', '1'), ('0', '1'), ('0', '1'), ('0', '1'), ('0', '1'))
derivative-only	('f', 'F0', -6, 3)	constant	(('814695000*C*U - 361168500*V^2 - 2723665000*U^3', '1'), ('884940000*C*U - 448476000*V^2 - 2822610000*U^3', '1'), ('503580000*C*U - 114744000*V^2 - 859320000*U^3', '1'), ('175560000*C*U + 48510000*V^2 - 65450000*U^3', '1'), ('16170000*C*U + 8085000*V^2', '1'), ('0', '1'), ('0', '1'), ('0', '1'), ('0', '1'), ('0', '1'), ('0', '1'), ('0', '1'), ('0', '1'), ('0', '1'), ('0', '1'), ('0', '1'), ('0', '1'), ('0', '1'))
derivative-only	('f', 'F0', -6, 3)	p5	(('-2500', '1'), ('0', '1'), ('0', '1'), ('0', '1'), ('0', '1'), ('0', '1'), ('0', '1'), ('0', '1'), ('0', '1'), ('0', '1'), ('0', '1'), ('0', '1'), ('0', '1'), ('0', '1'), ('0', '1'), ('0', '1'), ('0', '1'), ('0', '1'))
derivative-only	('f', 'F0', -6, 3)	p9	(('-12500', '1'), ('0', '1'), ('0', '1'), ('0', '1'), ('0', '1'), ('0', '1'), ('0', '1'), ('0', '1'), ('0', '1'), ('0', '1'), ('0', '1'), ('0', '1'), ('0', '1'), ('0', '1'), ('0', '1'), ('0', '1'), ('0', '1'), ('0', '1'))
derivative-only	('f', 'F0', -6, 3)	p14	(('-37500', '1'), ('0', '1'), ('0', '1'), ('0', '1'), ('0', '1'), ('0', '1'), ('0', '1'), ('0', '1'), ('0', '1'), ('0', '1'), ('0', '1'), ('0', '1'), ('0', '1'), ('0', '1'), ('0', '1'), ('0', '1'), ('0', '1'), ('0', '1'))
derivative-only	('f', 'F0', -6, 3)	p21	(('875000*C', '1'), ('0', '1'), ('0', '1'), ('0', '1'), ('0', '1'), ('0', '1'), ('0', '1'), ('0', '1'), ('0', '1'), ('0', '1'), ('0', '1'), ('0', '1'), ('0', '1'), ('0', '1'), ('0', '1'), ('0', '1'), ('0', '1'), ('0', '1'))
derivative-only	('f', 'F0', -6, 3)	p22	(('875000*V', '1'), ('0', '1'), ('0', '1'), ('0', '1'), ('0', '1'), ('0', '1'), ('0', '1'), ('0', '1'), ('0', '1'), ('0', '1'), ('0', '1'), ('0', '1'), ('0', '1'), ('0', '1'), ('0', '1'), ('0', '1'), ('0', '1'), ('0', '1'))
derivative-only	('f', 'F0', -6, 3)	p23	(('875000*U', '1'), ('0', '1'), ('0', '1'), ('0', '1'), ('0', '1'), ('0', '1'), ('0', '1'), ('0', '1'), ('0', '1'), ('0', '1'), ('0', '1'), ('0', '1'), ('0', '1'), ('0', '1'), ('0', '1'), ('0', '1'), ('0', '1'), ('0', '1'))
derivative-only	('f', 'F0', -6, 3)	p24	(('9625000*V*U', '1'), ('0', '1'), ('0', '1'), ('0', '1'), ('0', '1'), ('0', '1'), ('0', '1'), ('0', '1'), ('0', '1'), ('0', '1'), ('0', '1'), ('0', '1'), ('0', '1'), ('0', '1'), ('0', '1'), ('0', '1'), ('0', '1'), ('0', '1'))
derivative-only	('f', 'F0', -6, 3)	p25	(('1925000*C + 4812500*U^2', '1'), ('0', '1'), ('0', '1'), ('0', '1'), ('0', '1'), ('0', '1'), ('0', '1'), ('0', '1'), ('0', '1'), ('0', '1'), ('0', '1'), ('0', '1'), ('0', '1'), ('0', '1'), ('0', '1'), ('0', '1'), ('0', '1'), ('0', '1'))
derivative-only	('f', 'F0', -6, 3)	p26	(('1925000*V', '1'), ('0', '1'), ('0', '1'), ('0', '1'), ('0', '1'), ('0', '1'), ('0', '1'), ('0', '1'), ('0', '1'), ('0', '1'), ('0', '1'), ('0', '1'), ('0', '1'), ('0', '1'), ('0', '1'), ('0', '1'), ('0', '1'), ('0', '1'))
derivative-only	('f', 'F0', -6, 3)	p28	(('3780000*C - 11550000*U^2', '1'), ('0', '1'), ('0', '1'), ('0', '1'), ('0', '1'), ('0', '1'), ('0', '1'), ('0', '1'), ('0', '1'), ('0', '1'), ('0', '1'), ('0', '1'), ('0', '1'), ('0', '1'), ('0', '1'), ('0', '1'), ('0', '1'), ('0', '1'))
derivative-only	('f', 'F0', -6, 3)	p29	(('-49140000*V*U', '1'), ('0', '1'), ('0', '1'), ('0', '1'), ('0', '1'), ('0', '1'), ('0', '1'), ('0', '1'), ('0', '1'), ('0', '1'), ('0', '1'), ('0', '1'), ('0', '1'), ('0', '1'), ('0', '1'), ('0', '1'), ('0', '1'), ('0', '1'))
derivative-only	('f', 'F0', -5, 1)	constant	(('-39673428*C^2*V + 1736477928*C*V*U^2 + 200950260*V^3*U + 1160753160*V*U^4', '1'), ('-38433888*C^2*V + 1600220160*C*V*U^2 + 192434760*V^3*U + 1139875260*V*U^4', '1'), ('14736204*C^2*V + 481693320*C*V*U^2 + 54138420*V^3*U + 344343870*V*U^4', '1'), ('4557078*C^2*V + 143465760*C*V*U^2 + 25721640*V^3*U + 72412740*V*U^4', '1'), ('-4981104*C^2*V + 15921360*C*V*U^2 + 11350080*V^3*U + 15810480*V*U^4', '1'), ('-632232*C^2*V - 2189376*C*V*U^2 + 181440*V^3*U + 861840*V*U^4', '1'), ('0', '1'), ('0', '1'), ('0', '1'), ('0', '1'), ('0', '1'), ('0', '1'), ('0', '1'), ('0', '1'), ('0', '1'), ('0', '1'), ('0', '1'), ('0', '1'))
derivative-only	('f', 'F0', -5, 1)	p0	(('-50', '1'), ('0', '1'), ('0', '1'), ('0', '1'), ('0', '1'), ('0', '1'), ('0', '1'), ('0', '1'), ('0', '1'), ('0', '1'), ('0', '1'), ('0', '1'), ('0', '1'), ('0', '1'), ('0', '1'), ('0', '1'), ('0', '1'), ('0', '1'))
derivative-only	('f', 'F0', -5, 1)	p2	(('750*V', '1'), ('0', '1'), ('0', '1'), ('0', '1'), ('0', '1'), ('0', '1'), ('0', '1'), ('0', '1'), ('0', '1'), ('0', '1'), ('0', '1'), ('0', '1'), ('0', '1'), ('0', '1'), ('0', '1'), ('0', '1'), ('0', '1'), ('0', '1'))
derivative-only	('f', 'F0', -5, 1)	p3	(('750*U', '1'), ('0', '1'), ('0', '1'), ('0', '1'), ('0', '1'), ('0', '1'), ('0', '1'), ('0', '1'), ('0', '1'), ('0', '1'), ('0', '1'), ('0', '1'), ('0', '1'), ('0', '1'), ('0', '1'), ('0', '1'), ('0', '1'), ('0', '1'))
derivative-only	('f', 'F0', -5, 1)	p4	(('4500*C*U + 2250*V^2', '1'), ('0', '1'), ('0', '1'), ('0', '1'), ('0', '1'), ('0', '1'), ('0', '1'), ('0', '1'), ('0', '1'), ('0', '1'), ('0', '1'), ('0', '1'), ('0', '1'), ('0', '1'), ('0', '1'), ('0', '1'), ('0', '1'), ('0', '1'))
derivative-only	('f', 'F0', -5, 1)	p5	(('4500*V*U', '1'), ('0', '1'), ('0', '1'), ('0', '1'), ('0', '1'), ('0', '1'), ('0', '1'), ('0', '1'), ('0', '1'), ('0', '1'), ('0', '1'), ('0', '1'), ('0', '1'), ('0', '1'), ('0', '1'), ('0', '1'), ('0', '1'), ('0', '1'))
derivative-only	('f', 'F0', -5, 1)	p6	(('-1200*C + 2250*U^2', '1'), ('0', '1'), ('0', '1'), ('0', '1'), ('0', '1'), ('0', '1'), ('0', '1'), ('0', '1'), ('0', '1'), ('0', '1'), ('0', '1'), ('0', '1'), ('0', '1'), ('0', '1'), ('0', '1'), ('0', '1'), ('0', '1'), ('0', '1'))
derivative-only	('f', 'F0', -5, 1)	p7	(('1800*V', '1'), ('0', '1'), ('0', '1'), ('0', '1'), ('0', '1'), ('0', '1'), ('0', '1'), ('0', '1'), ('0', '1'), ('0', '1'), ('0', '1'), ('0', '1'), ('0', '1'), ('0', '1'), ('0', '1'), ('0', '1'), ('0', '1'), ('0', '1'))
derivative-only	('f', 'F0', -5, 1)	p8	(('6300*V^2 + 5250*U^3', '1'), ('0', '1'), ('0', '1'), ('0', '1'), ('0', '1'), ('0', '1'), ('0', '1'), ('0', '1'), ('0', '1'), ('0', '1'), ('0', '1'), ('0', '1'), ('0', '1'), ('0', '1'), ('0', '1'), ('0', '1'), ('0', '1'), ('0', '1'))
derivative-only	('f', 'F0', -5, 1)	p10	(('-4000*C - 6300*U^2', '1'), ('0', '1'), ('0', '1'), ('0', '1'), ('0', '1'), ('0', '1'), ('0', '1'), ('0', '1'), ('0', '1'), ('0', '1'), ('0', '1'), ('0', '1'), ('0', '1'), ('0', '1'), ('0', '1'), ('0', '1'), ('0', '1'), ('0', '1'))
derivative-only	('f', 'F0', -5, 1)	p11	(('5000*C^2 - 129150*C*U^2 - 78750*V^2*U + 10500*U^4', '1'), ('0', '1'), ('0', '1'), ('0', '1'), ('0', '1'), ('0', '1'), ('0', '1'), ('0', '1'), ('0', '1'), ('0', '1'), ('0', '1'), ('0', '1'), ('0', '1'), ('0', '1'), ('0', '1'), ('0', '1'), ('0', '1'), ('0', '1'))
derivative-only	('f', 'F0', -5, 1)	p12	(('-18000*C*V - 129150*V*U^2', '1'), ('0', '1'), ('0', '1'), ('0', '1'), ('0', '1'), ('0', '1'), ('0', '1'), ('0', '1'), ('0', '1'), ('0', '1'), ('0', '1'), ('0', '1'), ('0', '1'), ('0', '1'), ('0', '1'), ('0', '1'), ('0', '1'), ('0', '1'))
derivative-only	('f', 'F0', -5, 1)	p13	(('-14000*V^2 - 33600*U^3', '1'), ('0', '1'), ('0', '1'), ('0', '1'), ('0', '1'), ('0', '1'), ('0', '1'), ('0', '1'), ('0', '1'), ('0', '1'), ('0', '1'), ('0', '1'), ('0', '1'), ('0', '1'), ('0', '1'), ('0', '1'), ('0', '1'), ('0', '1'))
derivative-only	('f', 'F0', -5, 1)	p14	(('-28000*V*U', '1'), ('0', '1'), ('0', '1'), ('0', '1'), ('0', '1'), ('0', '1'), ('0', '1'), ('0', '1'), ('0', '1'), ('0', '1'), ('0', '1'), ('0', '1'), ('0', '1'), ('0', '1'), ('0', '1'), ('0', '1'), ('0', '1'), ('0', '1'))
derivative-only	('f', 'F0', -5, 1)	p15	(('236250*C^2*U - 192150*C*V^2 - 554400*C*U^3 - 604800*V^2*U^2 + 18900*U^5', '1'), ('0', '1'), ('0', '1'), ('0', '1'), ('0', '1'), ('0', '1'), ('0', '1'), ('0', '1'), ('0', '1'), ('0', '1'), ('0', '1'), ('0', '1'), ('0', '1'), ('0', '1'), ('0', '1'), ('0', '1'), ('0', '1'), ('0', '1'))
derivative-only	('f', 'F0', -5, 1)	p16	(('220500*C*V*U - 106050*V^3 - 554400*V*U^3', '1'), ('0', '1'), ('0', '1'), ('0', '1'), ('0', '1'), ('0', '1'), ('0', '1'), ('0', '1'), ('0', '1'), ('0', '1'), ('0', '1'), ('0', '1'), ('0', '1'), ('0', '1'), ('0', '1'), ('0', '1'), ('0', '1'), ('0', '1'))
derivative-only	('f', 'F0', -5, 1)	p17	(('103500*C^2 - 236250*C*U^2 - 488250*V^2*U - 113400*U^4', '1'), ('0', '1'), ('0', '1'), ('0', '1'), ('0', '1'), ('0', '1'), ('0', '1'), ('0', '1'), ('0', '1'), ('0', '1'), ('0', '1'), ('0', '1'), ('0', '1'), ('0', '1'), ('0', '1'), ('0', '1'), ('0', '1'), ('0', '1'))
derivative-only	('f', 'F0', -5, 1)	p18	(('72000*C*V - 362250*V*U^2', '1'), ('0', '1'), ('0', '1'), ('0', '1'), ('0', '1'), ('0', '1'), ('0', '1'), ('0', '1'), ('0', '1'), ('0', '1'), ('0', '1'), ('0', '1'), ('0', '1'), ('0', '1'), ('0', '1'), ('0', '1'), ('0', '1'), ('0', '1'))
derivative-only	('f', 'F0', -5, 1)	p19	(('81000*C*U - 27000*V^2 + 42000*U^3', '1'), ('0', '1'), ('0', '1'), ('0', '1'), ('0', '1'), ('0', '1'), ('0', '1'), ('0', '1'), ('0', '1'), ('0', '1'), ('0', '1'), ('0', '1'), ('0', '1'), ('0', '1'), ('0', '1'), ('0', '1'), ('0', '1'), ('0', '1'))
derivative-only	('f', 'F0', -5, 1)	p20	(('1912500*C^2*U + 179100*C*V^2 - 462000*C*U^3 - 2583000*V^2*U^2 - 302400*U^5', '1'), ('0', '1'), ('0', '1'), ('0', '1'), ('0', '1'), ('0', '1'), ('0', '1'), ('0', '1'), ('0', '1'), ('0', '1'), ('0', '1'), ('0', '1'), ('0', '1'), ('0', '1'), ('0', '1'), ('0', '1'), ('0', '1'), ('0', '1'))
derivative-only	('f', 'F0', -5, 1)	p21	(('3015000*C*V*U - 165300*V^3 - 882000*V*U^3', '1'), ('0', '1'), ('0', '1'), ('0', '1'), ('0', '1'), ('0', '1'), ('0', '1'), ('0', '1'), ('0', '1'), ('0', '1'), ('0', '1'), ('0', '1'), ('0', '1'), ('0', '1'), ('0', '1'), ('0', '1'), ('0', '1'), ('0', '1'))
derivative-only	('f', 'F0', -5, 1)	p22	(('231000*C^2 - 146250*C*U^2 - 551250*V^2*U + 315000*U^4', '1'), ('0', '1'), ('0', '1'), ('0', '1'), ('0', '1'), ('0', '1'), ('0', '1'), ('0', '1'), ('0', '1'), ('0', '1'), ('0', '1'), ('0', '1'), ('0', '1'), ('0', '1'), ('0', '1'), ('0', '1'), ('0', '1'), ('0', '1'))
derivative-only	('f', 'F0', -5, 1)	p23	(('199500*C*V - 281250*V*U^2', '1'), ('0', '1'), ('0', '1'), ('0', '1'), ('0', '1'), ('0', '1'), ('0', '1'), ('0', '1'), ('0', '1'), ('0', '1'), ('0', '1'), ('0', '1'), ('0', '1'), ('0', '1'), ('0', '1'), ('0', '1'), ('0', '1'), ('0', '1'))
derivative-only	('f', 'F0', -5, 1)	p24	(('3307500*C^2*U + 1409100*C*V^2 - 867000*C*U^3 - 558000*V^2*U^2 + 1386000*U^5', '1'), ('0', '1'), ('0', '1'), ('0', '1'), ('0', '1'), ('0', '1'), ('0', '1'), ('0', '1'), ('0', '1'), ('0', '1'), ('0', '1'), ('0', '1'), ('0', '1'), ('0', '1'), ('0', '1'), ('0', '1'), ('0', '1'), ('0', '1'))
derivative-only	('f', 'F0', -5, 1)	p25	(('6615000*C*V*U + 334950*V^3 - 372000*V*U^3', '1'), ('0', '1'), ('0', '1'), ('0', '1'), ('0', '1'), ('0', '1'), ('0', '1'), ('0', '1'), ('0', '1'), ('0', '1'), ('0', '1'), ('0', '1'), ('0', '1'), ('0', '1'), ('0', '1'), ('0', '1'), ('0', '1'), ('0', '1'))
derivative-only	('f', 'F0', -5, 1)	p26	(('448000*C^2 - 2026500*C*U^2 - 582750*V^2*U - 247500*U^4', '1'), ('0', '1'), ('0', '1'), ('0', '1'), ('0', '1'), ('0', '1'), ('0', '1'), ('0', '1'), ('0', '1'), ('0', '1'), ('0', '1'), ('0', '1'), ('0', '1'), ('0', '1'), ('0', '1'), ('0', '1'), ('0', '1'), ('0', '1'))
derivative-only	('f', 'F0', -5, 1)	p27	(('7938000*C^2*U - 1772400*C*V^2 - 12684000*C*U^3 + 8410500*V^2*U^2 - 2376000*U^5', '1'), ('0', '1'), ('0', '1'), ('0', '1'), ('0', '1'), ('0', '1'), ('0', '1'), ('0', '1'), ('0', '1'), ('0', '1'), ('0', '1'), ('0', '1'), ('0', '1'), ('0', '1'), ('0', '1'), ('0', '1'), ('0', '1'), ('0', '1'))
derivative-only	('f', 'F0', -5, 1)	p28	(('10668000*C*V*U + 837200*V^3 + 5859000*V*U^3', '1'), ('0', '1'), ('0', '1'), ('0', '1'), ('0', '1'), ('0', '1'), ('0', '1'), ('0', '1'), ('0', '1'), ('0', '1'), ('0', '1'), ('0', '1'), ('0', '1'), ('0', '1'), ('0', '1'), ('0', '1'), ('0', '1'), ('0', '1'))
derivative-only	('f', 'F0', -5, 1)	p29	(('6288300*C^2*U - 3464100*C*V^2 + 23222500*C*U^3 + 29715000*V^2*U^2 + 1351350*U^5', '1'), ('0', '1'), ('0', '1'), ('0', '1'), ('0', '1'), ('0', '1'), ('0', '1'), ('0', '1'), ('0', '1'), ('0', '1'), ('0', '1'), ('0', '1'), ('0', '1'), ('0', '1'), ('0', '1'), ('0', '1'), ('0', '1'), ('0', '1'))
derivative-only	('f', 'F0', -4, 4)	constant	(('-115893750*C + 1808100000*U^2', '1'), ('-170100000*C + 1684068750*U^2', '1'), ('-131906250*C + 286650000*U^2', '1'), ('-35700000*C', '1'), ('0', '1'), ('0', '1'), ('0', '1'), ('0', '1'), ('0', '1'), ('0', '1'), ('0', '1'), ('0', '1'), ('0', '1'), ('0', '1'), ('0', '1'), ('0', '1'), ('0', '1'), ('0', '1'))
derivative-only	('f', 'F0', -4, 4)	p12	(('-15625', '1'), ('0', '1'), ('0', '1'), ('0', '1'), ('0', '1'), ('0', '1'), ('0', '1'), ('0', '1'), ('0', '1'), ('0', '1'), ('0', '1'), ('0', '1'), ('0', '1'), ('0', '1'), ('0', '1'), ('0', '1'), ('0', '1'), ('0', '1'))
derivative-only	('f', 'F0', -4, 4)	p18	(('-93750', '1'), ('0', '1'), ('0', '1'), ('0', '1'), ('0', '1'), ('0', '1'), ('0', '1'), ('0', '1'), ('0', '1'), ('0', '1'), ('0', '1'), ('0', '1'), ('0', '1'), ('0', '1'), ('0', '1'), ('0', '1'), ('0', '1'), ('0', '1'))
derivative-only	('f', 'F0', -4, 4)	p23	(('-328125', '1'), ('0', '1'), ('0', '1'), ('0', '1'), ('0', '1'), ('0', '1'), ('0', '1'), ('0', '1'), ('0', '1'), ('0', '1'), ('0', '1'), ('0', '1'), ('0', '1'), ('0', '1'), ('0', '1'), ('0', '1'), ('0', '1'), ('0', '1'))
derivative-only	('f', 'F0', -4, 4)	p27	(('10500000*V', '1'), ('0', '1'), ('0', '1'), ('0', '1'), ('0', '1'), ('0', '1'), ('0', '1'), ('0', '1'), ('0', '1'), ('0', '1'), ('0', '1'), ('0', '1'), ('0', '1'), ('0', '1'), ('0', '1'), ('0', '1'), ('0', '1'), ('0', '1'))
derivative-only	('f', 'F0', -4, 4)	p28	(('10500000*U', '1'), ('0', '1'), ('0', '1'), ('0', '1'), ('0', '1'), ('0', '1'), ('0', '1'), ('0', '1'), ('0', '1'), ('0', '1'), ('0', '1'), ('0', '1'), ('0', '1'), ('0', '1'), ('0', '1'), ('0', '1'), ('0', '1'), ('0', '1'))
derivative-only	('f', 'F0', -4, 4)	p29	(('25593750*V', '1'), ('0', '1'), ('0', '1'), ('0', '1'), ('0', '1'), ('0', '1'), ('0', '1'), ('0', '1'), ('0', '1'), ('0', '1'), ('0', '1'), ('0', '1'), ('0', '1'), ('0', '1'), ('0', '1'), ('0', '1'), ('0', '1'), ('0', '1'))
derivative-only	('f', 'F0', -3, 2)	constant	(('-1241443080*C*V*U + 107133120*V^3 + 1106197200*V*U^3', '1'), ('-788923800*C*V*U + 129861000*V^3 + 813153600*V*U^3', '1'), ('44636400*C*V*U + 2757600*V^3 - 289441800*V*U^3', '1'), ('-35249400*C*V*U - 36611400*V^3 - 230925600*V*U^3', '1'), ('226800*C*V*U - 6145200*V^3 - 28123200*V*U^3', '1'), ('2540160*C*V*U + 207360*V^3 - 604800*V*U^3', '1'), ('0', '1'), ('0', '1'), ('0', '1'), ('0', '1'), ('0', '1'), ('0', '1'), ('0', '1'), ('0', '1'), ('0', '1'), ('0', '1'), ('0', '1'), ('0', '1'))
derivative-only	('f', 'F0', -3, 2)	p3	(('-375', '1'), ('0', '1'), ('0', '1'), ('0', '1'), ('0', '1'), ('0', '1'), ('0', '1'), ('0', '1'), ('0', '1'), ('0', '1'), ('0', '1'), ('0', '1'), ('0', '1'), ('0', '1'), ('0', '1'), ('0', '1'), ('0', '1'), ('0', '1'))
derivative-only	('f', 'F0', -3, 2)	p8	(('10500*C', '1'), ('0', '1'), ('0', '1'), ('0', '1'), ('0', '1'), ('0', '1'), ('0', '1'), ('0', '1'), ('0', '1'), ('0', '1'), ('0', '1'), ('0', '1'), ('0', '1'), ('0', '1'), ('0', '1'), ('0', '1'), ('0', '1'), ('0', '1'))
derivative-only	('f', 'F0', -3, 2)	p9	(('10500*V', '1'), ('0', '1'), ('0', '1'), ('0', '1'), ('0', '1'), ('0', '1'), ('0', '1'), ('0', '1'), ('0', '1'), ('0', '1'), ('0', '1'), ('0', '1'), ('0', '1'), ('0', '1'), ('0', '1'), ('0', '1'), ('0', '1'), ('0', '1'))
derivative-only	('f', 'F0', -3, 2)	p10	(('10500*U', '1'), ('0', '1'), ('0', '1'), ('0', '1'), ('0', '1'), ('0', '1'), ('0', '1'), ('0', '1'), ('0', '1'), ('0', '1'), ('0', '1'), ('0', '1'), ('0', '1'), ('0', '1'), ('0', '1'), ('0', '1'), ('0', '1'), ('0', '1'))
derivative-only	('f', 'F0', -3, 2)	p11	(('84000*C*U + 42000*V^2', '1'), ('0', '1'), ('0', '1'), ('0', '1'), ('0', '1'), ('0', '1'), ('0', '1'), ('0', '1'), ('0', '1'), ('0', '1'), ('0', '1'), ('0', '1'), ('0', '1'), ('0', '1'), ('0', '1'), ('0', '1'), ('0', '1'), ('0', '1'))
derivative-only	('f', 'F0', -3, 2)	p12	(('84000*V*U', '1'), ('0', '1'), ('0', '1'), ('0', '1'), ('0', '1'), ('0', '1'), ('0', '1'), ('0', '1'), ('0', '1'), ('0', '1'), ('0', '1'), ('0', '1'), ('0', '1'), ('0', '1'), ('0', '1'), ('0', '1'), ('0', '1'), ('0', '1'))
derivative-only	('f', 'F0', -3, 2)	p13	(('30000*C + 42000*U^2', '1'), ('0', '1'), ('0', '1'), ('0', '1'), ('0', '1'), ('0', '1'), ('0', '1'), ('0', '1'), ('0', '1'), ('0', '1'), ('0', '1'), ('0', '1'), ('0', '1'), ('0', '1'), ('0', '1'), ('0', '1'), ('0', '1'), ('0', '1'))
derivative-only	('f', 'F0', -3, 2)	p14	(('30000*V', '1'), ('0', '1'), ('0', '1'), ('0', '1'), ('0', '1'), ('0', '1'), ('0', '1'), ('0', '1'), ('0', '1'), ('0', '1'), ('0', '1'), ('0', '1'), ('0', '1'), ('0', '1'), ('0', '1'), ('0', '1'), ('0', '1'), ('0', '1'))
derivative-only	('f', 'F0', -3, 2)	p15	(('-117000*C^2 + 378000*C*U^2 + 378000*V^2*U', '1'), ('0', '1'), ('0', '1'), ('0', '1'), ('0', '1'), ('0', '1'), ('0', '1'), ('0', '1'), ('0', '1'), ('0', '1'), ('0', '1'), ('0', '1'), ('0', '1'), ('0', '1'), ('0', '1'), ('0', '1'), ('0', '1'), ('0', '1'))
derivative-only	('f', 'F0', -3, 2)	p16	(('-234000*C*V + 378000*V*U^2', '1'), ('0', '1'), ('0', '1'), ('0', '1'), ('0', '1'), ('0', '1'), ('0', '1'), ('0', '1'), ('0', '1'), ('0', '1'), ('0', '1'), ('0', '1'), ('0', '1'), ('0', '1'), ('0', '1'), ('0', '1'), ('0', '1'), ('0', '1'))
derivative-only	('f', 'F0', -3, 2)	p17	(('135000*V^2 + 126000*U^3', '1'), ('0', '1'), ('0', '1'), ('0', '1'), ('0', '1'), ('0', '1'), ('0', '1'), ('0', '1'), ('0', '1'), ('0', '1'), ('0', '1'), ('0', '1'), ('0', '1'), ('0', '1'), ('0', '1'), ('0', '1'), ('0', '1'), ('0', '1'))
derivative-only	('f', 'F0', -3, 2)	p19	(('67500*C - 135000*U^2', '1'), ('0', '1'), ('0', '1'), ('0', '1'), ('0', '1'), ('0', '1'), ('0', '1'), ('0', '1'), ('0', '1'), ('0', '1'), ('0', '1'), ('0', '1'), ('0', '1'), ('0', '1'), ('0', '1'), ('0', '1'), ('0', '1'), ('0', '1'))
derivative-only	('f', 'F0', -3, 2)	p20	(('-544500*C^2 - 1350000*C*U^2 + 315000*U^4', '1'), ('0', '1'), ('0', '1'), ('0', '1'), ('0', '1'), ('0', '1'), ('0', '1'), ('0', '1'), ('0', '1'), ('0', '1'), ('0', '1'), ('0', '1'), ('0', '1'), ('0', '1'), ('0', '1'), ('0', '1'), ('0', '1'), ('0', '1'))
derivative-only	('f', 'F0', -3, 2)	p21	(('-1764000*C*V - 1350000*V*U^2', '1'), ('0', '1'), ('0', '1'), ('0', '1'), ('0', '1'), ('0', '1'), ('0', '1'), ('0', '1'), ('0', '1'), ('0', '1'), ('0', '1'), ('0', '1'), ('0', '1'), ('0', '1'), ('0', '1'), ('0', '1'), ('0', '1'), ('0', '1'))
derivative-only	('f', 'F0', -3, 2)	p22	(('-337500*V^2 - 900000*U^3', '1'), ('0', '1'), ('0', '1'), ('0', '1'), ('0', '1'), ('0', '1'), ('0', '1'), ('0', '1'), ('0', '1'), ('0', '1'), ('0', '1'), ('0', '1'), ('0', '1'), ('0', '1'), ('0', '1'), ('0', '1'), ('0', '1'), ('0', '1'))
derivative-only	('f', 'F0', -3, 2)	p23	(('-675000*V*U', '1'), ('0', '1'), ('0', '1'), ('0', '1'), ('0', '1'), ('0', '1'), ('0', '1'), ('0', '1'), ('0', '1'), ('0', '1'), ('0', '1'), ('0', '1'), ('0', '1'), ('0', '1'), ('0', '1'), ('0', '1'), ('0', '1'), ('0', '1'))
derivative-only	('f', 'F0', -3, 2)	p24	(('-3073875*C^2 - 7425000*V^2*U - 3712500*U^4', '1'), ('0', '1'), ('0', '1'), ('0', '1'), ('0', '1'), ('0', '1'), ('0', '1'), ('0', '1'), ('0', '1'), ('0', '1'), ('0', '1'), ('0', '1'), ('0', '1'), ('0', '1'), ('0', '1'), ('0', '1'), ('0', '1'), ('0', '1'))
derivative-only	('f', 'F0', -3, 2)	p25	(('-6147750*C*V - 3712500*V*U^2', '1'), ('0', '1'), ('0', '1'), ('0', '1'), ('0', '1'), ('0', '1'), ('0', '1'), ('0', '1'), ('0', '1'), ('0', '1'), ('0', '1'), ('0', '1'), ('0', '1'), ('0', '1'), ('0', '1'), ('0', '1'), ('0', '1'), ('0', '1'))
derivative-only	('f', 'F0', -3, 2)	p26	(('-1443750*C*U - 721875*V^2 + 1237500*U^3', '1'), ('0', '1'), ('0', '1'), ('0', '1'), ('0', '1'), ('0', '1'), ('0', '1'), ('0', '1'), ('0', '1'), ('0', '1'), ('0', '1'), ('0', '1'), ('0', '1'), ('0', '1'), ('0', '1'), ('0', '1'), ('0', '1'), ('0', '1'))
derivative-only	('f', 'F0', -3, 2)	p27	(('-6678000*C^2 - 8662500*C*U^2 + 11137500*U^4', '1'), ('0', '1'), ('0', '1'), ('0', '1'), ('0', '1'), ('0', '1'), ('0', '1'), ('0', '1'), ('0', '1'), ('0', '1'), ('0', '1'), ('0', '1'), ('0', '1'), ('0', '1'), ('0', '1'), ('0', '1'), ('0', '1'), ('0', '1'))
derivative-only	('f', 'F0', -3, 2)	p28	(('-13356000*C*V + 8662500*V*U^2', '1'), ('0', '1'), ('0', '1'), ('0', '1'), ('0', '1'), ('0', '1'), ('0', '1'), ('0', '1'), ('0', '1'), ('0', '1'), ('0', '1'), ('0', '1'), ('0', '1'), ('0', '1'), ('0', '1'), ('0', '1'), ('0', '1'), ('0', '1'))
derivative-only	('f', 'F0', -3, 2)	p29	(('-13041000*C^2 + 18018000*C*U^2 + 18018000*V^2*U - 9384375*U^4', '1'), ('0', '1'), ('0', '1'), ('0', '1'), ('0', '1'), ('0', '1'), ('0', '1'), ('0', '1'), ('0', '1'), ('0', '1'), ('0', '1'), ('0', '1'), ('0', '1'), ('0', '1'), ('0', '1'), ('0', '1'), ('0', '1'), ('0', '1'))
derivative-only	('g', 'F0', -14, 4)	constant	(('0', '1'), ('0', '1'), ('0', '1'), ('0', '1'), ('0', '1'), ('0', '1'), ('625000000/9', '1'), ('-1093750000/9', '1'), ('87890625', '1'), ('-273437500/9', '1'), ('39062500/9', '1'), ('0', '1'), ('0', '1'), ('0', '1'), ('0', '1'), ('0', '1'), ('0', '1'), ('0', '1'))
derivative-only	('g', 'F0', -14, 9)	constant	(('-250000000/3', '1'), ('437500000/3', '1'), ('-105468750', '1'), ('109375000/3', '1'), ('-15625000/3', '1'), ('0', '1'), ('0', '1'), ('0', '1'), ('0', '1'), ('0', '1'), ('0', '1'), ('0', '1'), ('0', '1'), ('0', '1'), ('0', '1'), ('0', '1'), ('0', '1'), ('0', '1'))
derivative-only	('g', 'F0', -13, 2)	constant	(('6274036131072300*C^3*V*U - 1673585573642950*C^2*V^3 - 36712099283276250*C^2*V*U^3 + 20670823839315375*C*V^3*U^2 + 26327147988054150*C*V*U^5 + 1096046593936500*V^5*U + 15835592659897125*V^3*U^4 + 1977426542086800*V*U^7', '1'), ('19350396575424600*C^3*V*U - 998076306145900*C^2*V^3 - 51494603572740000*C^2*V*U^3 + 47489100530349000*C*V^3*U^2 + 51919730040547200*C*V*U^5 + 2188184103498000*V^5*U + 18876061545072000*V^3*U^4 - 3069809509447200*V*U^7', '1'), ('7123548882835200*C^3*V*U - 975058640248300*C^2*V^3 + 5405877896520000*C^2*V*U^3 + 24081225273843000*C*V^3*U^2 - 14795067537483600*C*V*U^5 - 481068939849000*V^5*U + 1968389350989000*V^3*U^4 + 4200246610833600*V*U^7', '1'), ('6579182753739900*C^3*V*U - 685974881430850*C^2*V^3 - 8245693323191250*C^2*V*U^3 + 14374320097035375*C*V^3*U^2 + 14272532015186550*C*V*U^5 + 498186853737000*V^5*U + 659852082931125*V^3*U^4 - 3296304834067800*V*U^7', '1'), ('-420359798548200*C^3*V*U - 598707364262200*C^2*V^3 + 2016603755992500*C^2*V*U^3 - 633779785686750*C*V^3*U^2 - 4502830347117900*C*V*U^5 - 201113702091000*V^5*U - 828294575960250*V^3*U^4 + 617277995204400*V*U^7', '1'), ('377614519578000*C^3*V*U - 18226421314500*C^2*V^3 - 653425802325000*C^2*V*U^3 + 300935443324500*C*V^3*U^2 + 1051477964195400*C*V*U^5 + 11621220615000*V^5*U - 139424171638500*V^3*U^4 - 299720522368800*V*U^7', '1'), ('0', '1'), ('0', '1'), ('0', '1'), ('0', '1'), ('0', '1'), ('0', '1'), ('0', '1'), ('0', '1'), ('0', '1'), ('0', '1'), ('0', '1'), ('0', '1'))
derivative-only	('g', 'F0', -13, 2)	p33	(('-375', '1'), ('0', '1'), ('0', '1'), ('0', '1'), ('0', '1'), ('0', '1'), ('0', '1'), ('0', '1'), ('0', '1'), ('0', '1'), ('0', '1'), ('0', '1'), ('0', '1'), ('0', '1'), ('0', '1'), ('0', '1'), ('0', '1'), ('0', '1'))
derivative-only	('g', 'F0', -13, 2)	p38	(('-1500', '1'), ('0', '1'), ('0', '1'), ('0', '1'), ('0', '1'), ('0', '1'), ('0', '1'), ('0', '1'), ('0', '1'), ('0', '1'), ('0', '1'), ('0', '1'), ('0', '1'), ('0', '1'), ('0', '1'), ('0', '1'), ('0', '1'), ('0', '1'))
derivative-only	('g', 'F0', -13, 2)	p42	(('-3750', '1'), ('0', '1'), ('0', '1'), ('0', '1'), ('0', '1'), ('0', '1'), ('0', '1'), ('0', '1'), ('0', '1'), ('0', '1'), ('0', '1'), ('0', '1'), ('0', '1'), ('0', '1'), ('0', '1'), ('0', '1'), ('0', '1'), ('0', '1'))
derivative-only	('g', 'F0', -13, 2)	p50	(('67500*C', '1'), ('0', '1'), ('0', '1'), ('0', '1'), ('0', '1'), ('0', '1'), ('0', '1'), ('0', '1'), ('0', '1'), ('0', '1'), ('0', '1'), ('0', '1'), ('0', '1'), ('0', '1'), ('0', '1'), ('0', '1'), ('0', '1'), ('0', '1'))
derivative-only	('g', 'F0', -13, 2)	p51	(('67500*V', '1'), ('0', '1'), ('0', '1'), ('0', '1'), ('0', '1'), ('0', '1'), ('0', '1'), ('0', '1'), ('0', '1'), ('0', '1'), ('0', '1'), ('0', '1'), ('0', '1'), ('0', '1'), ('0', '1'), ('0', '1'), ('0', '1'), ('0', '1'))
derivative-only	('g', 'F0', -13, 2)	p52	(('67500*U', '1'), ('0', '1'), ('0', '1'), ('0', '1'), ('0', '1'), ('0', '1'), ('0', '1'), ('0', '1'), ('0', '1'), ('0', '1'), ('0', '1'), ('0', '1'), ('0', '1'), ('0', '1'), ('0', '1'), ('0', '1'), ('0', '1'), ('0', '1'))
derivative-only	('g', 'F0', -13, 2)	p53	(('675000*C*V', '1'), ('0', '1'), ('0', '1'), ('0', '1'), ('0', '1'), ('0', '1'), ('0', '1'), ('0', '1'), ('0', '1'), ('0', '1'), ('0', '1'), ('0', '1'), ('0', '1'), ('0', '1'), ('0', '1'), ('0', '1'), ('0', '1'), ('0', '1'))
derivative-only	('g', 'F0', -13, 2)	p54	(('675000*C*U + 337500*V^2', '1'), ('0', '1'), ('0', '1'), ('0', '1'), ('0', '1'), ('0', '1'), ('0', '1'), ('0', '1'), ('0', '1'), ('0', '1'), ('0', '1'), ('0', '1'), ('0', '1'), ('0', '1'), ('0', '1'), ('0', '1'), ('0', '1'), ('0', '1'))
derivative-only	('g', 'F0', -13, 2)	p55	(('675000*V*U', '1'), ('0', '1'), ('0', '1'), ('0', '1'), ('0', '1'), ('0', '1'), ('0', '1'), ('0', '1'), ('0', '1'), ('0', '1'), ('0', '1'), ('0', '1'), ('0', '1'), ('0', '1'), ('0', '1'), ('0', '1'), ('0', '1'), ('0', '1'))
derivative-only	('g', 'F0', -13, 2)	p56	(('131250*C + 337500*U^2', '1'), ('0', '1'), ('0', '1'), ('0', '1'), ('0', '1'), ('0', '1'), ('0', '1'), ('0', '1'), ('0', '1'), ('0', '1'), ('0', '1'), ('0', '1'), ('0', '1'), ('0', '1'), ('0', '1'), ('0', '1'), ('0', '1'), ('0', '1'))
derivative-only	('g', 'F0', -13, 2)	p57	(('131250*V', '1'), ('0', '1'), ('0', '1'), ('0', '1'), ('0', '1'), ('0', '1'), ('0', '1'), ('0', '1'), ('0', '1'), ('0', '1'), ('0', '1'), ('0', '1'), ('0', '1'), ('0', '1'), ('0', '1'), ('0', '1'), ('0', '1'), ('0', '1'))
derivative-only	('g', 'F0', -13, 2)	p58	(('7425000*C*V*U + 1237500*V^3', '1'), ('0', '1'), ('0', '1'), ('0', '1'), ('0', '1'), ('0', '1'), ('0', '1'), ('0', '1'), ('0', '1'), ('0', '1'), ('0', '1'), ('0', '1'), ('0', '1'), ('0', '1'), ('0', '1'), ('0', '1'), ('0', '1'), ('0', '1'))
derivative-only	('g', 'F0', -13, 2)	p59	(('-1640625*C^2 + 3712500*C*U^2 + 3712500*V^2*U', '1'), ('0', '1'), ('0', '1'), ('0', '1'), ('0', '1'), ('0', '1'), ('0', '1'), ('0', '1'), ('0', '1'), ('0', '1'), ('0', '1'), ('0', '1'), ('0', '1'), ('0', '1'), ('0', '1'), ('0', '1'), ('0', '1'), ('0', '1'))
derivative-only	('g', 'F0', -13, 2)	p60	(('1443750*C*V + 3712500*V*U^2', '1'), ('0', '1'), ('0', '1'), ('0', '1'), ('0', '1'), ('0', '1'), ('0', '1'), ('0', '1'), ('0', '1'), ('0', '1'), ('0', '1'), ('0', '1'), ('0', '1'), ('0', '1'), ('0', '1'), ('0', '1'), ('0', '1'), ('0', '1'))
derivative-only	('g', 'F0', -13, 2)	p61	(('721875*V^2 + 1237500*U^3', '1'), ('0', '1'), ('0', '1'), ('0', '1'), ('0', '1'), ('0', '1'), ('0', '1'), ('0', '1'), ('0', '1'), ('0', '1'), ('0', '1'), ('0', '1'), ('0', '1'), ('0', '1'), ('0', '1'), ('0', '1'), ('0', '1'), ('0', '1'))
derivative-only	('g', 'F0', -13, 2)	p63	(('231000*C - 721875*U^2', '1'), ('0', '1'), ('0', '1'), ('0', '1'), ('0', '1'), ('0', '1'), ('0', '1'), ('0', '1'), ('0', '1'), ('0', '1'), ('0', '1'), ('0', '1'), ('0', '1'), ('0', '1'), ('0', '1'), ('0', '1'), ('0', '1'), ('0', '1'))
derivative-only	('g', 'F0', -13, 2)	p64	(('-7012500*C^3 + 22275000*C^2*U^2 + 44550000*C*V^2*U + 3712500*V^4', '1'), ('0', '1'), ('0', '1'), ('0', '1'), ('0', '1'), ('0', '1'), ('0', '1'), ('0', '1'), ('0', '1'), ('0', '1'), ('0', '1'), ('0', '1'), ('0', '1'), ('0', '1'), ('0', '1'), ('0', '1'), ('0', '1'), ('0', '1'))
derivative-only	('g', 'F0', -13, 2)	p65	(('-21037500*C^2*V + 44550000*C*V*U^2 + 14850000*V^3*U', '1'), ('0', '1'), ('0', '1'), ('0', '1'), ('0', '1'), ('0', '1'), ('0', '1'), ('0', '1'), ('0', '1'), ('0', '1'), ('0', '1'), ('0', '1'), ('0', '1'), ('0', '1'), ('0', '1'), ('0', '1'), ('0', '1'), ('0', '1'))
derivative-only	('g', 'F0', -13, 2)	p66	(('-29700000*C^2*U - 21037500*C*V^2 + 14850000*C*U^3 + 22275000*V^2*U^2', '1'), ('0', '1'), ('0', '1'), ('0', '1'), ('0', '1'), ('0', '1'), ('0', '1'), ('0', '1'), ('0', '1'), ('0', '1'), ('0', '1'), ('0', '1'), ('0', '1'), ('0', '1'), ('0', '1'), ('0', '1'), ('0', '1'), ('0', '1'))
derivative-only	('g', 'F0', -13, 2)	p67	(('2887500*V^3 + 14850000*V*U^3', '1'), ('0', '1'), ('0', '1'), ('0', '1'), ('0', '1'), ('0', '1'), ('0', '1'), ('0', '1'), ('0', '1'), ('0', '1'), ('0', '1'), ('0', '1'), ('0', '1'), ('0', '1'), ('0', '1'), ('0', '1'), ('0', '1'), ('0', '1'))
derivative-only	('g', 'F0', -13, 2)	p68	(('-8064000*C^2 - 8662500*C*U^2 + 3712500*U^4', '1'), ('0', '1'), ('0', '1'), ('0', '1'), ('0', '1'), ('0', '1'), ('0', '1'), ('0', '1'), ('0', '1'), ('0', '1'), ('0', '1'), ('0', '1'), ('0', '1'), ('0', '1'), ('0', '1'), ('0', '1'), ('0', '1'), ('0', '1'))
derivative-only	('g', 'F0', -13, 2)	p69	(('-8662500*V*U^2', '1'), ('0', '1'), ('0', '1'), ('0', '1'), ('0', '1'), ('0', '1'), ('0', '1'), ('0', '1'), ('0', '1'), ('0', '1'), ('0', '1'), ('0', '1'), ('0', '1'), ('0', '1'), ('0', '1'), ('0', '1'), ('0', '1'), ('0', '1'))
derivative-only	('g', 'F0', -13, 2)	p70	(('-1386000*V^2 - 5775000*U^3', '1'), ('0', '1'), ('0', '1'), ('0', '1'), ('0', '1'), ('0', '1'), ('0', '1'), ('0', '1'), ('0', '1'), ('0', '1'), ('0', '1'), ('0', '1'), ('0', '1'), ('0', '1'), ('0', '1'), ('0', '1'), ('0', '1'), ('0', '1'))
derivative-only	('g', 'F0', -13, 2)	p71	(('-2772000*V*U', '1'), ('0', '1'), ('0', '1'), ('0', '1'), ('0', '1'), ('0', '1'), ('0', '1'), ('0', '1'), ('0', '1'), ('0', '1'), ('0', '1'), ('0', '1'), ('0', '1'), ('0', '1'), ('0', '1'), ('0', '1'), ('0', '1'), ('0', '1'))
derivative-only	('g', 'F0', -13, 2)	p72	(('-38544000*C^3 - 56306250*C^2*U^2 + 48262500*C*U^4 + 9384375*V^4 + 96525000*V^2*U^3', '1'), ('0', '1'), ('0', '1'), ('0', '1'), ('0', '1'), ('0', '1'), ('0', '1'), ('0', '1'), ('0', '1'), ('0', '1'), ('0', '1'), ('0', '1'), ('0', '1'), ('0', '1'), ('0', '1'), ('0', '1'), ('0', '1'), ('0', '1'))
derivative-only	('g', 'F0', -13, 2)	p73	(('-133650000*C^2*V - 112612500*C*V*U^2 + 48262500*V*U^4', '1'), ('0', '1'), ('0', '1'), ('0', '1'), ('0', '1'), ('0', '1'), ('0', '1'), ('0', '1'), ('0', '1'), ('0', '1'), ('0', '1'), ('0', '1'), ('0', '1'), ('0', '1'), ('0', '1'), ('0', '1'), ('0', '1'), ('0', '1'))
derivative-only	('g', 'F0', -13, 2)	p74	(('-133650000*C^2*U - 151668000*C*V^2 - 75075000*C*U^3 - 56306250*V^2*U^2 + 9652500*U^5', '1'), ('0', '1'), ('0', '1'), ('0', '1'), ('0', '1'), ('0', '1'), ('0', '1'), ('0', '1'), ('0', '1'), ('0', '1'), ('0', '1'), ('0', '1'), ('0', '1'), ('0', '1'), ('0', '1'), ('0', '1'), ('0', '1'), ('0', '1'))
derivative-only	('g', 'F0', -13, 2)	p75	(('-36036000*C*V*U - 12012000*V^3 - 75075000*V*U^3', '1'), ('0', '1'), ('0', '1'), ('0', '1'), ('0', '1'), ('0', '1'), ('0', '1'), ('0', '1'), ('0', '1'), ('0', '1'), ('0', '1'), ('0', '1'), ('0', '1'), ('0', '1'), ('0', '1'), ('0', '1'), ('0', '1'), ('0', '1'))
derivative-only	('g', 'F0', -13, 2)	p76	(('-30807000*C^2 - 36036000*V^2*U - 28153125*U^4', '1'), ('0', '1'), ('0', '1'), ('0', '1'), ('0', '1'), ('0', '1'), ('0', '1'), ('0', '1'), ('0', '1'), ('0', '1'), ('0', '1'), ('0', '1'), ('0', '1'), ('0', '1'), ('0', '1'), ('0', '1'), ('0', '1'), ('0', '1'))
derivative-only	('g', 'F0', -13, 2)	p77	(('-4914000*C*V - 18018000*V*U^2', '1'), ('0', '1'), ('0', '1'), ('0', '1'), ('0', '1'), ('0', '1'), ('0', '1'), ('0', '1'), ('0', '1'), ('0', '1'), ('0', '1'), ('0', '1'), ('0', '1'), ('0', '1'), ('0', '1'), ('0', '1'), ('0', '1'), ('0', '1'))
derivative-only	('g', 'F0', -13, 2)	p78	(('-4914000*C*U - 2457000*V^2 + 6006000*U^3', '1'), ('0', '1'), ('0', '1'), ('0', '1'), ('0', '1'), ('0', '1'), ('0', '1'), ('0', '1'), ('0', '1'), ('0', '1'), ('0', '1'), ('0', '1'), ('0', '1'), ('0', '1'), ('0', '1'), ('0', '1'), ('0', '1'), ('0', '1'))
derivative-only	('g', 'F0', -13, 2)	p79	(('534600000*C^3*U + 169017750*C^2*V^2 - 1394250000*C^2*U^3 - 3394462500*C*V^2*U^2 + 135135000*C*U^5 - 434362500*V^4*U + 337837500*V^2*U^4', '1'), ('0', '1'), ('0', '1'), ('0', '1'), ('0', '1'), ('0', '1'), ('0', '1'), ('0', '1'), ('0', '1'), ('0', '1'), ('0', '1'), ('0', '1'), ('0', '1'), ('0', '1'), ('0', '1'), ('0', '1'), ('0', '1'), ('0', '1'))
derivative-only	('g', 'F0', -13, 2)	p80	(('1351548000*C^2*V*U + 28594500*C*V^3 - 2788500000*C*V*U^3 - 1131487500*V^3*U^2 + 135135000*V*U^5', '1'), ('0', '1'), ('0', '1'), ('0', '1'), ('0', '1'), ('0', '1'), ('0', '1'), ('0', '1'), ('0', '1'), ('0', '1'), ('0', '1'), ('0', '1'), ('0', '1'), ('0', '1'), ('0', '1'), ('0', '1'), ('0', '1'), ('0', '1'))
derivative-only	('g', 'F0', -13, 2)	p81	(('-171432000*C^3 - 504504000*C*V^2*U - 394143750*C*U^4 - 63063000*V^4 - 525525000*V^2*U^3 + 22522500*U^6', '1'), ('0', '1'), ('0', '1'), ('0', '1'), ('0', '1'), ('0', '1'), ('0', '1'), ('0', '1'), ('0', '1'), ('0', '1'), ('0', '1'), ('0', '1'), ('0', '1'), ('0', '1'), ('0', '1'), ('0', '1'), ('0', '1'), ('0', '1'))
derivative-only	('g', 'F0', -13, 2)	p82	(('-514296000*C^2*V - 252252000*C*V*U^2 - 252252000*V^3*U - 394143750*V*U^4', '1'), ('0', '1'), ('0', '1'), ('0', '1'), ('0', '1'), ('0', '1'), ('0', '1'), ('0', '1'), ('0', '1'), ('0', '1'), ('0', '1'), ('0', '1'), ('0', '1'), ('0', '1'), ('0', '1'), ('0', '1'), ('0', '1'), ('0', '1'))
derivative-only	('g', 'F0', -13, 2)	p83	(('-514296000*C^2*U - 514296000*C*V^2 + 84084000*C*U^3 - 252252000*V^2*U^2 - 105105000*U^5', '1'), ('0', '1'), ('0', '1'), ('0', '1'), ('0', '1'), ('0', '1'), ('0', '1'), ('0', '1'), ('0', '1'), ('0', '1'), ('0', '1'), ('0', '1'), ('0', '1'), ('0', '1'), ('0', '1'), ('0', '1'), ('0', '1'), ('0', '1'))
derivative-only	('g', 'F0', -13, 2)	p84	(('-68796000*C*V*U - 22932000*V^3', '1'), ('0', '1'), ('0', '1'), ('0', '1'), ('0', '1'), ('0', '1'), ('0', '1'), ('0', '1'), ('0', '1'), ('0', '1'), ('0', '1'), ('0', '1'), ('0', '1'), ('0', '1'), ('0', '1'), ('0', '1'), ('0', '1'), ('0', '1'))
derivative-only	('g', 'F0', -13, 2)	p85	(('-74970000*C^2 - 34398000*C*U^2 + 63063000*U^4', '1'), ('0', '1'), ('0', '1'), ('0', '1'), ('0', '1'), ('0', '1'), ('0', '1'), ('0', '1'), ('0', '1'), ('0', '1'), ('0', '1'), ('0', '1'), ('0', '1'), ('0', '1'), ('0', '1'), ('0', '1'), ('0', '1'), ('0', '1'))
derivative-only	('g', 'F0', -13, 2)	p86	(('-8190000*C*V + 34398000*V*U^2', '1'), ('0', '1'), ('0', '1'), ('0', '1'), ('0', '1'), ('0', '1'), ('0', '1'), ('0', '1'), ('0', '1'), ('0', '1'), ('0', '1'), ('0', '1'), ('0', '1'), ('0', '1'), ('0', '1'), ('0', '1'), ('0', '1'), ('0', '1'))
derivative-only	('g', 'F0', -13, 2)	p87	(('-362405625*C^4 + 6971250000*C^3*U^2 + 9247095000*C^2*V^2*U - 6334453125*C^2*U^4 - 87945000*C*V^4 - 21396375000*C*V^2*U^3 + 337837500*C*U^6 - 4363734375*V^4*U^2 + 1013512500*V^2*U^5', '1'), ('0', '1'), ('0', '1'), ('0', '1'), ('0', '1'), ('0', '1'), ('0', '1'), ('0', '1'), ('0', '1'), ('0', '1'), ('0', '1'), ('0', '1'), ('0', '1'), ('0', '1'), ('0', '1'), ('0', '1'), ('0', '1'), ('0', '1'))
derivative-only	('g', 'F0', -13, 2)	p88	(('-608782500*C^3*V + 19021860000*C^2*V*U^2 + 4903470000*C*V^3*U - 12668906250*C*V*U^4 - 80652000*V^5 - 7132125000*V^3*U^3 + 337837500*V*U^6', '1'), ('0', '1'), ('0', '1'), ('0', '1'), ('0', '1'), ('0', '1'), ('0', '1'), ('0', '1'), ('0', '1'), ('0', '1'), ('0', '1'), ('0', '1'), ('0', '1'), ('0', '1'), ('0', '1'), ('0', '1'), ('0', '1'), ('0', '1'))
derivative-only	('g', 'F0', -13, 2)	p89	(('3048030000*C^3*U + 2038263750*C^2*V^2 - 3712995000*C^2*U^3 - 16814655000*C*V^2*U^2 - 1576575000*C*U^5 - 3433072500*V^4*U - 2956078125*V^2*U^4 + 48262500*U^7', '1'), ('0', '1'), ('0', '1'), ('0', '1'), ('0', '1'), ('0', '1'), ('0', '1'), ('0', '1'), ('0', '1'), ('0', '1'), ('0', '1'), ('0', '1'), ('0', '1'), ('0', '1'), ('0', '1'), ('0', '1'), ('0', '1'), ('0', '1'))
derivative-only	('g', 'F0', -13, 2)	p90	(('9660060000*C^2*V*U + 1358842500*C*V^3 - 8687250000*C*V*U^3 - 6235515000*V^3*U^2 - 1576575000*V*U^5', '1'), ('0', '1'), ('0', '1'), ('0', '1'), ('0', '1'), ('0', '1'), ('0', '1'), ('0', '1'), ('0', '1'), ('0', '1'), ('0', '1'), ('0', '1'), ('0', '1'), ('0', '1'), ('0', '1'), ('0', '1'), ('0', '1'), ('0', '1'))
derivative-only	('g', 'F0', -13, 2)	p91	(('-449325000*C^3 - 515970000*C^2*U^2 - 515970000*C*V^2*U + 945945000*C*U^4 - 128992500*V^4 - 630630000*V^2*U^3 - 328453125*U^6', '1'), ('0', '1'), ('0', '1'), ('0', '1'), ('0', '1'), ('0', '1'), ('0', '1'), ('0', '1'), ('0', '1'), ('0', '1'), ('0', '1'), ('0', '1'), ('0', '1'), ('0', '1'), ('0', '1'), ('0', '1'), ('0', '1'), ('0', '1'))
derivative-only	('g', 'F0', -13, 2)	p92	(('-1347975000*C^2*V + 630630000*V*U^4', '1'), ('0', '1'), ('0', '1'), ('0', '1'), ('0', '1'), ('0', '1'), ('0', '1'), ('0', '1'), ('0', '1'), ('0', '1'), ('0', '1'), ('0', '1'), ('0', '1'), ('0', '1'), ('0', '1'), ('0', '1'), ('0', '1'), ('0', '1'))
derivative-only	('g', 'F0', -13, 2)	p93	(('-1225125000*C^2*U - 1286550000*C*V^2 - 171990000*C*U^3 + 515970000*V^2*U^2 + 378378000*U^5', '1'), ('0', '1'), ('0', '1'), ('0', '1'), ('0', '1'), ('0', '1'), ('0', '1'), ('0', '1'), ('0', '1'), ('0', '1'), ('0', '1'), ('0', '1'), ('0', '1'), ('0', '1'), ('0', '1'), ('0', '1'), ('0', '1'), ('0', '1'))
derivative-only	('g', 'F0', -13, 2)	p94	(('20475000*V^3 + 343980000*V*U^3', '1'), ('0', '1'), ('0', '1'), ('0', '1'), ('0', '1'), ('0', '1'), ('0', '1'), ('0', '1'), ('0', '1'), ('0', '1'), ('0', '1'), ('0', '1'), ('0', '1'), ('0', '1'), ('0', '1'), ('0', '1'), ('0', '1'), ('0', '1'))
derivative-only	('g', 'F0', -13, 2)	p95	(('-162421875*C^2 + 61425000*C*U^2 + 61425000*V^2*U - 42997500*U^4', '1'), ('0', '1'), ('0', '1'), ('0', '1'), ('0', '1'), ('0', '1'), ('0', '1'), ('0', '1'), ('0', '1'), ('0', '1'), ('0', '1'), ('0', '1'), ('0', '1'), ('0', '1'), ('0', '1'), ('0', '1'), ('0', '1'), ('0', '1'))
derivative-only	('g', 'F0', -13, 2)	p96	(('-1980386250*C^4 + 42177427500*C^3*U^2 + 87304230000*C^2*V^2*U - 11013502500*C^2*U^4 + 5948816250*C*V^4 - 84414330000*C*V^2*U^3 - 5255250000*C*U^6 - 28671142500*V^4*U^2 - 12612600000*V^2*U^5 + 96525000*U^8', '1'), ('0', '1'), ('0', '1'), ('0', '1'), ('0', '1'), ('0', '1'), ('0', '1'), ('0', '1'), ('0', '1'), ('0', '1'), ('0', '1'), ('0', '1'), ('0', '1'), ('0', '1'), ('0', '1'), ('0', '1'), ('0', '1'), ('0', '1'))
derivative-only	('g', 'F0', -13, 2)	p97	(('-3296925000*C^3*V + 134787802500*C^2*V*U^2 + 60954660000*C*V^3*U - 27072045000*C*V*U^4 + 1189763250*V^5 - 31501470000*V^3*U^3 - 5255250000*V*U^6', '1'), ('0', '1'), ('0', '1'), ('0', '1'), ('0', '1'), ('0', '1'), ('0', '1'), ('0', '1'), ('0', '1'), ('0', '1'), ('0', '1'), ('0', '1'), ('0', '1'), ('0', '1'), ('0', '1'), ('0', '1'), ('0', '1'), ('0', '1'))
derivative-only	('g', 'F0', -13, 2)	p98	(('14701500000*C^3*U + 11778918750*C^2*V^2 - 18678465000*C^2*U^3 - 43652115000*C*V^2*U^2 + 6054048000*C*U^5 - 7963312500*V^4*U + 2522520000*V^2*U^4 - 900900000*U^7', '1'), ('0', '1'), ('0', '1'), ('0', '1'), ('0', '1'), ('0', '1'), ('0', '1'), ('0', '1'), ('0', '1'), ('0', '1'), ('0', '1'), ('0', '1'), ('0', '1'), ('0', '1'), ('0', '1'), ('0', '1'), ('0', '1'), ('0', '1'))
derivative-only	('g', 'F0', -13, 2)	p99	(('44104500000*C^2*V*U + 8507812500*C*V^3 - 29101410000*C*V*U^3 - 11798865000*V^3*U^2 + 5045040000*V*U^5', '1'), ('0', '1'), ('0', '1'), ('0', '1'), ('0', '1'), ('0', '1'), ('0', '1'), ('0', '1'), ('0', '1'), ('0', '1'), ('0', '1'), ('0', '1'), ('0', '1'), ('0', '1'), ('0', '1'), ('0', '1'), ('0', '1'), ('0', '1'))
derivative-only	('g', 'F0', -13, 2)	p100	(('-1049400000*C^3 + 982800000*C^2*U^2 + 982800000*C*V^2*U - 1375920000*C*U^4 + 245700000*V^4 + 5503680000*V^2*U^3 + 1681680000*U^6', '1'), ('0', '1'), ('0', '1'), ('0', '1'), ('0', '1'), ('0', '1'), ('0', '1'), ('0', '1'), ('0', '1'), ('0', '1'), ('0', '1'), ('0', '1'), ('0', '1'), ('0', '1'), ('0', '1'), ('0', '1'), ('0', '1'), ('0', '1'))
derivative-only	('g', 'F0', -13, 2)	p101	(('-2940300000*C^2*V + 982800000*C*V*U^2 + 982800000*V^3*U + 1375920000*V*U^4', '1'), ('0', '1'), ('0', '1'), ('0', '1'), ('0', '1'), ('0', '1'), ('0', '1'), ('0', '1'), ('0', '1'), ('0', '1'), ('0', '1'), ('0', '1'), ('0', '1'), ('0', '1'), ('0', '1'), ('0', '1'), ('0', '1'), ('0', '1'))
derivative-only	('g', 'F0', -13, 2)	p102	(('-2940300000*C^2*U - 2836350000*C*V^2 + 655200000*C*U^3 + 491400000*V^2*U^2 - 550368000*U^5', '1'), ('0', '1'), ('0', '1'), ('0', '1'), ('0', '1'), ('0', '1'), ('0', '1'), ('0', '1'), ('0', '1'), ('0', '1'), ('0', '1'), ('0', '1'), ('0', '1'), ('0', '1'), ('0', '1'), ('0', '1'), ('0', '1'), ('0', '1'))
derivative-only	('g', 'F0', -13, 2)	p103	(('207900000*C*V*U + 34650000*V^3 - 327600000*V*U^3', '1'), ('0', '1'), ('0', '1'), ('0', '1'), ('0', '1'), ('0', '1'), ('0', '1'), ('0', '1'), ('0', '1'), ('0', '1'), ('0', '1'), ('0', '1'), ('0', '1'), ('0', '1'), ('0', '1'), ('0', '1'), ('0', '1'), ('0', '1'))
derivative-only	('g', 'F0', -13, 2)	p104	(('-8772410625*C^4 + 209501175000*C^3*U^2 + 438372675000*C^2*V^2*U - 91867230000*C^2*U^4 + 45550537500*C*V^4 - 227125080000*C*V^2*U^3 + 28588560000*C*U^6 - 50933610000*V^4*U^2 + 34306272000*V^2*U^5 - 2233481250*U^8', '1'), ('0', '1'), ('0', '1'), ('0', '1'), ('0', '1'), ('0', '1'), ('0', '1'), ('0', '1'), ('0', '1'), ('0', '1'), ('0', '1'), ('0', '1'), ('0', '1'), ('0', '1'), ('0', '1'), ('0', '1'), ('0', '1'), ('0', '1'))
derivative-only	('g', 'F0', -13, 2)	p105	(('-14824012500*C^3*V + 620149725000*C^2*V*U^2 + 303386850000*C*V^3*U - 136953180000*C*V*U^4 + 10223947500*V^5 - 52317720000*V^3*U^3 + 25729704000*V*U^6', '1'), ('0', '1'), ('0', '1'), ('0', '1'), ('0', '1'), ('0', '1'), ('0', '1'), ('0', '1'), ('0', '1'), ('0', '1'), ('0', '1'), ('0', '1'), ('0', '1'), ('0', '1'), ('0', '1'), ('0', '1'), ('0', '1'), ('0', '1'))
derivative-only	('g', 'F0', -13, 2)	p106	(('47044800000*C^3*U + 44462756250*C^2*V^2 - 36641475000*C^2*U^3 - 126632025000*C*V^2*U^2 - 11695320000*C*U^5 - 15536137500*V^4*U + 29238300000*V^2*U^4 + 6126120000*U^7', '1'), ('0', '1'), ('0', '1'), ('0', '1'), ('0', '1'), ('0', '1'), ('0', '1'), ('0', '1'), ('0', '1'), ('0', '1'), ('0', '1'), ('0', '1'), ('0', '1'), ('0', '1'), ('0', '1'), ('0', '1'), ('0', '1'), ('0', '1'))
derivative-only	('g', 'F0', -13, 2)	p107	(('144668700000*C^2*V*U + 30230887500*C*V^3 - 89990550000*C*V*U^3 - 39426075000*V^3*U^2', '1'), ('0', '1'), ('0', '1'), ('0', '1'), ('0', '1'), ('0', '1'), ('0', '1'), ('0', '1'), ('0', '1'), ('0', '1'), ('0', '1'), ('0', '1'), ('0', '1'), ('0', '1'), ('0', '1'), ('0', '1'), ('0', '1'), ('0', '1'))
derivative-only	('g', 'F0', -13, 2)	p108	(('3234000000*C^3 + 3534300000*C*V^2*U + 4176900000*C*U^4 + 441787500*V^4 - 2784600000*V^2*U^3 - 3898440000*U^6', '1'), ('0', '1'), ('0', '1'), ('0', '1'), ('0', '1'), ('0', '1'), ('0', '1'), ('0', '1'), ('0', '1'), ('0', '1'), ('0', '1'), ('0', '1'), ('0', '1'), ('0', '1'), ('0', '1'), ('0', '1'), ('0', '1'), ('0', '1'))
derivative-only	('g', 'F0', -13, 2)	p109	(('-900900000*C^2*V + 1767150000*C*V*U^2 - 4176900000*V*U^4', '1'), ('0', '1'), ('0', '1'), ('0', '1'), ('0', '1'), ('0', '1'), ('0', '1'), ('0', '1'), ('0', '1'), ('0', '1'), ('0', '1'), ('0', '1'), ('0', '1'), ('0', '1'), ('0', '1'), ('0', '1'), ('0', '1'), ('0', '1'))
derivative-only	('g', 'F0', -13, 2)	p110	(('-900900000*C^2*U - 6202350000*C*V^2 - 589050000*C*U^3 - 883575000*V^2*U^2 + 278460000*U^5', '1'), ('0', '1'), ('0', '1'), ('0', '1'), ('0', '1'), ('0', '1'), ('0', '1'), ('0', '1'), ('0', '1'), ('0', '1'), ('0', '1'), ('0', '1'), ('0', '1'), ('0', '1'), ('0', '1'), ('0', '1'), ('0', '1'), ('0', '1'))
derivative-only	('g', 'F0', -13, 2)	p111	(('18044647500*C^4 + 684785887500*C^3*U^2 + 1554349500000*C^2*V^2*U - 166369612500*C^2*U^4 + 170422106250*C*V^4 - 916092450000*C*V^2*U^3 - 77189112000*C*U^6 - 166369612500*V^4*U^2 + 84206304000*V^2*U^5 + 19297278000*U^8', '1'), ('0', '1'), ('0', '1'), ('0', '1'), ('0', '1'), ('0', '1'), ('0', '1'), ('0', '1'), ('0', '1'), ('0', '1'), ('0', '1'), ('0', '1'), ('0', '1'), ('0', '1'), ('0', '1'), ('0', '1'), ('0', '1'), ('0', '1'))
derivative-only	('g', 'F0', -13, 2)	p112	(('36872550000*C^3*V + 2086166362500*C^2*V*U^2 + 1025630100000*C*V^3*U - 483107625000*C*V*U^4 + 34084421250*V^5 - 322071750000*V^3*U^3 - 35085960000*V*U^6', '1'), ('0', '1'), ('0', '1'), ('0', '1'), ('0', '1'), ('0', '1'), ('0', '1'), ('0', '1'), ('0', '1'), ('0', '1'), ('0', '1'), ('0', '1'), ('0', '1'), ('0', '1'), ('0', '1'), ('0', '1'), ('0', '1'), ('0', '1'))
derivative-only	('g', 'F0', -13, 2)	p113	(('225868500000*C^3*U + 170910506250*C^2*V^2 - 134830575000*C^2*U^3 - 356778675000*C*V^2*U^2 + 25061400000*C*U^5 - 62113837500*V^4*U - 62653500000*V^2*U^4 - 20049120000*U^7', '1'), ('0', '1'), ('0', '1'), ('0', '1'), ('0', '1'), ('0', '1'), ('0', '1'), ('0', '1'), ('0', '1'), ('0', '1'), ('0', '1'), ('0', '1'), ('0', '1'), ('0', '1'), ('0', '1'), ('0', '1'), ('0', '1'), ('0', '1'))
derivative-only	('g', 'F0', -13, 2)	p114	(('480694500000*C^2*V*U + 81121837500*C*V^3 - 248455350000*C*V*U^3 - 140132025000*V^3*U^2 - 25061400000*V*U^5', '1'), ('0', '1'), ('0', '1'), ('0', '1'), ('0', '1'), ('0', '1'), ('0', '1'), ('0', '1'), ('0', '1'), ('0', '1'), ('0', '1'), ('0', '1'), ('0', '1'), ('0', '1'), ('0', '1'), ('0', '1'), ('0', '1'), ('0', '1'))
derivative-only	('g', 'F0', -13, 2)	p115	(('6265116000*C^3 + 49227750000*C^2*U^2 - 7952175000*C*U^4 - 252450000*V^4 - 10602900000*V^2*U^3 + 4176900000*U^6', '1'), ('0', '1'), ('0', '1'), ('0', '1'), ('0', '1'), ('0', '1'), ('0', '1'), ('0', '1'), ('0', '1'), ('0', '1'), ('0', '1'), ('0', '1'), ('0', '1'), ('0', '1'), ('0', '1'), ('0', '1'), ('0', '1'), ('0', '1'))
derivative-only	('g', 'F0', -13, 2)	p116	(('-2054052000*C^2*V - 3029400000*C*V*U^2 - 1009800000*V^3*U + 2650725000*V*U^4', '1'), ('0', '1'), ('0', '1'), ('0', '1'), ('0', '1'), ('0', '1'), ('0', '1'), ('0', '1'), ('0', '1'), ('0', '1'), ('0', '1'), ('0', '1'), ('0', '1'), ('0', '1'), ('0', '1'), ('0', '1'), ('0', '1'), ('0', '1'))
derivative-only	('g', 'F0', -13, 2)	p117	(('7984601625*C^4 + 2910700650000*C^3*U^2 + 5283295875000*C^2*V^2*U - 827442000000*C^2*U^4 + 471229275000*C*V^4 - 2806130250000*C*V^2*U^3 + 158722200000*C*U^6 - 827442000000*V^4*U^2 - 476166600000*V^2*U^5 - 83329155000*U^8', '1'), ('0', '1'), ('0', '1'), ('0', '1'), ('0', '1'), ('0', '1'), ('0', '1'), ('0', '1'), ('0', '1'), ('0', '1'), ('0', '1'), ('0', '1'), ('0', '1'), ('0', '1'), ('0', '1'), ('0', '1'), ('0', '1'), ('0', '1'))
derivative-only	('g', 'F0', -13, 2)	p118	(('2205274500*C^3*V + 6803888850000*C^2*V*U^2 + 2879459550000*C*V^3*U - 1403065125000*C*V*U^4 + 88489995000*V^5 - 1103256000000*V^3*U^3 - 79361100000*V*U^6', '1'), ('0', '1'), ('0', '1'), ('0', '1'), ('0', '1'), ('0', '1'), ('0', '1'), ('0', '1'), ('0', '1'), ('0', '1'), ('0', '1'), ('0', '1'), ('0', '1'), ('0', '1'), ('0', '1'), ('0', '1'), ('0', '1'), ('0', '1'))
derivative-only	('g', 'F0', -13, 2)	p119	(('547875900000*C^3*U + 633212687250*C^2*V^2 + 21911175000*C^2*U^3 - 927152325000*C*V^2*U^2 - 60436530000*C*U^5 - 164118487500*V^4*U - 25181887500*V^2*U^4 + 34011900000*U^7', '1'), ('0', '1'), ('0', '1'), ('0', '1'), ('0', '1'), ('0', '1'), ('0', '1'), ('0', '1'), ('0', '1'), ('0', '1'), ('0', '1'), ('0', '1'), ('0', '1'), ('0', '1'), ('0', '1'), ('0', '1'), ('0', '1'), ('0', '1'))
derivative-only	('g', 'F0', -13, 2)	p120	(('1159458300000*C^2*V*U + 433487983500*C*V^3 - 618101550000*C*V*U^3 - 299457675000*V^3*U^2 + 40291020000*V*U^5', '1'), ('0', '1'), ('0', '1'), ('0', '1'), ('0', '1'), ('0', '1'), ('0', '1'), ('0', '1'), ('0', '1'), ('0', '1'), ('0', '1'), ('0', '1'), ('0', '1'), ('0', '1'), ('0', '1'), ('0', '1'), ('0', '1'), ('0', '1'))
derivative-only	('g', 'F0', -13, 2)	p121	(('11425693500*C^3 + 140555844000*C^2*U^2 + 237096288000*C*V^2*U + 4796550000*C*U^4 - 415701000*V^4 + 9593100000*V^2*U^3 - 1678792500*U^6', '1'), ('0', '1'), ('0', '1'), ('0', '1'), ('0', '1'), ('0', '1'), ('0', '1'), ('0', '1'), ('0', '1'), ('0', '1'), ('0', '1'), ('0', '1'), ('0', '1'), ('0', '1'), ('0', '1'), ('0', '1'), ('0', '1'), ('0', '1'))
derivative-only	('g', 'F0', -13, 2)	p122	(('-50016671250*C^4 + 7853073442500*C^3*U^2 + 18343263510000*C^2*V^2*U - 36066937500*C^2*U^4 + 3593442888750*C*V^4 - 7339092750000*C*V^2*U^3 - 369334350000*C*U^6 - 1882738687500*V^4*U^2 + 402910200000*V^2*U^5 + 198402750000*U^8', '1'), ('0', '1'), ('0', '1'), ('0', '1'), ('0', '1'), ('0', '1'), ('0', '1'), ('0', '1'), ('0', '1'), ('0', '1'), ('0', '1'), ('0', '1'), ('0', '1'), ('0', '1'), ('0', '1'), ('0', '1'), ('0', '1'), ('0', '1'))
derivative-only	('g', 'F0', -13, 2)	p123	(('-79633125000*C^3*V + 17936986567500*C^2*V*U^2 + 12195586260000*C*V^3*U - 3573615375000*C*V*U^4 + 234519177750*V^5 - 2126594250000*V^3*U^3 + 302182650000*V*U^6', '1'), ('0', '1'), ('0', '1'), ('0', '1'), ('0', '1'), ('0', '1'), ('0', '1'), ('0', '1'), ('0', '1'), ('0', '1'), ('0', '1'), ('0', '1'), ('0', '1'), ('0', '1'), ('0', '1'), ('0', '1'), ('0', '1'), ('0', '1'))
derivative-only	('g', 'F0', -13, 2)	p124	(('1146717000000*C^3*U + 1400108726250*C^2*V^2 + 445990545000*C^2*U^3 + 507547755000*C*V^2*U^2 + 76744800000*C*U^5 - 310569187500*V^4*U + 143896500000*V^2*U^4 - 28779300000*U^7', '1'), ('0', '1'), ('0', '1'), ('0', '1'), ('0', '1'), ('0', '1'), ('0', '1'), ('0', '1'), ('0', '1'), ('0', '1'), ('0', '1'), ('0', '1'), ('0', '1'), ('0', '1'), ('0', '1'), ('0', '1'), ('0', '1'), ('0', '1'))
derivative-only	('g', 'F0', -13, 2)	p125	(('2569281390000*C^2*V*U + 902517817500*C*V^3 - 1209020670000*C*V*U^3 - 604510335000*V^3*U^2 - 19186200000*V*U^5', '1'), ('0', '1'), ('0', '1'), ('0', '1'), ('0', '1'), ('0', '1'), ('0', '1'), ('0', '1'), ('0', '1'), ('0', '1'), ('0', '1'), ('0', '1'), ('0', '1'), ('0', '1'), ('0', '1'), ('0', '1'), ('0', '1'), ('0', '1'))
derivative-only	('g', 'F0', -13, 2)	p126	(('-642683461875*C^4 + 11701940250000*C^3*U^2 + 32883984315000*C^2*V^2*U + 2420538120000*C^2*U^4 + 7820189422500*C*V^4 + 1835673840000*C*V^2*U^3 + 671517000000*C*U^6 - 3515672160000*V^4*U^2 + 805820400000*V^2*U^5 - 264409818750*U^8', '1'), ('0', '1'), ('0', '1'), ('0', '1'), ('0', '1'), ('0', '1'), ('0', '1'), ('0', '1'), ('0', '1'), ('0', '1'), ('0', '1'), ('0', '1'), ('0', '1'), ('0', '1'), ('0', '1'), ('0', '1'), ('0', '1'), ('0', '1'))
derivative-only	('g', 'F0', -13, 2)	p127	(('-899354137500*C^3*V + 35995463595000*C^2*V*U^2 + 17391874500000*C*V^3*U - 7205938740000*C*V*U^4 + 571771063500*V^5 - 4920355440000*V^3*U^3 - 335758500000*V*U^6', '1'), ('0', '1'), ('0', '1'), ('0', '1'), ('0', '1'), ('0', '1'), ('0', '1'), ('0', '1'), ('0', '1'), ('0', '1'), ('0', '1'), ('0', '1'), ('0', '1'), ('0', '1'), ('0', '1'), ('0', '1'), ('0', '1'), ('0', '1'))
derivative-only	('g', 'F0', -13, 2)	p128	(('1834716487500*C^3*U + 2736872043750*C^2*V^2 - 4883415615000*C^2*U^3 - 8660387970000*C*V^2*U^2 - 34918884000*C*U^5 - 607250182500*V^4*U - 87297210000*V^2*U^4 + 9593100000*U^7', '1'), ('0', '1'), ('0', '1'), ('0', '1'), ('0', '1'), ('0', '1'), ('0', '1'), ('0', '1'), ('0', '1'), ('0', '1'), ('0', '1'), ('0', '1'), ('0', '1'), ('0', '1'), ('0', '1'), ('0', '1'), ('0', '1'), ('0', '1'))
derivative-only	('g', 'F0', -13, 2)	p129	(('-1381560510000*C^4 + 20581226737500*C^3*U^2 - 43193007000000*C^2*V^2*U - 59093994960000*C^2*U^4 - 22867338243750*C*V^4 - 50549988060000*C*V^2*U^3 - 640179540000*C*U^6 + 19270028992500*V^4*U^2 - 1536430896000*V^2*U^5 + 184667175000*U^8', '1'), ('0', '1'), ('0', '1'), ('0', '1'), ('0', '1'), ('0', '1'), ('0', '1'), ('0', '1'), ('0', '1'), ('0', '1'), ('0', '1'), ('0', '1'), ('0', '1'), ('0', '1'), ('0', '1'), ('0', '1'), ('0', '1'), ('0', '1'))
derivative-only	('g', 'F0', -13, 2)	p130	(('-2233512600000*C^3*V - 35712496462500*C^2*V*U^2 - 1258589475000*C*V^3*U + 37928977515000*C*V*U^4 + 1242935801250*V^5 + 16175955510000*V^3*U^3 + 128035908000*V*U^6', '1'), ('0', '1'), ('0', '1'), ('0', '1'), ('0', '1'), ('0', '1'), ('0', '1'), ('0', '1'), ('0', '1'), ('0', '1'), ('0', '1'), ('0', '1'), ('0', '1'), ('0', '1'), ('0', '1'), ('0', '1'), ('0', '1'), ('0', '1'))
derivative-only	('g', 'F0', -13, 2)	p131	(('-2796087813750*C^4 - 37185370200000*C^3*U^2 - 200258740687500*C^2*V^2*U + 97544388459375*C^2*U^4 - 44406204975000*C*V^4 + 278330175337500*C*V^2*U^3 + 234247513500*C*U^6 + 64271014396875*V^4*U^2 + 702742540500*V^2*U^5 - 52586176500*U^8', '1'), ('0', '1'), ('0', '1'), ('0', '1'), ('0', '1'), ('0', '1'), ('0', '1'), ('0', '1'), ('0', '1'), ('0', '1'), ('0', '1'), ('0', '1'), ('0', '1'), ('0', '1'), ('0', '1'), ('0', '1'), ('0', '1'), ('0', '1'))
derivative-only	('g', 'F0', -13, 7)	constant	(('-2174050125000000*V*U', '1'), ('-3654677812500000*V*U', '1'), ('-2081079000000000*V*U', '1'), ('-334459125000000*V*U', '1'), ('0', '1'), ('0', '1'), ('0', '1'), ('0', '1'), ('0', '1'), ('0', '1'), ('0', '1'), ('0', '1'), ('0', '1'), ('0', '1'), ('0', '1'), ('0', '1'), ('0', '1'), ('0', '1'))
derivative-only	('g', 'F0', -13, 7)	p64	(('-3125000', '1'), ('0', '1'), ('0', '1'), ('0', '1'), ('0', '1'), ('0', '1'), ('0', '1'), ('0', '1'), ('0', '1'), ('0', '1'), ('0', '1'), ('0', '1'), ('0', '1'), ('0', '1'), ('0', '1'), ('0', '1'), ('0', '1'), ('0', '1'))
derivative-only	('g', 'F0', -13, 7)	p72	(('-28125000', '1'), ('0', '1'), ('0', '1'), ('0', '1'), ('0', '1'), ('0', '1'), ('0', '1'), ('0', '1'), ('0', '1'), ('0', '1'), ('0', '1'), ('0', '1'), ('0', '1'), ('0', '1'), ('0', '1'), ('0', '1'), ('0', '1'), ('0', '1'))
derivative-only	('g', 'F0', -13, 7)	p81	(('-140625000', '1'), ('0', '1'), ('0', '1'), ('0', '1'), ('0', '1'), ('0', '1'), ('0', '1'), ('0', '1'), ('0', '1'), ('0', '1'), ('0', '1'), ('0', '1'), ('0', '1'), ('0', '1'), ('0', '1'), ('0', '1'), ('0', '1'), ('0', '1'))
derivative-only	('g', 'F0', -13, 7)	p91	(('-515625000', '1'), ('0', '1'), ('0', '1'), ('0', '1'), ('0', '1'), ('0', '1'), ('0', '1'), ('0', '1'), ('0', '1'), ('0', '1'), ('0', '1'), ('0', '1'), ('0', '1'), ('0', '1'), ('0', '1'), ('0', '1'), ('0', '1'), ('0', '1'))
derivative-only	('g', 'F0', -13, 7)	p100	(('-1546875000', '1'), ('0', '1'), ('0', '1'), ('0', '1'), ('0', '1'), ('0', '1'), ('0', '1'), ('0', '1'), ('0', '1'), ('0', '1'), ('0', '1'), ('0', '1'), ('0', '1'), ('0', '1'), ('0', '1'), ('0', '1'), ('0', '1'), ('0', '1'))
derivative-only	('g', 'F0', -13, 7)	p108	(('-4021875000', '1'), ('0', '1'), ('0', '1'), ('0', '1'), ('0', '1'), ('0', '1'), ('0', '1'), ('0', '1'), ('0', '1'), ('0', '1'), ('0', '1'), ('0', '1'), ('0', '1'), ('0', '1'), ('0', '1'), ('0', '1'), ('0', '1'), ('0', '1'))
derivative-only	('g', 'F0', -13, 7)	p115	(('-9384375000', '1'), ('0', '1'), ('0', '1'), ('0', '1'), ('0', '1'), ('0', '1'), ('0', '1'), ('0', '1'), ('0', '1'), ('0', '1'), ('0', '1'), ('0', '1'), ('0', '1'), ('0', '1'), ('0', '1'), ('0', '1'), ('0', '1'), ('0', '1'))
derivative-only	('g', 'F0', -13, 7)	p121	(('-20109375000', '1'), ('0', '1'), ('0', '1'), ('0', '1'), ('0', '1'), ('0', '1'), ('0', '1'), ('0', '1'), ('0', '1'), ('0', '1'), ('0', '1'), ('0', '1'), ('0', '1'), ('0', '1'), ('0', '1'), ('0', '1'), ('0', '1'), ('0', '1'))
derivative-only	('g', 'F0', -13, 7)	p126	(('844593750000*C', '1'), ('0', '1'), ('0', '1'), ('0', '1'), ('0', '1'), ('0', '1'), ('0', '1'), ('0', '1'), ('0', '1'), ('0', '1'), ('0', '1'), ('0', '1'), ('0', '1'), ('0', '1'), ('0', '1'), ('0', '1'), ('0', '1'), ('0', '1'))
derivative-only	('g', 'F0', -13, 7)	p127	(('844593750000*V', '1'), ('0', '1'), ('0', '1'), ('0', '1'), ('0', '1'), ('0', '1'), ('0', '1'), ('0', '1'), ('0', '1'), ('0', '1'), ('0', '1'), ('0', '1'), ('0', '1'), ('0', '1'), ('0', '1'), ('0', '1'), ('0', '1'), ('0', '1'))
derivative-only	('g', 'F0', -13, 7)	p128	(('844593750000*U', '1'), ('0', '1'), ('0', '1'), ('0', '1'), ('0', '1'), ('0', '1'), ('0', '1'), ('0', '1'), ('0', '1'), ('0', '1'), ('0', '1'), ('0', '1'), ('0', '1'), ('0', '1'), ('0', '1'), ('0', '1'), ('0', '1'), ('0', '1'))
derivative-only	('g', 'F0', -13, 7)	p129	(('1671312500000*C + 9290531250000*U^2', '1'), ('0', '1'), ('0', '1'), ('0', '1'), ('0', '1'), ('0', '1'), ('0', '1'), ('0', '1'), ('0', '1'), ('0', '1'), ('0', '1'), ('0', '1'), ('0', '1'), ('0', '1'), ('0', '1'), ('0', '1'), ('0', '1'), ('0', '1'))
derivative-only	('g', 'F0', -13, 7)	p130	(('1671312500000*V', '1'), ('0', '1'), ('0', '1'), ('0', '1'), ('0', '1'), ('0', '1'), ('0', '1'), ('0', '1'), ('0', '1'), ('0', '1'), ('0', '1'), ('0', '1'), ('0', '1'), ('0', '1'), ('0', '1'), ('0', '1'), ('0', '1'), ('0', '1'))
derivative-only	('g', 'F0', -13, 7)	p131	(('3145106250000*C - 19220093750000*U^2', '1'), ('0', '1'), ('0', '1'), ('0', '1'), ('0', '1'), ('0', '1'), ('0', '1'), ('0', '1'), ('0', '1'), ('0', '1'), ('0', '1'), ('0', '1'), ('0', '1'), ('0', '1'), ('0', '1'), ('0', '1'), ('0', '1'), ('0', '1'))
derivative-only	('g', 'F0', -12, 0)	constant	(('-26136759638752/5*C^6 + 515074289335343/12*C^5*U^2 + 26848429740493/2*C^4*V^2*U + 1365453957399187/8*C^4*U^4 + 541254090083173/24*C^3*V^4 + 5536364524299815/3*C^3*V^2*U^3 + 3270813924310529/12*C^3*U^6 + 13908158292888019/12*C^2*V^4*U^2 - 4196368474639289*C^2*V^2*U^5 + 3486519408936095/12*C^2*U^8 + 607241048761486/3*C*V^6*U + 16948511762916485/6*C*V^4*U^4 - 23570942426572150/3*C*V^2*U^7 - 222835627589922481/120*C*U^10 + 378263756610061/24*V^8 - 333681042634088/3*V^6*U^3 - 5404232082727687/24*V^4*U^6 - 2853013226906050/3*V^2*U^9 - 8111632466826*U^12 - 5/2', 'U'), ('401813313641191/30*C^6 - 411395536319560/3*C^5*U^2 - 678067647558737*C^4*V^2*U + 152694723521112*C^4*U^4 - 218931682066553/3*C^3*V^4 + 9007731796851038/3*C^3*V^2*U^3 + 4521857083275040/3*C^3*U^6 - 5531632942394825/3*C^2*V^4*U^2 + 245363968649999*C^2*V^2*U^5 + 2800740150545957/2*C^2*U^8 - 304098512388920*C*V^6*U + 5651209475761960*C*V^4*U^4 - 38023414047078539/3*C*V^2*U^7 - 42099757813302034/15*C*U^10 + 1035609316805/3*V^8 + 1531519712075990/3*V^6*U^3 + 3251688675753618*V^4*U^6 - 4732294667340592/3*V^2*U^9 - 39679231158277*U^12', 'U'), ('-208281309145529/15*C^6 + 653398977934460/3*C^5*U^2 + 242748537190956*C^4*V^2*U + 218833406283619*C^4*U^4 + 16211265711618*C^3*V^4 + 879683995914356/3*C^3*V^2*U^3 - 6159231688639680*C^3*U^6 + 8397009641477350/3*C^2*V^4*U^2 - 7779055169808942*C^2*V^2*U^5 + 45000872850970897/6*C^2*U^8 + 461525059947190*C*V^6*U + 3963399693944210/3*C*V^4*U^4 - 18050712233846048/3*C*V^2*U^7 - 40847142915791383/15*C*U^10 + 60244970102295/2*V^8 - 2328326235305050/3*V^6*U^3 - 2834346934850552/3*V^4*U^6 - 4520368039875929/3*V^2*U^9 + 20821028441/6*U^12', 'U'), ('55096080503009/5*C^6 - 2000116657629685/12*C^5*U^2 - 762290973952211/2*C^4*V^2*U + 5093802416358759/8*C^4*U^4 - 1488155780791091/24*C^3*V^4 + 2780676999430187/3*C^3*V^2*U^3 - 8976601615350215/12*C^3*U^6 - 19410182957780765/12*C^2*V^4*U^2 + 3181229469006331*C^2*V^2*U^5 + 12543160066709323/12*C^2*U^8 - 659692021965725/3*C*V^6*U + 1950752113942590*C*V^4*U^4 - 17009385846321856/3*C*V^2*U^7 - 46715700701265793/120*C*U^10 - 71279411439065/8*V^8 + 1574755182527890/3*V^6*U^3 + 52897148766443653/24*V^4*U^6 + 263221673180152/3*V^2*U^9 - 76327914860899/3*U^12', 'U'), ('-34246200834061/15*C^6 + 131811204412825/6*C^5*U^2 + 79420449639639*C^4*V^2*U + 584115879931929/4*C^4*U^4 + 68978086518979/12*C^3*V^4 - 202842356228386/3*C^3*V^2*U^3 - 7006982410594805/6*C^3*U^6 + 3083732473213145/6*C^2*V^4*U^2 - 432346019117668*C^2*V^2*U^5 + 914660552624178*C^2*U^8 + 311467796140175/3*C*V^6*U + 1295107312657805/6*C*V^4*U^4 - 553502485287534*C*V^2*U^7 - 2851063194543621/20*C*U^10 + 13780255575365/4*V^8 - 60849013471700*V^6*U^3 - 639410096924389/4*V^4*U^6 - 73453443071741/3*V^2*U^9 + 518249185113/2*U^12', 'U'), ('838170224159*C^6 - 15696050032093*C^5*U^2 - 25626229776450*C^4*V^2*U + 108859363303203/2*C^4*U^4 - 6621566608305/2*C^3*V^4 + 41770001087396*C^3*V^2*U^3 + 30219535019131*C^3*U^6 - 135509280871319*C^2*V^4*U^2 + 420341219284362*C^2*V^2*U^5 - 149324865047163/2*C^2*U^8 - 18030124536684*C*V^6*U + 220405060332615*C*V^4*U^4 - 99441218732588*C*V^2*U^7 + 52290228386163/2*C*U^10 - 1272559016938*V^8 + 51471652999022*V^6*U^3 + 429519896655213/2*V^4*U^6 + 14200520089901*V^2*U^9 - 3422452702135/2*U^12', 'U'), ('20200000/9*C^3 - 56800000/3*C^2*U^2 + 17800000*C*V^2*U + 344500000/9*C*U^4 + 18700000/9*V^4 + 290000000/9*V^2*U^3 - 4900000/9*U^6', 'U'), ('-35350000/9*C^3 + 99400000/3*C^2*U^2 - 31150000*C*V^2*U - 602875000/9*C*U^4 - 32725000/9*V^4 - 507500000/9*V^2*U^3 + 8575000/9*U^6', 'U'), ('2840625*C^3 - 23962500*C^2*U^2 + 22528125*C*V^2*U + 96890625/2*C*U^4 + 5259375/2*V^4 + 40781250*V^2*U^3 - 1378125/2*U^6', 'U'), ('-8837500/9*C^3 + 24850000/3*C^2*U^2 - 7787500*C*V^2*U - 150718750/9*C*U^4 - 8181250/9*V^4 - 126875000/9*V^2*U^3 + 2143750/9*U^6', 'U'), ('1262500/9*C^3 - 3550000/3*C^2*U^2 + 1112500*C*V^2*U + 21531250/9*C*U^4 + 1168750/9*V^4 + 18125000/9*V^2*U^3 - 306250/9*U^6', 'U'), ('0', '1'), ('312500000/27', 'U'), ('-546875000/27', 'U'), ('29296875/2', 'U'), ('-136718750/27', 'U'), ('19531250/27', 'U'), ('0', '1'))
derivative-only	('g', 'F0', -12, 0)	p30	(('-5/2*C + 15/2*U^2', 'U'), ('0', '1'), ('0', '1'), ('0', '1'), ('0', '1'), ('0', '1'), ('0', '1'), ('0', '1'), ('0', '1'), ('0', '1'), ('0', '1'), ('0', '1'), ('0', '1'), ('0', '1'), ('0', '1'), ('0', '1'), ('0', '1'), ('0', '1'))
derivative-only	('g', 'F0', -12, 0)	p31	(('-5/2*V', 'U'), ('0', '1'), ('0', '1'), ('0', '1'), ('0', '1'), ('0', '1'), ('0', '1'), ('0', '1'), ('0', '1'), ('0', '1'), ('0', '1'), ('0', '1'), ('0', '1'), ('0', '1'), ('0', '1'), ('0', '1'), ('0', '1'), ('0', '1'))
derivative-only	('g', 'F0', -12, 0)	p32	(('-5*C + 25*U^2', 'U'), ('0', '1'), ('0', '1'), ('0', '1'), ('0', '1'), ('0', '1'), ('0', '1'), ('0', '1'), ('0', '1'), ('0', '1'), ('0', '1'), ('0', '1'), ('0', '1'), ('0', '1'), ('0', '1'), ('0', '1'), ('0', '1'), ('0', '1'))
derivative-only	('g', 'F0', -12, 0)	p33	(('30*C*V + 35*V*U^2', 'U'), ('0', '1'), ('0', '1'), ('0', '1'), ('0', '1'), ('0', '1'), ('0', '1'), ('0', '1'), ('0', '1'), ('0', '1'), ('0', '1'), ('0', '1'), ('0', '1'), ('0', '1'), ('0', '1'), ('0', '1'), ('0', '1'), ('0', '1'))
derivative-only	('g', 'F0', -12, 0)	p34	(('55/2*V^2 + 20*U^3', 'U'), ('0', '1'), ('0', '1'), ('0', '1'), ('0', '1'), ('0', '1'), ('0', '1'), ('0', '1'), ('0', '1'), ('0', '1'), ('0', '1'), ('0', '1'), ('0', '1'), ('0', '1'), ('0', '1'), ('0', '1'), ('0', '1'), ('0', '1'))
derivative-only	('g', 'F0', -12, 0)	p35	(('25*V', '1'), ('0', '1'), ('0', '1'), ('0', '1'), ('0', '1'), ('0', '1'), ('0', '1'), ('0', '1'), ('0', '1'), ('0', '1'), ('0', '1'), ('0', '1'), ('0', '1'), ('0', '1'), ('0', '1'), ('0', '1'), ('0', '1'), ('0', '1'))
derivative-only	('g', 'F0', -12, 0)	p36	(('160*C*V*U + 85*V^3 + 100*V*U^3', 'U'), ('0', '1'), ('0', '1'), ('0', '1'), ('0', '1'), ('0', '1'), ('0', '1'), ('0', '1'), ('0', '1'), ('0', '1'), ('0', '1'), ('0', '1'), ('0', '1'), ('0', '1'), ('0', '1'), ('0', '1'), ('0', '1'), ('0', '1'))
derivative-only	('g', 'F0', -12, 0)	p37	(('85/2*C^2 - 320*C*U^2 + 155*V^2*U + 75/2*U^4', 'U'), ('0', '1'), ('0', '1'), ('0', '1'), ('0', '1'), ('0', '1'), ('0', '1'), ('0', '1'), ('0', '1'), ('0', '1'), ('0', '1'), ('0', '1'), ('0', '1'), ('0', '1'), ('0', '1'), ('0', '1'), ('0', '1'), ('0', '1'))
derivative-only	('g', 'F0', -12, 0)	p38	(('105*C*V - 105*V*U^2', 'U'), ('0', '1'), ('0', '1'), ('0', '1'), ('0', '1'), ('0', '1'), ('0', '1'), ('0', '1'), ('0', '1'), ('0', '1'), ('0', '1'), ('0', '1'), ('0', '1'), ('0', '1'), ('0', '1'), ('0', '1'), ('0', '1'), ('0', '1'))
derivative-only	('g', 'F0', -12, 0)	p39	(('45*C*U + 105/2*V^2 - 235*U^3', 'U'), ('0', '1'), ('0', '1'), ('0', '1'), ('0', '1'), ('0', '1'), ('0', '1'), ('0', '1'), ('0', '1'), ('0', '1'), ('0', '1'), ('0', '1'), ('0', '1'), ('0', '1'), ('0', '1'), ('0', '1'), ('0', '1'), ('0', '1'))
derivative-only	('g', 'F0', -12, 0)	p40	(('355*C*V*U + 195*V^3 - 1550*V*U^3', 'U'), ('0', '1'), ('0', '1'), ('0', '1'), ('0', '1'), ('0', '1'), ('0', '1'), ('0', '1'), ('0', '1'), ('0', '1'), ('0', '1'), ('0', '1'), ('0', '1'), ('0', '1'), ('0', '1'), ('0', '1'), ('0', '1'), ('0', '1'))
derivative-only	('g', 'F0', -12, 0)	p41	(('60*C^2 - 985/2*C*U^2 + 20*V^2*U - 1825/2*U^4', 'U'), ('0', '1'), ('0', '1'), ('0', '1'), ('0', '1'), ('0', '1'), ('0', '1'), ('0', '1'), ('0', '1'), ('0', '1'), ('0', '1'), ('0', '1'), ('0', '1'), ('0', '1'), ('0', '1'), ('0', '1'), ('0', '1'), ('0', '1'))
derivative-only	('g', 'F0', -12, 0)	p42	(('170*C*V - 915/2*V*U^2', 'U'), ('0', '1'), ('0', '1'), ('0', '1'), ('0', '1'), ('0', '1'), ('0', '1'), ('0', '1'), ('0', '1'), ('0', '1'), ('0', '1'), ('0', '1'), ('0', '1'), ('0', '1'), ('0', '1'), ('0', '1'), ('0', '1'), ('0', '1'))
derivative-only	('g', 'F0', -12, 0)	p43	(('-765*C^2*V + 3375*C*V*U^2 - 2630*V^3*U - 16525/2*V*U^4', 'U'), ('0', '1'), ('0', '1'), ('0', '1'), ('0', '1'), ('0', '1'), ('0', '1'), ('0', '1'), ('0', '1'), ('0', '1'), ('0', '1'), ('0', '1'), ('0', '1'), ('0', '1'), ('0', '1'), ('0', '1'), ('0', '1'), ('0', '1'))
derivative-only	('g', 'F0', -12, 0)	p44	(('-1575*C^2*U - 695*C*V^2 + 9845*C*U^3 - 885*V^2*U^2 - 2860*U^5', 'U'), ('0', '1'), ('0', '1'), ('0', '1'), ('0', '1'), ('0', '1'), ('0', '1'), ('0', '1'), ('0', '1'), ('0', '1'), ('0', '1'), ('0', '1'), ('0', '1'), ('0', '1'), ('0', '1'), ('0', '1'), ('0', '1'), ('0', '1'))
derivative-only	('g', 'F0', -12, 0)	p45	(('100*C*V*U - 310*V^3 - 1040*V*U^3', 'U'), ('0', '1'), ('0', '1'), ('0', '1'), ('0', '1'), ('0', '1'), ('0', '1'), ('0', '1'), ('0', '1'), ('0', '1'), ('0', '1'), ('0', '1'), ('0', '1'), ('0', '1'), ('0', '1'), ('0', '1'), ('0', '1'), ('0', '1'))
derivative-only	('g', 'F0', -12, 0)	p46	(('75*C^2 - 1430*C*U^2 - 630*V^2*U + 1495*U^4', 'U'), ('0', '1'), ('0', '1'), ('0', '1'), ('0', '1'), ('0', '1'), ('0', '1'), ('0', '1'), ('0', '1'), ('0', '1'), ('0', '1'), ('0', '1'), ('0', '1'), ('0', '1'), ('0', '1'), ('0', '1'), ('0', '1'), ('0', '1'))
derivative-only	('g', 'F0', -12, 0)	p47	(('-7555*C^3*U - 5175*C^2*V^2 + 49530*C^2*U^3 - 495*C*V^2*U^2 - 25935*C*U^5 - 8430*V^4*U - 71925/2*V^2*U^4 + 180*U^7', 'U'), ('0', '1'), ('0', '1'), ('0', '1'), ('0', '1'), ('0', '1'), ('0', '1'), ('0', '1'), ('0', '1'), ('0', '1'), ('0', '1'), ('0', '1'), ('0', '1'), ('0', '1'), ('0', '1'), ('0', '1'), ('0', '1'), ('0', '1'))
derivative-only	('g', 'F0', -12, 0)	p48	(('-7230*C^2*V*U - 4905*C*V^3 + 79320*C*V*U^3 - 8145*V^3*U^2 - 25305*V*U^5', 'U'), ('0', '1'), ('0', '1'), ('0', '1'), ('0', '1'), ('0', '1'), ('0', '1'), ('0', '1'), ('0', '1'), ('0', '1'), ('0', '1'), ('0', '1'), ('0', '1'), ('0', '1'), ('0', '1'), ('0', '1'), ('0', '1'), ('0', '1'))
derivative-only	('g', 'F0', -12, 0)	p49	(('1130*C^3 - 16455*C^2*U^2 + 2085*C*V^2*U + 124275/2*C*U^4 - 2100*V^4 + 29790*V^2*U^3 - 12915/2*U^6', 'U'), ('0', '1'), ('0', '1'), ('0', '1'), ('0', '1'), ('0', '1'), ('0', '1'), ('0', '1'), ('0', '1'), ('0', '1'), ('0', '1'), ('0', '1'), ('0', '1'), ('0', '1'), ('0', '1'), ('0', '1'), ('0', '1'), ('0', '1'))
derivative-only	('g', 'F0', -12, 0)	p50	(('-4950*C^2*V + 16905*C*V*U^2 - 14020*V^3*U + 13365/2*V*U^4', 'U'), ('0', '1'), ('0', '1'), ('0', '1'), ('0', '1'), ('0', '1'), ('0', '1'), ('0', '1'), ('0', '1'), ('0', '1'), ('0', '1'), ('0', '1'), ('0', '1'), ('0', '1'), ('0', '1'), ('0', '1'), ('0', '1'), ('0', '1'))
derivative-only	('g', 'F0', -12, 0)	p51	(('-4725*C^2*U - 3075*C*V^2 + 27795*C*U^3 + 4740*V^2*U^2 + 8400*U^5', 'U'), ('0', '1'), ('0', '1'), ('0', '1'), ('0', '1'), ('0', '1'), ('0', '1'), ('0', '1'), ('0', '1'), ('0', '1'), ('0', '1'), ('0', '1'), ('0', '1'), ('0', '1'), ('0', '1'), ('0', '1'), ('0', '1'), ('0', '1'))
derivative-only	('g', 'F0', -12, 0)	p52	(('-2050*C*V*U - 500*V^3 + 4490*V*U^3', 'U'), ('0', '1'), ('0', '1'), ('0', '1'), ('0', '1'), ('0', '1'), ('0', '1'), ('0', '1'), ('0', '1'), ('0', '1'), ('0', '1'), ('0', '1'), ('0', '1'), ('0', '1'), ('0', '1'), ('0', '1'), ('0', '1'), ('0', '1'))
derivative-only	('g', 'F0', -12, 0)	p53	(('-26430*C^3*U - 34770*C^2*V^2 + 150600*C^2*U^3 + 45600*C*V^2*U^2 + 84720*C*U^5 - 60175*V^4*U + 17100*V^2*U^4 - 11670*U^7', 'U'), ('0', '1'), ('0', '1'), ('0', '1'), ('0', '1'), ('0', '1'), ('0', '1'), ('0', '1'), ('0', '1'), ('0', '1'), ('0', '1'), ('0', '1'), ('0', '1'), ('0', '1'), ('0', '1'), ('0', '1'), ('0', '1'), ('0', '1'))
derivative-only	('g', 'F0', -12, 0)	p54	(('-38580*C^2*V*U - 14680*C*V^3 + 337500*C*V*U^3 - 8950*V^3*U^2 + 75270*V*U^5', 'U'), ('0', '1'), ('0', '1'), ('0', '1'), ('0', '1'), ('0', '1'), ('0', '1'), ('0', '1'), ('0', '1'), ('0', '1'), ('0', '1'), ('0', '1'), ('0', '1'), ('0', '1'), ('0', '1'), ('0', '1'), ('0', '1'), ('0', '1'))
derivative-only	('g', 'F0', -12, 0)	p55	(('4955*C^3 - 40985*C^2*U^2 + 23630*C*V^2*U + 165375*C*U^4 - 1215/2*V^4 + 176700*V^2*U^3 + 33805*U^6', 'U'), ('0', '1'), ('0', '1'), ('0', '1'), ('0', '1'), ('0', '1'), ('0', '1'), ('0', '1'), ('0', '1'), ('0', '1'), ('0', '1'), ('0', '1'), ('0', '1'), ('0', '1'), ('0', '1'), ('0', '1'), ('0', '1'), ('0', '1'))
derivative-only	('g', 'F0', -12, 0)	p56	(('-10825*C^2*V + 55075*C*V*U^2 - 19450*V^3*U + 34725/2*V*U^4', 'U'), ('0', '1'), ('0', '1'), ('0', '1'), ('0', '1'), ('0', '1'), ('0', '1'), ('0', '1'), ('0', '1'), ('0', '1'), ('0', '1'), ('0', '1'), ('0', '1'), ('0', '1'), ('0', '1'), ('0', '1'), ('0', '1'), ('0', '1'))
derivative-only	('g', 'F0', -12, 0)	p57	(('-11875*C^2*U - 3825*C*V^2 + 90225*C*U^3 + 22475*V^2*U^2 - 10320*U^5', 'U'), ('0', '1'), ('0', '1'), ('0', '1'), ('0', '1'), ('0', '1'), ('0', '1'), ('0', '1'), ('0', '1'), ('0', '1'), ('0', '1'), ('0', '1'), ('0', '1'), ('0', '1'), ('0', '1'), ('0', '1'), ('0', '1'), ('0', '1'))
derivative-only	('g', 'F0', -12, 0)	p58	(('-19515/2*C^4 + 336770*C^3*U^2 + 52310*C^2*V^2*U - 1332975*C^2*U^4 + 216675/2*C*V^4 - 366300*C*V^2*U^3 + 827345*C*U^6 + 236975/2*V^4*U^2 + 1236030*V^2*U^5 - 46905/2*U^8', 'U'), ('0', '1'), ('0', '1'), ('0', '1'), ('0', '1'), ('0', '1'), ('0', '1'), ('0', '1'), ('0', '1'), ('0', '1'), ('0', '1'), ('0', '1'), ('0', '1'), ('0', '1'), ('0', '1'), ('0', '1'), ('0', '1'), ('0', '1'))
derivative-only	('g', 'F0', -12, 0)	p59	(('36220*C^3*V + 277595*C^2*V*U^2 + 226010*C*V^3*U - 1973850*C*V*U^4 + 95555/2*V^5 + 99950*V^3*U^3 + 799205*V*U^6', 'U'), ('0', '1'), ('0', '1'), ('0', '1'), ('0', '1'), ('0', '1'), ('0', '1'), ('0', '1'), ('0', '1'), ('0', '1'), ('0', '1'), ('0', '1'), ('0', '1'), ('0', '1'), ('0', '1'), ('0', '1'), ('0', '1'), ('0', '1'))
derivative-only	('g', 'F0', -12, 0)	p60	(('-79805*C^3*U - 132665/2*C^2*V^2 + 676600*C^2*U^3 + 263300*C*V^2*U^2 - 136095*C*U^5 - 84500*V^4*U + 411975/2*V^2*U^4 + 107780*U^7', 'U'), ('0', '1'), ('0', '1'), ('0', '1'), ('0', '1'), ('0', '1'), ('0', '1'), ('0', '1'), ('0', '1'), ('0', '1'), ('0', '1'), ('0', '1'), ('0', '1'), ('0', '1'), ('0', '1'), ('0', '1'), ('0', '1'), ('0', '1'))
derivative-only	('g', 'F0', -12, 0)	p61	(('-43755*C^2*V*U - 2430*C*V^3 + 1020700*C*V*U^3 + 101275*V^3*U^2 - 15645*V*U^5', 'U'), ('0', '1'), ('0', '1'), ('0', '1'), ('0', '1'), ('0', '1'), ('0', '1'), ('0', '1'), ('0', '1'), ('0', '1'), ('0', '1'), ('0', '1'), ('0', '1'), ('0', '1'), ('0', '1'), ('0', '1'), ('0', '1'), ('0', '1'))
derivative-only	('g', 'F0', -12, 0)	p62	(('34685/2*C^3 - 149435*C^2*U^2 + 144480*C*V^2*U + 578325*C*U^4 + 29535/2*V^4 + 421100*V^2*U^3 - 147895/2*U^6', 'U'), ('0', '1'), ('0', '1'), ('0', '1'), ('0', '1'), ('0', '1'), ('0', '1'), ('0', '1'), ('0', '1'), ('0', '1'), ('0', '1'), ('0', '1'), ('0', '1'), ('0', '1'), ('0', '1'), ('0', '1'), ('0', '1'), ('0', '1'))
derivative-only	('g', 'F0', -12, 0)	p63	(('-38185/2*C^2*V + 144415*C*V*U^2 - 30600*V^3*U - 49450*V*U^4', 'U'), ('0', '1'), ('0', '1'), ('0', '1'), ('0', '1'), ('0', '1'), ('0', '1'), ('0', '1'), ('0', '1'), ('0', '1'), ('0', '1'), ('0', '1'), ('0', '1'), ('0', '1'), ('0', '1'), ('0', '1'), ('0', '1'), ('0', '1'))
derivative-only	('g', 'F0', -12, 0)	p64	(('124125*C^4*V + 2272000*C^3*V*U^2 + 1141400*C^2*V^3*U - 13869750*C^2*V*U^4 + 504690*C*V^5 - 42800*C*V^3*U^3 + 9887400*C*V*U^6 + 259350*V^5*U^2 + 4850880*V^3*U^5 - 279975*V*U^8', 'U'), ('0', '1'), ('0', '1'), ('0', '1'), ('0', '1'), ('0', '1'), ('0', '1'), ('0', '1'), ('0', '1'), ('0', '1'), ('0', '1'), ('0', '1'), ('0', '1'), ('0', '1'), ('0', '1'), ('0', '1'), ('0', '1'), ('0', '1'))
derivative-only	('g', 'F0', -12, 0)	p65	(('-267775*C^4*U + 448900*C^3*V^2 + 3775500*C^3*U^3 + 721950*C^2*V^2*U^2 - 8369190*C^2*U^5 + 1690600*C*V^4*U - 9934050*C*V^2*U^4 + 2376660*C*U^7 + 153035*V^6 + 576850*V^4*U^3 + 4772760*V^2*U^6 - 40275*U^9', 'U'), ('0', '1'), ('0', '1'), ('0', '1'), ('0', '1'), ('0', '1'), ('0', '1'), ('0', '1'), ('0', '1'), ('0', '1'), ('0', '1'), ('0', '1'), ('0', '1'), ('0', '1'), ('0', '1'), ('0', '1'), ('0', '1'), ('0', '1'))
derivative-only	('g', 'F0', -12, 0)	p66	(('317680*C^3*V*U + 267700*C^2*V^3 + 4723200*C^2*V*U^3 + 286700*C*V^3*U^2 - 14284980*C*V*U^5 + 699160*V^5*U - 2111650*V^3*U^4 + 2321880*V*U^7', 'U'), ('0', '1'), ('0', '1'), ('0', '1'), ('0', '1'), ('0', '1'), ('0', '1'), ('0', '1'), ('0', '1'), ('0', '1'), ('0', '1'), ('0', '1'), ('0', '1'), ('0', '1'), ('0', '1'), ('0', '1'), ('0', '1'), ('0', '1'))
derivative-only	('g', 'F0', -12, 0)	p67	(('-76055/2*C^4 + 1291540*C^3*U^2 + 1130820*C^2*V^2*U - 4675200*C^2*U^4 + 743775*C*V^4 - 2988900*C*V^2*U^3 + 874530*C*U^6 + 1369950*V^4*U^2 + 3905130*V^2*U^5 + 528915/2*U^8', 'U'), ('0', '1'), ('0', '1'), ('0', '1'), ('0', '1'), ('0', '1'), ('0', '1'), ('0', '1'), ('0', '1'), ('0', '1'), ('0', '1'), ('0', '1'), ('0', '1'), ('0', '1'), ('0', '1'), ('0', '1'), ('0', '1'), ('0', '1'))
derivative-only	('g', 'F0', -12, 0)	p68	(('183610*C^3*V + 1408080*C^2*V*U^2 + 1307620*C*V^3*U - 9808650*C*V*U^4 + 277995*V^5 - 206600*V^3*U^3 + 1206480*V*U^6', 'U'), ('0', '1'), ('0', '1'), ('0', '1'), ('0', '1'), ('0', '1'), ('0', '1'), ('0', '1'), ('0', '1'), ('0', '1'), ('0', '1'), ('0', '1'), ('0', '1'), ('0', '1'), ('0', '1'), ('0', '1'), ('0', '1'), ('0', '1'))
derivative-only	('g', 'F0', -12, 0)	p69	(('106120*C^3*U - 59955*C^2*V^2 - 683980*C^2*U^3 + 467100*C*V^2*U^2 + 456580*C*U^5 - 90525*V^4*U - 339475*V^2*U^4 - 330320*U^7', 'U'), ('0', '1'), ('0', '1'), ('0', '1'), ('0', '1'), ('0', '1'), ('0', '1'), ('0', '1'), ('0', '1'), ('0', '1'), ('0', '1'), ('0', '1'), ('0', '1'), ('0', '1'), ('0', '1'), ('0', '1'), ('0', '1'), ('0', '1'))
derivative-only	('g', 'F0', -12, 0)	p70	(('205800*C^2*V*U + 70210*C*V^3 + 339540*C*V*U^3 - 270540*V^3*U^2 - 281520*V*U^5', 'U'), ('0', '1'), ('0', '1'), ('0', '1'), ('0', '1'), ('0', '1'), ('0', '1'), ('0', '1'), ('0', '1'), ('0', '1'), ('0', '1'), ('0', '1'), ('0', '1'), ('0', '1'), ('0', '1'), ('0', '1'), ('0', '1'), ('0', '1'))
derivative-only	('g', 'F0', -12, 0)	p71	(('44320*C^3 - 101145*C^2*U^2 + 407190*C*V^2*U - 844485*C*U^4 + 75425/2*V^4 + 423840*V^2*U^3 + 81090*U^6', 'U'), ('0', '1'), ('0', '1'), ('0', '1'), ('0', '1'), ('0', '1'), ('0', '1'), ('0', '1'), ('0', '1'), ('0', '1'), ('0', '1'), ('0', '1'), ('0', '1'), ('0', '1'), ('0', '1'), ('0', '1'), ('0', '1'), ('0', '1'))
derivative-only	('g', 'F0', -12, 0)	p72	(('754995*C^4*V + 12465690*C^3*V*U^2 + 11270600*C^2*V^3*U - 67068900*C^2*V*U^4 + 3771765*C*V^5 - 5209400*C*V^3*U^3 + 17126520*C*V*U^6 + 5311280*V^5*U^2 + 19898050*V^3*U^5 + 3362220*V*U^8', 'U'), ('0', '1'), ('0', '1'), ('0', '1'), ('0', '1'), ('0', '1'), ('0', '1'), ('0', '1'), ('0', '1'), ('0', '1'), ('0', '1'), ('0', '1'), ('0', '1'), ('0', '1'), ('0', '1'), ('0', '1'), ('0', '1'), ('0', '1'))
derivative-only	('g', 'F0', -12, 0)	p73	(('291100*C^4*U + 2555505*C^3*V^2 + 3206040*C^3*U^3 + 2865450*C^2*V^2*U^2 - 32927660*C^2*U^5 + 9977575*C*V^4*U - 66158425*C*V^2*U^4 + 526600*C*U^7 + 2065575/2*V^6 + 2265850*V^4*U^3 + 10558275*V^2*U^6 + 596440*U^9', 'U'), ('0', '1'), ('0', '1'), ('0', '1'), ('0', '1'), ('0', '1'), ('0', '1'), ('0', '1'), ('0', '1'), ('0', '1'), ('0', '1'), ('0', '1'), ('0', '1'), ('0', '1'), ('0', '1'), ('0', '1'), ('0', '1'), ('0', '1'))
derivative-only	('g', 'F0', -12, 0)	p74	(('4270360*C^3*V*U + 1268225*C^2*V^3 - 1972480*C^2*V*U^3 - 6837470*C*V^3*U^2 - 70971770*C*V*U^5 + 3441635*V^5*U - 20504025*V^3*U^4 + 1406710*V*U^7', 'U'), ('0', '1'), ('0', '1'), ('0', '1'), ('0', '1'), ('0', '1'), ('0', '1'), ('0', '1'), ('0', '1'), ('0', '1'), ('0', '1'), ('0', '1'), ('0', '1'), ('0', '1'), ('0', '1'), ('0', '1'), ('0', '1'), ('0', '1'))
derivative-only	('g', 'F0', -12, 0)	p75	(('-126450*C^4 + 7684095*C^3*U^2 + 5889450*C^2*V^2*U - 44372380*C^2*U^4 + 2616390*C*V^4 - 30506520*C*V^2*U^3 + 8019295*C*U^6 + 982020*V^4*U^2 + 7346720*V^2*U^5 - 1230920*U^8', 'U'), ('0', '1'), ('0', '1'), ('0', '1'), ('0', '1'), ('0', '1'), ('0', '1'), ('0', '1'), ('0', '1'), ('0', '1'), ('0', '1'), ('0', '1'), ('0', '1'), ('0', '1'), ('0', '1'), ('0', '1'), ('0', '1'), ('0', '1'))
derivative-only	('g', 'F0', -12, 0)	p76	(('962550*C^3*V + 4182045*C^2*V*U^2 + 4812570*C*V^3*U - 58531805*C*V*U^4 + 803250*V^5 - 8328500*V^3*U^3 + 5024620*V*U^6', 'U'), ('0', '1'), ('0', '1'), ('0', '1'), ('0', '1'), ('0', '1'), ('0', '1'), ('0', '1'), ('0', '1'), ('0', '1'), ('0', '1'), ('0', '1'), ('0', '1'), ('0', '1'), ('0', '1'), ('0', '1'), ('0', '1'), ('0', '1'))
derivative-only	('g', 'F0', -12, 0)	p77	(('199080*C^3*U + 283170*C^2*V^2 + 515620*C^2*U^3 - 2138355*C*V^2*U^2 - 12781730*C*U^5 + 530040*V^4*U - 5736065/2*V^2*U^4 + 778990*U^7', 'U'), ('0', '1'), ('0', '1'), ('0', '1'), ('0', '1'), ('0', '1'), ('0', '1'), ('0', '1'), ('0', '1'), ('0', '1'), ('0', '1'), ('0', '1'), ('0', '1'), ('0', '1'), ('0', '1'), ('0', '1'), ('0', '1'), ('0', '1'))
derivative-only	('g', 'F0', -12, 0)	p78	(('832260*C^2*V*U + 118640*C*V^3 - 2554010*C*V*U^3 + 199175*V^3*U^2 + 577590*V*U^5', 'U'), ('0', '1'), ('0', '1'), ('0', '1'), ('0', '1'), ('0', '1'), ('0', '1'), ('0', '1'), ('0', '1'), ('0', '1'), ('0', '1'), ('0', '1'), ('0', '1'), ('0', '1'), ('0', '1'), ('0', '1'), ('0', '1'), ('0', '1'))
derivative-only	('g', 'F0', -12, 0)	p79	(('17885235*C^4*V*U - 7056780*C^3*V^3 - 304556660*C^3*V*U^3 - 51620690*C^2*V^3*U^2 + 396622790*C^2*V*U^5 - 21236790*C*V^5*U + 14087650*C*V^3*U^4 - 254102440*C*V*U^7 - 544275*V^7 - 1564040*V^5*U^3 - 123781850*V^3*U^6 + 12910040*V*U^9', 'U'), ('0', '1'), ('0', '1'), ('0', '1'), ('0', '1'), ('0', '1'), ('0', '1'), ('0', '1'), ('0', '1'), ('0', '1'), ('0', '1'), ('0', '1'), ('0', '1'), ('0', '1'), ('0', '1'), ('0', '1'), ('0', '1'), ('0', '1'))
derivative-only	('g', 'F0', -12, 0)	p80	(('-503355*C^5 + 43233405*C^4*U^2 - 2003550*C^3*V^2*U - 307998185*C^3*U^4 - 4454660*C^2*V^4 - 262499920*C^2*V^2*U^3 + 197918495*C^2*U^6 - 79375895*C*V^4*U^2 + 235420430*C*V^2*U^5 - 58602970*C*U^8 - 7852430*V^6*U - 38893275/2*V^4*U^4 - 117977540*V^2*U^7 + 1818080*U^10', 'U'), ('0', '1'), ('0', '1'), ('0', '1'), ('0', '1'), ('0', '1'), ('0', '1'), ('0', '1'), ('0', '1'), ('0', '1'), ('0', '1'), ('0', '1'), ('0', '1'), ('0', '1'), ('0', '1'), ('0', '1'), ('0', '1'), ('0', '1'))
derivative-only	('g', 'F0', -12, 0)	p81	(('5349690*C^4*V + 67968060*C^3*V*U^2 + 57451560*C^2*V^3*U - 627942045*C^2*V*U^4 + 13909410*C*V^5 - 176357420*C*V^3*U^3 + 100358440*C*V*U^6 + 4705680*V^5*U^2 + 35986440*V^3*U^5 - 15287620*V*U^8', 'U'), ('0', '1'), ('0', '1'), ('0', '1'), ('0', '1'), ('0', '1'), ('0', '1'), ('0', '1'), ('0', '1'), ('0', '1'), ('0', '1'), ('0', '1'), ('0', '1'), ('0', '1'), ('0', '1'), ('0', '1'), ('0', '1'), ('0', '1'))
derivative-only	('g', 'F0', -12, 0)	p82	(('-2103390*C^4*U + 13165650*C^3*V^2 + 56523770*C^3*U^3 - 12399195*C^2*V^2*U^2 - 317800250*C^2*U^5 + 43677310*C*V^4*U - 459155490*C*V^2*U^4 + 31801470*C*U^7 + 3243255*V^6 - 42772620*V^4*U^3 + 31192945*V^2*U^6 - 3703900*U^9', 'U'), ('0', '1'), ('0', '1'), ('0', '1'), ('0', '1'), ('0', '1'), ('0', '1'), ('0', '1'), ('0', '1'), ('0', '1'), ('0', '1'), ('0', '1'), ('0', '1'), ('0', '1'), ('0', '1'), ('0', '1'), ('0', '1'), ('0', '1'))
derivative-only	('g', 'F0', -12, 0)	p83	(('13519320*C^3*V*U + 4076450*C^2*V^3 + 12107560*C^2*V*U^3 - 34455230*C*V^3*U^2 - 429374270*C*V*U^5 + 14955140*V^5*U - 113486780*V^3*U^4 + 22043920*V*U^7', 'U'), ('0', '1'), ('0', '1'), ('0', '1'), ('0', '1'), ('0', '1'), ('0', '1'), ('0', '1'), ('0', '1'), ('0', '1'), ('0', '1'), ('0', '1'), ('0', '1'), ('0', '1'), ('0', '1'), ('0', '1'), ('0', '1'), ('0', '1'))
derivative-only	('g', 'F0', -12, 0)	p84	(('-1683990*C^4 + 21961590*C^3*U^2 + 7395570*C^2*V^2*U - 145508475/2*C^2*U^4 + 4957050*C*V^4 - 131478340*C*V^2*U^3 - 46997020*C*U^6 + 13409620*V^4*U^2 + 19702095*V^2*U^5 + 8174755/2*U^8', 'U'), ('0', '1'), ('0', '1'), ('0', '1'), ('0', '1'), ('0', '1'), ('0', '1'), ('0', '1'), ('0', '1'), ('0', '1'), ('0', '1'), ('0', '1'), ('0', '1'), ('0', '1'), ('0', '1'), ('0', '1'), ('0', '1'), ('0', '1'))
derivative-only	('g', 'F0', -12, 0)	p85	(('690060*C^3*V + 17876460*C^2*V*U^2 - 1470420*C*V^3*U - 142390535*C*V*U^4 + 820120*V^5 - 26927040*V^3*U^3 + 18282460*V*U^6', 'U'), ('0', '1'), ('0', '1'), ('0', '1'), ('0', '1'), ('0', '1'), ('0', '1'), ('0', '1'), ('0', '1'), ('0', '1'), ('0', '1'), ('0', '1'), ('0', '1'), ('0', '1'), ('0', '1'), ('0', '1'), ('0', '1'), ('0', '1'))
derivative-only	('g', 'F0', -12, 0)	p86	(('-991410*C^3*U + 450870*C^2*V^2 + 5408620*C^2*U^3 - 15342600*C*V^2*U^2 - 4716005*C*U^5 - 207550*V^4*U - 36946525/2*V^2*U^4 - 552155*U^7', 'U'), ('0', '1'), ('0', '1'), ('0', '1'), ('0', '1'), ('0', '1'), ('0', '1'), ('0', '1'), ('0', '1'), ('0', '1'), ('0', '1'), ('0', '1'), ('0', '1'), ('0', '1'), ('0', '1'), ('0', '1'), ('0', '1'), ('0', '1'))
derivative-only	('g', 'F0', -12, 0)	p87	(('13397105*C^5*V + 349593125*C^4*V*U^2 - 17010050*C^3*V^3*U - 4048394275*C^3*V*U^4 - 43722625/2*C^2*V^5 - 1613134300*C^2*V^3*U^3 + 2656256550*C^2*V*U^6 - 447929825*C*V^5*U^2 + 862354650*C*V^3*U^5 - 868314975*C*V*U^8 - 24218750*V^7*U - 66693150*V^5*U^4 - 575873650*V^3*U^7 + 54691945/2*V*U^10', 'U'), ('0', '1'), ('0', '1'), ('0', '1'), ('0', '1'), ('0', '1'), ('0', '1'), ('0', '1'), ('0', '1'), ('0', '1'), ('0', '1'), ('0', '1'), ('0', '1'), ('0', '1'), ('0', '1'), ('0', '1'), ('0', '1'), ('0', '1'))
derivative-only	('g', 'F0', -12, 0)	p88	(('-75523945*C^5*U + 90345675/2*C^4*V^2 + 932524950*C^4*U^3 + 60922350*C^3*V^2*U^2 - 2300991000*C^3*U^5 + 65250450*C^2*V^4*U - 7245899125/2*C^2*V^2*U^4 + 938445800*C^2*U^7 - 9901565*C*V^6 - 886216000*C*V^4*U^3 + 1986529800*C*V^2*U^6 - 163171525*C*U^9 - 133646830*V^6*U^2 + 56563450*V^4*U^5 - 412133700*V^2*U^8 + 3375360*U^11', 'U'), ('0', '1'), ('0', '1'), ('0', '1'), ('0', '1'), ('0', '1'), ('0', '1'), ('0', '1'), ('0', '1'), ('0', '1'), ('0', '1'), ('0', '1'), ('0', '1'), ('0', '1'), ('0', '1'), ('0', '1'), ('0', '1'), ('0', '1'))
derivative-only	('g', 'F0', -12, 0)	p89	(('50068875*C^4*V*U - 31956600*C^3*V^3 - 1179320550*C^3*V*U^3 - 367421700*C^2*V^3*U^2 - 271109250*C^2*V*U^5 - 105224400*C*V^5*U - 1131763500*C*V^3*U^4 - 967366500*C*V*U^7 - 7927295*V^7 - 270497460*V^5*U^3 - 779940225*V^3*U^6 - 27861350*V*U^9', 'U'), ('0', '1'), ('0', '1'), ('0', '1'), ('0', '1'), ('0', '1'), ('0', '1'), ('0', '1'), ('0', '1'), ('0', '1'), ('0', '1'), ('0', '1'), ('0', '1'), ('0', '1'), ('0', '1'), ('0', '1'), ('0', '1'), ('0', '1'))
derivative-only	('g', 'F0', -12, 0)	p90	(('-27277155/2*C^5 + 428825475/2*C^4*U^2 - 140635800*C^3*V^2*U - 1801866375/2*C^3*U^4 - 43104375*C^2*V^4 - 1381411350*C^2*V^2*U^3 + 146993525*C^2*U^6 - 307280100*C*V^4*U^2 + 362283525*C*V^2*U^5 - 150401075*C*U^8 - 39811600*V^6*U - 346754850*V^4*U^4 - 535711600*V^2*U^7 - 13611785/2*U^10', 'U'), ('0', '1'), ('0', '1'), ('0', '1'), ('0', '1'), ('0', '1'), ('0', '1'), ('0', '1'), ('0', '1'), ('0', '1'), ('0', '1'), ('0', '1'), ('0', '1'), ('0', '1'), ('0', '1'), ('0', '1'), ('0', '1'), ('0', '1'))
derivative-only	('g', 'F0', -12, 0)	p91	(('-16884225/2*C^4*V + 282079650*C^3*V*U^2 + 3276600*C^2*V^3*U - 2979535425/2*C^2*V*U^4 + 18181230*C*V^5 - 883003500*C*V^3*U^3 - 595903875*C*V*U^6 + 93533475*V^5*U^2 - 6764625*V^3*U^5 + 44709300*V*U^8', 'U'), ('0', '1'), ('0', '1'), ('0', '1'), ('0', '1'), ('0', '1'), ('0', '1'), ('0', '1'), ('0', '1'), ('0', '1'), ('0', '1'), ('0', '1'), ('0', '1'), ('0', '1'), ('0', '1'), ('0', '1'), ('0', '1'), ('0', '1'))
derivative-only	('g', 'F0', -12, 0)	p92	(('-30567000*C^4*U + 18870825*C^3*V^2 + 232518750*C^3*U^3 - 118426725*C^2*V^2*U^2 - 436058775*C^2*U^5 - 4284450*C*V^4*U - 1564811475*C*V^2*U^4 - 192028875*C*U^7 + 52130*V^6 - 119050500*V^4*U^3 + 132625500*V^2*U^6 + 16813450*U^9', 'U'), ('0', '1'), ('0', '1'), ('0', '1'), ('0', '1'), ('0', '1'), ('0', '1'), ('0', '1'), ('0', '1'), ('0', '1'), ('0', '1'), ('0', '1'), ('0', '1'), ('0', '1'), ('0', '1'), ('0', '1'), ('0', '1'), ('0', '1'))
derivative-only	('g', 'F0', -12, 0)	p93	(('-20420250*C^3*V*U + 1206975*C^2*V^3 + 260589150*C^2*V*U^3 - 270192900*C*V^3*U^2 - 927852915*C*V*U^5 + 17327580*V^5*U - 466081925*V^3*U^4 + 63907395*V*U^7', 'U'), ('0', '1'), ('0', '1'), ('0', '1'), ('0', '1'), ('0', '1'), ('0', '1'), ('0', '1'), ('0', '1'), ('0', '1'), ('0', '1'), ('0', '1'), ('0', '1'), ('0', '1'), ('0', '1'), ('0', '1'), ('0', '1'), ('0', '1'))
derivative-only	('g', 'F0', -12, 0)	p94	(('-3579100*C^4 + 37347450*C^3*U^2 - 7789950*C^2*V^2*U - 127122975*C^2*U^4 + 15253875/2*C*V^4 - 290906700*C*V^2*U^3 + 118229125/2*C*U^6 + 27726825/2*V^4*U^2 - 68243070*V^2*U^5 - 14266245/2*U^8', 'U'), ('0', '1'), ('0', '1'), ('0', '1'), ('0', '1'), ('0', '1'), ('0', '1'), ('0', '1'), ('0', '1'), ('0', '1'), ('0', '1'), ('0', '1'), ('0', '1'), ('0', '1'), ('0', '1'), ('0', '1'), ('0', '1'), ('0', '1'))
derivative-only	('g', 'F0', -12, 0)	p95	(('1177925*C^3*V + 17525025*C^2*V*U^2 - 6323100*C*V^3*U - 241367175*C*V*U^4 + 3765195/2*V^5 - 62311550*V^3*U^3 + 47000275/2*V*U^6', 'U'), ('0', '1'), ('0', '1'), ('0', '1'), ('0', '1'), ('0', '1'), ('0', '1'), ('0', '1'), ('0', '1'), ('0', '1'), ('0', '1'), ('0', '1'), ('0', '1'), ('0', '1'), ('0', '1'), ('0', '1'), ('0', '1'), ('0', '1'))
derivative-only	('g', 'F0', -12, 0)	p96	(('-134686300*C^5*V + 2284371200*C^4*V*U^2 - 1797188900*C^3*V^3*U - 14179447450*C^3*V*U^4 - 319527485*C^2*V^5 - 9676804200*C^2*V^3*U^3 + 2954873300*C^2*V*U^6 - 1539743240*C*V^5*U^2 - 925629900*C*V^3*U^5 - 2909727875*C*V*U^8 - 130523040*V^7*U - 1909228575*V^5*U^4 - 3196357400*V^3*U^7 - 97219925*V*U^10', 'U'), ('0', '1'), ('0', '1'), ('0', '1'), ('0', '1'), ('0', '1'), ('0', '1'), ('0', '1'), ('0', '1'), ('0', '1'), ('0', '1'), ('0', '1'), ('0', '1'), ('0', '1'), ('0', '1'), ('0', '1'), ('0', '1'), ('0', '1'))
derivative-only	('g', 'F0', -12, 0)	p97	(('-666847450*C^5*U - 17239800*C^4*V^2 + 6111337500*C^4*U^3 + 246387000*C^3*V^2*U^2 - 6676239600*C^3*U^5 - 1478626725*C^2*V^4*U - 15729251975*C^2*V^2*U^4 + 1574891800*C^2*U^7 - 202066430*C*V^6 - 4072522550*C*V^4*U^3 + 7642085550*C*V^2*U^6 - 338623975*C*U^9 - 327704835*V^6*U^2 + 33997525*V^4*U^5 - 3255437525/2*V^2*U^8 - 17581325*U^11', 'U'), ('0', '1'), ('0', '1'), ('0', '1'), ('0', '1'), ('0', '1'), ('0', '1'), ('0', '1'), ('0', '1'), ('0', '1'), ('0', '1'), ('0', '1'), ('0', '1'), ('0', '1'), ('0', '1'), ('0', '1'), ('0', '1'), ('0', '1'))
derivative-only	('g', 'F0', -12, 0)	p98	(('-499093425*C^4*V*U - 322617300*C^3*V^3 - 2231854200*C^3*V*U^3 - 3498732750*C^2*V^3*U^2 + 7316531010*C^2*V*U^5 - 1447646250*C*V^5*U - 6141795950*C*V^3*U^4 - 7620738380*C*V*U^7 - 83467965*V^7 - 658469520*V^5*U^3 - 2990703750*V^3*U^6 + 309169600*V*U^9', 'U'), ('0', '1'), ('0', '1'), ('0', '1'), ('0', '1'), ('0', '1'), ('0', '1'), ('0', '1'), ('0', '1'), ('0', '1'), ('0', '1'), ('0', '1'), ('0', '1'), ('0', '1'), ('0', '1'), ('0', '1'), ('0', '1'), ('0', '1'))
derivative-only	('g', 'F0', -12, 0)	p99	(('-37530525*C^5 + 582443550*C^4*U^2 - 1221062400*C^3*V^2*U - 2935748700*C^3*U^4 - 239285625*C^2*V^4 - 3039234300*C^2*V^2*U^3 + 4853609175*C^2*U^6 - 2801366475*C*V^4*U^2 + 3271726350*C*V^2*U^5 - 1700855450*C*U^8 - 365265720*V^6*U - 3697058725/2*V^4*U^4 - 1892180800*V^2*U^7 + 68180920*U^10', 'U'), ('0', '1'), ('0', '1'), ('0', '1'), ('0', '1'), ('0', '1'), ('0', '1'), ('0', '1'), ('0', '1'), ('0', '1'), ('0', '1'), ('0', '1'), ('0', '1'), ('0', '1'), ('0', '1'), ('0', '1'), ('0', '1'), ('0', '1'))
derivative-only	('g', 'F0', -12, 0)	p100	(('-20785650*C^4*V + 137565000*C^3*V*U^2 - 222469200*C^2*V^3*U - 1819355100*C^2*V*U^4 + 19971900*C*V^5 - 2857658000*C*V^3*U^3 + 485242520*C*V*U^6 + 24265500*V^5*U^2 - 1547892080*V^3*U^5 + 185250*V*U^8', 'U'), ('0', '1'), ('0', '1'), ('0', '1'), ('0', '1'), ('0', '1'), ('0', '1'), ('0', '1'), ('0', '1'), ('0', '1'), ('0', '1'), ('0', '1'), ('0', '1'), ('0', '1'), ('0', '1'), ('0', '1'), ('0', '1'), ('0', '1'))
derivative-only	('g', 'F0', -12, 0)	p101	(('-41448990*C^4*U + 25996440*C^3*V^2 + 336264000*C^3*U^3 - 117054900*C^2*V^2*U^2 - 745197780*C^2*U^5 - 45556800*C*V^4*U - 2379206700*C*V^2*U^4 + 440696400*C*U^7 + 1296450*V^6 - 400484100*V^4*U^3 - 450018240*V^2*U^6 - 46453950*U^9', 'U'), ('0', '1'), ('0', '1'), ('0', '1'), ('0', '1'), ('0', '1'), ('0', '1'), ('0', '1'), ('0', '1'), ('0', '1'), ('0', '1'), ('0', '1'), ('0', '1'), ('0', '1'), ('0', '1'), ('0', '1'), ('0', '1'), ('0', '1'))
derivative-only	('g', 'F0', -12, 0)	p102	(('-18551280*C^3*V*U - 16108100*C^2*V^3 + 332119200*C^2*V*U^3 - 148487400*C*V^3*U^2 - 1539564120*C*V*U^5 + 48118200*V^5*U - 527154300*V^3*U^4 + 41936880*V*U^7', 'U'), ('0', '1'), ('0', '1'), ('0', '1'), ('0', '1'), ('0', '1'), ('0', '1'), ('0', '1'), ('0', '1'), ('0', '1'), ('0', '1'), ('0', '1'), ('0', '1'), ('0', '1'), ('0', '1'), ('0', '1'), ('0', '1'), ('0', '1'))
derivative-only	('g', 'F0', -12, 0)	p103	(('-6958325*C^4 + 106267120*C^3*U^2 - 24157740*C^2*V^2*U - 436299450*C^2*U^4 + 15783500*C*V^4 - 114771600*C*V^2*U^3 + 276093580*C*U^6 + 37693950*V^4*U^2 + 436953300*V^2*U^5 + 2178715*U^8', 'U'), ('0', '1'), ('0', '1'), ('0', '1'), ('0', '1'), ('0', '1'), ('0', '1'), ('0', '1'), ('0', '1'), ('0', '1'), ('0', '1'), ('0', '1'), ('0', '1'), ('0', '1'), ('0', '1'), ('0', '1'), ('0', '1'), ('0', '1'))
derivative-only	('g', 'F0', -12, 0)	p104	(('-316849375*C^5*V + 1802285300*C^4*V*U^2 - 11672582900*C^3*V^3*U - 34945208950*C^3*V*U^4 - 1609081490*C^2*V^5 - 33447788000*C^2*V^3*U^3 + 76423286290*C^2*V*U^6 - 18760646030*C*V^5*U^2 - 9536915380*C*V^3*U^5 - 28302582005*C*V*U^8 - 1652709280*V^7*U - 9886005250*V^5*U^4 - 12573028920*V^3*U^7 + 1061974515*V*U^10', 'U'), ('0', '1'), ('0', '1'), ('0', '1'), ('0', '1'), ('0', '1'), ('0', '1'), ('0', '1'), ('0', '1'), ('0', '1'), ('0', '1'), ('0', '1'), ('0', '1'), ('0', '1'), ('0', '1'), ('0', '1'), ('0', '1'), ('0', '1'))
derivative-only	('g', 'F0', -12, 0)	p105	(('-2245002265*C^5*U + 141376155/2*C^4*V^2 + 22385782950*C^4*U^3 - 1594145700*C^3*V^2*U^2 - 25687791870*C^3*U^5 - 5673165900*C^2*V^4*U - 27998819675*C^2*V^2*U^4 + 29185707860*C^2*U^7 - 657917055*C*V^6 - 19600206850*C*V^4*U^3 + 49784352430*C*V^2*U^6 - 5512474605*C*U^9 - 3475370020*V^6*U^2 - 7973294040*V^4*U^5 - 7283085405*V^2*U^8 + 192872990*U^11', 'U'), ('0', '1'), ('0', '1'), ('0', '1'), ('0', '1'), ('0', '1'), ('0', '1'), ('0', '1'), ('0', '1'), ('0', '1'), ('0', '1'), ('0', '1'), ('0', '1'), ('0', '1'), ('0', '1'), ('0', '1'), ('0', '1'), ('0', '1'))
derivative-only	('g', 'F0', -12, 0)	p106	(('-741408195*C^4*V*U - 1267490960*C^3*V^3 - 14881072200*C^3*V*U^3 - 3985420350*C^2*V^3*U^2 + 40661588130*C^2*V*U^5 - 4476293550*C*V^5*U - 766929750*C*V^3*U^4 - 10159942820*C*V*U^7 - 235439325*V^7 - 3314509900*V^5*U^3 - 19516727850*V^3*U^6 - 126384350*V*U^9', 'U'), ('0', '1'), ('0', '1'), ('0', '1'), ('0', '1'), ('0', '1'), ('0', '1'), ('0', '1'), ('0', '1'), ('0', '1'), ('0', '1'), ('0', '1'), ('0', '1'), ('0', '1'), ('0', '1'), ('0', '1'), ('0', '1'), ('0', '1'))
derivative-only	('g', 'F0', -12, 0)	p107	(('-95016735*C^5 + 2425110090*C^4*U^2 - 3305383500*C^3*V^2*U - 12972639750*C^3*U^4 - 783077025*C^2*V^4 - 4249454700*C^2*V^2*U^3 + 18230338935*C^2*U^6 - 3447230775*C*V^4*U^2 + 33618310830*C*V^2*U^5 - 705076670*C*U^8 - 1019978700*V^6*U + 158470175/2*V^4*U^4 - 10101510960*V^2*U^7 - 189254180*U^10', 'U'), ('0', '1'), ('0', '1'), ('0', '1'), ('0', '1'), ('0', '1'), ('0', '1'), ('0', '1'), ('0', '1'), ('0', '1'), ('0', '1'), ('0', '1'), ('0', '1'), ('0', '1'), ('0', '1'), ('0', '1'), ('0', '1'), ('0', '1'))
derivative-only	('g', 'F0', -12, 0)	p108	(('-77636130*C^4*V + 239588840*C^3*V*U^2 - 406614000*C^2*V^3*U + 127414350*C^2*V*U^4 - 13404320*C*V^5 + 3725264400*C*V^3*U^3 + 5892011160*C*V*U^6 + 230656650*V^5*U^2 + 6231612660*V^3*U^5 - 404166670*V*U^8', 'U'), ('0', '1'), ('0', '1'), ('0', '1'), ('0', '1'), ('0', '1'), ('0', '1'), ('0', '1'), ('0', '1'), ('0', '1'), ('0', '1'), ('0', '1'), ('0', '1'), ('0', '1'), ('0', '1'), ('0', '1'), ('0', '1'), ('0', '1'))
derivative-only	('g', 'F0', -12, 0)	p109	(('-95863680*C^4*U + 19027910*C^3*V^2 + 1059835360*C^3*U^3 - 979893360*C^2*V^2*U^2 - 3295374120*C^2*U^5 + 126962220*C*V^4*U + 6983172000*C*V^2*U^4 + 2321547600*C*U^7 - 61418530*V^6 + 1327779300*V^4*U^3 + 3179977850*V^2*U^6 + 40918040*U^9', 'U'), ('0', '1'), ('0', '1'), ('0', '1'), ('0', '1'), ('0', '1'), ('0', '1'), ('0', '1'), ('0', '1'), ('0', '1'), ('0', '1'), ('0', '1'), ('0', '1'), ('0', '1'), ('0', '1'), ('0', '1'), ('0', '1'), ('0', '1'))
derivative-only	('g', 'F0', -12, 0)	p110	(('-81697660*C^3*V*U - 39927250*C^2*V^3 + 209076520*C^2*V*U^3 - 154671480*C*V^3*U^2 + 4839360060*C*V*U^5 + 35900080*V^5*U + 865024800*V^3*U^4 - 712182860*V*U^7', 'U'), ('0', '1'), ('0', '1'), ('0', '1'), ('0', '1'), ('0', '1'), ('0', '1'), ('0', '1'), ('0', '1'), ('0', '1'), ('0', '1'), ('0', '1'), ('0', '1'), ('0', '1'), ('0', '1'), ('0', '1'), ('0', '1'), ('0', '1'))
derivative-only	('g', 'F0', -12, 0)	p111	(('-938638360*C^5*V + 14374507790*C^4*V*U^2 - 32520696380*C^3*V^3*U - 136537813150*C^3*V*U^4 - 5549962145*C^2*V^5 + 42949904200*C^2*V^3*U^3 + 370858140600*C^2*V*U^6 - 29639638280*C*V^5*U^2 + 257124896500*C*V^3*U^5 - 30919440465*C*V*U^8 - 4681594280*V^7*U - 3911112505*V^5*U^4 - 98238357960*V^3*U^7 - 2083357555*V*U^10', 'U'), ('0', '1'), ('0', '1'), ('0', '1'), ('0', '1'), ('0', '1'), ('0', '1'), ('0', '1'), ('0', '1'), ('0', '1'), ('0', '1'), ('0', '1'), ('0', '1'), ('0', '1'), ('0', '1'), ('0', '1'), ('0', '1'), ('0', '1'))
derivative-only	('g', 'F0', -12, 0)	p112	(('-7422853570*C^5*U + 327751710*C^4*V^2 + 81879427230*C^4*U^3 - 8580661200*C^3*V^2*U^2 - 124469517300*C^3*U^5 - 10521864285*C^2*V^4*U + 75625154275*C^2*V^2*U^4 + 120396178880*C^2*U^7 - 2602550040*C*V^6 + 65055494150*C*V^4*U^3 + 337830699510*C*V^2*U^6 - 167711205*C*U^9 - 9228314125*V^6*U^2 + 75395662495*V^4*U^5 - 84712915485/2*V^2*U^8 - 788950665*U^11', 'U'), ('0', '1'), ('0', '1'), ('0', '1'), ('0', '1'), ('0', '1'), ('0', '1'), ('0', '1'), ('0', '1'), ('0', '1'), ('0', '1'), ('0', '1'), ('0', '1'), ('0', '1'), ('0', '1'), ('0', '1'), ('0', '1'), ('0', '1'))
derivative-only	('g', 'F0', -12, 0)	p113	(('-2456855115*C^4*V*U - 3565328580*C^3*V^3 - 44409883560*C^3*V*U^3 - 14145932430*C^2*V^3*U^2 + 221400495990*C^2*V*U^5 - 10590343110*C*V^5*U + 183865529250*C*V^3*U^4 - 4389952860*C*V*U^7 - 1184309295*V^7 + 12575694600*V^5*U^3 + 33023799030*V^3*U^6 - 756281680*V*U^9', 'U'), ('0', '1'), ('0', '1'), ('0', '1'), ('0', '1'), ('0', '1'), ('0', '1'), ('0', '1'), ('0', '1'), ('0', '1'), ('0', '1'), ('0', '1'), ('0', '1'), ('0', '1'), ('0', '1'), ('0', '1'), ('0', '1'), ('0', '1'))
derivative-only	('g', 'F0', -12, 0)	p114	(('4667295*C^5 + 2675318100*C^4*U^2 - 8054025540*C^3*V^2*U - 16859381040*C^3*U^4 - 2427230025*C^2*V^4 - 20439892800*C^2*V^2*U^3 + 26970165585*C^2*U^6 - 6883990965*C*V^4*U^2 + 244440276930*C*V^2*U^5 + 5704330680*C*U^8 - 3861691620*V^6*U + 76057608375/2*V^4*U^4 - 10068808680*V^2*U^7 + 423187490*U^10', 'U'), ('0', '1'), ('0', '1'), ('0', '1'), ('0', '1'), ('0', '1'), ('0', '1'), ('0', '1'), ('0', '1'), ('0', '1'), ('0', '1'), ('0', '1'), ('0', '1'), ('0', '1'), ('0', '1'), ('0', '1'), ('0', '1'), ('0', '1'))
derivative-only	('g', 'F0', -12, 0)	p115	(('84027105*C^4*V - 3359759475*C^3*V*U^2 + 1809390*C^2*V^3*U + 16933483125/2*C^2*V*U^4 - 554776200*C*V^5 + 12773776800*C*V^3*U^3 + 77543304660*C*V*U^6 - 1388312280*V^5*U^2 + 16053975720*V^3*U^5 - 8285035680*V*U^8', 'U'), ('0', '1'), ('0', '1'), ('0', '1'), ('0', '1'), ('0', '1'), ('0', '1'), ('0', '1'), ('0', '1'), ('0', '1'), ('0', '1'), ('0', '1'), ('0', '1'), ('0', '1'), ('0', '1'), ('0', '1'), ('0', '1'), ('0', '1'))
derivative-only	('g', 'F0', -12, 0)	p116	(('26151105*C^4*U + 42273555*C^3*V^2 - 1369601745*C^3*U^3 - 1269206145*C^2*V^2*U^2 + 8123580270*C^2*U^5 - 279473040*C*V^4*U + 17219480040*C*V^2*U^4 - 4850236440*C*U^7 - 121029480*V^6 + 1263034140*V^4*U^3 - 8550643050*V^2*U^6 + 9141920*U^9', 'U'), ('0', '1'), ('0', '1'), ('0', '1'), ('0', '1'), ('0', '1'), ('0', '1'), ('0', '1'), ('0', '1'), ('0', '1'), ('0', '1'), ('0', '1'), ('0', '1'), ('0', '1'), ('0', '1'), ('0', '1'), ('0', '1'), ('0', '1'))
derivative-only	('g', 'F0', -12, 0)	p117	(('2646560615*C^5*V - 28298797465*C^4*V*U^2 - 74060328320*C^3*V^3*U - 222667563985*C^3*V*U^4 - 23340212060*C^2*V^5 + 55574441680*C^2*V^3*U^3 + 2041182503970*C^2*V*U^6 - 86324410370*C*V^5*U^2 + 2603779592440*C*V^3*U^5 - 28298037555*C*V*U^8 - 24201064340*V^7*U + 352412156825*V^5*U^4 + 168374623860*V^3*U^7 - 433050395*V*U^10', 'U'), ('0', '1'), ('0', '1'), ('0', '1'), ('0', '1'), ('0', '1'), ('0', '1'), ('0', '1'), ('0', '1'), ('0', '1'), ('0', '1'), ('0', '1'), ('0', '1'), ('0', '1'), ('0', '1'), ('0', '1'), ('0', '1'), ('0', '1'))
derivative-only	('g', 'F0', -12, 0)	p118	(('-16732275940*C^5*U + 9917908635/2*C^4*V^2 + 165598406970*C^4*U^3 - 36339677085*C^3*V^2*U^2 - 58720762275*C^3*U^5 - 24522099360*C^2*V^4*U + 320995427525/2*C^2*V^2*U^4 + 89808218360*C^2*U^7 - 10367775495*C*V^6 + 183495250010*C*V^4*U^3 + 2066022368820*C*V^2*U^6 + 34089236185*C*U^9 - 49427869240*V^6*U^2 + 395967218650*V^4*U^5 - 110551783365*V^2*U^8 + 2136080700*U^11', 'U'), ('0', '1'), ('0', '1'), ('0', '1'), ('0', '1'), ('0', '1'), ('0', '1'), ('0', '1'), ('0', '1'), ('0', '1'), ('0', '1'), ('0', '1'), ('0', '1'), ('0', '1'), ('0', '1'), ('0', '1'), ('0', '1'), ('0', '1'))
derivative-only	('g', 'F0', -12, 0)	p119	(('2172690855*C^4*V*U - 6451502880*C^3*V^3 - 182439836220*C^3*V*U^3 - 11857532460*C^2*V^3*U^2 + 553549536585*C^2*V*U^5 - 36088276620*C*V^5*U + 882653390355/2*C*V^3*U^4 + 304555267800*C*V*U^7 - 2607359535*V^7 - 3580656300*V^5*U^3 - 103212581460*V^3*U^6 - 49725226260*V*U^9', 'U'), ('0', '1'), ('0', '1'), ('0', '1'), ('0', '1'), ('0', '1'), ('0', '1'), ('0', '1'), ('0', '1'), ('0', '1'), ('0', '1'), ('0', '1'), ('0', '1'), ('0', '1'), ('0', '1'), ('0', '1'), ('0', '1'), ('0', '1'))
derivative-only	('g', 'F0', -12, 0)	p120	(('-74233575*C^5 + 10075114080*C^4*U^2 - 15192779745*C^3*V^2*U - 160356515235/2*C^3*U^4 - 3512797410*C^2*V^4 - 53527917465*C^2*V^2*U^3 + 418711270215/2*C^2*U^6 - 14927782110*C*V^4*U^2 + 391148562285*C*V^2*U^5 - 80486339265*C*U^8 - 10085152440*V^6*U + 73779010365/2*V^4*U^4 - 141097018320*V^2*U^7 + 228261015*U^10', 'U'), ('0', '1'), ('0', '1'), ('0', '1'), ('0', '1'), ('0', '1'), ('0', '1'), ('0', '1'), ('0', '1'), ('0', '1'), ('0', '1'), ('0', '1'), ('0', '1'), ('0', '1'), ('0', '1'), ('0', '1'), ('0', '1'), ('0', '1'))
derivative-only	('g', 'F0', -12, 0)	p121	(('160385940*C^4*V - 2986414230*C^3*V*U^2 + 1668222120*C^2*V^3*U + 3446983695/2*C^2*V*U^4 - 1025262630*C*V^5 + 30847638210*C*V^3*U^3 - 30262987485/2*C*V*U^6 - 3977037000*V^5*U^2 + 8820519285/2*V^3*U^5 + 9292863915*V*U^8', 'U'), ('0', '1'), ('0', '1'), ('0', '1'), ('0', '1'), ('0', '1'), ('0', '1'), ('0', '1'), ('0', '1'), ('0', '1'), ('0', '1'), ('0', '1'), ('0', '1'), ('0', '1'), ('0', '1'), ('0', '1'), ('0', '1'), ('0', '1'))
derivative-only	('g', 'F0', -12, 0)	p122	(('5539763060*C^5*V + 85192865900*C^4*V*U^2 - 112783345100*C^3*V^3*U - 1673210847250*C^3*V*U^4 - 32233263650*C^2*V^5 + 202354276600*C^2*V^3*U^3 + 3866201376390*C^2*V*U^6 - 272756196275*C*V^5*U^2 + 4297314632290*C*V^3*U^5 + 990473139675*C*V*U^8 - 70060966250*V^7*U + 397022992375/2*V^5*U^4 - 1664299108200*V^3*U^7 - 248661233035*V*U^10', 'U'), ('0', '1'), ('0', '1'), ('0', '1'), ('0', '1'), ('0', '1'), ('0', '1'), ('0', '1'), ('0', '1'), ('0', '1'), ('0', '1'), ('0', '1'), ('0', '1'), ('0', '1'), ('0', '1'), ('0', '1'), ('0', '1'), ('0', '1'))
derivative-only	('g', 'F0', -12, 0)	p123	(('-45317819690*C^5*U + 12516312900*C^4*V^2 + 521052672000*C^4*U^3 + 58613724900*C^3*V^2*U^2 - 828604042140*C^3*U^5 - 3258022050*C^2*V^4*U - 735707030675*C^2*V^2*U^4 + 1431123783680*C^2*U^7 - 15333732495*C*V^6 + 435406701425*C*V^4*U^3 + 1844878851510*C*V^2*U^6 - 540220990625*C*U^9 - 139829127640*V^6*U^2 + 238797503035*V^4*U^5 - 1372359970575/2*V^2*U^8 + 270722385*U^11', 'U'), ('0', '1'), ('0', '1'), ('0', '1'), ('0', '1'), ('0', '1'), ('0', '1'), ('0', '1'), ('0', '1'), ('0', '1'), ('0', '1'), ('0', '1'), ('0', '1'), ('0', '1'), ('0', '1'), ('0', '1'), ('0', '1'), ('0', '1'))
derivative-only	('g', 'F0', -12, 0)	p124	(('3418787125*C^4*V*U - 15280040100*C^3*V^3 - 298296549900*C^3*V*U^3 + 38916632100*C^2*V^3*U^2 + 713827938750*C^2*V*U^5 - 64719991050*C*V^5*U + 322086707400*C*V^3*U^4 - 894736011600*C*V*U^7 - 857514285*V^7 - 68011246380*V^5*U^3 - 160461754425*V^3*U^6 + 156094173000*V*U^9', 'U'), ('0', '1'), ('0', '1'), ('0', '1'), ('0', '1'), ('0', '1'), ('0', '1'), ('0', '1'), ('0', '1'), ('0', '1'), ('0', '1'), ('0', '1'), ('0', '1'), ('0', '1'), ('0', '1'), ('0', '1'), ('0', '1'), ('0', '1'))
derivative-only	('g', 'F0', -12, 0)	p125	(('-286039705*C^5 + 23227713700*C^4*U^2 - 34016323900*C^3*V^2*U - 128469975150*C^3*U^4 - 6827727075*C^2*V^4 - 71083915950*C^2*V^2*U^3 + 132445863375*C^2*U^6 - 21326430675*C*V^4*U^2 + 185986108950*C*V^2*U^5 + 20822395050*C*U^8 - 16460215800*V^6*U + 63256462425/2*V^4*U^4 + 33957485850*V^2*U^7 + 128988360*U^10', 'U'), ('0', '1'), ('0', '1'), ('0', '1'), ('0', '1'), ('0', '1'), ('0', '1'), ('0', '1'), ('0', '1'), ('0', '1'), ('0', '1'), ('0', '1'), ('0', '1'), ('0', '1'), ('0', '1'), ('0', '1'), ('0', '1'), ('0', '1'))
derivative-only	('g', 'F0', -12, 0)	p126	(('4984316750*C^5*V + 332184643700*C^4*V*U^2 - 362721886800*C^3*V^3*U - 2628607451050*C^3*V*U^4 - 21818236895*C^2*V^5 + 206648608600*C^2*V^3*U^3 + 2007008537415*C^2*V*U^6 - 216638760695*C*V^5*U^2 - 3603046640060*C*V^3*U^5 - 12833534856375/2*C*V*U^8 - 56531579120*V^7*U - 1190183792525/2*V^5*U^4 + 1300243390575*V^3*U^7 + 1279566387185*V*U^10', 'U'), ('0', '1'), ('0', '1'), ('0', '1'), ('0', '1'), ('0', '1'), ('0', '1'), ('0', '1'), ('0', '1'), ('0', '1'), ('0', '1'), ('0', '1'), ('0', '1'), ('0', '1'), ('0', '1'), ('0', '1'), ('0', '1'), ('0', '1'))
derivative-only	('g', 'F0', -12, 0)	p127	(('-107367373750*C^5*U + 52326685425/2*C^4*V^2 + 1229022972450*C^4*U^3 + 237491322600*C^3*V^2*U^2 - 1457616223140*C^3*U^5 - 64109238375*C^2*V^4*U - 1253769454700*C^2*V^2*U^4 - 29417501545*C^2*U^7 + 10582199355*C*V^6 - 205166043775*C*V^4*U^3 - 1676972904390*C*V^2*U^6 + 790750940025*C*U^9 - 94780765555*V^6*U^2 - 90588382640*V^4*U^5 + 1514869160850*V^2*U^8 - 3131493270*U^11', 'U'), ('0', '1'), ('0', '1'), ('0', '1'), ('0', '1'), ('0', '1'), ('0', '1'), ('0', '1'), ('0', '1'), ('0', '1'), ('0', '1'), ('0', '1'), ('0', '1'), ('0', '1'), ('0', '1'), ('0', '1'), ('0', '1'), ('0', '1'))
derivative-only	('g', 'F0', -12, 0)	p128	(('407771575*C^4*V*U - 30192273600*C^3*V^3 - 492826385300*C^3*V*U^3 + 786902700*C^2*V^3*U^2 + 1511506164645*C^2*V*U^5 - 89770068180*C*V^5*U - 536423708325*C*V^3*U^4 - 1290303635460*C*V*U^7 - 2021188260*V^7 + 24740793990*V^5*U^3 - 564267763275*V^3*U^6 - 116387473175/2*V*U^9', 'U'), ('0', '1'), ('0', '1'), ('0', '1'), ('0', '1'), ('0', '1'), ('0', '1'), ('0', '1'), ('0', '1'), ('0', '1'), ('0', '1'), ('0', '1'), ('0', '1'), ('0', '1'), ('0', '1'), ('0', '1'), ('0', '1'), ('0', '1'))
derivative-only	('g', 'F0', -12, 0)	p129	(('26878339125*C^5*V - 433229676825*C^4*V*U^2 + 731106561900*C^3*V^3*U + 1272010676200*C^3*V*U^4 + 239396904835*C^2*V^5 + 2921316383700*C^2*V^3*U^3 + 163324180470*C^2*V*U^6 + 890607617845*C*V^5*U^2 - 28687299188570*C*V^3*U^5 - 9187071956535*C*V*U^8 + 594281901070*V^7*U - 1725962083175/2*V^5*U^4 - 1647194555490*V^3*U^7 - 2808006328655/2*V*U^10', 'U'), ('0', '1'), ('0', '1'), ('0', '1'), ('0', '1'), ('0', '1'), ('0', '1'), ('0', '1'), ('0', '1'), ('0', '1'), ('0', '1'), ('0', '1'), ('0', '1'), ('0', '1'), ('0', '1'), ('0', '1'), ('0', '1'), ('0', '1'))
derivative-only	('g', 'F0', -12, 0)	p130	(('-217639758215*C^5*U + 127055423605/2*C^4*V^2 + 1581457833725*C^4*U^3 + 1973179927950*C^3*V^2*U^2 + 2707365165560*C^3*U^5 + 174201220325*C^2*V^4*U + 614052609775*C^2*V^2*U^4 - 6008527774315*C^2*U^7 + 21089836845*C*V^6 + 664242092525*C*V^4*U^3 - 11933430287955*C*V^2*U^6 + 772023557690*C*U^9 + 500903909330*V^6*U^2 - 1524004782245*V^4*U^5 + 1789595821365*V^2*U^8 - 12362128895*U^11', 'U'), ('0', '1'), ('0', '1'), ('0', '1'), ('0', '1'), ('0', '1'), ('0', '1'), ('0', '1'), ('0', '1'), ('0', '1'), ('0', '1'), ('0', '1'), ('0', '1'), ('0', '1'), ('0', '1'), ('0', '1'), ('0', '1'), ('0', '1'))
derivative-only	('g', 'F0', -12, 0)	p131	(('59074829220*C^5*V - 1840526487195/2*C^4*V*U^2 + 2734341756190*C^3*V^3*U + 24103531422850*C^3*V*U^4 + 900220635545/2*C^2*V^5 + 6228221916400*C^2*V^3*U^3 - 66710824589750*C^2*V*U^6 + 5634539517145*C*V^5*U^2 - 34112071082210*C*V^3*U^5 + 78982815910185/2*C*V*U^8 + 1253653345120*V^7*U - 2795552657480*V^5*U^4 + 22191965246385*V^3*U^7 - 561786316575/2*V*U^10', 'U'), ('0', '1'), ('0', '1'), ('0', '1'), ('0', '1'), ('0', '1'), ('0', '1'), ('0', '1'), ('0', '1'), ('0', '1'), ('0', '1'), ('0', '1'), ('0', '1'), ('0', '1'), ('0', '1'), ('0', '1'), ('0', '1'), ('0', '1'))
derivative-only	('g', 'F0', -12, 5)	constant	(('-458559789975000*C^2*U + 1246568210493750*C*V^2 + 12168573800625000*C*U^3 - 6532312631625000*V^2*U^2 - 15396409794150000*U^5', '1'), ('-6457821920550000*C^2*U - 2546973965250000*C*V^2 + 22768329875775000*C*U^3 - 6270203904525000*V^2*U^2 - 22793679995625000*U^5', '1'), ('1314678553650000*C^2*U + 3543688615500000*C*V^2 + 15058789790550000*C*U^3 - 5626116733050000*V^2*U^2 - 13841815333500000*U^5', '1'), ('-3796117756200000*C^2*U - 1802191975031250*C*V^2 + 9296540317350000*C*U^3 + 4611317396400000*V^2*U^2 - 3884301209250000*U^5', '1'), ('502953810975000*C^2*U + 817226517937500*C*V^2 + 1612311047325000*C*U^3 + 1066794901425000*V^2*U^2 - 469726141500000*U^5', '1'), ('-293954799600000*C^2*U - 185919000300000*C*V^2 + 358148795400000*C*U^3 + 472685612850000*V^2*U^2 - 18533869200000*U^5', '1'), ('0', '1'), ('0', '1'), ('0', '1'), ('0', '1'), ('0', '1'), ('0', '1'), ('0', '1'), ('0', '1'), ('0', '1'), ('0', '1'), ('0', '1'), ('0', '1'))
derivative-only	('g', 'F0', -12, 5)	p47	(('-93750', '1'), ('0', '1'), ('0', '1'), ('0', '1'), ('0', '1'), ('0', '1'), ('0', '1'), ('0', '1'), ('0', '1'), ('0', '1'), ('0', '1'), ('0', '1'), ('0', '1'), ('0', '1'), ('0', '1'), ('0', '1'), ('0', '1'), ('0', '1'))
derivative-only	('g', 'F0', -12, 5)	p53	(('-656250', '1'), ('0', '1'), ('0', '1'), ('0', '1'), ('0', '1'), ('0', '1'), ('0', '1'), ('0', '1'), ('0', '1'), ('0', '1'), ('0', '1'), ('0', '1'), ('0', '1'), ('0', '1'), ('0', '1'), ('0', '1'), ('0', '1'), ('0', '1'))
derivative-only	('g', 'F0', -12, 5)	p60	(('-2625000', '1'), ('0', '1'), ('0', '1'), ('0', '1'), ('0', '1'), ('0', '1'), ('0', '1'), ('0', '1'), ('0', '1'), ('0', '1'), ('0', '1'), ('0', '1'), ('0', '1'), ('0', '1'), ('0', '1'), ('0', '1'), ('0', '1'), ('0', '1'))
derivative-only	('g', 'F0', -12, 5)	p69	(('-7875000', '1'), ('0', '1'), ('0', '1'), ('0', '1'), ('0', '1'), ('0', '1'), ('0', '1'), ('0', '1'), ('0', '1'), ('0', '1'), ('0', '1'), ('0', '1'), ('0', '1'), ('0', '1'), ('0', '1'), ('0', '1'), ('0', '1'), ('0', '1'))
derivative-only	('g', 'F0', -12, 5)	p77	(('-19687500', '1'), ('0', '1'), ('0', '1'), ('0', '1'), ('0', '1'), ('0', '1'), ('0', '1'), ('0', '1'), ('0', '1'), ('0', '1'), ('0', '1'), ('0', '1'), ('0', '1'), ('0', '1'), ('0', '1'), ('0', '1'), ('0', '1'), ('0', '1'))
derivative-only	('g', 'F0', -12, 5)	p86	(('-43312500', '1'), ('0', '1'), ('0', '1'), ('0', '1'), ('0', '1'), ('0', '1'), ('0', '1'), ('0', '1'), ('0', '1'), ('0', '1'), ('0', '1'), ('0', '1'), ('0', '1'), ('0', '1'), ('0', '1'), ('0', '1'), ('0', '1'), ('0', '1'))
derivative-only	('g', 'F0', -12, 5)	p101	(('1386000000*C', '1'), ('0', '1'), ('0', '1'), ('0', '1'), ('0', '1'), ('0', '1'), ('0', '1'), ('0', '1'), ('0', '1'), ('0', '1'), ('0', '1'), ('0', '1'), ('0', '1'), ('0', '1'), ('0', '1'), ('0', '1'), ('0', '1'), ('0', '1'))
derivative-only	('g', 'F0', -12, 5)	p102	(('1386000000*V', '1'), ('0', '1'), ('0', '1'), ('0', '1'), ('0', '1'), ('0', '1'), ('0', '1'), ('0', '1'), ('0', '1'), ('0', '1'), ('0', '1'), ('0', '1'), ('0', '1'), ('0', '1'), ('0', '1'), ('0', '1'), ('0', '1'), ('0', '1'))
derivative-only	('g', 'F0', -12, 5)	p103	(('1386000000*U', '1'), ('0', '1'), ('0', '1'), ('0', '1'), ('0', '1'), ('0', '1'), ('0', '1'), ('0', '1'), ('0', '1'), ('0', '1'), ('0', '1'), ('0', '1'), ('0', '1'), ('0', '1'), ('0', '1'), ('0', '1'), ('0', '1'), ('0', '1'))
derivative-only	('g', 'F0', -12, 5)	p105	(('11781000000*C^2', '1'), ('0', '1'), ('0', '1'), ('0', '1'), ('0', '1'), ('0', '1'), ('0', '1'), ('0', '1'), ('0', '1'), ('0', '1'), ('0', '1'), ('0', '1'), ('0', '1'), ('0', '1'), ('0', '1'), ('0', '1'), ('0', '1'), ('0', '1'))
derivative-only	('g', 'F0', -12, 5)	p106	(('23562000000*C*V', '1'), ('0', '1'), ('0', '1'), ('0', '1'), ('0', '1'), ('0', '1'), ('0', '1'), ('0', '1'), ('0', '1'), ('0', '1'), ('0', '1'), ('0', '1'), ('0', '1'), ('0', '1'), ('0', '1'), ('0', '1'), ('0', '1'), ('0', '1'))
derivative-only	('g', 'F0', -12, 5)	p107	(('23562000000*C*U + 11781000000*V^2', '1'), ('0', '1'), ('0', '1'), ('0', '1'), ('0', '1'), ('0', '1'), ('0', '1'), ('0', '1'), ('0', '1'), ('0', '1'), ('0', '1'), ('0', '1'), ('0', '1'), ('0', '1'), ('0', '1'), ('0', '1'), ('0', '1'), ('0', '1'))
derivative-only	('g', 'F0', -12, 5)	p108	(('23562000000*V*U', '1'), ('0', '1'), ('0', '1'), ('0', '1'), ('0', '1'), ('0', '1'), ('0', '1'), ('0', '1'), ('0', '1'), ('0', '1'), ('0', '1'), ('0', '1'), ('0', '1'), ('0', '1'), ('0', '1'), ('0', '1'), ('0', '1'), ('0', '1'))
derivative-only	('g', 'F0', -12, 5)	p109	(('2734875000*C + 11781000000*U^2', '1'), ('0', '1'), ('0', '1'), ('0', '1'), ('0', '1'), ('0', '1'), ('0', '1'), ('0', '1'), ('0', '1'), ('0', '1'), ('0', '1'), ('0', '1'), ('0', '1'), ('0', '1'), ('0', '1'), ('0', '1'), ('0', '1'), ('0', '1'))
derivative-only	('g', 'F0', -12, 5)	p110	(('2734875000*V', '1'), ('0', '1'), ('0', '1'), ('0', '1'), ('0', '1'), ('0', '1'), ('0', '1'), ('0', '1'), ('0', '1'), ('0', '1'), ('0', '1'), ('0', '1'), ('0', '1'), ('0', '1'), ('0', '1'), ('0', '1'), ('0', '1'), ('0', '1'))
derivative-only	('g', 'F0', -12, 5)	p111	(('424116000000*C*V*U + 70686000000*V^3', '1'), ('0', '1'), ('0', '1'), ('0', '1'), ('0', '1'), ('0', '1'), ('0', '1'), ('0', '1'), ('0', '1'), ('0', '1'), ('0', '1'), ('0', '1'), ('0', '1'), ('0', '1'), ('0', '1'), ('0', '1'), ('0', '1'), ('0', '1'))
derivative-only	('g', 'F0', -12, 5)	p112	(('24613875000*C^2 + 212058000000*C*U^2 + 212058000000*V^2*U', '1'), ('0', '1'), ('0', '1'), ('0', '1'), ('0', '1'), ('0', '1'), ('0', '1'), ('0', '1'), ('0', '1'), ('0', '1'), ('0', '1'), ('0', '1'), ('0', '1'), ('0', '1'), ('0', '1'), ('0', '1'), ('0', '1'), ('0', '1'))
derivative-only	('g', 'F0', -12, 5)	p113	(('49227750000*C*V + 212058000000*V*U^2', '1'), ('0', '1'), ('0', '1'), ('0', '1'), ('0', '1'), ('0', '1'), ('0', '1'), ('0', '1'), ('0', '1'), ('0', '1'), ('0', '1'), ('0', '1'), ('0', '1'), ('0', '1'), ('0', '1'), ('0', '1'), ('0', '1'), ('0', '1'))
derivative-only	('g', 'F0', -12, 5)	p114	(('24613875000*V^2 + 70686000000*U^3', '1'), ('0', '1'), ('0', '1'), ('0', '1'), ('0', '1'), ('0', '1'), ('0', '1'), ('0', '1'), ('0', '1'), ('0', '1'), ('0', '1'), ('0', '1'), ('0', '1'), ('0', '1'), ('0', '1'), ('0', '1'), ('0', '1'), ('0', '1'))
derivative-only	('g', 'F0', -12, 5)	p116	(('5067562500*C - 24613875000*U^2', '1'), ('0', '1'), ('0', '1'), ('0', '1'), ('0', '1'), ('0', '1'), ('0', '1'), ('0', '1'), ('0', '1'), ('0', '1'), ('0', '1'), ('0', '1'), ('0', '1'), ('0', '1'), ('0', '1'), ('0', '1'), ('0', '1'), ('0', '1'))
derivative-only	('g', 'F0', -12, 5)	p117	(('155887875000*V^3 + 1343034000000*V*U^3', '1'), ('0', '1'), ('0', '1'), ('0', '1'), ('0', '1'), ('0', '1'), ('0', '1'), ('0', '1'), ('0', '1'), ('0', '1'), ('0', '1'), ('0', '1'), ('0', '1'), ('0', '1'), ('0', '1'), ('0', '1'), ('0', '1'), ('0', '1'))
derivative-only	('g', 'F0', -12, 5)	p118	(('48141843750*C^2 - 467663625000*C*U^2 + 335758500000*U^4', '1'), ('0', '1'), ('0', '1'), ('0', '1'), ('0', '1'), ('0', '1'), ('0', '1'), ('0', '1'), ('0', '1'), ('0', '1'), ('0', '1'), ('0', '1'), ('0', '1'), ('0', '1'), ('0', '1'), ('0', '1'), ('0', '1'), ('0', '1'))
derivative-only	('g', 'F0', -12, 5)	p119	(('-467663625000*V*U^2', '1'), ('0', '1'), ('0', '1'), ('0', '1'), ('0', '1'), ('0', '1'), ('0', '1'), ('0', '1'), ('0', '1'), ('0', '1'), ('0', '1'), ('0', '1'), ('0', '1'), ('0', '1'), ('0', '1'), ('0', '1'), ('0', '1'), ('0', '1'))
derivative-only	('g', 'F0', -12, 5)	p120	(('-48141843750*V^2 - 311775750000*U^3', '1'), ('0', '1'), ('0', '1'), ('0', '1'), ('0', '1'), ('0', '1'), ('0', '1'), ('0', '1'), ('0', '1'), ('0', '1'), ('0', '1'), ('0', '1'), ('0', '1'), ('0', '1'), ('0', '1'), ('0', '1'), ('0', '1'), ('0', '1'))
derivative-only	('g', 'F0', -12, 5)	p121	(('-96283687500*V*U', '1'), ('0', '1'), ('0', '1'), ('0', '1'), ('0', '1'), ('0', '1'), ('0', '1'), ('0', '1'), ('0', '1'), ('0', '1'), ('0', '1'), ('0', '1'), ('0', '1'), ('0', '1'), ('0', '1'), ('0', '1'), ('0', '1'), ('0', '1'))
derivative-only	('g', 'F0', -12, 5)	p122	(('-1925673750000*C*V*U - 641891250000*V^3 - 6235515000000*V*U^3', '1'), ('0', '1'), ('0', '1'), ('0', '1'), ('0', '1'), ('0', '1'), ('0', '1'), ('0', '1'), ('0', '1'), ('0', '1'), ('0', '1'), ('0', '1'), ('0', '1'), ('0', '1'), ('0', '1'), ('0', '1'), ('0', '1'), ('0', '1'))
derivative-only	('g', 'F0', -12, 5)	p123	(('-89151562500*C^2 - 1925673750000*V^2*U - 2338318125000*U^4', '1'), ('0', '1'), ('0', '1'), ('0', '1'), ('0', '1'), ('0', '1'), ('0', '1'), ('0', '1'), ('0', '1'), ('0', '1'), ('0', '1'), ('0', '1'), ('0', '1'), ('0', '1'), ('0', '1'), ('0', '1'), ('0', '1'), ('0', '1'))
derivative-only	('g', 'F0', -12, 5)	p124	(('-178303125000*C*V - 962836875000*V*U^2', '1'), ('0', '1'), ('0', '1'), ('0', '1'), ('0', '1'), ('0', '1'), ('0', '1'), ('0', '1'), ('0', '1'), ('0', '1'), ('0', '1'), ('0', '1'), ('0', '1'), ('0', '1'), ('0', '1'), ('0', '1'), ('0', '1'), ('0', '1'))
derivative-only	('g', 'F0', -12, 5)	p125	(('-178303125000*C*U - 89151562500*V^2 + 320945625000*U^3', '1'), ('0', '1'), ('0', '1'), ('0', '1'), ('0', '1'), ('0', '1'), ('0', '1'), ('0', '1'), ('0', '1'), ('0', '1'), ('0', '1'), ('0', '1'), ('0', '1'), ('0', '1'), ('0', '1'), ('0', '1'), ('0', '1'), ('0', '1'))
derivative-only	('g', 'F0', -12, 5)	p126	(('-3744365625000*C*V*U - 1248121875000*V^3', '1'), ('0', '1'), ('0', '1'), ('0', '1'), ('0', '1'), ('0', '1'), ('0', '1'), ('0', '1'), ('0', '1'), ('0', '1'), ('0', '1'), ('0', '1'), ('0', '1'), ('0', '1'), ('0', '1'), ('0', '1'), ('0', '1'), ('0', '1'))
derivative-only	('g', 'F0', -12, 5)	p127	(('-157657500000*C^2 - 1872182812500*C*U^2 + 5054893593750*U^4', '1'), ('0', '1'), ('0', '1'), ('0', '1'), ('0', '1'), ('0', '1'), ('0', '1'), ('0', '1'), ('0', '1'), ('0', '1'), ('0', '1'), ('0', '1'), ('0', '1'), ('0', '1'), ('0', '1'), ('0', '1'), ('0', '1'), ('0', '1'))
derivative-only	('g', 'F0', -12, 5)	p128	(('-315315000000*C*V + 1872182812500*V*U^2', '1'), ('0', '1'), ('0', '1'), ('0', '1'), ('0', '1'), ('0', '1'), ('0', '1'), ('0', '1'), ('0', '1'), ('0', '1'), ('0', '1'), ('0', '1'), ('0', '1'), ('0', '1'), ('0', '1'), ('0', '1'), ('0', '1'), ('0', '1'))
derivative-only	('g', 'F0', -12, 5)	p129	(('1156155000000*V^3 + 27458681250000*V*U^3', '1'), ('0', '1'), ('0', '1'), ('0', '1'), ('0', '1'), ('0', '1'), ('0', '1'), ('0', '1'), ('0', '1'), ('0', '1'), ('0', '1'), ('0', '1'), ('0', '1'), ('0', '1'), ('0', '1'), ('0', '1'), ('0', '1'), ('0', '1'))
derivative-only	('g', 'F0', -12, 5)	p130	(('-268017750000*C^2 + 3468465000000*C*U^2 + 3468465000000*V^2*U - 3432335156250*U^4', '1'), ('0', '1'), ('0', '1'), ('0', '1'), ('0', '1'), ('0', '1'), ('0', '1'), ('0', '1'), ('0', '1'), ('0', '1'), ('0', '1'), ('0', '1'), ('0', '1'), ('0', '1'), ('0', '1'), ('0', '1'), ('0', '1'), ('0', '1'))
derivative-only	('g', 'F0', -12, 5)	p131	(('12328816500000*C*V*U + 2054802750000*V^3 - 26591565000000*V*U^3', '1'), ('0', '1'), ('0', '1'), ('0', '1'), ('0', '1'), ('0', '1'), ('0', '1'), ('0', '1'), ('0', '1'), ('0', '1'), ('0', '1'), ('0', '1'), ('0', '1'), ('0', '1'), ('0', '1'), ('0', '1'), ('0', '1'), ('0', '1'))
derivative-only	('g', 'F0', -11, 3)	constant	(('-6875732607911000/3*C^3*V + 2546839519237500*C^2*V*U^2 - 4386206796185000*C*V^3*U + 22451213658790000*C*V*U^4 + 240372983209750*V^5 + 12716264252720000/3*V^3*U^3 - 17049020121175000/3*V*U^6', '1'), ('-18224055367112000/3*C^3*V + 40440459088980000*C^2*V*U^2 - 10030073106320000*C*V^3*U - 57676302547570000*C*V*U^4 - 754968421674000*V^5 - 52802574936860000/3*V^3*U^3 + 28146284913740000/3*V*U^6', '1'), ('-6330510994544000/3*C^3*V - 21179042895390000*C^2*V*U^2 + 6704413383260000*C*V^3*U + 63411612367460000*C*V*U^4 + 790449628042000*V^5 + 55507263248080000/3*V^3*U^3 - 7807508617090000*V*U^6', '1'), ('-4755593094953000/3*C^3*V + 17190927442282500*C^2*V*U^2 - 4533627697155000*C*V^3*U - 43518268651130000*C*V*U^4 - 457628919332250*V^5 - 22243298590240000/3*V^3*U^3 + 11889321833095000*V*U^6', '1'), ('830834539204000/3*C^3*V - 5103147894060000*C^2*V*U^2 + 1727519920540000*C*V^3*U + 12921092241540000*C*V*U^4 + 211523620050500*V^5 + 5346244158640000*V^3*U^3 - 644556025610000*V*U^6', '1'), ('-55674982550000*C^3*V + 1160592487830000*C^2*V*U^2 - 409213744500000*C*V^3*U - 3452318675400000*C*V*U^4 - 26099386311000*V^5 - 310113389600000*V^3*U^3 + 994580034980000*V*U^6', '1'), ('0', '1'), ('0', '1'), ('0', '1'), ('0', '1'), ('0', '1'), ('0', '1'), ('0', '1'), ('0', '1'), ('0', '1'), ('0', '1'), ('0', '1'), ('0', '1'))
derivative-only	('g', 'F0', -11, 3)	p36	(('-2500', '1'), ('0', '1'), ('0', '1'), ('0', '1'), ('0', '1'), ('0', '1'), ('0', '1'), ('0', '1'), ('0', '1'), ('0', '1'), ('0', '1'), ('0', '1'), ('0', '1'), ('0', '1'), ('0', '1'), ('0', '1'), ('0', '1'), ('0', '1'))
derivative-only	('g', 'F0', -11, 3)	p40	(('-12500', '1'), ('0', '1'), ('0', '1'), ('0', '1'), ('0', '1'), ('0', '1'), ('0', '1'), ('0', '1'), ('0', '1'), ('0', '1'), ('0', '1'), ('0', '1'), ('0', '1'), ('0', '1'), ('0', '1'), ('0', '1'), ('0', '1'), ('0', '1'))
derivative-only	('g', 'F0', -11, 3)	p45	(('-37500', '1'), ('0', '1'), ('0', '1'), ('0', '1'), ('0', '1'), ('0', '1'), ('0', '1'), ('0', '1'), ('0', '1'), ('0', '1'), ('0', '1'), ('0', '1'), ('0', '1'), ('0', '1'), ('0', '1'), ('0', '1'), ('0', '1'), ('0', '1'))
derivative-only	('g', 'F0', -11, 3)	p52	(('-87500', '1'), ('0', '1'), ('0', '1'), ('0', '1'), ('0', '1'), ('0', '1'), ('0', '1'), ('0', '1'), ('0', '1'), ('0', '1'), ('0', '1'), ('0', '1'), ('0', '1'), ('0', '1'), ('0', '1'), ('0', '1'), ('0', '1'), ('0', '1'))
derivative-only	('g', 'F0', -11, 3)	p61	(('1925000*C', '1'), ('0', '1'), ('0', '1'), ('0', '1'), ('0', '1'), ('0', '1'), ('0', '1'), ('0', '1'), ('0', '1'), ('0', '1'), ('0', '1'), ('0', '1'), ('0', '1'), ('0', '1'), ('0', '1'), ('0', '1'), ('0', '1'), ('0', '1'))
derivative-only	('g', 'F0', -11, 3)	p62	(('1925000*V', '1'), ('0', '1'), ('0', '1'), ('0', '1'), ('0', '1'), ('0', '1'), ('0', '1'), ('0', '1'), ('0', '1'), ('0', '1'), ('0', '1'), ('0', '1'), ('0', '1'), ('0', '1'), ('0', '1'), ('0', '1'), ('0', '1'), ('0', '1'))
derivative-only	('g', 'F0', -11, 3)	p63	(('1925000*U', '1'), ('0', '1'), ('0', '1'), ('0', '1'), ('0', '1'), ('0', '1'), ('0', '1'), ('0', '1'), ('0', '1'), ('0', '1'), ('0', '1'), ('0', '1'), ('0', '1'), ('0', '1'), ('0', '1'), ('0', '1'), ('0', '1'), ('0', '1'))
derivative-only	('g', 'F0', -11, 3)	p66	(('11550000*C^2', '1'), ('0', '1'), ('0', '1'), ('0', '1'), ('0', '1'), ('0', '1'), ('0', '1'), ('0', '1'), ('0', '1'), ('0', '1'), ('0', '1'), ('0', '1'), ('0', '1'), ('0', '1'), ('0', '1'), ('0', '1'), ('0', '1'), ('0', '1'))
derivative-only	('g', 'F0', -11, 3)	p67	(('23100000*C*V', '1'), ('0', '1'), ('0', '1'), ('0', '1'), ('0', '1'), ('0', '1'), ('0', '1'), ('0', '1'), ('0', '1'), ('0', '1'), ('0', '1'), ('0', '1'), ('0', '1'), ('0', '1'), ('0', '1'), ('0', '1'), ('0', '1'), ('0', '1'))
derivative-only	('g', 'F0', -11, 3)	p68	(('23100000*C*U + 11550000*V^2', '1'), ('0', '1'), ('0', '1'), ('0', '1'), ('0', '1'), ('0', '1'), ('0', '1'), ('0', '1'), ('0', '1'), ('0', '1'), ('0', '1'), ('0', '1'), ('0', '1'), ('0', '1'), ('0', '1'), ('0', '1'), ('0', '1'), ('0', '1'))
derivative-only	('g', 'F0', -11, 3)	p69	(('23100000*V*U', '1'), ('0', '1'), ('0', '1'), ('0', '1'), ('0', '1'), ('0', '1'), ('0', '1'), ('0', '1'), ('0', '1'), ('0', '1'), ('0', '1'), ('0', '1'), ('0', '1'), ('0', '1'), ('0', '1'), ('0', '1'), ('0', '1'), ('0', '1'))
derivative-only	('g', 'F0', -11, 3)	p70	(('3780000*C + 11550000*U^2', '1'), ('0', '1'), ('0', '1'), ('0', '1'), ('0', '1'), ('0', '1'), ('0', '1'), ('0', '1'), ('0', '1'), ('0', '1'), ('0', '1'), ('0', '1'), ('0', '1'), ('0', '1'), ('0', '1'), ('0', '1'), ('0', '1'), ('0', '1'))
derivative-only	('g', 'F0', -11, 3)	p71	(('3780000*V', '1'), ('0', '1'), ('0', '1'), ('0', '1'), ('0', '1'), ('0', '1'), ('0', '1'), ('0', '1'), ('0', '1'), ('0', '1'), ('0', '1'), ('0', '1'), ('0', '1'), ('0', '1'), ('0', '1'), ('0', '1'), ('0', '1'), ('0', '1'))
derivative-only	('g', 'F0', -11, 3)	p72	(('150150000*C^2*U + 150150000*C*V^2', '1'), ('0', '1'), ('0', '1'), ('0', '1'), ('0', '1'), ('0', '1'), ('0', '1'), ('0', '1'), ('0', '1'), ('0', '1'), ('0', '1'), ('0', '1'), ('0', '1'), ('0', '1'), ('0', '1'), ('0', '1'), ('0', '1'), ('0', '1'))
derivative-only	('g', 'F0', -11, 3)	p73	(('300300000*C*V*U + 50050000*V^3', '1'), ('0', '1'), ('0', '1'), ('0', '1'), ('0', '1'), ('0', '1'), ('0', '1'), ('0', '1'), ('0', '1'), ('0', '1'), ('0', '1'), ('0', '1'), ('0', '1'), ('0', '1'), ('0', '1'), ('0', '1'), ('0', '1'), ('0', '1'))
derivative-only	('g', 'F0', -11, 3)	p74	(('24570000*C^2 + 150150000*C*U^2 + 150150000*V^2*U', '1'), ('0', '1'), ('0', '1'), ('0', '1'), ('0', '1'), ('0', '1'), ('0', '1'), ('0', '1'), ('0', '1'), ('0', '1'), ('0', '1'), ('0', '1'), ('0', '1'), ('0', '1'), ('0', '1'), ('0', '1'), ('0', '1'), ('0', '1'))
derivative-only	('g', 'F0', -11, 3)	p75	(('49140000*C*V + 150150000*V*U^2', '1'), ('0', '1'), ('0', '1'), ('0', '1'), ('0', '1'), ('0', '1'), ('0', '1'), ('0', '1'), ('0', '1'), ('0', '1'), ('0', '1'), ('0', '1'), ('0', '1'), ('0', '1'), ('0', '1'), ('0', '1'), ('0', '1'), ('0', '1'))
derivative-only	('g', 'F0', -11, 3)	p76	(('24570000*V^2 + 50050000*U^3', '1'), ('0', '1'), ('0', '1'), ('0', '1'), ('0', '1'), ('0', '1'), ('0', '1'), ('0', '1'), ('0', '1'), ('0', '1'), ('0', '1'), ('0', '1'), ('0', '1'), ('0', '1'), ('0', '1'), ('0', '1'), ('0', '1'), ('0', '1'))
derivative-only	('g', 'F0', -11, 3)	p78	(('6825000*C - 24570000*U^2', '1'), ('0', '1'), ('0', '1'), ('0', '1'), ('0', '1'), ('0', '1'), ('0', '1'), ('0', '1'), ('0', '1'), ('0', '1'), ('0', '1'), ('0', '1'), ('0', '1'), ('0', '1'), ('0', '1'), ('0', '1'), ('0', '1'), ('0', '1'))
derivative-only	('g', 'F0', -11, 3)	p79	(('-335790000*C^3 + 1051050000*C^2*U^2 + 2102100000*C*V^2*U + 175175000*V^4', '1'), ('0', '1'), ('0', '1'), ('0', '1'), ('0', '1'), ('0', '1'), ('0', '1'), ('0', '1'), ('0', '1'), ('0', '1'), ('0', '1'), ('0', '1'), ('0', '1'), ('0', '1'), ('0', '1'), ('0', '1'), ('0', '1'), ('0', '1'))
derivative-only	('g', 'F0', -11, 3)	p80	(('-1007370000*C^2*V + 2102100000*C*V*U^2 + 700700000*V^3*U', '1'), ('0', '1'), ('0', '1'), ('0', '1'), ('0', '1'), ('0', '1'), ('0', '1'), ('0', '1'), ('0', '1'), ('0', '1'), ('0', '1'), ('0', '1'), ('0', '1'), ('0', '1'), ('0', '1'), ('0', '1'), ('0', '1'), ('0', '1'))
derivative-only	('g', 'F0', -11, 3)	p81	(('343980000*C*V^2 + 700700000*C*U^3 + 1051050000*V^2*U^2', '1'), ('0', '1'), ('0', '1'), ('0', '1'), ('0', '1'), ('0', '1'), ('0', '1'), ('0', '1'), ('0', '1'), ('0', '1'), ('0', '1'), ('0', '1'), ('0', '1'), ('0', '1'), ('0', '1'), ('0', '1'), ('0', '1'), ('0', '1'))
derivative-only	('g', 'F0', -11, 3)	p82	(('114660000*V^3 + 700700000*V*U^3', '1'), ('0', '1'), ('0', '1'), ('0', '1'), ('0', '1'), ('0', '1'), ('0', '1'), ('0', '1'), ('0', '1'), ('0', '1'), ('0', '1'), ('0', '1'), ('0', '1'), ('0', '1'), ('0', '1'), ('0', '1'), ('0', '1'), ('0', '1'))
derivative-only	('g', 'F0', -11, 3)	p83	(('47775000*C^2 - 343980000*C*U^2 + 175175000*U^4', '1'), ('0', '1'), ('0', '1'), ('0', '1'), ('0', '1'), ('0', '1'), ('0', '1'), ('0', '1'), ('0', '1'), ('0', '1'), ('0', '1'), ('0', '1'), ('0', '1'), ('0', '1'), ('0', '1'), ('0', '1'), ('0', '1'), ('0', '1'))
derivative-only	('g', 'F0', -11, 3)	p84	(('-343980000*V*U^2', '1'), ('0', '1'), ('0', '1'), ('0', '1'), ('0', '1'), ('0', '1'), ('0', '1'), ('0', '1'), ('0', '1'), ('0', '1'), ('0', '1'), ('0', '1'), ('0', '1'), ('0', '1'), ('0', '1'), ('0', '1'), ('0', '1'), ('0', '1'))
derivative-only	('g', 'F0', -11, 3)	p85	(('-47775000*V^2 - 229320000*U^3', '1'), ('0', '1'), ('0', '1'), ('0', '1'), ('0', '1'), ('0', '1'), ('0', '1'), ('0', '1'), ('0', '1'), ('0', '1'), ('0', '1'), ('0', '1'), ('0', '1'), ('0', '1'), ('0', '1'), ('0', '1'), ('0', '1'), ('0', '1'))
derivative-only	('g', 'F0', -11, 3)	p86	(('-95550000*V*U', '1'), ('0', '1'), ('0', '1'), ('0', '1'), ('0', '1'), ('0', '1'), ('0', '1'), ('0', '1'), ('0', '1'), ('0', '1'), ('0', '1'), ('0', '1'), ('0', '1'), ('0', '1'), ('0', '1'), ('0', '1'), ('0', '1'), ('0', '1'))
derivative-only	('g', 'F0', -11, 3)	p87	(('-7007000000*C^3*U - 7930650000*C^2*V^2 + 5255250000*C^2*U^3 + 15765750000*C*V^2*U^2 + 2627625000*V^4*U', '1'), ('0', '1'), ('0', '1'), ('0', '1'), ('0', '1'), ('0', '1'), ('0', '1'), ('0', '1'), ('0', '1'), ('0', '1'), ('0', '1'), ('0', '1'), ('0', '1'), ('0', '1'), ('0', '1'), ('0', '1'), ('0', '1'), ('0', '1'))
derivative-only	('g', 'F0', -11, 3)	p88	(('-21021000000*C^2*V*U - 5287100000*C*V^3 + 10510500000*C*V*U^3 + 5255250000*V^3*U^2', '1'), ('0', '1'), ('0', '1'), ('0', '1'), ('0', '1'), ('0', '1'), ('0', '1'), ('0', '1'), ('0', '1'), ('0', '1'), ('0', '1'), ('0', '1'), ('0', '1'), ('0', '1'), ('0', '1'), ('0', '1'), ('0', '1'), ('0', '1'))
derivative-only	('g', 'F0', -11, 3)	p89	(('-2013375000*C^3 - 2579850000*C^2*U^2 + 2627625000*C*U^4 + 429975000*V^4 + 5255250000*V^2*U^3', '1'), ('0', '1'), ('0', '1'), ('0', '1'), ('0', '1'), ('0', '1'), ('0', '1'), ('0', '1'), ('0', '1'), ('0', '1'), ('0', '1'), ('0', '1'), ('0', '1'), ('0', '1'), ('0', '1'), ('0', '1'), ('0', '1'), ('0', '1'))
derivative-only	('g', 'F0', -11, 3)	p90	(('-6756750000*C^2*V - 5159700000*C*V*U^2 + 2627625000*V*U^4', '1'), ('0', '1'), ('0', '1'), ('0', '1'), ('0', '1'), ('0', '1'), ('0', '1'), ('0', '1'), ('0', '1'), ('0', '1'), ('0', '1'), ('0', '1'), ('0', '1'), ('0', '1'), ('0', '1'), ('0', '1'), ('0', '1'), ('0', '1'))
derivative-only	('g', 'F0', -11, 3)	p91	(('-716625000*C*V^2 - 3439800000*C*U^3 - 2579850000*V^2*U^2 + 525525000*U^5', '1'), ('0', '1'), ('0', '1'), ('0', '1'), ('0', '1'), ('0', '1'), ('0', '1'), ('0', '1'), ('0', '1'), ('0', '1'), ('0', '1'), ('0', '1'), ('0', '1'), ('0', '1'), ('0', '1'), ('0', '1'), ('0', '1'), ('0', '1'))
derivative-only	('g', 'F0', -11, 3)	p92	(('-1433250000*C*V*U - 477750000*V^3 - 3439800000*V*U^3', '1'), ('0', '1'), ('0', '1'), ('0', '1'), ('0', '1'), ('0', '1'), ('0', '1'), ('0', '1'), ('0', '1'), ('0', '1'), ('0', '1'), ('0', '1'), ('0', '1'), ('0', '1'), ('0', '1'), ('0', '1'), ('0', '1'), ('0', '1'))
derivative-only	('g', 'F0', -11, 3)	p93	(('-86625000*C^2 - 1433250000*V^2*U - 1289925000*U^4', '1'), ('0', '1'), ('0', '1'), ('0', '1'), ('0', '1'), ('0', '1'), ('0', '1'), ('0', '1'), ('0', '1'), ('0', '1'), ('0', '1'), ('0', '1'), ('0', '1'), ('0', '1'), ('0', '1'), ('0', '1'), ('0', '1'), ('0', '1'))
derivative-only	('g', 'F0', -11, 3)	p94	(('-173250000*C*V - 716625000*V*U^2', '1'), ('0', '1'), ('0', '1'), ('0', '1'), ('0', '1'), ('0', '1'), ('0', '1'), ('0', '1'), ('0', '1'), ('0', '1'), ('0', '1'), ('0', '1'), ('0', '1'), ('0', '1'), ('0', '1'), ('0', '1'), ('0', '1'), ('0', '1'))
derivative-only	('g', 'F0', -11, 3)	p95	(('-173250000*C*U - 86625000*V^2 + 238875000*U^3', '1'), ('0', '1'), ('0', '1'), ('0', '1'), ('0', '1'), ('0', '1'), ('0', '1'), ('0', '1'), ('0', '1'), ('0', '1'), ('0', '1'), ('0', '1'), ('0', '1'), ('0', '1'), ('0', '1'), ('0', '1'), ('0', '1'), ('0', '1'))
derivative-only	('g', 'F0', -11, 3)	p96	(('-38538500000*C^3*U - 63540750000*C^2*V^2 - 27518400000*C^2*U^3 - 41277600000*C*V^2*U^2 + 8408400000*C*U^5 + 21021000000*V^2*U^4', '1'), ('0', '1'), ('0', '1'), ('0', '1'), ('0', '1'), ('0', '1'), ('0', '1'), ('0', '1'), ('0', '1'), ('0', '1'), ('0', '1'), ('0', '1'), ('0', '1'), ('0', '1'), ('0', '1'), ('0', '1'), ('0', '1'), ('0', '1'))
derivative-only	('g', 'F0', -11, 3)	p97	(('-127081500000*C^2*V*U - 46182500000*C*V^3 - 55036800000*C*V*U^3 - 13759200000*V^3*U^2 + 8408400000*V*U^5', '1'), ('0', '1'), ('0', '1'), ('0', '1'), ('0', '1'), ('0', '1'), ('0', '1'), ('0', '1'), ('0', '1'), ('0', '1'), ('0', '1'), ('0', '1'), ('0', '1'), ('0', '1'), ('0', '1'), ('0', '1'), ('0', '1'), ('0', '1'))
derivative-only	('g', 'F0', -11, 3)	p98	(('-9182250000*C^3 - 22932000000*C*V^2*U - 20638800000*C*U^4 - 2866500000*V^4 - 27518400000*V^2*U^3 + 1401400000*U^6', '1'), ('0', '1'), ('0', '1'), ('0', '1'), ('0', '1'), ('0', '1'), ('0', '1'), ('0', '1'), ('0', '1'), ('0', '1'), ('0', '1'), ('0', '1'), ('0', '1'), ('0', '1'), ('0', '1'), ('0', '1'), ('0', '1'), ('0', '1'))
derivative-only	('g', 'F0', -11, 3)	p99	(('-27546750000*C^2*V - 11466000000*C*V*U^2 - 11466000000*V^3*U - 20638800000*V*U^4', '1'), ('0', '1'), ('0', '1'), ('0', '1'), ('0', '1'), ('0', '1'), ('0', '1'), ('0', '1'), ('0', '1'), ('0', '1'), ('0', '1'), ('0', '1'), ('0', '1'), ('0', '1'), ('0', '1'), ('0', '1'), ('0', '1'), ('0', '1'))
derivative-only	('g', 'F0', -11, 3)	p100	(('-2772000000*C^2*U - 2772000000*C*V^2 + 3822000000*C*U^3 - 11466000000*V^2*U^2 - 5503680000*U^5', '1'), ('0', '1'), ('0', '1'), ('0', '1'), ('0', '1'), ('0', '1'), ('0', '1'), ('0', '1'), ('0', '1'), ('0', '1'), ('0', '1'), ('0', '1'), ('0', '1'), ('0', '1'), ('0', '1'), ('0', '1'), ('0', '1'), ('0', '1'))
derivative-only	('g', 'F0', -11, 3)	p101	(('-2772000000*C*V*U - 924000000*V^3', '1'), ('0', '1'), ('0', '1'), ('0', '1'), ('0', '1'), ('0', '1'), ('0', '1'), ('0', '1'), ('0', '1'), ('0', '1'), ('0', '1'), ('0', '1'), ('0', '1'), ('0', '1'), ('0', '1'), ('0', '1'), ('0', '1'), ('0', '1'))
derivative-only	('g', 'F0', -11, 3)	p102	(('-148500000*C^2 - 1386000000*C*U^2 + 2866500000*U^4', '1'), ('0', '1'), ('0', '1'), ('0', '1'), ('0', '1'), ('0', '1'), ('0', '1'), ('0', '1'), ('0', '1'), ('0', '1'), ('0', '1'), ('0', '1'), ('0', '1'), ('0', '1'), ('0', '1'), ('0', '1'), ('0', '1'), ('0', '1'))
derivative-only	('g', 'F0', -11, 3)	p103	(('-297000000*C*V + 1386000000*V*U^2', '1'), ('0', '1'), ('0', '1'), ('0', '1'), ('0', '1'), ('0', '1'), ('0', '1'), ('0', '1'), ('0', '1'), ('0', '1'), ('0', '1'), ('0', '1'), ('0', '1'), ('0', '1'), ('0', '1'), ('0', '1'), ('0', '1'), ('0', '1'))
derivative-only	('g', 'F0', -11, 3)	p104	(('-177716000000*C^3*U - 266574000000*C^2*V^2 + 32487000000*C^2*U^3 - 194922000000*C*V^2*U^2 - 93562560000*C*U^5 - 64974000000*V^4*U - 175429800000*V^2*U^4 + 3403400000*U^7', '1'), ('0', '1'), ('0', '1'), ('0', '1'), ('0', '1'), ('0', '1'), ('0', '1'), ('0', '1'), ('0', '1'), ('0', '1'), ('0', '1'), ('0', '1'), ('0', '1'), ('0', '1'), ('0', '1'), ('0', '1'), ('0', '1'), ('0', '1'))
derivative-only	('g', 'F0', -11, 3)	p105	(('-509586000000*C^2*V*U - 177716000000*C*V^3 - 97461000000*V^3*U^2 - 93562560000*V*U^5', '1'), ('0', '1'), ('0', '1'), ('0', '1'), ('0', '1'), ('0', '1'), ('0', '1'), ('0', '1'), ('0', '1'), ('0', '1'), ('0', '1'), ('0', '1'), ('0', '1'), ('0', '1'), ('0', '1'), ('0', '1'), ('0', '1'), ('0', '1'))
derivative-only	('g', 'F0', -11, 3)	p106	(('-26457750000*C^3 - 23562000000*C^2*U^2 - 23562000000*C*V^2*U + 48730500000*C*U^4 - 5890500000*V^4 - 32487000000*V^2*U^3 - 19492200000*U^6', '1'), ('0', '1'), ('0', '1'), ('0', '1'), ('0', '1'), ('0', '1'), ('0', '1'), ('0', '1'), ('0', '1'), ('0', '1'), ('0', '1'), ('0', '1'), ('0', '1'), ('0', '1'), ('0', '1'), ('0', '1'), ('0', '1'), ('0', '1'))
derivative-only	('g', 'F0', -11, 3)	p107	(('-79373250000*C^2*V + 32487000000*V*U^4', '1'), ('0', '1'), ('0', '1'), ('0', '1'), ('0', '1'), ('0', '1'), ('0', '1'), ('0', '1'), ('0', '1'), ('0', '1'), ('0', '1'), ('0', '1'), ('0', '1'), ('0', '1'), ('0', '1'), ('0', '1'), ('0', '1'), ('0', '1'))
derivative-only	('g', 'F0', -11, 3)	p108	(('-2524500000*C*V^2 - 7854000000*C*U^3 + 23562000000*V^2*U^2 + 19492200000*U^5', '1'), ('0', '1'), ('0', '1'), ('0', '1'), ('0', '1'), ('0', '1'), ('0', '1'), ('0', '1'), ('0', '1'), ('0', '1'), ('0', '1'), ('0', '1'), ('0', '1'), ('0', '1'), ('0', '1'), ('0', '1'), ('0', '1'), ('0', '1'))
derivative-only	('g', 'F0', -11, 3)	p109	(('841500000*V^3 + 15708000000*V*U^3', '1'), ('0', '1'), ('0', '1'), ('0', '1'), ('0', '1'), ('0', '1'), ('0', '1'), ('0', '1'), ('0', '1'), ('0', '1'), ('0', '1'), ('0', '1'), ('0', '1'), ('0', '1'), ('0', '1'), ('0', '1'), ('0', '1'), ('0', '1'))
derivative-only	('g', 'F0', -11, 3)	p110	(('-243100000*C^2 + 2524500000*C*U^2 + 2524500000*V^2*U - 1963500000*U^4', '1'), ('0', '1'), ('0', '1'), ('0', '1'), ('0', '1'), ('0', '1'), ('0', '1'), ('0', '1'), ('0', '1'), ('0', '1'), ('0', '1'), ('0', '1'), ('0', '1'), ('0', '1'), ('0', '1'), ('0', '1'), ('0', '1'), ('0', '1'))
derivative-only	('g', 'F0', -11, 3)	p111	(('-501000500000*C^3*U - 796941750000*C^2*V^2 - 141372000000*C^2*U^3 + 212058000000*C*V^2*U^2 + 350859600000*C*U^5 + 146191500000*V^2*U^4 - 60147360000*U^7', '1'), ('0', '1'), ('0', '1'), ('0', '1'), ('0', '1'), ('0', '1'), ('0', '1'), ('0', '1'), ('0', '1'), ('0', '1'), ('0', '1'), ('0', '1'), ('0', '1'), ('0', '1'), ('0', '1'), ('0', '1'), ('0', '1'), ('0', '1'))
derivative-only	('g', 'F0', -11, 3)	p112	(('-1503001500000*C^2*V*U - 501000500000*C*V^3 + 141372000000*C*V*U^3 + 212058000000*V^3*U^2 + 292383000000*V*U^5', '1'), ('0', '1'), ('0', '1'), ('0', '1'), ('0', '1'), ('0', '1'), ('0', '1'), ('0', '1'), ('0', '1'), ('0', '1'), ('0', '1'), ('0', '1'), ('0', '1'), ('0', '1'), ('0', '1'), ('0', '1'), ('0', '1'), ('0', '1'))
derivative-only	('g', 'F0', -11, 3)	p113	(('-67331550000*C^3 + 45441000000*C^2*U^2 + 45441000000*C*V^2*U - 70686000000*C*U^4 + 11360250000*V^4 + 282744000000*V^2*U^3 + 97461000000*U^6', '1'), ('0', '1'), ('0', '1'), ('0', '1'), ('0', '1'), ('0', '1'), ('0', '1'), ('0', '1'), ('0', '1'), ('0', '1'), ('0', '1'), ('0', '1'), ('0', '1'), ('0', '1'), ('0', '1'), ('0', '1'), ('0', '1'), ('0', '1'))
derivative-only	('g', 'F0', -11, 3)	p114	(('-193243050000*C^2*V + 45441000000*C*V*U^2 + 45441000000*V^3*U + 70686000000*V*U^4', '1'), ('0', '1'), ('0', '1'), ('0', '1'), ('0', '1'), ('0', '1'), ('0', '1'), ('0', '1'), ('0', '1'), ('0', '1'), ('0', '1'), ('0', '1'), ('0', '1'), ('0', '1'), ('0', '1'), ('0', '1'), ('0', '1'), ('0', '1'))
derivative-only	('g', 'F0', -11, 3)	p115	(('4375800000*C*V^2 + 30294000000*C*U^3 + 22720500000*V^2*U^2 - 28274400000*U^5', '1'), ('0', '1'), ('0', '1'), ('0', '1'), ('0', '1'), ('0', '1'), ('0', '1'), ('0', '1'), ('0', '1'), ('0', '1'), ('0', '1'), ('0', '1'), ('0', '1'), ('0', '1'), ('0', '1'), ('0', '1'), ('0', '1'), ('0', '1'))
derivative-only	('g', 'F0', -11, 3)	p116	(('8751600000*C*V*U + 1458600000*V^3 - 15147000000*V*U^3', '1'), ('0', '1'), ('0', '1'), ('0', '1'), ('0', '1'), ('0', '1'), ('0', '1'), ('0', '1'), ('0', '1'), ('0', '1'), ('0', '1'), ('0', '1'), ('0', '1'), ('0', '1'), ('0', '1'), ('0', '1'), ('0', '1'), ('0', '1'))
derivative-only	('g', 'F0', -11, 3)	p117	(('-1402801400000*C^3*U - 2021061900000*C^2*V^2 + 575586000000*C^2*U^3 + 863379000000*C*V^2*U^2 - 671517000000*C*U^5 + 431689500000*V^4*U + 1678792500000*V^2*U^4 + 396805500000*U^7', '1'), ('0', '1'), ('0', '1'), ('0', '1'), ('0', '1'), ('0', '1'), ('0', '1'), ('0', '1'), ('0', '1'), ('0', '1'), ('0', '1'), ('0', '1'), ('0', '1'), ('0', '1'), ('0', '1'), ('0', '1'), ('0', '1'), ('0', '1'))
derivative-only	('g', 'F0', -11, 3)	p118	(('-4042123800000*C^2*V*U - 1319661200000*C*V^3 + 287793000000*C*V*U^3 + 431689500000*V^3*U^2', '1'), ('0', '1'), ('0', '1'), ('0', '1'), ('0', '1'), ('0', '1'), ('0', '1'), ('0', '1'), ('0', '1'), ('0', '1'), ('0', '1'), ('0', '1'), ('0', '1'), ('0', '1'), ('0', '1'), ('0', '1'), ('0', '1'), ('0', '1'))
derivative-only	('g', 'F0', -11, 3)	p119	(('-147875227500*C^3 + 166280400000*C*V^2*U + 215844750000*C*U^4 + 20785050000*V^4 - 143896500000*V^2*U^3 - 223839000000*U^6', '1'), ('0', '1'), ('0', '1'), ('0', '1'), ('0', '1'), ('0', '1'), ('0', '1'), ('0', '1'), ('0', '1'), ('0', '1'), ('0', '1'), ('0', '1'), ('0', '1'), ('0', '1'), ('0', '1'), ('0', '1'), ('0', '1'), ('0', '1'))
derivative-only	('g', 'F0', -11, 3)	p120	(('-443625682500*C^2*V + 83140200000*C*V*U^2 - 215844750000*V*U^4', '1'), ('0', '1'), ('0', '1'), ('0', '1'), ('0', '1'), ('0', '1'), ('0', '1'), ('0', '1'), ('0', '1'), ('0', '1'), ('0', '1'), ('0', '1'), ('0', '1'), ('0', '1'), ('0', '1'), ('0', '1'), ('0', '1'), ('0', '1'))
derivative-only	('g', 'F0', -11, 3)	p121	(('7274767500*C^2*U + 7274767500*C*V^2 - 27713400000*C*U^3 - 41570100000*V^2*U^2 + 14389650000*U^5', '1'), ('0', '1'), ('0', '1'), ('0', '1'), ('0', '1'), ('0', '1'), ('0', '1'), ('0', '1'), ('0', '1'), ('0', '1'), ('0', '1'), ('0', '1'), ('0', '1'), ('0', '1'), ('0', '1'), ('0', '1'), ('0', '1'), ('0', '1'))
derivative-only	('g', 'F0', -11, 3)	p122	(('-3361508150000*C^3*U - 5042262225000*C^2*V^2 - 554268000000*C^2*U^3 + 831402000000*C*V^2*U^2 + 1438965000000*C*U^5 - 3597412500000*V^2*U^4 - 1279080000000*U^7', '1'), ('0', '1'), ('0', '1'), ('0', '1'), ('0', '1'), ('0', '1'), ('0', '1'), ('0', '1'), ('0', '1'), ('0', '1'), ('0', '1'), ('0', '1'), ('0', '1'), ('0', '1'), ('0', '1'), ('0', '1'), ('0', '1'), ('0', '1'))
derivative-only	('g', 'F0', -11, 3)	p123	(('-10375515150000*C^2*V*U - 3410006600000*C*V^3 - 831402000000*V^3*U^2 - 1438965000000*V*U^5', '1'), ('0', '1'), ('0', '1'), ('0', '1'), ('0', '1'), ('0', '1'), ('0', '1'), ('0', '1'), ('0', '1'), ('0', '1'), ('0', '1'), ('0', '1'), ('0', '1'), ('0', '1'), ('0', '1'), ('0', '1'), ('0', '1'), ('0', '1'))
derivative-only	('g', 'F0', -11, 3)	p124	(('-318181500000*C^3 + 72747675000*C^2*U^2 - 415701000000*C*U^4 - 12124612500*V^4 - 554268000000*V^2*U^3 + 239827500000*U^6', '1'), ('0', '1'), ('0', '1'), ('0', '1'), ('0', '1'), ('0', '1'), ('0', '1'), ('0', '1'), ('0', '1'), ('0', '1'), ('0', '1'), ('0', '1'), ('0', '1'), ('0', '1'), ('0', '1'), ('0', '1'), ('0', '1'), ('0', '1'))
derivative-only	('g', 'F0', -11, 3)	p125	(('-954544500000*C^2*V - 145495350000*C*V*U^2 - 48498450000*V^3*U + 138567000000*V*U^4', '1'), ('0', '1'), ('0', '1'), ('0', '1'), ('0', '1'), ('0', '1'), ('0', '1'), ('0', '1'), ('0', '1'), ('0', '1'), ('0', '1'), ('0', '1'), ('0', '1'), ('0', '1'), ('0', '1'), ('0', '1'), ('0', '1'), ('0', '1'))
derivative-only	('g', 'F0', -11, 3)	p126	(('-8016008000000*C^3*U - 11901469125000*C^2*V^2 + 509233725000*C^2*U^3 - 3055402350000*C*V^2*U^2 - 3491888400000*C*U^5 - 1018467450000*V^4*U - 1454953500000*V^2*U^4 + 2158447500000*U^7', '1'), ('0', '1'), ('0', '1'), ('0', '1'), ('0', '1'), ('0', '1'), ('0', '1'), ('0', '1'), ('0', '1'), ('0', '1'), ('0', '1'), ('0', '1'), ('0', '1'), ('0', '1'), ('0', '1'), ('0', '1'), ('0', '1'), ('0', '1'))
derivative-only	('g', 'F0', -11, 3)	p127	(('-24048024000000*C^2*V*U - 8097703250000*C*V^3 - 2036934900000*C*V*U^3 - 509233725000*V^3*U^2 + 2327925600000*V*U^5', '1'), ('0', '1'), ('0', '1'), ('0', '1'), ('0', '1'), ('0', '1'), ('0', '1'), ('0', '1'), ('0', '1'), ('0', '1'), ('0', '1'), ('0', '1'), ('0', '1'), ('0', '1'), ('0', '1'), ('0', '1'), ('0', '1'), ('0', '1'))
derivative-only	('g', 'F0', -11, 3)	p128	(('-638092000000*C^3 - 122542875000*C^2*U^2 - 245085750000*C*V^2*U + 254616862500*C*U^4 - 20423812500*V^4 + 509233725000*V^2*U^3 - 96996900000*U^6', '1'), ('0', '1'), ('0', '1'), ('0', '1'), ('0', '1'), ('0', '1'), ('0', '1'), ('0', '1'), ('0', '1'), ('0', '1'), ('0', '1'), ('0', '1'), ('0', '1'), ('0', '1'), ('0', '1'), ('0', '1'), ('0', '1'), ('0', '1'))
derivative-only	('g', 'F0', -11, 3)	p129	(('-17034017000000*C^3*U + 16762746000000*C^2*V^2 - 1797295500000*C^2*U^3 - 2695943250000*C*V^2*U^2 + 4481256780000*C*U^5 + 8402356462500*V^2*U^4 - 1829084400000*U^7', '1'), ('0', '1'), ('0', '1'), ('0', '1'), ('0', '1'), ('0', '1'), ('0', '1'), ('0', '1'), ('0', '1'), ('0', '1'), ('0', '1'), ('0', '1'), ('0', '1'), ('0', '1'), ('0', '1'), ('0', '1'), ('0', '1'), ('0', '1'))
derivative-only	('g', 'F0', -11, 3)	p130	(('-8987979000000*C^2*V*U - 17167150000000*C*V^3 + 1797295500000*C*V*U^3 + 898647750000*V^3*U^2 - 1120314195000*V*U^5', '1'), ('0', '1'), ('0', '1'), ('0', '1'), ('0', '1'), ('0', '1'), ('0', '1'), ('0', '1'), ('0', '1'), ('0', '1'), ('0', '1'), ('0', '1'), ('0', '1'), ('0', '1'), ('0', '1'), ('0', '1'), ('0', '1'), ('0', '1'))
derivative-only	('g', 'F0', -11, 3)	p131	(('-6294326500000*C^3*U + 32535195000000*C^2*V^2 + 1531029500000*C^2*U^3 + 4593088500000*C*V^2*U^2 - 2066889825000*C*U^5 + 765514750000*V^4*U - 5167224562500*V^2*U^4 + 613505392500*U^7', '1'), ('0', '1'), ('0', '1'), ('0', '1'), ('0', '1'), ('0', '1'), ('0', '1'), ('0', '1'), ('0', '1'), ('0', '1'), ('0', '1'), ('0', '1'), ('0', '1'), ('0', '1'), ('0', '1'), ('0', '1'), ('0', '1'), ('0', '1'))
derivative-only	('g', 'F0', -11, 8)	constant	(('307246113281250*V', '1'), ('369208125000000*V', '1'), ('117941484375000*V', '1'), ('0', '1'), ('0', '1'), ('0', '1'), ('0', '1'), ('0', '1'), ('0', '1'), ('0', '1'), ('0', '1'), ('0', '1'), ('0', '1'), ('0', '1'), ('0', '1'), ('0', '1'), ('0', '1'), ('0', '1'))
derivative-only	('g', 'F0', -11, 8)	p79	(('-17578125', '1'), ('0', '1'), ('0', '1'), ('0', '1'), ('0', '1'), ('0', '1'), ('0', '1'), ('0', '1'), ('0', '1'), ('0', '1'), ('0', '1'), ('0', '1'), ('0', '1'), ('0', '1'), ('0', '1'), ('0', '1'), ('0', '1'), ('0', '1'))
derivative-only	('g', 'F0', -11, 8)	p89	(('-175781250', '1'), ('0', '1'), ('0', '1'), ('0', '1'), ('0', '1'), ('0', '1'), ('0', '1'), ('0', '1'), ('0', '1'), ('0', '1'), ('0', '1'), ('0', '1'), ('0', '1'), ('0', '1'), ('0', '1'), ('0', '1'), ('0', '1'), ('0', '1'))
derivative-only	('g', 'F0', -11, 8)	p98	(('-966796875', '1'), ('0', '1'), ('0', '1'), ('0', '1'), ('0', '1'), ('0', '1'), ('0', '1'), ('0', '1'), ('0', '1'), ('0', '1'), ('0', '1'), ('0', '1'), ('0', '1'), ('0', '1'), ('0', '1'), ('0', '1'), ('0', '1'), ('0', '1'))
derivative-only	('g', 'F0', -11, 8)	p106	(('-3867187500', '1'), ('0', '1'), ('0', '1'), ('0', '1'), ('0', '1'), ('0', '1'), ('0', '1'), ('0', '1'), ('0', '1'), ('0', '1'), ('0', '1'), ('0', '1'), ('0', '1'), ('0', '1'), ('0', '1'), ('0', '1'), ('0', '1'), ('0', '1'))
derivative-only	('g', 'F0', -11, 8)	p113	(('-12568359375', '1'), ('0', '1'), ('0', '1'), ('0', '1'), ('0', '1'), ('0', '1'), ('0', '1'), ('0', '1'), ('0', '1'), ('0', '1'), ('0', '1'), ('0', '1'), ('0', '1'), ('0', '1'), ('0', '1'), ('0', '1'), ('0', '1'), ('0', '1'))
derivative-only	('g', 'F0', -11, 8)	p119	(('-35191406250', '1'), ('0', '1'), ('0', '1'), ('0', '1'), ('0', '1'), ('0', '1'), ('0', '1'), ('0', '1'), ('0', '1'), ('0', '1'), ('0', '1'), ('0', '1'), ('0', '1'), ('0', '1'), ('0', '1'), ('0', '1'), ('0', '1'), ('0', '1'))
derivative-only	('g', 'F0', -11, 8)	p124	(('-87978515625', '1'), ('0', '1'), ('0', '1'), ('0', '1'), ('0', '1'), ('0', '1'), ('0', '1'), ('0', '1'), ('0', '1'), ('0', '1'), ('0', '1'), ('0', '1'), ('0', '1'), ('0', '1'), ('0', '1'), ('0', '1'), ('0', '1'), ('0', '1'))
derivative-only	('g', 'F0', -11, 8)	p128	(('-201093750000', '1'), ('0', '1'), ('0', '1'), ('0', '1'), ('0', '1'), ('0', '1'), ('0', '1'), ('0', '1'), ('0', '1'), ('0', '1'), ('0', '1'), ('0', '1'), ('0', '1'), ('0', '1'), ('0', '1'), ('0', '1'), ('0', '1'), ('0', '1'))
derivative-only	('g', 'F0', -11, 8)	p131	(('9828457031250*U', '1'), ('0', '1'), ('0', '1'), ('0', '1'), ('0', '1'), ('0', '1'), ('0', '1'), ('0', '1'), ('0', '1'), ('0', '1'), ('0', '1'), ('0', '1'), ('0', '1'), ('0', '1'), ('0', '1'), ('0', '1'), ('0', '1'), ('0', '1'))
derivative-only	('g', 'F0', -10, 1)	constant	(('-996822146705128/3*C^5 - 166370634905790*C^4*U^2 - 4120243156591080*C^3*V^2*U - 3832059922700600*C^3*U^4 + 844257189041010*C^2*V^4 + 65026754609478450*C^2*V^2*U^3 + 13147252433707020*C^2*U^6 - 14959237379022925/2*C*V^4*U^2 + 56379296781161640*C*V^2*U^5 + 9078474607857945*C*U^8 + 160525467644580*V^6*U - 4486524585723475*V^4*U^4 + 1708912773680880*V^2*U^7 + 106930707006143*U^10', '1'), ('363197555656304/3*C^5 - 236561169359480*C^4*U^2 - 27545390562056360*C^3*V^2*U - 14778617520433080*C^3*U^4 - 1194444184969880*C^2*V^4 + 58059895232437680*C^2*V^2*U^3 + 7781938127973960*C^2*U^6 - 17691393493907140*C*V^4*U^2 + 80651735715159720*C*V^2*U^5 + 14020256959421520*C*U^8 - 388400368049440*V^6*U - 19011992903992600*V^4*U^4 + 5474536912702080*V^2*U^7 + 378931819837656*U^10', '1'), ('-1793560745738752/3*C^5 + 3923158850543240*C^4*U^2 + 8311400163970280*C^3*V^2*U + 29977392398114040*C^3*U^4 + 1151373093772790*C^2*V^4 + 78725187054230160*C^2*V^2*U^3 - 41372192244698080*C^2*U^6 - 4334171898973180*C*V^4*U^2 + 39139981699698240*C*V^2*U^5 + 15994524018492240*C*U^8 + 3269334417482720*V^6*U + 3962066103343800*V^4*U^4 + 8535081184104960*V^2*U^7 - 249218650728*U^10', '1'), ('907272517268276/3*C^5 - 2575567700262270*C^4*U^2 - 14691061581270840*C^3*V^2*U + 3266126342887080*C^3*U^4 - 278381298885570*C^2*V^4 - 4179526995956430*C^2*V^2*U^3 - 5333237063968660*C^2*U^6 - 5001516217124845/2*C*V^4*U^2 + 38915874059392680*C*V^2*U^5 + 1878252609985155*C*U^8 - 82715113110560*V^6*U - 5705371989214275*V^4*U^4 - 894301167917880*V^2*U^7 + 191146765188639*U^10', '1'), ('-202098649457368/3*C^5 + 21841554512260*C^4*U^2 + 2314357093610920*C^3*V^2*U + 6628446502619760*C^3*U^4 + 626682679341910*C^2*V^4 + 4126512273192540*C^2*V^2*U^3 - 5572512361555720*C^2*U^6 - 186864806601795*C*V^4*U^2 + 5468141564486160*C*V^2*U^5 + 938768543975010*C*U^8 + 237580581245280*V^6*U + 1221178270933950*V^4*U^4 + 126170023721040*V^2*U^7 - 11510428332702*U^10', '1'), ('26130552258560*C^5 - 319999948388400*C^4*U^2 - 967486984757400*C^3*V^2*U - 150813599413680*C^3*U^4 + 11761731504150*C^2*V^4 - 2420993313826920*C^2*V^2*U^3 + 488461403016720*C^2*U^6 - 651992779119990*C*V^4*U^2 + 790663777727040*C*V^2*U^5 - 179286324193620*C*U^8 - 108822628185600*V^6*U - 886930829040900*V^4*U^4 - 99536980207680*V^2*U^7 + 12959115354900*U^10', '1'), ('700000000/9*C^2 - 224000000*C*U^2 - 224000000*V^2*U', '1'), ('-1225000000/9*C^2 + 392000000*C*U^2 + 392000000*V^2*U', '1'), ('98437500*C^2 - 283500000*C*U^2 - 283500000*V^2*U', '1'), ('-306250000/9*C^2 + 98000000*C*U^2 + 98000000*V^2*U', '1'), ('43750000/9*C^2 - 14000000*C*U^2 - 14000000*V^2*U', '1'), ('0', '1'), ('0', '1'), ('0', '1'), ('0', '1'), ('0', '1'), ('0', '1'), ('0', '1'))
derivative-only	('g', 'F0', -10, 1)	p30	(('-50', '1'), ('0', '1'), ('0', '1'), ('0', '1'), ('0', '1'), ('0', '1'), ('0', '1'), ('0', '1'), ('0', '1'), ('0', '1'), ('0', '1'), ('0', '1'), ('0', '1'), ('0', '1'), ('0', '1'), ('0', '1'), ('0', '1'), ('0', '1'))
derivative-only	('g', 'F0', -10, 1)	p32	(('-150', '1'), ('0', '1'), ('0', '1'), ('0', '1'), ('0', '1'), ('0', '1'), ('0', '1'), ('0', '1'), ('0', '1'), ('0', '1'), ('0', '1'), ('0', '1'), ('0', '1'), ('0', '1'), ('0', '1'), ('0', '1'), ('0', '1'), ('0', '1'))
derivative-only	('g', 'F0', -10, 1)	p37	(('1800*C', '1'), ('0', '1'), ('0', '1'), ('0', '1'), ('0', '1'), ('0', '1'), ('0', '1'), ('0', '1'), ('0', '1'), ('0', '1'), ('0', '1'), ('0', '1'), ('0', '1'), ('0', '1'), ('0', '1'), ('0', '1'), ('0', '1'), ('0', '1'))
derivative-only	('g', 'F0', -10, 1)	p38	(('1800*V', '1'), ('0', '1'), ('0', '1'), ('0', '1'), ('0', '1'), ('0', '1'), ('0', '1'), ('0', '1'), ('0', '1'), ('0', '1'), ('0', '1'), ('0', '1'), ('0', '1'), ('0', '1'), ('0', '1'), ('0', '1'), ('0', '1'), ('0', '1'))
derivative-only	('g', 'F0', -10, 1)	p39	(('1800*U', '1'), ('0', '1'), ('0', '1'), ('0', '1'), ('0', '1'), ('0', '1'), ('0', '1'), ('0', '1'), ('0', '1'), ('0', '1'), ('0', '1'), ('0', '1'), ('0', '1'), ('0', '1'), ('0', '1'), ('0', '1'), ('0', '1'), ('0', '1'))
derivative-only	('g', 'F0', -10, 1)	p40	(('12600*V*U', '1'), ('0', '1'), ('0', '1'), ('0', '1'), ('0', '1'), ('0', '1'), ('0', '1'), ('0', '1'), ('0', '1'), ('0', '1'), ('0', '1'), ('0', '1'), ('0', '1'), ('0', '1'), ('0', '1'), ('0', '1'), ('0', '1'), ('0', '1'))
derivative-only	('g', 'F0', -10, 1)	p41	(('3500*C + 6300*U^2', '1'), ('0', '1'), ('0', '1'), ('0', '1'), ('0', '1'), ('0', '1'), ('0', '1'), ('0', '1'), ('0', '1'), ('0', '1'), ('0', '1'), ('0', '1'), ('0', '1'), ('0', '1'), ('0', '1'), ('0', '1'), ('0', '1'), ('0', '1'))
derivative-only	('g', 'F0', -10, 1)	p42	(('3500*V', '1'), ('0', '1'), ('0', '1'), ('0', '1'), ('0', '1'), ('0', '1'), ('0', '1'), ('0', '1'), ('0', '1'), ('0', '1'), ('0', '1'), ('0', '1'), ('0', '1'), ('0', '1'), ('0', '1'), ('0', '1'), ('0', '1'), ('0', '1'))
derivative-only	('g', 'F0', -10, 1)	p43	(('-35000*C*V + 50400*V*U^2', '1'), ('0', '1'), ('0', '1'), ('0', '1'), ('0', '1'), ('0', '1'), ('0', '1'), ('0', '1'), ('0', '1'), ('0', '1'), ('0', '1'), ('0', '1'), ('0', '1'), ('0', '1'), ('0', '1'), ('0', '1'), ('0', '1'), ('0', '1'))
derivative-only	('g', 'F0', -10, 1)	p44	(('-63000*C*U - 17500*V^2 + 16800*U^3', '1'), ('0', '1'), ('0', '1'), ('0', '1'), ('0', '1'), ('0', '1'), ('0', '1'), ('0', '1'), ('0', '1'), ('0', '1'), ('0', '1'), ('0', '1'), ('0', '1'), ('0', '1'), ('0', '1'), ('0', '1'), ('0', '1'), ('0', '1'))
derivative-only	('g', 'F0', -10, 1)	p46	(('6000*C - 14000*U^2', '1'), ('0', '1'), ('0', '1'), ('0', '1'), ('0', '1'), ('0', '1'), ('0', '1'), ('0', '1'), ('0', '1'), ('0', '1'), ('0', '1'), ('0', '1'), ('0', '1'), ('0', '1'), ('0', '1'), ('0', '1'), ('0', '1'), ('0', '1'))
derivative-only	('g', 'F0', -10, 1)	p47	(('-302400*C^2*U - 176400*C*V^2 + 151200*C*U^3 + 226800*V^2*U^2', '1'), ('0', '1'), ('0', '1'), ('0', '1'), ('0', '1'), ('0', '1'), ('0', '1'), ('0', '1'), ('0', '1'), ('0', '1'), ('0', '1'), ('0', '1'), ('0', '1'), ('0', '1'), ('0', '1'), ('0', '1'), ('0', '1'), ('0', '1'))
derivative-only	('g', 'F0', -10, 1)	p48	(('-604800*C*V*U - 58800*V^3 + 151200*V*U^3', '1'), ('0', '1'), ('0', '1'), ('0', '1'), ('0', '1'), ('0', '1'), ('0', '1'), ('0', '1'), ('0', '1'), ('0', '1'), ('0', '1'), ('0', '1'), ('0', '1'), ('0', '1'), ('0', '1'), ('0', '1'), ('0', '1'), ('0', '1'))
derivative-only	('g', 'F0', -10, 1)	p49	(('37500*C^2 - 428400*C*U^2 - 302400*V^2*U + 37800*U^4', '1'), ('0', '1'), ('0', '1'), ('0', '1'), ('0', '1'), ('0', '1'), ('0', '1'), ('0', '1'), ('0', '1'), ('0', '1'), ('0', '1'), ('0', '1'), ('0', '1'), ('0', '1'), ('0', '1'), ('0', '1'), ('0', '1'), ('0', '1'))
derivative-only	('g', 'F0', -10, 1)	p50	(('-189000*C*V - 126000*V*U^2', '1'), ('0', '1'), ('0', '1'), ('0', '1'), ('0', '1'), ('0', '1'), ('0', '1'), ('0', '1'), ('0', '1'), ('0', '1'), ('0', '1'), ('0', '1'), ('0', '1'), ('0', '1'), ('0', '1'), ('0', '1'), ('0', '1'), ('0', '1'))
derivative-only	('g', 'F0', -10, 1)	p51	(('-189000*C*U - 121500*V^2 - 84000*U^3', '1'), ('0', '1'), ('0', '1'), ('0', '1'), ('0', '1'), ('0', '1'), ('0', '1'), ('0', '1'), ('0', '1'), ('0', '1'), ('0', '1'), ('0', '1'), ('0', '1'), ('0', '1'), ('0', '1'), ('0', '1'), ('0', '1'), ('0', '1'))
derivative-only	('g', 'F0', -10, 1)	p52	(('-54000*V*U', '1'), ('0', '1'), ('0', '1'), ('0', '1'), ('0', '1'), ('0', '1'), ('0', '1'), ('0', '1'), ('0', '1'), ('0', '1'), ('0', '1'), ('0', '1'), ('0', '1'), ('0', '1'), ('0', '1'), ('0', '1'), ('0', '1'), ('0', '1'))
derivative-only	('g', 'F0', -10, 1)	p53	(('-1058400*C^2*U - 1328400*C*V^2 - 840000*C*U^3 - 630000*V^2*U^2 + 75600*U^5', '1'), ('0', '1'), ('0', '1'), ('0', '1'), ('0', '1'), ('0', '1'), ('0', '1'), ('0', '1'), ('0', '1'), ('0', '1'), ('0', '1'), ('0', '1'), ('0', '1'), ('0', '1'), ('0', '1'), ('0', '1'), ('0', '1'), ('0', '1'))
derivative-only	('g', 'F0', -10, 1)	p54	(('-2656800*C*V*U - 532800*V^3 - 840000*V*U^3', '1'), ('0', '1'), ('0', '1'), ('0', '1'), ('0', '1'), ('0', '1'), ('0', '1'), ('0', '1'), ('0', '1'), ('0', '1'), ('0', '1'), ('0', '1'), ('0', '1'), ('0', '1'), ('0', '1'), ('0', '1'), ('0', '1'), ('0', '1'))
derivative-only	('g', 'F0', -10, 1)	p55	(('99750*C^2 - 1058400*C*U^2 - 1598400*V^2*U - 315000*U^4', '1'), ('0', '1'), ('0', '1'), ('0', '1'), ('0', '1'), ('0', '1'), ('0', '1'), ('0', '1'), ('0', '1'), ('0', '1'), ('0', '1'), ('0', '1'), ('0', '1'), ('0', '1'), ('0', '1'), ('0', '1'), ('0', '1'), ('0', '1'))
derivative-only	('g', 'F0', -10, 1)	p56	(('-535500*C*V - 270000*V*U^2', '1'), ('0', '1'), ('0', '1'), ('0', '1'), ('0', '1'), ('0', '1'), ('0', '1'), ('0', '1'), ('0', '1'), ('0', '1'), ('0', '1'), ('0', '1'), ('0', '1'), ('0', '1'), ('0', '1'), ('0', '1'), ('0', '1'), ('0', '1'))
derivative-only	('g', 'F0', -10, 1)	p57	(('-535500*C*U - 267750*V^2 + 90000*U^3', '1'), ('0', '1'), ('0', '1'), ('0', '1'), ('0', '1'), ('0', '1'), ('0', '1'), ('0', '1'), ('0', '1'), ('0', '1'), ('0', '1'), ('0', '1'), ('0', '1'), ('0', '1'), ('0', '1'), ('0', '1'), ('0', '1'), ('0', '1'))
derivative-only	('g', 'F0', -10, 1)	p58	(('-682500*C^3 + 9172800*C^2*U^2 + 3585600*C*V^2*U - 6111000*C*U^4 - 683700*V^4 - 9912000*V^2*U^3 + 138600*U^6', '1'), ('0', '1'), ('0', '1'), ('0', '1'), ('0', '1'), ('0', '1'), ('0', '1'), ('0', '1'), ('0', '1'), ('0', '1'), ('0', '1'), ('0', '1'), ('0', '1'), ('0', '1'), ('0', '1'), ('0', '1'), ('0', '1'), ('0', '1'))
derivative-only	('g', 'F0', -10, 1)	p59	(('-157500*C^2*V + 15375600*C*V*U^2 + 205200*V^3*U - 6111000*V*U^4', '1'), ('0', '1'), ('0', '1'), ('0', '1'), ('0', '1'), ('0', '1'), ('0', '1'), ('0', '1'), ('0', '1'), ('0', '1'), ('0', '1'), ('0', '1'), ('0', '1'), ('0', '1'), ('0', '1'), ('0', '1'), ('0', '1'), ('0', '1'))
derivative-only	('g', 'F0', -10, 1)	p60	(('-3861900*C^2*U - 3861900*C*V^2 + 990000*C*U^3 - 2970000*V^2*U^2 - 924000*U^5', '1'), ('0', '1'), ('0', '1'), ('0', '1'), ('0', '1'), ('0', '1'), ('0', '1'), ('0', '1'), ('0', '1'), ('0', '1'), ('0', '1'), ('0', '1'), ('0', '1'), ('0', '1'), ('0', '1'), ('0', '1'), ('0', '1'), ('0', '1'))
derivative-only	('g', 'F0', -10, 1)	p61	(('-6684300*C*V*U - 1287300*V^3', '1'), ('0', '1'), ('0', '1'), ('0', '1'), ('0', '1'), ('0', '1'), ('0', '1'), ('0', '1'), ('0', '1'), ('0', '1'), ('0', '1'), ('0', '1'), ('0', '1'), ('0', '1'), ('0', '1'), ('0', '1'), ('0', '1'), ('0', '1'))
derivative-only	('g', 'F0', -10, 1)	p62	(('462000*C^2 - 3342150*C*U^2 - 2822400*V^2*U + 742500*U^4', '1'), ('0', '1'), ('0', '1'), ('0', '1'), ('0', '1'), ('0', '1'), ('0', '1'), ('0', '1'), ('0', '1'), ('0', '1'), ('0', '1'), ('0', '1'), ('0', '1'), ('0', '1'), ('0', '1'), ('0', '1'), ('0', '1'), ('0', '1'))
derivative-only	('g', 'F0', -10, 1)	p63	(('-1036000*C*V + 519750*V*U^2', '1'), ('0', '1'), ('0', '1'), ('0', '1'), ('0', '1'), ('0', '1'), ('0', '1'), ('0', '1'), ('0', '1'), ('0', '1'), ('0', '1'), ('0', '1'), ('0', '1'), ('0', '1'), ('0', '1'), ('0', '1'), ('0', '1'), ('0', '1'))
derivative-only	('g', 'F0', -10, 1)	p64	(('-2944200*C^3*V + 101124000*C^2*V*U^2 + 6696000*C*V^3*U - 74844000*C*V*U^4 - 2107200*V^5 - 40656000*V^3*U^3 + 1663200*V*U^6', '1'), ('0', '1'), ('0', '1'), ('0', '1'), ('0', '1'), ('0', '1'), ('0', '1'), ('0', '1'), ('0', '1'), ('0', '1'), ('0', '1'), ('0', '1'), ('0', '1'), ('0', '1'), ('0', '1'), ('0', '1'), ('0', '1'), ('0', '1'))
derivative-only	('g', 'F0', -10, 1)	p65	(('-14704200*C^3*U + 7463700*C^2*V^2 + 64068000*C^2*U^3 + 83304000*C*V^2*U^2 - 17740800*C*U^5 - 1296000*V^4*U - 37422000*V^2*U^4 + 237600*U^7', '1'), ('0', '1'), ('0', '1'), ('0', '1'), ('0', '1'), ('0', '1'), ('0', '1'), ('0', '1'), ('0', '1'), ('0', '1'), ('0', '1'), ('0', '1'), ('0', '1'), ('0', '1'), ('0', '1'), ('0', '1'), ('0', '1'), ('0', '1'))
derivative-only	('g', 'F0', -10, 1)	p66	(('-14115600*C^2*V*U + 12895800*C*V^3 + 116256000*C*V*U^3 + 21828000*V^3*U^2 - 17740800*V*U^5', '1'), ('0', '1'), ('0', '1'), ('0', '1'), ('0', '1'), ('0', '1'), ('0', '1'), ('0', '1'), ('0', '1'), ('0', '1'), ('0', '1'), ('0', '1'), ('0', '1'), ('0', '1'), ('0', '1'), ('0', '1'), ('0', '1'), ('0', '1'))
derivative-only	('g', 'F0', -10, 1)	p67	(('-1960000*C^3 + 36804600*C^2*U^2 + 44566200*C*V^2*U - 1674000*C*U^4 - 265650*V^4 - 27108000*V^2*U^3 - 2310000*U^6', '1'), ('0', '1'), ('0', '1'), ('0', '1'), ('0', '1'), ('0', '1'), ('0', '1'), ('0', '1'), ('0', '1'), ('0', '1'), ('0', '1'), ('0', '1'), ('0', '1'), ('0', '1'), ('0', '1'), ('0', '1'), ('0', '1'), ('0', '1'))
derivative-only	('g', 'F0', -10, 1)	p68	(('1680000*C^2*V + 86083200*C*V*U^2 + 16934400*V^3*U - 4644000*V*U^4', '1'), ('0', '1'), ('0', '1'), ('0', '1'), ('0', '1'), ('0', '1'), ('0', '1'), ('0', '1'), ('0', '1'), ('0', '1'), ('0', '1'), ('0', '1'), ('0', '1'), ('0', '1'), ('0', '1'), ('0', '1'), ('0', '1'), ('0', '1'))
derivative-only	('g', 'F0', -10, 1)	p69	(('4233600*C^2*U - 1982400*C*V^2 - 2079000*C*U^3 + 6237000*V^2*U^2 + 3564000*U^5', '1'), ('0', '1'), ('0', '1'), ('0', '1'), ('0', '1'), ('0', '1'), ('0', '1'), ('0', '1'), ('0', '1'), ('0', '1'), ('0', '1'), ('0', '1'), ('0', '1'), ('0', '1'), ('0', '1'), ('0', '1'), ('0', '1'), ('0', '1'))
derivative-only	('g', 'F0', -10, 1)	p70	(('-2116800*C*V*U + 3483200*V^3 + 4158000*V*U^3', '1'), ('0', '1'), ('0', '1'), ('0', '1'), ('0', '1'), ('0', '1'), ('0', '1'), ('0', '1'), ('0', '1'), ('0', '1'), ('0', '1'), ('0', '1'), ('0', '1'), ('0', '1'), ('0', '1'), ('0', '1'), ('0', '1'), ('0', '1'))
derivative-only	('g', 'F0', -10, 1)	p71	(('1292400*C^2 + 5157600*C*U^2 - 134400*V^2*U - 519750*U^4', '1'), ('0', '1'), ('0', '1'), ('0', '1'), ('0', '1'), ('0', '1'), ('0', '1'), ('0', '1'), ('0', '1'), ('0', '1'), ('0', '1'), ('0', '1'), ('0', '1'), ('0', '1'), ('0', '1'), ('0', '1'), ('0', '1'), ('0', '1'))
derivative-only	('g', 'F0', -10, 1)	p72	(('1394400*C^3*V + 589963500*C^2*V*U^2 + 226989000*C*V^3*U - 72468000*C*V*U^4 - 1020600*V^5 - 151272000*V^3*U^3 - 30030000*V*U^6', '1'), ('0', '1'), ('0', '1'), ('0', '1'), ('0', '1'), ('0', '1'), ('0', '1'), ('0', '1'), ('0', '1'), ('0', '1'), ('0', '1'), ('0', '1'), ('0', '1'), ('0', '1'), ('0', '1'), ('0', '1'), ('0', '1'), ('0', '1'))
derivative-only	('g', 'F0', -10, 1)	p73	(('11642400*C^3*U + 95955600*C^2*V^2 + 266301000*C^2*U^3 + 671044500*C*V^2*U^2 + 16394400*C*U^5 + 63504000*V^4*U - 55539000*V^2*U^4 - 5148000*U^7', '1'), ('0', '1'), ('0', '1'), ('0', '1'), ('0', '1'), ('0', '1'), ('0', '1'), ('0', '1'), ('0', '1'), ('0', '1'), ('0', '1'), ('0', '1'), ('0', '1'), ('0', '1'), ('0', '1'), ('0', '1'), ('0', '1'), ('0', '1'))
derivative-only	('g', 'F0', -10, 1)	p74	(('73051200*C^2*V*U + 153482400*C*V^3 + 613683000*C*V*U^3 + 250708500*V^3*U^2 + 8672400*V*U^5', '1'), ('0', '1'), ('0', '1'), ('0', '1'), ('0', '1'), ('0', '1'), ('0', '1'), ('0', '1'), ('0', '1'), ('0', '1'), ('0', '1'), ('0', '1'), ('0', '1'), ('0', '1'), ('0', '1'), ('0', '1'), ('0', '1'), ('0', '1'))
derivative-only	('g', 'F0', -10, 1)	p75	(('-5414400*C^3 + 288254400*C^2*U^2 + 321064800*C*V^2*U - 45265500*C*U^4 + 42869400*V^4 - 9450000*V^2*U^3 + 12870000*U^6', '1'), ('0', '1'), ('0', '1'), ('0', '1'), ('0', '1'), ('0', '1'), ('0', '1'), ('0', '1'), ('0', '1'), ('0', '1'), ('0', '1'), ('0', '1'), ('0', '1'), ('0', '1'), ('0', '1'), ('0', '1'), ('0', '1'), ('0', '1'))
derivative-only	('g', 'F0', -10, 1)	p76	(('30164400*C^2*V + 426904800*C*V*U^2 + 137961600*V^3*U - 18238500*V*U^4', '1'), ('0', '1'), ('0', '1'), ('0', '1'), ('0', '1'), ('0', '1'), ('0', '1'), ('0', '1'), ('0', '1'), ('0', '1'), ('0', '1'), ('0', '1'), ('0', '1'), ('0', '1'), ('0', '1'), ('0', '1'), ('0', '1'), ('0', '1'))
derivative-only	('g', 'F0', -10, 1)	p77	(('7938000*C^2*U + 19801800*C*V^2 + 76804000*C*U^3 + 40404000*V^2*U^2 - 5405400*U^5', '1'), ('0', '1'), ('0', '1'), ('0', '1'), ('0', '1'), ('0', '1'), ('0', '1'), ('0', '1'), ('0', '1'), ('0', '1'), ('0', '1'), ('0', '1'), ('0', '1'), ('0', '1'), ('0', '1'), ('0', '1'), ('0', '1'), ('0', '1'))
derivative-only	('g', 'F0', -10, 1)	p78	(('18964800*C*V*U + 6600600*V^3 - 4004000*V*U^3', '1'), ('0', '1'), ('0', '1'), ('0', '1'), ('0', '1'), ('0', '1'), ('0', '1'), ('0', '1'), ('0', '1'), ('0', '1'), ('0', '1'), ('0', '1'), ('0', '1'), ('0', '1'), ('0', '1'), ('0', '1'), ('0', '1'), ('0', '1'))
derivative-only	('g', 'F0', -10, 1)	p79	(('1455705000*C^3*V*U + 413566000*C^2*V^3 - 2694384000*C^2*V*U^3 + 766854000*C*V^3*U^2 + 2197087200*C*V*U^5 + 277635600*V^5*U + 1110186000*V^3*U^4 - 99871200*V*U^7', '1'), ('0', '1'), ('0', '1'), ('0', '1'), ('0', '1'), ('0', '1'), ('0', '1'), ('0', '1'), ('0', '1'), ('0', '1'), ('0', '1'), ('0', '1'), ('0', '1'), ('0', '1'), ('0', '1'), ('0', '1'), ('0', '1'), ('0', '1'))
derivative-only	('g', 'F0', -10, 1)	p80	(('-46834200*C^4 + 1701388500*C^3*U^2 + 1261257000*C^2*V^2*U - 1586202750*C^2*U^4 + 382691000*C*V^4 - 1431837000*C*V^2*U^3 + 510325200*C*U^6 + 460053000*V^4*U^2 + 1044489600*V^2*U^5 - 13985400*U^8', '1'), ('0', '1'), ('0', '1'), ('0', '1'), ('0', '1'), ('0', '1'), ('0', '1'), ('0', '1'), ('0', '1'), ('0', '1'), ('0', '1'), ('0', '1'), ('0', '1'), ('0', '1'), ('0', '1'), ('0', '1'), ('0', '1'), ('0', '1'))
derivative-only	('g', 'F0', -10, 1)	p81	(('180457200*C^3*V + 4354896000*C^2*V*U^2 + 2404920000*C*V^3*U - 404365500*C*V*U^4 + 197248800*V^5 + 45738000*V^3*U^3 + 162162000*V*U^6', '1'), ('0', '1'), ('0', '1'), ('0', '1'), ('0', '1'), ('0', '1'), ('0', '1'), ('0', '1'), ('0', '1'), ('0', '1'), ('0', '1'), ('0', '1'), ('0', '1'), ('0', '1'), ('0', '1'), ('0', '1'), ('0', '1'), ('0', '1'))
derivative-only	('g', 'F0', -10, 1)	p82	(('-84142800*C^3*U + 614979000*C^2*V^2 + 2105936000*C^2*U^3 + 3873324000*C*V^2*U^2 - 194386500*C*U^5 + 803796000*V^4*U - 12993750*V^2*U^4 + 38610000*U^7', '1'), ('0', '1'), ('0', '1'), ('0', '1'), ('0', '1'), ('0', '1'), ('0', '1'), ('0', '1'), ('0', '1'), ('0', '1'), ('0', '1'), ('0', '1'), ('0', '1'), ('0', '1'), ('0', '1'), ('0', '1'), ('0', '1'), ('0', '1'))
derivative-only	('g', 'F0', -10, 1)	p83	(('291686400*C^2*V*U + 584150400*C*V^3 + 3080560000*C*V*U^3 + 1319136000*V^3*U^2 - 99792000*V*U^5', '1'), ('0', '1'), ('0', '1'), ('0', '1'), ('0', '1'), ('0', '1'), ('0', '1'), ('0', '1'), ('0', '1'), ('0', '1'), ('0', '1'), ('0', '1'), ('0', '1'), ('0', '1'), ('0', '1'), ('0', '1'), ('0', '1'), ('0', '1'))
derivative-only	('g', 'F0', -10, 1)	p84	(('-54243000*C^3 + 538725600*C^2*U^2 + 1111698000*C*V^2*U + 283710000*C*U^4 + 93693600*V^4 - 26264000*V^2*U^3 - 31531500*U^6', '1'), ('0', '1'), ('0', '1'), ('0', '1'), ('0', '1'), ('0', '1'), ('0', '1'), ('0', '1'), ('0', '1'), ('0', '1'), ('0', '1'), ('0', '1'), ('0', '1'), ('0', '1'), ('0', '1'), ('0', '1'), ('0', '1'), ('0', '1'))
derivative-only	('g', 'F0', -10, 1)	p85	(('17451000*C^2*V + 1065733200*C*V*U^2 + 330220800*V^3*U - 121422000*V*U^4', '1'), ('0', '1'), ('0', '1'), ('0', '1'), ('0', '1'), ('0', '1'), ('0', '1'), ('0', '1'), ('0', '1'), ('0', '1'), ('0', '1'), ('0', '1'), ('0', '1'), ('0', '1'), ('0', '1'), ('0', '1'), ('0', '1'), ('0', '1'))
derivative-only	('g', 'F0', -10, 1)	p86	(('-27001800*C^2*U + 34738200*C*V^2 + 26132400*C*U^3 + 94764600*V^2*U^2 + 2802800*U^5', '1'), ('0', '1'), ('0', '1'), ('0', '1'), ('0', '1'), ('0', '1'), ('0', '1'), ('0', '1'), ('0', '1'), ('0', '1'), ('0', '1'), ('0', '1'), ('0', '1'), ('0', '1'), ('0', '1'), ('0', '1'), ('0', '1'), ('0', '1'))
derivative-only	('g', 'F0', -10, 1)	p87	(('213997000*C^4*V + 21090060000*C^3*V*U^2 + 8406000000*C^2*V^3*U - 20561310000*C^2*V*U^4 + 2016051000*C*V^5 - 2865555000*C*V^3*U^3 + 7609602000*C*V*U^6 + 2002596750*V^5*U^2 + 5147142000*V^3*U^5 - 211711500*V*U^8', '1'), ('0', '1'), ('0', '1'), ('0', '1'), ('0', '1'), ('0', '1'), ('0', '1'), ('0', '1'), ('0', '1'), ('0', '1'), ('0', '1'), ('0', '1'), ('0', '1'), ('0', '1'), ('0', '1'), ('0', '1'), ('0', '1'), ('0', '1'))
derivative-only	('g', 'F0', -10, 1)	p88	(('-3799593000*C^4*U + 500973000*C^3*V^2 + 13914330000*C^3*U^3 + 17135280000*C^2*V^2*U^2 - 7936582500*C^2*U^5 + 4558095000*C*V^4*U - 15020775000*C*V^2*U^4 + 1438866000*C*U^7 + 513783500*V^6 + 893970000*V^4*U^3 + 3669666000*V^2*U^6 - 26026000*U^9', '1'), ('0', '1'), ('0', '1'), ('0', '1'), ('0', '1'), ('0', '1'), ('0', '1'), ('0', '1'), ('0', '1'), ('0', '1'), ('0', '1'), ('0', '1'), ('0', '1'), ('0', '1'), ('0', '1'), ('0', '1'), ('0', '1'), ('0', '1'))
derivative-only	('g', 'F0', -10, 1)	p89	(('6980013000*C^3*V*U + 2408859000*C^2*V^3 - 2836260000*C^2*V*U^3 + 12253800000*C*V^3*U^2 + 8597704500*C*V*U^5 + 4041822000*V^5*U + 7941780000*V^3*U^4 + 401544000*V*U^7', '1'), ('0', '1'), ('0', '1'), ('0', '1'), ('0', '1'), ('0', '1'), ('0', '1'), ('0', '1'), ('0', '1'), ('0', '1'), ('0', '1'), ('0', '1'), ('0', '1'), ('0', '1'), ('0', '1'), ('0', '1'), ('0', '1'), ('0', '1'))
derivative-only	('g', 'F0', -10, 1)	p90	(('-643781250*C^4 + 5375254500*C^3*U^2 + 5864643000*C^2*V^2*U - 3459195000*C^2*U^4 + 699246000*C*V^4 - 5017920000*C*V^2*U^3 + 1230248250*C*U^6 + 4744350000*V^4*U^2 + 5008311000*V^2*U^5 + 83976750*U^8', '1'), ('0', '1'), ('0', '1'), ('0', '1'), ('0', '1'), ('0', '1'), ('0', '1'), ('0', '1'), ('0', '1'), ('0', '1'), ('0', '1'), ('0', '1'), ('0', '1'), ('0', '1'), ('0', '1'), ('0', '1'), ('0', '1'), ('0', '1'))
derivative-only	('g', 'F0', -10, 1)	p91	(('-255969000*C^3*V + 11636730000*C^2*V*U^2 + 8675100000*C*V^3*U + 3443580000*C*V*U^4 + 457090200*V^5 + 1493100000*V^3*U^3 - 236486250*V*U^6', '1'), ('0', '1'), ('0', '1'), ('0', '1'), ('0', '1'), ('0', '1'), ('0', '1'), ('0', '1'), ('0', '1'), ('0', '1'), ('0', '1'), ('0', '1'), ('0', '1'), ('0', '1'), ('0', '1'), ('0', '1'), ('0', '1'), ('0', '1'))
derivative-only	('g', 'F0', -10, 1)	p92	(('-1032129000*C^3*U + 1032196500*C^2*V^2 + 3313674000*C^2*U^3 + 11724615000*C*V^2*U^2 + 1139712000*C*U^5 + 2032128000*V^4*U - 609630000*V^2*U^4 - 135135000*U^7', '1'), ('0', '1'), ('0', '1'), ('0', '1'), ('0', '1'), ('0', '1'), ('0', '1'), ('0', '1'), ('0', '1'), ('0', '1'), ('0', '1'), ('0', '1'), ('0', '1'), ('0', '1'), ('0', '1'), ('0', '1'), ('0', '1'), ('0', '1'))
derivative-only	('g', 'F0', -10, 1)	p93	(('-1028403000*C^2*V*U + 1149840000*C*V^3 + 7065828000*C*V*U^3 + 3580857000*V^3*U^2 - 484638000*V*U^5', '1'), ('0', '1'), ('0', '1'), ('0', '1'), ('0', '1'), ('0', '1'), ('0', '1'), ('0', '1'), ('0', '1'), ('0', '1'), ('0', '1'), ('0', '1'), ('0', '1'), ('0', '1'), ('0', '1'), ('0', '1'), ('0', '1'), ('0', '1'))
derivative-only	('g', 'F0', -10, 1)	p94	(('-116558750*C^3 + 858532500*C^2*U^2 + 1817802000*C*V^2*U - 366849000*C*U^4 + 13245750*V^4 + 153846000*V^2*U^3 + 35035000*U^6', '1'), ('0', '1'), ('0', '1'), ('0', '1'), ('0', '1'), ('0', '1'), ('0', '1'), ('0', '1'), ('0', '1'), ('0', '1'), ('0', '1'), ('0', '1'), ('0', '1'), ('0', '1'), ('0', '1'), ('0', '1'), ('0', '1'), ('0', '1'))
derivative-only	('g', 'F0', -10, 1)	p95	(('17613750*C^2*V + 1807407000*C*V*U^2 + 524853000*V^3*U - 147609000*V*U^4', '1'), ('0', '1'), ('0', '1'), ('0', '1'), ('0', '1'), ('0', '1'), ('0', '1'), ('0', '1'), ('0', '1'), ('0', '1'), ('0', '1'), ('0', '1'), ('0', '1'), ('0', '1'), ('0', '1'), ('0', '1'), ('0', '1'), ('0', '1'))
derivative-only	('g', 'F0', -10, 1)	p96	(('-7984130000*C^4*V + 79407486000*C^3*V*U^2 + 32488398000*C^2*V^3*U - 61520760000*C^2*V*U^4 + 3335334300*C*V^5 + 8965040000*C*V^3*U^3 + 25717692000*C*V*U^6 + 26605446000*V^5*U^2 + 31687656000*V^3*U^5 + 1247103000*V*U^8', '1'), ('0', '1'), ('0', '1'), ('0', '1'), ('0', '1'), ('0', '1'), ('0', '1'), ('0', '1'), ('0', '1'), ('0', '1'), ('0', '1'), ('0', '1'), ('0', '1'), ('0', '1'), ('0', '1'), ('0', '1'), ('0', '1'), ('0', '1'))
derivative-only	('g', 'F0', -10, 1)	p97	(('-30859290000*C^4*U - 13049220000*C^3*V^2 + 45453339000*C^3*U^3 + 60339816000*C^2*V^2*U^2 - 24271380000*C^2*U^5 - 564286500*C*V^4*U - 83958630000*C*V^2*U^4 + 2712996000*C*U^7 + 131179050*V^6 + 7196210000*V^4*U^3 + 15129114000*V^2*U^6 + 207207000*U^9', '1'), ('0', '1'), ('0', '1'), ('0', '1'), ('0', '1'), ('0', '1'), ('0', '1'), ('0', '1'), ('0', '1'), ('0', '1'), ('0', '1'), ('0', '1'), ('0', '1'), ('0', '1'), ('0', '1'), ('0', '1'), ('0', '1'), ('0', '1'))
derivative-only	('g', 'F0', -10, 1)	p98	(('4408317000*C^3*V*U - 1613538000*C^2*V^3 - 58378320000*C^2*V*U^3 + 37516284000*C*V^3*U^2 + 52253376000*C*V*U^5 + 11177902800*V^5*U + 29365770000*V^3*U^4 - 2023164000*V*U^7', '1'), ('0', '1'), ('0', '1'), ('0', '1'), ('0', '1'), ('0', '1'), ('0', '1'), ('0', '1'), ('0', '1'), ('0', '1'), ('0', '1'), ('0', '1'), ('0', '1'), ('0', '1'), ('0', '1'), ('0', '1'), ('0', '1'), ('0', '1'))
derivative-only	('g', 'F0', -10, 1)	p99	(('-2141947500*C^4 + 14488078500*C^3*U^2 - 6792795000*C^2*V^2*U - 38976471000*C^2*U^4 - 4596561000*C*V^4 - 40723020000*C*V^2*U^3 + 11575214000*C*U^6 + 11489364000*V^4*U^2 + 15394512000*V^2*U^5 - 536679000*U^8', '1'), ('0', '1'), ('0', '1'), ('0', '1'), ('0', '1'), ('0', '1'), ('0', '1'), ('0', '1'), ('0', '1'), ('0', '1'), ('0', '1'), ('0', '1'), ('0', '1'), ('0', '1'), ('0', '1'), ('0', '1'), ('0', '1'), ('0', '1'))
derivative-only	('g', 'F0', -10, 1)	p100	(('-738276000*C^3*V + 13914936000*C^2*V*U^2 + 12419568000*C*V^3*U - 2614248000*C*V*U^4 - 423360000*V^5 + 5854464000*V^3*U^3 - 560560000*V*U^6', '1'), ('0', '1'), ('0', '1'), ('0', '1'), ('0', '1'), ('0', '1'), ('0', '1'), ('0', '1'), ('0', '1'), ('0', '1'), ('0', '1'), ('0', '1'), ('0', '1'), ('0', '1'), ('0', '1'), ('0', '1'), ('0', '1'), ('0', '1'))
derivative-only	('g', 'F0', -10, 1)	p101	(('-1656547200*C^3*U + 1090834800*C^2*V^2 + 5521320000*C^2*U^3 + 16012080000*C*V^2*U^2 - 2733393600*C*U^5 + 1761480000*V^4*U + 915516000*V^2*U^4 + 240240000*U^7', '1'), ('0', '1'), ('0', '1'), ('0', '1'), ('0', '1'), ('0', '1'), ('0', '1'), ('0', '1'), ('0', '1'), ('0', '1'), ('0', '1'), ('0', '1'), ('0', '1'), ('0', '1'), ('0', '1'), ('0', '1'), ('0', '1'), ('0', '1'))
derivative-only	('g', 'F0', -10, 1)	p102	(('-2118441600*C^2*V*U + 1545922400*C*V^3 + 12089952000*C*V*U^3 + 3932712000*V^3*U^2 - 312681600*V*U^5', '1'), ('0', '1'), ('0', '1'), ('0', '1'), ('0', '1'), ('0', '1'), ('0', '1'), ('0', '1'), ('0', '1'), ('0', '1'), ('0', '1'), ('0', '1'), ('0', '1'), ('0', '1'), ('0', '1'), ('0', '1'), ('0', '1'), ('0', '1'))
derivative-only	('g', 'F0', -10, 1)	p103	(('-228228000*C^3 + 2629981200*C^2*U^2 + 2654282400*C*V^2*U - 1612548000*C*U^4 + 41010200*V^4 - 2653560000*V^2*U^3 - 14414400*U^6', '1'), ('0', '1'), ('0', '1'), ('0', '1'), ('0', '1'), ('0', '1'), ('0', '1'), ('0', '1'), ('0', '1'), ('0', '1'), ('0', '1'), ('0', '1'), ('0', '1'), ('0', '1'), ('0', '1'), ('0', '1'), ('0', '1'), ('0', '1'))
derivative-only	('g', 'F0', -10, 1)	p104	(('-30535505000*C^4*V + 118120356000*C^3*V*U^2 - 143148420000*C^2*V^3*U - 630957222000*C^2*V*U^4 - 33605226000*C*V^5 - 88707024000*C*V^3*U^3 + 190094268000*C*V*U^6 + 73432018800*V^5*U^2 + 112166236000*V^3*U^5 - 7621614000*V*U^8', '1'), ('0', '1'), ('0', '1'), ('0', '1'), ('0', '1'), ('0', '1'), ('0', '1'), ('0', '1'), ('0', '1'), ('0', '1'), ('0', '1'), ('0', '1'), ('0', '1'), ('0', '1'), ('0', '1'), ('0', '1'), ('0', '1'), ('0', '1'))
derivative-only	('g', 'F0', -10, 1)	p105	(('-115482490200*C^4*U - 65637475200*C^3*V^2 + 165558240000*C^3*U^3 - 71972280000*C^2*V^2*U^2 - 237359808000*C^2*U^5 - 157080762000*C*V^4*U - 505477098000*C*V^2*U^4 + 37076052000*C*U^7 - 11449062000*V^6 - 823284000*V^4*U^3 + 54416726000*V^2*U^6 - 1561560000*U^9', '1'), ('0', '1'), ('0', '1'), ('0', '1'), ('0', '1'), ('0', '1'), ('0', '1'), ('0', '1'), ('0', '1'), ('0', '1'), ('0', '1'), ('0', '1'), ('0', '1'), ('0', '1'), ('0', '1'), ('0', '1'), ('0', '1'), ('0', '1'))
derivative-only	('g', 'F0', -10, 1)	p106	(('31199434200*C^3*V*U - 28800428800*C^2*V^3 - 317821896000*C^2*V*U^3 - 81138348000*C*V^3*U^2 + 84869769600*C*V*U^5 + 3639654000*V^5*U + 110819394000*V^3*U^4 - 1528956000*V*U^7', '1'), ('0', '1'), ('0', '1'), ('0', '1'), ('0', '1'), ('0', '1'), ('0', '1'), ('0', '1'), ('0', '1'), ('0', '1'), ('0', '1'), ('0', '1'), ('0', '1'), ('0', '1'), ('0', '1'), ('0', '1'), ('0', '1'), ('0', '1'))
derivative-only	('g', 'F0', -10, 1)	p107	(('-6169086000*C^4 + 64450131900*C^3*U^2 - 36850446600*C^2*V^2*U - 142145667000*C^2*U^4 - 24962927000*C*V^4 - 285115788000*C*V^2*U^3 + 8370003600*C*U^6 - 26562276000*V^4*U^2 + 65002996800*V^2*U^5 + 1000070500*U^8', '1'), ('0', '1'), ('0', '1'), ('0', '1'), ('0', '1'), ('0', '1'), ('0', '1'), ('0', '1'), ('0', '1'), ('0', '1'), ('0', '1'), ('0', '1'), ('0', '1'), ('0', '1'), ('0', '1'), ('0', '1'), ('0', '1'), ('0', '1'))
derivative-only	('g', 'F0', -10, 1)	p108	(('-1882742400*C^3*V - 15558034800*C^2*V*U^2 - 7055109600*C*V^3*U - 37594368000*C*V*U^4 - 703964800*V^5 - 45866016000*V^3*U^3 + 2205403200*V*U^6', '1'), ('0', '1'), ('0', '1'), ('0', '1'), ('0', '1'), ('0', '1'), ('0', '1'), ('0', '1'), ('0', '1'), ('0', '1'), ('0', '1'), ('0', '1'), ('0', '1'), ('0', '1'), ('0', '1'), ('0', '1'), ('0', '1'), ('0', '1'))
derivative-only	('g', 'F0', -10, 1)	p109	(('-3832012800*C^3*U + 2028510000*C^2*V^2 + 20485880800*C^2*U^3 - 34426484400*C*V^2*U^2 - 13533609600*C*U^5 - 13751337600*V^4*U - 18597978000*V^2*U^4 - 210038400*U^7', '1'), ('0', '1'), ('0', '1'), ('0', '1'), ('0', '1'), ('0', '1'), ('0', '1'), ('0', '1'), ('0', '1'), ('0', '1'), ('0', '1'), ('0', '1'), ('0', '1'), ('0', '1'), ('0', '1'), ('0', '1'), ('0', '1'), ('0', '1'))
derivative-only	('g', 'F0', -10, 1)	p110	(('-5692658400*C^2*V*U + 3377906400*C*V^3 - 35076949600*C*V*U^3 - 8722406000*V^3*U^2 + 4343522400*V*U^5', '1'), ('0', '1'), ('0', '1'), ('0', '1'), ('0', '1'), ('0', '1'), ('0', '1'), ('0', '1'), ('0', '1'), ('0', '1'), ('0', '1'), ('0', '1'), ('0', '1'), ('0', '1'), ('0', '1'), ('0', '1'), ('0', '1'), ('0', '1'))
derivative-only	('g', 'F0', -10, 1)	p111	(('-98072282000*C^4*V + 227590981200*C^3*V*U^2 - 952239142800*C^2*V^3*U - 2932377336000*C^2*V*U^4 - 162833526900*C*V^5 - 2370893616000*C*V^3*U^3 + 278149821600*C*V*U^6 - 197732934000*V^5*U^2 + 542224032000*V^3*U^5 + 4711707000*V*U^8', '1'), ('0', '1'), ('0', '1'), ('0', '1'), ('0', '1'), ('0', '1'), ('0', '1'), ('0', '1'), ('0', '1'), ('0', '1'), ('0', '1'), ('0', '1'), ('0', '1'), ('0', '1'), ('0', '1'), ('0', '1'), ('0', '1'), ('0', '1'))
derivative-only	('g', 'F0', -10, 1)	p112	(('-385965795600*C^4*U - 208925745600*C^3*V^2 + 765966821400*C^3*U^3 - 1254309526800*C^2*V^2*U^2 - 931404096000*C^2*U^5 - 1015819269300*C*V^4*U - 2745110466000*C*V^2*U^4 + 15659625600*C*U^7 - 33764397150*V^6 - 699497694000*V^4*U^3 + 271969731600*V^2*U^6 + 4335331000*U^9', '1'), ('0', '1'), ('0', '1'), ('0', '1'), ('0', '1'), ('0', '1'), ('0', '1'), ('0', '1'), ('0', '1'), ('0', '1'), ('0', '1'), ('0', '1'), ('0', '1'), ('0', '1'), ('0', '1'), ('0', '1'), ('0', '1'), ('0', '1'))
derivative-only	('g', 'F0', -10, 1)	p113	(('77145096600*C^3*V*U - 75468056400*C^2*V^3 - 1800799862400*C^2*V*U^3 - 1235768608800*C*V^3*U^2 + 83521368000*C*V*U^5 - 146789398800*V^5*U - 172121922000*V^3*U^4 + 4846327200*V*U^7', '1'), ('0', '1'), ('0', '1'), ('0', '1'), ('0', '1'), ('0', '1'), ('0', '1'), ('0', '1'), ('0', '1'), ('0', '1'), ('0', '1'), ('0', '1'), ('0', '1'), ('0', '1'), ('0', '1'), ('0', '1'), ('0', '1'), ('0', '1'))
derivative-only	('g', 'F0', -10, 1)	p114	(('-8278335000*C^4 + 79526947500*C^3*U^2 - 190647448200*C^2*V^2*U - 260236627200*C^2*U^4 - 65565898200*C*V^4 - 1810833552000*C*V^2*U^3 - 19797750000*C*U^6 - 382053276000*V^4*U^2 + 102717720000*V^2*U^5 - 2150963100*U^8', '1'), ('0', '1'), ('0', '1'), ('0', '1'), ('0', '1'), ('0', '1'), ('0', '1'), ('0', '1'), ('0', '1'), ('0', '1'), ('0', '1'), ('0', '1'), ('0', '1'), ('0', '1'), ('0', '1'), ('0', '1'), ('0', '1'), ('0', '1'))
derivative-only	('g', 'F0', -10, 1)	p115	(('4193443800*C^3*V - 118374933600*C^2*V*U^2 - 100899691200*C*V^3*U - 582292141200*C*V*U^4 - 2825222400*V^5 - 162588148800*V^3*U^3 + 50932476000*V*U^6', '1'), ('0', '1'), ('0', '1'), ('0', '1'), ('0', '1'), ('0', '1'), ('0', '1'), ('0', '1'), ('0', '1'), ('0', '1'), ('0', '1'), ('0', '1'), ('0', '1'), ('0', '1'), ('0', '1'), ('0', '1'), ('0', '1'), ('0', '1'))
derivative-only	('g', 'F0', -10, 1)	p116	(('-548893800*C^3*U + 4411403100*C^2*V^2 - 47477152800*C^2*U^3 - 154948701600*C*V^2*U^2 + 28363935600*C*U^5 - 28224504000*V^4*U + 53336467800*V^2*U^4 + 71604000*U^7', '1'), ('0', '1'), ('0', '1'), ('0', '1'), ('0', '1'), ('0', '1'), ('0', '1'), ('0', '1'), ('0', '1'), ('0', '1'), ('0', '1'), ('0', '1'), ('0', '1'), ('0', '1'), ('0', '1'), ('0', '1'), ('0', '1'), ('0', '1'))
derivative-only	('g', 'F0', -10, 1)	p117	(('-121900142000*C^4*V - 639201024000*C^3*V*U^2 - 4192883956800*C^2*V^3*U - 16672119294600*C^2*V*U^4 - 459755465400*C*V^5 - 19046534337600*C*V^3*U^3 + 456621160800*C*V*U^6 - 3486718620000*V^5*U^2 - 747560503200*V^3*U^5 + 10129719600*V*U^8', '1'), ('0', '1'), ('0', '1'), ('0', '1'), ('0', '1'), ('0', '1'), ('0', '1'), ('0', '1'), ('0', '1'), ('0', '1'), ('0', '1'), ('0', '1'), ('0', '1'), ('0', '1'), ('0', '1'), ('0', '1'), ('0', '1'), ('0', '1'))
derivative-only	('g', 'F0', -10, 1)	p118	(('-959437042200*C^4*U - 486842140200*C^3*V^2 + 502671430800*C^3*U^3 - 5075505943200*C^2*V^2*U^2 - 1214497746000*C^2*U^5 - 3445992811800*C*V^4*U - 16082170750800*C*V^2*U^4 - 145873425600*C*U^7 - 106889359500*V^6 - 3919083907200*V^4*U^3 + 874432028400*V^2*U^6 - 10514103600*U^9', '1'), ('0', '1'), ('0', '1'), ('0', '1'), ('0', '1'), ('0', '1'), ('0', '1'), ('0', '1'), ('0', '1'), ('0', '1'), ('0', '1'), ('0', '1'), ('0', '1'), ('0', '1'), ('0', '1'), ('0', '1'), ('0', '1'), ('0', '1'))
derivative-only	('g', 'F0', -10, 1)	p119	(('565593607800*C^3*V*U - 298545553800*C^2*V^3 - 4385796307200*C^2*V*U^3 - 4022525152800*C*V^3*U^2 - 2428032776400*C*V*U^5 - 327952270800*V^5*U + 387177159600*V^3*U^4 + 310122237600*V*U^7', '1'), ('0', '1'), ('0', '1'), ('0', '1'), ('0', '1'), ('0', '1'), ('0', '1'), ('0', '1'), ('0', '1'), ('0', '1'), ('0', '1'), ('0', '1'), ('0', '1'), ('0', '1'), ('0', '1'), ('0', '1'), ('0', '1'), ('0', '1'))
derivative-only	('g', 'F0', -10, 1)	p120	(('-22941937200*C^4 + 301104121500*C^3*U^2 - 162064702800*C^2*V^2*U - 1487571901200*C^2*U^4 - 280811196900*C*V^4 - 3541733949600*C*V^2*U^3 + 501253321800*C*U^6 - 510903716400*V^4*U^2 + 951057122400*V^2*U^5 + 30958200*U^8', '1'), ('0', '1'), ('0', '1'), ('0', '1'), ('0', '1'), ('0', '1'), ('0', '1'), ('0', '1'), ('0', '1'), ('0', '1'), ('0', '1'), ('0', '1'), ('0', '1'), ('0', '1'), ('0', '1'), ('0', '1'), ('0', '1'), ('0', '1'))
derivative-only	('g', 'F0', -10, 1)	p121	(('8091610800*C^3*V + 21049259400*C^2*V*U^2 - 312336203400*C*V^3*U + 69193832400*C*V*U^4 - 5312303100*V^5 - 34975987200*V^3*U^3 - 55721866200*V*U^6', '1'), ('0', '1'), ('0', '1'), ('0', '1'), ('0', '1'), ('0', '1'), ('0', '1'), ('0', '1'), ('0', '1'), ('0', '1'), ('0', '1'), ('0', '1'), ('0', '1'), ('0', '1'), ('0', '1'), ('0', '1'), ('0', '1'), ('0', '1'))
derivative-only	('g', 'F0', -10, 1)	p122	(('-377120198000*C^4*V + 6224087142000*C^3*V*U^2 - 9393802002000*C^2*V^3*U - 30368931516000*C^2*V*U^4 - 2391840418500*C*V^5 - 41456390976000*C*V^3*U^3 - 9094846437600*C*V*U^6 - 4871178774000*V^5*U^2 + 9224395118400*V^3*U^5 + 1569935493000*V*U^8', '1'), ('0', '1'), ('0', '1'), ('0', '1'), ('0', '1'), ('0', '1'), ('0', '1'), ('0', '1'), ('0', '1'), ('0', '1'), ('0', '1'), ('0', '1'), ('0', '1'), ('0', '1'), ('0', '1'), ('0', '1'), ('0', '1'), ('0', '1'))
derivative-only	('g', 'F0', -10, 1)	p123	(('-2480844366000*C^4*U - 1396208112000*C^3*V^2 + 4489243785000*C^3*U^3 + 768691404000*C^2*V^2*U^2 - 10251307836000*C^2*U^5 - 9252290560500*C*V^4*U - 19768979538000*C*V^2*U^4 + 3279447151200*C*U^7 - 258706275750*V^6 - 2973503610000*V^4*U^3 + 4644389257200*V^2*U^6 + 7575477000*U^9', '1'), ('0', '1'), ('0', '1'), ('0', '1'), ('0', '1'), ('0', '1'), ('0', '1'), ('0', '1'), ('0', '1'), ('0', '1'), ('0', '1'), ('0', '1'), ('0', '1'), ('0', '1'), ('0', '1'), ('0', '1'), ('0', '1'), ('0', '1'))
derivative-only	('g', 'F0', -10, 1)	p124	(('1221570207000*C^3*V*U - 785906394000*C^2*V^3 - 4923183564000*C^2*V*U^3 - 3605330664000*C*V^3*U^2 + 6293437920000*C*V*U^5 + 404347086000*V^5*U + 1662511158000*V^3*U^4 - 939896100000*V*U^7', '1'), ('0', '1'), ('0', '1'), ('0', '1'), ('0', '1'), ('0', '1'), ('0', '1'), ('0', '1'), ('0', '1'), ('0', '1'), ('0', '1'), ('0', '1'), ('0', '1'), ('0', '1'), ('0', '1'), ('0', '1'), ('0', '1'), ('0', '1'))
derivative-only	('g', 'F0', -10, 1)	p125	(('-54674917500*C^4 + 737312803500*C^3*U^2 - 461990061000*C^2*V^2*U - 1342517085000*C^2*U^4 - 579737223000*C*V^4 - 1656913752000*C*V^2*U^3 - 56267442000*C*U^6 - 9779679000*V^4*U^2 - 60116364000*V^2*U^5 - 2830971000*U^8', '1'), ('0', '1'), ('0', '1'), ('0', '1'), ('0', '1'), ('0', '1'), ('0', '1'), ('0', '1'), ('0', '1'), ('0', '1'), ('0', '1'), ('0', '1'), ('0', '1'), ('0', '1'), ('0', '1'), ('0', '1'), ('0', '1'), ('0', '1'))
derivative-only	('g', 'F0', -10, 1)	p126	(('-1287048308000*C^4*V + 14351286222000*C^3*V*U^2 - 10761817248000*C^2*V^3*U - 16960128003000*C^2*V*U^4 - 4932114478200*C*V^5 + 22911485688000*C*V^3*U^3 + 47383641782400*C*V*U^6 + 11382020559000*V^5*U^2 - 2151478005600*V^3*U^5 - 7766929170000*V*U^8', '1'), ('0', '1'), ('0', '1'), ('0', '1'), ('0', '1'), ('0', '1'), ('0', '1'), ('0', '1'), ('0', '1'), ('0', '1'), ('0', '1'), ('0', '1'), ('0', '1'), ('0', '1'), ('0', '1'), ('0', '1'), ('0', '1'), ('0', '1'))
derivative-only	('g', 'F0', -10, 1)	p127	(('-5853622320000*C^4*U - 3450112774500*C^3*V^2 + 11389306110000*C^3*U^3 - 835453710000*C^2*V^2*U^2 - 4185575667000*C^2*U^5 - 7673100435000*C*V^4*U + 11842394791500*C*V^2*U^4 - 4348179712800*C*U^7 - 379761536700*V^6 + 5512916682000*V^4*U^3 - 8719504978800*V^2*U^6 - 13337324000*U^9', '1'), ('0', '1'), ('0', '1'), ('0', '1'), ('0', '1'), ('0', '1'), ('0', '1'), ('0', '1'), ('0', '1'), ('0', '1'), ('0', '1'), ('0', '1'), ('0', '1'), ('0', '1'), ('0', '1'), ('0', '1'), ('0', '1'), ('0', '1'))
derivative-only	('g', 'F0', -10, 1)	p128	(('2108076507000*C^3*V*U - 1519901920500*C^2*V^3 - 11702928510000*C^2*V*U^3 + 4700125872000*C*V^3*U^2 + 10578657726000*C*V*U^5 + 942798214800*V^5*U + 5214394048500*V^3*U^4 + 340820568000*V*U^7', '1'), ('0', '1'), ('0', '1'), ('0', '1'), ('0', '1'), ('0', '1'), ('0', '1'), ('0', '1'), ('0', '1'), ('0', '1'), ('0', '1'), ('0', '1'), ('0', '1'), ('0', '1'), ('0', '1'), ('0', '1'), ('0', '1'), ('0', '1'))
derivative-only	('g', 'F0', -10, 1)	p129	(('-234408944000*C^4*V - 6597602253000*C^3*V*U^2 - 4153988124000*C^2*V^3*U - 3364224435000*C^2*V*U^4 + 14765746462500*C*V^5 + 250588761852000*C*V^3*U^3 + 81947100635400*C*V*U^6 + 25719459994800*V^5*U^2 + 20394888914400*V^3*U^5 + 8302871412000*V*U^8', '1'), ('0', '1'), ('0', '1'), ('0', '1'), ('0', '1'), ('0', '1'), ('0', '1'), ('0', '1'), ('0', '1'), ('0', '1'), ('0', '1'), ('0', '1'), ('0', '1'), ('0', '1'), ('0', '1'), ('0', '1'), ('0', '1'), ('0', '1'))
derivative-only	('g', 'F0', -10, 1)	p130	(('-10151567395200*C^4*U - 7155346651200*C^3*V^2 - 9087436611000*C^3*U^3 + 17198150260500*C^2*V^2*U^2 + 50890791580200*C^2*U^5 + 7263263056500*C*V^4*U + 99137709099000*C*V^2*U^4 - 6807819961800*C*U^7 - 855954998250*V^6 + 11730099810000*V^4*U^3 - 16275662703300*V^2*U^6 + 96361254000*U^9', '1'), ('0', '1'), ('0', '1'), ('0', '1'), ('0', '1'), ('0', '1'), ('0', '1'), ('0', '1'), ('0', '1'), ('0', '1'), ('0', '1'), ('0', '1'), ('0', '1'), ('0', '1'), ('0', '1'), ('0', '1'), ('0', '1'), ('0', '1'))
derivative-only	('g', 'F0', -10, 1)	p131	(('-389816011200*C^4*V - 104799352330200*C^3*V*U^2 + 53143762914000*C^2*V^3*U + 509571214226250*C^2*V*U^4 + 28511883681600*C*V^5 + 297892096029000*C*V^3*U^3 - 309143434399800*C*V*U^6 + 11085041954250*V^5*U^2 - 193202440431000*V^3*U^5 + 1804523292000*V*U^8', '1'), ('0', '1'), ('0', '1'), ('0', '1'), ('0', '1'), ('0', '1'), ('0', '1'), ('0', '1'), ('0', '1'), ('0', '1'), ('0', '1'), ('0', '1'), ('0', '1'), ('0', '1'), ('0', '1'), ('0', '1'), ('0', '1'), ('0', '1'))
derivative-only	('g', 'F0', -10, 6)	constant	(('244876926328125*C^2 - 6811502538750000*C*U^2 + 2272091981250000*V^2*U + 13153707129062500*U^4', '1'), ('750779398687500*C^2 - 10813720417500000*C*U^2 + 2519886744375000*V^2*U + 17268987986250000*U^4', '1'), ('194044663312500*C^2 - 8229518797500000*C*U^2 - 561215655000000*V^2*U + 8455546161562500*U^4', '1'), ('337096744359375*C^2 - 3446100157500000*C*U^2 - 1626653778750000*V^2*U + 1666991576250000*U^4', '1'), ('5895076687500*C^2 - 679762833750000*C*U^2 - 540472432500000*V^2*U + 104467800937500*U^4', '1'), ('27590625562500*C^2 - 44290496250000*C*U^2 - 44290496250000*V^2*U', '1'), ('0', '1'), ('0', '1'), ('0', '1'), ('0', '1'), ('0', '1'), ('0', '1'), ('0', '1'), ('0', '1'), ('0', '1'), ('0', '1'), ('0', '1'), ('0', '1'))
derivative-only	('g', 'F0', -10, 6)	p58	(('-546875', '1'), ('0', '1'), ('0', '1'), ('0', '1'), ('0', '1'), ('0', '1'), ('0', '1'), ('0', '1'), ('0', '1'), ('0', '1'), ('0', '1'), ('0', '1'), ('0', '1'), ('0', '1'), ('0', '1'), ('0', '1'), ('0', '1'), ('0', '1'))
derivative-only	('g', 'F0', -10, 6)	p67	(('-4375000', '1'), ('0', '1'), ('0', '1'), ('0', '1'), ('0', '1'), ('0', '1'), ('0', '1'), ('0', '1'), ('0', '1'), ('0', '1'), ('0', '1'), ('0', '1'), ('0', '1'), ('0', '1'), ('0', '1'), ('0', '1'), ('0', '1'), ('0', '1'))
derivative-only	('g', 'F0', -10, 6)	p75	(('-19687500', '1'), ('0', '1'), ('0', '1'), ('0', '1'), ('0', '1'), ('0', '1'), ('0', '1'), ('0', '1'), ('0', '1'), ('0', '1'), ('0', '1'), ('0', '1'), ('0', '1'), ('0', '1'), ('0', '1'), ('0', '1'), ('0', '1'), ('0', '1'))
derivative-only	('g', 'F0', -10, 6)	p84	(('-65625000', '1'), ('0', '1'), ('0', '1'), ('0', '1'), ('0', '1'), ('0', '1'), ('0', '1'), ('0', '1'), ('0', '1'), ('0', '1'), ('0', '1'), ('0', '1'), ('0', '1'), ('0', '1'), ('0', '1'), ('0', '1'), ('0', '1'), ('0', '1'))
derivative-only	('g', 'F0', -10, 6)	p94	(('-180468750', '1'), ('0', '1'), ('0', '1'), ('0', '1'), ('0', '1'), ('0', '1'), ('0', '1'), ('0', '1'), ('0', '1'), ('0', '1'), ('0', '1'), ('0', '1'), ('0', '1'), ('0', '1'), ('0', '1'), ('0', '1'), ('0', '1'), ('0', '1'))
derivative-only	('g', 'F0', -10, 6)	p103	(('-433125000', '1'), ('0', '1'), ('0', '1'), ('0', '1'), ('0', '1'), ('0', '1'), ('0', '1'), ('0', '1'), ('0', '1'), ('0', '1'), ('0', '1'), ('0', '1'), ('0', '1'), ('0', '1'), ('0', '1'), ('0', '1'), ('0', '1'), ('0', '1'))
derivative-only	('g', 'F0', -10, 6)	p114	(('16891875000*C', '1'), ('0', '1'), ('0', '1'), ('0', '1'), ('0', '1'), ('0', '1'), ('0', '1'), ('0', '1'), ('0', '1'), ('0', '1'), ('0', '1'), ('0', '1'), ('0', '1'), ('0', '1'), ('0', '1'), ('0', '1'), ('0', '1'), ('0', '1'))
derivative-only	('g', 'F0', -10, 6)	p115	(('16891875000*V', '1'), ('0', '1'), ('0', '1'), ('0', '1'), ('0', '1'), ('0', '1'), ('0', '1'), ('0', '1'), ('0', '1'), ('0', '1'), ('0', '1'), ('0', '1'), ('0', '1'), ('0', '1'), ('0', '1'), ('0', '1'), ('0', '1'), ('0', '1'))
derivative-only	('g', 'F0', -10, 6)	p116	(('16891875000*U', '1'), ('0', '1'), ('0', '1'), ('0', '1'), ('0', '1'), ('0', '1'), ('0', '1'), ('0', '1'), ('0', '1'), ('0', '1'), ('0', '1'), ('0', '1'), ('0', '1'), ('0', '1'), ('0', '1'), ('0', '1'), ('0', '1'), ('0', '1'))
derivative-only	('g', 'F0', -10, 6)	p117	(('320945625000*C*V', '1'), ('0', '1'), ('0', '1'), ('0', '1'), ('0', '1'), ('0', '1'), ('0', '1'), ('0', '1'), ('0', '1'), ('0', '1'), ('0', '1'), ('0', '1'), ('0', '1'), ('0', '1'), ('0', '1'), ('0', '1'), ('0', '1'), ('0', '1'))
derivative-only	('g', 'F0', -10, 6)	p118	(('320945625000*C*U + 160472812500*V^2', '1'), ('0', '1'), ('0', '1'), ('0', '1'), ('0', '1'), ('0', '1'), ('0', '1'), ('0', '1'), ('0', '1'), ('0', '1'), ('0', '1'), ('0', '1'), ('0', '1'), ('0', '1'), ('0', '1'), ('0', '1'), ('0', '1'), ('0', '1'))
derivative-only	('g', 'F0', -10, 6)	p119	(('320945625000*V*U', '1'), ('0', '1'), ('0', '1'), ('0', '1'), ('0', '1'), ('0', '1'), ('0', '1'), ('0', '1'), ('0', '1'), ('0', '1'), ('0', '1'), ('0', '1'), ('0', '1'), ('0', '1'), ('0', '1'), ('0', '1'), ('0', '1'), ('0', '1'))
derivative-only	('g', 'F0', -10, 6)	p120	(('35660625000*C + 160472812500*U^2', '1'), ('0', '1'), ('0', '1'), ('0', '1'), ('0', '1'), ('0', '1'), ('0', '1'), ('0', '1'), ('0', '1'), ('0', '1'), ('0', '1'), ('0', '1'), ('0', '1'), ('0', '1'), ('0', '1'), ('0', '1'), ('0', '1'), ('0', '1'))
derivative-only	('g', 'F0', -10, 6)	p121	(('35660625000*V', '1'), ('0', '1'), ('0', '1'), ('0', '1'), ('0', '1'), ('0', '1'), ('0', '1'), ('0', '1'), ('0', '1'), ('0', '1'), ('0', '1'), ('0', '1'), ('0', '1'), ('0', '1'), ('0', '1'), ('0', '1'), ('0', '1'), ('0', '1'))
derivative-only	('g', 'F0', -10, 6)	p122	(('713212500000*C*V + 3209456250000*V*U^2', '1'), ('0', '1'), ('0', '1'), ('0', '1'), ('0', '1'), ('0', '1'), ('0', '1'), ('0', '1'), ('0', '1'), ('0', '1'), ('0', '1'), ('0', '1'), ('0', '1'), ('0', '1'), ('0', '1'), ('0', '1'), ('0', '1'), ('0', '1'))
derivative-only	('g', 'F0', -10, 6)	p123	(('356606250000*V^2 + 1069818750000*U^3', '1'), ('0', '1'), ('0', '1'), ('0', '1'), ('0', '1'), ('0', '1'), ('0', '1'), ('0', '1'), ('0', '1'), ('0', '1'), ('0', '1'), ('0', '1'), ('0', '1'), ('0', '1'), ('0', '1'), ('0', '1'), ('0', '1'), ('0', '1'))
derivative-only	('g', 'F0', -10, 6)	p125	(('70382812500*C - 356606250000*U^2', '1'), ('0', '1'), ('0', '1'), ('0', '1'), ('0', '1'), ('0', '1'), ('0', '1'), ('0', '1'), ('0', '1'), ('0', '1'), ('0', '1'), ('0', '1'), ('0', '1'), ('0', '1'), ('0', '1'), ('0', '1'), ('0', '1'), ('0', '1'))
derivative-only	('g', 'F0', -10, 6)	p126	(('-7488731250000*V*U^2', '1'), ('0', '1'), ('0', '1'), ('0', '1'), ('0', '1'), ('0', '1'), ('0', '1'), ('0', '1'), ('0', '1'), ('0', '1'), ('0', '1'), ('0', '1'), ('0', '1'), ('0', '1'), ('0', '1'), ('0', '1'), ('0', '1'), ('0', '1'))
derivative-only	('g', 'F0', -10, 6)	p127	(('-739019531250*V^2 - 4992487500000*U^3', '1'), ('0', '1'), ('0', '1'), ('0', '1'), ('0', '1'), ('0', '1'), ('0', '1'), ('0', '1'), ('0', '1'), ('0', '1'), ('0', '1'), ('0', '1'), ('0', '1'), ('0', '1'), ('0', '1'), ('0', '1'), ('0', '1'), ('0', '1'))
derivative-only	('g', 'F0', -10, 6)	p128	(('-1478039062500*V*U', '1'), ('0', '1'), ('0', '1'), ('0', '1'), ('0', '1'), ('0', '1'), ('0', '1'), ('0', '1'), ('0', '1'), ('0', '1'), ('0', '1'), ('0', '1'), ('0', '1'), ('0', '1'), ('0', '1'), ('0', '1'), ('0', '1'), ('0', '1'))
derivative-only	('g', 'F0', -10, 6)	p129	(('-2890387500000*C*V - 16258429687500*V*U^2', '1'), ('0', '1'), ('0', '1'), ('0', '1'), ('0', '1'), ('0', '1'), ('0', '1'), ('0', '1'), ('0', '1'), ('0', '1'), ('0', '1'), ('0', '1'), ('0', '1'), ('0', '1'), ('0', '1'), ('0', '1'), ('0', '1'), ('0', '1'))
derivative-only	('g', 'F0', -10, 6)	p130	(('-2890387500000*C*U - 1445193750000*V^2 + 5419476562500*U^3', '1'), ('0', '1'), ('0', '1'), ('0', '1'), ('0', '1'), ('0', '1'), ('0', '1'), ('0', '1'), ('0', '1'), ('0', '1'), ('0', '1'), ('0', '1'), ('0', '1'), ('0', '1'), ('0', '1'), ('0', '1'), ('0', '1'), ('0', '1'))
derivative-only	('g', 'F0', -10, 6)	p131	(('-5381626250000*C*V + 33239456250000*V*U^2', '1'), ('0', '1'), ('0', '1'), ('0', '1'), ('0', '1'), ('0', '1'), ('0', '1'), ('0', '1'), ('0', '1'), ('0', '1'), ('0', '1'), ('0', '1'), ('0', '1'), ('0', '1'), ('0', '1'), ('0', '1'), ('0', '1'), ('0', '1'))
derivative-only	('g', 'F0', -9, 4)	constant	(('4807228514625000*C^2*V*U - 210353475375000*C*V^3 - 17239780937812500*C*V*U^3 - 3728579590406250*V^3*U^2 + 4770327596737500*V*U^5', '1'), ('-12660934540387500*C^2*V*U + 666776228025000*C*V^3 + 47288482918125000*C*V*U^3 + 14772333407812500*V^3*U^2 - 10389853563468750*V*U^5', '1'), ('13723772376600000*C^2*V*U - 715695027450000*C*V^3 - 47462492244375000*C*V*U^3 - 19580398410937500*V^3*U^2 - 4578955636500000*V*U^5', '1'), ('-9330879798675000*C^2*V*U + 537029187600000*C*V^3 + 36771613306875000*C*V*U^3 + 5649992285625000*V^3*U^2 - 15213632714437500*V*U^5', '1'), ('2554195786650000*C^2*V*U - 257897720925000*C*V^3 - 9482271820312500*C*V*U^3 - 5143316443593750*V^3*U^2 - 1655484594750000*V*U^5', '1'), ('-602838493200000*C^2*V*U + 102438315900000*C*V^3 + 3246202147500000*C*V*U^3 + 592306758000000*V^3*U^2 - 939273800850000*V*U^5', '1'), ('0', '1'), ('0', '1'), ('0', '1'), ('0', '1'), ('0', '1'), ('0', '1'), ('0', '1'), ('0', '1'), ('0', '1'), ('0', '1'), ('0', '1'), ('0', '1'))
derivative-only	('g', 'F0', -9, 4)	p43	(('-15625', '1'), ('0', '1'), ('0', '1'), ('0', '1'), ('0', '1'), ('0', '1'), ('0', '1'), ('0', '1'), ('0', '1'), ('0', '1'), ('0', '1'), ('0', '1'), ('0', '1'), ('0', '1'), ('0', '1'), ('0', '1'), ('0', '1'), ('0', '1'))
derivative-only	('g', 'F0', -9, 4)	p50	(('-93750', '1'), ('0', '1'), ('0', '1'), ('0', '1'), ('0', '1'), ('0', '1'), ('0', '1'), ('0', '1'), ('0', '1'), ('0', '1'), ('0', '1'), ('0', '1'), ('0', '1'), ('0', '1'), ('0', '1'), ('0', '1'), ('0', '1'), ('0', '1'))
derivative-only	('g', 'F0', -9, 4)	p56	(('-328125', '1'), ('0', '1'), ('0', '1'), ('0', '1'), ('0', '1'), ('0', '1'), ('0', '1'), ('0', '1'), ('0', '1'), ('0', '1'), ('0', '1'), ('0', '1'), ('0', '1'), ('0', '1'), ('0', '1'), ('0', '1'), ('0', '1'), ('0', '1'))
derivative-only	('g', 'F0', -9, 4)	p63	(('-875000', '1'), ('0', '1'), ('0', '1'), ('0', '1'), ('0', '1'), ('0', '1'), ('0', '1'), ('0', '1'), ('0', '1'), ('0', '1'), ('0', '1'), ('0', '1'), ('0', '1'), ('0', '1'), ('0', '1'), ('0', '1'), ('0', '1'), ('0', '1'))
derivative-only	('g', 'F0', -9, 4)	p76	(('25593750*C', '1'), ('0', '1'), ('0', '1'), ('0', '1'), ('0', '1'), ('0', '1'), ('0', '1'), ('0', '1'), ('0', '1'), ('0', '1'), ('0', '1'), ('0', '1'), ('0', '1'), ('0', '1'), ('0', '1'), ('0', '1'), ('0', '1'), ('0', '1'))
derivative-only	('g', 'F0', -9, 4)	p77	(('25593750*V', '1'), ('0', '1'), ('0', '1'), ('0', '1'), ('0', '1'), ('0', '1'), ('0', '1'), ('0', '1'), ('0', '1'), ('0', '1'), ('0', '1'), ('0', '1'), ('0', '1'), ('0', '1'), ('0', '1'), ('0', '1'), ('0', '1'), ('0', '1'))
derivative-only	('g', 'F0', -9, 4)	p78	(('25593750*U', '1'), ('0', '1'), ('0', '1'), ('0', '1'), ('0', '1'), ('0', '1'), ('0', '1'), ('0', '1'), ('0', '1'), ('0', '1'), ('0', '1'), ('0', '1'), ('0', '1'), ('0', '1'), ('0', '1'), ('0', '1'), ('0', '1'), ('0', '1'))
derivative-only	('g', 'F0', -9, 4)	p81	(('179156250*C^2', '1'), ('0', '1'), ('0', '1'), ('0', '1'), ('0', '1'), ('0', '1'), ('0', '1'), ('0', '1'), ('0', '1'), ('0', '1'), ('0', '1'), ('0', '1'), ('0', '1'), ('0', '1'), ('0', '1'), ('0', '1'), ('0', '1'), ('0', '1'))
derivative-only	('g', 'F0', -9, 4)	p82	(('358312500*C*V', '1'), ('0', '1'), ('0', '1'), ('0', '1'), ('0', '1'), ('0', '1'), ('0', '1'), ('0', '1'), ('0', '1'), ('0', '1'), ('0', '1'), ('0', '1'), ('0', '1'), ('0', '1'), ('0', '1'), ('0', '1'), ('0', '1'), ('0', '1'))
derivative-only	('g', 'F0', -9, 4)	p83	(('358312500*C*U + 179156250*V^2', '1'), ('0', '1'), ('0', '1'), ('0', '1'), ('0', '1'), ('0', '1'), ('0', '1'), ('0', '1'), ('0', '1'), ('0', '1'), ('0', '1'), ('0', '1'), ('0', '1'), ('0', '1'), ('0', '1'), ('0', '1'), ('0', '1'), ('0', '1'))
derivative-only	('g', 'F0', -9, 4)	p84	(('358312500*V*U', '1'), ('0', '1'), ('0', '1'), ('0', '1'), ('0', '1'), ('0', '1'), ('0', '1'), ('0', '1'), ('0', '1'), ('0', '1'), ('0', '1'), ('0', '1'), ('0', '1'), ('0', '1'), ('0', '1'), ('0', '1'), ('0', '1'), ('0', '1'))
derivative-only	('g', 'F0', -9, 4)	p85	(('55125000*C + 179156250*U^2', '1'), ('0', '1'), ('0', '1'), ('0', '1'), ('0', '1'), ('0', '1'), ('0', '1'), ('0', '1'), ('0', '1'), ('0', '1'), ('0', '1'), ('0', '1'), ('0', '1'), ('0', '1'), ('0', '1'), ('0', '1'), ('0', '1'), ('0', '1'))
derivative-only	('g', 'F0', -9, 4)	p86	(('55125000*V', '1'), ('0', '1'), ('0', '1'), ('0', '1'), ('0', '1'), ('0', '1'), ('0', '1'), ('0', '1'), ('0', '1'), ('0', '1'), ('0', '1'), ('0', '1'), ('0', '1'), ('0', '1'), ('0', '1'), ('0', '1'), ('0', '1'), ('0', '1'))
derivative-only	('g', 'F0', -9, 4)	p87	(('895781250*C^3', '1'), ('0', '1'), ('0', '1'), ('0', '1'), ('0', '1'), ('0', '1'), ('0', '1'), ('0', '1'), ('0', '1'), ('0', '1'), ('0', '1'), ('0', '1'), ('0', '1'), ('0', '1'), ('0', '1'), ('0', '1'), ('0', '1'), ('0', '1'))
derivative-only	('g', 'F0', -9, 4)	p88	(('2687343750*C^2*V', '1'), ('0', '1'), ('0', '1'), ('0', '1'), ('0', '1'), ('0', '1'), ('0', '1'), ('0', '1'), ('0', '1'), ('0', '1'), ('0', '1'), ('0', '1'), ('0', '1'), ('0', '1'), ('0', '1'), ('0', '1'), ('0', '1'), ('0', '1'))
derivative-only	('g', 'F0', -9, 4)	p89	(('2687343750*C^2*U + 2687343750*C*V^2', '1'), ('0', '1'), ('0', '1'), ('0', '1'), ('0', '1'), ('0', '1'), ('0', '1'), ('0', '1'), ('0', '1'), ('0', '1'), ('0', '1'), ('0', '1'), ('0', '1'), ('0', '1'), ('0', '1'), ('0', '1'), ('0', '1'), ('0', '1'))
derivative-only	('g', 'F0', -9, 4)	p90	(('5374687500*C*V*U + 895781250*V^3', '1'), ('0', '1'), ('0', '1'), ('0', '1'), ('0', '1'), ('0', '1'), ('0', '1'), ('0', '1'), ('0', '1'), ('0', '1'), ('0', '1'), ('0', '1'), ('0', '1'), ('0', '1'), ('0', '1'), ('0', '1'), ('0', '1'), ('0', '1'))
derivative-only	('g', 'F0', -9, 4)	p91	(('413437500*C^2 + 2687343750*C*U^2 + 2687343750*V^2*U', '1'), ('0', '1'), ('0', '1'), ('0', '1'), ('0', '1'), ('0', '1'), ('0', '1'), ('0', '1'), ('0', '1'), ('0', '1'), ('0', '1'), ('0', '1'), ('0', '1'), ('0', '1'), ('0', '1'), ('0', '1'), ('0', '1'), ('0', '1'))
derivative-only	('g', 'F0', -9, 4)	p92	(('826875000*C*V + 2687343750*V*U^2', '1'), ('0', '1'), ('0', '1'), ('0', '1'), ('0', '1'), ('0', '1'), ('0', '1'), ('0', '1'), ('0', '1'), ('0', '1'), ('0', '1'), ('0', '1'), ('0', '1'), ('0', '1'), ('0', '1'), ('0', '1'), ('0', '1'), ('0', '1'))
derivative-only	('g', 'F0', -9, 4)	p93	(('413437500*V^2 + 895781250*U^3', '1'), ('0', '1'), ('0', '1'), ('0', '1'), ('0', '1'), ('0', '1'), ('0', '1'), ('0', '1'), ('0', '1'), ('0', '1'), ('0', '1'), ('0', '1'), ('0', '1'), ('0', '1'), ('0', '1'), ('0', '1'), ('0', '1'), ('0', '1'))
derivative-only	('g', 'F0', -9, 4)	p95	(('108281250*C - 413437500*U^2', '1'), ('0', '1'), ('0', '1'), ('0', '1'), ('0', '1'), ('0', '1'), ('0', '1'), ('0', '1'), ('0', '1'), ('0', '1'), ('0', '1'), ('0', '1'), ('0', '1'), ('0', '1'), ('0', '1'), ('0', '1'), ('0', '1'), ('0', '1'))
derivative-only	('g', 'F0', -9, 4)	p96	(('2205000000*C^3 + 21498750000*C^2*U^2 + 42997500000*C*V^2*U + 3583125000*V^4', '1'), ('0', '1'), ('0', '1'), ('0', '1'), ('0', '1'), ('0', '1'), ('0', '1'), ('0', '1'), ('0', '1'), ('0', '1'), ('0', '1'), ('0', '1'), ('0', '1'), ('0', '1'), ('0', '1'), ('0', '1'), ('0', '1'), ('0', '1'))
derivative-only	('g', 'F0', -9, 4)	p97	(('6615000000*C^2*V + 42997500000*C*V*U^2 + 14332500000*V^3*U', '1'), ('0', '1'), ('0', '1'), ('0', '1'), ('0', '1'), ('0', '1'), ('0', '1'), ('0', '1'), ('0', '1'), ('0', '1'), ('0', '1'), ('0', '1'), ('0', '1'), ('0', '1'), ('0', '1'), ('0', '1'), ('0', '1'), ('0', '1'))
derivative-only	('g', 'F0', -9, 4)	p98	(('6615000000*C*V^2 + 14332500000*C*U^3 + 21498750000*V^2*U^2', '1'), ('0', '1'), ('0', '1'), ('0', '1'), ('0', '1'), ('0', '1'), ('0', '1'), ('0', '1'), ('0', '1'), ('0', '1'), ('0', '1'), ('0', '1'), ('0', '1'), ('0', '1'), ('0', '1'), ('0', '1'), ('0', '1'), ('0', '1'))
derivative-only	('g', 'F0', -9, 4)	p99	(('2205000000*V^3 + 14332500000*V*U^3', '1'), ('0', '1'), ('0', '1'), ('0', '1'), ('0', '1'), ('0', '1'), ('0', '1'), ('0', '1'), ('0', '1'), ('0', '1'), ('0', '1'), ('0', '1'), ('0', '1'), ('0', '1'), ('0', '1'), ('0', '1'), ('0', '1'), ('0', '1'))
derivative-only	('g', 'F0', -9, 4)	p100	(('866250000*C^2 - 6615000000*C*U^2 + 3583125000*U^4', '1'), ('0', '1'), ('0', '1'), ('0', '1'), ('0', '1'), ('0', '1'), ('0', '1'), ('0', '1'), ('0', '1'), ('0', '1'), ('0', '1'), ('0', '1'), ('0', '1'), ('0', '1'), ('0', '1'), ('0', '1'), ('0', '1'), ('0', '1'))
derivative-only	('g', 'F0', -9, 4)	p101	(('-6615000000*V*U^2', '1'), ('0', '1'), ('0', '1'), ('0', '1'), ('0', '1'), ('0', '1'), ('0', '1'), ('0', '1'), ('0', '1'), ('0', '1'), ('0', '1'), ('0', '1'), ('0', '1'), ('0', '1'), ('0', '1'), ('0', '1'), ('0', '1'), ('0', '1'))
derivative-only	('g', 'F0', -9, 4)	p102	(('-866250000*V^2 - 4410000000*U^3', '1'), ('0', '1'), ('0', '1'), ('0', '1'), ('0', '1'), ('0', '1'), ('0', '1'), ('0', '1'), ('0', '1'), ('0', '1'), ('0', '1'), ('0', '1'), ('0', '1'), ('0', '1'), ('0', '1'), ('0', '1'), ('0', '1'), ('0', '1'))
derivative-only	('g', 'F0', -9, 4)	p103	(('-1732500000*V*U', '1'), ('0', '1'), ('0', '1'), ('0', '1'), ('0', '1'), ('0', '1'), ('0', '1'), ('0', '1'), ('0', '1'), ('0', '1'), ('0', '1'), ('0', '1'), ('0', '1'), ('0', '1'), ('0', '1'), ('0', '1'), ('0', '1'), ('0', '1'))
derivative-only	('g', 'F0', -9, 4)	p104	(('4908750000*C^3 - 56227500000*C^2*U^2 + 60913125000*C*U^4 + 9371250000*V^4 + 121826250000*V^2*U^3', '1'), ('0', '1'), ('0', '1'), ('0', '1'), ('0', '1'), ('0', '1'), ('0', '1'), ('0', '1'), ('0', '1'), ('0', '1'), ('0', '1'), ('0', '1'), ('0', '1'), ('0', '1'), ('0', '1'), ('0', '1'), ('0', '1'), ('0', '1'))
derivative-only	('g', 'F0', -9, 4)	p105	(('-112455000000*C*V*U^2 + 60913125000*V*U^4', '1'), ('0', '1'), ('0', '1'), ('0', '1'), ('0', '1'), ('0', '1'), ('0', '1'), ('0', '1'), ('0', '1'), ('0', '1'), ('0', '1'), ('0', '1'), ('0', '1'), ('0', '1'), ('0', '1'), ('0', '1'), ('0', '1'), ('0', '1'))
derivative-only	('g', 'F0', -9, 4)	p106	(('-14726250000*C*V^2 - 74970000000*C*U^3 - 56227500000*V^2*U^2 + 12182625000*U^5', '1'), ('0', '1'), ('0', '1'), ('0', '1'), ('0', '1'), ('0', '1'), ('0', '1'), ('0', '1'), ('0', '1'), ('0', '1'), ('0', '1'), ('0', '1'), ('0', '1'), ('0', '1'), ('0', '1'), ('0', '1'), ('0', '1'), ('0', '1'))
derivative-only	('g', 'F0', -9, 4)	p107	(('-29452500000*C*V*U - 9817500000*V^3 - 74970000000*V*U^3', '1'), ('0', '1'), ('0', '1'), ('0', '1'), ('0', '1'), ('0', '1'), ('0', '1'), ('0', '1'), ('0', '1'), ('0', '1'), ('0', '1'), ('0', '1'), ('0', '1'), ('0', '1'), ('0', '1'), ('0', '1'), ('0', '1'), ('0', '1'))
derivative-only	('g', 'F0', -9, 4)	p108	(('-1683000000*C^2 - 29452500000*V^2*U - 28113750000*U^4', '1'), ('0', '1'), ('0', '1'), ('0', '1'), ('0', '1'), ('0', '1'), ('0', '1'), ('0', '1'), ('0', '1'), ('0', '1'), ('0', '1'), ('0', '1'), ('0', '1'), ('0', '1'), ('0', '1'), ('0', '1'), ('0', '1'), ('0', '1'))
derivative-only	('g', 'F0', -9, 4)	p109	(('-3366000000*C*V - 14726250000*V*U^2', '1'), ('0', '1'), ('0', '1'), ('0', '1'), ('0', '1'), ('0', '1'), ('0', '1'), ('0', '1'), ('0', '1'), ('0', '1'), ('0', '1'), ('0', '1'), ('0', '1'), ('0', '1'), ('0', '1'), ('0', '1'), ('0', '1'), ('0', '1'))
derivative-only	('g', 'F0', -9, 4)	p110	(('-3366000000*C*U - 1683000000*V^2 + 4908750000*U^3', '1'), ('0', '1'), ('0', '1'), ('0', '1'), ('0', '1'), ('0', '1'), ('0', '1'), ('0', '1'), ('0', '1'), ('0', '1'), ('0', '1'), ('0', '1'), ('0', '1'), ('0', '1'), ('0', '1'), ('0', '1'), ('0', '1'), ('0', '1'))
derivative-only	('g', 'F0', -9, 4)	p111	(('-20196000000*C^3 - 530145000000*C*V^2*U - 506047500000*C*U^4 - 66268125000*V^4 - 674730000000*V^2*U^3 + 36547875000*U^6', '1'), ('0', '1'), ('0', '1'), ('0', '1'), ('0', '1'), ('0', '1'), ('0', '1'), ('0', '1'), ('0', '1'), ('0', '1'), ('0', '1'), ('0', '1'), ('0', '1'), ('0', '1'), ('0', '1'), ('0', '1'), ('0', '1'), ('0', '1'))
derivative-only	('g', 'F0', -9, 4)	p112	(('-60588000000*C^2*V - 265072500000*C*V*U^2 - 265072500000*V^3*U - 506047500000*V*U^4', '1'), ('0', '1'), ('0', '1'), ('0', '1'), ('0', '1'), ('0', '1'), ('0', '1'), ('0', '1'), ('0', '1'), ('0', '1'), ('0', '1'), ('0', '1'), ('0', '1'), ('0', '1'), ('0', '1'), ('0', '1'), ('0', '1'), ('0', '1'))
derivative-only	('g', 'F0', -9, 4)	p113	(('-60588000000*C^2*U - 60588000000*C*V^2 + 88357500000*C*U^3 - 265072500000*V^2*U^2 - 134946000000*U^5', '1'), ('0', '1'), ('0', '1'), ('0', '1'), ('0', '1'), ('0', '1'), ('0', '1'), ('0', '1'), ('0', '1'), ('0', '1'), ('0', '1'), ('0', '1'), ('0', '1'), ('0', '1'), ('0', '1'), ('0', '1'), ('0', '1'), ('0', '1'))
derivative-only	('g', 'F0', -9, 4)	p114	(('-60588000000*C*V*U - 20196000000*V^3', '1'), ('0', '1'), ('0', '1'), ('0', '1'), ('0', '1'), ('0', '1'), ('0', '1'), ('0', '1'), ('0', '1'), ('0', '1'), ('0', '1'), ('0', '1'), ('0', '1'), ('0', '1'), ('0', '1'), ('0', '1'), ('0', '1'), ('0', '1'))
derivative-only	('g', 'F0', -9, 4)	p115	(('-3076734375*C^2 - 30294000000*C*U^2 + 66268125000*U^4', '1'), ('0', '1'), ('0', '1'), ('0', '1'), ('0', '1'), ('0', '1'), ('0', '1'), ('0', '1'), ('0', '1'), ('0', '1'), ('0', '1'), ('0', '1'), ('0', '1'), ('0', '1'), ('0', '1'), ('0', '1'), ('0', '1'), ('0', '1'))
derivative-only	('g', 'F0', -9, 4)	p116	(('-6153468750*C*V + 30294000000*V*U^2', '1'), ('0', '1'), ('0', '1'), ('0', '1'), ('0', '1'), ('0', '1'), ('0', '1'), ('0', '1'), ('0', '1'), ('0', '1'), ('0', '1'), ('0', '1'), ('0', '1'), ('0', '1'), ('0', '1'), ('0', '1'), ('0', '1'), ('0', '1'))
derivative-only	('g', 'F0', -9, 4)	p117	(('-38971968750*C^3 - 575586000000*C^2*U^2 - 575586000000*C*V^2*U + 1259094375000*C*U^4 - 143896500000*V^4 - 839396250000*V^2*U^3 - 534161250000*U^6', '1'), ('0', '1'), ('0', '1'), ('0', '1'), ('0', '1'), ('0', '1'), ('0', '1'), ('0', '1'), ('0', '1'), ('0', '1'), ('0', '1'), ('0', '1'), ('0', '1'), ('0', '1'), ('0', '1'), ('0', '1'), ('0', '1'), ('0', '1'))
derivative-only	('g', 'F0', -9, 4)	p118	(('-116915906250*C^2*V + 839396250000*V*U^4', '1'), ('0', '1'), ('0', '1'), ('0', '1'), ('0', '1'), ('0', '1'), ('0', '1'), ('0', '1'), ('0', '1'), ('0', '1'), ('0', '1'), ('0', '1'), ('0', '1'), ('0', '1'), ('0', '1'), ('0', '1'), ('0', '1'), ('0', '1'))
derivative-only	('g', 'F0', -9, 4)	p119	(('-58457953125*C*V^2 - 191862000000*C*U^3 + 575586000000*V^2*U^2 + 503637750000*U^5', '1'), ('0', '1'), ('0', '1'), ('0', '1'), ('0', '1'), ('0', '1'), ('0', '1'), ('0', '1'), ('0', '1'), ('0', '1'), ('0', '1'), ('0', '1'), ('0', '1'), ('0', '1'), ('0', '1'), ('0', '1'), ('0', '1'), ('0', '1'))
derivative-only	('g', 'F0', -9, 4)	p120	(('19485984375*V^3 + 383724000000*V*U^3', '1'), ('0', '1'), ('0', '1'), ('0', '1'), ('0', '1'), ('0', '1'), ('0', '1'), ('0', '1'), ('0', '1'), ('0', '1'), ('0', '1'), ('0', '1'), ('0', '1'), ('0', '1'), ('0', '1'), ('0', '1'), ('0', '1'), ('0', '1'))
derivative-only	('g', 'F0', -9, 4)	p121	(('-5349093750*C^2 + 58457953125*C*U^2 + 58457953125*V^2*U - 47965500000*U^4', '1'), ('0', '1'), ('0', '1'), ('0', '1'), ('0', '1'), ('0', '1'), ('0', '1'), ('0', '1'), ('0', '1'), ('0', '1'), ('0', '1'), ('0', '1'), ('0', '1'), ('0', '1'), ('0', '1'), ('0', '1'), ('0', '1'), ('0', '1'))
derivative-only	('g', 'F0', -9, 4)	p122	(('-71321250000*C^3 + 1169159062500*C^2*U^2 + 1169159062500*C*V^2*U - 1918620000000*C*U^4 + 292289765625*V^4 + 7674480000000*V^2*U^3 + 2797987500000*U^6', '1'), ('0', '1'), ('0', '1'), ('0', '1'), ('0', '1'), ('0', '1'), ('0', '1'), ('0', '1'), ('0', '1'), ('0', '1'), ('0', '1'), ('0', '1'), ('0', '1'), ('0', '1'), ('0', '1'), ('0', '1'), ('0', '1'), ('0', '1'))
derivative-only	('g', 'F0', -9, 4)	p123	(('1169159062500*C*V*U^2 + 1169159062500*V^3*U + 1918620000000*V*U^4', '1'), ('0', '1'), ('0', '1'), ('0', '1'), ('0', '1'), ('0', '1'), ('0', '1'), ('0', '1'), ('0', '1'), ('0', '1'), ('0', '1'), ('0', '1'), ('0', '1'), ('0', '1'), ('0', '1'), ('0', '1'), ('0', '1'), ('0', '1'))
derivative-only	('g', 'F0', -9, 4)	p124	(('106981875000*C*V^2 + 779439375000*C*U^3 + 584579531250*V^2*U^2 - 767448000000*U^5', '1'), ('0', '1'), ('0', '1'), ('0', '1'), ('0', '1'), ('0', '1'), ('0', '1'), ('0', '1'), ('0', '1'), ('0', '1'), ('0', '1'), ('0', '1'), ('0', '1'), ('0', '1'), ('0', '1'), ('0', '1'), ('0', '1'), ('0', '1'))
derivative-only	('g', 'F0', -9, 4)	p125	(('213963750000*C*V*U + 35660625000*V^3 - 389719687500*V*U^3', '1'), ('0', '1'), ('0', '1'), ('0', '1'), ('0', '1'), ('0', '1'), ('0', '1'), ('0', '1'), ('0', '1'), ('0', '1'), ('0', '1'), ('0', '1'), ('0', '1'), ('0', '1'), ('0', '1'), ('0', '1'), ('0', '1'), ('0', '1'))
derivative-only	('g', 'F0', -9, 4)	p126	(('62406093750*C^3 + 4493238750000*C*V^2*U + 6138085078125*C*U^4 + 561654843750*V^4 - 4092056718750*V^2*U^3 - 6715170000000*U^6', '1'), ('0', '1'), ('0', '1'), ('0', '1'), ('0', '1'), ('0', '1'), ('0', '1'), ('0', '1'), ('0', '1'), ('0', '1'), ('0', '1'), ('0', '1'), ('0', '1'), ('0', '1'), ('0', '1'), ('0', '1'), ('0', '1'), ('0', '1'))
derivative-only	('g', 'F0', -9, 4)	p127	(('187218281250*C^2*V + 2246619375000*C*V*U^2 - 6138085078125*V*U^4', '1'), ('0', '1'), ('0', '1'), ('0', '1'), ('0', '1'), ('0', '1'), ('0', '1'), ('0', '1'), ('0', '1'), ('0', '1'), ('0', '1'), ('0', '1'), ('0', '1'), ('0', '1'), ('0', '1'), ('0', '1'), ('0', '1'), ('0', '1'))
derivative-only	('g', 'F0', -9, 4)	p128	(('187218281250*C^2*U + 187218281250*C*V^2 - 748873125000*C*U^3 - 1123309687500*V^2*U^2 + 409205671875*U^5', '1'), ('0', '1'), ('0', '1'), ('0', '1'), ('0', '1'), ('0', '1'), ('0', '1'), ('0', '1'), ('0', '1'), ('0', '1'), ('0', '1'), ('0', '1'), ('0', '1'), ('0', '1'), ('0', '1'), ('0', '1'), ('0', '1'), ('0', '1'))
derivative-only	('g', 'F0', -9, 4)	p129	(('105105000000*C^3 + 2059401093750*C^2*U^2 - 12356406562500*C*U^4 - 343233515625*V^4 - 16475208750000*V^2*U^3 + 7502103984375*U^6', '1'), ('0', '1'), ('0', '1'), ('0', '1'), ('0', '1'), ('0', '1'), ('0', '1'), ('0', '1'), ('0', '1'), ('0', '1'), ('0', '1'), ('0', '1'), ('0', '1'), ('0', '1'), ('0', '1'), ('0', '1'), ('0', '1'), ('0', '1'))
derivative-only	('g', 'F0', -9, 4)	p130	(('315315000000*C^2*V - 4118802187500*C*V*U^2 - 1372934062500*V^3*U + 4118802187500*V*U^4', '1'), ('0', '1'), ('0', '1'), ('0', '1'), ('0', '1'), ('0', '1'), ('0', '1'), ('0', '1'), ('0', '1'), ('0', '1'), ('0', '1'), ('0', '1'), ('0', '1'), ('0', '1'), ('0', '1'), ('0', '1'), ('0', '1'), ('0', '1'))
derivative-only	('g', 'F0', -9, 4)	p131	(('171233562500*C^3 - 3626122500000*C^2*U^2 - 7252245000000*C*V^2*U + 7894370859375*C*U^4 - 604353750000*V^4 + 15788741718750*V^2*U^3 - 3157748343750*U^6', '1'), ('0', '1'), ('0', '1'), ('0', '1'), ('0', '1'), ('0', '1'), ('0', '1'), ('0', '1'), ('0', '1'), ('0', '1'), ('0', '1'), ('0', '1'), ('0', '1'), ('0', '1'), ('0', '1'), ('0', '1'), ('0', '1'), ('0', '1'))
derivative-only	('g', 'F0', -9, 9)	p87	(('-97656250', '1'), ('0', '1'), ('0', '1'), ('0', '1'), ('0', '1'), ('0', '1'), ('0', '1'), ('0', '1'), ('0', '1'), ('0', '1'), ('0', '1'), ('0', '1'), ('0', '1'), ('0', '1'), ('0', '1'), ('0', '1'), ('0', '1'), ('0', '1'))
derivative-only	('g', 'F0', -9, 9)	p96	(('-1074218750', '1'), ('0', '1'), ('0', '1'), ('0', '1'), ('0', '1'), ('0', '1'), ('0', '1'), ('0', '1'), ('0', '1'), ('0', '1'), ('0', '1'), ('0', '1'), ('0', '1'), ('0', '1'), ('0', '1'), ('0', '1'), ('0', '1'), ('0', '1'))
derivative-only	('g', 'F0', -9, 9)	p104	(('-6445312500', '1'), ('0', '1'), ('0', '1'), ('0', '1'), ('0', '1'), ('0', '1'), ('0', '1'), ('0', '1'), ('0', '1'), ('0', '1'), ('0', '1'), ('0', '1'), ('0', '1'), ('0', '1'), ('0', '1'), ('0', '1'), ('0', '1'), ('0', '1'))
derivative-only	('g', 'F0', -9, 9)	p111	(('-27929687500', '1'), ('0', '1'), ('0', '1'), ('0', '1'), ('0', '1'), ('0', '1'), ('0', '1'), ('0', '1'), ('0', '1'), ('0', '1'), ('0', '1'), ('0', '1'), ('0', '1'), ('0', '1'), ('0', '1'), ('0', '1'), ('0', '1'), ('0', '1'))
derivative-only	('g', 'F0', -9, 9)	p117	(('-97753906250', '1'), ('0', '1'), ('0', '1'), ('0', '1'), ('0', '1'), ('0', '1'), ('0', '1'), ('0', '1'), ('0', '1'), ('0', '1'), ('0', '1'), ('0', '1'), ('0', '1'), ('0', '1'), ('0', '1'), ('0', '1'), ('0', '1'), ('0', '1'))
derivative-only	('g', 'F0', -9, 9)	p122	(('-293261718750', '1'), ('0', '1'), ('0', '1'), ('0', '1'), ('0', '1'), ('0', '1'), ('0', '1'), ('0', '1'), ('0', '1'), ('0', '1'), ('0', '1'), ('0', '1'), ('0', '1'), ('0', '1'), ('0', '1'), ('0', '1'), ('0', '1'), ('0', '1'))
derivative-only	('g', 'F0', -9, 9)	p126	(('-782031250000', '1'), ('0', '1'), ('0', '1'), ('0', '1'), ('0', '1'), ('0', '1'), ('0', '1'), ('0', '1'), ('0', '1'), ('0', '1'), ('0', '1'), ('0', '1'), ('0', '1'), ('0', '1'), ('0', '1'), ('0', '1'), ('0', '1'), ('0', '1'))
derivative-only	('g', 'F0', -9, 9)	p129	(('-1899218750000', '1'), ('0', '1'), ('0', '1'), ('0', '1'), ('0', '1'), ('0', '1'), ('0', '1'), ('0', '1'), ('0', '1'), ('0', '1'), ('0', '1'), ('0', '1'), ('0', '1'), ('0', '1'), ('0', '1'), ('0', '1'), ('0', '1'), ('0', '1'))
derivative-only	('g', 'F0', -9, 9)	p131	(('-4273242187500', '1'), ('0', '1'), ('0', '1'), ('0', '1'), ('0', '1'), ('0', '1'), ('0', '1'), ('0', '1'), ('0', '1'), ('0', '1'), ('0', '1'), ('0', '1'), ('0', '1'), ('0', '1'), ('0', '1'), ('0', '1'), ('0', '1'), ('0', '1'))
derivative-only	('g', 'F0', -8, 2)	constant	(('-2422321633676700*C^4*U + 2908946575559350*C^3*V^2 + 13664605962348375*C^3*U^3 - 46137307921187625*C^2*V^2*U^2 - 64663712783162100*C^2*U^5 - 4690332385466250*C*V^4*U - 140154849215470125*C*V^2*U^4 + 6831688096030800*C*U^7 - 2936222996424875/4*V^6 - 591063802581250*V^4*U^3 + 12688940082866750*V^2*U^6 - 582933158796500*U^9', '1'), ('-6484209810074400*C^4*U + 5471595363878200*C^3*V^2 + 37388424618587000*C^3*U^3 - 33281502989724000*C^2*V^2*U^2 - 87179239417527000*C^2*U^5 - 102005155458000*C*V^4*U - 148193596006392000*C*V^2*U^4 + 20272023236812800*C*U^7 - 220550164848750*V^6 + 25950761651621000*V^4*U^3 + 25117881681898400*V^2*U^6 - 2040014287892800*U^9', '1'), ('-2937242177512800*C^4*U + 3256105619725900*C^3*V^2 - 4492080295181000*C^3*U^3 - 46822912429203000*C^2*V^2*U^2 + 7940764365750000*C^2*U^5 - 12912391682886000*C*V^4*U - 58793225194959000*C*V^2*U^4 - 3769273481666400*C*U^7 - 1546423085213750*V^6 + 871928897382000*V^4*U^3 - 13026383794549200*V^2*U^6 - 629470634333600*U^9', '1'), ('-1489069626618600*C^4*U + 2908070104067050*C^3*V^2 + 6848041750212375*C^3*U^3 + 9608622000168375*C^2*V^2*U^2 - 14235889444321500*C^2*U^5 + 2084504730119250*C*V^4*U - 26802431884966125*C*V^2*U^4 + 8552071670002200*C*U^7 + 1477422073283125/4*V^6 + 8326293176727750*V^4*U^3 + 5104262028302850*V^2*U^6 - 1072826430107200*U^9', '1'), ('253991105224800*C^4*U + 715957985530600*C^3*V^2 - 3812666450362750*C^3*U^3 - 2496997494465750*C^2*V^2*U^2 + 4030674372333000*C^2*U^5 - 1789186469326500*C*V^4*U - 7565929586979750*C*V^2*U^4 - 1350027292215600*C*U^7 - 225717627143125/2*V^6 - 3870834196729500*V^4*U^3 - 3502743895587300*V^2*U^6 - 27690006848400*U^9', '1'), ('237030552000*C^4*U + 161857345660500*C^3*V^2 + 544343400646500*C^3*U^3 + 2406697257757500*C^2*V^2*U^2 - 1181734878970800*C^2*U^5 + 759353044887000*C*V^4*U - 360655803175500*C*V^2*U^4 + 619166364523200*C*U^7 + 79297835208375*V^6 + 383937400581000*V^4*U^3 + 455726634581400*V^2*U^6 - 61176184102800*U^9', '1'), ('0', '1'), ('0', '1'), ('0', '1'), ('0', '1'), ('0', '1'), ('0', '1'), ('0', '1'), ('0', '1'), ('0', '1'), ('0', '1'), ('0', '1'), ('0', '1'))
derivative-only	('g', 'F0', -8, 2)	p34	(('-375', '1'), ('0', '1'), ('0', '1'), ('0', '1'), ('0', '1'), ('0', '1'), ('0', '1'), ('0', '1'), ('0', '1'), ('0', '1'), ('0', '1'), ('0', '1'), ('0', '1'), ('0', '1'), ('0', '1'), ('0', '1'), ('0', '1'), ('0', '1'))
derivative-only	('g', 'F0', -8, 2)	p39	(('-1500', '1'), ('0', '1'), ('0', '1'), ('0', '1'), ('0', '1'), ('0', '1'), ('0', '1'), ('0', '1'), ('0', '1'), ('0', '1'), ('0', '1'), ('0', '1'), ('0', '1'), ('0', '1'), ('0', '1'), ('0', '1'), ('0', '1'), ('0', '1'))
derivative-only	('g', 'F0', -8, 2)	p44	(('30000*C', '1'), ('0', '1'), ('0', '1'), ('0', '1'), ('0', '1'), ('0', '1'), ('0', '1'), ('0', '1'), ('0', '1'), ('0', '1'), ('0', '1'), ('0', '1'), ('0', '1'), ('0', '1'), ('0', '1'), ('0', '1'), ('0', '1'), ('0', '1'))
derivative-only	('g', 'F0', -8, 2)	p45	(('30000*V', '1'), ('0', '1'), ('0', '1'), ('0', '1'), ('0', '1'), ('0', '1'), ('0', '1'), ('0', '1'), ('0', '1'), ('0', '1'), ('0', '1'), ('0', '1'), ('0', '1'), ('0', '1'), ('0', '1'), ('0', '1'), ('0', '1'), ('0', '1'))
derivative-only	('g', 'F0', -8, 2)	p46	(('30000*U', '1'), ('0', '1'), ('0', '1'), ('0', '1'), ('0', '1'), ('0', '1'), ('0', '1'), ('0', '1'), ('0', '1'), ('0', '1'), ('0', '1'), ('0', '1'), ('0', '1'), ('0', '1'), ('0', '1'), ('0', '1'), ('0', '1'), ('0', '1'))
derivative-only	('g', 'F0', -8, 2)	p47	(('135000*C^2', '1'), ('0', '1'), ('0', '1'), ('0', '1'), ('0', '1'), ('0', '1'), ('0', '1'), ('0', '1'), ('0', '1'), ('0', '1'), ('0', '1'), ('0', '1'), ('0', '1'), ('0', '1'), ('0', '1'), ('0', '1'), ('0', '1'), ('0', '1'))
derivative-only	('g', 'F0', -8, 2)	p48	(('270000*C*V', '1'), ('0', '1'), ('0', '1'), ('0', '1'), ('0', '1'), ('0', '1'), ('0', '1'), ('0', '1'), ('0', '1'), ('0', '1'), ('0', '1'), ('0', '1'), ('0', '1'), ('0', '1'), ('0', '1'), ('0', '1'), ('0', '1'), ('0', '1'))
derivative-only	('g', 'F0', -8, 2)	p49	(('270000*C*U + 135000*V^2', '1'), ('0', '1'), ('0', '1'), ('0', '1'), ('0', '1'), ('0', '1'), ('0', '1'), ('0', '1'), ('0', '1'), ('0', '1'), ('0', '1'), ('0', '1'), ('0', '1'), ('0', '1'), ('0', '1'), ('0', '1'), ('0', '1'), ('0', '1'))
derivative-only	('g', 'F0', -8, 2)	p50	(('270000*V*U', '1'), ('0', '1'), ('0', '1'), ('0', '1'), ('0', '1'), ('0', '1'), ('0', '1'), ('0', '1'), ('0', '1'), ('0', '1'), ('0', '1'), ('0', '1'), ('0', '1'), ('0', '1'), ('0', '1'), ('0', '1'), ('0', '1'), ('0', '1'))
derivative-only	('g', 'F0', -8, 2)	p51	(('67500*C + 135000*U^2', '1'), ('0', '1'), ('0', '1'), ('0', '1'), ('0', '1'), ('0', '1'), ('0', '1'), ('0', '1'), ('0', '1'), ('0', '1'), ('0', '1'), ('0', '1'), ('0', '1'), ('0', '1'), ('0', '1'), ('0', '1'), ('0', '1'), ('0', '1'))
derivative-only	('g', 'F0', -8, 2)	p52	(('67500*V', '1'), ('0', '1'), ('0', '1'), ('0', '1'), ('0', '1'), ('0', '1'), ('0', '1'), ('0', '1'), ('0', '1'), ('0', '1'), ('0', '1'), ('0', '1'), ('0', '1'), ('0', '1'), ('0', '1'), ('0', '1'), ('0', '1'), ('0', '1'))
derivative-only	('g', 'F0', -8, 2)	p53	(('337500*C^2 + 1350000*C*U^2 + 1350000*V^2*U', '1'), ('0', '1'), ('0', '1'), ('0', '1'), ('0', '1'), ('0', '1'), ('0', '1'), ('0', '1'), ('0', '1'), ('0', '1'), ('0', '1'), ('0', '1'), ('0', '1'), ('0', '1'), ('0', '1'), ('0', '1'), ('0', '1'), ('0', '1'))
derivative-only	('g', 'F0', -8, 2)	p54	(('675000*C*V + 1350000*V*U^2', '1'), ('0', '1'), ('0', '1'), ('0', '1'), ('0', '1'), ('0', '1'), ('0', '1'), ('0', '1'), ('0', '1'), ('0', '1'), ('0', '1'), ('0', '1'), ('0', '1'), ('0', '1'), ('0', '1'), ('0', '1'), ('0', '1'), ('0', '1'))
derivative-only	('g', 'F0', -8, 2)	p55	(('337500*V^2 + 450000*U^3', '1'), ('0', '1'), ('0', '1'), ('0', '1'), ('0', '1'), ('0', '1'), ('0', '1'), ('0', '1'), ('0', '1'), ('0', '1'), ('0', '1'), ('0', '1'), ('0', '1'), ('0', '1'), ('0', '1'), ('0', '1'), ('0', '1'), ('0', '1'))
derivative-only	('g', 'F0', -8, 2)	p57	(('131250*C - 337500*U^2', '1'), ('0', '1'), ('0', '1'), ('0', '1'), ('0', '1'), ('0', '1'), ('0', '1'), ('0', '1'), ('0', '1'), ('0', '1'), ('0', '1'), ('0', '1'), ('0', '1'), ('0', '1'), ('0', '1'), ('0', '1'), ('0', '1'), ('0', '1'))
derivative-only	('g', 'F0', -8, 2)	p58	(('-9450000*C^2*U - 5737500*C*V^2 + 4950000*C*U^3 + 7425000*V^2*U^2', '1'), ('0', '1'), ('0', '1'), ('0', '1'), ('0', '1'), ('0', '1'), ('0', '1'), ('0', '1'), ('0', '1'), ('0', '1'), ('0', '1'), ('0', '1'), ('0', '1'), ('0', '1'), ('0', '1'), ('0', '1'), ('0', '1'), ('0', '1'))
derivative-only	('g', 'F0', -8, 2)	p59	(('-18900000*C*V*U - 1912500*V^3 + 4950000*V*U^3', '1'), ('0', '1'), ('0', '1'), ('0', '1'), ('0', '1'), ('0', '1'), ('0', '1'), ('0', '1'), ('0', '1'), ('0', '1'), ('0', '1'), ('0', '1'), ('0', '1'), ('0', '1'), ('0', '1'), ('0', '1'), ('0', '1'), ('0', '1'))
derivative-only	('g', 'F0', -8, 2)	p60	(('721875*C^2 - 3712500*C*U^2 + 1237500*U^4', '1'), ('0', '1'), ('0', '1'), ('0', '1'), ('0', '1'), ('0', '1'), ('0', '1'), ('0', '1'), ('0', '1'), ('0', '1'), ('0', '1'), ('0', '1'), ('0', '1'), ('0', '1'), ('0', '1'), ('0', '1'), ('0', '1'), ('0', '1'))
derivative-only	('g', 'F0', -8, 2)	p61	(('-3712500*V*U^2', '1'), ('0', '1'), ('0', '1'), ('0', '1'), ('0', '1'), ('0', '1'), ('0', '1'), ('0', '1'), ('0', '1'), ('0', '1'), ('0', '1'), ('0', '1'), ('0', '1'), ('0', '1'), ('0', '1'), ('0', '1'), ('0', '1'), ('0', '1'))
derivative-only	('g', 'F0', -8, 2)	p62	(('-721875*V^2 - 2475000*U^3', '1'), ('0', '1'), ('0', '1'), ('0', '1'), ('0', '1'), ('0', '1'), ('0', '1'), ('0', '1'), ('0', '1'), ('0', '1'), ('0', '1'), ('0', '1'), ('0', '1'), ('0', '1'), ('0', '1'), ('0', '1'), ('0', '1'), ('0', '1'))
derivative-only	('g', 'F0', -8, 2)	p63	(('-1443750*V*U', '1'), ('0', '1'), ('0', '1'), ('0', '1'), ('0', '1'), ('0', '1'), ('0', '1'), ('0', '1'), ('0', '1'), ('0', '1'), ('0', '1'), ('0', '1'), ('0', '1'), ('0', '1'), ('0', '1'), ('0', '1'), ('0', '1'), ('0', '1'))
derivative-only	('g', 'F0', -8, 2)	p64	(('-118800000*C^2*V*U - 24750000*C*V^3 + 59400000*C*V*U^3 + 29700000*V^3*U^2', '1'), ('0', '1'), ('0', '1'), ('0', '1'), ('0', '1'), ('0', '1'), ('0', '1'), ('0', '1'), ('0', '1'), ('0', '1'), ('0', '1'), ('0', '1'), ('0', '1'), ('0', '1'), ('0', '1'), ('0', '1'), ('0', '1'), ('0', '1'))
derivative-only	('g', 'F0', -8, 2)	p65	(('5587500*C^3 - 81675000*C^2*U^2 - 118800000*C*V^2*U + 14850000*C*U^4 - 6187500*V^4 + 29700000*V^2*U^3', '1'), ('0', '1'), ('0', '1'), ('0', '1'), ('0', '1'), ('0', '1'), ('0', '1'), ('0', '1'), ('0', '1'), ('0', '1'), ('0', '1'), ('0', '1'), ('0', '1'), ('0', '1'), ('0', '1'), ('0', '1'), ('0', '1'), ('0', '1'))
derivative-only	('g', 'F0', -8, 2)	p66	(('8100000*C^2*V - 163350000*C*V*U^2 - 39600000*V^3*U + 14850000*V*U^4', '1'), ('0', '1'), ('0', '1'), ('0', '1'), ('0', '1'), ('0', '1'), ('0', '1'), ('0', '1'), ('0', '1'), ('0', '1'), ('0', '1'), ('0', '1'), ('0', '1'), ('0', '1'), ('0', '1'), ('0', '1'), ('0', '1'), ('0', '1'))
derivative-only	('g', 'F0', -8, 2)	p67	(('-37800000*C^2*U - 46462500*C*V^2 - 29700000*C*U^3 - 22275000*V^2*U^2 + 2970000*U^5', '1'), ('0', '1'), ('0', '1'), ('0', '1'), ('0', '1'), ('0', '1'), ('0', '1'), ('0', '1'), ('0', '1'), ('0', '1'), ('0', '1'), ('0', '1'), ('0', '1'), ('0', '1'), ('0', '1'), ('0', '1'), ('0', '1'), ('0', '1'))
derivative-only	('g', 'F0', -8, 2)	p68	(('-92925000*C*V*U - 18375000*V^3 - 29700000*V*U^3', '1'), ('0', '1'), ('0', '1'), ('0', '1'), ('0', '1'), ('0', '1'), ('0', '1'), ('0', '1'), ('0', '1'), ('0', '1'), ('0', '1'), ('0', '1'), ('0', '1'), ('0', '1'), ('0', '1'), ('0', '1'), ('0', '1'), ('0', '1'))
derivative-only	('g', 'F0', -8, 2)	p69	(('-1386000*C^2 - 17325000*V^2*U - 11137500*U^4', '1'), ('0', '1'), ('0', '1'), ('0', '1'), ('0', '1'), ('0', '1'), ('0', '1'), ('0', '1'), ('0', '1'), ('0', '1'), ('0', '1'), ('0', '1'), ('0', '1'), ('0', '1'), ('0', '1'), ('0', '1'), ('0', '1'), ('0', '1'))
derivative-only	('g', 'F0', -8, 2)	p70	(('-2772000*C*V - 8662500*V*U^2', '1'), ('0', '1'), ('0', '1'), ('0', '1'), ('0', '1'), ('0', '1'), ('0', '1'), ('0', '1'), ('0', '1'), ('0', '1'), ('0', '1'), ('0', '1'), ('0', '1'), ('0', '1'), ('0', '1'), ('0', '1'), ('0', '1'), ('0', '1'))
derivative-only	('g', 'F0', -8, 2)	p71	(('-2772000*C*U - 1386000*V^2 + 2887500*U^3', '1'), ('0', '1'), ('0', '1'), ('0', '1'), ('0', '1'), ('0', '1'), ('0', '1'), ('0', '1'), ('0', '1'), ('0', '1'), ('0', '1'), ('0', '1'), ('0', '1'), ('0', '1'), ('0', '1'), ('0', '1'), ('0', '1'), ('0', '1'))
derivative-only	('g', 'F0', -8, 2)	p72	(('-647212500*C^2*V*U - 253275000*C*V^3 - 386100000*C*V*U^3 - 96525000*V^3*U^2 + 38610000*V*U^5', '1'), ('0', '1'), ('0', '1'), ('0', '1'), ('0', '1'), ('0', '1'), ('0', '1'), ('0', '1'), ('0', '1'), ('0', '1'), ('0', '1'), ('0', '1'), ('0', '1'), ('0', '1'), ('0', '1'), ('0', '1'), ('0', '1'), ('0', '1'))
derivative-only	('g', 'F0', -8, 2)	p73	(('19038000*C^3 - 267300000*C^2*U^2 - 759825000*C*V^2*U - 144787500*C*U^4 - 72703125*V^4 - 193050000*V^2*U^3 + 6435000*U^6', '1'), ('0', '1'), ('0', '1'), ('0', '1'), ('0', '1'), ('0', '1'), ('0', '1'), ('0', '1'), ('0', '1'), ('0', '1'), ('0', '1'), ('0', '1'), ('0', '1'), ('0', '1'), ('0', '1'), ('0', '1'), ('0', '1'), ('0', '1'))
derivative-only	('g', 'F0', -8, 2)	p74	(('57114000*C^2*V - 647212500*C*V*U^2 - 290812500*V^3*U - 144787500*V*U^4', '1'), ('0', '1'), ('0', '1'), ('0', '1'), ('0', '1'), ('0', '1'), ('0', '1'), ('0', '1'), ('0', '1'), ('0', '1'), ('0', '1'), ('0', '1'), ('0', '1'), ('0', '1'), ('0', '1'), ('0', '1'), ('0', '1'), ('0', '1'))
derivative-only	('g', 'F0', -8, 2)	p75	(('-149436000*C^2*U - 149436000*C*V^2 + 37537500*C*U^3 - 112612500*V^2*U^2 - 38610000*U^5', '1'), ('0', '1'), ('0', '1'), ('0', '1'), ('0', '1'), ('0', '1'), ('0', '1'), ('0', '1'), ('0', '1'), ('0', '1'), ('0', '1'), ('0', '1'), ('0', '1'), ('0', '1'), ('0', '1'), ('0', '1'), ('0', '1'), ('0', '1'))
derivative-only	('g', 'F0', -8, 2)	p76	(('-262836000*C*V*U - 49812000*V^3', '1'), ('0', '1'), ('0', '1'), ('0', '1'), ('0', '1'), ('0', '1'), ('0', '1'), ('0', '1'), ('0', '1'), ('0', '1'), ('0', '1'), ('0', '1'), ('0', '1'), ('0', '1'), ('0', '1'), ('0', '1'), ('0', '1'), ('0', '1'))
derivative-only	('g', 'F0', -8, 2)	p77	(('-2457000*C^2 - 18018000*C*U^2 + 28153125*U^4', '1'), ('0', '1'), ('0', '1'), ('0', '1'), ('0', '1'), ('0', '1'), ('0', '1'), ('0', '1'), ('0', '1'), ('0', '1'), ('0', '1'), ('0', '1'), ('0', '1'), ('0', '1'), ('0', '1'), ('0', '1'), ('0', '1'), ('0', '1'))
derivative-only	('g', 'F0', -8, 2)	p78	(('-4914000*C*V + 18018000*V*U^2', '1'), ('0', '1'), ('0', '1'), ('0', '1'), ('0', '1'), ('0', '1'), ('0', '1'), ('0', '1'), ('0', '1'), ('0', '1'), ('0', '1'), ('0', '1'), ('0', '1'), ('0', '1'), ('0', '1'), ('0', '1'), ('0', '1'), ('0', '1'))
derivative-only	('g', 'F0', -8, 2)	p79	(('-133452000*C^3*V + 5025487500*C^2*V*U^2 + 561825000*C*V^3*U - 3764475000*C*V*U^4 - 85057500*V^5 - 2059200000*V^3*U^3 + 90090000*V*U^6', '1'), ('0', '1'), ('0', '1'), ('0', '1'), ('0', '1'), ('0', '1'), ('0', '1'), ('0', '1'), ('0', '1'), ('0', '1'), ('0', '1'), ('0', '1'), ('0', '1'), ('0', '1'), ('0', '1'), ('0', '1'), ('0', '1'), ('0', '1'))
derivative-only	('g', 'F0', -8, 2)	p80	(('-668052000*C^3*U + 306578250*C^2*V^2 + 3069412500*C^2*U^3 + 4237200000*C*V^2*U^2 - 888030000*C*U^5 + 9075000*V^4*U - 1882237500*V^2*U^4 + 12870000*U^7', '1'), ('0', '1'), ('0', '1'), ('0', '1'), ('0', '1'), ('0', '1'), ('0', '1'), ('0', '1'), ('0', '1'), ('0', '1'), ('0', '1'), ('0', '1'), ('0', '1'), ('0', '1'), ('0', '1'), ('0', '1'), ('0', '1'), ('0', '1'))
derivative-only	('g', 'F0', -8, 2)	p81	(('-2286504000*C^2*V*U - 846252000*C*V^3 - 788287500*V^3*U^2 - 540540000*V*U^5', '1'), ('0', '1'), ('0', '1'), ('0', '1'), ('0', '1'), ('0', '1'), ('0', '1'), ('0', '1'), ('0', '1'), ('0', '1'), ('0', '1'), ('0', '1'), ('0', '1'), ('0', '1'), ('0', '1'), ('0', '1'), ('0', '1'), ('0', '1'))
derivative-only	('g', 'F0', -8, 2)	p82	(('112068000*C^3 - 1143252000*C^2*U^2 - 2034252000*C*V^2*U + 394143750*C*U^4 - 211563000*V^4 - 262762500*V^2*U^3 - 112612500*U^6', '1'), ('0', '1'), ('0', '1'), ('0', '1'), ('0', '1'), ('0', '1'), ('0', '1'), ('0', '1'), ('0', '1'), ('0', '1'), ('0', '1'), ('0', '1'), ('0', '1'), ('0', '1'), ('0', '1'), ('0', '1'), ('0', '1'), ('0', '1'))
derivative-only	('g', 'F0', -8, 2)	p83	(('336204000*C^2*V - 1782000000*C*V*U^2 - 594000000*V^3*U + 262762500*V*U^4', '1'), ('0', '1'), ('0', '1'), ('0', '1'), ('0', '1'), ('0', '1'), ('0', '1'), ('0', '1'), ('0', '1'), ('0', '1'), ('0', '1'), ('0', '1'), ('0', '1'), ('0', '1'), ('0', '1'), ('0', '1'), ('0', '1'), ('0', '1'))
derivative-only	('g', 'F0', -8, 2)	p84	(('-283500000*C^2*U - 317898000*C*V^2 - 84084000*C*U^3 + 252252000*V^2*U^2 + 157657500*U^5', '1'), ('0', '1'), ('0', '1'), ('0', '1'), ('0', '1'), ('0', '1'), ('0', '1'), ('0', '1'), ('0', '1'), ('0', '1'), ('0', '1'), ('0', '1'), ('0', '1'), ('0', '1'), ('0', '1'), ('0', '1'), ('0', '1'), ('0', '1'))
derivative-only	('g', 'F0', -8, 2)	p85	(('-567000000*C*V*U - 83034000*V^3 + 168168000*V*U^3', '1'), ('0', '1'), ('0', '1'), ('0', '1'), ('0', '1'), ('0', '1'), ('0', '1'), ('0', '1'), ('0', '1'), ('0', '1'), ('0', '1'), ('0', '1'), ('0', '1'), ('0', '1'), ('0', '1'), ('0', '1'), ('0', '1'), ('0', '1'))
derivative-only	('g', 'F0', -8, 2)	p86	(('-4095000*C^2 + 34398000*C*U^2 + 34398000*V^2*U - 21021000*U^4', '1'), ('0', '1'), ('0', '1'), ('0', '1'), ('0', '1'), ('0', '1'), ('0', '1'), ('0', '1'), ('0', '1'), ('0', '1'), ('0', '1'), ('0', '1'), ('0', '1'), ('0', '1'), ('0', '1'), ('0', '1'), ('0', '1'), ('0', '1'))
derivative-only	('g', 'F0', -8, 2)	p87	(('-5656530000*C^3*V*U + 3512355000*C^2*V^3 + 44401500000*C^2*V*U^3 + 19063687500*C*V^3*U^2 - 13513500000*C*V*U^5 - 233268750*V^5*U - 9572062500*V^3*U^4 + 193050000*V*U^7', '1'), ('0', '1'), ('0', '1'), ('0', '1'), ('0', '1'), ('0', '1'), ('0', '1'), ('0', '1'), ('0', '1'), ('0', '1'), ('0', '1'), ('0', '1'), ('0', '1'), ('0', '1'), ('0', '1'), ('0', '1'), ('0', '1'), ('0', '1'))
derivative-only	('g', 'F0', -8, 2)	p88	(('738309375*C^4 - 9799515000*C^3*U^2 + 1289970000*C^2*V^2*U + 17434828125*C^2*U^4 + 3069990000*C*V^4 + 40460062500*C*V^2*U^3 - 2590087500*C*U^6 + 3780562500*V^4*U^2 - 6756750000*V^2*U^5 + 24131250*U^8', '1'), ('0', '1'), ('0', '1'), ('0', '1'), ('0', '1'), ('0', '1'), ('0', '1'), ('0', '1'), ('0', '1'), ('0', '1'), ('0', '1'), ('0', '1'), ('0', '1'), ('0', '1'), ('0', '1'), ('0', '1'), ('0', '1'), ('0', '1'))
derivative-only	('g', 'F0', -8, 2)	p89	(('-70470000*C^3*V + 32522985000*C^2*V*U^2 + 12994740000*C*V^3*U - 4745812500*C*V*U^4 + 26185500*V^5 - 8419125000*V^3*U^3 - 1689187500*V*U^6', '1'), ('0', '1'), ('0', '1'), ('0', '1'), ('0', '1'), ('0', '1'), ('0', '1'), ('0', '1'), ('0', '1'), ('0', '1'), ('0', '1'), ('0', '1'), ('0', '1'), ('0', '1'), ('0', '1'), ('0', '1'), ('0', '1'), ('0', '1'))
derivative-only	('g', 'F0', -8, 2)	p90	(('-3118500000*C^3*U + 2686061250*C^2*V^2 + 14553990000*C^2*U^3 + 36306765000*C*V^2*U^2 + 627412500*C*U^5 + 3564000000*V^4*U - 3358265625*V^2*U^4 - 289575000*U^7', '1'), ('0', '1'), ('0', '1'), ('0', '1'), ('0', '1'), ('0', '1'), ('0', '1'), ('0', '1'), ('0', '1'), ('0', '1'), ('0', '1'), ('0', '1'), ('0', '1'), ('0', '1'), ('0', '1'), ('0', '1'), ('0', '1'), ('0', '1'))
derivative-only	('g', 'F0', -8, 2)	p91	(('-4900500000*C^2*V*U - 1633500000*C*V^3 + 1261260000*C*V*U^3 + 1891890000*V^3*U^2 + 1970718750*V*U^5', '1'), ('0', '1'), ('0', '1'), ('0', '1'), ('0', '1'), ('0', '1'), ('0', '1'), ('0', '1'), ('0', '1'), ('0', '1'), ('0', '1'), ('0', '1'), ('0', '1'), ('0', '1'), ('0', '1'), ('0', '1'), ('0', '1'), ('0', '1'))
derivative-only	('g', 'F0', -8, 2)	p92	(('382275000*C^3 - 1934280000*C^2*U^2 - 4384530000*C*V^2*U - 630630000*C*U^4 - 279382500*V^4 + 2522520000*V^2*U^3 + 656906250*U^6', '1'), ('0', '1'), ('0', '1'), ('0', '1'), ('0', '1'), ('0', '1'), ('0', '1'), ('0', '1'), ('0', '1'), ('0', '1'), ('0', '1'), ('0', '1'), ('0', '1'), ('0', '1'), ('0', '1'), ('0', '1'), ('0', '1'), ('0', '1'))
derivative-only	('g', 'F0', -8, 2)	p93	(('1269675000*C^2*V - 4384530000*C*V*U^2 - 1117530000*V^3*U + 630630000*V*U^4', '1'), ('0', '1'), ('0', '1'), ('0', '1'), ('0', '1'), ('0', '1'), ('0', '1'), ('0', '1'), ('0', '1'), ('0', '1'), ('0', '1'), ('0', '1'), ('0', '1'), ('0', '1'), ('0', '1'), ('0', '1'), ('0', '1'), ('0', '1'))
derivative-only	('g', 'F0', -8, 2)	p94	(('-623700000*C^2*U - 562275000*C*V^2 + 343980000*C*U^3 + 257985000*V^2*U^2 - 252252000*U^5', '1'), ('0', '1'), ('0', '1'), ('0', '1'), ('0', '1'), ('0', '1'), ('0', '1'), ('0', '1'), ('0', '1'), ('0', '1'), ('0', '1'), ('0', '1'), ('0', '1'), ('0', '1'), ('0', '1'), ('0', '1'), ('0', '1'), ('0', '1'))
derivative-only	('g', 'F0', -8, 2)	p95	(('-1124550000*C*V*U - 187425000*V^3 - 171990000*V*U^3', '1'), ('0', '1'), ('0', '1'), ('0', '1'), ('0', '1'), ('0', '1'), ('0', '1'), ('0', '1'), ('0', '1'), ('0', '1'), ('0', '1'), ('0', '1'), ('0', '1'), ('0', '1'), ('0', '1'), ('0', '1'), ('0', '1'), ('0', '1'))
derivative-only	('g', 'F0', -8, 2)	p96	(('-29902125000*C^3*V*U + 29978205000*C^2*V^3 + 276061500000*C^2*V*U^3 + 221917410000*C*V^3*U^2 + 1801800000*C*V*U^5 + 12741300000*V^5*U - 24774750000*V^3*U^4 - 4633200000*V*U^7', '1'), ('0', '1'), ('0', '1'), ('0', '1'), ('0', '1'), ('0', '1'), ('0', '1'), ('0', '1'), ('0', '1'), ('0', '1'), ('0', '1'), ('0', '1'), ('0', '1'), ('0', '1'), ('0', '1'), ('0', '1'), ('0', '1'), ('0', '1'))
derivative-only	('g', 'F0', -8, 2)	p97	(('4931133750*C^4 - 57128490000*C^3*U^2 + 2630385000*C^2*V^2*U + 80028877500*C^2*U^4 + 24278951250*C*V^4 + 306331740000*C*V^2*U^3 + 5555550000*C*U^6 + 60524392500*V^4*U^2 - 2252250000*V^2*U^5 - 675675000*U^8', '1'), ('0', '1'), ('0', '1'), ('0', '1'), ('0', '1'), ('0', '1'), ('0', '1'), ('0', '1'), ('0', '1'), ('0', '1'), ('0', '1'), ('0', '1'), ('0', '1'), ('0', '1'), ('0', '1'), ('0', '1'), ('0', '1'), ('0', '1'))
derivative-only	('g', 'F0', -8, 2)	p98	(('980100000*C^3*V + 144244395000*C^2*V*U^2 + 67061520000*C*V^3*U - 26808210000*C*V*U^4 + 2173189500*V^5 - 1055340000*V^3*U^3 + 9459450000*V*U^6', '1'), ('0', '1'), ('0', '1'), ('0', '1'), ('0', '1'), ('0', '1'), ('0', '1'), ('0', '1'), ('0', '1'), ('0', '1'), ('0', '1'), ('0', '1'), ('0', '1'), ('0', '1'), ('0', '1'), ('0', '1'), ('0', '1'), ('0', '1'))
derivative-only	('g', 'F0', -8, 2)	p99	(('-13721400000*C^3*U + 11743481250*C^2*V^2 + 66759930000*C^2*U^3 + 144244395000*C*V^2*U^2 - 11415690000*C*U^5 + 18829260000*V^4*U - 3314025000*V^2*U^4 + 2252250000*U^7', '1'), ('0', '1'), ('0', '1'), ('0', '1'), ('0', '1'), ('0', '1'), ('0', '1'), ('0', '1'), ('0', '1'), ('0', '1'), ('0', '1'), ('0', '1'), ('0', '1'), ('0', '1'), ('0', '1'), ('0', '1'), ('0', '1'), ('0', '1'))
derivative-only	('g', 'F0', -8, 2)	p100	(('-9795600000*C^2*V*U - 2937600000*C*V^3 + 2751840000*C*V*U^3 + 4127760000*V^3*U^2', '1'), ('0', '1'), ('0', '1'), ('0', '1'), ('0', '1'), ('0', '1'), ('0', '1'), ('0', '1'), ('0', '1'), ('0', '1'), ('0', '1'), ('0', '1'), ('0', '1'), ('0', '1'), ('0', '1'), ('0', '1'), ('0', '1'), ('0', '1'))
derivative-only	('g', 'F0', -8, 2)	p101	(('1133550000*C^3 - 5880600000*C^2*U^2 - 9795600000*C*V^2*U + 2063880000*C*U^4 - 734400000*V^4 - 1375920000*V^2*U^3 - 1681680000*U^6', '1'), ('0', '1'), ('0', '1'), ('0', '1'), ('0', '1'), ('0', '1'), ('0', '1'), ('0', '1'), ('0', '1'), ('0', '1'), ('0', '1'), ('0', '1'), ('0', '1'), ('0', '1'), ('0', '1'), ('0', '1'), ('0', '1'), ('0', '1'))
derivative-only	('g', 'F0', -8, 2)	p102	(('3400650000*C^2*V - 10778400000*C*V*U^2 - 3920400000*V^3*U - 2063880000*V*U^4', '1'), ('0', '1'), ('0', '1'), ('0', '1'), ('0', '1'), ('0', '1'), ('0', '1'), ('0', '1'), ('0', '1'), ('0', '1'), ('0', '1'), ('0', '1'), ('0', '1'), ('0', '1'), ('0', '1'), ('0', '1'), ('0', '1'), ('0', '1'))
derivative-only	('g', 'F0', -8, 2)	p103	(('-1143450000*C^2*U - 1143450000*C*V^2 - 327600000*C*U^3 - 491400000*V^2*U^2 + 137592000*U^5', '1'), ('0', '1'), ('0', '1'), ('0', '1'), ('0', '1'), ('0', '1'), ('0', '1'), ('0', '1'), ('0', '1'), ('0', '1'), ('0', '1'), ('0', '1'), ('0', '1'), ('0', '1'), ('0', '1'), ('0', '1'), ('0', '1'), ('0', '1'))
derivative-only	('g', 'F0', -8, 2)	p104	(('-149945700000*C^3*V*U + 131743725000*C^2*V^3 + 1238124420000*C^2*V*U^3 + 964218060000*C*V^3*U^2 - 136071936000*C*V*U^5 + 80726490000*V^5*U + 15255240000*V^3*U^4 + 35735700000*V*U^7', '1'), ('0', '1'), ('0', '1'), ('0', '1'), ('0', '1'), ('0', '1'), ('0', '1'), ('0', '1'), ('0', '1'), ('0', '1'), ('0', '1'), ('0', '1'), ('0', '1'), ('0', '1'), ('0', '1'), ('0', '1'), ('0', '1'), ('0', '1'))
derivative-only	('g', 'F0', -8, 2)	p105	(('22044144375*C^4 - 284474025000*C^3*U^2 - 43141500000*C^2*V^2*U + 401398335000*C^2*U^4 + 96168037500*C*V^4 + 1191343140000*C*V^2*U^3 - 51267216000*C*U^6 + 252749835000*V^4*U^2 - 25153128000*V^2*U^5 + 6700443750*U^8', '1'), ('0', '1'), ('0', '1'), ('0', '1'), ('0', '1'), ('0', '1'), ('0', '1'), ('0', '1'), ('0', '1'), ('0', '1'), ('0', '1'), ('0', '1'), ('0', '1'), ('0', '1'), ('0', '1'), ('0', '1'), ('0', '1'), ('0', '1'))
derivative-only	('g', 'F0', -8, 2)	p106	(('3073950000*C^3*V + 442316025000*C^2*V*U^2 + 204886800000*C*V^3*U - 95559750000*C*V*U^4 + 6301732500*V^5 - 63706500000*V^3*U^3 - 14294280000*V*U^6', '1'), ('0', '1'), ('0', '1'), ('0', '1'), ('0', '1'), ('0', '1'), ('0', '1'), ('0', '1'), ('0', '1'), ('0', '1'), ('0', '1'), ('0', '1'), ('0', '1'), ('0', '1'), ('0', '1'), ('0', '1'), ('0', '1'), ('0', '1'))
derivative-only	('g', 'F0', -8, 2)	p107	(('-43970850000*C^3*U + 32482518750*C^2*V^2 + 184080150000*C^2*U^3 + 433962225000*C*V^2*U^2 - 7416630000*C*U^5 + 47044800000*V^4*U - 77018175000*V^2*U^4 - 8168160000*U^7', '1'), ('0', '1'), ('0', '1'), ('0', '1'), ('0', '1'), ('0', '1'), ('0', '1'), ('0', '1'), ('0', '1'), ('0', '1'), ('0', '1'), ('0', '1'), ('0', '1'), ('0', '1'), ('0', '1'), ('0', '1'), ('0', '1'), ('0', '1'))
derivative-only	('g', 'F0', -8, 2)	p108	(('18696150000*C^2*V*U - 247500000*C*V^3 - 8353800000*V^3*U^2 - 11695320000*V*U^5', '1'), ('0', '1'), ('0', '1'), ('0', '1'), ('0', '1'), ('0', '1'), ('0', '1'), ('0', '1'), ('0', '1'), ('0', '1'), ('0', '1'), ('0', '1'), ('0', '1'), ('0', '1'), ('0', '1'), ('0', '1'), ('0', '1'), ('0', '1'))
derivative-only	('g', 'F0', -8, 2)	p109	(('2565750000*C^3 - 11857725000*C^2*U^2 + 16929000000*C*V^2*U - 4176900000*C*U^4 + 4797787500*V^4 - 5569200000*V^2*U^3 + 1949220000*U^6', '1'), ('0', '1'), ('0', '1'), ('0', '1'), ('0', '1'), ('0', '1'), ('0', '1'), ('0', '1'), ('0', '1'), ('0', '1'), ('0', '1'), ('0', '1'), ('0', '1'), ('0', '1'), ('0', '1'), ('0', '1'), ('0', '1'), ('0', '1'))
derivative-only	('g', 'F0', -8, 2)	p110	(('7697250000*C^2*V + 15161850000*C*V*U^2 - 2014650000*V^3*U + 1392300000*V*U^4', '1'), ('0', '1'), ('0', '1'), ('0', '1'), ('0', '1'), ('0', '1'), ('0', '1'), ('0', '1'), ('0', '1'), ('0', '1'), ('0', '1'), ('0', '1'), ('0', '1'), ('0', '1'), ('0', '1'), ('0', '1'), ('0', '1'), ('0', '1'))
derivative-only	('g', 'F0', -8, 2)	p111	(('-230040525000*C^3*V*U + 453133725000*C^2*V^3 + 3920073300000*C^2*V*U^3 + 2953858050000*C*V^3*U^2 - 428589252000*C*V*U^5 + 198764280000*V^5*U - 532587510000*V^3*U^4 - 102918816000*V*U^7', '1'), ('0', '1'), ('0', '1'), ('0', '1'), ('0', '1'), ('0', '1'), ('0', '1'), ('0', '1'), ('0', '1'), ('0', '1'), ('0', '1'), ('0', '1'), ('0', '1'), ('0', '1'), ('0', '1'), ('0', '1'), ('0', '1'), ('0', '1'))
derivative-only	('g', 'F0', -8, 2)	p112	(('72922657500*C^4 - 990658350000*C^3*U^2 + 377608275000*C^2*V^2*U + 1146387937500*C^2*U^4 + 407978381250*C*V^4 + 3869950500000*C*V^2*U^3 + 5757570000*C*U^6 + 663280312500*V^4*U^2 - 403758810000*V^2*U^5 - 32162130000*U^8', '1'), ('0', '1'), ('0', '1'), ('0', '1'), ('0', '1'), ('0', '1'), ('0', '1'), ('0', '1'), ('0', '1'), ('0', '1'), ('0', '1'), ('0', '1'), ('0', '1'), ('0', '1'), ('0', '1'), ('0', '1'), ('0', '1'), ('0', '1'))
derivative-only	('g', 'F0', -8, 2)	p113	(('3029400000*C^3*V + 1884665475000*C^2*V*U^2 + 1007988300000*C*V^3*U - 273516750000*C*V*U^4 + 74556652500*V^5 - 265882500000*V^3*U^3 - 35085960000*V*U^6', '1'), ('0', '1'), ('0', '1'), ('0', '1'), ('0', '1'), ('0', '1'), ('0', '1'), ('0', '1'), ('0', '1'), ('0', '1'), ('0', '1'), ('0', '1'), ('0', '1'), ('0', '1'), ('0', '1'), ('0', '1'), ('0', '1'), ('0', '1'))
derivative-only	('g', 'F0', -8, 2)	p114	(('-85714200000*C^3*U + 115679643750*C^2*V^2 + 508582800000*C^2*U^3 + 1868761125000*C*V^2*U^2 - 79764750000*C*U^5 + 244044900000*V^4*U - 136758375000*V^2*U^4 + 15036840000*U^7', '1'), ('0', '1'), ('0', '1'), ('0', '1'), ('0', '1'), ('0', '1'), ('0', '1'), ('0', '1'), ('0', '1'), ('0', '1'), ('0', '1'), ('0', '1'), ('0', '1'), ('0', '1'), ('0', '1'), ('0', '1'), ('0', '1'), ('0', '1'))
derivative-only	('g', 'F0', -8, 2)	p115	(('74131200000*C^2*V*U + 37600200000*C*V^3 + 360498600000*C*V*U^3 + 58315950000*V^3*U^2 + 20049120000*V*U^5', '1'), ('0', '1'), ('0', '1'), ('0', '1'), ('0', '1'), ('0', '1'), ('0', '1'), ('0', '1'), ('0', '1'), ('0', '1'), ('0', '1'), ('0', '1'), ('0', '1'), ('0', '1'), ('0', '1'), ('0', '1'), ('0', '1'), ('0', '1'))
derivative-only	('g', 'F0', -8, 2)	p116	(('5299866000*C^3 + 14701500000*C^2*U^2 + 71101800000*C*V^2*U + 2650725000*C*U^4 + 9400050000*V^4 + 5301450000*V^2*U^3 - 835380000*U^6', '1'), ('0', '1'), ('0', '1'), ('0', '1'), ('0', '1'), ('0', '1'), ('0', '1'), ('0', '1'), ('0', '1'), ('0', '1'), ('0', '1'), ('0', '1'), ('0', '1'), ('0', '1'), ('0', '1'), ('0', '1'), ('0', '1'), ('0', '1'))
derivative-only	('g', 'F0', -8, 2)	p117	(('-421256550000*C^3*V*U + 1887198225000*C^2*V^3 + 18158297850000*C^2*V*U^3 + 16560898200000*C*V^3*U^2 - 1177394400000*C*V*U^5 + 1687732200000*V^5*U - 1377967500000*V^3*U^4', '1'), ('0', '1'), ('0', '1'), ('0', '1'), ('0', '1'), ('0', '1'), ('0', '1'), ('0', '1'), ('0', '1'), ('0', '1'), ('0', '1'), ('0', '1'), ('0', '1'), ('0', '1'), ('0', '1'), ('0', '1'), ('0', '1'), ('0', '1'))
derivative-only	('g', 'F0', -8, 2)	p118	(('207353557125*C^4 - 2214780975000*C^3*U^2 + 1284846750000*C^2*V^2*U + 3553920562500*C^2*U^4 + 1390304025000*C*V^4 + 18158297850000*C*V^2*U^3 - 354954600000*C*U^6 + 3233676600000*V^4*U^2 - 350613900000*V^2*U^5 + 83329155000*U^8', '1'), ('0', '1'), ('0', '1'), ('0', '1'), ('0', '1'), ('0', '1'), ('0', '1'), ('0', '1'), ('0', '1'), ('0', '1'), ('0', '1'), ('0', '1'), ('0', '1'), ('0', '1'), ('0', '1'), ('0', '1'), ('0', '1'), ('0', '1'))
derivative-only	('g', 'F0', -8, 2)	p119	(('-303474600000*C^3*V + 4436177625000*C^2*V*U^2 + 3072940200000*C*V^3*U + 1737004500000*C*V*U^4 + 160380742500*V^5 + 83575800000*V^3*U^3 + 142849980000*V*U^6', '1'), ('0', '1'), ('0', '1'), ('0', '1'), ('0', '1'), ('0', '1'), ('0', '1'), ('0', '1'), ('0', '1'), ('0', '1'), ('0', '1'), ('0', '1'), ('0', '1'), ('0', '1'), ('0', '1'), ('0', '1'), ('0', '1'), ('0', '1'))
derivative-only	('g', 'F0', -8, 2)	p120	(('-235134900000*C^3*U - 63039512250*C^2*V^2 + 1568263950000*C^2*U^3 + 4040039025000*C*V^2*U^2 - 75654810000*C*U^5 + 628570800000*V^4*U - 214318912500*V^2*U^4 - 13604760000*U^7', '1'), ('0', '1'), ('0', '1'), ('0', '1'), ('0', '1'), ('0', '1'), ('0', '1'), ('0', '1'), ('0', '1'), ('0', '1'), ('0', '1'), ('0', '1'), ('0', '1'), ('0', '1'), ('0', '1'), ('0', '1'), ('0', '1'), ('0', '1'))
derivative-only	('g', 'F0', -8, 2)	p121	(('-166571262000*C^2*V*U + 69186546000*C*V^3 + 195247800000*C*V*U^3 + 200326500000*V^3*U^2 - 10072755000*V*U^5', '1'), ('0', '1'), ('0', '1'), ('0', '1'), ('0', '1'), ('0', '1'), ('0', '1'), ('0', '1'), ('0', '1'), ('0', '1'), ('0', '1'), ('0', '1'), ('0', '1'), ('0', '1'), ('0', '1'), ('0', '1'), ('0', '1'), ('0', '1'))
derivative-only	('g', 'F0', -8, 2)	p122	(('-8357535615000*C^3*V*U + 1103317215000*C^2*V^3 + 39878338500000*C^2*V*U^3 + 42707931750000*C*V^3*U^2 + 9180448200000*C*V*U^5 + 4718528100000*V^5*U + 1103082750000*V^3*U^4 + 634888800000*V*U^7', '1'), ('0', '1'), ('0', '1'), ('0', '1'), ('0', '1'), ('0', '1'), ('0', '1'), ('0', '1'), ('0', '1'), ('0', '1'), ('0', '1'), ('0', '1'), ('0', '1'), ('0', '1'), ('0', '1'), ('0', '1'), ('0', '1'), ('0', '1'))
derivative-only	('g', 'F0', -8, 2)	p123	(('321363753750*C^4 - 6784742250000*C^3*U^2 - 7510153365000*C^2*V^2*U + 11296487812500*C^2*U^4 + 2733943533750*C*V^4 + 34788352500000*C*V^2*U^3 - 115141950000*C*U^6 + 9424236937500*V^4*U^2 - 949791150000*V^2*U^5 - 119041650000*U^8', '1'), ('0', '1'), ('0', '1'), ('0', '1'), ('0', '1'), ('0', '1'), ('0', '1'), ('0', '1'), ('0', '1'), ('0', '1'), ('0', '1'), ('0', '1'), ('0', '1'), ('0', '1'), ('0', '1'), ('0', '1'), ('0', '1'), ('0', '1'))
derivative-only	('g', 'F0', -8, 2)	p124	(('-831795120000*C^3*V + 5722793505000*C^2*V*U^2 + 3683394000000*C*V^3*U - 1834791750000*C*V*U^4 - 24157633500*V^5 + 766903500000*V^3*U^3 - 167879250000*V*U^6', '1'), ('0', '1'), ('0', '1'), ('0', '1'), ('0', '1'), ('0', '1'), ('0', '1'), ('0', '1'), ('0', '1'), ('0', '1'), ('0', '1'), ('0', '1'), ('0', '1'), ('0', '1'), ('0', '1'), ('0', '1'), ('0', '1'), ('0', '1'))
derivative-only	('g', 'F0', -8, 2)	p125	(('-762297120000*C^3*U - 146945711250*C^2*V^2 + 2782069290000*C^2*U^3 + 5897851245000*C*V^2*U^2 - 267641550000*C*U^5 + 960050520000*V^4*U - 669103875000*V^2*U^4 + 4796550000*U^7', '1'), ('0', '1'), ('0', '1'), ('0', '1'), ('0', '1'), ('0', '1'), ('0', '1'), ('0', '1'), ('0', '1'), ('0', '1'), ('0', '1'), ('0', '1'), ('0', '1'), ('0', '1'), ('0', '1'), ('0', '1'), ('0', '1'), ('0', '1'))
derivative-only	('g', 'F0', -8, 2)	p126	(('-16563794520000*C^3*V*U - 479351145000*C^2*V^3 + 48797248500000*C^2*V*U^3 + 30615104520000*C*V^3*U^2 - 19574616600000*C*V*U^5 + 2902970070000*V^5*U + 3576573000000*V^3*U^4 - 1410185700000*V*U^7', '1'), ('0', '1'), ('0', '1'), ('0', '1'), ('0', '1'), ('0', '1'), ('0', '1'), ('0', '1'), ('0', '1'), ('0', '1'), ('0', '1'), ('0', '1'), ('0', '1'), ('0', '1'), ('0', '1'), ('0', '1'), ('0', '1'), ('0', '1'))
derivative-only	('g', 'F0', -8, 2)	p127	(('825318073125*C^4 - 18564920010000*C^3*U^2 - 10463953500000*C^2*V^2*U + 19802412630000*C^2*U^4 + 3235731817500*C*V^4 + 43333470180000*C*V^2*U^3 - 1366388100000*C*U^6 + 8928504585000*V^4*U^2 - 3897709200000*V^2*U^5 + 88136606250*U^8', '1'), ('0', '1'), ('0', '1'), ('0', '1'), ('0', '1'), ('0', '1'), ('0', '1'), ('0', '1'), ('0', '1'), ('0', '1'), ('0', '1'), ('0', '1'), ('0', '1'), ('0', '1'), ('0', '1'), ('0', '1'), ('0', '1'), ('0', '1'))
derivative-only	('g', 'F0', -8, 2)	p128	(('-1607171962500*C^3*V + 18704449530000*C^2*V*U^2 + 4816165770000*C*V^3*U - 11942922420000*C*V*U^4 - 25311136500*V^5 - 6664652280000*V^3*U^3 + 67151700000*V*U^6', '1'), ('0', '1'), ('0', '1'), ('0', '1'), ('0', '1'), ('0', '1'), ('0', '1'), ('0', '1'), ('0', '1'), ('0', '1'), ('0', '1'), ('0', '1'), ('0', '1'), ('0', '1'), ('0', '1'), ('0', '1'), ('0', '1'), ('0', '1'))
derivative-only	('g', 'F0', -8, 2)	p129	(('-1053044850000*C^3*V*U + 6054460912500*C^2*V^3 + 66054142440000*C^2*V*U^3 - 220620358530000*C*V^3*U^2 - 121673129292000*C*V*U^5 - 35471779200000*V^5*U - 53993523870000*V^3*U^4 + 1266289200000*V*U^7', '1'), ('0', '1'), ('0', '1'), ('0', '1'), ('0', '1'), ('0', '1'), ('0', '1'), ('0', '1'), ('0', '1'), ('0', '1'), ('0', '1'), ('0', '1'), ('0', '1'), ('0', '1'), ('0', '1'), ('0', '1'), ('0', '1'), ('0', '1'))
derivative-only	('g', 'F0', -8, 2)	p130	(('1899457230000*C^4 - 5722629412500*C^3*U^2 - 17064188212500*C^2*V^2*U - 80417651242500*C^2*U^4 + 7078491956250*C*V^4 - 166099331970000*C*V^2*U^3 + 8869983408000*C*U^6 - 22094350492500*V^4*U^2 + 21143932524000*V^2*U^5 - 26381025000*U^8', '1'), ('0', '1'), ('0', '1'), ('0', '1'), ('0', '1'), ('0', '1'), ('0', '1'), ('0', '1'), ('0', '1'), ('0', '1'), ('0', '1'), ('0', '1'), ('0', '1'), ('0', '1'), ('0', '1'), ('0', '1'), ('0', '1'), ('0', '1'))
derivative-only	('g', 'F0', -8, 2)	p131	(('65625902100000*C^3*V*U + 12818371087500*C^2*V^3 - 682733342362500*C^2*V*U^3 - 643817165062500*C*V^3*U^2 + 285855007581000*C*V*U^5 - 68627117666250*V^5*U + 185544927067500*V^3*U^4 - 420689412000*V*U^7', '1'), ('0', '1'), ('0', '1'), ('0', '1'), ('0', '1'), ('0', '1'), ('0', '1'), ('0', '1'), ('0', '1'), ('0', '1'), ('0', '1'), ('0', '1'), ('0', '1'), ('0', '1'), ('0', '1'), ('0', '1'), ('0', '1'), ('0', '1'))
derivative-only	('g', 'F0', -8, 7)	constant	(('3557363062500000*C*U - 537462656250000*V^2 - 12706193500000000*U^3', '1'), ('5657812875000000*C*U - 109703343750000*V^2 - 14326785687500000*U^3', '1'), ('4091212125000000*C*U + 774425437500000*V^2 - 5177922750000000*U^3', '1'), ('1391890500000000*C*U + 528715687500000*V^2 - 557431875000000*U^3', '1'), ('157094437500000*C*U + 78547218750000*V^2', '1'), ('0', '1'), ('0', '1'), ('0', '1'), ('0', '1'), ('0', '1'), ('0', '1'), ('0', '1'), ('0', '1'), ('0', '1'), ('0', '1'), ('0', '1'), ('0', '1'), ('0', '1'))
derivative-only	('g', 'F0', -8, 7)	p65	(('-3125000', '1'), ('0', '1'), ('0', '1'), ('0', '1'), ('0', '1'), ('0', '1'), ('0', '1'), ('0', '1'), ('0', '1'), ('0', '1'), ('0', '1'), ('0', '1'), ('0', '1'), ('0', '1'), ('0', '1'), ('0', '1'), ('0', '1'), ('0', '1'))
derivative-only	('g', 'F0', -8, 7)	p73	(('-28125000', '1'), ('0', '1'), ('0', '1'), ('0', '1'), ('0', '1'), ('0', '1'), ('0', '1'), ('0', '1'), ('0', '1'), ('0', '1'), ('0', '1'), ('0', '1'), ('0', '1'), ('0', '1'), ('0', '1'), ('0', '1'), ('0', '1'), ('0', '1'))
derivative-only	('g', 'F0', -8, 7)	p82	(('-140625000', '1'), ('0', '1'), ('0', '1'), ('0', '1'), ('0', '1'), ('0', '1'), ('0', '1'), ('0', '1'), ('0', '1'), ('0', '1'), ('0', '1'), ('0', '1'), ('0', '1'), ('0', '1'), ('0', '1'), ('0', '1'), ('0', '1'), ('0', '1'))
derivative-only	('g', 'F0', -8, 7)	p92	(('-515625000', '1'), ('0', '1'), ('0', '1'), ('0', '1'), ('0', '1'), ('0', '1'), ('0', '1'), ('0', '1'), ('0', '1'), ('0', '1'), ('0', '1'), ('0', '1'), ('0', '1'), ('0', '1'), ('0', '1'), ('0', '1'), ('0', '1'), ('0', '1'))
derivative-only	('g', 'F0', -8, 7)	p101	(('-1546875000', '1'), ('0', '1'), ('0', '1'), ('0', '1'), ('0', '1'), ('0', '1'), ('0', '1'), ('0', '1'), ('0', '1'), ('0', '1'), ('0', '1'), ('0', '1'), ('0', '1'), ('0', '1'), ('0', '1'), ('0', '1'), ('0', '1'), ('0', '1'))
derivative-only	('g', 'F0', -8, 7)	p109	(('-4021875000', '1'), ('0', '1'), ('0', '1'), ('0', '1'), ('0', '1'), ('0', '1'), ('0', '1'), ('0', '1'), ('0', '1'), ('0', '1'), ('0', '1'), ('0', '1'), ('0', '1'), ('0', '1'), ('0', '1'), ('0', '1'), ('0', '1'), ('0', '1'))
derivative-only	('g', 'F0', -8, 7)	p116	(('-9384375000', '1'), ('0', '1'), ('0', '1'), ('0', '1'), ('0', '1'), ('0', '1'), ('0', '1'), ('0', '1'), ('0', '1'), ('0', '1'), ('0', '1'), ('0', '1'), ('0', '1'), ('0', '1'), ('0', '1'), ('0', '1'), ('0', '1'), ('0', '1'))
derivative-only	('g', 'F0', -8, 7)	p123	(('402187500000*C', '1'), ('0', '1'), ('0', '1'), ('0', '1'), ('0', '1'), ('0', '1'), ('0', '1'), ('0', '1'), ('0', '1'), ('0', '1'), ('0', '1'), ('0', '1'), ('0', '1'), ('0', '1'), ('0', '1'), ('0', '1'), ('0', '1'), ('0', '1'))
derivative-only	('g', 'F0', -8, 7)	p124	(('402187500000*V', '1'), ('0', '1'), ('0', '1'), ('0', '1'), ('0', '1'), ('0', '1'), ('0', '1'), ('0', '1'), ('0', '1'), ('0', '1'), ('0', '1'), ('0', '1'), ('0', '1'), ('0', '1'), ('0', '1'), ('0', '1'), ('0', '1'), ('0', '1'))
derivative-only	('g', 'F0', -8, 7)	p125	(('402187500000*U', '1'), ('0', '1'), ('0', '1'), ('0', '1'), ('0', '1'), ('0', '1'), ('0', '1'), ('0', '1'), ('0', '1'), ('0', '1'), ('0', '1'), ('0', '1'), ('0', '1'), ('0', '1'), ('0', '1'), ('0', '1'), ('0', '1'), ('0', '1'))
derivative-only	('g', 'F0', -8, 7)	p126	(('8445937500000*V*U', '1'), ('0', '1'), ('0', '1'), ('0', '1'), ('0', '1'), ('0', '1'), ('0', '1'), ('0', '1'), ('0', '1'), ('0', '1'), ('0', '1'), ('0', '1'), ('0', '1'), ('0', '1'), ('0', '1'), ('0', '1'), ('0', '1'), ('0', '1'))
derivative-only	('g', 'F0', -8, 7)	p127	(('844593750000*C + 4222968750000*U^2', '1'), ('0', '1'), ('0', '1'), ('0', '1'), ('0', '1'), ('0', '1'), ('0', '1'), ('0', '1'), ('0', '1'), ('0', '1'), ('0', '1'), ('0', '1'), ('0', '1'), ('0', '1'), ('0', '1'), ('0', '1'), ('0', '1'), ('0', '1'))
derivative-only	('g', 'F0', -8, 7)	p128	(('844593750000*V', '1'), ('0', '1'), ('0', '1'), ('0', '1'), ('0', '1'), ('0', '1'), ('0', '1'), ('0', '1'), ('0', '1'), ('0', '1'), ('0', '1'), ('0', '1'), ('0', '1'), ('0', '1'), ('0', '1'), ('0', '1'), ('0', '1'), ('0', '1'))
derivative-only	('g', 'F0', -8, 7)	p130	(('1671312500000*C - 9290531250000*U^2', '1'), ('0', '1'), ('0', '1'), ('0', '1'), ('0', '1'), ('0', '1'), ('0', '1'), ('0', '1'), ('0', '1'), ('0', '1'), ('0', '1'), ('0', '1'), ('0', '1'), ('0', '1'), ('0', '1'), ('0', '1'), ('0', '1'), ('0', '1'))
derivative-only	('g', 'F0', -8, 7)	p131	(('-38440187500000*V*U', '1'), ('0', '1'), ('0', '1'), ('0', '1'), ('0', '1'), ('0', '1'), ('0', '1'), ('0', '1'), ('0', '1'), ('0', '1'), ('0', '1'), ('0', '1'), ('0', '1'), ('0', '1'), ('0', '1'), ('0', '1'), ('0', '1'), ('0', '1'))
derivative-only	('g', 'F0', -7, 0)	constant	(('77009514813396*C^5*V - 1009828406834705/6*C^4*V*U^2 + 577749920569764*C^3*V^3*U - 1133166260051730*C^3*V*U^4 - 1674055914405881/12*C^2*V^5 - 24067504117299480*C^2*V^3*U^3 - 18689129121644311/6*C^2*V*U^6 - 484611072609445*C*V^5*U^2 - 37763897599438819*C*V^3*U^5 - 405185522692772/3*C*V*U^8 - 199500512985173*V^7*U + 50009675411379/2*V^5*U^4 - 7535690971832018*V^3*U^7 - 6078804626886417/4*V*U^10', '1'), ('-50089647174836*C^5*V + 1740387271593200/3*C^4*V*U^2 + 6281556541730104*C^3*V^3*U + 13454379069774276*C^3*V*U^4 + 1009662112933522/3*C^2*V^5 + 9135232223182360/3*C^2*V^3*U^3 - 67016156180226664/3*C^2*V*U^6 + 4305201835052584*C*V^5*U^2 - 76507844051074540*C*V^3*U^5 + 3955662112246078/3*C*V*U^8 - 18653338390216*V^7*U - 1584112928509686*V^5*U^4 - 22234892032518468*V^3*U^7 - 1438863291612496*V*U^10', '1'), ('147877026782708*C^5*V - 2400643531238080/3*C^4*V*U^2 - 2437654021139752*C^3*V^3*U - 13451802108075888*C^3*V*U^4 - 686507418790046/3*C^2*V^5 - 127898424179854480/3*C^2*V^3*U^3 - 26228949671300188/3*C^2*V*U^6 - 2757472489001192*C*V^5*U^2 - 28043119513995600*C*V^3*U^5 + 11459782246750512*C*V*U^8 - 1006343497586992*V^7*U + 295060301254578*V^5*U^4 - 8964723576049116*V^3*U^7 - 2030251309432382*V*U^10', '1'), ('-82158066535674*C^5*V + 4962090808174195/6*C^4*V*U^2 + 3758343334074456*C^3*V^3*U + 5736983178622174*C^3*V*U^4 + 1246805417526967/12*C^2*V^5 + 44867475401310640/3*C^2*V^3*U^3 - 67106031122998807/6*C^2*V*U^6 + 1470832740595721*C*V^5*U^2 - 33296255222865435*C*V^3*U^5 - 2079669627461406*C*V*U^8 + 51862402683271*V^7*U - 5993220102649743/2*V^5*U^4 - 10991434778595672*V^3*U^7 + 1461935746809719/4*V*U^10', '1'), ('17985031415072*C^5*V - 295767019535455/3*C^4*V*U^2 - 532535509036748*C^3*V^3*U - 3612841569750772*C^3*V*U^4 - 761466524508223/6*C^2*V^5 - 5615944762595440*C^2*V^3*U^3 + 568989494977061*C^2*V*U^6 - 623180416211568*C*V^5*U^2 - 1632081161834610*C*V^3*U^5 + 738010687823768*C*V*U^8 - 72446944178478*V^7*U - 786324127308*V^5*U^4 - 52563631547454*V^3*U^7 - 204002553622071/2*V*U^10', '1'), ('-6890613548808*C^5*V + 96377320802330*C^4*V*U^2 + 251297100422376*C^3*V^3*U + 278632699777296*C^3*V*U^4 - 2338956586085*C^2*V^5 + 1549511085584080*C^2*V^3*U^3 - 623014304416366*C^2*V*U^6 + 249490729342584*C*V^5*U^2 - 1621970977558692*C*V^3*U^5 - 231775988057456*C*V*U^8 + 35549661137100*V^7*U - 31849457836410*V^5*U^4 - 357022362189312*V^3*U^7 + 58847735965005*V*U^10', '1'), ('-20000000*C^2*V - 366400000/3*C*V*U^2 + 128000000/3*V^3*U + 49000000*V*U^4', '1'), ('35000000*C^2*V + 641200000/3*C*V*U^2 - 224000000/3*V^3*U - 85750000*V*U^4', '1'), ('-25312500*C^2*V - 154575000*C*V*U^2 + 54000000*V^3*U + 62015625*V*U^4', '1'), ('8750000*C^2*V + 160300000/3*C*V*U^2 - 56000000/3*V^3*U - 21437500*V*U^4', '1'), ('-1250000*C^2*V - 22900000/3*C*V*U^2 + 8000000/3*V^3*U + 3062500*V*U^4', '1'), ('0', '1'), ('0', '1'), ('0', '1'), ('0', '1'), ('0', '1'), ('0', '1'), ('0', '1'))
derivative-only	('g', 'F0', -7, 0)	p30	(('15*V', '1'), ('0', '1'), ('0', '1'), ('0', '1'), ('0', '1'), ('0', '1'), ('0', '1'), ('0', '1'), ('0', '1'), ('0', '1'), ('0', '1'), ('0', '1'), ('0', '1'), ('0', '1'), ('0', '1'), ('0', '1'), ('0', '1'), ('0', '1'))
derivative-only	('g', 'F0', -7, 0)	p31	(('15*U', '1'), ('0', '1'), ('0', '1'), ('0', '1'), ('0', '1'), ('0', '1'), ('0', '1'), ('0', '1'), ('0', '1'), ('0', '1'), ('0', '1'), ('0', '1'), ('0', '1'), ('0', '1'), ('0', '1'), ('0', '1'), ('0', '1'), ('0', '1'))
derivative-only	('g', 'F0', -7, 0)	p32	(('40*V', '1'), ('0', '1'), ('0', '1'), ('0', '1'), ('0', '1'), ('0', '1'), ('0', '1'), ('0', '1'), ('0', '1'), ('0', '1'), ('0', '1'), ('0', '1'), ('0', '1'), ('0', '1'), ('0', '1'), ('0', '1'), ('0', '1'), ('0', '1'))
derivative-only	('g', 'F0', -7, 0)	p33	(('-180*C*U + 10*V^2 + 50*U^3', '1'), ('0', '1'), ('0', '1'), ('0', '1'), ('0', '1'), ('0', '1'), ('0', '1'), ('0', '1'), ('0', '1'), ('0', '1'), ('0', '1'), ('0', '1'), ('0', '1'), ('0', '1'), ('0', '1'), ('0', '1'), ('0', '1'), ('0', '1'))
derivative-only	('g', 'F0', -7, 0)	p34	(('-180*V*U', '1'), ('0', '1'), ('0', '1'), ('0', '1'), ('0', '1'), ('0', '1'), ('0', '1'), ('0', '1'), ('0', '1'), ('0', '1'), ('0', '1'), ('0', '1'), ('0', '1'), ('0', '1'), ('0', '1'), ('0', '1'), ('0', '1'), ('0', '1'))
derivative-only	('g', 'F0', -7, 0)	p35	(('-190*U^2', '1'), ('0', '1'), ('0', '1'), ('0', '1'), ('0', '1'), ('0', '1'), ('0', '1'), ('0', '1'), ('0', '1'), ('0', '1'), ('0', '1'), ('0', '1'), ('0', '1'), ('0', '1'), ('0', '1'), ('0', '1'), ('0', '1'), ('0', '1'))
derivative-only	('g', 'F0', -7, 0)	p36	(('5*C^2 - 1200*C*U^2 - 600*V^2*U + 75*U^4', '1'), ('0', '1'), ('0', '1'), ('0', '1'), ('0', '1'), ('0', '1'), ('0', '1'), ('0', '1'), ('0', '1'), ('0', '1'), ('0', '1'), ('0', '1'), ('0', '1'), ('0', '1'), ('0', '1'), ('0', '1'), ('0', '1'), ('0', '1'))
derivative-only	('g', 'F0', -7, 0)	p37	(('-440*C*V - 1200*V*U^2', '1'), ('0', '1'), ('0', '1'), ('0', '1'), ('0', '1'), ('0', '1'), ('0', '1'), ('0', '1'), ('0', '1'), ('0', '1'), ('0', '1'), ('0', '1'), ('0', '1'), ('0', '1'), ('0', '1'), ('0', '1'), ('0', '1'), ('0', '1'))
derivative-only	('g', 'F0', -7, 0)	p38	(('-360*C*U - 405*V^2 - 400*U^3', '1'), ('0', '1'), ('0', '1'), ('0', '1'), ('0', '1'), ('0', '1'), ('0', '1'), ('0', '1'), ('0', '1'), ('0', '1'), ('0', '1'), ('0', '1'), ('0', '1'), ('0', '1'), ('0', '1'), ('0', '1'), ('0', '1'), ('0', '1'))
derivative-only	('g', 'F0', -7, 0)	p39	(('-810*V*U', '1'), ('0', '1'), ('0', '1'), ('0', '1'), ('0', '1'), ('0', '1'), ('0', '1'), ('0', '1'), ('0', '1'), ('0', '1'), ('0', '1'), ('0', '1'), ('0', '1'), ('0', '1'), ('0', '1'), ('0', '1'), ('0', '1'), ('0', '1'))
derivative-only	('g', 'F0', -7, 0)	p40	(('20*C^2 - 240*C*U^2 - 4650*V^2*U - 1050*U^4', '1'), ('0', '1'), ('0', '1'), ('0', '1'), ('0', '1'), ('0', '1'), ('0', '1'), ('0', '1'), ('0', '1'), ('0', '1'), ('0', '1'), ('0', '1'), ('0', '1'), ('0', '1'), ('0', '1'), ('0', '1'), ('0', '1'), ('0', '1'))
derivative-only	('g', 'F0', -7, 0)	p41	(('-800*C*V - 1815*V*U^2', '1'), ('0', '1'), ('0', '1'), ('0', '1'), ('0', '1'), ('0', '1'), ('0', '1'), ('0', '1'), ('0', '1'), ('0', '1'), ('0', '1'), ('0', '1'), ('0', '1'), ('0', '1'), ('0', '1'), ('0', '1'), ('0', '1'), ('0', '1'))
derivative-only	('g', 'F0', -7, 0)	p42	(('-600*C*U - 720*V^2 + 1785*U^3', '1'), ('0', '1'), ('0', '1'), ('0', '1'), ('0', '1'), ('0', '1'), ('0', '1'), ('0', '1'), ('0', '1'), ('0', '1'), ('0', '1'), ('0', '1'), ('0', '1'), ('0', '1'), ('0', '1'), ('0', '1'), ('0', '1'), ('0', '1'))
derivative-only	('g', 'F0', -7, 0)	p43	(('-1500*C^2*U + 9015*C*V^2 + 31280*C*U^3 + 7440*V^2*U^2 - 2765*U^5', '1'), ('0', '1'), ('0', '1'), ('0', '1'), ('0', '1'), ('0', '1'), ('0', '1'), ('0', '1'), ('0', '1'), ('0', '1'), ('0', '1'), ('0', '1'), ('0', '1'), ('0', '1'), ('0', '1'), ('0', '1'), ('0', '1'), ('0', '1'))
derivative-only	('g', 'F0', -7, 0)	p44	(('17550*C*V*U + 4510*V^3 + 27080*V*U^3', '1'), ('0', '1'), ('0', '1'), ('0', '1'), ('0', '1'), ('0', '1'), ('0', '1'), ('0', '1'), ('0', '1'), ('0', '1'), ('0', '1'), ('0', '1'), ('0', '1'), ('0', '1'), ('0', '1'), ('0', '1'), ('0', '1'), ('0', '1'))
derivative-only	('g', 'F0', -7, 0)	p45	(('50*C^2 - 600*C*U^2 + 1800*V^2*U + 8190*U^4', '1'), ('0', '1'), ('0', '1'), ('0', '1'), ('0', '1'), ('0', '1'), ('0', '1'), ('0', '1'), ('0', '1'), ('0', '1'), ('0', '1'), ('0', '1'), ('0', '1'), ('0', '1'), ('0', '1'), ('0', '1'), ('0', '1'), ('0', '1'))
derivative-only	('g', 'F0', -7, 0)	p46	(('-1300*C*V + 7560*V*U^2', '1'), ('0', '1'), ('0', '1'), ('0', '1'), ('0', '1'), ('0', '1'), ('0', '1'), ('0', '1'), ('0', '1'), ('0', '1'), ('0', '1'), ('0', '1'), ('0', '1'), ('0', '1'), ('0', '1'), ('0', '1'), ('0', '1'), ('0', '1'))
derivative-only	('g', 'F0', -7, 0)	p47	(('79200*C^2*V*U + 45240*C*V^3 + 256620*C*V*U^3 + 7770*V^3*U^2 - 25200*V*U^5', '1'), ('0', '1'), ('0', '1'), ('0', '1'), ('0', '1'), ('0', '1'), ('0', '1'), ('0', '1'), ('0', '1'), ('0', '1'), ('0', '1'), ('0', '1'), ('0', '1'), ('0', '1'), ('0', '1'), ('0', '1'), ('0', '1'), ('0', '1'))
derivative-only	('g', 'F0', -7, 0)	p48	(('5*C^3 - 59940*C^2*U^2 + 176400*C*V^2*U + 131985*C*U^4 + 15090*V^4 + 109410*V^2*U^3 - 5040*U^6', '1'), ('0', '1'), ('0', '1'), ('0', '1'), ('0', '1'), ('0', '1'), ('0', '1'), ('0', '1'), ('0', '1'), ('0', '1'), ('0', '1'), ('0', '1'), ('0', '1'), ('0', '1'), ('0', '1'), ('0', '1'), ('0', '1'), ('0', '1'))
derivative-only	('g', 'F0', -7, 0)	p49	(('-9750*C^2*V + 29160*C*V*U^2 + 91200*V^3*U + 122535*V*U^4', '1'), ('0', '1'), ('0', '1'), ('0', '1'), ('0', '1'), ('0', '1'), ('0', '1'), ('0', '1'), ('0', '1'), ('0', '1'), ('0', '1'), ('0', '1'), ('0', '1'), ('0', '1'), ('0', '1'), ('0', '1'), ('0', '1'), ('0', '1'))
derivative-only	('g', 'F0', -7, 0)	p50	(('1350*C^2*U + 44925*C*V^2 + 54000*C*U^3 + 133740*V^2*U^2 + 24885*U^5', '1'), ('0', '1'), ('0', '1'), ('0', '1'), ('0', '1'), ('0', '1'), ('0', '1'), ('0', '1'), ('0', '1'), ('0', '1'), ('0', '1'), ('0', '1'), ('0', '1'), ('0', '1'), ('0', '1'), ('0', '1'), ('0', '1'), ('0', '1'))
derivative-only	('g', 'F0', -7, 0)	p51	(('49950*C*V*U + 27650*V^3 + 95760*V*U^3', '1'), ('0', '1'), ('0', '1'), ('0', '1'), ('0', '1'), ('0', '1'), ('0', '1'), ('0', '1'), ('0', '1'), ('0', '1'), ('0', '1'), ('0', '1'), ('0', '1'), ('0', '1'), ('0', '1'), ('0', '1'), ('0', '1'), ('0', '1'))
derivative-only	('g', 'F0', -7, 0)	p52	(('100*C^2 + 6900*C*U^2 + 13200*V^2*U - 13320*U^4', '1'), ('0', '1'), ('0', '1'), ('0', '1'), ('0', '1'), ('0', '1'), ('0', '1'), ('0', '1'), ('0', '1'), ('0', '1'), ('0', '1'), ('0', '1'), ('0', '1'), ('0', '1'), ('0', '1'), ('0', '1'), ('0', '1'), ('0', '1'))
derivative-only	('g', 'F0', -7, 0)	p53	(('291600*C^2*V*U + 304400*C*V^3 + 1035000*C*V*U^3 + 594300*V^3*U^2 + 228060*V*U^5', '1'), ('0', '1'), ('0', '1'), ('0', '1'), ('0', '1'), ('0', '1'), ('0', '1'), ('0', '1'), ('0', '1'), ('0', '1'), ('0', '1'), ('0', '1'), ('0', '1'), ('0', '1'), ('0', '1'), ('0', '1'), ('0', '1'), ('0', '1'))
derivative-only	('g', 'F0', -7, 0)	p54	(('30*C^3 - 198840*C^2*U^2 + 659700*C*V^2*U + 79950*C*U^4 + 118775*V^4 + 726300*V^2*U^3 + 66360*U^6', '1'), ('0', '1'), ('0', '1'), ('0', '1'), ('0', '1'), ('0', '1'), ('0', '1'), ('0', '1'), ('0', '1'), ('0', '1'), ('0', '1'), ('0', '1'), ('0', '1'), ('0', '1'), ('0', '1'), ('0', '1'), ('0', '1'), ('0', '1'))
derivative-only	('g', 'F0', -7, 0)	p55	(('-30800*C^2*V - 202080*C*V*U^2 + 377100*V^3*U + 227550*V*U^4', '1'), ('0', '1'), ('0', '1'), ('0', '1'), ('0', '1'), ('0', '1'), ('0', '1'), ('0', '1'), ('0', '1'), ('0', '1'), ('0', '1'), ('0', '1'), ('0', '1'), ('0', '1'), ('0', '1'), ('0', '1'), ('0', '1'), ('0', '1'))
derivative-only	('g', 'F0', -7, 0)	p56	(('-6300*C^2*U + 125125*C*V^2 + 170000*C*U^3 + 204750*V^2*U^2 - 95835*U^5', '1'), ('0', '1'), ('0', '1'), ('0', '1'), ('0', '1'), ('0', '1'), ('0', '1'), ('0', '1'), ('0', '1'), ('0', '1'), ('0', '1'), ('0', '1'), ('0', '1'), ('0', '1'), ('0', '1'), ('0', '1'), ('0', '1'), ('0', '1'))
derivative-only	('g', 'F0', -7, 0)	p57	(('117250*C*V*U + 61350*V^3 + 80000*V*U^3', '1'), ('0', '1'), ('0', '1'), ('0', '1'), ('0', '1'), ('0', '1'), ('0', '1'), ('0', '1'), ('0', '1'), ('0', '1'), ('0', '1'), ('0', '1'), ('0', '1'), ('0', '1'), ('0', '1'), ('0', '1'), ('0', '1'), ('0', '1'))
derivative-only	('g', 'F0', -7, 0)	p58	(('150500*C^3*V - 1686540*C^2*V*U^2 - 2087400*C*V^3*U - 6074400*C*V*U^4 + 109985*V^5 + 1316800*V^3*U^3 + 1048110*V*U^6', '1'), ('0', '1'), ('0', '1'), ('0', '1'), ('0', '1'), ('0', '1'), ('0', '1'), ('0', '1'), ('0', '1'), ('0', '1'), ('0', '1'), ('0', '1'), ('0', '1'), ('0', '1'), ('0', '1'), ('0', '1'), ('0', '1'), ('0', '1'))
derivative-only	('g', 'F0', -7, 0)	p59	(('-220500*C^3*U + 75530*C^2*V^2 + 2223710*C^2*U^3 - 5257890*C*V^2*U^2 - 3318720*C*U^5 - 561675*V^4*U - 1894650*V^2*U^4 + 211590*U^7', '1'), ('0', '1'), ('0', '1'), ('0', '1'), ('0', '1'), ('0', '1'), ('0', '1'), ('0', '1'), ('0', '1'), ('0', '1'), ('0', '1'), ('0', '1'), ('0', '1'), ('0', '1'), ('0', '1'), ('0', '1'), ('0', '1'), ('0', '1'))
derivative-only	('g', 'F0', -7, 0)	p60	(('826700*C^2*V*U + 880300*C*V^3 + 1596400*C*V*U^3 + 1243600*V^3*U^2 - 641040*V*U^5', '1'), ('0', '1'), ('0', '1'), ('0', '1'), ('0', '1'), ('0', '1'), ('0', '1'), ('0', '1'), ('0', '1'), ('0', '1'), ('0', '1'), ('0', '1'), ('0', '1'), ('0', '1'), ('0', '1'), ('0', '1'), ('0', '1'), ('0', '1'))
derivative-only	('g', 'F0', -7, 0)	p61	(('-1820*C^3 - 816690*C^2*U^2 + 1486100*C*V^2*U + 729150*C*U^4 + 289050*V^4 + 492950*V^2*U^3 - 397240*U^6', '1'), ('0', '1'), ('0', '1'), ('0', '1'), ('0', '1'), ('0', '1'), ('0', '1'), ('0', '1'), ('0', '1'), ('0', '1'), ('0', '1'), ('0', '1'), ('0', '1'), ('0', '1'), ('0', '1'), ('0', '1'), ('0', '1'), ('0', '1'))
derivative-only	('g', 'F0', -7, 0)	p62	(('-130725*C^2*V - 819980*C*V*U^2 + 627900*V^3*U + 176400*V*U^4', '1'), ('0', '1'), ('0', '1'), ('0', '1'), ('0', '1'), ('0', '1'), ('0', '1'), ('0', '1'), ('0', '1'), ('0', '1'), ('0', '1'), ('0', '1'), ('0', '1'), ('0', '1'), ('0', '1'), ('0', '1'), ('0', '1'), ('0', '1'))
derivative-only	('g', 'F0', -7, 0)	p63	(('-25445*C^2*U + 242690*C*V^2 + 217000*C*U^3 + 165300*V^2*U^2 + 78450*U^5', '1'), ('0', '1'), ('0', '1'), ('0', '1'), ('0', '1'), ('0', '1'), ('0', '1'), ('0', '1'), ('0', '1'), ('0', '1'), ('0', '1'), ('0', '1'), ('0', '1'), ('0', '1'), ('0', '1'), ('0', '1'), ('0', '1'), ('0', '1'))
derivative-only	('g', 'F0', -7, 0)	p64	(('-940200*C^4*U + 818600*C^3*V^2 + 10748200*C^3*U^3 - 30585600*C^2*V^2*U^2 - 20759040*C^2*U^5 - 7567500*C*V^4*U - 25066800*C*V^2*U^4 + 2572920*C*U^7 + 345110*V^6 + 7314000*V^4*U^3 + 6182400*V^2*U^6 - 19800*U^9', '1'), ('0', '1'), ('0', '1'), ('0', '1'), ('0', '1'), ('0', '1'), ('0', '1'), ('0', '1'), ('0', '1'), ('0', '1'), ('0', '1'), ('0', '1'), ('0', '1'), ('0', '1'), ('0', '1'), ('0', '1'), ('0', '1'), ('0', '1'))
derivative-only	('g', 'F0', -7, 0)	p65	(('1665600*C^3*V*U - 1131400*C^2*V^3 + 2638200*C^2*V*U^3 - 33417600*C*V^3*U^2 - 34817760*C*V*U^5 - 1448700*V^5*U - 3722400*V^3*U^4 + 2513520*V*U^7', '1'), ('0', '1'), ('0', '1'), ('0', '1'), ('0', '1'), ('0', '1'), ('0', '1'), ('0', '1'), ('0', '1'), ('0', '1'), ('0', '1'), ('0', '1'), ('0', '1'), ('0', '1'), ('0', '1'), ('0', '1'), ('0', '1'), ('0', '1'))
derivative-only	('g', 'F0', -7, 0)	p66	(('-11545*C^4 - 4170320*C^3*U^2 + 4513200*C^2*V^2*U + 20226000*C^2*U^4 - 2327200*C*V^4 - 24691200*C*V^2*U^3 - 12017760*C*U^6 - 11041950*V^4*U^2 - 14058720*V^2*U^5 + 420945*U^8', '1'), ('0', '1'), ('0', '1'), ('0', '1'), ('0', '1'), ('0', '1'), ('0', '1'), ('0', '1'), ('0', '1'), ('0', '1'), ('0', '1'), ('0', '1'), ('0', '1'), ('0', '1'), ('0', '1'), ('0', '1'), ('0', '1'), ('0', '1'))
derivative-only	('g', 'F0', -7, 0)	p67	(('433300*C^3*V - 8216880*C^2*V*U^2 - 16430400*C*V^3*U - 30411000*C*V*U^4 - 95160*V^5 - 6046800*V^3*U^3 - 2326080*V*U^6', '1'), ('0', '1'), ('0', '1'), ('0', '1'), ('0', '1'), ('0', '1'), ('0', '1'), ('0', '1'), ('0', '1'), ('0', '1'), ('0', '1'), ('0', '1'), ('0', '1'), ('0', '1'), ('0', '1'), ('0', '1'), ('0', '1'), ('0', '1'))
derivative-only	('g', 'F0', -7, 0)	p68	(('-1088220*C^3*U - 116550*C^2*V^2 + 9229920*C^2*U^3 - 26531880*C*V^2*U^2 - 8368020*C*U^5 - 6132000*V^4*U - 16629750*V^2*U^4 - 1045440*U^7', '1'), ('0', '1'), ('0', '1'), ('0', '1'), ('0', '1'), ('0', '1'), ('0', '1'), ('0', '1'), ('0', '1'), ('0', '1'), ('0', '1'), ('0', '1'), ('0', '1'), ('0', '1'), ('0', '1'), ('0', '1'), ('0', '1'), ('0', '1'))
derivative-only	('g', 'F0', -7, 0)	p69	(('-940380*C^2*V*U + 445200*C*V^3 + 599200*C*V*U^3 - 171000*V^3*U^2 - 980340*V*U^5', '1'), ('0', '1'), ('0', '1'), ('0', '1'), ('0', '1'), ('0', '1'), ('0', '1'), ('0', '1'), ('0', '1'), ('0', '1'), ('0', '1'), ('0', '1'), ('0', '1'), ('0', '1'), ('0', '1'), ('0', '1'), ('0', '1'), ('0', '1'))
derivative-only	('g', 'F0', -7, 0)	p70	(('-3080*C^3 - 1987230*C^2*U^2 + 599760*C*V^2*U + 907200*C*U^4 - 814065*V^4 - 2247600*V^2*U^3 + 766110*U^6', '1'), ('0', '1'), ('0', '1'), ('0', '1'), ('0', '1'), ('0', '1'), ('0', '1'), ('0', '1'), ('0', '1'), ('0', '1'), ('0', '1'), ('0', '1'), ('0', '1'), ('0', '1'), ('0', '1'), ('0', '1'), ('0', '1'), ('0', '1'))
derivative-only	('g', 'F0', -7, 0)	p71	(('-353280*C^2*V - 4630080*C*V*U^2 - 55860*V^3*U - 1578000*V*U^4', '1'), ('0', '1'), ('0', '1'), ('0', '1'), ('0', '1'), ('0', '1'), ('0', '1'), ('0', '1'), ('0', '1'), ('0', '1'), ('0', '1'), ('0', '1'), ('0', '1'), ('0', '1'), ('0', '1'), ('0', '1'), ('0', '1'), ('0', '1'))
derivative-only	('g', 'F0', -7, 0)	p72	(('-5236170*C^4*U + 877890*C^3*V^2 + 46494000*C^3*U^3 - 176838000*C^2*V^2*U^2 - 58270140*C^2*U^5 - 83392700*C*V^4*U - 223251750*C*V^2*U^4 - 13320000*C*U^7 - 264510*V^6 - 12107700*V^4*U^3 - 7614000*V^2*U^6 + 599280*U^9', '1'), ('0', '1'), ('0', '1'), ('0', '1'), ('0', '1'), ('0', '1'), ('0', '1'), ('0', '1'), ('0', '1'), ('0', '1'), ('0', '1'), ('0', '1'), ('0', '1'), ('0', '1'), ('0', '1'), ('0', '1'), ('0', '1'), ('0', '1'))
derivative-only	('g', 'F0', -7, 0)	p73	(('-7789860*C^3*V*U - 18224650*C^2*V^3 + 13724800*C^2*V*U^3 - 215503200*C*V^3*U^2 - 139600680*C*V*U^5 - 22880940*V^5*U - 77618250*V^3*U^4 - 11054880*V*U^7', '1'), ('0', '1'), ('0', '1'), ('0', '1'), ('0', '1'), ('0', '1'), ('0', '1'), ('0', '1'), ('0', '1'), ('0', '1'), ('0', '1'), ('0', '1'), ('0', '1'), ('0', '1'), ('0', '1'), ('0', '1'), ('0', '1'), ('0', '1'))
derivative-only	('g', 'F0', -7, 0)	p74	(('-21800*C^4 - 21289590*C^3*U^2 + 475530*C^2*V^2*U + 98231400*C^2*U^4 - 31465745*C*V^4 - 131022800*C*V^2*U^3 - 23628030*C*U^6 - 81503250*V^4*U^2 - 79850490*V^2*U^5 - 3021300*U^8', '1'), ('0', '1'), ('0', '1'), ('0', '1'), ('0', '1'), ('0', '1'), ('0', '1'), ('0', '1'), ('0', '1'), ('0', '1'), ('0', '1'), ('0', '1'), ('0', '1'), ('0', '1'), ('0', '1'), ('0', '1'), ('0', '1'), ('0', '1'))
derivative-only	('g', 'F0', -7, 0)	p75	(('1269840*C^3*V - 56961870*C^2*V*U^2 - 90383580*C*V^3*U - 127447400*C*V*U^4 - 10295460*V^5 - 50848800*V^3*U^3 + 7414830*V*U^6', '1'), ('0', '1'), ('0', '1'), ('0', '1'), ('0', '1'), ('0', '1'), ('0', '1'), ('0', '1'), ('0', '1'), ('0', '1'), ('0', '1'), ('0', '1'), ('0', '1'), ('0', '1'), ('0', '1'), ('0', '1'), ('0', '1'), ('0', '1'))
derivative-only	('g', 'F0', -7, 0)	p76	(('-2679480*C^3*U - 6041490*C^2*V^2 + 27365030*C^2*U^3 - 116230800*C*V^2*U^2 - 32412030*C*U^5 - 38486700*V^4*U - 81478350*V^2*U^4 + 4791240*U^7', '1'), ('0', '1'), ('0', '1'), ('0', '1'), ('0', '1'), ('0', '1'), ('0', '1'), ('0', '1'), ('0', '1'), ('0', '1'), ('0', '1'), ('0', '1'), ('0', '1'), ('0', '1'), ('0', '1'), ('0', '1'), ('0', '1'), ('0', '1'))
derivative-only	('g', 'F0', -7, 0)	p77	(('-950940*C^2*V*U - 4684950*C*V^3 - 19730480*C*V*U^3 - 13432230*V^3*U^2 - 17832270*V*U^5', '1'), ('0', '1'), ('0', '1'), ('0', '1'), ('0', '1'), ('0', '1'), ('0', '1'), ('0', '1'), ('0', '1'), ('0', '1'), ('0', '1'), ('0', '1'), ('0', '1'), ('0', '1'), ('0', '1'), ('0', '1'), ('0', '1'), ('0', '1'))
derivative-only	('g', 'F0', -7, 0)	p78	(('-4830*C^3 - 3397440*C^2*U^2 - 4165110*C*V^2*U - 3337950*C*U^4 - 1547440*V^4 - 8291850*V^2*U^3 - 365220*U^6', '1'), ('0', '1'), ('0', '1'), ('0', '1'), ('0', '1'), ('0', '1'), ('0', '1'), ('0', '1'), ('0', '1'), ('0', '1'), ('0', '1'), ('0', '1'), ('0', '1'), ('0', '1'), ('0', '1'), ('0', '1'), ('0', '1'), ('0', '1'))
derivative-only	('g', 'F0', -7, 0)	p79	(('348525*C^5 + 61935180*C^4*U^2 - 269563740*C^3*V^2*U - 377762400*C^3*U^4 - 103913790*C^2*V^4 + 384919100*C^2*V^2*U^3 + 545750850*C^2*U^6 + 140080450*C*V^4*U^2 + 567503880*C*V^2*U^5 - 91548765*C*U^8 - 44296590*V^6*U - 287361150*V^4*U^4 - 205094340*V^2*U^7 + 1324620*U^10', '1'), ('0', '1'), ('0', '1'), ('0', '1'), ('0', '1'), ('0', '1'), ('0', '1'), ('0', '1'), ('0', '1'), ('0', '1'), ('0', '1'), ('0', '1'), ('0', '1'), ('0', '1'), ('0', '1'), ('0', '1'), ('0', '1'), ('0', '1'))
derivative-only	('g', 'F0', -7, 0)	p80	(('10975650*C^4*V - 223627500*C^3*V*U^2 - 274247360*C^2*V^3*U - 557433700*C^2*V*U^4 - 95299000*C*V^5 + 482625400*C*V^3*U^3 + 844958700*C*V*U^6 - 6839610*V^5*U^2 + 18517920*V^3*U^5 - 86098320*V*U^8', '1'), ('0', '1'), ('0', '1'), ('0', '1'), ('0', '1'), ('0', '1'), ('0', '1'), ('0', '1'), ('0', '1'), ('0', '1'), ('0', '1'), ('0', '1'), ('0', '1'), ('0', '1'), ('0', '1'), ('0', '1'), ('0', '1'), ('0', '1'))
derivative-only	('g', 'F0', -7, 0)	p81	(('-12966480*C^4*U - 36927150*C^3*V^2 + 147357700*C^3*U^3 - 1080672570*C^2*V^2*U^2 - 272080830*C^2*U^5 - 646095960*C*V^4*U - 1242831100*C*V^2*U^4 + 70998300*C*U^7 - 46893350*V^6 - 239470000*V^4*U^3 + 11568900*V^2*U^6 - 8452840*U^9', '1'), ('0', '1'), ('0', '1'), ('0', '1'), ('0', '1'), ('0', '1'), ('0', '1'), ('0', '1'), ('0', '1'), ('0', '1'), ('0', '1'), ('0', '1'), ('0', '1'), ('0', '1'), ('0', '1'), ('0', '1'), ('0', '1'), ('0', '1'))
derivative-only	('g', 'F0', -7, 0)	p82	(('14529780*C^3*V*U - 128190520*C^2*V^3 - 163052220*C^2*V*U^3 - 1128588300*C*V^3*U^2 - 734956460*C*V*U^5 - 212281620*V^5*U - 520856700*V^3*U^4 + 48175500*V*U^7', '1'), ('0', '1'), ('0', '1'), ('0', '1'), ('0', '1'), ('0', '1'), ('0', '1'), ('0', '1'), ('0', '1'), ('0', '1'), ('0', '1'), ('0', '1'), ('0', '1'), ('0', '1'), ('0', '1'), ('0', '1'), ('0', '1'), ('0', '1'))
derivative-only	('g', 'F0', -7, 0)	p83	(('-38040*C^4 - 65019360*C^3*U^2 + 5477940*C^2*V^2*U + 297402925*C^2*U^4 - 120974990*C*V^4 - 640930420*C*V^2*U^3 - 132448260*C*U^6 - 423462660*V^4*U^2 - 484697430*V^2*U^5 + 17668875*U^8', '1'), ('0', '1'), ('0', '1'), ('0', '1'), ('0', '1'), ('0', '1'), ('0', '1'), ('0', '1'), ('0', '1'), ('0', '1'), ('0', '1'), ('0', '1'), ('0', '1'), ('0', '1'), ('0', '1'), ('0', '1'), ('0', '1'), ('0', '1'))
derivative-only	('g', 'F0', -7, 0)	p84	(('14235900*C^3*V + 15839040*C^2*V*U^2 - 294812280*C*V^3*U - 412955340*C*V*U^4 - 22643740*V^5 - 215935160*V^3*U^3 - 74297860*V*U^6', '1'), ('0', '1'), ('0', '1'), ('0', '1'), ('0', '1'), ('0', '1'), ('0', '1'), ('0', '1'), ('0', '1'), ('0', '1'), ('0', '1'), ('0', '1'), ('0', '1'), ('0', '1'), ('0', '1'), ('0', '1'), ('0', '1'), ('0', '1'))
derivative-only	('g', 'F0', -7, 0)	p85	(('-7238700*C^3*U + 173460*C^2*V^2 + 84774200*C^2*U^3 - 180556110*C*V^2*U^2 - 118314420*C*U^5 - 89706960*V^4*U - 175874475*V^2*U^4 - 2765430*U^7', '1'), ('0', '1'), ('0', '1'), ('0', '1'), ('0', '1'), ('0', '1'), ('0', '1'), ('0', '1'), ('0', '1'), ('0', '1'), ('0', '1'), ('0', '1'), ('0', '1'), ('0', '1'), ('0', '1'), ('0', '1'), ('0', '1'), ('0', '1'))
derivative-only	('g', 'F0', -7, 0)	p86	(('9618840*C^2*V*U - 8232000*C*V^3 + 90822060*C*V*U^3 - 25892300*V^3*U^2 + 5049450*V*U^5', '1'), ('0', '1'), ('0', '1'), ('0', '1'), ('0', '1'), ('0', '1'), ('0', '1'), ('0', '1'), ('0', '1'), ('0', '1'), ('0', '1'), ('0', '1'), ('0', '1'), ('0', '1'), ('0', '1'), ('0', '1'), ('0', '1'), ('0', '1'))
derivative-only	('g', 'F0', -7, 0)	p87	(('5179700*C^5*U - 53838200*C^4*V^2 + 612485250*C^4*U^3 - 4060827150*C^3*V^2*U^2 - 2897852250*C^3*U^5 - 2010431525*C^2*V^4*U - 1973096250*C^2*V^2*U^4 + 2237736600*C^2*U^7 - 495310300*C*V^6 + 2109446000*C*V^4*U^3 + 4977819000*C*V^2*U^6 - 222274800*C*U^9 - 123344400*V^6*U^2 - 450808050*V^4*U^5 - 618190650*V^2*U^8 + 2203825*U^11', '1'), ('0', '1'), ('0', '1'), ('0', '1'), ('0', '1'), ('0', '1'), ('0', '1'), ('0', '1'), ('0', '1'), ('0', '1'), ('0', '1'), ('0', '1'), ('0', '1'), ('0', '1'), ('0', '1'), ('0', '1'), ('0', '1'), ('0', '1'))
derivative-only	('g', 'F0', -7, 0)	p88	(('780335400*C^4*V*U - 121849550*C^3*V^3 - 1137159900*C^3*V*U^3 - 4806077100*C^2*V^3*U^2 - 6521016750*C^2*V*U^5 - 1229407760*C*V^5*U + 293518500*C*V^3*U^4 + 3781265400*C*V*U^7 - 125098230*V^7 + 358547400*V^5*U^3 + 1063177500*V^3*U^6 - 212107500*V*U^9', '1'), ('0', '1'), ('0', '1'), ('0', '1'), ('0', '1'), ('0', '1'), ('0', '1'), ('0', '1'), ('0', '1'), ('0', '1'), ('0', '1'), ('0', '1'), ('0', '1'), ('0', '1'), ('0', '1'), ('0', '1'), ('0', '1'), ('0', '1'))
derivative-only	('g', 'F0', -7, 0)	p89	(('2061105*C^5 + 505561950*C^4*U^2 - 1241587350*C^3*V^2*U - 2842762125*C^3*U^4 - 635075850*C^2*V^4 - 287496300*C^2*V^2*U^3 + 2461923000*C^2*U^6 - 1179605850*C*V^4*U^2 + 792028050*C*V^2*U^5 + 24571800*C*U^8 - 795873810*V^6*U - 2594073750*V^4*U^4 - 500014350*V^2*U^7 - 17321040*U^10', '1'), ('0', '1'), ('0', '1'), ('0', '1'), ('0', '1'), ('0', '1'), ('0', '1'), ('0', '1'), ('0', '1'), ('0', '1'), ('0', '1'), ('0', '1'), ('0', '1'), ('0', '1'), ('0', '1'), ('0', '1'), ('0', '1'), ('0', '1'))
derivative-only	('g', 'F0', -7, 0)	p90	(('160012125*C^4*V + 620872200*C^3*V*U^2 - 1406305800*C^2*V^3*U - 4640184975*C^2*V*U^4 - 220015050*C*V^5 + 1762840200*C*V^3*U^3 + 3154835800*C*V*U^6 - 678620880*V^5*U^2 - 1074667050*V^3*U^5 - 29267700*V*U^8', '1'), ('0', '1'), ('0', '1'), ('0', '1'), ('0', '1'), ('0', '1'), ('0', '1'), ('0', '1'), ('0', '1'), ('0', '1'), ('0', '1'), ('0', '1'), ('0', '1'), ('0', '1'), ('0', '1'), ('0', '1'), ('0', '1'), ('0', '1'))
derivative-only	('g', 'F0', -7, 0)	p91	(('-39610125*C^4*U + 97976850*C^3*V^2 + 563375400*C^3*U^3 - 1236028050*C^2*V^2*U^2 - 1296778875*C^2*U^5 - 2210759550*C*V^4*U - 4621684725*C*V^2*U^4 - 62645850*C*U^7 - 109372900*V^6 - 1648545150*V^4*U^3 - 1198708350*V^2*U^6 + 52104250*U^9', '1'), ('0', '1'), ('0', '1'), ('0', '1'), ('0', '1'), ('0', '1'), ('0', '1'), ('0', '1'), ('0', '1'), ('0', '1'), ('0', '1'), ('0', '1'), ('0', '1'), ('0', '1'), ('0', '1'), ('0', '1'), ('0', '1'), ('0', '1'))
derivative-only	('g', 'F0', -7, 0)	p92	(('244205100*C^3*V*U - 184722450*C^2*V^3 + 1908835500*C^2*V*U^3 - 2449678350*C*V^3*U^2 - 2102796150*C*V*U^5 - 518662800*V^5*U - 1556275350*V^3*U^4 - 327962850*V*U^7', '1'), ('0', '1'), ('0', '1'), ('0', '1'), ('0', '1'), ('0', '1'), ('0', '1'), ('0', '1'), ('0', '1'), ('0', '1'), ('0', '1'), ('0', '1'), ('0', '1'), ('0', '1'), ('0', '1'), ('0', '1'), ('0', '1'), ('0', '1'))
derivative-only	('g', 'F0', -7, 0)	p93	(('44700*C^4 - 99166200*C^3*U^2 + 468154350*C^2*V^2*U + 1063737900*C^2*U^4 - 223978800*C*V^4 + 588453750*C*V^2*U^3 - 535368960*C*U^6 - 1055664300*V^4*U^2 - 718503030*V^2*U^5 - 25338600*U^8', '1'), ('0', '1'), ('0', '1'), ('0', '1'), ('0', '1'), ('0', '1'), ('0', '1'), ('0', '1'), ('0', '1'), ('0', '1'), ('0', '1'), ('0', '1'), ('0', '1'), ('0', '1'), ('0', '1'), ('0', '1'), ('0', '1'), ('0', '1'))
derivative-only	('g', 'F0', -7, 0)	p94	(('30599100*C^3*V + 206605350*C^2*V*U^2 - 509796000*C*V^3*U + 171763200*C*V*U^4 - 4581045*V^5 - 219010400*V^3*U^3 + 164543715*V*U^6', '1'), ('0', '1'), ('0', '1'), ('0', '1'), ('0', '1'), ('0', '1'), ('0', '1'), ('0', '1'), ('0', '1'), ('0', '1'), ('0', '1'), ('0', '1'), ('0', '1'), ('0', '1'), ('0', '1'), ('0', '1'), ('0', '1'), ('0', '1'))
derivative-only	('g', 'F0', -7, 0)	p95	(('-16640400*C^3*U + 5329800*C^2*V^2 + 296828700*C^2*U^3 - 283711050*C*V^2*U^2 - 162492750*C*U^5 - 149831325*V^4*U - 150120600*V^2*U^4 + 5144895*U^7', '1'), ('0', '1'), ('0', '1'), ('0', '1'), ('0', '1'), ('0', '1'), ('0', '1'), ('0', '1'), ('0', '1'), ('0', '1'), ('0', '1'), ('0', '1'), ('0', '1'), ('0', '1'), ('0', '1'), ('0', '1'), ('0', '1'), ('0', '1'))
derivative-only	('g', 'F0', -7, 0)	p96	(('-134034100*C^5*U + 2004028150*C^4*V^2 + 6218086800*C^4*U^3 - 1369620600*C^3*V^2*U^2 - 24033300300*C^3*U^5 - 8960591000*C^2*V^4*U - 22901096850*C^2*V^2*U^4 + 9944145000*C^2*U^7 - 1044666080*C*V^6 + 2748494300*C*V^4*U^3 + 12404341600*C*V^2*U^6 + 298863400*C*U^9 - 4639807500*V^6*U^2 - 9796038000*V^4*U^5 - 737040975*V^2*U^8 - 35808500*U^11', '1'), ('0', '1'), ('0', '1'), ('0', '1'), ('0', '1'), ('0', '1'), ('0', '1'), ('0', '1'), ('0', '1'), ('0', '1'), ('0', '1'), ('0', '1'), ('0', '1'), ('0', '1'), ('0', '1'), ('0', '1'), ('0', '1'), ('0', '1'))
derivative-only	('g', 'F0', -7, 0)	p97	(('6104317500*C^4*V*U + 3215548900*C^3*V^3 + 18795741600*C^3*V*U^3 - 7922904600*C^2*V^3*U^2 - 47078211300*C^2*V*U^5 - 1362620720*C*V^5*U + 3974480100*C*V^3*U^4 + 13666672000*C*V*U^7 - 86596160*V^7 - 371100900*V^5*U^3 - 1394773800*V^3*U^6 + 172129650*V*U^9', '1'), ('0', '1'), ('0', '1'), ('0', '1'), ('0', '1'), ('0', '1'), ('0', '1'), ('0', '1'), ('0', '1'), ('0', '1'), ('0', '1'), ('0', '1'), ('0', '1'), ('0', '1'), ('0', '1'), ('0', '1'), ('0', '1'), ('0', '1'))
derivative-only	('g', 'F0', -7, 0)	p98	(('8778825*C^5 + 2726272350*C^4*U^2 + 448104600*C^3*V^2*U - 9342646200*C^3*U^4 + 105784800*C^2*V^4 + 38572291500*C^2*V^2*U^3 + 6993950840*C^2*U^6 + 4022264850*C*V^4*U^2 + 9416781120*C*V^2*U^5 - 1378014225*C*U^8 - 1889033670*V^6*U - 11120267100*V^4*U^4 - 7731092100*V^2*U^7 + 151420500*U^10', '1'), ('0', '1'), ('0', '1'), ('0', '1'), ('0', '1'), ('0', '1'), ('0', '1'), ('0', '1'), ('0', '1'), ('0', '1'), ('0', '1'), ('0', '1'), ('0', '1'), ('0', '1'), ('0', '1'), ('0', '1'), ('0', '1'), ('0', '1'))
derivative-only	('g', 'F0', -7, 0)	p99	(('516785850*C^4*V + 4026227400*C^3*V*U^2 + 1008883800*C^2*V^3*U + 2319099300*C^2*V*U^4 + 820778280*C*V^5 + 31488232600*C*V^3*U^3 + 15982415200*C*V*U^6 - 100897530*V^5*U^2 + 1746296400*V^3*U^5 - 2201835600*V*U^8', '1'), ('0', '1'), ('0', '1'), ('0', '1'), ('0', '1'), ('0', '1'), ('0', '1'), ('0', '1'), ('0', '1'), ('0', '1'), ('0', '1'), ('0', '1'), ('0', '1'), ('0', '1'), ('0', '1'), ('0', '1'), ('0', '1'), ('0', '1'))
derivative-only	('g', 'F0', -7, 0)	p100	(('-99959400*C^4*U + 261838800*C^3*V^2 + 2979891600*C^3*U^3 + 855455400*C^2*V^2*U^2 - 1394539440*C^2*U^5 - 3404392200*C*V^4*U + 8445423000*C*V^2*U^4 - 702102000*C*U^7 + 94153500*V^6 - 1814699600*V^4*U^3 + 1776255600*V^2*U^6 - 139502400*U^9', '1'), ('0', '1'), ('0', '1'), ('0', '1'), ('0', '1'), ('0', '1'), ('0', '1'), ('0', '1'), ('0', '1'), ('0', '1'), ('0', '1'), ('0', '1'), ('0', '1'), ('0', '1'), ('0', '1'), ('0', '1'), ('0', '1'), ('0', '1'))
derivative-only	('g', 'F0', -7, 0)	p101	(('280814400*C^3*V*U - 114484800*C^2*V^3 + 3505282800*C^2*V*U^3 - 3133544400*C*V^3*U^2 + 1527951600*C*V*U^5 - 512602200*V^5*U + 102085200*V^3*U^4 + 1113096000*V*U^7', '1'), ('0', '1'), ('0', '1'), ('0', '1'), ('0', '1'), ('0', '1'), ('0', '1'), ('0', '1'), ('0', '1'), ('0', '1'), ('0', '1'), ('0', '1'), ('0', '1'), ('0', '1'), ('0', '1'), ('0', '1'), ('0', '1'), ('0', '1'))
derivative-only	('g', 'F0', -7, 0)	p102	(('63690*C^4 - 315673920*C^3*U^2 + 956498400*C^2*V^2*U + 3449724300*C^2*U^4 - 247704600*C*V^4 - 767204400*C*V^2*U^3 - 511153440*C*U^6 - 1302956100*V^4*U^2 - 87764880*V^2*U^5 + 30039450*U^8', '1'), ('0', '1'), ('0', '1'), ('0', '1'), ('0', '1'), ('0', '1'), ('0', '1'), ('0', '1'), ('0', '1'), ('0', '1'), ('0', '1'), ('0', '1'), ('0', '1'), ('0', '1'), ('0', '1'), ('0', '1'), ('0', '1'), ('0', '1'))
derivative-only	('g', 'F0', -7, 0)	p103	(('59741440*C^3*V + 70493760*C^2*V*U^2 - 786667200*C*V^3*U - 2497240200*C*V*U^4 - 12551280*V^5 + 325105200*V^3*U^3 + 192559360*V*U^6', '1'), ('0', '1'), ('0', '1'), ('0', '1'), ('0', '1'), ('0', '1'), ('0', '1'), ('0', '1'), ('0', '1'), ('0', '1'), ('0', '1'), ('0', '1'), ('0', '1'), ('0', '1'), ('0', '1'), ('0', '1'), ('0', '1'), ('0', '1'))
derivative-only	('g', 'F0', -7, 0)	p104	(('-852085900*C^5*U + 7367162050*C^4*V^2 + 40950833100*C^4*U^3 + 30907653600*C^3*V^2*U^2 - 82992677280*C^3*U^5 + 23439650500*C^2*V^4*U + 258103923600*C^2*V^2*U^4 + 32614145980*C^2*U^7 + 6568402250*C*V^6 + 177493738400*C*V^4*U^3 + 130829704880*C*V^2*U^6 - 4773135600*C*U^9 - 6009857440*V^6*U^2 - 17783821020*V^4*U^5 - 27416185500*V^2*U^8 + 379867150*U^11', '1'), ('0', '1'), ('0', '1'), ('0', '1'), ('0', '1'), ('0', '1'), ('0', '1'), ('0', '1'), ('0', '1'), ('0', '1'), ('0', '1'), ('0', '1'), ('0', '1'), ('0', '1'), ('0', '1'), ('0', '1'), ('0', '1'), ('0', '1'))
derivative-only	('g', 'F0', -7, 0)	p105	(('20092923300*C^4*V*U + 15801567400*C^3*V^3 + 64681681200*C^3*V*U^3 + 16824978000*C^2*V^3*U^2 - 75465432960*C^2*V*U^5 + 27658621000*C*V^5*U + 250831960200*C*V^3*U^4 + 85496710800*C*V*U^7 + 2407493430*V^7 + 29712356560*V^5*U^3 + 46409285020*V^3*U^6 - 7098968200*V*U^9', '1'), ('0', '1'), ('0', '1'), ('0', '1'), ('0', '1'), ('0', '1'), ('0', '1'), ('0', '1'), ('0', '1'), ('0', '1'), ('0', '1'), ('0', '1'), ('0', '1'), ('0', '1'), ('0', '1'), ('0', '1'), ('0', '1'), ('0', '1'))
derivative-only	('g', 'F0', -7, 0)	p106	(('25581765*C^5 + 7649868330*C^4*U^2 - 5187904200*C^3*V^2*U - 16873292700*C^3*U^4 + 5800097100*C^2*V^4 + 90481139100*C^2*V^2*U^3 + 37228994480*C^2*U^6 + 57003656850*C*V^4*U^2 + 164513618760*C*V^2*U^5 - 4878752025*C*U^8 + 1390871250*V^6*U + 4189666200*V^4*U^4 + 7900792500*V^2*U^7 - 513894960*U^10', '1'), ('0', '1'), ('0', '1'), ('0', '1'), ('0', '1'), ('0', '1'), ('0', '1'), ('0', '1'), ('0', '1'), ('0', '1'), ('0', '1'), ('0', '1'), ('0', '1'), ('0', '1'), ('0', '1'), ('0', '1'), ('0', '1'), ('0', '1'))
derivative-only	('g', 'F0', -7, 0)	p107	(('1456481730*C^4*V + 2155696920*C^3*V*U^2 + 5116366200*C^2*V^3*U - 40426803600*C^2*V*U^4 + 5008030800*C*V^5 + 97305269400*C*V^3*U^3 + 82883546720*C*V*U^6 + 15326130150*V^5*U^2 + 37657402880*V^3*U^5 + 2845331100*V*U^8', '1'), ('0', '1'), ('0', '1'), ('0', '1'), ('0', '1'), ('0', '1'), ('0', '1'), ('0', '1'), ('0', '1'), ('0', '1'), ('0', '1'), ('0', '1'), ('0', '1'), ('0', '1'), ('0', '1'), ('0', '1'), ('0', '1'), ('0', '1'))
derivative-only	('g', 'F0', -7, 0)	p108	(('359063100*C^4*U + 304784920*C^3*V^2 - 3899518240*C^3*U^3 + 5672449440*C^2*V^2*U^2 + 6830960220*C^2*U^5 + 1539925200*C*V^4*U - 20798710800*C*V^2*U^4 + 2341360800*C*U^7 + 154180320*V^6 + 10962514500*V^4*U^3 + 11511334240*V^2*U^6 + 154942100*U^9', '1'), ('0', '1'), ('0', '1'), ('0', '1'), ('0', '1'), ('0', '1'), ('0', '1'), ('0', '1'), ('0', '1'), ('0', '1'), ('0', '1'), ('0', '1'), ('0', '1'), ('0', '1'), ('0', '1'), ('0', '1'), ('0', '1'), ('0', '1'))
derivative-only	('g', 'F0', -7, 0)	p109	(('1257339600*C^3*V*U - 491922420*C^2*V^3 - 5353902240*C^2*V*U^3 + 4644842400*C*V^3*U^2 - 15884528520*C*V*U^5 + 3915978000*V^5*U + 11790853200*V^3*U^4 + 1053227280*V*U^7', '1'), ('0', '1'), ('0', '1'), ('0', '1'), ('0', '1'), ('0', '1'), ('0', '1'), ('0', '1'), ('0', '1'), ('0', '1'), ('0', '1'), ('0', '1'), ('0', '1'), ('0', '1'), ('0', '1'), ('0', '1'), ('0', '1'), ('0', '1'))
derivative-only	('g', 'F0', -7, 0)	p110	(('86240*C^4 - 214840120*C^3*U^2 + 2059340580*C^2*V^2*U - 2685703920*C^2*U^4 - 540039500*C*V^4 + 8433812640*C*V^2*U^3 + 4435529280*C*U^6 + 2140311600*V^4*U^2 + 4948619760*V^2*U^5 - 111358480*U^8', '1'), ('0', '1'), ('0', '1'), ('0', '1'), ('0', '1'), ('0', '1'), ('0', '1'), ('0', '1'), ('0', '1'), ('0', '1'), ('0', '1'), ('0', '1'), ('0', '1'), ('0', '1'), ('0', '1'), ('0', '1'), ('0', '1'), ('0', '1'))
derivative-only	('g', 'F0', -7, 0)	p111	(('1833450740*C^5*U + 20221305940*C^4*V^2 + 32603867040*C^4*U^3 + 8016395880*C^3*V^2*U^2 - 165080009100*C^3*U^5 + 185326708600*C^2*V^4*U + 21382255350*C^2*V^2*U^4 + 195740901360*C^2*U^7 + 33524332700*C*V^6 + 854435837700*C*V^4*U^3 + 1089685439640*C*V^2*U^6 - 12521163000*C*U^9 + 89197710360*V^6*U^2 + 239914667160*V^4*U^5 + 61209623025*V^2*U^8 - 1682267600*U^11', '1'), ('0', '1'), ('0', '1'), ('0', '1'), ('0', '1'), ('0', '1'), ('0', '1'), ('0', '1'), ('0', '1'), ('0', '1'), ('0', '1'), ('0', '1'), ('0', '1'), ('0', '1'), ('0', '1'), ('0', '1'), ('0', '1'), ('0', '1'))
derivative-only	('g', 'F0', -7, 0)	p112	(('76379259000*C^4*V*U + 44194217980*C^3*V^3 - 61712231520*C^3*V*U^3 + 139741420680*C^2*V^3*U^2 - 630720493140*C^2*V*U^5 + 219768986800*C*V^5*U + 562215953700*C*V^3*U^4 + 411600322800*C*V*U^7 + 6907803300*V^7 + 268502471700*V^5*U^3 + 311956535520*V^3*U^6 + 15113678850*V*U^9', '1'), ('0', '1'), ('0', '1'), ('0', '1'), ('0', '1'), ('0', '1'), ('0', '1'), ('0', '1'), ('0', '1'), ('0', '1'), ('0', '1'), ('0', '1'), ('0', '1'), ('0', '1'), ('0', '1'), ('0', '1'), ('0', '1'), ('0', '1'))
derivative-only	('g', 'F0', -7, 0)	p113	(('65601195*C^5 + 29786489370*C^4*U^2 - 13137561360*C^3*V^2*U - 237866063760*C^3*U^4 + 11965395420*C^2*V^4 + 263060686260*C^2*V^2*U^3 + 216520353360*C^2*U^6 + 360895203270*C*V^4*U^2 + 124749263160*C*V^2*U^5 + 3012115365*C*U^8 + 48482502750*V^6*U + 180687983850*V^4*U^4 + 38227626180*V^2*U^7 + 893315700*U^10', '1'), ('0', '1'), ('0', '1'), ('0', '1'), ('0', '1'), ('0', '1'), ('0', '1'), ('0', '1'), ('0', '1'), ('0', '1'), ('0', '1'), ('0', '1'), ('0', '1'), ('0', '1'), ('0', '1'), ('0', '1'), ('0', '1'), ('0', '1'))
derivative-only	('g', 'F0', -7, 0)	p114	(('1715783550*C^4*V + 10948164480*C^3*V*U^2 + 33950224440*C^2*V^3*U - 221842092060*C^2*V*U^4 + 13088417760*C*V^5 + 428767364520*C*V^3*U^3 + 155083233600*C*V*U^6 + 129700346850*V^5*U^2 + 225934324920*V^3*U^5 - 4504942080*V*U^8', '1'), ('0', '1'), ('0', '1'), ('0', '1'), ('0', '1'), ('0', '1'), ('0', '1'), ('0', '1'), ('0', '1'), ('0', '1'), ('0', '1'), ('0', '1'), ('0', '1'), ('0', '1'), ('0', '1'), ('0', '1'), ('0', '1'), ('0', '1'))
derivative-only	('g', 'F0', -7, 0)	p115	(('712897380*C^4*U - 1456900215*C^3*V^2 - 2573465400*C^3*U^3 + 6217439580*C^2*V^2*U^2 - 78090708555*C^2*U^5 + 28883685600*C*V^4*U + 131856975360*C*V^2*U^4 + 55498127400*C*U^7 + 738743280*V^6 + 56586945600*V^4*U^3 + 66582758340*V^2*U^6 - 1234339360*U^9', '1'), ('0', '1'), ('0', '1'), ('0', '1'), ('0', '1'), ('0', '1'), ('0', '1'), ('0', '1'), ('0', '1'), ('0', '1'), ('0', '1'), ('0', '1'), ('0', '1'), ('0', '1'), ('0', '1'), ('0', '1'), ('0', '1'), ('0', '1'))
derivative-only	('g', 'F0', -7, 0)	p116	(('665277930*C^3*V*U - 1057090140*C^2*V^3 - 11814751080*C^2*V*U^3 + 35085966300*C*V^3*U^2 + 53120092410*C*V*U^5 + 8065537920*V^5*U + 12383469000*V^3*U^4 - 4566403080*V*U^7', '1'), ('0', '1'), ('0', '1'), ('0', '1'), ('0', '1'), ('0', '1'), ('0', '1'), ('0', '1'), ('0', '1'), ('0', '1'), ('0', '1'), ('0', '1'), ('0', '1'), ('0', '1'), ('0', '1'), ('0', '1'), ('0', '1'), ('0', '1'))
derivative-only	('g', 'F0', -7, 0)	p117	(('323055980*C^5*U + 18274659340*C^4*V^2 + 246320554590*C^4*U^3 - 91461561180*C^3*V^2*U^2 - 2335697889870*C^3*U^5 + 905693993380*C^2*V^4*U + 1351680209820*C^2*V^2*U^4 + 1567859363460*C^2*U^7 + 95518274390*C*V^6 + 4829910072840*C*V^4*U^3 + 1843216874100*C*V^2*U^6 + 5838796520*C*U^9 + 1090828726800*V^6*U^2 + 2279412936990*V^4*U^5 + 146798874450*V^2*U^8 + 3826878790*U^11', '1'), ('0', '1'), ('0', '1'), ('0', '1'), ('0', '1'), ('0', '1'), ('0', '1'), ('0', '1'), ('0', '1'), ('0', '1'), ('0', '1'), ('0', '1'), ('0', '1'), ('0', '1'), ('0', '1'), ('0', '1'), ('0', '1'), ('0', '1'))
derivative-only	('g', 'F0', -7, 0)	p118	(('170664425520*C^4*V*U + 102684501970*C^3*V^3 + 7643691660*C^3*V*U^3 + 577024150230*C^2*V^3*U^2 - 2013320087130*C^2*V*U^5 + 787958732440*C*V^5*U + 3837076563240*C*V^3*U^4 + 1234208125440*C*V*U^7 + 22959380070*V^7 + 1449827320200*V^5*U^3 + 1844807460720*V^3*U^6 - 29833384500*V*U^9', '1'), ('0', '1'), ('0', '1'), ('0', '1'), ('0', '1'), ('0', '1'), ('0', '1'), ('0', '1'), ('0', '1'), ('0', '1'), ('0', '1'), ('0', '1'), ('0', '1'), ('0', '1'), ('0', '1'), ('0', '1'), ('0', '1'), ('0', '1'))
derivative-only	('g', 'F0', -7, 0)	p119	(('149845410*C^5 + 77813560110*C^4*U^2 - 153839165580*C^3*V^2*U - 396670047345*C^3*U^4 + 47118719145*C^2*V^4 + 225903285630*C^2*V^2*U^3 - 269589283560*C^2*U^6 + 1214671725630*C*V^4*U^2 + 2312298696015*C*V^2*U^5 + 330922239525*C*U^8 + 109549805310*V^6*U + 461445533100*V^4*U^4 + 266423036760*V^2*U^7 - 7910389980*U^10', '1'), ('0', '1'), ('0', '1'), ('0', '1'), ('0', '1'), ('0', '1'), ('0', '1'), ('0', '1'), ('0', '1'), ('0', '1'), ('0', '1'), ('0', '1'), ('0', '1'), ('0', '1'), ('0', '1'), ('0', '1'), ('0', '1'), ('0', '1'))
derivative-only	('g', 'F0', -7, 0)	p120	(('4884190350*C^4*V + 12556804080*C^3*V*U^2 - 19732360050*C^2*V^3*U - 426267057645*C^2*V*U^4 + 50480061645*C*V^5 + 884628406200*C*V^3*U^3 + 1012749732720*C*V*U^6 + 206994674700*V^5*U^2 + 200594179755*V^3*U^5 - 70935547050*V*U^8', '1'), ('0', '1'), ('0', '1'), ('0', '1'), ('0', '1'), ('0', '1'), ('0', '1'), ('0', '1'), ('0', '1'), ('0', '1'), ('0', '1'), ('0', '1'), ('0', '1'), ('0', '1'), ('0', '1'), ('0', '1'), ('0', '1'), ('0', '1'))
derivative-only	('g', 'F0', -7, 0)	p121	(('1322346480*C^4*U - 2766374520*C^3*V^2 + 7718925300*C^3*U^3 - 74018436435*C^2*V^2*U^2 - 68830469235*C^2*U^5 + 73150006995*C*V^4*U - 59319155115*C*V^2*U^4 - 49454108055*C*U^7 + 1385875080*V^6 + 40600314150*V^4*U^3 - 43885274535*V^2*U^6 + 1590569550*U^9', '1'), ('0', '1'), ('0', '1'), ('0', '1'), ('0', '1'), ('0', '1'), ('0', '1'), ('0', '1'), ('0', '1'), ('0', '1'), ('0', '1'), ('0', '1'), ('0', '1'), ('0', '1'), ('0', '1'), ('0', '1'), ('0', '1'), ('0', '1'))
derivative-only	('g', 'F0', -7, 0)	p122	(('-7360213900*C^5*U + 67084024150*C^4*V^2 + 907967690400*C^4*U^3 - 2379667275300*C^3*V^2*U^2 - 3422821168140*C^3*U^5 + 1446727937200*C^2*V^4*U - 3142911306150*C^2*V^2*U^4 - 2613930091380*C^2*U^7 + 430391504825*C*V^6 + 11442571387500*C*V^4*U^3 + 18324814936500*C*V^2*U^6 + 1700557020600*C*U^9 + 1758465248100*V^6*U^2 + 2663339831325*V^4*U^5 + 650798266275*V^2*U^8 - 40590218180*U^11', '1'), ('0', '1'), ('0', '1'), ('0', '1'), ('0', '1'), ('0', '1'), ('0', '1'), ('0', '1'), ('0', '1'), ('0', '1'), ('0', '1'), ('0', '1'), ('0', '1'), ('0', '1'), ('0', '1'), ('0', '1'), ('0', '1'), ('0', '1'))
derivative-only	('g', 'F0', -7, 0)	p123	(('408481932300*C^4*V*U + 306859294300*C^3*V^3 + 717493077600*C^3*V*U^3 - 2200280149500*C^2*V^3*U^2 - 5540512424700*C^2*V*U^5 + 1804514277670*C*V^5*U + 3340562029200*C*V^3*U^4 + 5304302156340*C*V*U^7 + 54506135610*V^7 + 1841145012300*V^5*U^3 - 132586416900*V^3*U^6 - 418332375450*V*U^9', '1'), ('0', '1'), ('0', '1'), ('0', '1'), ('0', '1'), ('0', '1'), ('0', '1'), ('0', '1'), ('0', '1'), ('0', '1'), ('0', '1'), ('0', '1'), ('0', '1'), ('0', '1'), ('0', '1'), ('0', '1'), ('0', '1'), ('0', '1'))
derivative-only	('g', 'F0', -7, 0)	p124	(('321540635*C^5 + 165090313050*C^4*U^2 - 349362702000*C^3*V^2*U - 714192108900*C^3*U^4 + 137511270000*C^2*V^4 + 93980318100*C^2*V^2*U^3 + 349939550400*C^2*U^6 + 1364009641800*C*V^4*U^2 - 451988232300*C*V^2*U^5 - 924397464375*C*U^8 - 81586216530*V^6*U - 233252217000*V^4*U^4 - 1054341551250*V^2*U^7 + 24278356980*U^10', '1'), ('0', '1'), ('0', '1'), ('0', '1'), ('0', '1'), ('0', '1'), ('0', '1'), ('0', '1'), ('0', '1'), ('0', '1'), ('0', '1'), ('0', '1'), ('0', '1'), ('0', '1'), ('0', '1'), ('0', '1'), ('0', '1'), ('0', '1'))
derivative-only	('g', 'F0', -7, 0)	p125	(('11804165950*C^4*V - 5526147900*C^3*V*U^2 - 17915352000*C^2*V^3*U - 503668770600*C^2*V*U^4 + 103925874000*C*V^5 + 544353841200*C*V^3*U^3 + 90162547200*C*V*U^6 + 130587958110*V^5*U^2 - 33665808000*V^3*U^5 + 29503975500*V*U^8', '1'), ('0', '1'), ('0', '1'), ('0', '1'), ('0', '1'), ('0', '1'), ('0', '1'), ('0', '1'), ('0', '1'), ('0', '1'), ('0', '1'), ('0', '1'), ('0', '1'), ('0', '1'), ('0', '1'), ('0', '1'), ('0', '1'), ('0', '1'))
derivative-only	('g', 'F0', -7, 0)	p126	(('-78962890300*C^5*U + 291748338700*C^4*V^2 + 1752453857700*C^4*U^3 - 2773383440100*C^3*V^2*U^2 - 4027125981690*C^3*U^5 + 809833488100*C^2*V^4*U - 1301459627475*C^2*V^2*U^4 + 3019365318420*C^2*U^7 + 867252807785*C*V^6 - 2706979015650*C*V^4*U^3 - 22971903154200*C*V^2*U^6 - 7715522844975*C*U^9 - 2455592937000*V^6*U^2 - 8775305309925*V^4*U^5 - 7470482662350*V^2*U^8 + 198014138770*U^11', '1'), ('0', '1'), ('0', '1'), ('0', '1'), ('0', '1'), ('0', '1'), ('0', '1'), ('0', '1'), ('0', '1'), ('0', '1'), ('0', '1'), ('0', '1'), ('0', '1'), ('0', '1'), ('0', '1'), ('0', '1'), ('0', '1'), ('0', '1'))
derivative-only	('g', 'F0', -7, 0)	p127	(('907726524600*C^4*V*U + 805362372150*C^3*V^3 + 985443813900*C^3*V*U^3 - 1561728741300*C^2*V^3*U^2 - 5555525896200*C^2*V*U^5 + 970662737590*C*V^5*U - 3383967398175*C*V^3*U^4 - 7264642061160*C*V*U^7 + 68377425870*V^7 - 658467104400*V^5*U^3 - 2969273769000*V^3*U^6 + 872317974975*V*U^9', '1'), ('0', '1'), ('0', '1'), ('0', '1'), ('0', '1'), ('0', '1'), ('0', '1'), ('0', '1'), ('0', '1'), ('0', '1'), ('0', '1'), ('0', '1'), ('0', '1'), ('0', '1'), ('0', '1'), ('0', '1'), ('0', '1'), ('0', '1'))
derivative-only	('g', 'F0', -7, 0)	p128	(('643563050*C^5 + 278158882650*C^4*U^2 - 581131301250*C^3*V^2*U - 1814225186475*C^3*U^4 + 264981059250*C^2*V^4 + 3344844285900*C^2*V^2*U^3 + 3654663744930*C^2*U^6 - 46757482200*C*V^4*U^2 + 1824520896315*C*V^2*U^5 + 111018622275*C*U^8 - 196395920760*V^6*U - 2121603689700*V^4*U^4 - 417898136700*V^2*U^7 - 15166603425*U^10', '1'), ('0', '1'), ('0', '1'), ('0', '1'), ('0', '1'), ('0', '1'), ('0', '1'), ('0', '1'), ('0', '1'), ('0', '1'), ('0', '1'), ('0', '1'), ('0', '1'), ('0', '1'), ('0', '1'), ('0', '1'), ('0', '1'), ('0', '1'))
derivative-only	('g', 'F0', -7, 0)	p129	(('-171130861000*C^5*U + 75607225375*C^4*V^2 + 3240868829000*C^4*U^3 - 4554971284050*C^3*V^2*U^2 - 13686997252500*C^3*U^5 + 2981418071500*C^2*V^4*U + 55792630822500*C^2*V^2*U^4 + 39554959768830*C^2*U^7 - 2674690569375*C*V^6 - 59384816762700*C*V^4*U^3 - 20717284209765*C*V^2*U^6 + 5388335137350*C*U^9 - 11192797370040*V^6*U^2 - 35531807851815*V^4*U^5 + 1514089843200*V^2*U^8 - 287831325605*U^11', '1'), ('0', '1'), ('0', '1'), ('0', '1'), ('0', '1'), ('0', '1'), ('0', '1'), ('0', '1'), ('0', '1'), ('0', '1'), ('0', '1'), ('0', '1'), ('0', '1'), ('0', '1'), ('0', '1'), ('0', '1'), ('0', '1'), ('0', '1'))
derivative-only	('g', 'F0', -7, 0)	p130	(('1421175738950*C^4*V*U + 1676251746400*C^3*V^3 + 2528471610500*C^3*V*U^3 - 2594036412000*C^2*V^3*U^2 + 10792718079000*C^2*V*U^5 - 2090688705050*C*V^5*U - 31399457854050*C*V^3*U^4 - 19886027514210*C*V*U^7 + 156395935630*V^7 - 6861357299940*V^5*U^3 - 5056503941610*V^3*U^6 + 569160671200*V*U^9', '1'), ('0', '1'), ('0', '1'), ('0', '1'), ('0', '1'), ('0', '1'), ('0', '1'), ('0', '1'), ('0', '1'), ('0', '1'), ('0', '1'), ('0', '1'), ('0', '1'), ('0', '1'), ('0', '1'), ('0', '1'), ('0', '1'), ('0', '1'))
derivative-only	('g', 'F0', -7, 0)	p131	(('-376291970890*C^5*U + 127829397300*C^4*V^2 - 5439825087675*C^4*U^3 + 15603813274500*C^3*V^2*U^2 + 51580560533810*C^3*U^5 - 4555861480775*C^2*V^4*U - 36464779481625*C^2*V^2*U^4 - 83459363649090*C^2*U^7 - 5155022940760*C*V^6 - 116534826045550*C*V^4*U^3 - 124218468906675*C*V^2*U^6 + 6191280263025*C*U^9 - 13840636301140*V^6*U^2 + 22127342488680*V^4*U^5 + 22208479050450*V^2*U^8 + 89531296635*U^11', '1'), ('0', '1'), ('0', '1'), ('0', '1'), ('0', '1'), ('0', '1'), ('0', '1'), ('0', '1'), ('0', '1'), ('0', '1'), ('0', '1'), ('0', '1'), ('0', '1'), ('0', '1'), ('0', '1'), ('0', '1'), ('0', '1'), ('0', '1'))
derivative-only	('g', 'F0', -7, 5)	constant	(('-1869711098850000*C^2*V + 9655057838250000*C*V*U^2 + 2624933544750000*V^3*U + 2117468300062500*V*U^4', '1'), ('5311984743450000*C^2*V - 36339819855075000*C*V*U^2 - 6572265145875000*V^3*U + 27266335952625000*V*U^4', '1'), ('-5422123441350000*C^2*V + 27700387941600000*C*V*U^2 + 15457110372000000*V^3*U + 33817285049625000*V*U^4', '1'), ('3999492691425000*C^2*V - 29061456133050000*C*V*U^2 - 2242724739750000*V^3*U + 24771948590812500*V*U^4', '1'), ('-1110875656275000*C^2*V + 4558916795400000*C*V*U^2 + 3006588618000000*V^3*U + 4820568724125000*V*U^4', '1'), ('250659520650000*C^2*V - 2891881901700000*C*V*U^2 - 605811838500000*V^3*U + 788193078750000*V*U^4', '1'), ('0', '1'), ('0', '1'), ('0', '1'), ('0', '1'), ('0', '1'), ('0', '1'), ('0', '1'), ('0', '1'), ('0', '1'), ('0', '1'), ('0', '1'), ('0', '1'))
derivative-only	('g', 'F0', -7, 5)	p48	(('-93750', '1'), ('0', '1'), ('0', '1'), ('0', '1'), ('0', '1'), ('0', '1'), ('0', '1'), ('0', '1'), ('0', '1'), ('0', '1'), ('0', '1'), ('0', '1'), ('0', '1'), ('0', '1'), ('0', '1'), ('0', '1'), ('0', '1'), ('0', '1'))
derivative-only	('g', 'F0', -7, 5)	p54	(('-656250', '1'), ('0', '1'), ('0', '1'), ('0', '1'), ('0', '1'), ('0', '1'), ('0', '1'), ('0', '1'), ('0', '1'), ('0', '1'), ('0', '1'), ('0', '1'), ('0', '1'), ('0', '1'), ('0', '1'), ('0', '1'), ('0', '1'), ('0', '1'))
derivative-only	('g', 'F0', -7, 5)	p61	(('-2625000', '1'), ('0', '1'), ('0', '1'), ('0', '1'), ('0', '1'), ('0', '1'), ('0', '1'), ('0', '1'), ('0', '1'), ('0', '1'), ('0', '1'), ('0', '1'), ('0', '1'), ('0', '1'), ('0', '1'), ('0', '1'), ('0', '1'), ('0', '1'))
derivative-only	('g', 'F0', -7, 5)	p70	(('-7875000', '1'), ('0', '1'), ('0', '1'), ('0', '1'), ('0', '1'), ('0', '1'), ('0', '1'), ('0', '1'), ('0', '1'), ('0', '1'), ('0', '1'), ('0', '1'), ('0', '1'), ('0', '1'), ('0', '1'), ('0', '1'), ('0', '1'), ('0', '1'))
derivative-only	('g', 'F0', -7, 5)	p78	(('-19687500', '1'), ('0', '1'), ('0', '1'), ('0', '1'), ('0', '1'), ('0', '1'), ('0', '1'), ('0', '1'), ('0', '1'), ('0', '1'), ('0', '1'), ('0', '1'), ('0', '1'), ('0', '1'), ('0', '1'), ('0', '1'), ('0', '1'), ('0', '1'))
derivative-only	('g', 'F0', -7, 5)	p93	(('649687500*C', '1'), ('0', '1'), ('0', '1'), ('0', '1'), ('0', '1'), ('0', '1'), ('0', '1'), ('0', '1'), ('0', '1'), ('0', '1'), ('0', '1'), ('0', '1'), ('0', '1'), ('0', '1'), ('0', '1'), ('0', '1'), ('0', '1'), ('0', '1'))
derivative-only	('g', 'F0', -7, 5)	p94	(('649687500*V', '1'), ('0', '1'), ('0', '1'), ('0', '1'), ('0', '1'), ('0', '1'), ('0', '1'), ('0', '1'), ('0', '1'), ('0', '1'), ('0', '1'), ('0', '1'), ('0', '1'), ('0', '1'), ('0', '1'), ('0', '1'), ('0', '1'), ('0', '1'))
derivative-only	('g', 'F0', -7, 5)	p95	(('649687500*U', '1'), ('0', '1'), ('0', '1'), ('0', '1'), ('0', '1'), ('0', '1'), ('0', '1'), ('0', '1'), ('0', '1'), ('0', '1'), ('0', '1'), ('0', '1'), ('0', '1'), ('0', '1'), ('0', '1'), ('0', '1'), ('0', '1'), ('0', '1'))
derivative-only	('g', 'F0', -7, 5)	p98	(('5197500000*C^2', '1'), ('0', '1'), ('0', '1'), ('0', '1'), ('0', '1'), ('0', '1'), ('0', '1'), ('0', '1'), ('0', '1'), ('0', '1'), ('0', '1'), ('0', '1'), ('0', '1'), ('0', '1'), ('0', '1'), ('0', '1'), ('0', '1'), ('0', '1'))
derivative-only	('g', 'F0', -7, 5)	p99	(('10395000000*C*V', '1'), ('0', '1'), ('0', '1'), ('0', '1'), ('0', '1'), ('0', '1'), ('0', '1'), ('0', '1'), ('0', '1'), ('0', '1'), ('0', '1'), ('0', '1'), ('0', '1'), ('0', '1'), ('0', '1'), ('0', '1'), ('0', '1'), ('0', '1'))
derivative-only	('g', 'F0', -7, 5)	p100	(('10395000000*C*U + 5197500000*V^2', '1'), ('0', '1'), ('0', '1'), ('0', '1'), ('0', '1'), ('0', '1'), ('0', '1'), ('0', '1'), ('0', '1'), ('0', '1'), ('0', '1'), ('0', '1'), ('0', '1'), ('0', '1'), ('0', '1'), ('0', '1'), ('0', '1'), ('0', '1'))
derivative-only	('g', 'F0', -7, 5)	p101	(('10395000000*V*U', '1'), ('0', '1'), ('0', '1'), ('0', '1'), ('0', '1'), ('0', '1'), ('0', '1'), ('0', '1'), ('0', '1'), ('0', '1'), ('0', '1'), ('0', '1'), ('0', '1'), ('0', '1'), ('0', '1'), ('0', '1'), ('0', '1'), ('0', '1'))
derivative-only	('g', 'F0', -7, 5)	p102	(('1386000000*C + 5197500000*U^2', '1'), ('0', '1'), ('0', '1'), ('0', '1'), ('0', '1'), ('0', '1'), ('0', '1'), ('0', '1'), ('0', '1'), ('0', '1'), ('0', '1'), ('0', '1'), ('0', '1'), ('0', '1'), ('0', '1'), ('0', '1'), ('0', '1'), ('0', '1'))
derivative-only	('g', 'F0', -7, 5)	p103	(('1386000000*V', '1'), ('0', '1'), ('0', '1'), ('0', '1'), ('0', '1'), ('0', '1'), ('0', '1'), ('0', '1'), ('0', '1'), ('0', '1'), ('0', '1'), ('0', '1'), ('0', '1'), ('0', '1'), ('0', '1'), ('0', '1'), ('0', '1'), ('0', '1'))
derivative-only	('g', 'F0', -7, 5)	p104	(('88357500000*C^2*U + 88357500000*C*V^2', '1'), ('0', '1'), ('0', '1'), ('0', '1'), ('0', '1'), ('0', '1'), ('0', '1'), ('0', '1'), ('0', '1'), ('0', '1'), ('0', '1'), ('0', '1'), ('0', '1'), ('0', '1'), ('0', '1'), ('0', '1'), ('0', '1'), ('0', '1'))
derivative-only	('g', 'F0', -7, 5)	p105	(('176715000000*C*V*U + 29452500000*V^3', '1'), ('0', '1'), ('0', '1'), ('0', '1'), ('0', '1'), ('0', '1'), ('0', '1'), ('0', '1'), ('0', '1'), ('0', '1'), ('0', '1'), ('0', '1'), ('0', '1'), ('0', '1'), ('0', '1'), ('0', '1'), ('0', '1'), ('0', '1'))
derivative-only	('g', 'F0', -7, 5)	p106	(('11781000000*C^2 + 88357500000*C*U^2 + 88357500000*V^2*U', '1'), ('0', '1'), ('0', '1'), ('0', '1'), ('0', '1'), ('0', '1'), ('0', '1'), ('0', '1'), ('0', '1'), ('0', '1'), ('0', '1'), ('0', '1'), ('0', '1'), ('0', '1'), ('0', '1'), ('0', '1'), ('0', '1'), ('0', '1'))
derivative-only	('g', 'F0', -7, 5)	p107	(('23562000000*C*V + 88357500000*V*U^2', '1'), ('0', '1'), ('0', '1'), ('0', '1'), ('0', '1'), ('0', '1'), ('0', '1'), ('0', '1'), ('0', '1'), ('0', '1'), ('0', '1'), ('0', '1'), ('0', '1'), ('0', '1'), ('0', '1'), ('0', '1'), ('0', '1'), ('0', '1'))
derivative-only	('g', 'F0', -7, 5)	p108	(('11781000000*V^2 + 29452500000*U^3', '1'), ('0', '1'), ('0', '1'), ('0', '1'), ('0', '1'), ('0', '1'), ('0', '1'), ('0', '1'), ('0', '1'), ('0', '1'), ('0', '1'), ('0', '1'), ('0', '1'), ('0', '1'), ('0', '1'), ('0', '1'), ('0', '1'), ('0', '1'))
derivative-only	('g', 'F0', -7, 5)	p110	(('2734875000*C - 11781000000*U^2', '1'), ('0', '1'), ('0', '1'), ('0', '1'), ('0', '1'), ('0', '1'), ('0', '1'), ('0', '1'), ('0', '1'), ('0', '1'), ('0', '1'), ('0', '1'), ('0', '1'), ('0', '1'), ('0', '1'), ('0', '1'), ('0', '1'), ('0', '1'))
derivative-only	('g', 'F0', -7, 5)	p111	(('212058000000*C*V^2 + 530145000000*C*U^3 + 795217500000*V^2*U^2', '1'), ('0', '1'), ('0', '1'), ('0', '1'), ('0', '1'), ('0', '1'), ('0', '1'), ('0', '1'), ('0', '1'), ('0', '1'), ('0', '1'), ('0', '1'), ('0', '1'), ('0', '1'), ('0', '1'), ('0', '1'), ('0', '1'), ('0', '1'))
derivative-only	('g', 'F0', -7, 5)	p112	(('70686000000*V^3 + 530145000000*V*U^3', '1'), ('0', '1'), ('0', '1'), ('0', '1'), ('0', '1'), ('0', '1'), ('0', '1'), ('0', '1'), ('0', '1'), ('0', '1'), ('0', '1'), ('0', '1'), ('0', '1'), ('0', '1'), ('0', '1'), ('0', '1'), ('0', '1'), ('0', '1'))
derivative-only	('g', 'F0', -7, 5)	p113	(('24613875000*C^2 - 212058000000*C*U^2 + 132536250000*U^4', '1'), ('0', '1'), ('0', '1'), ('0', '1'), ('0', '1'), ('0', '1'), ('0', '1'), ('0', '1'), ('0', '1'), ('0', '1'), ('0', '1'), ('0', '1'), ('0', '1'), ('0', '1'), ('0', '1'), ('0', '1'), ('0', '1'), ('0', '1'))
derivative-only	('g', 'F0', -7, 5)	p114	(('-212058000000*V*U^2', '1'), ('0', '1'), ('0', '1'), ('0', '1'), ('0', '1'), ('0', '1'), ('0', '1'), ('0', '1'), ('0', '1'), ('0', '1'), ('0', '1'), ('0', '1'), ('0', '1'), ('0', '1'), ('0', '1'), ('0', '1'), ('0', '1'), ('0', '1'))
derivative-only	('g', 'F0', -7, 5)	p115	(('-24613875000*V^2 - 141372000000*U^3', '1'), ('0', '1'), ('0', '1'), ('0', '1'), ('0', '1'), ('0', '1'), ('0', '1'), ('0', '1'), ('0', '1'), ('0', '1'), ('0', '1'), ('0', '1'), ('0', '1'), ('0', '1'), ('0', '1'), ('0', '1'), ('0', '1'), ('0', '1'))
derivative-only	('g', 'F0', -7, 5)	p116	(('-49227750000*V*U', '1'), ('0', '1'), ('0', '1'), ('0', '1'), ('0', '1'), ('0', '1'), ('0', '1'), ('0', '1'), ('0', '1'), ('0', '1'), ('0', '1'), ('0', '1'), ('0', '1'), ('0', '1'), ('0', '1'), ('0', '1'), ('0', '1'), ('0', '1'))
derivative-only	('g', 'F0', -7, 5)	p117	(('-467663625000*C*V^2 - 2686068000000*C*U^3 - 2014551000000*V^2*U^2 + 503637750000*U^5', '1'), ('0', '1'), ('0', '1'), ('0', '1'), ('0', '1'), ('0', '1'), ('0', '1'), ('0', '1'), ('0', '1'), ('0', '1'), ('0', '1'), ('0', '1'), ('0', '1'), ('0', '1'), ('0', '1'), ('0', '1'), ('0', '1'), ('0', '1'))
derivative-only	('g', 'F0', -7, 5)	p118	(('-935327250000*C*V*U - 311775750000*V^3 - 2686068000000*V*U^3', '1'), ('0', '1'), ('0', '1'), ('0', '1'), ('0', '1'), ('0', '1'), ('0', '1'), ('0', '1'), ('0', '1'), ('0', '1'), ('0', '1'), ('0', '1'), ('0', '1'), ('0', '1'), ('0', '1'), ('0', '1'), ('0', '1'), ('0', '1'))
derivative-only	('g', 'F0', -7, 5)	p119	(('-48141843750*C^2 - 935327250000*V^2*U - 1007275500000*U^4', '1'), ('0', '1'), ('0', '1'), ('0', '1'), ('0', '1'), ('0', '1'), ('0', '1'), ('0', '1'), ('0', '1'), ('0', '1'), ('0', '1'), ('0', '1'), ('0', '1'), ('0', '1'), ('0', '1'), ('0', '1'), ('0', '1'), ('0', '1'))
derivative-only	('g', 'F0', -7, 5)	p120	(('-96283687500*C*V - 467663625000*V*U^2', '1'), ('0', '1'), ('0', '1'), ('0', '1'), ('0', '1'), ('0', '1'), ('0', '1'), ('0', '1'), ('0', '1'), ('0', '1'), ('0', '1'), ('0', '1'), ('0', '1'), ('0', '1'), ('0', '1'), ('0', '1'), ('0', '1'), ('0', '1'))
derivative-only	('g', 'F0', -7, 5)	p121	(('-96283687500*C*U - 48141843750*V^2 + 155887875000*U^3', '1'), ('0', '1'), ('0', '1'), ('0', '1'), ('0', '1'), ('0', '1'), ('0', '1'), ('0', '1'), ('0', '1'), ('0', '1'), ('0', '1'), ('0', '1'), ('0', '1'), ('0', '1'), ('0', '1'), ('0', '1'), ('0', '1'), ('0', '1'))
derivative-only	('g', 'F0', -7, 5)	p122	(('-1925673750000*C^2*U - 1925673750000*C*V^2 + 3117757500000*C*U^3 - 9353272500000*V^2*U^2 - 5372136000000*U^5', '1'), ('0', '1'), ('0', '1'), ('0', '1'), ('0', '1'), ('0', '1'), ('0', '1'), ('0', '1'), ('0', '1'), ('0', '1'), ('0', '1'), ('0', '1'), ('0', '1'), ('0', '1'), ('0', '1'), ('0', '1'), ('0', '1'), ('0', '1'))
derivative-only	('g', 'F0', -7, 5)	p123	(('-1925673750000*C*V*U - 641891250000*V^3', '1'), ('0', '1'), ('0', '1'), ('0', '1'), ('0', '1'), ('0', '1'), ('0', '1'), ('0', '1'), ('0', '1'), ('0', '1'), ('0', '1'), ('0', '1'), ('0', '1'), ('0', '1'), ('0', '1'), ('0', '1'), ('0', '1'), ('0', '1'))
derivative-only	('g', 'F0', -7, 5)	p124	(('-89151562500*C^2 - 962836875000*C*U^2 + 2338318125000*U^4', '1'), ('0', '1'), ('0', '1'), ('0', '1'), ('0', '1'), ('0', '1'), ('0', '1'), ('0', '1'), ('0', '1'), ('0', '1'), ('0', '1'), ('0', '1'), ('0', '1'), ('0', '1'), ('0', '1'), ('0', '1'), ('0', '1'), ('0', '1'))
derivative-only	('g', 'F0', -7, 5)	p125	(('-178303125000*C*V + 962836875000*V*U^2', '1'), ('0', '1'), ('0', '1'), ('0', '1'), ('0', '1'), ('0', '1'), ('0', '1'), ('0', '1'), ('0', '1'), ('0', '1'), ('0', '1'), ('0', '1'), ('0', '1'), ('0', '1'), ('0', '1'), ('0', '1'), ('0', '1'), ('0', '1'))
derivative-only	('g', 'F0', -7, 5)	p126	(('-1872182812500*C*V^2 - 6739858125000*C*U^3 + 20219574375000*V^2*U^2 + 19641872250000*U^5', '1'), ('0', '1'), ('0', '1'), ('0', '1'), ('0', '1'), ('0', '1'), ('0', '1'), ('0', '1'), ('0', '1'), ('0', '1'), ('0', '1'), ('0', '1'), ('0', '1'), ('0', '1'), ('0', '1'), ('0', '1'), ('0', '1'), ('0', '1'))
derivative-only	('g', 'F0', -7, 5)	p127	(('624060937500*V^3 + 13479716250000*V*U^3', '1'), ('0', '1'), ('0', '1'), ('0', '1'), ('0', '1'), ('0', '1'), ('0', '1'), ('0', '1'), ('0', '1'), ('0', '1'), ('0', '1'), ('0', '1'), ('0', '1'), ('0', '1'), ('0', '1'), ('0', '1'), ('0', '1'), ('0', '1'))
derivative-only	('g', 'F0', -7, 5)	p128	(('-157657500000*C^2 + 1872182812500*C*U^2 + 1872182812500*V^2*U - 1684964531250*U^4', '1'), ('0', '1'), ('0', '1'), ('0', '1'), ('0', '1'), ('0', '1'), ('0', '1'), ('0', '1'), ('0', '1'), ('0', '1'), ('0', '1'), ('0', '1'), ('0', '1'), ('0', '1'), ('0', '1'), ('0', '1'), ('0', '1'), ('0', '1'))
derivative-only	('g', 'F0', -7, 5)	p129	(('3468465000000*C*V^2 + 27458681250000*C*U^3 + 20594010937500*V^2*U^2 - 29655375750000*U^5', '1'), ('0', '1'), ('0', '1'), ('0', '1'), ('0', '1'), ('0', '1'), ('0', '1'), ('0', '1'), ('0', '1'), ('0', '1'), ('0', '1'), ('0', '1'), ('0', '1'), ('0', '1'), ('0', '1'), ('0', '1'), ('0', '1'), ('0', '1'))
derivative-only	('g', 'F0', -7, 5)	p130	(('6936930000000*C*V*U + 1156155000000*V^3 - 13729340625000*V*U^3', '1'), ('0', '1'), ('0', '1'), ('0', '1'), ('0', '1'), ('0', '1'), ('0', '1'), ('0', '1'), ('0', '1'), ('0', '1'), ('0', '1'), ('0', '1'), ('0', '1'), ('0', '1'), ('0', '1'), ('0', '1'), ('0', '1'), ('0', '1'))
derivative-only	('g', 'F0', -7, 5)	p131	(('6164408250000*C^2*U + 6164408250000*C*V^2 - 26591565000000*C*U^3 - 39887347500000*V^2*U^2 + 15788741718750*U^5', '1'), ('0', '1'), ('0', '1'), ('0', '1'), ('0', '1'), ('0', '1'), ('0', '1'), ('0', '1'), ('0', '1'), ('0', '1'), ('0', '1'), ('0', '1'), ('0', '1'), ('0', '1'), ('0', '1'), ('0', '1'), ('0', '1'), ('0', '1'))
derivative-only	('g', 'F0', -6, 3)	constant	(('5346220027562875/3*C^4 - 7785063552867500/3*C^3*U^2 + 14235520064320000*C^2*V^2*U + 51876764157739375*C^2*U^4 + 7380211131826250/3*C*V^4 + 90694082057397500*C*V^2*U^3 - 12692746610495000/3*C*U^6 + 10968025637544375*V^4*U^2 + 23658334497252000*V^2*U^5 + 15239505499006250/3*U^8', '1'), ('13261579561312000/3*C^4 - 131048155399160000/3*C^3*U^2 - 681700332050000*C^2*V^2*U + 134381915982497500*C^2*U^4 + 12848822710310000/3*C*V^4 + 138001008268670000*C*V^2*U^3 - 53549157141060000*C*U^6 - 7499214297255000*V^4*U^2 - 28171025255884000*V^2*U^5 + 35311798043931500/3*U^8', '1'), ('3621670787944000/3*C^4 + 22208049876280000/3*C^3*U^2 - 13249333944650000*C^2*V^2*U - 31098601042555000*C^2*U^4 - 4431381467305000/3*C*V^4 - 17865118834260000*C*V^2*U^3 + 28953571185490000/3*C*U^6 + 24540536467765000*V^4*U^2 + 73369819178992000*V^2*U^5 + 6406993338326000*U^8', '1'), ('3336573948937375/3*C^4 - 54735911893002500/3*C^3*U^2 - 2582219984750000*C^2*V^2*U + 48696550570149375*C^2*U^4 + 1675038562171250/3*C*V^4 + 17790293834217500*C*V^2*U^3 - 95478740393995000/3*C*U^6 - 9251512983685625*V^4*U^2 - 22045424993116000*V^2*U^5 + 5028019204983250*U^8', '1'), ('-574847346272750/3*C^4 + 12755433911170000/3*C^3*U^2 + 283399787800000*C^2*V^2*U - 10134013656038750*C^2*U^4 - 712579969607500/3*C*V^4 - 8833009558115000*C*V^2*U^3 + 3465338401070000*C*U^6 + 4900240668141250*V^4*U^2 + 13494814778088000*V^2*U^5 + 470327926106500*U^8', '1'), ('44061740530000*C^4 - 1173734886500000*C^3*U^2 + 4556653410000*C^2*V^2*U + 3426275271862500*C^2*U^4 + 2883174440000*C*V^4 + 355490696250000*C*V^2*U^3 - 2265693019380000*C*U^6 - 1112893025437500*V^4*U^2 - 2568214496568000*V^2*U^5 + 220014338453000*U^8', '1'), ('0', '1'), ('0', '1'), ('0', '1'), ('0', '1'), ('0', '1'), ('0', '1'), ('0', '1'), ('0', '1'), ('0', '1'), ('0', '1'), ('0', '1'), ('0', '1'))
derivative-only	('g', 'F0', -6, 3)	p37	(('-2500', '1'), ('0', '1'), ('0', '1'), ('0', '1'), ('0', '1'), ('0', '1'), ('0', '1'), ('0', '1'), ('0', '1'), ('0', '1'), ('0', '1'), ('0', '1'), ('0', '1'), ('0', '1'), ('0', '1'), ('0', '1'), ('0', '1'), ('0', '1'))
derivative-only	('g', 'F0', -6, 3)	p41	(('-12500', '1'), ('0', '1'), ('0', '1'), ('0', '1'), ('0', '1'), ('0', '1'), ('0', '1'), ('0', '1'), ('0', '1'), ('0', '1'), ('0', '1'), ('0', '1'), ('0', '1'), ('0', '1'), ('0', '1'), ('0', '1'), ('0', '1'), ('0', '1'))
derivative-only	('g', 'F0', -6, 3)	p46	(('-37500', '1'), ('0', '1'), ('0', '1'), ('0', '1'), ('0', '1'), ('0', '1'), ('0', '1'), ('0', '1'), ('0', '1'), ('0', '1'), ('0', '1'), ('0', '1'), ('0', '1'), ('0', '1'), ('0', '1'), ('0', '1'), ('0', '1'), ('0', '1'))
derivative-only	('g', 'F0', -6, 3)	p55	(('875000*C', '1'), ('0', '1'), ('0', '1'), ('0', '1'), ('0', '1'), ('0', '1'), ('0', '1'), ('0', '1'), ('0', '1'), ('0', '1'), ('0', '1'), ('0', '1'), ('0', '1'), ('0', '1'), ('0', '1'), ('0', '1'), ('0', '1'), ('0', '1'))
derivative-only	('g', 'F0', -6, 3)	p56	(('875000*V', '1'), ('0', '1'), ('0', '1'), ('0', '1'), ('0', '1'), ('0', '1'), ('0', '1'), ('0', '1'), ('0', '1'), ('0', '1'), ('0', '1'), ('0', '1'), ('0', '1'), ('0', '1'), ('0', '1'), ('0', '1'), ('0', '1'), ('0', '1'))
derivative-only	('g', 'F0', -6, 3)	p57	(('875000*U', '1'), ('0', '1'), ('0', '1'), ('0', '1'), ('0', '1'), ('0', '1'), ('0', '1'), ('0', '1'), ('0', '1'), ('0', '1'), ('0', '1'), ('0', '1'), ('0', '1'), ('0', '1'), ('0', '1'), ('0', '1'), ('0', '1'), ('0', '1'))
derivative-only	('g', 'F0', -6, 3)	p58	(('4812500*C^2', '1'), ('0', '1'), ('0', '1'), ('0', '1'), ('0', '1'), ('0', '1'), ('0', '1'), ('0', '1'), ('0', '1'), ('0', '1'), ('0', '1'), ('0', '1'), ('0', '1'), ('0', '1'), ('0', '1'), ('0', '1'), ('0', '1'), ('0', '1'))
derivative-only	('g', 'F0', -6, 3)	p59	(('9625000*C*V', '1'), ('0', '1'), ('0', '1'), ('0', '1'), ('0', '1'), ('0', '1'), ('0', '1'), ('0', '1'), ('0', '1'), ('0', '1'), ('0', '1'), ('0', '1'), ('0', '1'), ('0', '1'), ('0', '1'), ('0', '1'), ('0', '1'), ('0', '1'))
derivative-only	('g', 'F0', -6, 3)	p60	(('9625000*C*U + 4812500*V^2', '1'), ('0', '1'), ('0', '1'), ('0', '1'), ('0', '1'), ('0', '1'), ('0', '1'), ('0', '1'), ('0', '1'), ('0', '1'), ('0', '1'), ('0', '1'), ('0', '1'), ('0', '1'), ('0', '1'), ('0', '1'), ('0', '1'), ('0', '1'))
derivative-only	('g', 'F0', -6, 3)	p61	(('9625000*V*U', '1'), ('0', '1'), ('0', '1'), ('0', '1'), ('0', '1'), ('0', '1'), ('0', '1'), ('0', '1'), ('0', '1'), ('0', '1'), ('0', '1'), ('0', '1'), ('0', '1'), ('0', '1'), ('0', '1'), ('0', '1'), ('0', '1'), ('0', '1'))
derivative-only	('g', 'F0', -6, 3)	p62	(('1925000*C + 4812500*U^2', '1'), ('0', '1'), ('0', '1'), ('0', '1'), ('0', '1'), ('0', '1'), ('0', '1'), ('0', '1'), ('0', '1'), ('0', '1'), ('0', '1'), ('0', '1'), ('0', '1'), ('0', '1'), ('0', '1'), ('0', '1'), ('0', '1'), ('0', '1'))
derivative-only	('g', 'F0', -6, 3)	p63	(('1925000*V', '1'), ('0', '1'), ('0', '1'), ('0', '1'), ('0', '1'), ('0', '1'), ('0', '1'), ('0', '1'), ('0', '1'), ('0', '1'), ('0', '1'), ('0', '1'), ('0', '1'), ('0', '1'), ('0', '1'), ('0', '1'), ('0', '1'), ('0', '1'))
derivative-only	('g', 'F0', -6, 3)	p64	(('57750000*C^2*V', '1'), ('0', '1'), ('0', '1'), ('0', '1'), ('0', '1'), ('0', '1'), ('0', '1'), ('0', '1'), ('0', '1'), ('0', '1'), ('0', '1'), ('0', '1'), ('0', '1'), ('0', '1'), ('0', '1'), ('0', '1'), ('0', '1'), ('0', '1'))
derivative-only	('g', 'F0', -6, 3)	p65	(('57750000*C^2*U + 57750000*C*V^2', '1'), ('0', '1'), ('0', '1'), ('0', '1'), ('0', '1'), ('0', '1'), ('0', '1'), ('0', '1'), ('0', '1'), ('0', '1'), ('0', '1'), ('0', '1'), ('0', '1'), ('0', '1'), ('0', '1'), ('0', '1'), ('0', '1'), ('0', '1'))
derivative-only	('g', 'F0', -6, 3)	p66	(('115500000*C*V*U + 19250000*V^3', '1'), ('0', '1'), ('0', '1'), ('0', '1'), ('0', '1'), ('0', '1'), ('0', '1'), ('0', '1'), ('0', '1'), ('0', '1'), ('0', '1'), ('0', '1'), ('0', '1'), ('0', '1'), ('0', '1'), ('0', '1'), ('0', '1'), ('0', '1'))
derivative-only	('g', 'F0', -6, 3)	p67	(('11550000*C^2 + 57750000*C*U^2 + 57750000*V^2*U', '1'), ('0', '1'), ('0', '1'), ('0', '1'), ('0', '1'), ('0', '1'), ('0', '1'), ('0', '1'), ('0', '1'), ('0', '1'), ('0', '1'), ('0', '1'), ('0', '1'), ('0', '1'), ('0', '1'), ('0', '1'), ('0', '1'), ('0', '1'))
derivative-only	('g', 'F0', -6, 3)	p68	(('23100000*C*V + 57750000*V*U^2', '1'), ('0', '1'), ('0', '1'), ('0', '1'), ('0', '1'), ('0', '1'), ('0', '1'), ('0', '1'), ('0', '1'), ('0', '1'), ('0', '1'), ('0', '1'), ('0', '1'), ('0', '1'), ('0', '1'), ('0', '1'), ('0', '1'), ('0', '1'))
derivative-only	('g', 'F0', -6, 3)	p69	(('11550000*V^2 + 19250000*U^3', '1'), ('0', '1'), ('0', '1'), ('0', '1'), ('0', '1'), ('0', '1'), ('0', '1'), ('0', '1'), ('0', '1'), ('0', '1'), ('0', '1'), ('0', '1'), ('0', '1'), ('0', '1'), ('0', '1'), ('0', '1'), ('0', '1'), ('0', '1'))
derivative-only	('g', 'F0', -6, 3)	p71	(('3780000*C - 11550000*U^2', '1'), ('0', '1'), ('0', '1'), ('0', '1'), ('0', '1'), ('0', '1'), ('0', '1'), ('0', '1'), ('0', '1'), ('0', '1'), ('0', '1'), ('0', '1'), ('0', '1'), ('0', '1'), ('0', '1'), ('0', '1'), ('0', '1'), ('0', '1'))
derivative-only	('g', 'F0', -6, 3)	p72	(('150150000*C^2*V + 750750000*C*V*U^2 + 250250000*V^3*U', '1'), ('0', '1'), ('0', '1'), ('0', '1'), ('0', '1'), ('0', '1'), ('0', '1'), ('0', '1'), ('0', '1'), ('0', '1'), ('0', '1'), ('0', '1'), ('0', '1'), ('0', '1'), ('0', '1'), ('0', '1'), ('0', '1'), ('0', '1'))
derivative-only	('g', 'F0', -6, 3)	p73	(('150150000*C*V^2 + 250250000*C*U^3 + 375375000*V^2*U^2', '1'), ('0', '1'), ('0', '1'), ('0', '1'), ('0', '1'), ('0', '1'), ('0', '1'), ('0', '1'), ('0', '1'), ('0', '1'), ('0', '1'), ('0', '1'), ('0', '1'), ('0', '1'), ('0', '1'), ('0', '1'), ('0', '1'), ('0', '1'))
derivative-only	('g', 'F0', -6, 3)	p74	(('50050000*V^3 + 250250000*V*U^3', '1'), ('0', '1'), ('0', '1'), ('0', '1'), ('0', '1'), ('0', '1'), ('0', '1'), ('0', '1'), ('0', '1'), ('0', '1'), ('0', '1'), ('0', '1'), ('0', '1'), ('0', '1'), ('0', '1'), ('0', '1'), ('0', '1'), ('0', '1'))
derivative-only	('g', 'F0', -6, 3)	p75	(('24570000*C^2 - 150150000*C*U^2 + 62562500*U^4', '1'), ('0', '1'), ('0', '1'), ('0', '1'), ('0', '1'), ('0', '1'), ('0', '1'), ('0', '1'), ('0', '1'), ('0', '1'), ('0', '1'), ('0', '1'), ('0', '1'), ('0', '1'), ('0', '1'), ('0', '1'), ('0', '1'), ('0', '1'))
derivative-only	('g', 'F0', -6, 3)	p76	(('-150150000*V*U^2', '1'), ('0', '1'), ('0', '1'), ('0', '1'), ('0', '1'), ('0', '1'), ('0', '1'), ('0', '1'), ('0', '1'), ('0', '1'), ('0', '1'), ('0', '1'), ('0', '1'), ('0', '1'), ('0', '1'), ('0', '1'), ('0', '1'), ('0', '1'))
derivative-only	('g', 'F0', -6, 3)	p77	(('-24570000*V^2 - 100100000*U^3', '1'), ('0', '1'), ('0', '1'), ('0', '1'), ('0', '1'), ('0', '1'), ('0', '1'), ('0', '1'), ('0', '1'), ('0', '1'), ('0', '1'), ('0', '1'), ('0', '1'), ('0', '1'), ('0', '1'), ('0', '1'), ('0', '1'), ('0', '1'))
derivative-only	('g', 'F0', -6, 3)	p78	(('-49140000*V*U', '1'), ('0', '1'), ('0', '1'), ('0', '1'), ('0', '1'), ('0', '1'), ('0', '1'), ('0', '1'), ('0', '1'), ('0', '1'), ('0', '1'), ('0', '1'), ('0', '1'), ('0', '1'), ('0', '1'), ('0', '1'), ('0', '1'), ('0', '1'))
derivative-only	('g', 'F0', -6, 3)	p79	(('-6756750000*C^2*V*U - 1551550000*C*V^3 + 3503500000*C*V*U^3 + 1751750000*V^3*U^2', '1'), ('0', '1'), ('0', '1'), ('0', '1'), ('0', '1'), ('0', '1'), ('0', '1'), ('0', '1'), ('0', '1'), ('0', '1'), ('0', '1'), ('0', '1'), ('0', '1'), ('0', '1'), ('0', '1'), ('0', '1'), ('0', '1'), ('0', '1'))
derivative-only	('g', 'F0', -6, 3)	p80	(('357210000*C^3 - 4429425000*C^2*U^2 - 6756750000*C*V^2*U + 875875000*C*U^4 - 387887500*V^4 + 1751750000*V^2*U^3', '1'), ('0', '1'), ('0', '1'), ('0', '1'), ('0', '1'), ('0', '1'), ('0', '1'), ('0', '1'), ('0', '1'), ('0', '1'), ('0', '1'), ('0', '1'), ('0', '1'), ('0', '1'), ('0', '1'), ('0', '1'), ('0', '1'), ('0', '1'))
derivative-only	('g', 'F0', -6, 3)	p81	(('-2102100000*C*V*U^2 + 875875000*V*U^4', '1'), ('0', '1'), ('0', '1'), ('0', '1'), ('0', '1'), ('0', '1'), ('0', '1'), ('0', '1'), ('0', '1'), ('0', '1'), ('0', '1'), ('0', '1'), ('0', '1'), ('0', '1'), ('0', '1'), ('0', '1'), ('0', '1'), ('0', '1'))
derivative-only	('g', 'F0', -6, 3)	p82	(('-343980000*C*V^2 - 1401400000*C*U^3 - 1051050000*V^2*U^2 + 175175000*U^5', '1'), ('0', '1'), ('0', '1'), ('0', '1'), ('0', '1'), ('0', '1'), ('0', '1'), ('0', '1'), ('0', '1'), ('0', '1'), ('0', '1'), ('0', '1'), ('0', '1'), ('0', '1'), ('0', '1'), ('0', '1'), ('0', '1'), ('0', '1'))
derivative-only	('g', 'F0', -6, 3)	p83	(('-687960000*C*V*U - 229320000*V^3 - 1401400000*V*U^3', '1'), ('0', '1'), ('0', '1'), ('0', '1'), ('0', '1'), ('0', '1'), ('0', '1'), ('0', '1'), ('0', '1'), ('0', '1'), ('0', '1'), ('0', '1'), ('0', '1'), ('0', '1'), ('0', '1'), ('0', '1'), ('0', '1'), ('0', '1'))
derivative-only	('g', 'F0', -6, 3)	p84	(('-47775000*C^2 - 687960000*V^2*U - 525525000*U^4', '1'), ('0', '1'), ('0', '1'), ('0', '1'), ('0', '1'), ('0', '1'), ('0', '1'), ('0', '1'), ('0', '1'), ('0', '1'), ('0', '1'), ('0', '1'), ('0', '1'), ('0', '1'), ('0', '1'), ('0', '1'), ('0', '1'), ('0', '1'))
derivative-only	('g', 'F0', -6, 3)	p85	(('-95550000*C*V - 343980000*V*U^2', '1'), ('0', '1'), ('0', '1'), ('0', '1'), ('0', '1'), ('0', '1'), ('0', '1'), ('0', '1'), ('0', '1'), ('0', '1'), ('0', '1'), ('0', '1'), ('0', '1'), ('0', '1'), ('0', '1'), ('0', '1'), ('0', '1'), ('0', '1'))
derivative-only	('g', 'F0', -6, 3)	p86	(('-95550000*C*U - 47775000*V^2 + 114660000*U^3', '1'), ('0', '1'), ('0', '1'), ('0', '1'), ('0', '1'), ('0', '1'), ('0', '1'), ('0', '1'), ('0', '1'), ('0', '1'), ('0', '1'), ('0', '1'), ('0', '1'), ('0', '1'), ('0', '1'), ('0', '1'), ('0', '1'), ('0', '1'))
derivative-only	('g', 'F0', -6, 3)	p87	(('4254250000*C^3*V - 68318250000*C^2*V*U^2 - 35035000000*C*V^3*U + 13138125000*C*V*U^4 - 1226225000*V^5 + 8758750000*V^3*U^3', '1'), ('0', '1'), ('0', '1'), ('0', '1'), ('0', '1'), ('0', '1'), ('0', '1'), ('0', '1'), ('0', '1'), ('0', '1'), ('0', '1'), ('0', '1'), ('0', '1'), ('0', '1'), ('0', '1'), ('0', '1'), ('0', '1'), ('0', '1'))
derivative-only	('g', 'F0', -6, 3)	p88	(('11261250000*C^3*U + 3801525000*C^2*V^2 - 28028000000*C^2*U^3 - 68318250000*C*V^2*U^2 + 2627625000*C*U^5 - 8758750000*V^4*U + 6569062500*V^2*U^4', '1'), ('0', '1'), ('0', '1'), ('0', '1'), ('0', '1'), ('0', '1'), ('0', '1'), ('0', '1'), ('0', '1'), ('0', '1'), ('0', '1'), ('0', '1'), ('0', '1'), ('0', '1'), ('0', '1'), ('0', '1'), ('0', '1'), ('0', '1'))
derivative-only	('g', 'F0', -6, 3)	p89	(('-38943450000*C^2*V*U - 14701050000*C*V^3 - 21021000000*C*V*U^3 - 5255250000*V^3*U^2 + 2627625000*V*U^5', '1'), ('0', '1'), ('0', '1'), ('0', '1'), ('0', '1'), ('0', '1'), ('0', '1'), ('0', '1'), ('0', '1'), ('0', '1'), ('0', '1'), ('0', '1'), ('0', '1'), ('0', '1'), ('0', '1'), ('0', '1'), ('0', '1'), ('0', '1'))
derivative-only	('g', 'F0', -6, 3)	p90	(('1890000000*C^3 - 16891875000*C^2*U^2 - 44103150000*C*V^2*U - 7882875000*C*U^4 - 4105237500*V^4 - 10510500000*V^2*U^3 + 437937500*U^6', '1'), ('0', '1'), ('0', '1'), ('0', '1'), ('0', '1'), ('0', '1'), ('0', '1'), ('0', '1'), ('0', '1'), ('0', '1'), ('0', '1'), ('0', '1'), ('0', '1'), ('0', '1'), ('0', '1'), ('0', '1'), ('0', '1'), ('0', '1'))
derivative-only	('g', 'F0', -6, 3)	p91	(('-1433250000*C^2*V - 5159700000*C*V*U^2 - 5159700000*V^3*U - 7882875000*V*U^4', '1'), ('0', '1'), ('0', '1'), ('0', '1'), ('0', '1'), ('0', '1'), ('0', '1'), ('0', '1'), ('0', '1'), ('0', '1'), ('0', '1'), ('0', '1'), ('0', '1'), ('0', '1'), ('0', '1'), ('0', '1'), ('0', '1'), ('0', '1'))
derivative-only	('g', 'F0', -6, 3)	p92	(('-1433250000*C^2*U - 1433250000*C*V^2 + 1719900000*C*U^3 - 5159700000*V^2*U^2 - 2102100000*U^5', '1'), ('0', '1'), ('0', '1'), ('0', '1'), ('0', '1'), ('0', '1'), ('0', '1'), ('0', '1'), ('0', '1'), ('0', '1'), ('0', '1'), ('0', '1'), ('0', '1'), ('0', '1'), ('0', '1'), ('0', '1'), ('0', '1'), ('0', '1'))
derivative-only	('g', 'F0', -6, 3)	p93	(('-1433250000*C*V*U - 477750000*V^3', '1'), ('0', '1'), ('0', '1'), ('0', '1'), ('0', '1'), ('0', '1'), ('0', '1'), ('0', '1'), ('0', '1'), ('0', '1'), ('0', '1'), ('0', '1'), ('0', '1'), ('0', '1'), ('0', '1'), ('0', '1'), ('0', '1'), ('0', '1'))
derivative-only	('g', 'F0', -6, 3)	p94	(('-86625000*C^2 - 716625000*C*U^2 + 1289925000*U^4', '1'), ('0', '1'), ('0', '1'), ('0', '1'), ('0', '1'), ('0', '1'), ('0', '1'), ('0', '1'), ('0', '1'), ('0', '1'), ('0', '1'), ('0', '1'), ('0', '1'), ('0', '1'), ('0', '1'), ('0', '1'), ('0', '1'), ('0', '1'))
derivative-only	('g', 'F0', -6, 3)	p95	(('-173250000*C*V + 716625000*V*U^2', '1'), ('0', '1'), ('0', '1'), ('0', '1'), ('0', '1'), ('0', '1'), ('0', '1'), ('0', '1'), ('0', '1'), ('0', '1'), ('0', '1'), ('0', '1'), ('0', '1'), ('0', '1'), ('0', '1'), ('0', '1'), ('0', '1'), ('0', '1'))
derivative-only	('g', 'F0', -6, 3)	p96	(('32578000000*C^3*V - 330316350000*C^2*V*U^2 - 275247700000*C*V^3*U - 126126000000*C*V*U^4 - 15138305000*V^5 - 56056000000*V^3*U^3 + 7007000000*V*U^6', '1'), ('0', '1'), ('0', '1'), ('0', '1'), ('0', '1'), ('0', '1'), ('0', '1'), ('0', '1'), ('0', '1'), ('0', '1'), ('0', '1'), ('0', '1'), ('0', '1'), ('0', '1'), ('0', '1'), ('0', '1'), ('0', '1'), ('0', '1'))
derivative-only	('g', 'F0', -6, 3)	p97	(('71116500000*C^3*U + 48867000000*C^2*V^2 - 82587050000*C^2*U^3 - 371593950000*C*V^2*U^2 - 33633600000*C*U^5 - 75691525000*V^4*U - 63063000000*V^2*U^4 + 1001000000*U^7', '1'), ('0', '1'), ('0', '1'), ('0', '1'), ('0', '1'), ('0', '1'), ('0', '1'), ('0', '1'), ('0', '1'), ('0', '1'), ('0', '1'), ('0', '1'), ('0', '1'), ('0', '1'), ('0', '1'), ('0', '1'), ('0', '1'), ('0', '1'))
derivative-only	('g', 'F0', -6, 3)	p98	(('-146805750000*C^2*V*U - 52757250000*C*V^3 - 41277600000*V^3*U^2 - 33633600000*V*U^5', '1'), ('0', '1'), ('0', '1'), ('0', '1'), ('0', '1'), ('0', '1'), ('0', '1'), ('0', '1'), ('0', '1'), ('0', '1'), ('0', '1'), ('0', '1'), ('0', '1'), ('0', '1'), ('0', '1'), ('0', '1'), ('0', '1'), ('0', '1'))
derivative-only	('g', 'F0', -6, 3)	p99	(('9875250000*C^3 - 73402875000*C^2*U^2 - 135339750000*C*V^2*U + 20638800000*C*U^4 - 13189312500*V^4 - 13759200000*V^2*U^3 - 7007000000*U^6', '1'), ('0', '1'), ('0', '1'), ('0', '1'), ('0', '1'), ('0', '1'), ('0', '1'), ('0', '1'), ('0', '1'), ('0', '1'), ('0', '1'), ('0', '1'), ('0', '1'), ('0', '1'), ('0', '1'), ('0', '1'), ('0', '1'), ('0', '1'))
derivative-only	('g', 'F0', -6, 3)	p100	(('-2772000000*C^2*V + 13759200000*V*U^4', '1'), ('0', '1'), ('0', '1'), ('0', '1'), ('0', '1'), ('0', '1'), ('0', '1'), ('0', '1'), ('0', '1'), ('0', '1'), ('0', '1'), ('0', '1'), ('0', '1'), ('0', '1'), ('0', '1'), ('0', '1'), ('0', '1'), ('0', '1'))
derivative-only	('g', 'F0', -6, 3)	p101	(('-1386000000*C*V^2 - 3822000000*C*U^3 + 11466000000*V^2*U^2 + 8255520000*U^5', '1'), ('0', '1'), ('0', '1'), ('0', '1'), ('0', '1'), ('0', '1'), ('0', '1'), ('0', '1'), ('0', '1'), ('0', '1'), ('0', '1'), ('0', '1'), ('0', '1'), ('0', '1'), ('0', '1'), ('0', '1'), ('0', '1'), ('0', '1'))
derivative-only	('g', 'F0', -6, 3)	p102	(('462000000*V^3 + 7644000000*V*U^3', '1'), ('0', '1'), ('0', '1'), ('0', '1'), ('0', '1'), ('0', '1'), ('0', '1'), ('0', '1'), ('0', '1'), ('0', '1'), ('0', '1'), ('0', '1'), ('0', '1'), ('0', '1'), ('0', '1'), ('0', '1'), ('0', '1'), ('0', '1'))
derivative-only	('g', 'F0', -6, 3)	p103	(('-148500000*C^2 + 1386000000*C*U^2 + 1386000000*V^2*U - 955500000*U^4', '1'), ('0', '1'), ('0', '1'), ('0', '1'), ('0', '1'), ('0', '1'), ('0', '1'), ('0', '1'), ('0', '1'), ('0', '1'), ('0', '1'), ('0', '1'), ('0', '1'), ('0', '1'), ('0', '1'), ('0', '1'), ('0', '1'), ('0', '1'))
derivative-only	('g', 'F0', -6, 3)	p104	(('193905250000*C^3*V - 1253616000000*C^2*V*U^2 - 835744000000*C*V^3*U + 233906400000*C*V*U^4 - 51533300000*V^5 - 155937600000*V^3*U^3 - 119119000000*V*U^6', '1'), ('0', '1'), ('0', '1'), ('0', '1'), ('0', '1'), ('0', '1'), ('0', '1'), ('0', '1'), ('0', '1'), ('0', '1'), ('0', '1'), ('0', '1'), ('0', '1'), ('0', '1'), ('0', '1'), ('0', '1'), ('0', '1'), ('0', '1'))
derivative-only	('g', 'F0', -6, 3)	p105	(('371621250000*C^3*U + 302638875000*C^2*V^2 - 450359000000*C^2*U^3 - 1058694000000*C*V^2*U^2 + 140343840000*C*U^5 - 192692500000*V^4*U + 58476600000*V^2*U^4 - 20420400000*U^7', '1'), ('0', '1'), ('0', '1'), ('0', '1'), ('0', '1'), ('0', '1'), ('0', '1'), ('0', '1'), ('0', '1'), ('0', '1'), ('0', '1'), ('0', '1'), ('0', '1'), ('0', '1'), ('0', '1'), ('0', '1'), ('0', '1'), ('0', '1'))
derivative-only	('g', 'F0', -6, 3)	p106	(('-371621250000*C^2*V*U - 123873750000*C*V^3 + 64974000000*C*V*U^3 + 97461000000*V^3*U^2 + 116953200000*V*U^5', '1'), ('0', '1'), ('0', '1'), ('0', '1'), ('0', '1'), ('0', '1'), ('0', '1'), ('0', '1'), ('0', '1'), ('0', '1'), ('0', '1'), ('0', '1'), ('0', '1'), ('0', '1'), ('0', '1'), ('0', '1'), ('0', '1'), ('0', '1'))
derivative-only	('g', 'F0', -6, 3)	p107	(('34526250000*C^3 - 162248625000*C^2*U^2 - 348059250000*C*V^2*U - 32487000000*C*U^4 - 25077937500*V^4 + 129948000000*V^2*U^3 + 38984400000*U^6', '1'), ('0', '1'), ('0', '1'), ('0', '1'), ('0', '1'), ('0', '1'), ('0', '1'), ('0', '1'), ('0', '1'), ('0', '1'), ('0', '1'), ('0', '1'), ('0', '1'), ('0', '1'), ('0', '1'), ('0', '1'), ('0', '1'), ('0', '1'))
derivative-only	('g', 'F0', -6, 3)	p108	(('23562000000*C*V*U^2 + 23562000000*V^3*U + 32487000000*V*U^4', '1'), ('0', '1'), ('0', '1'), ('0', '1'), ('0', '1'), ('0', '1'), ('0', '1'), ('0', '1'), ('0', '1'), ('0', '1'), ('0', '1'), ('0', '1'), ('0', '1'), ('0', '1'), ('0', '1'), ('0', '1'), ('0', '1'), ('0', '1'))
derivative-only	('g', 'F0', -6, 3)	p109	(('2524500000*C*V^2 + 15708000000*C*U^3 + 11781000000*V^2*U^2 - 12994800000*U^5', '1'), ('0', '1'), ('0', '1'), ('0', '1'), ('0', '1'), ('0', '1'), ('0', '1'), ('0', '1'), ('0', '1'), ('0', '1'), ('0', '1'), ('0', '1'), ('0', '1'), ('0', '1'), ('0', '1'), ('0', '1'), ('0', '1'), ('0', '1'))
derivative-only	('g', 'F0', -6, 3)	p110	(('5049000000*C*V*U + 841500000*V^3 - 7854000000*V*U^3', '1'), ('0', '1'), ('0', '1'), ('0', '1'), ('0', '1'), ('0', '1'), ('0', '1'), ('0', '1'), ('0', '1'), ('0', '1'), ('0', '1'), ('0', '1'), ('0', '1'), ('0', '1'), ('0', '1'), ('0', '1'), ('0', '1'), ('0', '1'))
derivative-only	('g', 'F0', -6, 3)	p111	(('787286500000*C^3*V - 3333387750000*C^2*V*U^2 - 2080886500000*C*V^3*U + 292383000000*C*V*U^4 - 82838525000*V^5 + 1169532000000*V^3*U^3 + 631547280000*V*U^6', '1'), ('0', '1'), ('0', '1'), ('0', '1'), ('0', '1'), ('0', '1'), ('0', '1'), ('0', '1'), ('0', '1'), ('0', '1'), ('0', '1'), ('0', '1'), ('0', '1'), ('0', '1'), ('0', '1'), ('0', '1'), ('0', '1'), ('0', '1'))
derivative-only	('g', 'F0', -6, 3)	p112	(('1288287000000*C^3*U + 1226370750000*C^2*V^2 - 969757250000*C^2*U^3 - 3333387750000*C*V^2*U^2 - 292383000000*C*U^5 - 414192625000*V^4*U + 730957500000*V^2*U^4 + 150368400000*U^7', '1'), ('0', '1'), ('0', '1'), ('0', '1'), ('0', '1'), ('0', '1'), ('0', '1'), ('0', '1'), ('0', '1'), ('0', '1'), ('0', '1'), ('0', '1'), ('0', '1'), ('0', '1'), ('0', '1'), ('0', '1'), ('0', '1'), ('0', '1'))
derivative-only	('g', 'F0', -6, 3)	p113	(('-875333250000*C^2*V*U - 276630750000*C*V^3 + 141372000000*C*V*U^3 + 212058000000*V^3*U^2', '1'), ('0', '1'), ('0', '1'), ('0', '1'), ('0', '1'), ('0', '1'), ('0', '1'), ('0', '1'), ('0', '1'), ('0', '1'), ('0', '1'), ('0', '1'), ('0', '1'), ('0', '1'), ('0', '1'), ('0', '1'), ('0', '1'), ('0', '1'))
derivative-only	('g', 'F0', -6, 3)	p114	(('102209250000*C^3 - 483107625000*C^2*U^2 - 875333250000*C*V^2*U + 106029000000*C*U^4 - 69157687500*V^4 - 70686000000*V^2*U^3 - 97461000000*U^6', '1'), ('0', '1'), ('0', '1'), ('0', '1'), ('0', '1'), ('0', '1'), ('0', '1'), ('0', '1'), ('0', '1'), ('0', '1'), ('0', '1'), ('0', '1'), ('0', '1'), ('0', '1'), ('0', '1'), ('0', '1'), ('0', '1'), ('0', '1'))
derivative-only	('g', 'F0', -6, 3)	p115	(('4375800000*C^2*V + 45441000000*C*V*U^2 - 106029000000*V*U^4', '1'), ('0', '1'), ('0', '1'), ('0', '1'), ('0', '1'), ('0', '1'), ('0', '1'), ('0', '1'), ('0', '1'), ('0', '1'), ('0', '1'), ('0', '1'), ('0', '1'), ('0', '1'), ('0', '1'), ('0', '1'), ('0', '1'), ('0', '1'))
derivative-only	('g', 'F0', -6, 3)	p116	(('4375800000*C^2*U + 4375800000*C*V^2 - 15147000000*C*U^3 - 22720500000*V^2*U^2 + 7068600000*U^5', '1'), ('0', '1'), ('0', '1'), ('0', '1'), ('0', '1'), ('0', '1'), ('0', '1'), ('0', '1'), ('0', '1'), ('0', '1'), ('0', '1'), ('0', '1'), ('0', '1'), ('0', '1'), ('0', '1'), ('0', '1'), ('0', '1'), ('0', '1'))
derivative-only	('g', 'F0', -6, 3)	p117	(('2437842550000*C^3*V - 9657631500000*C^2*V*U^2 - 6150628000000*C*V^3*U - 264362450000*V^5 - 925879500000*V*U^6', '1'), ('0', '1'), ('0', '1'), ('0', '1'), ('0', '1'), ('0', '1'), ('0', '1'), ('0', '1'), ('0', '1'), ('0', '1'), ('0', '1'), ('0', '1'), ('0', '1'), ('0', '1'), ('0', '1'), ('0', '1'), ('0', '1'), ('0', '1'))
derivative-only	('g', 'F0', -6, 3)	p118	(('3840643950000*C^3*U + 3656763825000*C^2*V^2 - 3794796500000*C^2*U^3 - 10089321000000*C*V^2*U^2 + 671517000000*C*U^5 - 1753501750000*V^4*U - 1678792500000*V^2*U^4 - 529074000000*U^7', '1'), ('0', '1'), ('0', '1'), ('0', '1'), ('0', '1'), ('0', '1'), ('0', '1'), ('0', '1'), ('0', '1'), ('0', '1'), ('0', '1'), ('0', '1'), ('0', '1'), ('0', '1'), ('0', '1'), ('0', '1'), ('0', '1'), ('0', '1'))
derivative-only	('g', 'F0', -6, 3)	p119	(('-2171362050000*C^2*V*U - 696073950000*C*V^3 - 431689500000*V^3*U^2 - 671517000000*V*U^5', '1'), ('0', '1'), ('0', '1'), ('0', '1'), ('0', '1'), ('0', '1'), ('0', '1'), ('0', '1'), ('0', '1'), ('0', '1'), ('0', '1'), ('0', '1'), ('0', '1'), ('0', '1'), ('0', '1'), ('0', '1'), ('0', '1'), ('0', '1'))
derivative-only	('g', 'F0', -6, 3)	p120	(('248520772500*C^3 - 1085681025000*C^2*U^2 - 2254502250000*C*V^2*U - 215844750000*C*U^4 - 194803537500*V^4 - 287793000000*V^2*U^3 + 111919500000*U^6', '1'), ('0', '1'), ('0', '1'), ('0', '1'), ('0', '1'), ('0', '1'), ('0', '1'), ('0', '1'), ('0', '1'), ('0', '1'), ('0', '1'), ('0', '1'), ('0', '1'), ('0', '1'), ('0', '1'), ('0', '1'), ('0', '1'), ('0', '1'))
derivative-only	('g', 'F0', -6, 3)	p121	(('7274767500*C^2*V - 83140200000*C*V*U^2 - 27713400000*V^3*U + 71948250000*V*U^4', '1'), ('0', '1'), ('0', '1'), ('0', '1'), ('0', '1'), ('0', '1'), ('0', '1'), ('0', '1'), ('0', '1'), ('0', '1'), ('0', '1'), ('0', '1'), ('0', '1'), ('0', '1'), ('0', '1'), ('0', '1'), ('0', '1'), ('0', '1'))
derivative-only	('g', 'F0', -6, 3)	p122	(('6300644350000*C^3*V - 27133928250000*C^2*V*U^2 - 18089285500000*C*V^3*U - 1438965000000*C*V*U^4 - 987604475000*V^5 - 5755860000000*V^3*U^3 - 2238390000000*V*U^6', '1'), ('0', '1'), ('0', '1'), ('0', '1'), ('0', '1'), ('0', '1'), ('0', '1'), ('0', '1'), ('0', '1'), ('0', '1'), ('0', '1'), ('0', '1'), ('0', '1'), ('0', '1'), ('0', '1'), ('0', '1'), ('0', '1'), ('0', '1'))
derivative-only	('g', 'F0', -6, 3)	p123	(('9662152500000*C^3*U + 9305471175000*C^2*V^2 - 8490374750000*C^2*U^3 - 27965330250000*C*V^2*U^2 - 1726758000000*C*U^5 - 4938022375000*V^4*U - 719482500000*V^2*U^4 + 959310000000*U^7', '1'), ('0', '1'), ('0', '1'), ('0', '1'), ('0', '1'), ('0', '1'), ('0', '1'), ('0', '1'), ('0', '1'), ('0', '1'), ('0', '1'), ('0', '1'), ('0', '1'), ('0', '1'), ('0', '1'), ('0', '1'), ('0', '1'), ('0', '1'))
derivative-only	('g', 'F0', -6, 3)	p124	(('-4831076250000*C^2*V*U - 1658857200000*C*V^3 - 1108536000000*C*V*U^3 - 277134000000*V^3*U^2 + 1151172000000*V*U^5', '1'), ('0', '1'), ('0', '1'), ('0', '1'), ('0', '1'), ('0', '1'), ('0', '1'), ('0', '1'), ('0', '1'), ('0', '1'), ('0', '1'), ('0', '1'), ('0', '1'), ('0', '1'), ('0', '1'), ('0', '1'), ('0', '1'), ('0', '1'))
derivative-only	('g', 'F0', -6, 3)	p125	(('548934750000*C^3 - 2488285800000*C^2*U^2 - 4976571600000*C*V^2*U + 138567000000*C*U^4 - 414714300000*V^4 + 277134000000*V^2*U^3 - 47965500000*U^6', '1'), ('0', '1'), ('0', '1'), ('0', '1'), ('0', '1'), ('0', '1'), ('0', '1'), ('0', '1'), ('0', '1'), ('0', '1'), ('0', '1'), ('0', '1'), ('0', '1'), ('0', '1'), ('0', '1'), ('0', '1'), ('0', '1'), ('0', '1'))
derivative-only	('g', 'F0', -6, 3)	p126	(('14529014500000*C^3*V - 61647761175000*C^2*V*U^2 - 43135442350000*C*V^3*U - 5819814000000*C*V*U^4 - 2207695490000*V^5 + 3879876000000*V^3*U^3 + 9065479500000*V*U^6', '1'), ('0', '1'), ('0', '1'), ('0', '1'), ('0', '1'), ('0', '1'), ('0', '1'), ('0', '1'), ('0', '1'), ('0', '1'), ('0', '1'), ('0', '1'), ('0', '1'), ('0', '1'), ('0', '1'), ('0', '1'), ('0', '1'), ('0', '1'))
derivative-only	('g', 'F0', -6, 3)	p127	(('22545022500000*C^3*U + 21670978875000*C^2*V^2 - 21058487450000*C^2*U^3 - 61647761175000*C*V^2*U^2 + 2327925600000*C*U^5 - 10020010000000*V^4*U + 4364860500000*V^2*U^4 - 863379000000*U^7', '1'), ('0', '1'), ('0', '1'), ('0', '1'), ('0', '1'), ('0', '1'), ('0', '1'), ('0', '1'), ('0', '1'), ('0', '1'), ('0', '1'), ('0', '1'), ('0', '1'), ('0', '1'), ('0', '1'), ('0', '1'), ('0', '1'), ('0', '1'))
derivative-only	('g', 'F0', -6, 3)	p128	(('-9907238250000*C^2*V*U - 3302412750000*C*V^3 + 1018467450000*C*V*U^3 + 509233725000*V^3*U^2 - 581981400000*V*U^5', '1'), ('0', '1'), ('0', '1'), ('0', '1'), ('0', '1'), ('0', '1'), ('0', '1'), ('0', '1'), ('0', '1'), ('0', '1'), ('0', '1'), ('0', '1'), ('0', '1'), ('0', '1'), ('0', '1'), ('0', '1'), ('0', '1'), ('0', '1'))
derivative-only	('g', 'F0', -6, 3)	p129	(('6913907000000*C^3*V - 24167393250000*C^2*V*U^2 + 127397270000000*C*V^3*U + 16804712925000*C*V*U^4 + 13545306775000*V^5 + 7468761300000*V^3*U^3 - 10669659000000*V*U^6', '1'), ('0', '1'), ('0', '1'), ('0', '1'), ('0', '1'), ('0', '1'), ('0', '1'), ('0', '1'), ('0', '1'), ('0', '1'), ('0', '1'), ('0', '1'), ('0', '1'), ('0', '1'), ('0', '1'), ('0', '1'), ('0', '1'), ('0', '1'))
derivative-only	('g', 'F0', -6, 3)	p130	(('23947924000000*C^3*U + 47252205000000*C^2*V^2 + 64597282750000*C^2*U^3 + 87508170750000*C*V^2*U^2 - 1120314195000*C*U^5 - 3129251125000*V^4*U - 2800785487500*V^2*U^4 + 304847400000*U^7', '1'), ('0', '1'), ('0', '1'), ('0', '1'), ('0', '1'), ('0', '1'), ('0', '1'), ('0', '1'), ('0', '1'), ('0', '1'), ('0', '1'), ('0', '1'), ('0', '1'), ('0', '1'), ('0', '1'), ('0', '1'), ('0', '1'), ('0', '1'))
derivative-only	('g', 'F0', -6, 3)	p131	(('14764211000000*C^3*V + 378733104750000*C^2*V*U^2 + 392411019000000*C*V^3*U - 10334449125000*C*V*U^4 + 26616665075000*V^5 - 6889632750000*V^3*U^3 + 4294537747500*V*U^6', '1'), ('0', '1'), ('0', '1'), ('0', '1'), ('0', '1'), ('0', '1'), ('0', '1'), ('0', '1'), ('0', '1'), ('0', '1'), ('0', '1'), ('0', '1'), ('0', '1'), ('0', '1'), ('0', '1'), ('0', '1'), ('0', '1'), ('0', '1'))
derivative-only	('g', 'F0', -6, 8)	constant	(('-356363261718750*C + 3365102812500000*U^2', '1'), ('-590813437500000*C + 3031789921875000*U^2', '1'), ('-377553515625000*C + 610520625000000*U^2', '1'), ('-79633125000000*C', '1'), ('0', '1'), ('0', '1'), ('0', '1'), ('0', '1'), ('0', '1'), ('0', '1'), ('0', '1'), ('0', '1'), ('0', '1'), ('0', '1'), ('0', '1'), ('0', '1'), ('0', '1'), ('0', '1'))
derivative-only	('g', 'F0', -6, 8)	p80	(('-17578125', '1'), ('0', '1'), ('0', '1'), ('0', '1'), ('0', '1'), ('0', '1'), ('0', '1'), ('0', '1'), ('0', '1'), ('0', '1'), ('0', '1'), ('0', '1'), ('0', '1'), ('0', '1'), ('0', '1'), ('0', '1'), ('0', '1'), ('0', '1'))
derivative-only	('g', 'F0', -6, 8)	p90	(('-175781250', '1'), ('0', '1'), ('0', '1'), ('0', '1'), ('0', '1'), ('0', '1'), ('0', '1'), ('0', '1'), ('0', '1'), ('0', '1'), ('0', '1'), ('0', '1'), ('0', '1'), ('0', '1'), ('0', '1'), ('0', '1'), ('0', '1'), ('0', '1'))
derivative-only	('g', 'F0', -6, 8)	p99	(('-966796875', '1'), ('0', '1'), ('0', '1'), ('0', '1'), ('0', '1'), ('0', '1'), ('0', '1'), ('0', '1'), ('0', '1'), ('0', '1'), ('0', '1'), ('0', '1'), ('0', '1'), ('0', '1'), ('0', '1'), ('0', '1'), ('0', '1'), ('0', '1'))
derivative-only	('g', 'F0', -6, 8)	p107	(('-3867187500', '1'), ('0', '1'), ('0', '1'), ('0', '1'), ('0', '1'), ('0', '1'), ('0', '1'), ('0', '1'), ('0', '1'), ('0', '1'), ('0', '1'), ('0', '1'), ('0', '1'), ('0', '1'), ('0', '1'), ('0', '1'), ('0', '1'), ('0', '1'))
derivative-only	('g', 'F0', -6, 8)	p114	(('-12568359375', '1'), ('0', '1'), ('0', '1'), ('0', '1'), ('0', '1'), ('0', '1'), ('0', '1'), ('0', '1'), ('0', '1'), ('0', '1'), ('0', '1'), ('0', '1'), ('0', '1'), ('0', '1'), ('0', '1'), ('0', '1'), ('0', '1'), ('0', '1'))
derivative-only	('g', 'F0', -6, 8)	p120	(('-35191406250', '1'), ('0', '1'), ('0', '1'), ('0', '1'), ('0', '1'), ('0', '1'), ('0', '1'), ('0', '1'), ('0', '1'), ('0', '1'), ('0', '1'), ('0', '1'), ('0', '1'), ('0', '1'), ('0', '1'), ('0', '1'), ('0', '1'), ('0', '1'))
derivative-only	('g', 'F0', -6, 8)	p125	(('-87978515625', '1'), ('0', '1'), ('0', '1'), ('0', '1'), ('0', '1'), ('0', '1'), ('0', '1'), ('0', '1'), ('0', '1'), ('0', '1'), ('0', '1'), ('0', '1'), ('0', '1'), ('0', '1'), ('0', '1'), ('0', '1'), ('0', '1'), ('0', '1'))
derivative-only	('g', 'F0', -6, 8)	p129	(('4424062500000*V', '1'), ('0', '1'), ('0', '1'), ('0', '1'), ('0', '1'), ('0', '1'), ('0', '1'), ('0', '1'), ('0', '1'), ('0', '1'), ('0', '1'), ('0', '1'), ('0', '1'), ('0', '1'), ('0', '1'), ('0', '1'), ('0', '1'), ('0', '1'))
derivative-only	('g', 'F0', -6, 8)	p130	(('4424062500000*U', '1'), ('0', '1'), ('0', '1'), ('0', '1'), ('0', '1'), ('0', '1'), ('0', '1'), ('0', '1'), ('0', '1'), ('0', '1'), ('0', '1'), ('0', '1'), ('0', '1'), ('0', '1'), ('0', '1'), ('0', '1'), ('0', '1'), ('0', '1'))
derivative-only	('g', 'F0', -6, 8)	p131	(('9828457031250*V', '1'), ('0', '1'), ('0', '1'), ('0', '1'), ('0', '1'), ('0', '1'), ('0', '1'), ('0', '1'), ('0', '1'), ('0', '1'), ('0', '1'), ('0', '1'), ('0', '1'), ('0', '1'), ('0', '1'), ('0', '1'), ('0', '1'), ('0', '1'))
derivative-only	('g', 'F0', -5, 1)	constant	(('-623234908103280*C^4*V*U - 95255590577380*C^3*V^3 + 14735031575032150*C^3*V*U^3 + 45742261647969525*C^2*V^3*U^2 + 20782626721433640*C^2*V*U^5 + 6205352182659050*C*V^5*U + 133808232761707100*C*V^3*U^4 - 10719777533498460*C*V*U^7 + 1262668633710555/2*V^7 + 8255814476358820/3*V^5*U^3 + 25878616751878450*V^3*U^6 + 5034176731605760*V*U^9', '1'), ('-5661527954806540*C^4*V*U - 5871794865980120/3*C^3*V^3 - 38917084194144840*C^3*V*U^3 - 74229219490767540*C^2*V^3*U^2 + 105729829958229120*C^2*V*U^5 - 7923662807683280*C*V^5*U + 268249342224766100*C*V^3*U^4 - 25907362887354060*C*V*U^7 + 224790840872060*V^7 + 41504777490639400/3*V^5*U^3 + 76554029870566010*V^3*U^6 + 5056345291544420*V*U^9', '1'), ('-2218844496691280*C^4*V*U - 2323002073146640/3*C^3*V^3 + 23530920950083920*C^3*V*U^3 + 101119281333107520*C^2*V^3*U^2 + 82072957872499440*C^2*V*U^5 + 13008622991475640*C*V^5*U + 91900042659787200*C*V^3*U^4 - 57862945869900720*C*V*U^7 + 1219657885478720*V^7 - 3371726995933800*V^5*U^3 + 36685451180449120*V^3*U^6 + 7300346656370540*V*U^9', '1'), ('-2031156330453360*C^4*V*U - 1863273146850660*C^3*V^3 - 27528038562886410*C^3*V*U^3 - 65617826326489335*C^2*V^3*U^2 + 52023011551851480*C^2*V*U^5 - 5918897693343970*C*V^5*U + 103132555232277900*C*V^3*U^4 + 4900712368380660*C*V*U^7 - 571647328359745/2*V^7 + 13951848361859800*V^5*U^3 + 44702386338680490*V^3*U^6 - 1231220550779020*V*U^9', '1'), ('359429490359480*C^4*V*U - 769638700820360/3*C^3*V^3 + 8670832655866980*C^3*V*U^3 + 20047455660902130*C^2*V^3*U^2 + 3303159513329760*C^2*V*U^5 + 3027025193666160*C*V^5*U + 3579482593003800*C*V^3*U^4 - 2832322334654280*C*V*U^7 + 91767327032355*V^7 + 301027961523100*V^5*U^3 + 2194001852087780*V^3*U^6 + 336178498635860*V*U^9', '1'), ('-162027560710680*C^4*V*U - 134743809444280*C^3*V^3 - 1039023043502040*C^3*V*U^3 - 4755205770919740*C^2*V^3*U^2 + 2082121500140640*C^2*V*U^5 - 561256087690680*C*V^5*U + 5794801139198400*C*V^3*U^4 + 943580100969360*C*V*U^7 - 58903903031070*V^7 + 753827202283120*V^5*U^3 + 1390729012401960*V^3*U^6 - 208110383116500*V*U^9', '1'), ('700000000*C*V*U + 42000000*V^3 - 560000000/3*V*U^3', '1'), ('-1225000000*C*V*U - 73500000*V^3 + 980000000/3*V*U^3', '1'), ('885937500*C*V*U + 53156250*V^3 - 236250000*V*U^3', '1'), ('-306250000*C*V*U - 18375000*V^3 + 245000000/3*V*U^3', '1'), ('43750000*C*V*U + 2625000*V^3 - 35000000/3*V*U^3', '1'), ('0', '1'), ('0', '1'), ('0', '1'), ('0', '1'), ('0', '1'), ('0', '1'), ('0', '1'))
derivative-only	('g', 'F0', -5, 1)	p31	(('-50', '1'), ('0', '1'), ('0', '1'), ('0', '1'), ('0', '1'), ('0', '1'), ('0', '1'), ('0', '1'), ('0', '1'), ('0', '1'), ('0', '1'), ('0', '1'), ('0', '1'), ('0', '1'), ('0', '1'), ('0', '1'), ('0', '1'), ('0', '1'))
derivative-only	('g', 'F0', -5, 1)	p33	(('750*C', '1'), ('0', '1'), ('0', '1'), ('0', '1'), ('0', '1'), ('0', '1'), ('0', '1'), ('0', '1'), ('0', '1'), ('0', '1'), ('0', '1'), ('0', '1'), ('0', '1'), ('0', '1'), ('0', '1'), ('0', '1'), ('0', '1'), ('0', '1'))
derivative-only	('g', 'F0', -5, 1)	p34	(('750*V', '1'), ('0', '1'), ('0', '1'), ('0', '1'), ('0', '1'), ('0', '1'), ('0', '1'), ('0', '1'), ('0', '1'), ('0', '1'), ('0', '1'), ('0', '1'), ('0', '1'), ('0', '1'), ('0', '1'), ('0', '1'), ('0', '1'), ('0', '1'))
derivative-only	('g', 'F0', -5, 1)	p35	(('750*U', '1'), ('0', '1'), ('0', '1'), ('0', '1'), ('0', '1'), ('0', '1'), ('0', '1'), ('0', '1'), ('0', '1'), ('0', '1'), ('0', '1'), ('0', '1'), ('0', '1'), ('0', '1'), ('0', '1'), ('0', '1'), ('0', '1'), ('0', '1'))
derivative-only	('g', 'F0', -5, 1)	p36	(('4500*C*U + 2250*V^2', '1'), ('0', '1'), ('0', '1'), ('0', '1'), ('0', '1'), ('0', '1'), ('0', '1'), ('0', '1'), ('0', '1'), ('0', '1'), ('0', '1'), ('0', '1'), ('0', '1'), ('0', '1'), ('0', '1'), ('0', '1'), ('0', '1'), ('0', '1'))
derivative-only	('g', 'F0', -5, 1)	p37	(('4500*V*U', '1'), ('0', '1'), ('0', '1'), ('0', '1'), ('0', '1'), ('0', '1'), ('0', '1'), ('0', '1'), ('0', '1'), ('0', '1'), ('0', '1'), ('0', '1'), ('0', '1'), ('0', '1'), ('0', '1'), ('0', '1'), ('0', '1'), ('0', '1'))
derivative-only	('g', 'F0', -5, 1)	p38	(('1800*C + 2250*U^2', '1'), ('0', '1'), ('0', '1'), ('0', '1'), ('0', '1'), ('0', '1'), ('0', '1'), ('0', '1'), ('0', '1'), ('0', '1'), ('0', '1'), ('0', '1'), ('0', '1'), ('0', '1'), ('0', '1'), ('0', '1'), ('0', '1'), ('0', '1'))
derivative-only	('g', 'F0', -5, 1)	p39	(('1800*V', '1'), ('0', '1'), ('0', '1'), ('0', '1'), ('0', '1'), ('0', '1'), ('0', '1'), ('0', '1'), ('0', '1'), ('0', '1'), ('0', '1'), ('0', '1'), ('0', '1'), ('0', '1'), ('0', '1'), ('0', '1'), ('0', '1'), ('0', '1'))
derivative-only	('g', 'F0', -5, 1)	p40	(('6300*V^2 + 5250*U^3', '1'), ('0', '1'), ('0', '1'), ('0', '1'), ('0', '1'), ('0', '1'), ('0', '1'), ('0', '1'), ('0', '1'), ('0', '1'), ('0', '1'), ('0', '1'), ('0', '1'), ('0', '1'), ('0', '1'), ('0', '1'), ('0', '1'), ('0', '1'))
derivative-only	('g', 'F0', -5, 1)	p42	(('3500*C - 6300*U^2', '1'), ('0', '1'), ('0', '1'), ('0', '1'), ('0', '1'), ('0', '1'), ('0', '1'), ('0', '1'), ('0', '1'), ('0', '1'), ('0', '1'), ('0', '1'), ('0', '1'), ('0', '1'), ('0', '1'), ('0', '1'), ('0', '1'), ('0', '1'))
derivative-only	('g', 'F0', -5, 1)	p43	(('5000*C^2 - 129150*C*U^2 - 78750*V^2*U + 10500*U^4', '1'), ('0', '1'), ('0', '1'), ('0', '1'), ('0', '1'), ('0', '1'), ('0', '1'), ('0', '1'), ('0', '1'), ('0', '1'), ('0', '1'), ('0', '1'), ('0', '1'), ('0', '1'), ('0', '1'), ('0', '1'), ('0', '1'), ('0', '1'))
derivative-only	('g', 'F0', -5, 1)	p44	(('-18000*C*V - 129150*V*U^2', '1'), ('0', '1'), ('0', '1'), ('0', '1'), ('0', '1'), ('0', '1'), ('0', '1'), ('0', '1'), ('0', '1'), ('0', '1'), ('0', '1'), ('0', '1'), ('0', '1'), ('0', '1'), ('0', '1'), ('0', '1'), ('0', '1'), ('0', '1'))
derivative-only	('g', 'F0', -5, 1)	p45	(('-14000*V^2 - 33600*U^3', '1'), ('0', '1'), ('0', '1'), ('0', '1'), ('0', '1'), ('0', '1'), ('0', '1'), ('0', '1'), ('0', '1'), ('0', '1'), ('0', '1'), ('0', '1'), ('0', '1'), ('0', '1'), ('0', '1'), ('0', '1'), ('0', '1'), ('0', '1'))
derivative-only	('g', 'F0', -5, 1)	p46	(('-28000*V*U', '1'), ('0', '1'), ('0', '1'), ('0', '1'), ('0', '1'), ('0', '1'), ('0', '1'), ('0', '1'), ('0', '1'), ('0', '1'), ('0', '1'), ('0', '1'), ('0', '1'), ('0', '1'), ('0', '1'), ('0', '1'), ('0', '1'), ('0', '1'))
derivative-only	('g', 'F0', -5, 1)	p47	(('-66150*C^2*V - 1209600*C*V*U^2 - 252000*V^3*U + 94500*V*U^4', '1'), ('0', '1'), ('0', '1'), ('0', '1'), ('0', '1'), ('0', '1'), ('0', '1'), ('0', '1'), ('0', '1'), ('0', '1'), ('0', '1'), ('0', '1'), ('0', '1'), ('0', '1'), ('0', '1'), ('0', '1'), ('0', '1'), ('0', '1'))
derivative-only	('g', 'F0', -5, 1)	p48	(('236250*C^2*U - 192150*C*V^2 - 554400*C*U^3 - 604800*V^2*U^2 + 18900*U^5', '1'), ('0', '1'), ('0', '1'), ('0', '1'), ('0', '1'), ('0', '1'), ('0', '1'), ('0', '1'), ('0', '1'), ('0', '1'), ('0', '1'), ('0', '1'), ('0', '1'), ('0', '1'), ('0', '1'), ('0', '1'), ('0', '1'), ('0', '1'))
derivative-only	('g', 'F0', -5, 1)	p49	(('220500*C*V*U - 106050*V^3 - 554400*V*U^3', '1'), ('0', '1'), ('0', '1'), ('0', '1'), ('0', '1'), ('0', '1'), ('0', '1'), ('0', '1'), ('0', '1'), ('0', '1'), ('0', '1'), ('0', '1'), ('0', '1'), ('0', '1'), ('0', '1'), ('0', '1'), ('0', '1'), ('0', '1'))
derivative-only	('g', 'F0', -5, 1)	p50	(('-31500*C^2 - 236250*C*U^2 - 488250*V^2*U - 113400*U^4', '1'), ('0', '1'), ('0', '1'), ('0', '1'), ('0', '1'), ('0', '1'), ('0', '1'), ('0', '1'), ('0', '1'), ('0', '1'), ('0', '1'), ('0', '1'), ('0', '1'), ('0', '1'), ('0', '1'), ('0', '1'), ('0', '1'), ('0', '1'))
derivative-only	('g', 'F0', -5, 1)	p51	(('-63000*C*V - 362250*V*U^2', '1'), ('0', '1'), ('0', '1'), ('0', '1'), ('0', '1'), ('0', '1'), ('0', '1'), ('0', '1'), ('0', '1'), ('0', '1'), ('0', '1'), ('0', '1'), ('0', '1'), ('0', '1'), ('0', '1'), ('0', '1'), ('0', '1'), ('0', '1'))
derivative-only	('g', 'F0', -5, 1)	p52	(('-54000*C*U - 27000*V^2 + 42000*U^3', '1'), ('0', '1'), ('0', '1'), ('0', '1'), ('0', '1'), ('0', '1'), ('0', '1'), ('0', '1'), ('0', '1'), ('0', '1'), ('0', '1'), ('0', '1'), ('0', '1'), ('0', '1'), ('0', '1'), ('0', '1'), ('0', '1'), ('0', '1'))
derivative-only	('g', 'F0', -5, 1)	p53	(('-495900*C^2*V - 3906000*C*V*U^2 - 2142000*V^3*U - 1134000*V*U^4', '1'), ('0', '1'), ('0', '1'), ('0', '1'), ('0', '1'), ('0', '1'), ('0', '1'), ('0', '1'), ('0', '1'), ('0', '1'), ('0', '1'), ('0', '1'), ('0', '1'), ('0', '1'), ('0', '1'), ('0', '1'), ('0', '1'), ('0', '1'))
derivative-only	('g', 'F0', -5, 1)	p54	(('562500*C^2*U - 495900*C*V^2 - 462000*C*U^3 - 2583000*V^2*U^2 - 302400*U^5', '1'), ('0', '1'), ('0', '1'), ('0', '1'), ('0', '1'), ('0', '1'), ('0', '1'), ('0', '1'), ('0', '1'), ('0', '1'), ('0', '1'), ('0', '1'), ('0', '1'), ('0', '1'), ('0', '1'), ('0', '1'), ('0', '1'), ('0', '1'))
derivative-only	('g', 'F0', -5, 1)	p55	(('1665000*C*V*U - 165300*V^3 - 882000*V*U^3', '1'), ('0', '1'), ('0', '1'), ('0', '1'), ('0', '1'), ('0', '1'), ('0', '1'), ('0', '1'), ('0', '1'), ('0', '1'), ('0', '1'), ('0', '1'), ('0', '1'), ('0', '1'), ('0', '1'), ('0', '1'), ('0', '1'), ('0', '1'))
derivative-only	('g', 'F0', -5, 1)	p56	(('-31500*C^2 - 821250*C*U^2 - 551250*V^2*U + 315000*U^4', '1'), ('0', '1'), ('0', '1'), ('0', '1'), ('0', '1'), ('0', '1'), ('0', '1'), ('0', '1'), ('0', '1'), ('0', '1'), ('0', '1'), ('0', '1'), ('0', '1'), ('0', '1'), ('0', '1'), ('0', '1'), ('0', '1'), ('0', '1'))
derivative-only	('g', 'F0', -5, 1)	p57	(('-63000*C*V - 281250*V*U^2', '1'), ('0', '1'), ('0', '1'), ('0', '1'), ('0', '1'), ('0', '1'), ('0', '1'), ('0', '1'), ('0', '1'), ('0', '1'), ('0', '1'), ('0', '1'), ('0', '1'), ('0', '1'), ('0', '1'), ('0', '1'), ('0', '1'), ('0', '1'))
derivative-only	('g', 'F0', -5, 1)	p58	(('-1530000*C^2*V*U + 4615200*C*V^3 + 29106000*C*V*U^3 + 2331000*V^3*U^2 - 4649400*V*U^5', '1'), ('0', '1'), ('0', '1'), ('0', '1'), ('0', '1'), ('0', '1'), ('0', '1'), ('0', '1'), ('0', '1'), ('0', '1'), ('0', '1'), ('0', '1'), ('0', '1'), ('0', '1'), ('0', '1'), ('0', '1'), ('0', '1'), ('0', '1'))
derivative-only	('g', 'F0', -5, 1)	p59	(('1391250*C^3 - 9937800*C^2*U^2 + 10260000*C*V^2*U + 13387500*C*U^4 + 1888800*V^4 + 12243000*V^2*U^3 - 913500*U^6', '1'), ('0', '1'), ('0', '1'), ('0', '1'), ('0', '1'), ('0', '1'), ('0', '1'), ('0', '1'), ('0', '1'), ('0', '1'), ('0', '1'), ('0', '1'), ('0', '1'), ('0', '1'), ('0', '1'), ('0', '1'), ('0', '1'), ('0', '1'))
derivative-only	('g', 'F0', -5, 1)	p60	(('-554400*C^2*V - 7056000*C*V*U^2 - 2352000*V^3*U + 2310000*V*U^4', '1'), ('0', '1'), ('0', '1'), ('0', '1'), ('0', '1'), ('0', '1'), ('0', '1'), ('0', '1'), ('0', '1'), ('0', '1'), ('0', '1'), ('0', '1'), ('0', '1'), ('0', '1'), ('0', '1'), ('0', '1'), ('0', '1'), ('0', '1'))
derivative-only	('g', 'F0', -5, 1)	p61	(('3307500*C^2*U - 34650*C*V^2 - 3342000*C*U^3 - 558000*V^2*U^2 + 1386000*U^5', '1'), ('0', '1'), ('0', '1'), ('0', '1'), ('0', '1'), ('0', '1'), ('0', '1'), ('0', '1'), ('0', '1'), ('0', '1'), ('0', '1'), ('0', '1'), ('0', '1'), ('0', '1'), ('0', '1'), ('0', '1'), ('0', '1'), ('0', '1'))
derivative-only	('g', 'F0', -5, 1)	p62	(('6615000*C*V*U + 334950*V^3 - 372000*V*U^3', '1'), ('0', '1'), ('0', '1'), ('0', '1'), ('0', '1'), ('0', '1'), ('0', '1'), ('0', '1'), ('0', '1'), ('0', '1'), ('0', '1'), ('0', '1'), ('0', '1'), ('0', '1'), ('0', '1'), ('0', '1'), ('0', '1'), ('0', '1'))
derivative-only	('g', 'F0', -5, 1)	p63	(('-14000*C^2 - 582750*C*U^2 - 582750*V^2*U - 247500*U^4', '1'), ('0', '1'), ('0', '1'), ('0', '1'), ('0', '1'), ('0', '1'), ('0', '1'), ('0', '1'), ('0', '1'), ('0', '1'), ('0', '1'), ('0', '1'), ('0', '1'), ('0', '1'), ('0', '1'), ('0', '1'), ('0', '1'), ('0', '1'))
derivative-only	('g', 'F0', -5, 1)	p64	(('5938950*C^4 - 49572000*C^3*U^2 + 43488000*C^2*V^2*U + 83916000*C^2*U^4 + 21132000*C*V^4 + 158256000*C*V^2*U^3 - 11088000*C*U^6 + 2142000*V^4*U^2 - 28274400*V^2*U^5 + 74250*U^8', '1'), ('0', '1'), ('0', '1'), ('0', '1'), ('0', '1'), ('0', '1'), ('0', '1'), ('0', '1'), ('0', '1'), ('0', '1'), ('0', '1'), ('0', '1'), ('0', '1'), ('0', '1'), ('0', '1'), ('0', '1'), ('0', '1'), ('0', '1'))
derivative-only	('g', 'F0', -5, 1)	p65	(('11995800*C^3*V - 57636000*C^2*V*U^2 + 77832000*C*V^3*U + 153972000*C*V*U^4 + 6074400*V^5 + 43512000*V^3*U^3 - 11088000*V*U^6', '1'), ('0', '1'), ('0', '1'), ('0', '1'), ('0', '1'), ('0', '1'), ('0', '1'), ('0', '1'), ('0', '1'), ('0', '1'), ('0', '1'), ('0', '1'), ('0', '1'), ('0', '1'), ('0', '1'), ('0', '1'), ('0', '1'), ('0', '1'))
derivative-only	('g', 'F0', -5, 1)	p66	(('26700000*C^3*U + 3472200*C^2*V^2 - 83280000*C^2*U^3 + 33444000*C*V^2*U^2 + 48535200*C*U^5 + 31668000*V^4*U + 70056000*V^2*U^4 - 1821600*U^7', '1'), ('0', '1'), ('0', '1'), ('0', '1'), ('0', '1'), ('0', '1'), ('0', '1'), ('0', '1'), ('0', '1'), ('0', '1'), ('0', '1'), ('0', '1'), ('0', '1'), ('0', '1'), ('0', '1'), ('0', '1'), ('0', '1'), ('0', '1'))
derivative-only	('g', 'F0', -5, 1)	p67	(('8820000*C^2*V*U + 31634400*C*V^3 + 138888000*C*V*U^3 + 60156000*V^3*U^2 + 8568000*V*U^5', '1'), ('0', '1'), ('0', '1'), ('0', '1'), ('0', '1'), ('0', '1'), ('0', '1'), ('0', '1'), ('0', '1'), ('0', '1'), ('0', '1'), ('0', '1'), ('0', '1'), ('0', '1'), ('0', '1'), ('0', '1'), ('0', '1'), ('0', '1'))
derivative-only	('g', 'F0', -5, 1)	p68	(('6776000*C^3 - 32394600*C^2*U^2 + 50337000*C*V^2*U + 36396000*C*U^4 + 12407850*V^4 + 87264000*V^2*U^3 + 3738000*U^6', '1'), ('0', '1'), ('0', '1'), ('0', '1'), ('0', '1'), ('0', '1'), ('0', '1'), ('0', '1'), ('0', '1'), ('0', '1'), ('0', '1'), ('0', '1'), ('0', '1'), ('0', '1'), ('0', '1'), ('0', '1'), ('0', '1'), ('0', '1'))
derivative-only	('g', 'F0', -5, 1)	p69	(('75600*C^2*V + 3591000*C*V*U^2 + 945000*V^3*U + 5940000*V*U^4', '1'), ('0', '1'), ('0', '1'), ('0', '1'), ('0', '1'), ('0', '1'), ('0', '1'), ('0', '1'), ('0', '1'), ('0', '1'), ('0', '1'), ('0', '1'), ('0', '1'), ('0', '1'), ('0', '1'), ('0', '1'), ('0', '1'), ('0', '1'))
derivative-only	('g', 'F0', -5, 1)	p70	(('7938000*C^2*U + 999600*C*V^2 - 1134000*C*U^3 + 8410500*V^2*U^2 - 2376000*U^5', '1'), ('0', '1'), ('0', '1'), ('0', '1'), ('0', '1'), ('0', '1'), ('0', '1'), ('0', '1'), ('0', '1'), ('0', '1'), ('0', '1'), ('0', '1'), ('0', '1'), ('0', '1'), ('0', '1'), ('0', '1'), ('0', '1'), ('0', '1'))
derivative-only	('g', 'F0', -5, 1)	p71	(('16212000*C*V*U + 837200*V^3 + 5859000*V*U^3', '1'), ('0', '1'), ('0', '1'), ('0', '1'), ('0', '1'), ('0', '1'), ('0', '1'), ('0', '1'), ('0', '1'), ('0', '1'), ('0', '1'), ('0', '1'), ('0', '1'), ('0', '1'), ('0', '1'), ('0', '1'), ('0', '1'), ('0', '1'))
derivative-only	('g', 'F0', -5, 1)	p72	(('32370600*C^4 - 157909500*C^3*U^2 + 325174500*C^2*V^2*U + 245997000*C^2*U^4 + 166036500*C*V^4 + 1147932000*C*V^2*U^3 + 47586000*C*U^6 + 231444000*V^4*U^2 + 34650000*V^2*U^5 - 2702700*U^8', '1'), ('0', '1'), ('0', '1'), ('0', '1'), ('0', '1'), ('0', '1'), ('0', '1'), ('0', '1'), ('0', '1'), ('0', '1'), ('0', '1'), ('0', '1'), ('0', '1'), ('0', '1'), ('0', '1'), ('0', '1'), ('0', '1'), ('0', '1'))
derivative-only	('g', 'F0', -5, 1)	p73	(('61106400*C^3*V - 178794000*C^2*V*U^2 + 437157000*C*V^3*U + 646434000*C*V*U^4 + 46928700*V^5 + 459864000*V^3*U^3 + 41580000*V*U^6', '1'), ('0', '1'), ('0', '1'), ('0', '1'), ('0', '1'), ('0', '1'), ('0', '1'), ('0', '1'), ('0', '1'), ('0', '1'), ('0', '1'), ('0', '1'), ('0', '1'), ('0', '1'), ('0', '1'), ('0', '1'), ('0', '1'), ('0', '1'))
derivative-only	('g', 'F0', -5, 1)	p74	(('128088000*C^3*U - 7082400*C^2*V^2 - 354564000*C^2*U^3 + 156681000*C*V^2*U^2 + 112892400*C*U^5 + 171139500*V^4*U + 400437000*V^2*U^4 + 11088000*U^7', '1'), ('0', '1'), ('0', '1'), ('0', '1'), ('0', '1'), ('0', '1'), ('0', '1'), ('0', '1'), ('0', '1'), ('0', '1'), ('0', '1'), ('0', '1'), ('0', '1'), ('0', '1'), ('0', '1'), ('0', '1'), ('0', '1'), ('0', '1'))
derivative-only	('g', 'F0', -5, 1)	p75	(('14952000*C^2*V*U + 98145600*C*V^3 + 595917000*C*V*U^3 + 261481500*V^3*U^2 - 15876000*V*U^5', '1'), ('0', '1'), ('0', '1'), ('0', '1'), ('0', '1'), ('0', '1'), ('0', '1'), ('0', '1'), ('0', '1'), ('0', '1'), ('0', '1'), ('0', '1'), ('0', '1'), ('0', '1'), ('0', '1'), ('0', '1'), ('0', '1'), ('0', '1'))
derivative-only	('g', 'F0', -5, 1)	p76	(('21254400*C^3 - 107559900*C^2*U^2 + 146590500*C*V^2*U + 151247250*C*U^4 + 35813400*V^4 + 356926500*V^2*U^3 - 15516000*U^6', '1'), ('0', '1'), ('0', '1'), ('0', '1'), ('0', '1'), ('0', '1'), ('0', '1'), ('0', '1'), ('0', '1'), ('0', '1'), ('0', '1'), ('0', '1'), ('0', '1'), ('0', '1'), ('0', '1'), ('0', '1'), ('0', '1'), ('0', '1'))
derivative-only	('g', 'F0', -5, 1)	p77	(('-515700*C^2*V + 22029000*C*V*U^2 + 15214500*V^3*U + 65724750*V*U^4', '1'), ('0', '1'), ('0', '1'), ('0', '1'), ('0', '1'), ('0', '1'), ('0', '1'), ('0', '1'), ('0', '1'), ('0', '1'), ('0', '1'), ('0', '1'), ('0', '1'), ('0', '1'), ('0', '1'), ('0', '1'), ('0', '1'), ('0', '1'))
derivative-only	('g', 'F0', -5, 1)	p78	(('16116300*C^2*U + 1449900*C*V^2 + 11210500*C*U^3 + 29715000*V^2*U^2 + 1351350*U^5', '1'), ('0', '1'), ('0', '1'), ('0', '1'), ('0', '1'), ('0', '1'), ('0', '1'), ('0', '1'), ('0', '1'), ('0', '1'), ('0', '1'), ('0', '1'), ('0', '1'), ('0', '1'), ('0', '1'), ('0', '1'), ('0', '1'), ('0', '1'))
derivative-only	('g', 'F0', -5, 1)	p79	(('-439587000*C^4*U - 278521500*C^3*V^2 + 1951074000*C^3*U^3 + 466546500*C^2*V^2*U^2 - 2103116400*C^2*U^5 - 961713000*C*V^4*U - 2860704000*C*V^2*U^4 + 368359200*C*U^7 - 1386900*V^6 + 787248000*V^4*U^3 + 897666000*V^2*U^6 - 5770050*U^9', '1'), ('0', '1'), ('0', '1'), ('0', '1'), ('0', '1'), ('0', '1'), ('0', '1'), ('0', '1'), ('0', '1'), ('0', '1'), ('0', '1'), ('0', '1'), ('0', '1'), ('0', '1'), ('0', '1'), ('0', '1'), ('0', '1'), ('0', '1'))
derivative-only	('g', 'F0', -5, 1)	p80	(('-912012000*C^3*V*U - 271668500*C^2*V^3 + 3406725000*C^2*V*U^3 - 1486350000*C*V^3*U^2 - 3341368800*C*V*U^5 - 285957000*V^5*U - 322938000*V^3*U^4 + 356347200*V*U^7', '1'), ('0', '1'), ('0', '1'), ('0', '1'), ('0', '1'), ('0', '1'), ('0', '1'), ('0', '1'), ('0', '1'), ('0', '1'), ('0', '1'), ('0', '1'), ('0', '1'), ('0', '1'), ('0', '1'), ('0', '1'), ('0', '1'), ('0', '1'))
derivative-only	('g', 'F0', -5, 1)	p81	(('111792600*C^4 - 581458500*C^3*U^2 + 1047637500*C^2*V^2*U + 1329898500*C^2*U^4 + 549276000*C*V^4 + 5783589000*C*V^2*U^3 - 239778000*C*U^6 + 1232248500*V^4*U^2 + 91476000*V^2*U^5 + 31531500*U^8', '1'), ('0', '1'), ('0', '1'), ('0', '1'), ('0', '1'), ('0', '1'), ('0', '1'), ('0', '1'), ('0', '1'), ('0', '1'), ('0', '1'), ('0', '1'), ('0', '1'), ('0', '1'), ('0', '1'), ('0', '1'), ('0', '1'), ('0', '1'))
derivative-only	('g', 'F0', -5, 1)	p82	(('182570400*C^3*V - 882199500*C^2*V*U^2 + 1483419000*C*V^3*U + 3296160000*C*V*U^4 + 146748000*V^5 + 2266110000*V^3*U^3 - 131670000*V*U^6', '1'), ('0', '1'), ('0', '1'), ('0', '1'), ('0', '1'), ('0', '1'), ('0', '1'), ('0', '1'), ('0', '1'), ('0', '1'), ('0', '1'), ('0', '1'), ('0', '1'), ('0', '1'), ('0', '1'), ('0', '1'), ('0', '1'), ('0', '1'))
derivative-only	('g', 'F0', -5, 1)	p83	(('438703200*C^3*U - 109285200*C^2*V^2 - 1210405000*C^2*U^3 + 226495500*C*V^2*U^2 + 612832500*C*U^5 + 592105500*V^4*U + 2013558750*V^2*U^4 - 57420000*U^7', '1'), ('0', '1'), ('0', '1'), ('0', '1'), ('0', '1'), ('0', '1'), ('0', '1'), ('0', '1'), ('0', '1'), ('0', '1'), ('0', '1'), ('0', '1'), ('0', '1'), ('0', '1'), ('0', '1'), ('0', '1'), ('0', '1'), ('0', '1'))
derivative-only	('g', 'F0', -5, 1)	p84	(('-468946800*C^2*V*U + 209601000*C*V^3 + 1479555000*C*V*U^3 + 806956500*V^3*U^2 + 267025500*V*U^5', '1'), ('0', '1'), ('0', '1'), ('0', '1'), ('0', '1'), ('0', '1'), ('0', '1'), ('0', '1'), ('0', '1'), ('0', '1'), ('0', '1'), ('0', '1'), ('0', '1'), ('0', '1'), ('0', '1'), ('0', '1'), ('0', '1'), ('0', '1'))
derivative-only	('g', 'F0', -5, 1)	p85	(('54117000*C^3 - 317557800*C^2*U^2 - 152145000*C*V^2*U + 471943500*C*U^4 + 62496000*V^4 + 780741500*V^2*U^3 + 9150750*U^6', '1'), ('0', '1'), ('0', '1'), ('0', '1'), ('0', '1'), ('0', '1'), ('0', '1'), ('0', '1'), ('0', '1'), ('0', '1'), ('0', '1'), ('0', '1'), ('0', '1'), ('0', '1'), ('0', '1'), ('0', '1'), ('0', '1'), ('0', '1'))
derivative-only	('g', 'F0', -5, 1)	p86	(('-2116800*C^2*V - 422755200*C*V*U^2 + 1789200*V^3*U - 18399500*V*U^4', '1'), ('0', '1'), ('0', '1'), ('0', '1'), ('0', '1'), ('0', '1'), ('0', '1'), ('0', '1'), ('0', '1'), ('0', '1'), ('0', '1'), ('0', '1'), ('0', '1'), ('0', '1'), ('0', '1'), ('0', '1'), ('0', '1'), ('0', '1'))
derivative-only	('g', 'F0', -5, 1)	p87	(('151053200*C^5 - 5019502500*C^4*U^2 - 4778482500*C^3*V^2*U + 13143611250*C^3*U^4 - 1746292500*C^2*V^4 + 17554792500*C^2*V^2*U^3 - 8507730000*C^2*U^6 - 9253203750*C*V^4*U^2 - 20830194000*C*V^2*U^5 + 894786750*C*U^8 - 839396250*V^6*U + 494917500*V^4*U^4 + 2642211000*V^2*U^7 - 9609600*U^10', '1'), ('0', '1'), ('0', '1'), ('0', '1'), ('0', '1'), ('0', '1'), ('0', '1'), ('0', '1'), ('0', '1'), ('0', '1'), ('0', '1'), ('0', '1'), ('0', '1'), ('0', '1'), ('0', '1'), ('0', '1'), ('0', '1'), ('0', '1'))
derivative-only	('g', 'F0', -5, 1)	p88	(('410796000*C^4*V - 11693700000*C^3*V*U^2 + 44932500*C^2*V^3*U + 29338706250*C^2*V*U^4 - 977397000*C*V^5 + 560700000*C*V^3*U^3 - 14553000000*C*V*U^6 - 3015873000*V^5*U^2 - 4751208000*V^3*U^5 + 872264250*V*U^8', '1'), ('0', '1'), ('0', '1'), ('0', '1'), ('0', '1'), ('0', '1'), ('0', '1'), ('0', '1'), ('0', '1'), ('0', '1'), ('0', '1'), ('0', '1'), ('0', '1'), ('0', '1'), ('0', '1'), ('0', '1'), ('0', '1'), ('0', '1'))
derivative-only	('g', 'F0', -5, 1)	p89	(('-2994651000*C^4*U - 2154019500*C^3*V^2 + 12108682500*C^3*U^3 - 1287562500*C^2*V^2*U^2 - 9032735250*C^2*U^5 - 7753867500*C*V^4*U - 8651002500*C*V^2*U^4 + 165726000*C*U^7 - 250321000*V^6 + 5463517500*V^4*U^3 + 2931390000*V^2*U^6 + 65243750*U^9', '1'), ('0', '1'), ('0', '1'), ('0', '1'), ('0', '1'), ('0', '1'), ('0', '1'), ('0', '1'), ('0', '1'), ('0', '1'), ('0', '1'), ('0', '1'), ('0', '1'), ('0', '1'), ('0', '1'), ('0', '1'), ('0', '1'), ('0', '1'))
derivative-only	('g', 'F0', -5, 1)	p90	(('-9601227000*C^3*V*U - 1965681000*C^2*V^3 + 18224325000*C^2*V*U^3 - 11766465000*C*V^3*U^2 - 13262035500*C*V*U^5 - 2232940500*V^5*U + 531562500*V^3*U^4 + 435996000*V*U^7', '1'), ('0', '1'), ('0', '1'), ('0', '1'), ('0', '1'), ('0', '1'), ('0', '1'), ('0', '1'), ('0', '1'), ('0', '1'), ('0', '1'), ('0', '1'), ('0', '1'), ('0', '1'), ('0', '1'), ('0', '1'), ('0', '1'), ('0', '1'))
derivative-only	('g', 'F0', -5, 1)	p91	(('311757750*C^4 - 1967206500*C^3*U^2 - 4688428500*C^2*V^2*U + 5009602500*C^2*U^4 + 1053297000*C*V^4 + 15513225000*C*V^2*U^3 + 358627500*C*U^6 + 4540410000*V^4*U^2 + 4257697500*V^2*U^5 - 168918750*U^8', '1'), ('0', '1'), ('0', '1'), ('0', '1'), ('0', '1'), ('0', '1'), ('0', '1'), ('0', '1'), ('0', '1'), ('0', '1'), ('0', '1'), ('0', '1'), ('0', '1'), ('0', '1'), ('0', '1'), ('0', '1'), ('0', '1'), ('0', '1'))
derivative-only	('g', 'F0', -5, 1)	p92	(('470871000*C^3*V - 10383565500*C^2*V*U^2 - 327537000*C*V^3*U + 7703220000*C*V*U^4 + 201404700*V^5 + 5973082500*V^3*U^3 + 1154081250*V*U^6', '1'), ('0', '1'), ('0', '1'), ('0', '1'), ('0', '1'), ('0', '1'), ('0', '1'), ('0', '1'), ('0', '1'), ('0', '1'), ('0', '1'), ('0', '1'), ('0', '1'), ('0', '1'), ('0', '1'), ('0', '1'), ('0', '1'), ('0', '1'))
derivative-only	('g', 'F0', -5, 1)	p93	(('789525000*C^3*U - 457366500*C^2*V^2 - 4153338000*C^2*U^3 - 8310424500*C*V^2*U^2 + 2097679500*C*U^5 + 1058620500*V^4*U + 3243030000*V^2*U^4 + 85016250*U^7', '1'), ('0', '1'), ('0', '1'), ('0', '1'), ('0', '1'), ('0', '1'), ('0', '1'), ('0', '1'), ('0', '1'), ('0', '1'), ('0', '1'), ('0', '1'), ('0', '1'), ('0', '1'), ('0', '1'), ('0', '1'), ('0', '1'), ('0', '1'))
derivative-only	('g', 'F0', -5, 1)	p94	(('-1444905000*C^2*V*U + 421533000*C*V^3 - 561519000*C*V*U^3 + 686826000*V^3*U^2 - 613725000*V*U^5', '1'), ('0', '1'), ('0', '1'), ('0', '1'), ('0', '1'), ('0', '1'), ('0', '1'), ('0', '1'), ('0', '1'), ('0', '1'), ('0', '1'), ('0', '1'), ('0', '1'), ('0', '1'), ('0', '1'), ('0', '1'), ('0', '1'), ('0', '1'))
derivative-only	('g', 'F0', -5, 1)	p95	(('120793750*C^3 - 1212813000*C^2*U^2 - 347665500*C*V^2*U + 713002500*C*U^4 + 138300750*V^4 + 874975500*V^2*U^3 - 21560000*U^6', '1'), ('0', '1'), ('0', '1'), ('0', '1'), ('0', '1'), ('0', '1'), ('0', '1'), ('0', '1'), ('0', '1'), ('0', '1'), ('0', '1'), ('0', '1'), ('0', '1'), ('0', '1'), ('0', '1'), ('0', '1'), ('0', '1'), ('0', '1'))
derivative-only	('g', 'F0', -5, 1)	p96	(('1367396000*C^5 - 39323070000*C^4*U^2 - 90754911000*C^3*V^2*U + 94075380000*C^3*U^4 - 14449893750*C^2*V^4 + 70871220000*C^2*V^2*U^3 - 37343460000*C^2*U^6 - 76676460000*C*V^4*U^2 - 70773444000*C*V^2*U^5 - 380308500*C*U^8 - 7639758000*V^6*U + 16360050000*V^4*U^4 + 5938218000*V^2*U^7 + 135885750*U^10', '1'), ('0', '1'), ('0', '1'), ('0', '1'), ('0', '1'), ('0', '1'), ('0', '1'), ('0', '1'), ('0', '1'), ('0', '1'), ('0', '1'), ('0', '1'), ('0', '1'), ('0', '1'), ('0', '1'), ('0', '1'), ('0', '1'), ('0', '1'))
derivative-only	('g', 'F0', -5, 1)	p97	(('4141980000*C^4*V - 144701703000*C^3*V*U^2 - 57477573000*C^2*V^3*U + 174814920000*C^2*V*U^4 - 8565590700*C*V^5 - 38611720000*C*V^3*U^3 - 57335040000*C*V*U^6 - 23038260000*V^5*U^2 - 8968176000*V^3*U^5 + 237451500*V*U^8', '1'), ('0', '1'), ('0', '1'), ('0', '1'), ('0', '1'), ('0', '1'), ('0', '1'), ('0', '1'), ('0', '1'), ('0', '1'), ('0', '1'), ('0', '1'), ('0', '1'), ('0', '1'), ('0', '1'), ('0', '1'), ('0', '1'), ('0', '1'))
derivative-only	('g', 'F0', -5, 1)	p98	(('-15971175000*C^4*U - 9024871500*C^3*V^2 + 42260076000*C^3*U^3 - 135674028000*C^2*V^2*U^2 - 30067002000*C^2*U^5 - 63141282000*C*V^4*U - 81144420000*C*V^2*U^4 + 5916240000*C*U^7 - 2324122200*V^6 + 14467740000*V^4*U^3 + 29758428000*V^2*U^6 - 498176250*U^9', '1'), ('0', '1'), ('0', '1'), ('0', '1'), ('0', '1'), ('0', '1'), ('0', '1'), ('0', '1'), ('0', '1'), ('0', '1'), ('0', '1'), ('0', '1'), ('0', '1'), ('0', '1'), ('0', '1'), ('0', '1'), ('0', '1'), ('0', '1'))
derivative-only	('g', 'F0', -5, 1)	p99	(('-39316860000*C^3*V*U - 7407598500*C^2*V^3 + 6962760000*C^2*V*U^3 - 130618008000*C*V^3*U^2 - 72899400000*C*V*U^5 - 14009436000*V^5*U - 22306830000*V^3*U^4 + 8461692000*V*U^7', '1'), ('0', '1'), ('0', '1'), ('0', '1'), ('0', '1'), ('0', '1'), ('0', '1'), ('0', '1'), ('0', '1'), ('0', '1'), ('0', '1'), ('0', '1'), ('0', '1'), ('0', '1'), ('0', '1'), ('0', '1'), ('0', '1'), ('0', '1'))
derivative-only	('g', 'F0', -5, 1)	p100	(('758653500*C^4 - 12394620000*C^3*U^2 - 14336028000*C^2*V^2*U + 6596478000*C^2*U^4 + 2256660000*C*V^4 - 34552224000*C*V^2*U^3 + 2104130000*C*U^6 + 604422000*V^4*U^2 - 6979350000*V^2*U^5 + 472972500*U^8', '1'), ('0', '1'), ('0', '1'), ('0', '1'), ('0', '1'), ('0', '1'), ('0', '1'), ('0', '1'), ('0', '1'), ('0', '1'), ('0', '1'), ('0', '1'), ('0', '1'), ('0', '1'), ('0', '1'), ('0', '1'), ('0', '1'), ('0', '1'))
derivative-only	('g', 'F0', -5, 1)	p101	(('1173862800*C^3*V - 18032868000*C^2*V*U^2 - 955584000*C*V^3*U - 4390092000*C*V*U^4 + 501228000*V^5 - 194040000*V^3*U^3 - 4173750000*V*U^6', '1'), ('0', '1'), ('0', '1'), ('0', '1'), ('0', '1'), ('0', '1'), ('0', '1'), ('0', '1'), ('0', '1'), ('0', '1'), ('0', '1'), ('0', '1'), ('0', '1'), ('0', '1'), ('0', '1'), ('0', '1'), ('0', '1'), ('0', '1'))
derivative-only	('g', 'F0', -5, 1)	p102	(('2206710000*C^3*U - 1172351400*C^2*V^2 - 14134176000*C^2*U^3 - 5958036000*C*V^2*U^2 + 2477714400*C*U^5 + 2444904000*V^4*U + 2003022000*V^2*U^4 - 135300000*U^7', '1'), ('0', '1'), ('0', '1'), ('0', '1'), ('0', '1'), ('0', '1'), ('0', '1'), ('0', '1'), ('0', '1'), ('0', '1'), ('0', '1'), ('0', '1'), ('0', '1'), ('0', '1'), ('0', '1'), ('0', '1'), ('0', '1'), ('0', '1'))
derivative-only	('g', 'F0', -5, 1)	p103	(('-2685421200*C^2*V*U + 850110800*C*V^3 + 12105072000*C*V*U^3 + 1470420000*V^3*U^2 - 737402400*V*U^5', '1'), ('0', '1'), ('0', '1'), ('0', '1'), ('0', '1'), ('0', '1'), ('0', '1'), ('0', '1'), ('0', '1'), ('0', '1'), ('0', '1'), ('0', '1'), ('0', '1'), ('0', '1'), ('0', '1'), ('0', '1'), ('0', '1'), ('0', '1'))
derivative-only	('g', 'F0', -5, 1)	p104	(('6911646500*C^5 - 239464620000*C^4*U^2 - 336120948000*C^3*V^2*U + 342650322000*C^3*U^4 - 54746064000*C^2*V^4 - 861528528000*C^2*V^2*U^3 - 141253560000*C^2*U^6 - 904753962000*C*V^4*U^2 - 680634486000*C*V^2*U^5 + 19406351250*C*U^8 - 59515974000*V^6*U - 54574345000*V^4*U^4 + 103276485000*V^2*U^7 - 1258257000*U^10', '1'), ('0', '1'), ('0', '1'), ('0', '1'), ('0', '1'), ('0', '1'), ('0', '1'), ('0', '1'), ('0', '1'), ('0', '1'), ('0', '1'), ('0', '1'), ('0', '1'), ('0', '1'), ('0', '1'), ('0', '1'), ('0', '1'), ('0', '1'))
derivative-only	('g', 'F0', -5, 1)	p105	(('22320807300*C^4*V - 527325588000*C^3*V*U^2 - 133729812000*C^2*V^3*U + 353446632000*C^2*V*U^4 - 28191672000*C*V^5 - 951498072000*C*V^3*U^3 - 370386072000*C*V*U^6 - 189364996800*V^5*U^2 - 236748330000*V^3*U^5 + 26618465250*V*U^8', '1'), ('0', '1'), ('0', '1'), ('0', '1'), ('0', '1'), ('0', '1'), ('0', '1'), ('0', '1'), ('0', '1'), ('0', '1'), ('0', '1'), ('0', '1'), ('0', '1'), ('0', '1'), ('0', '1'), ('0', '1'), ('0', '1'), ('0', '1'))
derivative-only	('g', 'F0', -5, 1)	p106	(('-46695082500*C^4*U - 26348213100*C^3*V^2 + 71921844000*C^3*U^3 - 167210568000*C^2*V^2*U^2 - 144056707200*C^2*U^5 - 189683910000*C*V^4*U - 729589518000*C*V^2*U^4 + 17617902000*C*U^7 - 6983631000*V^6 - 102950946000*V^4*U^3 - 24477194000*V^2*U^6 + 1733696250*U^9', '1'), ('0', '1'), ('0', '1'), ('0', '1'), ('0', '1'), ('0', '1'), ('0', '1'), ('0', '1'), ('0', '1'), ('0', '1'), ('0', '1'), ('0', '1'), ('0', '1'), ('0', '1'), ('0', '1'), ('0', '1'), ('0', '1'), ('0', '1'))
derivative-only	('g', 'F0', -5, 1)	p107	(('-105101660400*C^3*V*U - 19570226500*C^2*V^3 + 245538216000*C^2*V*U^3 - 243531360000*C*V^3*U^2 - 339046646400*C*V*U^5 - 43459416000*V^5*U - 186346314000*V^3*U^4 - 9063088000*V*U^7', '1'), ('0', '1'), ('0', '1'), ('0', '1'), ('0', '1'), ('0', '1'), ('0', '1'), ('0', '1'), ('0', '1'), ('0', '1'), ('0', '1'), ('0', '1'), ('0', '1'), ('0', '1'), ('0', '1'), ('0', '1'), ('0', '1'), ('0', '1'))
derivative-only	('g', 'F0', -5, 1)	p108	(('-2490516600*C^4 + 15502687200*C^3*U^2 - 15986909400*C^2*V^2*U - 30217698000*C^2*U^4 + 302748600*C*V^4 + 121770432000*C*V^2*U^3 - 8070174000*C*U^6 + 3034584000*V^4*U^2 - 42250874400*V^2*U^5 - 714714000*U^8', '1'), ('0', '1'), ('0', '1'), ('0', '1'), ('0', '1'), ('0', '1'), ('0', '1'), ('0', '1'), ('0', '1'), ('0', '1'), ('0', '1'), ('0', '1'), ('0', '1'), ('0', '1'), ('0', '1'), ('0', '1'), ('0', '1'), ('0', '1'))
derivative-only	('g', 'F0', -5, 1)	p109	(('-1661866800*C^3*V + 2923998000*C^2*V*U^2 + 9891882000*C*V^3*U + 81142236000*C*V*U^4 - 3611531000*V^5 - 28926324000*V^3*U^3 - 4098906000*V*U^6', '1'), ('0', '1'), ('0', '1'), ('0', '1'), ('0', '1'), ('0', '1'), ('0', '1'), ('0', '1'), ('0', '1'), ('0', '1'), ('0', '1'), ('0', '1'), ('0', '1'), ('0', '1'), ('0', '1'), ('0', '1'), ('0', '1'), ('0', '1'))
derivative-only	('g', 'F0', -5, 1)	p110	(('1093026000*C^3*U - 2781464400*C^2*V^2 + 10852349200*C^2*U^3 - 3304870800*C*V^2*U^2 - 18949593600*C*U^5 + 500330600*V^4*U - 25565274000*V^2*U^4 + 444866400*U^7', '1'), ('0', '1'), ('0', '1'), ('0', '1'), ('0', '1'), ('0', '1'), ('0', '1'), ('0', '1'), ('0', '1'), ('0', '1'), ('0', '1'), ('0', '1'), ('0', '1'), ('0', '1'), ('0', '1'), ('0', '1'), ('0', '1'), ('0', '1'))
derivative-only	('g', 'F0', -5, 1)	p111	(('-11659370800*C^5 - 373063511700*C^4*U^2 - 739450582200*C^3*V^2*U + 613895940000*C^3*U^4 - 191010070350*C^2*V^4 + 1495948608000*C^2*V^2*U^3 - 754161063600*C^2*U^6 - 1992914280000*C*V^4*U^2 - 4545246535200*C*V^2*U^5 + 43133688000*C*U^8 - 194191074000*V^6*U - 1291589817000*V^4*U^4 - 212661738000*V^2*U^7 + 5681826150*U^10', '1'), ('0', '1'), ('0', '1'), ('0', '1'), ('0', '1'), ('0', '1'), ('0', '1'), ('0', '1'), ('0', '1'), ('0', '1'), ('0', '1'), ('0', '1'), ('0', '1'), ('0', '1'), ('0', '1'), ('0', '1'), ('0', '1'), ('0', '1'))
derivative-only	('g', 'F0', -5, 1)	p112	(('8396942400*C^4*V - 866378601000*C^3*V*U^2 + 34244753400*C^2*V^3*U + 2924307036000*C^2*V*U^4 - 158721839100*C*V^5 - 965219472000*C*V^3*U^3 - 1652888160000*C*V*U^6 - 588762972000*V^5*U^2 - 1354616272800*V^3*U^5 - 52917876000*V*U^8', '1'), ('0', '1'), ('0', '1'), ('0', '1'), ('0', '1'), ('0', '1'), ('0', '1'), ('0', '1'), ('0', '1'), ('0', '1'), ('0', '1'), ('0', '1'), ('0', '1'), ('0', '1'), ('0', '1'), ('0', '1'), ('0', '1'), ('0', '1'))
derivative-only	('g', 'F0', -5, 1)	p113	(('-195209487000*C^4*U - 107140641300*C^3*V^2 + 980327343600*C^3*U^3 + 189626005800*C^2*V^2*U^2 - 907262370000*C^2*U^5 - 467959417200*C*V^4*U - 509376924000*C*V^2*U^4 - 2891311200*C*U^7 - 60773295000*V^6 - 501713352000*V^4*U^3 - 124055064000*V^2*U^6 - 3949838750*U^9', '1'), ('0', '1'), ('0', '1'), ('0', '1'), ('0', '1'), ('0', '1'), ('0', '1'), ('0', '1'), ('0', '1'), ('0', '1'), ('0', '1'), ('0', '1'), ('0', '1'), ('0', '1'), ('0', '1'), ('0', '1'), ('0', '1'), ('0', '1'))
derivative-only	('g', 'F0', -5, 1)	p114	(('-246502872000*C^3*V*U - 75930396300*C^2*V^3 + 976646840400*C^2*V*U^3 - 482696636400*C*V^3*U^2 - 586659024000*C*V*U^5 - 200037499200*V^5*U - 1003820202000*V^3*U^4 + 20936296800*V*U^7', '1'), ('0', '1'), ('0', '1'), ('0', '1'), ('0', '1'), ('0', '1'), ('0', '1'), ('0', '1'), ('0', '1'), ('0', '1'), ('0', '1'), ('0', '1'), ('0', '1'), ('0', '1'), ('0', '1'), ('0', '1'), ('0', '1'), ('0', '1'))
derivative-only	('g', 'F0', -5, 1)	p115	(('-4882456800*C^4 - 6111205650*C^3*U^2 + 57033726750*C^2*V^2*U + 313585341300*C^2*U^4 - 27664362000*C*V^4 - 63209361600*C*V^2*U^3 - 238318794000*C*U^6 - 85565541600*V^4*U^2 - 342825210000*V^2*U^5 + 5004568800*U^8', '1'), ('0', '1'), ('0', '1'), ('0', '1'), ('0', '1'), ('0', '1'), ('0', '1'), ('0', '1'), ('0', '1'), ('0', '1'), ('0', '1'), ('0', '1'), ('0', '1'), ('0', '1'), ('0', '1'), ('0', '1'), ('0', '1'), ('0', '1'))
derivative-only	('g', 'F0', -5, 1)	p116	(('-3335892300*C^3*V + 90893835450*C^2*V*U^2 - 9011247300*C*V^3*U - 249514650000*C*V*U^4 - 7060006800*V^5 - 107269562400*V^3*U^3 + 17361918000*V*U^6', '1'), ('0', '1'), ('0', '1'), ('0', '1'), ('0', '1'), ('0', '1'), ('0', '1'), ('0', '1'), ('0', '1'), ('0', '1'), ('0', '1'), ('0', '1'), ('0', '1'), ('0', '1'), ('0', '1'), ('0', '1'), ('0', '1'), ('0', '1'))
derivative-only	('g', 'F0', -5, 1)	p117	(('405275000*C^5 - 1989971844300*C^4*U^2 - 875448634500*C^3*V^2*U + 9381600043200*C^3*U^4 - 1001213819100*C^2*V^4 + 5043760029000*C^2*V^2*U^3 - 6621170808000*C^2*U^6 - 5389662940200*C*V^4*U^2 - 7805889579600*C*V^2*U^5 + 14643899550*C*U^8 - 1352138495400*V^6*U - 8399129487000*V^4*U^4 - 484026467400*V^2*U^7 - 16596079500*U^10', '1'), ('0', '1'), ('0', '1'), ('0', '1'), ('0', '1'), ('0', '1'), ('0', '1'), ('0', '1'), ('0', '1'), ('0', '1'), ('0', '1'), ('0', '1'), ('0', '1'), ('0', '1'), ('0', '1'), ('0', '1'), ('0', '1'), ('0', '1'))
derivative-only	('g', 'F0', -5, 1)	p118	(('97941887550*C^4*V - 1928176945200*C^3*V*U^2 + 634244955300*C^2*V^3*U + 7511712862500*C^2*V*U^4 - 621558927000*C*V^5 - 5603944038000*C*V^3*U^3 - 4906347768000*C*V*U^6 - 2916340673400*V^5*U^2 - 8531683675200*V^3*U^5 + 127825037550*V*U^8', '1'), ('0', '1'), ('0', '1'), ('0', '1'), ('0', '1'), ('0', '1'), ('0', '1'), ('0', '1'), ('0', '1'), ('0', '1'), ('0', '1'), ('0', '1'), ('0', '1'), ('0', '1'), ('0', '1'), ('0', '1'), ('0', '1'), ('0', '1'))
derivative-only	('g', 'F0', -5, 1)	p119	(('-493055169750*C^4*U - 130178651850*C^3*V^2 + 1547096364000*C^3*U^3 + 2175385127850*C^2*V^2*U^2 + 1080254844900*C^2*U^5 - 1655250502950*C*V^4*U - 7571204001900*C*V^2*U^4 - 1423945029600*C*U^7 - 131427865800*V^6 - 2314976756400*V^4*U^3 - 1550066868000*V^2*U^6 + 32537493450*U^9', '1'), ('0', '1'), ('0', '1'), ('0', '1'), ('0', '1'), ('0', '1'), ('0', '1'), ('0', '1'), ('0', '1'), ('0', '1'), ('0', '1'), ('0', '1'), ('0', '1'), ('0', '1'), ('0', '1'), ('0', '1'), ('0', '1'), ('0', '1'))
derivative-only	('g', 'F0', -5, 1)	p120	(('-639557919000*C^3*V*U - 44480568600*C^2*V^3 + 2714519451600*C^2*V*U^3 - 1248842172600*C*V^3*U^2 - 4634584831800*C*V*U^5 - 468294576750*V^5*U - 1720166956200*V^3*U^4 + 279783374400*V*U^7', '1'), ('0', '1'), ('0', '1'), ('0', '1'), ('0', '1'), ('0', '1'), ('0', '1'), ('0', '1'), ('0', '1'), ('0', '1'), ('0', '1'), ('0', '1'), ('0', '1'), ('0', '1'), ('0', '1'), ('0', '1'), ('0', '1'), ('0', '1'))
derivative-only	('g', 'F0', -5, 1)	p121	(('-8985334800*C^4 - 75199778550*C^3*U^2 + 216097713000*C^2*V^2*U + 274944923550*C^2*U^4 - 50837231250*C*V^4 + 96304804200*C*V^2*U^3 + 208640655300*C*U^6 - 186706812600*V^4*U^2 + 231034419000*V^2*U^5 - 6185497500*U^8', '1'), ('0', '1'), ('0', '1'), ('0', '1'), ('0', '1'), ('0', '1'), ('0', '1'), ('0', '1'), ('0', '1'), ('0', '1'), ('0', '1'), ('0', '1'), ('0', '1'), ('0', '1'), ('0', '1'), ('0', '1'), ('0', '1'), ('0', '1'))
derivative-only	('g', 'F0', -5, 1)	p122	(('56089342400*C^5 - 6283322838000*C^4*U^2 - 879707205000*C^3*V^2*U + 13207533471000*C^3*U^4 - 946128602250*C^2*V^4 + 29584800036000*C^2*V^2*U^3 + 10797518193000*C^2*U^6 - 17302984355250*C*V^4*U^2 - 69003458092800*C*V^2*U^5 - 7316837932500*C*U^8 - 3328386311250*V^6*U - 20644956948000*V^4*U^4 - 5211872478000*V^2*U^7 + 168202176450*U^10', '1'), ('0', '1'), ('0', '1'), ('0', '1'), ('0', '1'), ('0', '1'), ('0', '1'), ('0', '1'), ('0', '1'), ('0', '1'), ('0', '1'), ('0', '1'), ('0', '1'), ('0', '1'), ('0', '1'), ('0', '1'), ('0', '1'), ('0', '1'))
derivative-only	('g', 'F0', -5, 1)	p123	(('495803529000*C^4*V - 10694857680000*C^3*V*U^2 + 4420866645000*C^2*V^3*U + 27861170733000*C^2*V*U^4 - 988243015500*C*V^5 - 5983122420000*C*V^3*U^3 - 24865663284000*C*V*U^6 - 7149828782250*V^5*U^2 - 3843091929600*V^3*U^5 + 1623890227500*V*U^8', '1'), ('0', '1'), ('0', '1'), ('0', '1'), ('0', '1'), ('0', '1'), ('0', '1'), ('0', '1'), ('0', '1'), ('0', '1'), ('0', '1'), ('0', '1'), ('0', '1'), ('0', '1'), ('0', '1'), ('0', '1'), ('0', '1'), ('0', '1'))
derivative-only	('g', 'F0', -5, 1)	p124	(('-1041206400000*C^4*U - 150213511500*C^3*V^2 + 2663206065000*C^3*U^3 + 2059733988000*C^2*V^2*U^2 - 1425751074000*C^2*U^5 - 3109604355000*C*V^4*U - 4035625159500*C*V^2*U^4 + 3925085076000*C*U^7 - 5579730000*V^6 - 877135990500*V^4*U^3 + 5337308130000*V^2*U^6 - 94678593750*U^9', '1'), ('0', '1'), ('0', '1'), ('0', '1'), ('0', '1'), ('0', '1'), ('0', '1'), ('0', '1'), ('0', '1'), ('0', '1'), ('0', '1'), ('0', '1'), ('0', '1'), ('0', '1'), ('0', '1'), ('0', '1'), ('0', '1'), ('0', '1'))
derivative-only	('g', 'F0', -5, 1)	p125	(('-1269066630000*C^3*V*U - 72442129500*C^2*V^3 + 2490051213000*C^2*V*U^3 - 2285144784000*C*V^3*U^2 - 142862346000*C*V*U^5 - 713410776000*V^5*U + 435345025500*V^3*U^4 - 90593052000*V*U^7', '1'), ('0', '1'), ('0', '1'), ('0', '1'), ('0', '1'), ('0', '1'), ('0', '1'), ('0', '1'), ('0', '1'), ('0', '1'), ('0', '1'), ('0', '1'), ('0', '1'), ('0', '1'), ('0', '1'), ('0', '1'), ('0', '1'), ('0', '1'))
derivative-only	('g', 'F0', -5, 1)	p126	(('547009552250*C^5 - 11099911504500*C^4*U^2 - 8922057007500*C^3*V^2*U + 14273593425000*C^3*U^4 + 262227010500*C^2*V^4 - 1085799897000*C^2*V^2*U^3 - 12026623397250*C^2*U^6 - 23097964002750*C*V^4*U^2 + 52804209600450*C*V^2*U^5 + 32799527491500*C*U^8 - 1714195869750*V^6*U + 38048244465000*V^4*U^4 + 39649489803000*V^2*U^7 - 774881562000*U^10', '1'), ('0', '1'), ('0', '1'), ('0', '1'), ('0', '1'), ('0', '1'), ('0', '1'), ('0', '1'), ('0', '1'), ('0', '1'), ('0', '1'), ('0', '1'), ('0', '1'), ('0', '1'), ('0', '1'), ('0', '1'), ('0', '1'), ('0', '1'))
derivative-only	('g', 'F0', -5, 1)	p127	(('1616285616750*C^4*V - 20301485841000*C^3*V*U^2 + 1530385447500*C^2*V^3*U + 17638747103250*C^2*V*U^4 - 24227494200*C*V^5 - 14309702316000*C*V^3*U^3 + 35558587102500*C*V*U^6 - 5375889587250*V^5*U^2 + 22920548839650*V^3*U^5 - 3234517902000*V*U^8', '1'), ('0', '1'), ('0', '1'), ('0', '1'), ('0', '1'), ('0', '1'), ('0', '1'), ('0', '1'), ('0', '1'), ('0', '1'), ('0', '1'), ('0', '1'), ('0', '1'), ('0', '1'), ('0', '1'), ('0', '1'), ('0', '1'), ('0', '1'))
derivative-only	('g', 'F0', -5, 1)	p128	(('-1726485698250*C^4*U - 313406968500*C^3*V^2 + 8690517361500*C^3*U^3 - 4392935410500*C^2*V^2*U^2 - 14676806576250*C^2*U^5 - 4246648438500*C*V^4*U - 14020349001750*C*V^2*U^4 - 415498173750*C*U^7 - 28707073200*V^6 + 5397357829500*V^4*U^3 + 1713290386500*V^2*U^6 + 58346860000*U^9', '1'), ('0', '1'), ('0', '1'), ('0', '1'), ('0', '1'), ('0', '1'), ('0', '1'), ('0', '1'), ('0', '1'), ('0', '1'), ('0', '1'), ('0', '1'), ('0', '1'), ('0', '1'), ('0', '1'), ('0', '1'), ('0', '1'), ('0', '1'))
derivative-only	('g', 'F0', -5, 1)	p129	(('1179852476000*C^5 - 20270301504750*C^4*U^2 + 38089266930000*C^3*V^2*U + 71095663138500*C^3*U^4 + 3174417378000*C^2*V^4 - 207373463797500*C^2*V^2*U^3 - 158277257638500*C^2*U^6 + 71415643191750*C*V^4*U^2 + 43907598434700*C*V^2*U^5 - 22173351972750*C*U^8 + 27276583083750*V^6*U + 139684555510500*V^4*U^4 - 10963954806750*V^2*U^7 + 1107150544500*U^10', '1'), ('0', '1'), ('0', '1'), ('0', '1'), ('0', '1'), ('0', '1'), ('0', '1'), ('0', '1'), ('0', '1'), ('0', '1'), ('0', '1'), ('0', '1'), ('0', '1'), ('0', '1'), ('0', '1'), ('0', '1'), ('0', '1'), ('0', '1'))
derivative-only	('g', 'F0', -5, 1)	p130	(('3558492748800*C^4*V + 12469036536000*C^3*V*U^2 + 7809494220000*C^2*V^3*U - 74640294729000*C^2*V*U^4 - 165745470000*C*V^5 + 69584527155000*C*V^3*U^3 + 83881087290000*C*V*U^6 + 18889553632950*V^5*U^2 + 30836920514400*V^3*U^5 - 2939159000250*V*U^8', '1'), ('0', '1'), ('0', '1'), ('0', '1'), ('0', '1'), ('0', '1'), ('0', '1'), ('0', '1'), ('0', '1'), ('0', '1'), ('0', '1'), ('0', '1'), ('0', '1'), ('0', '1'), ('0', '1'), ('0', '1'), ('0', '1'), ('0', '1'))
derivative-only	('g', 'F0', -5, 1)	p131	(('2393086647600*C^5 + 33390438199800*C^4*U^2 + 90674077150800*C^3*V^2*U - 237030613437750*C^3*U^4 + 5447597812800*C^2*V^4 - 222509294931000*C^2*V^2*U^3 + 336483510513150*C^2*U^6 + 322757567492250*C*V^4*U^2 + 721703510277750*C*V^2*U^5 - 27347673746250*C*U^8 + 54881036586750*V^6*U + 47150847744000*V^4*U^4 - 100774302378750*V^2*U^7 - 344284300800*U^10', '1'), ('0', '1'), ('0', '1'), ('0', '1'), ('0', '1'), ('0', '1'), ('0', '1'), ('0', '1'), ('0', '1'), ('0', '1'), ('0', '1'), ('0', '1'), ('0', '1'), ('0', '1'), ('0', '1'), ('0', '1'), ('0', '1'), ('0', '1'))
derivative-only	('g', 'F0', -5, 6)	constant	(('32150402812500*C*V*U - 213321936406250*V^3 - 7015519857500000*V*U^3', '1'), ('5652615651375000*C*V*U - 315149324875000*V^3 - 25815540135000000*V*U^3', '1'), ('-890528908500000*C*V*U - 2018697392250000*V^3 - 29766430732500000*V*U^3', '1'), ('4944205078312500*C*V*U - 227115294656250*V^3 - 13189976415000000*V*U^3', '1'), ('540585997875000*C*V*U - 136489944937500*V^3 - 2249285692500000*V*U^3', '1'), ('510185040750000*C*V*U + 70267341375000*V^3 - 115836682500000*V*U^3', '1'), ('0', '1'), ('0', '1'), ('0', '1'), ('0', '1'), ('0', '1'), ('0', '1'), ('0', '1'), ('0', '1'), ('0', '1'), ('0', '1'), ('0', '1'), ('0', '1'))
derivative-only	('g', 'F0', -5, 6)	p59	(('-546875', '1'), ('0', '1'), ('0', '1'), ('0', '1'), ('0', '1'), ('0', '1'), ('0', '1'), ('0', '1'), ('0', '1'), ('0', '1'), ('0', '1'), ('0', '1'), ('0', '1'), ('0', '1'), ('0', '1'), ('0', '1'), ('0', '1'), ('0', '1'))
derivative-only	('g', 'F0', -5, 6)	p68	(('-4375000', '1'), ('0', '1'), ('0', '1'), ('0', '1'), ('0', '1'), ('0', '1'), ('0', '1'), ('0', '1'), ('0', '1'), ('0', '1'), ('0', '1'), ('0', '1'), ('0', '1'), ('0', '1'), ('0', '1'), ('0', '1'), ('0', '1'), ('0', '1'))
derivative-only	('g', 'F0', -5, 6)	p76	(('-19687500', '1'), ('0', '1'), ('0', '1'), ('0', '1'), ('0', '1'), ('0', '1'), ('0', '1'), ('0', '1'), ('0', '1'), ('0', '1'), ('0', '1'), ('0', '1'), ('0', '1'), ('0', '1'), ('0', '1'), ('0', '1'), ('0', '1'), ('0', '1'))
derivative-only	('g', 'F0', -5, 6)	p85	(('-65625000', '1'), ('0', '1'), ('0', '1'), ('0', '1'), ('0', '1'), ('0', '1'), ('0', '1'), ('0', '1'), ('0', '1'), ('0', '1'), ('0', '1'), ('0', '1'), ('0', '1'), ('0', '1'), ('0', '1'), ('0', '1'), ('0', '1'), ('0', '1'))
derivative-only	('g', 'F0', -5, 6)	p95	(('-180468750', '1'), ('0', '1'), ('0', '1'), ('0', '1'), ('0', '1'), ('0', '1'), ('0', '1'), ('0', '1'), ('0', '1'), ('0', '1'), ('0', '1'), ('0', '1'), ('0', '1'), ('0', '1'), ('0', '1'), ('0', '1'), ('0', '1'), ('0', '1'))
derivative-only	('g', 'F0', -5, 6)	p108	(('7363125000*C', '1'), ('0', '1'), ('0', '1'), ('0', '1'), ('0', '1'), ('0', '1'), ('0', '1'), ('0', '1'), ('0', '1'), ('0', '1'), ('0', '1'), ('0', '1'), ('0', '1'), ('0', '1'), ('0', '1'), ('0', '1'), ('0', '1'), ('0', '1'))
derivative-only	('g', 'F0', -5, 6)	p109	(('7363125000*V', '1'), ('0', '1'), ('0', '1'), ('0', '1'), ('0', '1'), ('0', '1'), ('0', '1'), ('0', '1'), ('0', '1'), ('0', '1'), ('0', '1'), ('0', '1'), ('0', '1'), ('0', '1'), ('0', '1'), ('0', '1'), ('0', '1'), ('0', '1'))
derivative-only	('g', 'F0', -5, 6)	p110	(('7363125000*U', '1'), ('0', '1'), ('0', '1'), ('0', '1'), ('0', '1'), ('0', '1'), ('0', '1'), ('0', '1'), ('0', '1'), ('0', '1'), ('0', '1'), ('0', '1'), ('0', '1'), ('0', '1'), ('0', '1'), ('0', '1'), ('0', '1'), ('0', '1'))
derivative-only	('g', 'F0', -5, 6)	p111	(('66268125000*C^2', '1'), ('0', '1'), ('0', '1'), ('0', '1'), ('0', '1'), ('0', '1'), ('0', '1'), ('0', '1'), ('0', '1'), ('0', '1'), ('0', '1'), ('0', '1'), ('0', '1'), ('0', '1'), ('0', '1'), ('0', '1'), ('0', '1'), ('0', '1'))
derivative-only	('g', 'F0', -5, 6)	p112	(('132536250000*C*V', '1'), ('0', '1'), ('0', '1'), ('0', '1'), ('0', '1'), ('0', '1'), ('0', '1'), ('0', '1'), ('0', '1'), ('0', '1'), ('0', '1'), ('0', '1'), ('0', '1'), ('0', '1'), ('0', '1'), ('0', '1'), ('0', '1'), ('0', '1'))
derivative-only	('g', 'F0', -5, 6)	p113	(('132536250000*C*U + 66268125000*V^2', '1'), ('0', '1'), ('0', '1'), ('0', '1'), ('0', '1'), ('0', '1'), ('0', '1'), ('0', '1'), ('0', '1'), ('0', '1'), ('0', '1'), ('0', '1'), ('0', '1'), ('0', '1'), ('0', '1'), ('0', '1'), ('0', '1'), ('0', '1'))
derivative-only	('g', 'F0', -5, 6)	p114	(('132536250000*V*U', '1'), ('0', '1'), ('0', '1'), ('0', '1'), ('0', '1'), ('0', '1'), ('0', '1'), ('0', '1'), ('0', '1'), ('0', '1'), ('0', '1'), ('0', '1'), ('0', '1'), ('0', '1'), ('0', '1'), ('0', '1'), ('0', '1'), ('0', '1'))
derivative-only	('g', 'F0', -5, 6)	p115	(('16891875000*C + 66268125000*U^2', '1'), ('0', '1'), ('0', '1'), ('0', '1'), ('0', '1'), ('0', '1'), ('0', '1'), ('0', '1'), ('0', '1'), ('0', '1'), ('0', '1'), ('0', '1'), ('0', '1'), ('0', '1'), ('0', '1'), ('0', '1'), ('0', '1'), ('0', '1'))
derivative-only	('g', 'F0', -5, 6)	p116	(('16891875000*V', '1'), ('0', '1'), ('0', '1'), ('0', '1'), ('0', '1'), ('0', '1'), ('0', '1'), ('0', '1'), ('0', '1'), ('0', '1'), ('0', '1'), ('0', '1'), ('0', '1'), ('0', '1'), ('0', '1'), ('0', '1'), ('0', '1'), ('0', '1'))
derivative-only	('g', 'F0', -5, 6)	p117	(('160472812500*C^2 + 1259094375000*C*U^2 + 1259094375000*V^2*U', '1'), ('0', '1'), ('0', '1'), ('0', '1'), ('0', '1'), ('0', '1'), ('0', '1'), ('0', '1'), ('0', '1'), ('0', '1'), ('0', '1'), ('0', '1'), ('0', '1'), ('0', '1'), ('0', '1'), ('0', '1'), ('0', '1'), ('0', '1'))
derivative-only	('g', 'F0', -5, 6)	p118	(('320945625000*C*V + 1259094375000*V*U^2', '1'), ('0', '1'), ('0', '1'), ('0', '1'), ('0', '1'), ('0', '1'), ('0', '1'), ('0', '1'), ('0', '1'), ('0', '1'), ('0', '1'), ('0', '1'), ('0', '1'), ('0', '1'), ('0', '1'), ('0', '1'), ('0', '1'), ('0', '1'))
derivative-only	('g', 'F0', -5, 6)	p119	(('160472812500*V^2 + 419698125000*U^3', '1'), ('0', '1'), ('0', '1'), ('0', '1'), ('0', '1'), ('0', '1'), ('0', '1'), ('0', '1'), ('0', '1'), ('0', '1'), ('0', '1'), ('0', '1'), ('0', '1'), ('0', '1'), ('0', '1'), ('0', '1'), ('0', '1'), ('0', '1'))
derivative-only	('g', 'F0', -5, 6)	p121	(('35660625000*C - 160472812500*U^2', '1'), ('0', '1'), ('0', '1'), ('0', '1'), ('0', '1'), ('0', '1'), ('0', '1'), ('0', '1'), ('0', '1'), ('0', '1'), ('0', '1'), ('0', '1'), ('0', '1'), ('0', '1'), ('0', '1'), ('0', '1'), ('0', '1'), ('0', '1'))
derivative-only	('g', 'F0', -5, 6)	p122	(('356606250000*C^2 - 3209456250000*C*U^2 + 2098490625000*U^4', '1'), ('0', '1'), ('0', '1'), ('0', '1'), ('0', '1'), ('0', '1'), ('0', '1'), ('0', '1'), ('0', '1'), ('0', '1'), ('0', '1'), ('0', '1'), ('0', '1'), ('0', '1'), ('0', '1'), ('0', '1'), ('0', '1'), ('0', '1'))
derivative-only	('g', 'F0', -5, 6)	p123	(('-3209456250000*V*U^2', '1'), ('0', '1'), ('0', '1'), ('0', '1'), ('0', '1'), ('0', '1'), ('0', '1'), ('0', '1'), ('0', '1'), ('0', '1'), ('0', '1'), ('0', '1'), ('0', '1'), ('0', '1'), ('0', '1'), ('0', '1'), ('0', '1'), ('0', '1'))
derivative-only	('g', 'F0', -5, 6)	p124	(('-356606250000*V^2 - 2139637500000*U^3', '1'), ('0', '1'), ('0', '1'), ('0', '1'), ('0', '1'), ('0', '1'), ('0', '1'), ('0', '1'), ('0', '1'), ('0', '1'), ('0', '1'), ('0', '1'), ('0', '1'), ('0', '1'), ('0', '1'), ('0', '1'), ('0', '1'), ('0', '1'))
derivative-only	('g', 'F0', -5, 6)	p125	(('-713212500000*V*U', '1'), ('0', '1'), ('0', '1'), ('0', '1'), ('0', '1'), ('0', '1'), ('0', '1'), ('0', '1'), ('0', '1'), ('0', '1'), ('0', '1'), ('0', '1'), ('0', '1'), ('0', '1'), ('0', '1'), ('0', '1'), ('0', '1'), ('0', '1'))
derivative-only	('g', 'F0', -5, 6)	p126	(('-739019531250*C^2 - 14977462500000*V^2*U - 16849645312500*U^4', '1'), ('0', '1'), ('0', '1'), ('0', '1'), ('0', '1'), ('0', '1'), ('0', '1'), ('0', '1'), ('0', '1'), ('0', '1'), ('0', '1'), ('0', '1'), ('0', '1'), ('0', '1'), ('0', '1'), ('0', '1'), ('0', '1'), ('0', '1'))
derivative-only	('g', 'F0', -5, 6)	p127	(('-1478039062500*C*V - 7488731250000*V*U^2', '1'), ('0', '1'), ('0', '1'), ('0', '1'), ('0', '1'), ('0', '1'), ('0', '1'), ('0', '1'), ('0', '1'), ('0', '1'), ('0', '1'), ('0', '1'), ('0', '1'), ('0', '1'), ('0', '1'), ('0', '1'), ('0', '1'), ('0', '1'))
derivative-only	('g', 'F0', -5, 6)	p128	(('-1478039062500*C*U - 739019531250*V^2 + 2496243750000*U^3', '1'), ('0', '1'), ('0', '1'), ('0', '1'), ('0', '1'), ('0', '1'), ('0', '1'), ('0', '1'), ('0', '1'), ('0', '1'), ('0', '1'), ('0', '1'), ('0', '1'), ('0', '1'), ('0', '1'), ('0', '1'), ('0', '1'), ('0', '1'))
derivative-only	('g', 'F0', -5, 6)	p129	(('-1445193750000*C^2 - 16258429687500*C*U^2 + 41188021875000*U^4', '1'), ('0', '1'), ('0', '1'), ('0', '1'), ('0', '1'), ('0', '1'), ('0', '1'), ('0', '1'), ('0', '1'), ('0', '1'), ('0', '1'), ('0', '1'), ('0', '1'), ('0', '1'), ('0', '1'), ('0', '1'), ('0', '1'), ('0', '1'))
derivative-only	('g', 'F0', -5, 6)	p130	(('-2890387500000*C*V + 16258429687500*V*U^2', '1'), ('0', '1'), ('0', '1'), ('0', '1'), ('0', '1'), ('0', '1'), ('0', '1'), ('0', '1'), ('0', '1'), ('0', '1'), ('0', '1'), ('0', '1'), ('0', '1'), ('0', '1'), ('0', '1'), ('0', '1'), ('0', '1'), ('0', '1'))
derivative-only	('g', 'F0', -5, 6)	p131	(('-2690813125000*C^2 + 33239456250000*C*U^2 + 33239456250000*V^2*U - 31161990234375*U^4', '1'), ('0', '1'), ('0', '1'), ('0', '1'), ('0', '1'), ('0', '1'), ('0', '1'), ('0', '1'), ('0', '1'), ('0', '1'), ('0', '1'), ('0', '1'), ('0', '1'), ('0', '1'), ('0', '1'), ('0', '1'), ('0', '1'), ('0', '1'))
