source	band	monomial	degree_in_auxiliaries	terms_over_Qy	expression
60	10	[0,1]	6	193	-966306*a10_0*q7_1 - 805255*a11_0 - 878460*a1_0*b3*q10_1 - 441045*a1_0*b3*q2_0**2 + 539055*a1_0*b3*q2_0*q7_1**2 + 1078110*a1_0*b3*q2_0*q8_1 + 798600*a1_0*b3*q3_0*q7_1 + 279510*a1_0*b3*q4_0 - 878460*a1_0*b3*q7_1*q9_1 - 439230*a1_0*b3*q8_1**2 + 219615*a1_0*q10_0 + 1323135*a1_0*q10_1*q2_0**3 - 2515590*a1_0*q10_1*q2_0*q4_0 - 1277760*a1_0*q10_1*q3_0**2 + 1098075*a1_0*q10_1*q6_0 - 2874960*a1_0*q11_0*q2_0*q3_0 + 1317690*a1_0*q11_0*q5_0 + 885735*a1_0*q2_0**5 - 1082565*a1_0*q2_0**4*q8_1 - 3849120*a1_0*q2_0**3*q3_0*q7_1 - 3367980*a1_0*q2_0**3*q4_0 - 5132160*a1_0*q2_0**2*q3_0**2 + 3528360*a1_0*q2_0**2*q3_0*q9_1 + 3087315*a1_0*q2_0**2*q4_0*q8_1 + 2646270*a1_0*q2_0**2*q5_0*q7_1 + 2205225*a1_0*q2_0**2*q6_0 + 3136320*a1_0*q2_0*q3_0**2*q8_1 + 5488560*a1_0*q2_0*q3_0*q4_0*q7_1 + 4704480*a1_0*q2_0*q3_0*q5_0 + 2401245*a1_0*q2_0*q4_0**2 - 2156220*a1_0*q2_0*q5_0*q9_1 - 1796850*a1_0*q2_0*q6_0*q8_1 - 1437480*a1_0*q2_0*q7_0*q7_1 - 1078110*a1_0*q2_0*q8_0 + 929280*a1_0*q3_0**3*q7_1 + 2439360*a1_0*q3_0**2*q4_0 - 2236080*a1_0*q3_0*q4_0*q9_1 - 1916640*a1_0*q3_0*q5_0*q8_1 - 1597200*a1_0*q3_0*q6_0*q7_1 - 1277760*a1_0*q3_0*q7_0 - 978285*a1_0*q4_0**2*q8_1 - 1677060*a1_0*q4_0*q5_0*q7_1 - 1397550*a1_0*q4_0*q6_0 - 718740*a1_0*q5_0**2 + 878460*a1_0*q7_0*q9_1 + 439230*a1_0*q7_1*q9_0 + 658845*a1_0*q8_0*q8_1 + 670824*a2_0*b3*q2_0*q7_1 + 223608*a2_0*b3*q3_0 - 614922*a2_0*b3*q7_1*q8_1 - 614922*a2_0*b3*q9_1 - 2683296*a2_0*q10_1*q2_0*q3_0 + 1229844*a2_0*q10_1*q5_0 - 1509354*a2_0*q11_0*q2_0**2 + 1434818*a2_0*q11_0*q4_0 - 1010394*a2_0*q2_0**4*q7_1 - 3592512*a2_0*q2_0**3*q3_0 + 1234926*a2_0*q2_0**3*q9_1 + 3293136*a2_0*q2_0**2*q3_0*q8_1 + 2881494*a2_0*q2_0**2*q4_0*q7_1 + 2469852*a2_0*q2_0**2*q5_0 + 2927232*a2_0*q2_0*q3_0**2*q7_1 + 5122656*a2_0*q2_0*q3_0*q4_0 - 2347884*a2_0*q2_0*q4_0*q9_1 - 2012472*a2_0*q2_0*q5_0*q8_1 - 1677060*a2_0*q2_0*q6_0*q7_1 - 1341648*a2_0*q2_0*q7_0 + 867328*a2_0*q3_0**3 - 1192576*a2_0*q3_0**2*q9_1 - 2087008*a2_0*q3_0*q4_0*q8_1 - 1788864*a2_0*q3_0*q5_0*q7_1 - 1490720*a2_0*q3_0*q6_0 - 913066*a2_0*q4_0**2*q7_1 - 1565256*a2_0*q4_0*q5_0 + 1024870*a2_0*q6_0*q9_1 + 819896*a2_0*q7_0*q8_1 + 614922*a2_0*q7_1*q8_0 + 409948*a2_0*q9_0 + 155727*a3_0*b3*q2_0 - 190333*a3_0*b3*q7_1**2 - 380666*a3_0*b3*q8_1 - 1401543*a3_0*q10_1*q2_0**2 + 1332331*a3_0*q10_1*q4_0 + 1522664*a3_0*q11_0*q3_0 - 938223*a3_0*q2_0**4 + 1146717*a3_0*q2_0**3*q8_1 + 3057912*a3_0*q2_0**2*q3_0*q7_1 + 2675673*a3_0*q2_0**2*q4_0 + 2718144*a3_0*q2_0*q3_0**2 - 2491632*a3_0*q2_0*q3_0*q9_1 - 2180178*a3_0*q2_0*q4_0*q8_1 - 1868724*a3_0*q2_0*q5_0*q7_1 - 1557270*a3_0*q2_0*q6_0 - 1107392*a3_0*q3_0**2*q8_1 - 1937936*a3_0*q3_0*q4_0*q7_1 - 1661088*a3_0*q3_0*q5_0 - 847847*a3_0*q4_0**2 + 1141998*a3_0*q5_0*q9_1 + 951665*a3_0*q6_0*q8_1 + 761332*a3_0*q7_0*q7_1 + 570999*a3_0*q8_0 - 175692*a4_0*b3*q7_1 + 1405536*a4_0*q10_1*q3_0 + 1581228*a4_0*q11_0*q2_0 + 1058508*a4_0*q2_0**3*q7_1 + 2822688*a4_0*q2_0**2*q3_0 - 1293732*a4_0*q2_0**2*q9_1 - 2299968*a4_0*q2_0*q3_0*q8_1 - 2012472*a4_0*q2_0*q4_0*q7_1 - 1724976*a4_0*q2_0*q5_0 - 1022208*a4_0*q3_0**2*q7_1 - 1788864*a4_0*q3_0*q4_0 + 1229844*a4_0*q4_0*q9_1 + 1054152*a4_0*q5_0*q8_1 + 878460*a4_0*q6_0*q7_1 + 702768*a4_0*q7_0 - 1610510*a6_0*q11_0 - 1078110*a6_0*q2_0**2*q7_1 - 1916640*a6_0*q2_0*q3_0 + 1317690*a6_0*q2_0*q9_1 + 1171280*a6_0*q3_0*q8_1 + 1024870*a6_0*q4_0*q7_1 + 878460*a6_0*q5_0 - 1449459*a7_0*q10_1 - 970299*a7_0*q2_0**2 + 1185921*a7_0*q2_0*q8_1 + 1054152*a7_0*q3_0*q7_1 + 922383*a7_0*q4_0 + 1054152*a8_0*q2_0*q7_1 + 937024*a8_0*q3_0 - 1288408*a8_0*q9_1 + 922383*a9_0*q2_0 - 1127357*a9_0*q8_1 - 1171280*b2*q11_1 + 106480*b2 - 1171280*b3*q10_1*q7_1 - 1171280*b3*q11_0 - 1411344*b3*q2_0**2*q7_1 - 1045440*b3*q2_0*q3_0 + 1533312*b3*q2_0*q7_1*q8_1 + 1533312*b3*q2_0*q9_1 + 596288*b3*q3_0*q7_1**2 + 1192576*b3*q3_0*q8_1 + 894432*b3*q4_0*q7_1 + 319440*b3*q5_0 - 1171280*b3*q8_1*q9_1 + 234256*q10_0*q7_1 + 3763584*q10_1*q2_0**2*q3_0 - 2299968*q10_1*q2_0*q5_0 - 2385152*q10_1*q3_0*q4_0 + 937024*q10_1*q7_0 + 1411344*q11_0*q2_0**3 - 2683296*q11_0*q2_0*q4_0 - 1362944*q11_0*q3_0**2 + 1171280*q11_0*q6_0 + 944784*q2_0**5*q7_1 + 4199040*q2_0**4*q3_0 - 1154736*q2_0**4*q9_1 - 4105728*q2_0**3*q3_0*q8_1 - 3592512*q2_0**3*q4_0*q7_1 - 3079296*q2_0**3*q5_0 - 5474304*q2_0**2*q3_0**2*q7_1 - 9580032*q2_0**2*q3_0*q4_0 + 3293136*q2_0**2*q4_0*q9_1 + 2822688*q2_0**2*q5_0*q8_1 + 2352240*q2_0**2*q6_0*q7_1 + 1881792*q2_0**2*q7_0 - 3244032*q2_0*q3_0**3 + 3345408*q2_0*q3_0**2*q9_1 + 5854464*q2_0*q3_0*q4_0*q8_1 + 5018112*q2_0*q3_0*q5_0*q7_1 + 4181760*q2_0*q3_0*q6_0 + 2561328*q2_0*q4_0**2*q7_1 + 4390848*q2_0*q4_0*q5_0 - 1916640*q2_0*q6_0*q9_1 - 1533312*q2_0*q7_0*q8_1 - 1149984*q2_0*q7_1*q8_0 - 766656*q2_0*q9_0 + 991232*q3_0**3*q8_1 + 2601984*q3_0**2*q4_0*q7_1 + 2230272*q3_0**2*q5_0 + 2276736*q3_0*q4_0**2 - 2044416*q3_0*q5_0*q9_1 - 1703680*q3_0*q6_0*q8_1 - 1362944*q3_0*q7_0*q7_1 - 1022208*q3_0*q8_0 - 1043504*q4_0**2*q9_1 - 1788864*q4_0*q5_0*q8_1 - 1490720*q4_0*q6_0*q7_1 - 1192576*q4_0*q7_0 - 766656*q5_0**2*q7_1 - 1277760*q5_0*q6_0 + 702768*q8_0*q9_1 + 468512*q8_1*q9_0
61	10	[0,0]	5	73	-79860*a1_0*b4*q10_1 - 40095*a1_0*b4*q2_0**2 + 49005*a1_0*b4*q2_0*q7_1**2 + 98010*a1_0*b4*q2_0*q8_1 + 72600*a1_0*b4*q3_0*q7_1 + 25410*a1_0*b4*q4_0 - 79860*a1_0*b4*q7_1*q9_1 - 39930*a1_0*b4*q8_1**2 + 79860*a1_0*q10_1*q7_1 + 79860*a1_0*q11_0 + 261360*a1_0*q11_1*q2_0*q3_0 - 119790*a1_0*q11_1*q5_0 + 80190*a1_0*q2_0**2*q7_1 + 53460*a1_0*q2_0*q3_0 - 98010*a1_0*q2_0*q7_1*q8_1 - 98010*a1_0*q2_0*q9_1 - 36300*a1_0*q3_0*q7_1**2 - 72600*a1_0*q3_0*q8_1 - 50820*a1_0*q4_0*q7_1 - 16335*a1_0*q5_0 + 79860*a1_0*q8_1*q9_1 + 60984*a2_0*b4*q2_0*q7_1 + 20328*a2_0*b4*q3_0 - 55902*a2_0*b4*q7_1*q8_1 - 55902*a2_0*b4*q9_1 + 55902*a2_0*q10_1 + 137214*a2_0*q11_1*q2_0**2 - 130438*a2_0*q11_1*q4_0 + 18711*a2_0*q2_0**2 - 30492*a2_0*q2_0*q7_1**2 - 60984*a2_0*q2_0*q8_1 - 40656*a2_0*q3_0*q7_1 - 11858*a2_0*q4_0 + 55902*a2_0*q7_1*q9_1 + 27951*a2_0*q8_1**2 + 14157*a3_0*b4*q2_0 - 17303*a3_0*b4*q7_1**2 - 34606*a3_0*b4*q8_1 - 138424*a3_0*q11_1*q3_0 - 28314*a3_0*q2_0*q7_1 - 6292*a3_0*q3_0 + 34606*a3_0*q7_1*q8_1 + 34606*a3_0*q9_1 - 15972*a4_0*b4*q7_1 - 143748*a4_0*q11_1*q2_0 + 7986*a4_0*q7_1**2 + 15972*a4_0*q8_1 + 146410*a6_0*q11_1 - 6655*a6_0 - 9680*b3 - 106480*b4*q10_1*q7_1 - 106480*b4*q11_0 - 128304*b4*q2_0**2*q7_1 - 95040*b4*q2_0*q3_0 + 139392*b4*q2_0*q7_1*q8_1 + 139392*b4*q2_0*q9_1 + 54208*b4*q3_0*q7_1**2 + 108416*b4*q3_0*q8_1 + 81312*b4*q4_0*q7_1 + 29040*b4*q5_0 - 106480*b4*q8_1*q9_1 - 139392*q10_1*q2_0 + 106480*q10_1*q8_1 + 106480*q11_0*q7_1 - 128304*q11_1*q2_0**3 + 243936*q11_1*q2_0*q4_0 + 123904*q11_1*q3_0**2 - 106480*q11_1*q6_0 - 46656*q2_0**3 + 64152*q2_0**2*q7_1**2 + 128304*q2_0**2*q8_1 + 190080*q2_0*q3_0*q7_1 + 66528*q2_0*q4_0 - 139392*q2_0*q7_1*q9_1 - 69696*q2_0*q8_1**2 + 33792*q3_0**2 - 108416*q3_0*q7_1*q8_1 - 108416*q3_0*q9_1 - 40656*q4_0*q7_1**2 - 81312*q4_0*q8_1 - 58080*q5_0*q7_1 - 19360*q6_0 + 53240*q9_1**2
52	9	[1,2]	1	3	66*a1_0*q11_1 - 7*a1_0 - 88*b4*q11_1 + 16*b4 + 88*q11_1*q7_1 - 24*q7_1
54	9	[0,2]	2	3	66*a1_0*b1*q11_1 - 7*a1_0*b1 - 88*b1*b4*q11_1 + 16*b1*b4 + 88*b1*q11_1*q7_1 - 24*b1*q7_1
55	9	[0,1]	7	404	10629366*a10_0*b4*q7_1 + 8696754*a10_0*q2_0 - 10629366*a10_0*q8_1 + 8857805*a11_0*b4 - 8857805*a11_0*q7_1 - 7086244*a12_0 - 28989180*a1_0*b2*q11_1 + 3074610*a1_0*b2 + 31624560*a1_0*b3*q11_1*q2_0*q3_0 - 14494590*a1_0*b3*q11_1*q5_0 - 2415765*a1_0*b4*q10_0 - 14554485*a1_0*b4*q10_1*q2_0**3 + 27671490*a1_0*b4*q10_1*q2_0*q4_0 + 14055360*a1_0*b4*q10_1*q3_0**2 - 12078825*a1_0*b4*q10_1*q6_0 + 31624560*a1_0*b4*q11_0*q2_0*q3_0 - 14494590*a1_0*b4*q11_0*q5_0 - 9743085*a1_0*b4*q2_0**5 + 11908215*a1_0*b4*q2_0**4*q8_1 + 42340320*a1_0*b4*q2_0**3*q3_0*q7_1 + 37047780*a1_0*b4*q2_0**3*q4_0 + 56453760*a1_0*b4*q2_0**2*q3_0**2 - 38811960*a1_0*b4*q2_0**2*q3_0*q9_1 - 33960465*a1_0*b4*q2_0**2*q4_0*q8_1 - 29108970*a1_0*b4*q2_0**2*q5_0*q7_1 - 24257475*a1_0*b4*q2_0**2*q6_0 - 34499520*a1_0*b4*q2_0*q3_0**2*q8_1 - 60374160*a1_0*b4*q2_0*q3_0*q4_0*q7_1 - 51749280*a1_0*b4*q2_0*q3_0*q5_0 - 26413695*a1_0*b4*q2_0*q4_0**2 + 23718420*a1_0*b4*q2_0*q5_0*q9_1 + 19765350*a1_0*b4*q2_0*q6_0*q8_1 + 15812280*a1_0*b4*q2_0*q7_0*q7_1 + 11859210*a1_0*b4*q2_0*q8_0 - 10222080*a1_0*b4*q3_0**3*q7_1 - 26832960*a1_0*b4*q3_0**2*q4_0 + 24596880*a1_0*b4*q3_0*q4_0*q9_1 + 21083040*a1_0*b4*q3_0*q5_0*q8_1 + 17569200*a1_0*b4*q3_0*q6_0*q7_1 + 14055360*a1_0*b4*q3_0*q7_0 + 10761135*a1_0*b4*q4_0**2*q8_1 + 18447660*a1_0*b4*q4_0*q5_0*q7_1 + 15373050*a1_0*b4*q4_0*q6_0 + 7906140*a1_0*b4*q5_0**2 - 9663060*a1_0*b4*q7_0*q9_1 - 4831530*a1_0*b4*q7_1*q9_0 - 7247295*a1_0*b4*q8_0*q8_1 + 2415765*a1_0*q10_0*q7_1 + 38811960*a1_0*q10_1*q2_0**2*q3_0 - 23718420*a1_0*q10_1*q2_0*q5_0 - 24596880*a1_0*q10_1*q3_0*q4_0 + 9663060*a1_0*q10_1*q7_0 + 14554485*a1_0*q11_0*q2_0**3 - 27671490*a1_0*q11_0*q2_0*q4_0 - 14055360*a1_0*q11_0*q3_0**2 + 12078825*a1_0*q11_0*q6_0 + 9743085*a1_0*q2_0**5*q7_1 + 43302600*a1_0*q2_0**4*q3_0 - 11908215*a1_0*q2_0**4*q9_1 - 42340320*a1_0*q2_0**3*q3_0*q8_1 - 37047780*a1_0*q2_0**3*q4_0*q7_1 - 31755240*a1_0*q2_0**3*q5_0 - 56453760*a1_0*q2_0**2*q3_0**2*q7_1 - 98794080*a1_0*q2_0**2*q3_0*q4_0 + 33960465*a1_0*q2_0**2*q4_0*q9_1 + 29108970*a1_0*q2_0**2*q5_0*q8_1 + 24257475*a1_0*q2_0**2*q6_0*q7_1 + 19405980*a1_0*q2_0**2*q7_0 - 33454080*a1_0*q2_0*q3_0**3 + 34499520*a1_0*q2_0*q3_0**2*q9_1 + 60374160*a1_0*q2_0*q3_0*q4_0*q8_1 + 51749280*a1_0*q2_0*q3_0*q5_0*q7_1 + 43124400*a1_0*q2_0*q3_0*q6_0 + 26413695*a1_0*q2_0*q4_0**2*q7_1 + 45280620*a1_0*q2_0*q4_0*q5_0 - 19765350*a1_0*q2_0*q6_0*q9_1 - 15812280*a1_0*q2_0*q7_0*q8_1 - 11859210*a1_0*q2_0*q7_1*q8_0 - 7906140*a1_0*q2_0*q9_0 + 10222080*a1_0*q3_0**3*q8_1 + 26832960*a1_0*q3_0**2*q4_0*q7_1 + 22999680*a1_0*q3_0**2*q5_0 + 23478840*a1_0*q3_0*q4_0**2 - 21083040*a1_0*q3_0*q5_0*q9_1 - 17569200*a1_0*q3_0*q6_0*q8_1 - 14055360*a1_0*q3_0*q7_0*q7_1 - 10541520*a1_0*q3_0*q8_0 - 10761135*a1_0*q4_0**2*q9_1 - 18447660*a1_0*q4_0*q5_0*q8_1 - 15373050*a1_0*q4_0*q6_0*q7_1 - 12298440*a1_0*q4_0*q7_0 - 7906140*a1_0*q5_0**2*q7_1 - 13176900*a1_0*q5_0*q6_0 + 7247295*a1_0*q8_0*q9_1 + 4831530*a1_0*q8_1*q9_0 + 16602894*a2_0*b3*q11_1*q2_0**2 - 15782998*a2_0*b3*q11_1*q4_0 + 29516256*a2_0*b4*q10_1*q2_0*q3_0 - 13528284*a2_0*b4*q10_1*q5_0 + 16602894*a2_0*b4*q11_0*q2_0**2 - 15782998*a2_0*b4*q11_0*q4_0 + 11114334*a2_0*b4*q2_0**4*q7_1 + 39517632*a2_0*b4*q2_0**3*q3_0 - 13584186*a2_0*b4*q2_0**3*q9_1 - 36224496*a2_0*b4*q2_0**2*q3_0*q8_1 - 31696434*a2_0*b4*q2_0**2*q4_0*q7_1 - 27168372*a2_0*b4*q2_0**2*q5_0 - 32199552*a2_0*b4*q2_0*q3_0**2*q7_1 - 56349216*a2_0*b4*q2_0*q3_0*q4_0 + 25826724*a2_0*b4*q2_0*q4_0*q9_1 + 22137192*a2_0*b4*q2_0*q5_0*q8_1 + 18447660*a2_0*b4*q2_0*q6_0*q7_1 + 14758128*a2_0*b4*q2_0*q7_0 - 9540608*a2_0*b4*q3_0**3 + 13118336*a2_0*b4*q3_0**2*q9_1 + 22957088*a2_0*b4*q3_0*q4_0*q8_1 + 19677504*a2_0*b4*q3_0*q5_0*q7_1 + 16397920*a2_0*b4*q3_0*q6_0 + 10043726*a2_0*b4*q4_0**2*q7_1 + 17217816*a2_0*b4*q4_0*q5_0 - 11273570*a2_0*b4*q6_0*q9_1 - 9018856*a2_0*b4*q7_0*q8_1 - 6764142*a2_0*b4*q7_1*q8_0 - 4509428*a2_0*b4*q9_0 + 2254714*a2_0*q10_0 + 13584186*a2_0*q10_1*q2_0**3 - 25826724*a2_0*q10_1*q2_0*q4_0 - 13118336*a2_0*q10_1*q3_0**2 + 11273570*a2_0*q10_1*q6_0 - 29516256*a2_0*q11_0*q2_0*q3_0 + 13528284*a2_0*q11_0*q5_0 + 9093546*a2_0*q2_0**5 - 11114334*a2_0*q2_0**4*q8_1 - 39517632*a2_0*q2_0**3*q3_0*q7_1 - 34577928*a2_0*q2_0**3*q4_0 - 52690176*a2_0*q2_0**2*q3_0**2 + 36224496*a2_0*q2_0**2*q3_0*q9_1 + 31696434*a2_0*q2_0**2*q4_0*q8_1 + 27168372*a2_0*q2_0**2*q5_0*q7_1 + 22640310*a2_0*q2_0**2*q6_0 + 32199552*a2_0*q2_0*q3_0**2*q8_1 + 56349216*a2_0*q2_0*q3_0*q4_0*q7_1 + 48299328*a2_0*q2_0*q3_0*q5_0 + 24652782*a2_0*q2_0*q4_0**2 - 22137192*a2_0*q2_0*q5_0*q9_1 - 18447660*a2_0*q2_0*q6_0*q8_1 - 14758128*a2_0*q2_0*q7_0*q7_1 - 11068596*a2_0*q2_0*q8_0 + 9540608*a2_0*q3_0**3*q7_1 + 25044096*a2_0*q3_0**2*q4_0 - 22957088*a2_0*q3_0*q4_0*q9_1 - 19677504*a2_0*q3_0*q5_0*q8_1 - 16397920*a2_0*q3_0*q6_0*q7_1 - 13118336*a2_0*q3_0*q7_0 - 10043726*a2_0*q4_0**2*q8_1 - 17217816*a2_0*q4_0*q5_0*q7_1 - 14348180*a2_0*q4_0*q6_0 - 7379064*a2_0*q5_0**2 + 9018856*a2_0*q7_0*q9_1 + 4509428*a2_0*q7_1*q9_0 + 6764142*a2_0*q8_0*q8_1 - 16749304*a3_0*b3*q11_1*q3_0 + 15416973*a3_0*b4*q10_1*q2_0**2 - 14655641*a3_0*b4*q10_1*q4_0 - 16749304*a3_0*b4*q11_0*q3_0 + 10320453*a3_0*b4*q2_0**4 - 12613887*a3_0*b4*q2_0**3*q8_1 - 33637032*a3_0*b4*q2_0**2*q3_0*q7_1 - 29432403*a3_0*b4*q2_0**2*q4_0 - 29899584*a3_0*b4*q2_0*q3_0**2 + 27407952*a3_0*b4*q2_0*q3_0*q9_1 + 23981958*a3_0*b4*q2_0*q4_0*q8_1 + 20555964*a3_0*b4*q2_0*q5_0*q7_1 + 17129970*a3_0*b4*q2_0*q6_0 + 12181312*a3_0*b4*q3_0**2*q8_1 + 21317296*a3_0*b4*q3_0*q4_0*q7_1 + 18271968*a3_0*b4*q3_0*q5_0 + 9326317*a3_0*b4*q4_0**2 - 12561978*a3_0*b4*q5_0*q9_1 - 10468315*a3_0*b4*q6_0*q8_1 - 8374652*a3_0*b4*q7_0*q7_1 - 6280989*a3_0*b4*q8_0 - 27407952*a3_0*q10_1*q2_0*q3_0 + 12561978*a3_0*q10_1*q5_0 - 15416973*a3_0*q11_0*q2_0**2 + 14655641*a3_0*q11_0*q4_0 - 10320453*a3_0*q2_0**4*q7_1 - 36694944*a3_0*q2_0**3*q3_0 + 12613887*a3_0*q2_0**3*q9_1 + 33637032*a3_0*q2_0**2*q3_0*q8_1 + 29432403*a3_0*q2_0**2*q4_0*q7_1 + 25227774*a3_0*q2_0**2*q5_0 + 29899584*a3_0*q2_0*q3_0**2*q7_1 + 52324272*a3_0*q2_0*q3_0*q4_0 - 23981958*a3_0*q2_0*q4_0*q9_1 - 20555964*a3_0*q2_0*q5_0*q8_1 - 17129970*a3_0*q2_0*q6_0*q7_1 - 13703976*a3_0*q2_0*q7_0 + 8859136*a3_0*q3_0**3 - 12181312*a3_0*q3_0**2*q9_1 - 21317296*a3_0*q3_0*q4_0*q8_1 - 18271968*a3_0*q3_0*q5_0*q7_1 - 15226640*a3_0*q3_0*q6_0 - 9326317*a3_0*q4_0**2*q7_1 - 15987972*a3_0*q4_0*q5_0 + 10468315*a3_0*q6_0*q9_1 + 8374652*a3_0*q7_0*q8_1 + 6280989*a3_0*q7_1*q8_0 + 4187326*a3_0*q9_0 - 17393508*a4_0*b3*q11_1*q2_0 - 15460896*a4_0*b4*q10_1*q3_0 - 17393508*a4_0*b4*q11_0*q2_0 - 11643588*a4_0*b4*q2_0**3*q7_1 - 31049568*a4_0*b4*q2_0**2*q3_0 + 14231052*a4_0*b4*q2_0**2*q9_1 + 25299648*a4_0*b4*q2_0*q3_0*q8_1 + 22137192*a4_0*b4*q2_0*q4_0*q7_1 + 18974736*a4_0*b4*q2_0*q5_0 + 11244288*a4_0*b4*q3_0**2*q7_1 + 19677504*a4_0*b4*q3_0*q4_0 - 13528284*a4_0*b4*q4_0*q9_1 - 11595672*a4_0*b4*q5_0*q8_1 - 9663060*a4_0*b4*q6_0*q7_1 - 7730448*a4_0*b4*q7_0 - 14231052*a4_0*q10_1*q2_0**2 + 13528284*a4_0*q10_1*q4_0 + 15460896*a4_0*q11_0*q3_0 - 9526572*a4_0*q2_0**4 + 11643588*a4_0*q2_0**3*q8_1 + 31049568*a4_0*q2_0**2*q3_0*q7_1 + 27168372*a4_0*q2_0**2*q4_0 + 27599616*a4_0*q2_0*q3_0**2 - 25299648*a4_0*q2_0*q3_0*q9_1 - 22137192*a4_0*q2_0*q4_0*q8_1 - 18974736*a4_0*q2_0*q5_0*q7_1 - 15812280*a4_0*q2_0*q6_0 - 11244288*a4_0*q3_0**2*q8_1 - 19677504*a4_0*q3_0*q4_0*q7_1 - 16866432*a4_0*q3_0*q5_0 - 8608908*a4_0*q4_0**2 + 11595672*a4_0*q5_0*q9_1 + 9663060*a4_0*q6_0*q8_1 + 7730448*a4_0*q7_0*q7_1 + 5797836*a4_0*q8_0 + 17715610*a6_0*b3*q11_1 + 17715610*a6_0*b4*q11_0 + 11859210*a6_0*b4*q2_0**2*q7_1 + 21083040*a6_0*b4*q2_0*q3_0 - 14494590*a6_0*b4*q2_0*q9_1 - 12884080*a6_0*b4*q3_0*q8_1 - 11273570*a6_0*b4*q4_0*q7_1 - 9663060*a6_0*b4*q5_0 + 14494590*a6_0*q10_1*q2_0 + 9702990*a6_0*q2_0**3 - 11859210*a6_0*q2_0**2*q8_1 - 21083040*a6_0*q2_0*q3_0*q7_1 - 18447660*a6_0*q2_0*q4_0 - 9370240*a6_0*q3_0**2 + 12884080*a6_0*q3_0*q9_1 + 11273570*a6_0*q4_0*q8_1 + 9663060*a6_0*q5_0*q7_1 + 8052550*a6_0*q6_0 + 15944049*a7_0*b4*q10_1 + 10673289*a7_0*b4*q2_0**2 - 13045131*a7_0*b4*q2_0*q8_1 - 11595672*a7_0*b4*q3_0*q7_1 - 10146213*a7_0*b4*q4_0 - 15944049*a7_0*q11_0 - 10673289*a7_0*q2_0**2*q7_1 - 18974736*a7_0*q2_0*q3_0 + 13045131*a7_0*q2_0*q9_1 + 11595672*a7_0*q3_0*q8_1 + 10146213*a7_0*q4_0*q7_1 + 8696754*a7_0*q5_0 - 11595672*a8_0*b4*q2_0*q7_1 - 10307264*a8_0*b4*q3_0 + 14172488*a8_0*b4*q9_1 - 14172488*a8_0*q10_1 - 9487368*a8_0*q2_0**2 + 11595672*a8_0*q2_0*q8_1 + 10307264*a8_0*q3_0*q7_1 + 9018856*a8_0*q4_0 - 10146213*a9_0*b4*q2_0 + 12400927*a9_0*b4*q8_1 + 10146213*a9_0*q2_0*q7_1 + 9018856*a9_0*q3_0 - 12400927*a9_0*q9_1 + 38652240*b2*b4*q11_1 - 7027680*b2*b4 - 38652240*b2*q11_1*q7_1 + 10541520*b2*q7_1 - 15524784*b3*q11_1*q2_0**3 + 29516256*b3*q11_1*q2_0*q4_0 + 14992384*b3*q11_1*q3_0**2 - 12884080*b3*q11_1*q6_0 - 2576816*b4*q10_0*q7_1 - 41399424*b4*q10_1*q2_0**2*q3_0 + 25299648*b4*q10_1*q2_0*q5_0 + 26236672*b4*q10_1*q3_0*q4_0 - 10307264*b4*q10_1*q7_0 - 15524784*b4*q11_0*q2_0**3 + 29516256*b4*q11_0*q2_0*q4_0 + 14992384*b4*q11_0*q3_0**2 - 12884080*b4*q11_0*q6_0 - 10392624*b4*q2_0**5*q7_1 - 46189440*b4*q2_0**4*q3_0 + 12702096*b4*q2_0**4*q9_1 + 45163008*b4*q2_0**3*q3_0*q8_1 + 39517632*b4*q2_0**3*q4_0*q7_1 + 33872256*b4*q2_0**3*q5_0 + 60217344*b4*q2_0**2*q3_0**2*q7_1 + 105380352*b4*q2_0**2*q3_0*q4_0 - 36224496*b4*q2_0**2*q4_0*q9_1 - 31049568*b4*q2_0**2*q5_0*q8_1 - 25874640*b4*q2_0**2*q6_0*q7_1 - 20699712*b4*q2_0**2*q7_0 + 35684352*b4*q2_0*q3_0**3 - 36799488*b4*q2_0*q3_0**2*q9_1 - 64399104*b4*q2_0*q3_0*q4_0*q8_1 - 55199232*b4*q2_0*q3_0*q5_0*q7_1 - 45999360*b4*q2_0*q3_0*q6_0 - 28174608*b4*q2_0*q4_0**2*q7_1 - 48299328*b4*q2_0*q4_0*q5_0 + 21083040*b4*q2_0*q6_0*q9_1 + 16866432*b4*q2_0*q7_0*q8_1 + 12649824*b4*q2_0*q7_1*q8_0 + 8433216*b4*q2_0*q9_0 - 10903552*b4*q3_0**3*q8_1 - 28621824*b4*q3_0**2*q4_0*q7_1 - 24532992*b4*q3_0**2*q5_0 - 25044096*b4*q3_0*q4_0**2 + 22488576*b4*q3_0*q5_0*q9_1 + 18740480*b4*q3_0*q6_0*q8_1 + 14992384*b4*q3_0*q7_0*q7_1 + 11244288*b4*q3_0*q8_0 + 11478544*b4*q4_0**2*q9_1 + 19677504*b4*q4_0*q5_0*q8_1 + 16397920*b4*q4_0*q6_0*q7_1 + 13118336*b4*q4_0*q7_0 + 8433216*b4*q5_0**2*q7_1 + 14055360*b4*q5_0*q6_0 - 7730448*b4*q8_0*q9_1 - 5153632*b4*q8_1*q9_0 - 4216608*q10_0*q2_0 + 2576816*q10_0*q8_1 - 12702096*q10_1*q2_0**4 + 36224496*q10_1*q2_0**2*q4_0 + 36799488*q10_1*q2_0*q3_0**2 - 21083040*q10_1*q2_0*q6_0 - 22488576*q10_1*q3_0*q5_0 - 11478544*q10_1*q4_0**2 + 7730448*q10_1*q8_0 + 41399424*q11_0*q2_0**2*q3_0 - 25299648*q11_0*q2_0*q5_0 - 26236672*q11_0*q3_0*q4_0 + 10307264*q11_0*q7_0 - 8503056*q2_0**6 + 10392624*q2_0**5*q8_1 + 46189440*q2_0**4*q3_0*q7_1 + 40415760*q2_0**4*q4_0 + 82114560*q2_0**3*q3_0**2 - 45163008*q2_0**3*q3_0*q9_1 - 39517632*q2_0**3*q4_0*q8_1 - 33872256*q2_0**3*q5_0*q7_1 - 28226880*q2_0**3*q6_0 - 60217344*q2_0**2*q3_0**2*q8_1 - 105380352*q2_0**2*q3_0*q4_0*q7_1 - 90326016*q2_0**2*q3_0*q5_0 - 46103904*q2_0**2*q4_0**2 + 31049568*q2_0**2*q5_0*q9_1 + 25874640*q2_0**2*q6_0*q8_1 + 20699712*q2_0**2*q7_0*q7_1 + 15524784*q2_0**2*q8_0 - 35684352*q2_0*q3_0**3*q7_1 - 93671424*q2_0*q3_0**2*q4_0 + 64399104*q2_0*q3_0*q4_0*q9_1 + 55199232*q2_0*q3_0*q5_0*q8_1 + 45999360*q2_0*q3_0*q6_0*q7_1 + 36799488*q2_0*q3_0*q7_0 + 28174608*q2_0*q4_0**2*q8_1 + 48299328*q2_0*q4_0*q5_0*q7_1 + 40249440*q2_0*q4_0*q6_0 + 20699712*q2_0*q5_0**2 - 16866432*q2_0*q7_0*q9_1 - 8433216*q2_0*q7_1*q9_0 - 12649824*q2_0*q8_0*q8_1 - 7929856*q3_0**4 + 10903552*q3_0**3*q9_1 + 28621824*q3_0**2*q4_0*q8_1 + 24532992*q3_0**2*q5_0*q7_1 + 20444160*q3_0**2*q6_0 + 25044096*q3_0*q4_0**2*q7_1 + 42932736*q3_0*q4_0*q5_0 - 18740480*q3_0*q6_0*q9_1 - 14992384*q3_0*q7_0*q8_1 - 11244288*q3_0*q7_1*q8_0 - 7496192*q3_0*q9_0 + 7304528*q4_0**3 - 19677504*q4_0*q5_0*q9_1 - 16397920*q4_0*q6_0*q8_1 - 13118336*q4_0*q7_0*q7_1 - 9838752*q4_0*q8_0 - 8433216*q5_0**2*q8_1 - 14055360*q5_0*q6_0*q7_1 - 11244288*q5_0*q7_0 - 5856400*q6_0**2 + 5153632*q9_0*q9_1
56	9	[0,0]	6	141	-39930*a1_0*b3*q11_1 + 12705*a1_0*b3 - 79860*a1_0*b4**2*q10_1 - 40095*a1_0*b4**2*q2_0**2 + 49005*a1_0*b4**2*q2_0*q7_1**2 + 98010*a1_0*b4**2*q2_0*q8_1 + 72600*a1_0*b4**2*q3_0*q7_1 + 25410*a1_0*b4**2*q4_0 - 79860*a1_0*b4**2*q7_1*q9_1 - 39930*a1_0*b4**2*q8_1**2 + 159720*a1_0*b4*q10_1*q7_1 + 159720*a1_0*b4*q11_0 + 261360*a1_0*b4*q11_1*q2_0*q3_0 - 119790*a1_0*b4*q11_1*q5_0 + 160380*a1_0*b4*q2_0**2*q7_1 + 106920*a1_0*b4*q2_0*q3_0 - 196020*a1_0*b4*q2_0*q7_1*q8_1 - 196020*a1_0*b4*q2_0*q9_1 - 72600*a1_0*b4*q3_0*q7_1**2 - 145200*a1_0*b4*q3_0*q8_1 - 101640*a1_0*b4*q4_0*q7_1 - 32670*a1_0*b4*q5_0 + 159720*a1_0*b4*q8_1*q9_1 + 98010*a1_0*q10_1*q2_0 - 79860*a1_0*q10_1*q8_1 - 79860*a1_0*q11_0*q7_1 + 120285*a1_0*q11_1*q2_0**3 - 228690*a1_0*q11_1*q2_0*q4_0 - 116160*a1_0*q11_1*q3_0**2 + 99825*a1_0*q11_1*q6_0 + 21870*a1_0*q2_0**3 - 40095*a1_0*q2_0**2*q7_1**2 - 80190*a1_0*q2_0**2*q8_1 - 106920*a1_0*q2_0*q3_0*q7_1 - 31185*a1_0*q2_0*q4_0 + 98010*a1_0*q2_0*q7_1*q9_1 + 49005*a1_0*q2_0*q8_1**2 - 15840*a1_0*q3_0**2 + 72600*a1_0*q3_0*q7_1*q8_1 + 72600*a1_0*q3_0*q9_1 + 25410*a1_0*q4_0*q7_1**2 + 50820*a1_0*q4_0*q8_1 + 32670*a1_0*q5_0*q7_1 + 9075*a1_0*q6_0 - 39930*a1_0*q9_1**2 + 60984*a2_0*b4**2*q2_0*q7_1 + 20328*a2_0*b4**2*q3_0 - 55902*a2_0*b4**2*q7_1*q8_1 - 55902*a2_0*b4**2*q9_1 + 111804*a2_0*b4*q10_1 + 137214*a2_0*b4*q11_1*q2_0**2 - 130438*a2_0*b4*q11_1*q4_0 + 37422*a2_0*b4*q2_0**2 - 60984*a2_0*b4*q2_0*q7_1**2 - 121968*a2_0*b4*q2_0*q8_1 - 81312*a2_0*b4*q3_0*q7_1 - 23716*a2_0*b4*q4_0 + 111804*a2_0*b4*q7_1*q9_1 + 55902*a2_0*b4*q8_1**2 - 55902*a2_0*q10_1*q7_1 - 55902*a2_0*q11_0 - 243936*a2_0*q11_1*q2_0*q3_0 + 111804*a2_0*q11_1*q5_0 - 37422*a2_0*q2_0**2*q7_1 - 16632*a2_0*q2_0*q3_0 + 60984*a2_0*q2_0*q7_1*q8_1 + 60984*a2_0*q2_0*q9_1 + 20328*a2_0*q3_0*q7_1**2 + 40656*a2_0*q3_0*q8_1 + 23716*a2_0*q4_0*q7_1 + 5082*a2_0*q5_0 - 55902*a2_0*q8_1*q9_1 + 14157*a3_0*b4**2*q2_0 - 17303*a3_0*b4**2*q7_1**2 - 34606*a3_0*b4**2*q8_1 - 138424*a3_0*b4*q11_1*q3_0 - 56628*a3_0*b4*q2_0*q7_1 - 12584*a3_0*b4*q3_0 + 69212*a3_0*b4*q7_1*q8_1 + 69212*a3_0*b4*q9_1 - 34606*a3_0*q10_1 - 127413*a3_0*q11_1*q2_0**2 + 121121*a3_0*q11_1*q4_0 + 14157*a3_0*q2_0*q7_1**2 + 28314*a3_0*q2_0*q8_1 + 12584*a3_0*q3_0*q7_1 - 34606*a3_0*q7_1*q9_1 - 17303*a3_0*q8_1**2 - 15972*a4_0*b4**2*q7_1 - 143748*a4_0*b4*q11_1*q2_0 + 15972*a4_0*b4*q7_1**2 + 31944*a4_0*b4*q8_1 + 127776*a4_0*q11_1*q3_0 - 5808*a4_0*q3_0 - 15972*a4_0*q7_1*q8_1 - 15972*a4_0*q9_1 + 146410*a6_0*b4*q11_1 - 13310*a6_0*b4 + 13310*a6_0*q7_1 - 131769*a7_0*q11_1 + 11979*a7_0 + 53240*b3*b4*q11_1 - 29040*b3*b4 - 53240*b3*q11_1*q7_1 + 43560*b3*q7_1 - 106480*b4**2*q10_1*q7_1 - 106480*b4**2*q11_0 - 128304*b4**2*q2_0**2*q7_1 - 95040*b4**2*q2_0*q3_0 + 139392*b4**2*q2_0*q7_1*q8_1 + 139392*b4**2*q2_0*q9_1 + 54208*b4**2*q3_0*q7_1**2 + 108416*b4**2*q3_0*q8_1 + 81312*b4**2*q4_0*q7_1 + 29040*b4**2*q5_0 - 106480*b4**2*q8_1*q9_1 - 278784*b4*q10_1*q2_0 + 212960*b4*q10_1*q8_1 + 212960*b4*q11_0*q7_1 - 128304*b4*q11_1*q2_0**3 + 243936*b4*q11_1*q2_0*q4_0 + 123904*b4*q11_1*q3_0**2 - 106480*b4*q11_1*q6_0 - 93312*b4*q2_0**3 + 128304*b4*q2_0**2*q7_1**2 + 256608*b4*q2_0**2*q8_1 + 380160*b4*q2_0*q3_0*q7_1 + 133056*b4*q2_0*q4_0 - 278784*b4*q2_0*q7_1*q9_1 - 139392*b4*q2_0*q8_1**2 + 67584*b4*q3_0**2 - 216832*b4*q3_0*q7_1*q8_1 - 216832*b4*q3_0*q9_1 - 81312*b4*q4_0*q7_1**2 - 162624*b4*q4_0*q8_1 - 116160*b4*q5_0*q7_1 - 38720*b4*q6_0 + 106480*b4*q9_1**2 + 139392*q10_1*q2_0*q7_1 + 108416*q10_1*q3_0 - 106480*q10_1*q9_1 + 139392*q11_0*q2_0 - 106480*q11_0*q8_1 + 342144*q11_1*q2_0**2*q3_0 - 209088*q11_1*q2_0*q5_0 - 216832*q11_1*q3_0*q4_0 + 85184*q11_1*q7_0 + 93312*q2_0**3*q7_1 + 93312*q2_0**2*q3_0 - 128304*q2_0**2*q7_1*q8_1 - 128304*q2_0**2*q9_1 - 95040*q2_0*q3_0*q7_1**2 - 190080*q2_0*q3_0*q8_1 - 133056*q2_0*q4_0*q7_1 - 42768*q2_0*q5_0 + 139392*q2_0*q8_1*q9_1 - 67584*q3_0**2*q7_1 - 44352*q3_0*q4_0 + 108416*q3_0*q7_1*q9_1 + 54208*q3_0*q8_1**2 + 81312*q4_0*q7_1*q8_1 + 81312*q4_0*q9_1 + 29040*q5_0*q7_1**2 + 58080*q5_0*q8_1 + 38720*q6_0*q7_1 + 11616*q7_0
47	8	[1,2]	2	8	-3630*a1_0*b4*q11_1 + 770*a1_0*b4 + 3630*a1_0*q11_1*q7_1 - 1155*a1_0*q7_1 + 2541*a2_0*q11_1 - 308*a2_0 - 440*b4**2 - 4840*b4*q11_1*q7_1 + 2640*b4*q7_1 - 6336*q11_1*q2_0 + 4840*q11_1*q8_1 + 1128*q2_0 - 1320*q7_1**2 - 1320*q8_1
49	8	[0,2]	3	8	-3630*a1_0*b1*b4*q11_1 + 770*a1_0*b1*b4 + 3630*a1_0*b1*q11_1*q7_1 - 1155*a1_0*b1*q7_1 + 2541*a2_0*b1*q11_1 - 308*a2_0*b1 - 440*b1*b4**2 - 4840*b1*b4*q11_1*q7_1 + 2640*b1*b4*q7_1 - 6336*b1*q11_1*q2_0 + 4840*b1*q11_1*q8_1 + 1128*b1*q2_0 - 1320*b1*q7_1**2 - 1320*b1*q8_1
50	8	[0,1]	8	542	8696754*a10_0*b4*q2_0 - 10629366*a10_0*b4*q8_1 - 7730448*a10_0*q3_0 + 10629366*a10_0*q9_1 - 8857805*a11_0*b4*q7_1 + 8857805*a11_0*q8_1 - 7086244*a12_0*b4 + 7086244*a12_0*q7_1 + 5314683*a13_0 - 28989180*a1_0*b2*b4*q11_1 + 6149220*a1_0*b2*b4 + 28989180*a1_0*b2*q11_1*q7_1 - 9223830*a1_0*b2*q7_1 + 7906140*a1_0*b3*q10_1*q2_0 + 14554485*a1_0*b3*q11_1*q2_0**3 - 27671490*a1_0*b3*q11_1*q2_0*q4_0 - 14055360*a1_0*b3*q11_1*q3_0**2 + 12078825*a1_0*b3*q11_1*q6_0 + 3969405*a1_0*b3*q2_0**3 - 4851495*a1_0*b3*q2_0**2*q7_1**2 - 9702990*a1_0*b3*q2_0**2*q8_1 - 7187400*a1_0*b3*q2_0*q3_0*q7_1 - 2515590*a1_0*b3*q2_0*q4_0 + 7906140*a1_0*b3*q2_0*q7_1*q9_1 + 3953070*a1_0*b3*q2_0*q8_1**2 + 2415765*a1_0*b4*q10_0*q7_1 + 38811960*a1_0*b4*q10_1*q2_0**2*q3_0 - 23718420*a1_0*b4*q10_1*q2_0*q5_0 - 24596880*a1_0*b4*q10_1*q3_0*q4_0 + 9663060*a1_0*b4*q10_1*q7_0 + 14554485*a1_0*b4*q11_0*q2_0**3 - 27671490*a1_0*b4*q11_0*q2_0*q4_0 - 14055360*a1_0*b4*q11_0*q3_0**2 + 12078825*a1_0*b4*q11_0*q6_0 + 9743085*a1_0*b4*q2_0**5*q7_1 + 43302600*a1_0*b4*q2_0**4*q3_0 - 11908215*a1_0*b4*q2_0**4*q9_1 - 42340320*a1_0*b4*q2_0**3*q3_0*q8_1 - 37047780*a1_0*b4*q2_0**3*q4_0*q7_1 - 31755240*a1_0*b4*q2_0**3*q5_0 - 56453760*a1_0*b4*q2_0**2*q3_0**2*q7_1 - 98794080*a1_0*b4*q2_0**2*q3_0*q4_0 + 33960465*a1_0*b4*q2_0**2*q4_0*q9_1 + 29108970*a1_0*b4*q2_0**2*q5_0*q8_1 + 24257475*a1_0*b4*q2_0**2*q6_0*q7_1 + 19405980*a1_0*b4*q2_0**2*q7_0 - 33454080*a1_0*b4*q2_0*q3_0**3 + 34499520*a1_0*b4*q2_0*q3_0**2*q9_1 + 60374160*a1_0*b4*q2_0*q3_0*q4_0*q8_1 + 51749280*a1_0*b4*q2_0*q3_0*q5_0*q7_1 + 43124400*a1_0*b4*q2_0*q3_0*q6_0 + 26413695*a1_0*b4*q2_0*q4_0**2*q7_1 + 45280620*a1_0*b4*q2_0*q4_0*q5_0 - 19765350*a1_0*b4*q2_0*q6_0*q9_1 - 15812280*a1_0*b4*q2_0*q7_0*q8_1 - 11859210*a1_0*b4*q2_0*q7_1*q8_0 - 7906140*a1_0*b4*q2_0*q9_0 + 10222080*a1_0*b4*q3_0**3*q8_1 + 26832960*a1_0*b4*q3_0**2*q4_0*q7_1 + 22999680*a1_0*b4*q3_0**2*q5_0 + 23478840*a1_0*b4*q3_0*q4_0**2 - 21083040*a1_0*b4*q3_0*q5_0*q9_1 - 17569200*a1_0*b4*q3_0*q6_0*q8_1 - 14055360*a1_0*b4*q3_0*q7_0*q7_1 - 10541520*a1_0*b4*q3_0*q8_0 - 10761135*a1_0*b4*q4_0**2*q9_1 - 18447660*a1_0*b4*q4_0*q5_0*q8_1 - 15373050*a1_0*b4*q4_0*q6_0*q7_1 - 12298440*a1_0*b4*q4_0*q7_0 - 7906140*a1_0*b4*q5_0**2*q7_1 - 13176900*a1_0*b4*q5_0*q6_0 + 7247295*a1_0*b4*q8_0*q9_1 + 4831530*a1_0*b4*q8_1*q9_0 + 1976535*a1_0*q10_0*q2_0 - 2415765*a1_0*q10_0*q8_1 - 11320155*a1_0*q10_1*q2_0**2*q4_0 - 22999680*a1_0*q10_1*q2_0*q3_0**2 + 9882675*a1_0*q10_1*q2_0*q6_0 + 21083040*a1_0*q10_1*q3_0*q5_0 + 10761135*a1_0*q10_1*q4_0**2 - 7247295*a1_0*q10_1*q8_0 - 12937320*a1_0*q11_0*q2_0**2*q3_0 + 11859210*a1_0*q11_0*q2_0*q5_0 + 24596880*a1_0*q11_0*q3_0*q4_0 - 9663060*a1_0*q11_0*q7_0 - 8660520*a1_0*q2_0**4*q3_0*q7_1 - 7577955*a1_0*q2_0**4*q4_0 - 30792960*a1_0*q2_0**3*q3_0**2 + 10585080*a1_0*q2_0**3*q3_0*q9_1 + 9261945*a1_0*q2_0**3*q4_0*q8_1 + 7938810*a1_0*q2_0**3*q5_0*q7_1 + 6615675*a1_0*q2_0**3*q6_0 + 28226880*a1_0*q2_0**2*q3_0**2*q8_1 + 49397040*a1_0*q2_0**2*q3_0*q4_0*q7_1 + 42340320*a1_0*q2_0**2*q3_0*q5_0 + 21611205*a1_0*q2_0**2*q4_0**2 - 9702990*a1_0*q2_0**2*q5_0*q9_1 - 8085825*a1_0*q2_0**2*q6_0*q8_1 - 6468660*a1_0*q2_0**2*q7_0*q7_1 - 4851495*a1_0*q2_0**2*q8_0 + 25090560*a1_0*q2_0*q3_0**3*q7_1 + 65862720*a1_0*q2_0*q3_0**2*q4_0 - 40249440*a1_0*q2_0*q3_0*q4_0*q9_1 - 34499520*a1_0*q2_0*q3_0*q5_0*q8_1 - 28749600*a1_0*q2_0*q3_0*q6_0*q7_1 - 22999680*a1_0*q2_0*q3_0*q7_0 - 17609130*a1_0*q2_0*q4_0**2*q8_1 - 30187080*a1_0*q2_0*q4_0*q5_0*q7_1 - 25155900*a1_0*q2_0*q4_0*q6_0 - 12937320*a1_0*q2_0*q5_0**2 + 7906140*a1_0*q2_0*q7_0*q9_1 + 3953070*a1_0*q2_0*q7_1*q9_0 + 5929605*a1_0*q2_0*q8_0*q8_1 + 7434240*a1_0*q3_0**4 - 10222080*a1_0*q3_0**3*q9_1 - 26832960*a1_0*q3_0**2*q4_0*q8_1 - 22999680*a1_0*q3_0**2*q5_0*q7_1 - 19166400*a1_0*q3_0**2*q6_0 - 23478840*a1_0*q3_0*q4_0**2*q7_1 - 40249440*a1_0*q3_0*q4_0*q5_0 + 17569200*a1_0*q3_0*q6_0*q9_1 + 14055360*a1_0*q3_0*q7_0*q8_1 + 10541520*a1_0*q3_0*q7_1*q8_0 + 7027680*a1_0*q3_0*q9_0 - 6847995*a1_0*q4_0**3 + 18447660*a1_0*q4_0*q5_0*q9_1 + 15373050*a1_0*q4_0*q6_0*q8_1 + 12298440*a1_0*q4_0*q7_0*q7_1 + 9223830*a1_0*q4_0*q8_0 + 7906140*a1_0*q5_0**2*q8_1 + 13176900*a1_0*q5_0*q6_0*q7_1 + 10541520*a1_0*q5_0*q7_0 + 5490375*a1_0*q6_0**2 - 4831530*a1_0*q9_0*q9_1 + 20292426*a2_0*b2*q11_1 - 2459688*a2_0*b2 - 29516256*a2_0*b3*q11_1*q2_0*q3_0 + 13528284*a2_0*b3*q11_1*q5_0 - 6037416*a2_0*b3*q2_0**2*q7_1 - 2012472*a2_0*b3*q2_0*q3_0 + 5534298*a2_0*b3*q2_0*q7_1*q8_1 + 5534298*a2_0*b3*q2_0*q9_1 + 2254714*a2_0*b4*q10_0 + 13584186*a2_0*b4*q10_1*q2_0**3 - 25826724*a2_0*b4*q10_1*q2_0*q4_0 - 13118336*a2_0*b4*q10_1*q3_0**2 + 11273570*a2_0*b4*q10_1*q6_0 - 29516256*a2_0*b4*q11_0*q2_0*q3_0 + 13528284*a2_0*b4*q11_0*q5_0 + 9093546*a2_0*b4*q2_0**5 - 11114334*a2_0*b4*q2_0**4*q8_1 - 39517632*a2_0*b4*q2_0**3*q3_0*q7_1 - 34577928*a2_0*b4*q2_0**3*q4_0 - 52690176*a2_0*b4*q2_0**2*q3_0**2 + 36224496*a2_0*b4*q2_0**2*q3_0*q9_1 + 31696434*a2_0*b4*q2_0**2*q4_0*q8_1 + 27168372*a2_0*b4*q2_0**2*q5_0*q7_1 + 22640310*a2_0*b4*q2_0**2*q6_0 + 32199552*a2_0*b4*q2_0*q3_0**2*q8_1 + 56349216*a2_0*b4*q2_0*q3_0*q4_0*q7_1 + 48299328*a2_0*b4*q2_0*q3_0*q5_0 + 24652782*a2_0*b4*q2_0*q4_0**2 - 22137192*a2_0*b4*q2_0*q5_0*q9_1 - 18447660*a2_0*b4*q2_0*q6_0*q8_1 - 14758128*a2_0*b4*q2_0*q7_0*q7_1 - 11068596*a2_0*b4*q2_0*q8_0 + 9540608*a2_0*b4*q3_0**3*q7_1 + 25044096*a2_0*b4*q3_0**2*q4_0 - 22957088*a2_0*b4*q3_0*q4_0*q9_1 - 19677504*a2_0*b4*q3_0*q5_0*q8_1 - 16397920*a2_0*b4*q3_0*q6_0*q7_1 - 13118336*a2_0*b4*q3_0*q7_0 - 10043726*a2_0*b4*q4_0**2*q8_1 - 17217816*a2_0*b4*q4_0*q5_0*q7_1 - 14348180*a2_0*b4*q4_0*q6_0 - 7379064*a2_0*b4*q5_0**2 + 9018856*a2_0*b4*q7_0*q9_1 + 4509428*a2_0*b4*q7_1*q9_0 + 6764142*a2_0*b4*q8_0*q8_1 - 2254714*a2_0*q10_0*q7_1 - 12074832*a2_0*q10_1*q2_0**2*q3_0 + 11068596*a2_0*q10_1*q2_0*q5_0 + 22957088*a2_0*q10_1*q3_0*q4_0 - 9018856*a2_0*q10_1*q7_0 + 12913362*a2_0*q11_0*q2_0*q4_0 + 13118336*a2_0*q11_0*q3_0**2 - 11273570*a2_0*q11_0*q6_0 - 8083152*a2_0*q2_0**4*q3_0 + 9879408*a2_0*q2_0**3*q3_0*q8_1 + 8644482*a2_0*q2_0**3*q4_0*q7_1 + 7409556*a2_0*q2_0**3*q5_0 + 26345088*a2_0*q2_0**2*q3_0**2*q7_1 + 46103904*a2_0*q2_0**2*q3_0*q4_0 - 10565478*a2_0*q2_0**2*q4_0*q9_1 - 9056124*a2_0*q2_0**2*q5_0*q8_1 - 7546770*a2_0*q2_0**2*q6_0*q7_1 - 6037416*a2_0*q2_0**2*q7_0 + 23417856*a2_0*q2_0*q3_0**3 - 21466368*a2_0*q2_0*q3_0**2*q9_1 - 37566144*a2_0*q2_0*q3_0*q4_0*q8_1 - 32199552*a2_0*q2_0*q3_0*q5_0*q7_1 - 26832960*a2_0*q2_0*q3_0*q6_0 - 16435188*a2_0*q2_0*q4_0**2*q7_1 - 28174608*a2_0*q2_0*q4_0*q5_0 + 9223830*a2_0*q2_0*q6_0*q9_1 + 7379064*a2_0*q2_0*q7_0*q8_1 + 5534298*a2_0*q2_0*q7_1*q8_0 + 3689532*a2_0*q2_0*q9_0 - 9540608*a2_0*q3_0**3*q8_1 - 25044096*a2_0*q3_0**2*q4_0*q7_1 - 21466368*a2_0*q3_0**2*q5_0 - 21913584*a2_0*q3_0*q4_0**2 + 19677504*a2_0*q3_0*q5_0*q9_1 + 16397920*a2_0*q3_0*q6_0*q8_1 + 13118336*a2_0*q3_0*q7_0*q7_1 + 9838752*a2_0*q3_0*q8_0 + 10043726*a2_0*q4_0**2*q9_1 + 17217816*a2_0*q4_0*q5_0*q8_1 + 14348180*a2_0*q4_0*q6_0*q7_1 + 11478544*a2_0*q4_0*q7_0 + 7379064*a2_0*q5_0**2*q7_1 + 12298440*a2_0*q5_0*q6_0 - 6764142*a2_0*q8_0*q9_1 - 4509428*a2_0*q8_1*q9_0 - 15416973*a3_0*b3*q11_1*q2_0**2 + 14655641*a3_0*b3*q11_1*q4_0 - 1401543*a3_0*b3*q2_0**2 + 1712997*a3_0*b3*q2_0*q7_1**2 + 3425994*a3_0*b3*q2_0*q8_1 - 27407952*a3_0*b4*q10_1*q2_0*q3_0 + 12561978*a3_0*b4*q10_1*q5_0 - 15416973*a3_0*b4*q11_0*q2_0**2 + 14655641*a3_0*b4*q11_0*q4_0 - 10320453*a3_0*b4*q2_0**4*q7_1 - 36694944*a3_0*b4*q2_0**3*q3_0 + 12613887*a3_0*b4*q2_0**3*q9_1 + 33637032*a3_0*b4*q2_0**2*q3_0*q8_1 + 29432403*a3_0*b4*q2_0**2*q4_0*q7_1 + 25227774*a3_0*b4*q2_0**2*q5_0 + 29899584*a3_0*b4*q2_0*q3_0**2*q7_1 + 52324272*a3_0*b4*q2_0*q3_0*q4_0 - 23981958*a3_0*b4*q2_0*q4_0*q9_1 - 20555964*a3_0*b4*q2_0*q5_0*q8_1 - 17129970*a3_0*b4*q2_0*q6_0*q7_1 - 13703976*a3_0*b4*q2_0*q7_0 + 8859136*a3_0*b4*q3_0**3 - 12181312*a3_0*b4*q3_0**2*q9_1 - 21317296*a3_0*b4*q3_0*q4_0*q8_1 - 18271968*a3_0*b4*q3_0*q5_0*q7_1 - 15226640*a3_0*b4*q3_0*q6_0 - 9326317*a3_0*b4*q4_0**2*q7_1 - 15987972*a3_0*b4*q4_0*q5_0 + 10468315*a3_0*b4*q6_0*q9_1 + 8374652*a3_0*b4*q7_0*q8_1 + 6280989*a3_0*b4*q7_1*q8_0 + 4187326*a3_0*b4*q9_0 - 2093663*a3_0*q10_0 + 11990979*a3_0*q10_1*q2_0*q4_0 + 12181312*a3_0*q10_1*q3_0**2 - 10468315*a3_0*q10_1*q6_0 + 13703976*a3_0*q11_0*q2_0*q3_0 - 12561978*a3_0*q11_0*q5_0 + 9173736*a3_0*q2_0**3*q3_0*q7_1 + 8027019*a3_0*q2_0**3*q4_0 + 24463296*a3_0*q2_0**2*q3_0**2 - 11212344*a3_0*q2_0**2*q3_0*q9_1 - 9810801*a3_0*q2_0**2*q4_0*q8_1 - 8409258*a3_0*q2_0**2*q5_0*q7_1 - 7007715*a3_0*q2_0**2*q6_0 - 19933056*a3_0*q2_0*q3_0**2*q8_1 - 34882848*a3_0*q2_0*q3_0*q4_0*q7_1 - 29899584*a3_0*q2_0*q3_0*q5_0 - 15261246*a3_0*q2_0*q4_0**2 + 10277982*a3_0*q2_0*q5_0*q9_1 + 8564985*a3_0*q2_0*q6_0*q8_1 + 6851988*a3_0*q2_0*q7_0*q7_1 + 5138991*a3_0*q2_0*q8_0 - 8859136*a3_0*q3_0**3*q7_1 - 23255232*a3_0*q3_0**2*q4_0 + 21317296*a3_0*q3_0*q4_0*q9_1 + 18271968*a3_0*q3_0*q5_0*q8_1 + 15226640*a3_0*q3_0*q6_0*q7_1 + 12181312*a3_0*q3_0*q7_0 + 9326317*a3_0*q4_0**2*q8_1 + 15987972*a3_0*q4_0*q5_0*q7_1 + 13323310*a3_0*q4_0*q6_0 + 6851988*a3_0*q5_0**2 - 8374652*a3_0*q7_0*q9_1 - 4187326*a3_0*q7_1*q9_0 - 6280989*a3_0*q8_0*q8_1 + 15460896*a4_0*b3*q11_1*q3_0 + 1581228*a4_0*b3*q2_0*q7_1 - 14231052*a4_0*b4*q10_1*q2_0**2 + 13528284*a4_0*b4*q10_1*q4_0 + 15460896*a4_0*b4*q11_0*q3_0 - 9526572*a4_0*b4*q2_0**4 + 11643588*a4_0*b4*q2_0**3*q8_1 + 31049568*a4_0*b4*q2_0**2*q3_0*q7_1 + 27168372*a4_0*b4*q2_0**2*q4_0 + 27599616*a4_0*b4*q2_0*q3_0**2 - 25299648*a4_0*b4*q2_0*q3_0*q9_1 - 22137192*a4_0*b4*q2_0*q4_0*q8_1 - 18974736*a4_0*b4*q2_0*q5_0*q7_1 - 15812280*a4_0*b4*q2_0*q6_0 - 11244288*a4_0*b4*q3_0**2*q8_1 - 19677504*a4_0*b4*q3_0*q4_0*q7_1 - 16866432*a4_0*b4*q3_0*q5_0 - 8608908*a4_0*b4*q4_0**2 + 11595672*a4_0*b4*q5_0*q9_1 + 9663060*a4_0*b4*q6_0*q8_1 + 7730448*a4_0*b4*q7_0*q7_1 + 5797836*a4_0*b4*q8_0 + 12649824*a4_0*q10_1*q2_0*q3_0 - 11595672*a4_0*q10_1*q5_0 - 13528284*a4_0*q11_0*q4_0 + 8468064*a4_0*q2_0**3*q3_0 - 10349856*a4_0*q2_0**2*q3_0*q8_1 - 9056124*a4_0*q2_0**2*q4_0*q7_1 - 7762392*a4_0*q2_0**2*q5_0 - 18399744*a4_0*q2_0*q3_0**2*q7_1 - 32199552*a4_0*q2_0*q3_0*q4_0 + 11068596*a4_0*q2_0*q4_0*q9_1 + 9487368*a4_0*q2_0*q5_0*q8_1 + 7906140*a4_0*q2_0*q6_0*q7_1 + 6324912*a4_0*q2_0*q7_0 - 8177664*a4_0*q3_0**3 + 11244288*a4_0*q3_0**2*q9_1 + 19677504*a4_0*q3_0*q4_0*q8_1 + 16866432*a4_0*q3_0*q5_0*q7_1 + 14055360*a4_0*q3_0*q6_0 + 8608908*a4_0*q4_0**2*q7_1 + 14758128*a4_0*q4_0*q5_0 - 9663060*a4_0*q6_0*q9_1 - 7730448*a4_0*q7_0*q8_1 - 5797836*a4_0*q7_1*q8_0 - 3865224*a4_0*q9_0 + 14494590*a6_0*b4*q10_1*q2_0 + 9702990*a6_0*b4*q2_0**3 - 11859210*a6_0*b4*q2_0**2*q8_1 - 21083040*a6_0*b4*q2_0*q3_0*q7_1 - 18447660*a6_0*b4*q2_0*q4_0 - 9370240*a6_0*b4*q3_0**2 + 12884080*a6_0*b4*q3_0*q9_1 + 11273570*a6_0*b4*q4_0*q8_1 + 9663060*a6_0*b4*q5_0*q7_1 + 8052550*a6_0*b4*q6_0 - 12884080*a6_0*q10_1*q3_0 - 8624880*a6_0*q2_0**2*q3_0 + 10541520*a6_0*q2_0*q3_0*q8_1 + 9223830*a6_0*q2_0*q4_0*q7_1 + 7906140*a6_0*q2_0*q5_0 + 9370240*a6_0*q3_0**2*q7_1 + 16397920*a6_0*q3_0*q4_0 - 11273570*a6_0*q4_0*q9_1 - 9663060*a6_0*q5_0*q8_1 - 8052550*a6_0*q6_0*q7_1 - 6442040*a6_0*q7_0 - 15944049*a7_0*b3*q11_1 - 15944049*a7_0*b4*q11_0 - 10673289*a7_0*b4*q2_0**2*q7_1 - 18974736*a7_0*b4*q2_0*q3_0 + 13045131*a7_0*b4*q2_0*q9_1 + 11595672*a7_0*b4*q3_0*q8_1 + 10146213*a7_0*b4*q4_0*q7_1 + 8696754*a7_0*b4*q5_0 + 9487368*a7_0*q2_0*q3_0*q7_1 + 8301447*a7_0*q2_0*q4_0 + 8433216*a7_0*q3_0**2 - 11595672*a7_0*q3_0*q9_1 - 10146213*a7_0*q4_0*q8_1 - 8696754*a7_0*q5_0*q7_1 - 7247295*a7_0*q6_0 - 14172488*a8_0*b4*q10_1 - 9487368*a8_0*b4*q2_0**2 + 11595672*a8_0*b4*q2_0*q8_1 + 10307264*a8_0*b4*q3_0*q7_1 + 9018856*a8_0*b4*q4_0 + 14172488*a8_0*q11_0 + 8433216*a8_0*q2_0*q3_0 - 10307264*a8_0*q3_0*q8_1 - 9018856*a8_0*q4_0*q7_1 - 7730448*a8_0*q5_0 + 10146213*a9_0*b4*q2_0*q7_1 + 9018856*a9_0*b4*q3_0 - 12400927*a9_0*b4*q9_1 + 12400927*a9_0*q10_1 - 9018856*a9_0*q3_0*q7_1 - 7891499*a9_0*q4_0 - 3513840*b2*b4**2 - 38652240*b2*b4*q11_1*q7_1 + 21083040*b2*b4*q7_1 - 40057776*b2*q11_1*q2_0 + 38652240*b2*q11_1*q8_1 + 8049888*b2*q2_0 - 10541520*b2*q7_1**2 - 10541520*b2*q8_1 + 10541520*b3*q10_1*q2_0*q7_1 + 10541520*b3*q11_0*q2_0 + 41399424*b3*q11_1*q2_0**2*q3_0 - 25299648*b3*q11_1*q2_0*q5_0 - 26236672*b3*q11_1*q3_0*q4_0 + 10307264*b3*q11_1*q7_0 + 12702096*b3*q2_0**3*q7_1 + 9408960*b3*q2_0**2*q3_0 - 13799808*b3*q2_0**2*q7_1*q8_1 - 13799808*b3*q2_0**2*q9_1 - 5366592*b3*q2_0*q3_0*q7_1**2 - 10733184*b3*q2_0*q3_0*q8_1 - 8049888*b3*q2_0*q4_0*q7_1 - 2874960*b3*q2_0*q5_0 + 10541520*b3*q2_0*q8_1*q9_1 - 4216608*b4*q10_0*q2_0 + 2576816*b4*q10_0*q8_1 - 12702096*b4*q10_1*q2_0**4 + 36224496*b4*q10_1*q2_0**2*q4_0 + 36799488*b4*q10_1*q2_0*q3_0**2 - 21083040*b4*q10_1*q2_0*q6_0 - 22488576*b4*q10_1*q3_0*q5_0 - 11478544*b4*q10_1*q4_0**2 + 7730448*b4*q10_1*q8_0 + 41399424*b4*q11_0*q2_0**2*q3_0 - 25299648*b4*q11_0*q2_0*q5_0 - 26236672*b4*q11_0*q3_0*q4_0 + 10307264*b4*q11_0*q7_0 - 8503056*b4*q2_0**6 + 10392624*b4*q2_0**5*q8_1 + 46189440*b4*q2_0**4*q3_0*q7_1 + 40415760*b4*q2_0**4*q4_0 + 82114560*b4*q2_0**3*q3_0**2 - 45163008*b4*q2_0**3*q3_0*q9_1 - 39517632*b4*q2_0**3*q4_0*q8_1 - 33872256*b4*q2_0**3*q5_0*q7_1 - 28226880*b4*q2_0**3*q6_0 - 60217344*b4*q2_0**2*q3_0**2*q8_1 - 105380352*b4*q2_0**2*q3_0*q4_0*q7_1 - 90326016*b4*q2_0**2*q3_0*q5_0 - 46103904*b4*q2_0**2*q4_0**2 + 31049568*b4*q2_0**2*q5_0*q9_1 + 25874640*b4*q2_0**2*q6_0*q8_1 + 20699712*b4*q2_0**2*q7_0*q7_1 + 15524784*b4*q2_0**2*q8_0 - 35684352*b4*q2_0*q3_0**3*q7_1 - 93671424*b4*q2_0*q3_0**2*q4_0 + 64399104*b4*q2_0*q3_0*q4_0*q9_1 + 55199232*b4*q2_0*q3_0*q5_0*q8_1 + 45999360*b4*q2_0*q3_0*q6_0*q7_1 + 36799488*b4*q2_0*q3_0*q7_0 + 28174608*b4*q2_0*q4_0**2*q8_1 + 48299328*b4*q2_0*q4_0*q5_0*q7_1 + 40249440*b4*q2_0*q4_0*q6_0 + 20699712*b4*q2_0*q5_0**2 - 16866432*b4*q2_0*q7_0*q9_1 - 8433216*b4*q2_0*q7_1*q9_0 - 12649824*b4*q2_0*q8_0*q8_1 - 7929856*b4*q3_0**4 + 10903552*b4*q3_0**3*q9_1 + 28621824*b4*q3_0**2*q4_0*q8_1 + 24532992*b4*q3_0**2*q5_0*q7_1 + 20444160*b4*q3_0**2*q6_0 + 25044096*b4*q3_0*q4_0**2*q7_1 + 42932736*b4*q3_0*q4_0*q5_0 - 18740480*b4*q3_0*q6_0*q9_1 - 14992384*b4*q3_0*q7_0*q8_1 - 11244288*b4*q3_0*q7_1*q8_0 - 7496192*b4*q3_0*q9_0 + 7304528*b4*q4_0**3 - 19677504*b4*q4_0*q5_0*q9_1 - 16397920*b4*q4_0*q6_0*q8_1 - 13118336*b4*q4_0*q7_0*q7_1 - 9838752*b4*q4_0*q8_0 - 8433216*b4*q5_0**2*q8_1 - 14055360*b4*q5_0*q6_0*q7_1 - 11244288*b4*q5_0*q7_0 - 5856400*b4*q6_0**2 + 5153632*b4*q9_0*q9_1 + 2108304*q10_0*q2_0*q7_1 + 3748096*q10_0*q3_0 - 2576816*q10_0*q9_1 + 11290752*q10_1*q2_0**3*q3_0 - 10349856*q10_1*q2_0**2*q5_0 - 42932736*q10_1*q2_0*q3_0*q4_0 + 8433216*q10_1*q2_0*q7_0 - 10903552*q10_1*q3_0**3 + 18740480*q10_1*q3_0*q6_0 + 19677504*q10_1*q4_0*q5_0 - 5153632*q10_1*q9_0 - 12074832*q11_0*q2_0**2*q4_0 - 24532992*q11_0*q2_0*q3_0**2 + 10541520*q11_0*q2_0*q6_0 + 22488576*q11_0*q3_0*q5_0 + 11478544*q11_0*q4_0**2 - 7730448*q11_0*q8_0 + 7558272*q2_0**5*q3_0 - 9237888*q2_0**4*q3_0*q8_1 - 8083152*q2_0**4*q4_0*q7_1 - 6928416*q2_0**4*q5_0 - 32845824*q2_0**3*q3_0**2*q7_1 - 57480192*q2_0**3*q3_0*q4_0 + 9879408*q2_0**3*q4_0*q9_1 + 8468064*q2_0**3*q5_0*q8_1 + 7056720*q2_0**3*q6_0*q7_1 + 5645376*q2_0**3*q7_0 - 43794432*q2_0**2*q3_0**3 + 30108672*q2_0**2*q3_0**2*q9_1 + 52690176*q2_0**2*q3_0*q4_0*q8_1 + 45163008*q2_0**2*q3_0*q5_0*q7_1 + 37635840*q2_0**2*q3_0*q6_0 + 23051952*q2_0**2*q4_0**2*q7_1 + 39517632*q2_0**2*q4_0*q5_0 - 8624880*q2_0**2*q6_0*q9_1 - 6899904*q2_0**2*q7_0*q8_1 - 5174928*q2_0**2*q7_1*q8_0 - 3449952*q2_0**2*q9_0 + 26763264*q2_0*q3_0**3*q8_1 + 70253568*q2_0*q3_0**2*q4_0*q7_1 + 60217344*q2_0*q3_0**2*q5_0 + 61471872*q2_0*q3_0*q4_0**2 - 36799488*q2_0*q3_0*q5_0*q9_1 - 30666240*q2_0*q3_0*q6_0*q8_1 - 24532992*q2_0*q3_0*q7_0*q7_1 - 18399744*q2_0*q3_0*q8_0 - 18783072*q2_0*q4_0**2*q9_1 - 32199552*q2_0*q4_0*q5_0*q8_1 - 26832960*q2_0*q4_0*q6_0*q7_1 - 21466368*q2_0*q4_0*q7_0 - 13799808*q2_0*q5_0**2*q7_1 - 22999680*q2_0*q5_0*q6_0 + 6324912*q2_0*q8_0*q9_1 + 4216608*q2_0*q8_1*q9_0 + 7929856*q3_0**4*q7_1 + 27754496*q3_0**3*q4_0 - 28621824*q3_0**2*q4_0*q9_1 - 24532992*q3_0**2*q5_0*q8_1 - 20444160*q3_0**2*q6_0*q7_1 - 16355328*q3_0**2*q7_0 - 25044096*q3_0*q4_0**2*q8_1 - 42932736*q3_0*q4_0*q5_0*q7_1 - 35777280*q3_0*q4_0*q6_0 - 18399744*q3_0*q5_0**2 + 14992384*q3_0*q7_0*q9_1 + 7496192*q3_0*q7_1*q9_0 + 11244288*q3_0*q8_0*q8_1 - 7304528*q4_0**3*q7_1 - 18783072*q4_0**2*q5_0 + 16397920*q4_0*q6_0*q9_1 + 13118336*q4_0*q7_0*q8_1 + 9838752*q4_0*q7_1*q8_0 + 6559168*q4_0*q9_0 + 8433216*q5_0**2*q9_1 + 14055360*q5_0*q6_0*q8_1 + 11244288*q5_0*q7_0*q7_1 + 8433216*q5_0*q8_0 + 5856400*q6_0**2*q7_1 + 9370240*q6_0*q7_0
51	8	[0,0]	6	216	-439230*a1_0*b3*b4*q11_1 + 279510*a1_0*b3*b4 + 439230*a1_0*b3*q11_1*q7_1 - 419265*a1_0*b3*q7_1 + 878460*a1_0*b4**2*q10_1*q7_1 + 878460*a1_0*b4**2*q11_0 + 882090*a1_0*b4**2*q2_0**2*q7_1 + 588060*a1_0*b4**2*q2_0*q3_0 - 1078110*a1_0*b4**2*q2_0*q7_1*q8_1 - 1078110*a1_0*b4**2*q2_0*q9_1 - 399300*a1_0*b4**2*q3_0*q7_1**2 - 798600*a1_0*b4**2*q3_0*q8_1 - 559020*a1_0*b4**2*q4_0*q7_1 - 179685*a1_0*b4**2*q5_0 + 878460*a1_0*b4**2*q8_1*q9_1 + 1437480*a1_0*b4*q10_1*q2_0 - 1756920*a1_0*b4*q10_1*q8_1 - 1756920*a1_0*b4*q11_0*q7_1 + 1323135*a1_0*b4*q11_1*q2_0**3 - 2515590*a1_0*b4*q11_1*q2_0*q4_0 - 1277760*a1_0*b4*q11_1*q3_0**2 + 1098075*a1_0*b4*q11_1*q6_0 + 120285*a1_0*b4*q2_0**3 - 441045*a1_0*b4*q2_0**2*q7_1**2 - 882090*a1_0*b4*q2_0**2*q8_1 - 1698840*a1_0*b4*q2_0*q3_0*q7_1 - 457380*a1_0*b4*q2_0*q4_0 + 1437480*a1_0*b4*q2_0*q7_1*q9_1 + 718740*a1_0*b4*q2_0*q8_1**2 - 348480*a1_0*b4*q3_0**2 + 1597200*a1_0*b4*q3_0*q7_1*q8_1 + 1597200*a1_0*b4*q3_0*q9_1 + 559020*a1_0*b4*q4_0*q7_1**2 + 1118040*a1_0*b4*q4_0*q8_1 + 718740*a1_0*b4*q5_0*q7_1 + 199650*a1_0*b4*q6_0 - 878460*a1_0*b4*q9_1**2 - 359370*a1_0*q10_1*q2_0*q7_1 - 798600*a1_0*q10_1*q3_0 + 878460*a1_0*q10_1*q9_1 - 359370*a1_0*q11_0*q2_0 + 878460*a1_0*q11_0*q8_1 - 1176120*a1_0*q11_1*q2_0**2*q3_0 + 1078110*a1_0*q11_1*q2_0*q5_0 + 2236080*a1_0*q11_1*q3_0*q4_0 - 878460*a1_0*q11_1*q7_0 + 240570*a1_0*q2_0**3*q7_1 + 160380*a1_0*q2_0**2*q3_0 + 261360*a1_0*q2_0*q3_0*q7_1**2 + 522720*a1_0*q2_0*q3_0*q8_1 + 228690*a1_0*q2_0*q4_0*q7_1 - 359370*a1_0*q2_0*q8_1*q9_1 + 348480*a1_0*q3_0**2*q7_1 + 152460*a1_0*q3_0*q4_0 - 798600*a1_0*q3_0*q7_1*q9_1 - 399300*a1_0*q3_0*q8_1**2 - 559020*a1_0*q4_0*q7_1*q8_1 - 559020*a1_0*q4_0*q9_1 - 179685*a1_0*q5_0*q7_1**2 - 359370*a1_0*q5_0*q8_1 - 199650*a1_0*q6_0*q7_1 - 39930*a1_0*q7_0 + 307461*a2_0*b3*q11_1 - 111804*a2_0*b3 + 614922*a2_0*b4**2*q10_1 + 205821*a2_0*b4**2*q2_0**2 - 335412*a2_0*b4**2*q2_0*q7_1**2 - 670824*a2_0*b4**2*q2_0*q8_1 - 447216*a2_0*b4**2*q3_0*q7_1 - 130438*a2_0*b4**2*q4_0 + 614922*a2_0*b4**2*q7_1*q9_1 + 307461*a2_0*b4**2*q8_1**2 - 1229844*a2_0*b4*q10_1*q7_1 - 1229844*a2_0*b4*q11_0 - 2683296*a2_0*b4*q11_1*q2_0*q3_0 + 1229844*a2_0*b4*q11_1*q5_0 - 274428*a2_0*b4*q2_0**2*q7_1 - 182952*a2_0*b4*q2_0*q3_0 + 838530*a2_0*b4*q2_0*q7_1*q8_1 + 838530*a2_0*b4*q2_0*q9_1 + 447216*a2_0*b4*q3_0*q7_1**2 + 894432*a2_0*b4*q3_0*q8_1 + 521752*a2_0*b4*q4_0*q7_1 + 111804*a2_0*b4*q5_0 - 1229844*a2_0*b4*q8_1*q9_1 - 167706*a2_0*q10_1*q2_0 + 614922*a2_0*q10_1*q8_1 + 614922*a2_0*q11_0*q7_1 + 1173942*a2_0*q11_1*q2_0*q4_0 + 1192576*a2_0*q11_1*q3_0**2 - 1024870*a2_0*q11_1*q6_0 + 168399*a2_0*q2_0**3 - 68607*a2_0*q2_0**2*q7_1**2 - 137214*a2_0*q2_0**2*q8_1 - 106722*a2_0*q2_0*q4_0 - 167706*a2_0*q2_0*q7_1*q9_1 - 83853*a2_0*q2_0*q8_1**2 - 447216*a2_0*q3_0*q7_1*q8_1 - 447216*a2_0*q3_0*q9_1 - 130438*a2_0*q4_0*q7_1**2 - 260876*a2_0*q4_0*q8_1 - 111804*a2_0*q5_0*q7_1 + 307461*a2_0*q9_1**2 - 311454*a3_0*b4**2*q2_0*q7_1 - 69212*a3_0*b4**2*q3_0 + 380666*a3_0*b4**2*q7_1*q8_1 + 380666*a3_0*b4**2*q9_1 - 761332*a3_0*b4*q10_1 - 1401543*a3_0*b4*q11_1*q2_0**2 + 1332331*a3_0*b4*q11_1*q4_0 + 127413*a3_0*b4*q2_0**2 + 155727*a3_0*b4*q2_0*q7_1**2 + 311454*a3_0*b4*q2_0*q8_1 + 276848*a3_0*b4*q3_0*q7_1 - 761332*a3_0*b4*q7_1*q9_1 - 380666*a3_0*b4*q8_1**2 + 380666*a3_0*q10_1*q7_1 + 380666*a3_0*q11_0 + 1245816*a3_0*q11_1*q2_0*q3_0 - 1141998*a3_0*q11_1*q5_0 - 254826*a3_0*q2_0**2*q7_1 - 226512*a3_0*q2_0*q3_0 - 69212*a3_0*q3_0*q7_1**2 - 138424*a3_0*q3_0*q8_1 + 51909*a3_0*q5_0 + 380666*a3_0*q8_1*q9_1 + 87846*a4_0*b4**2*q7_1**2 + 175692*a4_0*b4**2*q8_1 + 1405536*a4_0*b4*q11_1*q3_0 - 143748*a4_0*b4*q2_0*q7_1 - 127776*a4_0*b4*q3_0 - 351384*a4_0*b4*q7_1*q8_1 - 351384*a4_0*b4*q9_1 + 175692*a4_0*q10_1 - 1229844*a4_0*q11_1*q4_0 - 176418*a4_0*q2_0**2 + 71874*a4_0*q2_0*q7_1**2 + 143748*a4_0*q2_0*q8_1 + 127776*a4_0*q3_0*q7_1 + 111804*a4_0*q4_0 + 175692*a4_0*q7_1*q9_1 + 87846*a4_0*q8_1**2 - 73205*a6_0*b4**2 + 292820*a6_0*b4*q7_1 + 179685*a6_0*q2_0 - 73205*a6_0*q7_1**2 - 146410*a6_0*q8_1 - 1449459*a7_0*b4*q11_1 + 263538*a7_0*b4 - 263538*a7_0*q7_1 + 1288408*a8_0*q11_1 - 175692*a8_0 - 159720*b3*b4**2 - 585640*b3*b4*q11_1*q7_1 + 958320*b3*b4*q7_1 - 766656*b3*q11_1*q2_0 + 585640*b3*q11_1*q8_1 + 322344*b3*q2_0 - 479160*b3*q7_1**2 - 479160*b3*q8_1 - 1533312*b4**2*q10_1*q2_0 + 1171280*b4**2*q10_1*q8_1 + 1171280*b4**2*q11_0*q7_1 - 513216*b4**2*q2_0**3 + 705672*b4**2*q2_0**2*q7_1**2 + 1411344*b4**2*q2_0**2*q8_1 + 2090880*b4**2*q2_0*q3_0*q7_1 + 731808*b4**2*q2_0*q4_0 - 1533312*b4**2*q2_0*q7_1*q9_1 - 766656*b4**2*q2_0*q8_1**2 + 371712*b4**2*q3_0**2 - 1192576*b4**2*q3_0*q7_1*q8_1 - 1192576*b4**2*q3_0*q9_1 - 447216*b4**2*q4_0*q7_1**2 - 894432*b4**2*q4_0*q8_1 - 638880*b4**2*q5_0*q7_1 - 212960*b4**2*q6_0 + 585640*b4**2*q9_1**2 + 2108304*b4*q10_1*q2_0*q7_1 + 2385152*b4*q10_1*q3_0 - 2342560*b4*q10_1*q9_1 + 2108304*b4*q11_0*q2_0 - 2342560*b4*q11_0*q8_1 + 3763584*b4*q11_1*q2_0**2*q3_0 - 2299968*b4*q11_1*q2_0*q5_0 - 2385152*b4*q11_1*q3_0*q4_0 + 937024*b4*q11_1*q7_0 + 898128*b4*q2_0**3*q7_1 + 1197504*b4*q2_0**2*q3_0 - 1568160*b4*q2_0**2*q7_1*q8_1 - 1568160*b4*q2_0**2*q9_1 - 1603008*b4*q2_0*q3_0*q7_1**2 - 3206016*b4*q2_0*q3_0*q8_1 - 2195424*b4*q2_0*q4_0*q7_1 - 679536*b4*q2_0*q5_0 + 2108304*b4*q2_0*q8_1*q9_1 - 1486848*b4*q3_0**2*q7_1 - 975744*b4*q3_0*q4_0 + 2385152*b4*q3_0*q7_1*q9_1 + 1192576*b4*q3_0*q8_1**2 + 1788864*b4*q4_0*q7_1*q8_1 + 1788864*b4*q4_0*q9_1 + 638880*b4*q5_0*q7_1**2 + 1277760*b4*q5_0*q8_1 + 851840*b4*q6_0*q7_1 + 255552*b4*q7_0 + 585640*q10_1**2 + 156816*q10_1*q2_0**2 - 574992*q10_1*q2_0*q8_1 - 1192576*q10_1*q3_0*q7_1 - 894432*q10_1*q4_0 - 574992*q11_0*q2_0*q7_1 - 1192576*q11_0*q3_0 + 1171280*q11_0*q9_1 - 1097712*q11_1*q2_0**2*q4_0 - 2230272*q11_1*q2_0*q3_0**2 + 958320*q11_1*q2_0*q6_0 + 2044416*q11_1*q3_0*q5_0 + 1043504*q11_1*q4_0**2 - 702768*q11_1*q8_0 - 157464*q2_0**4 + 64152*q2_0**3*q7_1**2 + 128304*q2_0**3*q8_1 - 342144*q2_0**2*q3_0*q7_1 + 156816*q2_0**2*q7_1*q9_1 + 78408*q2_0**2*q8_1**2 - 304128*q2_0*q3_0**2 + 1115136*q2_0*q3_0*q7_1*q8_1 + 1115136*q2_0*q3_0*q9_1 + 365904*q2_0*q4_0*q7_1**2 + 731808*q2_0*q4_0*q8_1 + 418176*q2_0*q5_0*q7_1 + 87120*q2_0*q6_0 - 287496*q2_0*q9_1**2 + 371712*q3_0**2*q7_1**2 + 743424*q3_0**2*q8_1 + 975744*q3_0*q4_0*q7_1 + 278784*q3_0*q5_0 - 1192576*q3_0*q8_1*q9_1 + 142296*q4_0**2 - 894432*q4_0*q7_1*q9_1 - 447216*q4_0*q8_1**2 - 638880*q5_0*q7_1*q8_1 - 638880*q5_0*q9_1 - 212960*q6_0*q7_1**2 - 425920*q6_0*q8_1 - 255552*q7_0*q7_1 - 63888*q8_0
42	7	[1,2]	3	17	770*a1_0*b4**2 + 7260*a1_0*b4*q11_1*q7_1 - 4620*a1_0*b4*q7_1 + 2970*a1_0*q11_1*q2_0 - 7260*a1_0*q11_1*q8_1 - 1215*a1_0*q2_0 + 2310*a1_0*q7_1**2 + 2310*a1_0*q8_1 + 5082*a2_0*b4*q11_1 - 1232*a2_0*b4 - 5082*a2_0*q11_1*q7_1 + 1848*a2_0*q7_1 - 3146*a3_0*q11_1 + 429*a3_0 + 2640*b4**2*q7_1 - 4752*b4*q11_1*q2_0 + 9680*b4*q11_1*q8_1 + 3072*b4*q2_0 - 5280*b4*q7_1**2 - 5280*b4*q8_1 + 4752*q11_1*q2_0*q7_1 + 9856*q11_1*q3_0 - 9680*q11_1*q9_1 - 4608*q2_0*q7_1 - 1984*q3_0 + 880*q7_1**3 + 5280*q7_1*q8_1 + 2640*q9_1
44	7	[0,2]	4	17	770*a1_0*b1*b4**2 + 7260*a1_0*b1*b4*q11_1*q7_1 - 4620*a1_0*b1*b4*q7_1 + 2970*a1_0*b1*q11_1*q2_0 - 7260*a1_0*b1*q11_1*q8_1 - 1215*a1_0*b1*q2_0 + 2310*a1_0*b1*q7_1**2 + 2310*a1_0*b1*q8_1 + 5082*a2_0*b1*b4*q11_1 - 1232*a2_0*b1*b4 - 5082*a2_0*b1*q11_1*q7_1 + 1848*a2_0*b1*q7_1 - 3146*a3_0*b1*q11_1 + 429*a3_0*b1 + 2640*b1*b4**2*q7_1 - 4752*b1*b4*q11_1*q2_0 + 9680*b1*b4*q11_1*q8_1 + 3072*b1*b4*q2_0 - 5280*b1*b4*q7_1**2 - 5280*b1*b4*q8_1 + 4752*b1*q11_1*q2_0*q7_1 + 9856*b1*q11_1*q3_0 - 9680*b1*q11_1*q9_1 - 4608*b1*q2_0*q7_1 - 1984*b1*q3_0 + 880*b1*q7_1**3 + 5280*b1*q7_1*q8_1 + 2640*b1*q9_1
45	7	[0,1]	8	638	7730448*a10_0*b4*q3_0 - 10629366*a10_0*b4*q9_1 + 10629366*a10_0*q10_1 - 6764142*a10_0*q4_0 - 8857805*a11_0*b4*q8_1 + 8857805*a11_0*q9_1 - 7086244*a12_0*b4*q7_1 + 7086244*a12_0*q8_1 - 5314683*a13_0*b4 + 5314683*a13_0*q7_1 + 3543122*a14_0 - 3074610*a1_0*b2*b4**2 - 28989180*a1_0*b2*b4*q11_1*q7_1 + 18447660*a1_0*b2*b4*q7_1 - 11859210*a1_0*b2*q11_1*q2_0 + 28989180*a1_0*b2*q11_1*q8_1 + 4851495*a1_0*b2*q2_0 - 9223830*a1_0*b2*q7_1**2 - 9223830*a1_0*b2*q8_1 + 7027680*a1_0*b3*q10_1*q3_0 + 12937320*a1_0*b3*q11_1*q2_0**2*q3_0 - 11859210*a1_0*b3*q11_1*q2_0*q5_0 - 24596880*a1_0*b3*q11_1*q3_0*q4_0 + 9663060*a1_0*b3*q11_1*q7_0 + 3528360*a1_0*b3*q2_0**2*q3_0 - 4312440*a1_0*b3*q2_0*q3_0*q7_1**2 - 8624880*a1_0*b3*q2_0*q3_0*q8_1 - 6388800*a1_0*b3*q3_0**2*q7_1 - 2236080*a1_0*b3*q3_0*q4_0 + 7027680*a1_0*b3*q3_0*q7_1*q9_1 + 3513840*a1_0*b3*q3_0*q8_1**2 - 1976535*a1_0*b4*q10_0*q2_0 + 2415765*a1_0*b4*q10_0*q8_1 + 11320155*a1_0*b4*q10_1*q2_0**2*q4_0 + 22999680*a1_0*b4*q10_1*q2_0*q3_0**2 - 9882675*a1_0*b4*q10_1*q2_0*q6_0 - 21083040*a1_0*b4*q10_1*q3_0*q5_0 - 10761135*a1_0*b4*q10_1*q4_0**2 + 7247295*a1_0*b4*q10_1*q8_0 + 12937320*a1_0*b4*q11_0*q2_0**2*q3_0 - 11859210*a1_0*b4*q11_0*q2_0*q5_0 - 24596880*a1_0*b4*q11_0*q3_0*q4_0 + 9663060*a1_0*b4*q11_0*q7_0 + 8660520*a1_0*b4*q2_0**4*q3_0*q7_1 + 7577955*a1_0*b4*q2_0**4*q4_0 + 30792960*a1_0*b4*q2_0**3*q3_0**2 - 10585080*a1_0*b4*q2_0**3*q3_0*q9_1 - 9261945*a1_0*b4*q2_0**3*q4_0*q8_1 - 7938810*a1_0*b4*q2_0**3*q5_0*q7_1 - 6615675*a1_0*b4*q2_0**3*q6_0 - 28226880*a1_0*b4*q2_0**2*q3_0**2*q8_1 - 49397040*a1_0*b4*q2_0**2*q3_0*q4_0*q7_1 - 42340320*a1_0*b4*q2_0**2*q3_0*q5_0 - 21611205*a1_0*b4*q2_0**2*q4_0**2 + 9702990*a1_0*b4*q2_0**2*q5_0*q9_1 + 8085825*a1_0*b4*q2_0**2*q6_0*q8_1 + 6468660*a1_0*b4*q2_0**2*q7_0*q7_1 + 4851495*a1_0*b4*q2_0**2*q8_0 - 25090560*a1_0*b4*q2_0*q3_0**3*q7_1 - 65862720*a1_0*b4*q2_0*q3_0**2*q4_0 + 40249440*a1_0*b4*q2_0*q3_0*q4_0*q9_1 + 34499520*a1_0*b4*q2_0*q3_0*q5_0*q8_1 + 28749600*a1_0*b4*q2_0*q3_0*q6_0*q7_1 + 22999680*a1_0*b4*q2_0*q3_0*q7_0 + 17609130*a1_0*b4*q2_0*q4_0**2*q8_1 + 30187080*a1_0*b4*q2_0*q4_0*q5_0*q7_1 + 25155900*a1_0*b4*q2_0*q4_0*q6_0 + 12937320*a1_0*b4*q2_0*q5_0**2 - 7906140*a1_0*b4*q2_0*q7_0*q9_1 - 3953070*a1_0*b4*q2_0*q7_1*q9_0 - 5929605*a1_0*b4*q2_0*q8_0*q8_1 - 7434240*a1_0*b4*q3_0**4 + 10222080*a1_0*b4*q3_0**3*q9_1 + 26832960*a1_0*b4*q3_0**2*q4_0*q8_1 + 22999680*a1_0*b4*q3_0**2*q5_0*q7_1 + 19166400*a1_0*b4*q3_0**2*q6_0 + 23478840*a1_0*b4*q3_0*q4_0**2*q7_1 + 40249440*a1_0*b4*q3_0*q4_0*q5_0 - 17569200*a1_0*b4*q3_0*q6_0*q9_1 - 14055360*a1_0*b4*q3_0*q7_0*q8_1 - 10541520*a1_0*b4*q3_0*q7_1*q8_0 - 7027680*a1_0*b4*q3_0*q9_0 + 6847995*a1_0*b4*q4_0**3 - 18447660*a1_0*b4*q4_0*q5_0*q9_1 - 15373050*a1_0*b4*q4_0*q6_0*q8_1 - 12298440*a1_0*b4*q4_0*q7_0*q7_1 - 9223830*a1_0*b4*q4_0*q8_0 - 7906140*a1_0*b4*q5_0**2*q8_1 - 13176900*a1_0*b4*q5_0*q6_0*q7_1 - 10541520*a1_0*b4*q5_0*q7_0 - 5490375*a1_0*b4*q6_0**2 + 4831530*a1_0*b4*q9_0*q9_1 + 1976535*a1_0*q10_0*q2_0*q7_1 + 1756920*a1_0*q10_0*q3_0 - 2415765*a1_0*q10_0*q9_1 - 9702990*a1_0*q10_1*q2_0**2*q5_0 - 20124720*a1_0*q10_1*q2_0*q3_0*q4_0 + 7906140*a1_0*q10_1*q2_0*q7_0 + 8784600*a1_0*q10_1*q3_0*q6_0 + 18447660*a1_0*q10_1*q4_0*q5_0 - 4831530*a1_0*q10_1*q9_0 - 11320155*a1_0*q11_0*q2_0**2*q4_0 + 9882675*a1_0*q11_0*q2_0*q6_0 + 10541520*a1_0*q11_0*q3_0*q5_0 + 10761135*a1_0*q11_0*q4_0**2 - 7247295*a1_0*q11_0*q8_0 - 7577955*a1_0*q2_0**4*q4_0*q7_1 - 6495390*a1_0*q2_0**4*q5_0 - 26943840*a1_0*q2_0**3*q3_0*q4_0 + 9261945*a1_0*q2_0**3*q4_0*q9_1 + 7938810*a1_0*q2_0**3*q5_0*q8_1 + 6615675*a1_0*q2_0**3*q6_0*q7_1 + 5292540*a1_0*q2_0**3*q7_0 + 24698520*a1_0*q2_0**2*q3_0*q4_0*q8_1 + 21170160*a1_0*q2_0**2*q3_0*q5_0*q7_1 + 17641800*a1_0*q2_0**2*q3_0*q6_0 + 21611205*a1_0*q2_0**2*q4_0**2*q7_1 + 37047780*a1_0*q2_0**2*q4_0*q5_0 - 8085825*a1_0*q2_0**2*q6_0*q9_1 - 6468660*a1_0*q2_0**2*q7_0*q8_1 - 4851495*a1_0*q2_0**2*q7_1*q8_0 - 3234330*a1_0*q2_0**2*q9_0 + 21954240*a1_0*q2_0*q3_0**2*q4_0*q7_1 + 18817920*a1_0*q2_0*q3_0**2*q5_0 + 38419920*a1_0*q2_0*q3_0*q4_0**2 - 17249760*a1_0*q2_0*q3_0*q5_0*q9_1 - 14374800*a1_0*q2_0*q3_0*q6_0*q8_1 - 11499840*a1_0*q2_0*q3_0*q7_0*q7_1 - 8624880*a1_0*q2_0*q3_0*q8_0 - 17609130*a1_0*q2_0*q4_0**2*q9_1 - 30187080*a1_0*q2_0*q4_0*q5_0*q8_1 - 25155900*a1_0*q2_0*q4_0*q6_0*q7_1 - 20124720*a1_0*q2_0*q4_0*q7_0 - 12937320*a1_0*q2_0*q5_0**2*q7_1 - 21562200*a1_0*q2_0*q5_0*q6_0 + 5929605*a1_0*q2_0*q8_0*q9_1 + 3953070*a1_0*q2_0*q8_1*q9_0 + 6504960*a1_0*q3_0**3*q4_0 - 8944320*a1_0*q3_0**2*q4_0*q9_1 - 7666560*a1_0*q3_0**2*q5_0*q8_1 - 6388800*a1_0*q3_0**2*q6_0*q7_1 - 5111040*a1_0*q3_0**2*q7_0 - 15652560*a1_0*q3_0*q4_0**2*q8_1 - 26832960*a1_0*q3_0*q4_0*q5_0*q7_1 - 22360800*a1_0*q3_0*q4_0*q6_0 - 11499840*a1_0*q3_0*q5_0**2 + 7027680*a1_0*q3_0*q7_0*q9_1 + 3513840*a1_0*q3_0*q7_1*q9_0 + 5270760*a1_0*q3_0*q8_0*q8_1 - 6847995*a1_0*q4_0**3*q7_1 - 17609130*a1_0*q4_0**2*q5_0 + 15373050*a1_0*q4_0*q6_0*q9_1 + 12298440*a1_0*q4_0*q7_0*q8_1 + 9223830*a1_0*q4_0*q7_1*q8_0 + 6149220*a1_0*q4_0*q9_0 + 7906140*a1_0*q5_0**2*q9_1 + 13176900*a1_0*q5_0*q6_0*q8_1 + 10541520*a1_0*q5_0*q7_0*q7_1 + 7906140*a1_0*q5_0*q8_0 + 5490375*a1_0*q6_0**2*q7_1 + 8784600*a1_0*q6_0*q7_0 - 20292426*a2_0*b2*b4*q11_1 + 4919376*a2_0*b2*b4 + 20292426*a2_0*b2*q11_1*q7_1 - 7379064*a2_0*b2*q7_1 - 12913362*a2_0*b3*q11_1*q2_0*q4_0 - 13118336*a2_0*b3*q11_1*q3_0**2 + 11273570*a2_0*b3*q11_1*q6_0 - 5366592*a2_0*b3*q2_0*q3_0*q7_1 - 1788864*a2_0*b3*q3_0**2 + 4919376*a2_0*b3*q3_0*q7_1*q8_1 + 4919376*a2_0*b3*q3_0*q9_1 + 2254714*a2_0*b4*q10_0*q7_1 + 12074832*a2_0*b4*q10_1*q2_0**2*q3_0 - 11068596*a2_0*b4*q10_1*q2_0*q5_0 - 22957088*a2_0*b4*q10_1*q3_0*q4_0 + 9018856*a2_0*b4*q10_1*q7_0 - 12913362*a2_0*b4*q11_0*q2_0*q4_0 - 13118336*a2_0*b4*q11_0*q3_0**2 + 11273570*a2_0*b4*q11_0*q6_0 + 8083152*a2_0*b4*q2_0**4*q3_0 - 9879408*a2_0*b4*q2_0**3*q3_0*q8_1 - 8644482*a2_0*b4*q2_0**3*q4_0*q7_1 - 7409556*a2_0*b4*q2_0**3*q5_0 - 26345088*a2_0*b4*q2_0**2*q3_0**2*q7_1 - 46103904*a2_0*b4*q2_0**2*q3_0*q4_0 + 10565478*a2_0*b4*q2_0**2*q4_0*q9_1 + 9056124*a2_0*b4*q2_0**2*q5_0*q8_1 + 7546770*a2_0*b4*q2_0**2*q6_0*q7_1 + 6037416*a2_0*b4*q2_0**2*q7_0 - 23417856*a2_0*b4*q2_0*q3_0**3 + 21466368*a2_0*b4*q2_0*q3_0**2*q9_1 + 37566144*a2_0*b4*q2_0*q3_0*q4_0*q8_1 + 32199552*a2_0*b4*q2_0*q3_0*q5_0*q7_1 + 26832960*a2_0*b4*q2_0*q3_0*q6_0 + 16435188*a2_0*b4*q2_0*q4_0**2*q7_1 + 28174608*a2_0*b4*q2_0*q4_0*q5_0 - 9223830*a2_0*b4*q2_0*q6_0*q9_1 - 7379064*a2_0*b4*q2_0*q7_0*q8_1 - 5534298*a2_0*b4*q2_0*q7_1*q8_0 - 3689532*a2_0*b4*q2_0*q9_0 + 9540608*a2_0*b4*q3_0**3*q8_1 + 25044096*a2_0*b4*q3_0**2*q4_0*q7_1 + 21466368*a2_0*b4*q3_0**2*q5_0 + 21913584*a2_0*b4*q3_0*q4_0**2 - 19677504*a2_0*b4*q3_0*q5_0*q9_1 - 16397920*a2_0*b4*q3_0*q6_0*q8_1 - 13118336*a2_0*b4*q3_0*q7_0*q7_1 - 9838752*a2_0*b4*q3_0*q8_0 - 10043726*a2_0*b4*q4_0**2*q9_1 - 17217816*a2_0*b4*q4_0*q5_0*q8_1 - 14348180*a2_0*b4*q4_0*q6_0*q7_1 - 11478544*a2_0*b4*q4_0*q7_0 - 7379064*a2_0*b4*q5_0**2*q7_1 - 12298440*a2_0*b4*q5_0*q6_0 + 6764142*a2_0*b4*q8_0*q9_1 + 4509428*a2_0*b4*q8_1*q9_0 + 1844766*a2_0*q10_0*q2_0 - 2254714*a2_0*q10_0*q8_1 - 10565478*a2_0*q10_1*q2_0**2*q4_0 + 9223830*a2_0*q10_1*q2_0*q6_0 + 9838752*a2_0*q10_1*q3_0*q5_0 + 10043726*a2_0*q10_1*q4_0**2 - 6764142*a2_0*q10_1*q8_0 + 11068596*a2_0*q11_0*q2_0*q5_0 + 11478544*a2_0*q11_0*q3_0*q4_0 - 9018856*a2_0*q11_0*q7_0 - 7072758*a2_0*q2_0**4*q4_0 + 8644482*a2_0*q2_0**3*q4_0*q8_1 + 7409556*a2_0*q2_0**3*q5_0*q7_1 + 6174630*a2_0*q2_0**3*q6_0 + 23051952*a2_0*q2_0**2*q3_0*q4_0*q7_1 + 19758816*a2_0*q2_0**2*q3_0*q5_0 + 20170458*a2_0*q2_0**2*q4_0**2 - 9056124*a2_0*q2_0**2*q5_0*q9_1 - 7546770*a2_0*q2_0**2*q6_0*q8_1 - 6037416*a2_0*q2_0**2*q7_0*q7_1 - 4528062*a2_0*q2_0**2*q8_0 + 20490624*a2_0*q2_0*q3_0**2*q4_0 - 18783072*a2_0*q2_0*q3_0*q4_0*q9_1 - 16099776*a2_0*q2_0*q3_0*q5_0*q8_1 - 13416480*a2_0*q2_0*q3_0*q6_0*q7_1 - 10733184*a2_0*q2_0*q3_0*q7_0 - 16435188*a2_0*q2_0*q4_0**2*q8_1 - 28174608*a2_0*q2_0*q4_0*q5_0*q7_1 - 23478840*a2_0*q2_0*q4_0*q6_0 - 12074832*a2_0*q2_0*q5_0**2 + 7379064*a2_0*q2_0*q7_0*q9_1 + 3689532*a2_0*q2_0*q7_1*q9_0 + 5534298*a2_0*q2_0*q8_0*q8_1 - 8348032*a2_0*q3_0**2*q4_0*q8_1 - 7155456*a2_0*q3_0**2*q5_0*q7_1 - 5962880*a2_0*q3_0**2*q6_0 - 14609056*a2_0*q3_0*q4_0**2*q7_1 - 25044096*a2_0*q3_0*q4_0*q5_0 + 8198960*a2_0*q3_0*q6_0*q9_1 + 6559168*a2_0*q3_0*q7_0*q8_1 + 4919376*a2_0*q3_0*q7_1*q8_0 + 3279584*a2_0*q3_0*q9_0 - 6391462*a2_0*q4_0**3 + 17217816*a2_0*q4_0*q5_0*q9_1 + 14348180*a2_0*q4_0*q6_0*q8_1 + 11478544*a2_0*q4_0*q7_0*q7_1 + 8608908*a2_0*q4_0*q8_0 + 7379064*a2_0*q5_0**2*q8_1 + 12298440*a2_0*q5_0*q6_0*q7_1 + 9838752*a2_0*q5_0*q7_0 + 5124350*a2_0*q6_0**2 - 4509428*a2_0*q9_0*q9_1 + 12561978*a3_0*b2*q11_1 - 1712997*a3_0*b2 - 13703976*a3_0*b3*q11_1*q2_0*q3_0 + 12561978*a3_0*b3*q11_1*q5_0 - 1245816*a3_0*b3*q2_0*q3_0 + 1522664*a3_0*b3*q3_0*q7_1**2 + 3045328*a3_0*b3*q3_0*q8_1 + 2093663*a3_0*b4*q10_0 - 11990979*a3_0*b4*q10_1*q2_0*q4_0 - 12181312*a3_0*b4*q10_1*q3_0**2 + 10468315*a3_0*b4*q10_1*q6_0 - 13703976*a3_0*b4*q11_0*q2_0*q3_0 + 12561978*a3_0*b4*q11_0*q5_0 - 9173736*a3_0*b4*q2_0**3*q3_0*q7_1 - 8027019*a3_0*b4*q2_0**3*q4_0 - 24463296*a3_0*b4*q2_0**2*q3_0**2 + 11212344*a3_0*b4*q2_0**2*q3_0*q9_1 + 9810801*a3_0*b4*q2_0**2*q4_0*q8_1 + 8409258*a3_0*b4*q2_0**2*q5_0*q7_1 + 7007715*a3_0*b4*q2_0**2*q6_0 + 19933056*a3_0*b4*q2_0*q3_0**2*q8_1 + 34882848*a3_0*b4*q2_0*q3_0*q4_0*q7_1 + 29899584*a3_0*b4*q2_0*q3_0*q5_0 + 15261246*a3_0*b4*q2_0*q4_0**2 - 10277982*a3_0*b4*q2_0*q5_0*q9_1 - 8564985*a3_0*b4*q2_0*q6_0*q8_1 - 6851988*a3_0*b4*q2_0*q7_0*q7_1 - 5138991*a3_0*b4*q2_0*q8_0 + 8859136*a3_0*b4*q3_0**3*q7_1 + 23255232*a3_0*b4*q3_0**2*q4_0 - 21317296*a3_0*b4*q3_0*q4_0*q9_1 - 18271968*a3_0*b4*q3_0*q5_0*q8_1 - 15226640*a3_0*b4*q3_0*q6_0*q7_1 - 12181312*a3_0*b4*q3_0*q7_0 - 9326317*a3_0*b4*q4_0**2*q8_1 - 15987972*a3_0*b4*q4_0*q5_0*q7_1 - 13323310*a3_0*b4*q4_0*q6_0 - 6851988*a3_0*b4*q5_0**2 + 8374652*a3_0*b4*q7_0*q9_1 + 4187326*a3_0*b4*q7_1*q9_0 + 6280989*a3_0*b4*q8_0*q8_1 - 2093663*a3_0*q10_0*q7_1 + 10277982*a3_0*q10_1*q2_0*q5_0 + 10658648*a3_0*q10_1*q3_0*q4_0 - 8374652*a3_0*q10_1*q7_0 + 11990979*a3_0*q11_0*q2_0*q4_0 - 10468315*a3_0*q11_0*q6_0 + 8027019*a3_0*q2_0**3*q4_0*q7_1 + 6880302*a3_0*q2_0**3*q5_0 + 21405384*a3_0*q2_0**2*q3_0*q4_0 - 9810801*a3_0*q2_0**2*q4_0*q9_1 - 8409258*a3_0*q2_0**2*q5_0*q8_1 - 7007715*a3_0*q2_0**2*q6_0*q7_1 - 5606172*a3_0*q2_0**2*q7_0 - 17441424*a3_0*q2_0*q3_0*q4_0*q8_1 - 14949792*a3_0*q2_0*q3_0*q5_0*q7_1 - 12458160*a3_0*q2_0*q3_0*q6_0 - 15261246*a3_0*q2_0*q4_0**2*q7_1 - 26162136*a3_0*q2_0*q4_0*q5_0 + 8564985*a3_0*q2_0*q6_0*q9_1 + 6851988*a3_0*q2_0*q7_0*q8_1 + 5138991*a3_0*q2_0*q7_1*q8_0 + 3425994*a3_0*q2_0*q9_0 - 7751744*a3_0*q3_0**2*q4_0*q7_1 - 6644352*a3_0*q3_0**2*q5_0 - 13565552*a3_0*q3_0*q4_0**2 + 9135984*a3_0*q3_0*q5_0*q9_1 + 7613320*a3_0*q3_0*q6_0*q8_1 + 6090656*a3_0*q3_0*q7_0*q7_1 + 4567992*a3_0*q3_0*q8_0 + 9326317*a3_0*q4_0**2*q9_1 + 15987972*a3_0*q4_0*q5_0*q8_1 + 13323310*a3_0*q4_0*q6_0*q7_1 + 10658648*a3_0*q4_0*q7_0 + 6851988*a3_0*q5_0**2*q7_1 + 11419980*a3_0*q5_0*q6_0 - 6280989*a3_0*q8_0*q9_1 - 4187326*a3_0*q8_1*q9_0 + 13528284*a4_0*b3*q11_1*q4_0 + 1405536*a4_0*b3*q3_0*q7_1 - 12649824*a4_0*b4*q10_1*q2_0*q3_0 + 11595672*a4_0*b4*q10_1*q5_0 + 13528284*a4_0*b4*q11_0*q4_0 - 8468064*a4_0*b4*q2_0**3*q3_0 + 10349856*a4_0*b4*q2_0**2*q3_0*q8_1 + 9056124*a4_0*b4*q2_0**2*q4_0*q7_1 + 7762392*a4_0*b4*q2_0**2*q5_0 + 18399744*a4_0*b4*q2_0*q3_0**2*q7_1 + 32199552*a4_0*b4*q2_0*q3_0*q4_0 - 11068596*a4_0*b4*q2_0*q4_0*q9_1 - 9487368*a4_0*b4*q2_0*q5_0*q8_1 - 7906140*a4_0*b4*q2_0*q6_0*q7_1 - 6324912*a4_0*b4*q2_0*q7_0 + 8177664*a4_0*b4*q3_0**3 - 11244288*a4_0*b4*q3_0**2*q9_1 - 19677504*a4_0*b4*q3_0*q4_0*q8_1 - 16866432*a4_0*b4*q3_0*q5_0*q7_1 - 14055360*a4_0*b4*q3_0*q6_0 - 8608908*a4_0*b4*q4_0**2*q7_1 - 14758128*a4_0*b4*q4_0*q5_0 + 9663060*a4_0*b4*q6_0*q9_1 + 7730448*a4_0*b4*q7_0*q8_1 + 5797836*a4_0*b4*q7_1*q8_0 + 3865224*a4_0*b4*q9_0 - 1932612*a4_0*q10_0 + 11068596*a4_0*q10_1*q2_0*q4_0 - 9663060*a4_0*q10_1*q6_0 - 11595672*a4_0*q11_0*q5_0 + 7409556*a4_0*q2_0**3*q4_0 - 9056124*a4_0*q2_0**2*q4_0*q8_1 - 7762392*a4_0*q2_0**2*q5_0*q7_1 - 6468660*a4_0*q2_0**2*q6_0 - 16099776*a4_0*q2_0*q3_0*q4_0*q7_1 - 13799808*a4_0*q2_0*q3_0*q5_0 - 14087304*a4_0*q2_0*q4_0**2 + 9487368*a4_0*q2_0*q5_0*q9_1 + 7906140*a4_0*q2_0*q6_0*q8_1 + 6324912*a4_0*q2_0*q7_0*q7_1 + 4743684*a4_0*q2_0*q8_0 - 7155456*a4_0*q3_0**2*q4_0 + 9838752*a4_0*q3_0*q4_0*q9_1 + 8433216*a4_0*q3_0*q5_0*q8_1 + 7027680*a4_0*q3_0*q6_0*q7_1 + 5622144*a4_0*q3_0*q7_0 + 8608908*a4_0*q4_0**2*q8_1 + 14758128*a4_0*q4_0*q5_0*q7_1 + 12298440*a4_0*q4_0*q6_0 + 6324912*a4_0*q5_0**2 - 7730448*a4_0*q7_0*q9_1 - 3865224*a4_0*q7_1*q9_0 - 5797836*a4_0*q8_0*q8_1 + 12884080*a6_0*b4*q10_1*q3_0 + 8624880*a6_0*b4*q2_0**2*q3_0 - 10541520*a6_0*b4*q2_0*q3_0*q8_1 - 9223830*a6_0*b4*q2_0*q4_0*q7_1 - 7906140*a6_0*b4*q2_0*q5_0 - 9370240*a6_0*b4*q3_0**2*q7_1 - 16397920*a6_0*b4*q3_0*q4_0 + 11273570*a6_0*b4*q4_0*q9_1 + 9663060*a6_0*b4*q5_0*q8_1 + 8052550*a6_0*b4*q6_0*q7_1 + 6442040*a6_0*b4*q7_0 - 11273570*a6_0*q10_1*q4_0 - 7546770*a6_0*q2_0**2*q4_0 + 9223830*a6_0*q2_0*q4_0*q8_1 + 7906140*a6_0*q2_0*q5_0*q7_1 + 6588450*a6_0*q2_0*q6_0 + 8198960*a6_0*q3_0*q4_0*q7_1 + 7027680*a6_0*q3_0*q5_0 + 7174090*a6_0*q4_0**2 - 9663060*a6_0*q5_0*q9_1 - 8052550*a6_0*q6_0*q8_1 - 6442040*a6_0*q7_0*q7_1 - 4831530*a6_0*q8_0 - 9487368*a7_0*b4*q2_0*q3_0*q7_1 - 8301447*a7_0*b4*q2_0*q4_0 - 8433216*a7_0*b4*q3_0**2 + 11595672*a7_0*b4*q3_0*q9_1 + 10146213*a7_0*b4*q4_0*q8_1 + 8696754*a7_0*b4*q5_0*q7_1 + 7247295*a7_0*b4*q6_0 + 8301447*a7_0*q2_0*q4_0*q7_1 + 7115526*a7_0*q2_0*q5_0 + 7379064*a7_0*q3_0*q4_0 - 10146213*a7_0*q4_0*q9_1 - 8696754*a7_0*q5_0*q8_1 - 7247295*a7_0*q6_0*q7_1 - 5797836*a7_0*q7_0 - 14172488*a8_0*b3*q11_1 - 14172488*a8_0*b4*q11_0 - 8433216*a8_0*b4*q2_0*q3_0 + 10307264*a8_0*b4*q3_0*q8_1 + 9018856*a8_0*b4*q4_0*q7_1 + 7730448*a8_0*b4*q5_0 + 7379064*a8_0*q2_0*q4_0 - 9018856*a8_0*q4_0*q8_1 - 7730448*a8_0*q5_0*q7_1 - 6442040*a8_0*q6_0 - 12400927*a9_0*b4*q10_1 + 9018856*a9_0*b4*q3_0*q7_1 + 7891499*a9_0*b4*q4_0 + 12400927*a9_0*q11_0 - 7891499*a9_0*q4_0*q7_1 - 6764142*a9_0*q5_0 - 10541520*b2*b4**2*q7_1 + 18974736*b2*b4*q11_1*q2_0 - 38652240*b2*b4*q11_1*q8_1 - 12266496*b2*b4*q2_0 + 21083040*b2*b4*q7_1**2 + 21083040*b2*b4*q8_1 - 18974736*b2*q11_1*q2_0*q7_1 - 29984768*b2*q11_1*q3_0 + 38652240*b2*q11_1*q9_1 + 18399744*b2*q2_0*q7_1 + 7070272*b2*q3_0 - 3513840*b2*q7_1**3 - 21083040*b2*q7_1*q8_1 - 10541520*b2*q9_1 + 9370240*b3*q10_1*q3_0*q7_1 + 9370240*b3*q11_0*q3_0 + 12074832*b3*q11_1*q2_0**2*q4_0 + 24532992*b3*q11_1*q2_0*q3_0**2 - 10541520*b3*q11_1*q2_0*q6_0 - 22488576*b3*q11_1*q3_0*q5_0 - 11478544*b3*q11_1*q4_0**2 + 7730448*b3*q11_1*q8_0 + 11290752*b3*q2_0**2*q3_0*q7_1 + 8363520*b3*q2_0*q3_0**2 - 12266496*b3*q2_0*q3_0*q7_1*q8_1 - 12266496*b3*q2_0*q3_0*q9_1 - 4770304*b3*q3_0**2*q7_1**2 - 9540608*b3*q3_0**2*q8_1 - 7155456*b3*q3_0*q4_0*q7_1 - 2555520*b3*q3_0*q5_0 + 9370240*b3*q3_0*q8_1*q9_1 - 2108304*b4*q10_0*q2_0*q7_1 - 3748096*b4*q10_0*q3_0 + 2576816*b4*q10_0*q9_1 - 11290752*b4*q10_1*q2_0**3*q3_0 + 10349856*b4*q10_1*q2_0**2*q5_0 + 42932736*b4*q10_1*q2_0*q3_0*q4_0 - 8433216*b4*q10_1*q2_0*q7_0 + 10903552*b4*q10_1*q3_0**3 - 18740480*b4*q10_1*q3_0*q6_0 - 19677504*b4*q10_1*q4_0*q5_0 + 5153632*b4*q10_1*q9_0 + 12074832*b4*q11_0*q2_0**2*q4_0 + 24532992*b4*q11_0*q2_0*q3_0**2 - 10541520*b4*q11_0*q2_0*q6_0 - 22488576*b4*q11_0*q3_0*q5_0 - 11478544*b4*q11_0*q4_0**2 + 7730448*b4*q11_0*q8_0 - 7558272*b4*q2_0**5*q3_0 + 9237888*b4*q2_0**4*q3_0*q8_1 + 8083152*b4*q2_0**4*q4_0*q7_1 + 6928416*b4*q2_0**4*q5_0 + 32845824*b4*q2_0**3*q3_0**2*q7_1 + 57480192*b4*q2_0**3*q3_0*q4_0 - 9879408*b4*q2_0**3*q4_0*q9_1 - 8468064*b4*q2_0**3*q5_0*q8_1 - 7056720*b4*q2_0**3*q6_0*q7_1 - 5645376*b4*q2_0**3*q7_0 + 43794432*b4*q2_0**2*q3_0**3 - 30108672*b4*q2_0**2*q3_0**2*q9_1 - 52690176*b4*q2_0**2*q3_0*q4_0*q8_1 - 45163008*b4*q2_0**2*q3_0*q5_0*q7_1 - 37635840*b4*q2_0**2*q3_0*q6_0 - 23051952*b4*q2_0**2*q4_0**2*q7_1 - 39517632*b4*q2_0**2*q4_0*q5_0 + 8624880*b4*q2_0**2*q6_0*q9_1 + 6899904*b4*q2_0**2*q7_0*q8_1 + 5174928*b4*q2_0**2*q7_1*q8_0 + 3449952*b4*q2_0**2*q9_0 - 26763264*b4*q2_0*q3_0**3*q8_1 - 70253568*b4*q2_0*q3_0**2*q4_0*q7_1 - 60217344*b4*q2_0*q3_0**2*q5_0 - 61471872*b4*q2_0*q3_0*q4_0**2 + 36799488*b4*q2_0*q3_0*q5_0*q9_1 + 30666240*b4*q2_0*q3_0*q6_0*q8_1 + 24532992*b4*q2_0*q3_0*q7_0*q7_1 + 18399744*b4*q2_0*q3_0*q8_0 + 18783072*b4*q2_0*q4_0**2*q9_1 + 32199552*b4*q2_0*q4_0*q5_0*q8_1 + 26832960*b4*q2_0*q4_0*q6_0*q7_1 + 21466368*b4*q2_0*q4_0*q7_0 + 13799808*b4*q2_0*q5_0**2*q7_1 + 22999680*b4*q2_0*q5_0*q6_0 - 6324912*b4*q2_0*q8_0*q9_1 - 4216608*b4*q2_0*q8_1*q9_0 - 7929856*b4*q3_0**4*q7_1 - 27754496*b4*q3_0**3*q4_0 + 28621824*b4*q3_0**2*q4_0*q9_1 + 24532992*b4*q3_0**2*q5_0*q8_1 + 20444160*b4*q3_0**2*q6_0*q7_1 + 16355328*b4*q3_0**2*q7_0 + 25044096*b4*q3_0*q4_0**2*q8_1 + 42932736*b4*q3_0*q4_0*q5_0*q7_1 + 35777280*b4*q3_0*q4_0*q6_0 + 18399744*b4*q3_0*q5_0**2 - 14992384*b4*q3_0*q7_0*q9_1 - 7496192*b4*q3_0*q7_1*q9_0 - 11244288*b4*q3_0*q8_0*q8_1 + 7304528*b4*q4_0**3*q7_1 + 18783072*b4*q4_0**2*q5_0 - 16397920*b4*q4_0*q6_0*q9_1 - 13118336*b4*q4_0*q7_0*q8_1 - 9838752*b4*q4_0*q7_1*q8_0 - 6559168*b4*q4_0*q9_0 - 8433216*b4*q5_0**2*q9_1 - 14055360*b4*q5_0*q6_0*q8_1 - 11244288*b4*q5_0*q7_0*q7_1 - 8433216*b4*q5_0*q8_0 - 5856400*b4*q6_0**2*q7_1 - 9370240*b4*q6_0*q7_0 - 2576816*q10_0*q10_1 - 1724976*q10_0*q2_0**2 + 2108304*q10_0*q2_0*q8_1 + 1874048*q10_0*q3_0*q7_1 + 3279584*q10_0*q4_0 + 9879408*q10_1*q2_0**3*q4_0 - 8624880*q10_1*q2_0**2*q6_0 - 18399744*q10_1*q2_0*q3_0*q5_0 - 18783072*q10_1*q2_0*q4_0**2 + 6324912*q10_1*q2_0*q8_0 - 9540608*q10_1*q3_0**2*q4_0 + 7496192*q10_1*q3_0*q7_0 + 16397920*q10_1*q4_0*q6_0 + 8433216*q10_1*q5_0**2 - 10349856*q11_0*q2_0**2*q5_0 - 21466368*q11_0*q2_0*q3_0*q4_0 + 8433216*q11_0*q2_0*q7_0 + 9370240*q11_0*q3_0*q6_0 + 19677504*q11_0*q4_0*q5_0 - 5153632*q11_0*q9_0 + 6613488*q2_0**5*q4_0 - 8083152*q2_0**4*q4_0*q8_1 - 6928416*q2_0**4*q5_0*q7_1 - 5773680*q2_0**4*q6_0 - 28740096*q2_0**3*q3_0*q4_0*q7_1 - 24634368*q2_0**3*q3_0*q5_0 - 25147584*q2_0**3*q4_0**2 + 8468064*q2_0**3*q5_0*q9_1 + 7056720*q2_0**3*q6_0*q8_1 + 5645376*q2_0**3*q7_0*q7_1 + 4234032*q2_0**3*q8_0 - 38320128*q2_0**2*q3_0**2*q4_0 + 26345088*q2_0**2*q3_0*q4_0*q9_1 + 22581504*q2_0**2*q3_0*q5_0*q8_1 + 18817920*q2_0**2*q3_0*q6_0*q7_1 + 15054336*q2_0**2*q3_0*q7_0 + 23051952*q2_0**2*q4_0**2*q8_1 + 39517632*q2_0**2*q4_0*q5_0*q7_1 + 32931360*q2_0**2*q4_0*q6_0 + 16936128*q2_0**2*q5_0**2 - 6899904*q2_0**2*q7_0*q9_1 - 3449952*q2_0**2*q7_1*q9_0 - 5174928*q2_0**2*q8_0*q8_1 + 23417856*q2_0*q3_0**2*q4_0*q8_1 + 20072448*q2_0*q3_0**2*q5_0*q7_1 + 16727040*q2_0*q3_0**2*q6_0 + 40981248*q2_0*q3_0*q4_0**2*q7_1 + 70253568*q2_0*q3_0*q4_0*q5_0 - 15333120*q2_0*q3_0*q6_0*q9_1 - 12266496*q2_0*q3_0*q7_0*q8_1 - 9199872*q2_0*q3_0*q7_1*q8_0 - 6133248*q2_0*q3_0*q9_0 + 17929296*q2_0*q4_0**3 - 32199552*q2_0*q4_0*q5_0*q9_1 - 26832960*q2_0*q4_0*q6_0*q8_1 - 21466368*q2_0*q4_0*q7_0*q7_1 - 16099776*q2_0*q4_0*q8_0 - 13799808*q2_0*q5_0**2*q8_1 - 22999680*q2_0*q5_0*q6_0*q7_1 - 18399744*q2_0*q5_0*q7_0 - 9583200*q2_0*q6_0**2 + 4216608*q2_0*q9_0*q9_1 + 6938624*q3_0**3*q4_0*q7_1 + 5947392*q3_0**3*q5_0 + 18213888*q3_0**2*q4_0**2 - 8177664*q3_0**2*q5_0*q9_1 - 6814720*q3_0**2*q6_0*q8_1 - 5451776*q3_0**2*q7_0*q7_1 - 4088832*q3_0**2*q8_0 - 16696064*q3_0*q4_0**2*q9_1 - 28621824*q3_0*q4_0*q5_0*q8_1 - 23851520*q3_0*q4_0*q6_0*q7_1 - 19081216*q3_0*q4_0*q7_0 - 12266496*q3_0*q5_0**2*q7_1 - 20444160*q3_0*q5_0*q6_0 + 5622144*q3_0*q8_0*q9_1 + 3748096*q3_0*q8_1*q9_0 - 7304528*q4_0**3*q8_1 - 18783072*q4_0**2*q5_0*q7_1 - 15652560*q4_0**2*q6_0 - 16099776*q4_0*q5_0**2 + 13118336*q4_0*q7_0*q9_1 + 6559168*q4_0*q7_1*q9_0 + 9838752*q4_0*q8_0*q8_1 + 14055360*q5_0*q6_0*q9_1 + 11244288*q5_0*q7_0*q8_1 + 8433216*q5_0*q7_1*q8_0 + 5622144*q5_0*q9_0 + 5856400*q6_0**2*q8_1 + 9370240*q6_0*q7_0*q7_1 + 7027680*q6_0*q8_0 + 3748096*q7_0**2
46	7	[0,0]	6	305	279510*a1_0*b3*b4**2 + 878460*a1_0*b3*b4*q11_1*q7_1 - 1677060*a1_0*b3*b4*q7_1 + 359370*a1_0*b3*q11_1*q2_0 - 878460*a1_0*b3*q11_1*q8_1 - 441045*a1_0*b3*q2_0 + 838530*a1_0*b3*q7_1**2 + 838530*a1_0*b3*q8_1 + 718740*a1_0*b4**2*q10_1*q2_0 - 1756920*a1_0*b4**2*q10_1*q8_1 - 1756920*a1_0*b4**2*q11_0*q7_1 - 240570*a1_0*b4**2*q2_0**3 - 1045440*a1_0*b4**2*q2_0*q3_0*q7_1 - 228690*a1_0*b4**2*q2_0*q4_0 + 718740*a1_0*b4**2*q2_0*q7_1*q9_1 + 359370*a1_0*b4**2*q2_0*q8_1**2 - 348480*a1_0*b4**2*q3_0**2 + 1597200*a1_0*b4**2*q3_0*q7_1*q8_1 + 1597200*a1_0*b4**2*q3_0*q9_1 + 559020*a1_0*b4**2*q4_0*q7_1**2 + 1118040*a1_0*b4**2*q4_0*q8_1 + 718740*a1_0*b4**2*q5_0*q7_1 + 199650*a1_0*b4**2*q6_0 - 878460*a1_0*b4**2*q9_1**2 - 1437480*a1_0*b4*q10_1*q2_0*q7_1 - 1916640*a1_0*b4*q10_1*q3_0 + 3513840*a1_0*b4*q10_1*q9_1 - 1437480*a1_0*b4*q11_0*q2_0 + 3513840*a1_0*b4*q11_0*q8_1 - 2352240*a1_0*b4*q11_1*q2_0**2*q3_0 + 2156220*a1_0*b4*q11_1*q2_0*q5_0 + 4472160*a1_0*b4*q11_1*q3_0*q4_0 - 1756920*a1_0*b4*q11_1*q7_0 + 962280*a1_0*b4*q2_0**3*q7_1 + 1283040*a1_0*b4*q2_0**2*q3_0 + 261360*a1_0*b4*q2_0*q3_0*q7_1**2 + 522720*a1_0*b4*q2_0*q3_0*q8_1 + 914760*a1_0*b4*q2_0*q4_0*q7_1 - 1437480*a1_0*b4*q2_0*q8_1*q9_1 + 232320*a1_0*b4*q3_0**2*q7_1 + 203280*a1_0*b4*q3_0*q4_0 - 1916640*a1_0*b4*q3_0*q7_1*q9_1 - 958320*a1_0*b4*q3_0*q8_1**2 - 2236080*a1_0*b4*q4_0*q7_1*q8_1 - 2236080*a1_0*b4*q4_0*q9_1 - 718740*a1_0*b4*q5_0*q7_1**2 - 1437480*a1_0*b4*q5_0*q8_1 - 798600*a1_0*b4*q6_0*q7_1 - 159720*a1_0*b4*q7_0 - 878460*a1_0*q10_1**2 + 718740*a1_0*q10_1*q2_0*q8_1 + 319440*a1_0*q10_1*q3_0*q7_1 + 1118040*a1_0*q10_1*q4_0 + 718740*a1_0*q11_0*q2_0*q7_1 + 319440*a1_0*q11_0*q3_0 - 1756920*a1_0*q11_0*q9_1 + 2058210*a1_0*q11_1*q2_0**2*q4_0 - 1796850*a1_0*q11_1*q2_0*q6_0 - 1916640*a1_0*q11_1*q3_0*q5_0 - 1956570*a1_0*q11_1*q4_0**2 + 1317690*a1_0*q11_1*q8_0 + 393660*a1_0*q2_0**4 - 240570*a1_0*q2_0**3*q7_1**2 - 481140*a1_0*q2_0**3*q8_1 - 1924560*a1_0*q2_0**2*q3_0*q7_1 - 561330*a1_0*q2_0**2*q4_0 - 1140480*a1_0*q2_0*q3_0**2 + 522720*a1_0*q2_0*q3_0*q7_1*q8_1 + 522720*a1_0*q2_0*q3_0*q9_1 - 228690*a1_0*q2_0*q4_0*q7_1**2 - 457380*a1_0*q2_0*q4_0*q8_1 + 163350*a1_0*q2_0*q6_0 + 359370*a1_0*q2_0*q9_1**2 + 232320*a1_0*q3_0**2*q7_1**2 + 464640*a1_0*q3_0**2*q8_1 + 203280*a1_0*q3_0*q4_0*q7_1 + 261360*a1_0*q3_0*q5_0 + 319440*a1_0*q3_0*q8_1*q9_1 + 1118040*a1_0*q4_0*q7_1*q9_1 + 559020*a1_0*q4_0*q8_1**2 + 718740*a1_0*q5_0*q7_1*q8_1 + 718740*a1_0*q5_0*q9_1 + 199650*a1_0*q6_0*q7_1**2 + 399300*a1_0*q6_0*q8_1 + 159720*a1_0*q7_0*q7_1 + 614922*a2_0*b3*b4*q11_1 - 447216*a2_0*b3*b4 - 614922*a2_0*b3*q11_1*q7_1 + 670824*a2_0*b3*q7_1 - 1229844*a2_0*b4**2*q10_1*q7_1 - 1229844*a2_0*b4**2*q11_0 + 274428*a2_0*b4**2*q2_0**2*q7_1 + 335412*a2_0*b4**2*q2_0*q7_1*q8_1 + 335412*a2_0*b4**2*q2_0*q9_1 + 447216*a2_0*b4**2*q3_0*q7_1**2 + 894432*a2_0*b4**2*q3_0*q8_1 + 521752*a2_0*b4**2*q4_0*q7_1 + 111804*a2_0*b4**2*q5_0 - 1229844*a2_0*b4**2*q8_1*q9_1 - 670824*a2_0*b4*q10_1*q2_0 + 2459688*a2_0*b4*q10_1*q8_1 + 2459688*a2_0*b4*q11_0*q7_1 + 2347884*a2_0*b4*q11_1*q2_0*q4_0 + 2385152*a2_0*b4*q11_1*q3_0**2 - 2049740*a2_0*b4*q11_1*q6_0 + 673596*a2_0*b4*q2_0**3 - 274428*a2_0*b4*q2_0**2*q7_1**2 - 548856*a2_0*b4*q2_0**2*q8_1 - 975744*a2_0*b4*q2_0*q3_0*q7_1 - 426888*a2_0*b4*q2_0*q4_0 - 670824*a2_0*b4*q2_0*q7_1*q9_1 - 335412*a2_0*b4*q2_0*q8_1**2 - 325248*a2_0*b4*q3_0**2 - 894432*a2_0*b4*q3_0*q7_1*q8_1 - 894432*a2_0*b4*q3_0*q9_1 - 521752*a2_0*b4*q4_0*q7_1**2 - 1043504*a2_0*b4*q4_0*q8_1 - 447216*a2_0*b4*q5_0*q7_1 + 1229844*a2_0*b4*q9_1**2 + 335412*a2_0*q10_1*q2_0*q7_1 - 1229844*a2_0*q10_1*q9_1 + 335412*a2_0*q11_0*q2_0 - 1229844*a2_0*q11_0*q8_1 - 2012472*a2_0*q11_1*q2_0*q5_0 - 2087008*a2_0*q11_1*q3_0*q4_0 + 1639792*a2_0*q11_1*q7_0 - 673596*a2_0*q2_0**3*q7_1 - 1197504*a2_0*q2_0**2*q3_0 + 274428*a2_0*q2_0**2*q7_1*q8_1 + 274428*a2_0*q2_0**2*q9_1 + 487872*a2_0*q2_0*q3_0*q7_1**2 + 975744*a2_0*q2_0*q3_0*q8_1 + 426888*a2_0*q2_0*q4_0*q7_1 + 365904*a2_0*q2_0*q5_0 + 335412*a2_0*q2_0*q8_1*q9_1 + 650496*a2_0*q3_0**2*q7_1 + 474320*a2_0*q3_0*q4_0 + 521752*a2_0*q4_0*q7_1*q8_1 + 521752*a2_0*q4_0*q9_1 + 111804*a2_0*q5_0*q7_1**2 + 223608*a2_0*q5_0*q8_1 - 74536*a2_0*q7_0 - 380666*a3_0*b3*q11_1 + 155727*a3_0*b3 - 761332*a3_0*b4**2*q10_1 + 254826*a3_0*b4**2*q2_0**2 + 276848*a3_0*b4**2*q3_0*q7_1 - 761332*a3_0*b4**2*q7_1*q9_1 - 380666*a3_0*b4**2*q8_1**2 + 1522664*a3_0*b4*q10_1*q7_1 + 1522664*a3_0*b4*q11_0 + 2491632*a3_0*b4*q11_1*q2_0*q3_0 - 2283996*a3_0*b4*q11_1*q5_0 - 1019304*a3_0*b4*q2_0**2*q7_1 - 1132560*a3_0*b4*q2_0*q3_0 + 207636*a3_0*b4*q5_0 + 1522664*a3_0*b4*q8_1*q9_1 - 761332*a3_0*q10_1*q8_1 - 761332*a3_0*q11_0*q7_1 - 2180178*a3_0*q11_1*q2_0*q4_0 + 1903330*a3_0*q11_1*q6_0 - 416988*a3_0*q2_0**3 + 254826*a3_0*q2_0**2*q7_1**2 + 509652*a3_0*q2_0**2*q8_1 + 1359072*a3_0*q2_0*q3_0*q7_1 + 594594*a3_0*q2_0*q4_0 + 402688*a3_0*q3_0**2 - 276848*a3_0*q3_0*q7_1*q8_1 - 276848*a3_0*q3_0*q9_1 - 207636*a3_0*q5_0*q7_1 - 173030*a3_0*q6_0 - 380666*a3_0*q9_1**2 - 287496*a4_0*b4**2*q2_0*q7_1 - 127776*a4_0*b4**2*q3_0 - 351384*a4_0*b4**2*q7_1*q8_1 - 351384*a4_0*b4**2*q9_1 + 702768*a4_0*b4*q10_1 - 2459688*a4_0*b4*q11_1*q4_0 - 705672*a4_0*b4*q2_0**2 + 287496*a4_0*b4*q2_0*q7_1**2 + 574992*a4_0*b4*q2_0*q8_1 + 766656*a4_0*b4*q3_0*q7_1 + 447216*a4_0*b4*q4_0 + 702768*a4_0*b4*q7_1*q9_1 + 351384*a4_0*b4*q8_1**2 - 351384*a4_0*q10_1*q7_1 - 351384*a4_0*q11_0 + 2108304*a4_0*q11_1*q5_0 + 705672*a4_0*q2_0**2*q7_1 + 836352*a4_0*q2_0*q3_0 - 287496*a4_0*q2_0*q7_1*q8_1 - 287496*a4_0*q2_0*q9_1 - 255552*a4_0*q3_0*q7_1**2 - 511104*a4_0*q3_0*q8_1 - 447216*a4_0*q4_0*q7_1 - 287496*a4_0*q5_0 - 351384*a4_0*q8_1*q9_1 + 292820*a6_0*b4**2*q7_1 + 718740*a6_0*b4*q2_0 - 292820*a6_0*b4*q7_1**2 - 585640*a6_0*b4*q8_1 - 718740*a6_0*q2_0*q7_1 - 425920*a6_0*q3_0 + 292820*a6_0*q7_1*q8_1 + 292820*a6_0*q9_1 + 263538*a7_0*b4**2 - 1054152*a7_0*b4*q7_1 - 431244*a7_0*q2_0 + 263538*a7_0*q7_1**2 + 527076*a7_0*q8_1 + 2576816*a8_0*b4*q11_1 - 702768*a8_0*b4 + 702768*a8_0*q7_1 - 2254714*a9_0*q11_1 + 409948*a9_0 + 958320*b3*b4**2*q7_1 - 574992*b3*b4*q11_1*q2_0 + 1171280*b3*b4*q11_1*q8_1 + 1115136*b3*b4*q2_0 - 1916640*b3*b4*q7_1**2 - 1916640*b3*b4*q8_1 + 574992*b3*q11_1*q2_0*q7_1 + 1192576*b3*q11_1*q3_0 - 1171280*b3*q11_1*q9_1 - 1672704*b3*q2_0*q7_1 - 565312*b3*q3_0 + 319440*b3*q7_1**3 + 1916640*b3*q7_1*q8_1 + 958320*b3*q9_1 + 1149984*b4**2*q10_1*q2_0*q7_1 + 2385152*b4**2*q10_1*q3_0 - 2342560*b4**2*q10_1*q9_1 + 1149984*b4**2*q11_0*q2_0 - 2342560*b4**2*q11_0*q8_1 - 256608*b4**2*q2_0**3*q7_1 + 342144*b4**2*q2_0**2*q3_0 - 313632*b4**2*q2_0**2*q7_1*q8_1 - 313632*b4**2*q2_0**2*q9_1 - 1115136*b4**2*q2_0*q3_0*q7_1**2 - 2230272*b4**2*q2_0*q3_0*q8_1 - 1463616*b4**2*q2_0*q4_0*q7_1 - 418176*b4**2*q2_0*q5_0 + 1149984*b4**2*q2_0*q8_1*q9_1 - 1486848*b4**2*q3_0**2*q7_1 - 975744*b4**2*q3_0*q4_0 + 2385152*b4**2*q3_0*q7_1*q9_1 + 1192576*b4**2*q3_0*q8_1**2 + 1788864*b4**2*q4_0*q7_1*q8_1 + 1788864*b4**2*q4_0*q9_1 + 638880*b4**2*q5_0*q7_1**2 + 1277760*b4**2*q5_0*q8_1 + 851840*b4**2*q6_0*q7_1 + 255552*b4**2*q7_0 + 2342560*b4*q10_1**2 + 627264*b4*q10_1*q2_0**2 - 2299968*b4*q10_1*q2_0*q8_1 - 3066624*b4*q10_1*q3_0*q7_1 - 3577728*b4*q10_1*q4_0 - 2299968*b4*q11_0*q2_0*q7_1 - 3066624*b4*q11_0*q3_0 + 4685120*b4*q11_0*q9_1 - 2195424*b4*q11_1*q2_0**2*q4_0 - 4460544*b4*q11_1*q2_0*q3_0**2 + 1916640*b4*q11_1*q2_0*q6_0 + 4088832*b4*q11_1*q3_0*q5_0 + 2087008*b4*q11_1*q4_0**2 - 1405536*b4*q11_1*q8_0 - 629856*b4*q2_0**4 + 256608*b4*q2_0**3*q7_1**2 + 513216*b4*q2_0**3*q8_1 + 684288*b4*q2_0**2*q3_0*q7_1 + 627264*b4*q2_0**2*q7_1*q9_1 + 313632*b4*q2_0**2*q8_1**2 + 304128*b4*q2_0*q3_0**2 + 2230272*b4*q2_0*q3_0*q7_1*q8_1 + 2230272*b4*q2_0*q3_0*q9_1 + 1463616*b4*q2_0*q4_0*q7_1**2 + 2927232*b4*q2_0*q4_0*q8_1 + 1672704*b4*q2_0*q5_0*q7_1 + 348480*b4*q2_0*q6_0 - 1149984*b4*q2_0*q9_1**2 + 619520*b4*q3_0**2*q7_1**2 + 1239040*b4*q3_0**2*q8_1 + 2601984*b4*q3_0*q4_0*q7_1 + 650496*b4*q3_0*q5_0 - 3066624*b4*q3_0*q8_1*q9_1 + 569184*b4*q4_0**2 - 3577728*b4*q4_0*q7_1*q9_1 - 1788864*b4*q4_0*q8_1**2 - 2555520*b4*q5_0*q7_1*q8_1 - 2555520*b4*q5_0*q9_1 - 851840*b4*q6_0*q7_1**2 - 1703680*b4*q6_0*q8_1 - 1022208*b4*q7_0*q7_1 - 255552*b4*q8_0 - 2342560*q10_1*q11_0 - 313632*q10_1*q2_0**2*q7_1 + 1149984*q10_1*q2_0*q9_1 + 681472*q10_1*q3_0*q8_1 + 1788864*q10_1*q4_0*q7_1 + 1277760*q10_1*q5_0 - 313632*q11_0*q2_0**2 + 1149984*q11_0*q2_0*q8_1 + 681472*q11_0*q3_0*q7_1 + 1788864*q11_0*q4_0 + 1881792*q11_1*q2_0**2*q5_0 + 3902976*q11_1*q2_0*q3_0*q4_0 - 1533312*q11_1*q2_0*q7_0 - 1703680*q11_1*q3_0*q6_0 - 3577728*q11_1*q4_0*q5_0 + 937024*q11_1*q9_0 + 629856*q2_0**4*q7_1 + 1492992*q2_0**3*q3_0 - 256608*q2_0**3*q7_1*q8_1 - 256608*q2_0**3*q9_1 - 684288*q2_0**2*q3_0*q7_1**2 - 1368576*q2_0**2*q3_0*q8_1 - 256608*q2_0**2*q5_0 - 313632*q2_0**2*q8_1*q9_1 - 1824768*q2_0*q3_0**2*q7_1 - 798336*q2_0*q3_0*q4_0 - 1463616*q2_0*q4_0*q7_1*q8_1 - 1463616*q2_0*q4_0*q9_1 - 418176*q2_0*q5_0*q7_1**2 - 836352*q2_0*q5_0*q8_1 - 348480*q2_0*q6_0*q7_1 - 360448*q3_0**3 + 247808*q3_0**2*q7_1*q8_1 + 247808*q3_0**2*q9_1 - 325248*q3_0*q4_0*q7_1**2 - 650496*q3_0*q4_0*q8_1 - 185856*q3_0*q5_0*q7_1 + 77440*q3_0*q6_0 + 340736*q3_0*q9_1**2 - 569184*q4_0**2*q7_1 - 243936*q4_0*q5_0 + 1788864*q4_0*q8_1*q9_1 + 1277760*q5_0*q7_1*q9_1 + 638880*q5_0*q8_1**2 + 851840*q6_0*q7_1*q8_1 + 851840*q6_0*q9_1 + 255552*q7_0*q7_1**2 + 511104*q7_0*q8_1 + 255552*q7_1*q8_0 + 42592*q9_0
37	6	[1,2]	4	34	25410*a1_0*b4**2*q7_1 - 32670*a1_0*b4*q11_1*q2_0 + 79860*a1_0*b4*q11_1*q8_1 + 26730*a1_0*b4*q2_0 - 50820*a1_0*b4*q7_1**2 - 50820*a1_0*b4*q8_1 + 32670*a1_0*q11_1*q2_0*q7_1 + 14520*a1_0*q11_1*q3_0 - 79860*a1_0*q11_1*q9_1 - 40095*a1_0*q2_0*q7_1 - 11000*a1_0*q3_0 + 8470*a1_0*q7_1**3 + 50820*a1_0*q7_1*q8_1 + 25410*a1_0*q9_1 + 6776*a2_0*b4**2 + 55902*a2_0*b4*q11_1*q7_1 - 40656*a2_0*b4*q7_1 + 15246*a2_0*q11_1*q2_0 - 55902*a2_0*q11_1*q8_1 - 9240*a2_0*q2_0 + 20328*a2_0*q7_1**2 + 20328*a2_0*q8_1 + 34606*a3_0*b4*q11_1 - 9438*a3_0*b4 - 34606*a3_0*q11_1*q7_1 + 14157*a3_0*q7_1 - 15972*a4_0*q11_1 + 2420*a4_0 - 16896*b4**2*q2_0 + 29040*b4**2*q7_1**2 + 29040*b4**2*q8_1 - 52272*b4*q11_1*q2_0*q7_1 - 30976*b4*q11_1*q3_0 + 106480*b4*q11_1*q9_1 + 101376*b4*q2_0*q7_1 + 29568*b4*q3_0 - 19360*b4*q7_1**3 - 116160*b4*q7_1*q8_1 - 58080*b4*q9_1 - 106480*q10_1*q11_1 + 29040*q10_1 - 14256*q11_1*q2_0**2 + 52272*q11_1*q2_0*q8_1 + 30976*q11_1*q3_0*q7_1 + 81312*q11_1*q4_0 + 19440*q2_0**2 - 50688*q2_0*q7_1**2 - 50688*q2_0*q8_1 - 44352*q3_0*q7_1 - 18480*q4_0 + 29040*q7_1**2*q8_1 + 58080*q7_1*q9_1 + 29040*q8_1**2
39	6	[0,2]	5	34	25410*a1_0*b1*b4**2*q7_1 - 32670*a1_0*b1*b4*q11_1*q2_0 + 79860*a1_0*b1*b4*q11_1*q8_1 + 26730*a1_0*b1*b4*q2_0 - 50820*a1_0*b1*b4*q7_1**2 - 50820*a1_0*b1*b4*q8_1 + 32670*a1_0*b1*q11_1*q2_0*q7_1 + 14520*a1_0*b1*q11_1*q3_0 - 79860*a1_0*b1*q11_1*q9_1 - 40095*a1_0*b1*q2_0*q7_1 - 11000*a1_0*b1*q3_0 + 8470*a1_0*b1*q7_1**3 + 50820*a1_0*b1*q7_1*q8_1 + 25410*a1_0*b1*q9_1 + 6776*a2_0*b1*b4**2 + 55902*a2_0*b1*b4*q11_1*q7_1 - 40656*a2_0*b1*b4*q7_1 + 15246*a2_0*b1*q11_1*q2_0 - 55902*a2_0*b1*q11_1*q8_1 - 9240*a2_0*b1*q2_0 + 20328*a2_0*b1*q7_1**2 + 20328*a2_0*b1*q8_1 + 34606*a3_0*b1*b4*q11_1 - 9438*a3_0*b1*b4 - 34606*a3_0*b1*q11_1*q7_1 + 14157*a3_0*b1*q7_1 - 15972*a4_0*b1*q11_1 + 2420*a4_0*b1 - 16896*b1*b4**2*q2_0 + 29040*b1*b4**2*q7_1**2 + 29040*b1*b4**2*q8_1 - 52272*b1*b4*q11_1*q2_0*q7_1 - 30976*b1*b4*q11_1*q3_0 + 106480*b1*b4*q11_1*q9_1 + 101376*b1*b4*q2_0*q7_1 + 29568*b1*b4*q3_0 - 19360*b1*b4*q7_1**3 - 116160*b1*b4*q7_1*q8_1 - 58080*b1*b4*q9_1 - 106480*b1*q10_1*q11_1 + 29040*b1*q10_1 - 14256*b1*q11_1*q2_0**2 + 52272*b1*q11_1*q2_0*q8_1 + 30976*b1*q11_1*q3_0*q7_1 + 81312*b1*q11_1*q4_0 + 19440*b1*q2_0**2 - 50688*b1*q2_0*q7_1**2 - 50688*b1*q2_0*q8_1 - 44352*b1*q3_0*q7_1 - 18480*b1*q4_0 + 29040*b1*q7_1**2*q8_1 + 58080*b1*q7_1*q9_1 + 29040*b1*q8_1**2
40	6	[0,1]	8	706	-10629366*a10_0*b4*q10_1 + 6764142*a10_0*b4*q4_0 + 10629366*a10_0*q11_0 - 5797836*a10_0*q5_0 - 8857805*a11_0*b4*q9_1 + 8857805*a11_0*q10_1 - 7086244*a12_0*b4*q8_1 + 7086244*a12_0*q9_1 - 5314683*a13_0*b4*q7_1 + 5314683*a13_0*q8_1 - 3543122*a14_0*b4 + 3543122*a14_0*q7_1 + 1771561*a15_0 - 9223830*a1_0*b2*b4**2*q7_1 + 11859210*a1_0*b2*b4*q11_1*q2_0 - 28989180*a1_0*b2*b4*q11_1*q8_1 - 9702990*a1_0*b2*b4*q2_0 + 18447660*a1_0*b2*b4*q7_1**2 + 18447660*a1_0*b2*b4*q8_1 - 11859210*a1_0*b2*q11_1*q2_0*q7_1 - 5270760*a1_0*b2*q11_1*q3_0 + 28989180*a1_0*b2*q11_1*q9_1 + 14554485*a1_0*b2*q2_0*q7_1 + 3993000*a1_0*b2*q3_0 - 3074610*a1_0*b2*q7_1**3 - 18447660*a1_0*b2*q7_1*q8_1 - 9223830*a1_0*b2*q9_1 + 6149220*a1_0*b3*q10_1*q4_0 + 11320155*a1_0*b3*q11_1*q2_0**2*q4_0 - 9882675*a1_0*b3*q11_1*q2_0*q6_0 - 10541520*a1_0*b3*q11_1*q3_0*q5_0 - 10761135*a1_0*b3*q11_1*q4_0**2 + 7247295*a1_0*b3*q11_1*q8_0 + 3087315*a1_0*b3*q2_0**2*q4_0 - 3773385*a1_0*b3*q2_0*q4_0*q7_1**2 - 7546770*a1_0*b3*q2_0*q4_0*q8_1 - 5590200*a1_0*b3*q3_0*q4_0*q7_1 - 1956570*a1_0*b3*q4_0**2 + 6149220*a1_0*b3*q4_0*q7_1*q9_1 + 3074610*a1_0*b3*q4_0*q8_1**2 - 1976535*a1_0*b4*q10_0*q2_0*q7_1 - 1756920*a1_0*b4*q10_0*q3_0 + 2415765*a1_0*b4*q10_0*q9_1 + 9702990*a1_0*b4*q10_1*q2_0**2*q5_0 + 20124720*a1_0*b4*q10_1*q2_0*q3_0*q4_0 - 7906140*a1_0*b4*q10_1*q2_0*q7_0 - 8784600*a1_0*b4*q10_1*q3_0*q6_0 - 18447660*a1_0*b4*q10_1*q4_0*q5_0 + 4831530*a1_0*b4*q10_1*q9_0 + 11320155*a1_0*b4*q11_0*q2_0**2*q4_0 - 9882675*a1_0*b4*q11_0*q2_0*q6_0 - 10541520*a1_0*b4*q11_0*q3_0*q5_0 - 10761135*a1_0*b4*q11_0*q4_0**2 + 7247295*a1_0*b4*q11_0*q8_0 + 7577955*a1_0*b4*q2_0**4*q4_0*q7_1 + 6495390*a1_0*b4*q2_0**4*q5_0 + 26943840*a1_0*b4*q2_0**3*q3_0*q4_0 - 9261945*a1_0*b4*q2_0**3*q4_0*q9_1 - 7938810*a1_0*b4*q2_0**3*q5_0*q8_1 - 6615675*a1_0*b4*q2_0**3*q6_0*q7_1 - 5292540*a1_0*b4*q2_0**3*q7_0 - 24698520*a1_0*b4*q2_0**2*q3_0*q4_0*q8_1 - 21170160*a1_0*b4*q2_0**2*q3_0*q5_0*q7_1 - 17641800*a1_0*b4*q2_0**2*q3_0*q6_0 - 21611205*a1_0*b4*q2_0**2*q4_0**2*q7_1 - 37047780*a1_0*b4*q2_0**2*q4_0*q5_0 + 8085825*a1_0*b4*q2_0**2*q6_0*q9_1 + 6468660*a1_0*b4*q2_0**2*q7_0*q8_1 + 4851495*a1_0*b4*q2_0**2*q7_1*q8_0 + 3234330*a1_0*b4*q2_0**2*q9_0 - 21954240*a1_0*b4*q2_0*q3_0**2*q4_0*q7_1 - 18817920*a1_0*b4*q2_0*q3_0**2*q5_0 - 38419920*a1_0*b4*q2_0*q3_0*q4_0**2 + 17249760*a1_0*b4*q2_0*q3_0*q5_0*q9_1 + 14374800*a1_0*b4*q2_0*q3_0*q6_0*q8_1 + 11499840*a1_0*b4*q2_0*q3_0*q7_0*q7_1 + 8624880*a1_0*b4*q2_0*q3_0*q8_0 + 17609130*a1_0*b4*q2_0*q4_0**2*q9_1 + 30187080*a1_0*b4*q2_0*q4_0*q5_0*q8_1 + 25155900*a1_0*b4*q2_0*q4_0*q6_0*q7_1 + 20124720*a1_0*b4*q2_0*q4_0*q7_0 + 12937320*a1_0*b4*q2_0*q5_0**2*q7_1 + 21562200*a1_0*b4*q2_0*q5_0*q6_0 - 5929605*a1_0*b4*q2_0*q8_0*q9_1 - 3953070*a1_0*b4*q2_0*q8_1*q9_0 - 6504960*a1_0*b4*q3_0**3*q4_0 + 8944320*a1_0*b4*q3_0**2*q4_0*q9_1 + 7666560*a1_0*b4*q3_0**2*q5_0*q8_1 + 6388800*a1_0*b4*q3_0**2*q6_0*q7_1 + 5111040*a1_0*b4*q3_0**2*q7_0 + 15652560*a1_0*b4*q3_0*q4_0**2*q8_1 + 26832960*a1_0*b4*q3_0*q4_0*q5_0*q7_1 + 22360800*a1_0*b4*q3_0*q4_0*q6_0 + 11499840*a1_0*b4*q3_0*q5_0**2 - 7027680*a1_0*b4*q3_0*q7_0*q9_1 - 3513840*a1_0*b4*q3_0*q7_1*q9_0 - 5270760*a1_0*b4*q3_0*q8_0*q8_1 + 6847995*a1_0*b4*q4_0**3*q7_1 + 17609130*a1_0*b4*q4_0**2*q5_0 - 15373050*a1_0*b4*q4_0*q6_0*q9_1 - 12298440*a1_0*b4*q4_0*q7_0*q8_1 - 9223830*a1_0*b4*q4_0*q7_1*q8_0 - 6149220*a1_0*b4*q4_0*q9_0 - 7906140*a1_0*b4*q5_0**2*q9_1 - 13176900*a1_0*b4*q5_0*q6_0*q8_1 - 10541520*a1_0*b4*q5_0*q7_0*q7_1 - 7906140*a1_0*b4*q5_0*q8_0 - 5490375*a1_0*b4*q6_0**2*q7_1 - 8784600*a1_0*b4*q6_0*q7_0 - 2415765*a1_0*q10_0*q10_1 - 1617165*a1_0*q10_0*q2_0**2 + 1976535*a1_0*q10_0*q2_0*q8_1 + 1756920*a1_0*q10_0*q3_0*q7_1 + 1537305*a1_0*q10_0*q4_0 - 8085825*a1_0*q10_1*q2_0**2*q6_0 - 17249760*a1_0*q10_1*q2_0*q3_0*q5_0 + 5929605*a1_0*q10_1*q2_0*q8_0 + 7027680*a1_0*q10_1*q3_0*q7_0 + 7686525*a1_0*q10_1*q4_0*q6_0 + 7906140*a1_0*q10_1*q5_0**2 - 9702990*a1_0*q11_0*q2_0**2*q5_0 + 7906140*a1_0*q11_0*q2_0*q7_0 + 8784600*a1_0*q11_0*q3_0*q6_0 + 9223830*a1_0*q11_0*q4_0*q5_0 - 4831530*a1_0*q11_0*q9_0 - 6495390*a1_0*q2_0**4*q5_0*q7_1 - 5412825*a1_0*q2_0**4*q6_0 - 23094720*a1_0*q2_0**3*q3_0*q5_0 + 7938810*a1_0*q2_0**3*q5_0*q9_1 + 6615675*a1_0*q2_0**3*q6_0*q8_1 + 5292540*a1_0*q2_0**3*q7_0*q7_1 + 3969405*a1_0*q2_0**3*q8_0 + 21170160*a1_0*q2_0**2*q3_0*q5_0*q8_1 + 17641800*a1_0*q2_0**2*q3_0*q6_0*q7_1 + 14113440*a1_0*q2_0**2*q3_0*q7_0 + 18523890*a1_0*q2_0**2*q4_0*q5_0*q7_1 + 15436575*a1_0*q2_0**2*q4_0*q6_0 + 15877620*a1_0*q2_0**2*q5_0**2 - 6468660*a1_0*q2_0**2*q7_0*q9_1 - 3234330*a1_0*q2_0**2*q7_1*q9_0 - 4851495*a1_0*q2_0**2*q8_0*q8_1 + 18817920*a1_0*q2_0*q3_0**2*q5_0*q7_1 + 15681600*a1_0*q2_0*q3_0**2*q6_0 + 32931360*a1_0*q2_0*q3_0*q4_0*q5_0 - 14374800*a1_0*q2_0*q3_0*q6_0*q9_1 - 11499840*a1_0*q2_0*q3_0*q7_0*q8_1 - 8624880*a1_0*q2_0*q3_0*q7_1*q8_0 - 5749920*a1_0*q2_0*q3_0*q9_0 - 15093540*a1_0*q2_0*q4_0*q5_0*q9_1 - 12577950*a1_0*q2_0*q4_0*q6_0*q8_1 - 10062360*a1_0*q2_0*q4_0*q7_0*q7_1 - 7546770*a1_0*q2_0*q4_0*q8_0 - 12937320*a1_0*q2_0*q5_0**2*q8_1 - 21562200*a1_0*q2_0*q5_0*q6_0*q7_1 - 17249760*a1_0*q2_0*q5_0*q7_0 - 8984250*a1_0*q2_0*q6_0**2 + 3953070*a1_0*q2_0*q9_0*q9_1 + 5575680*a1_0*q3_0**3*q5_0 - 7666560*a1_0*q3_0**2*q5_0*q9_1 - 6388800*a1_0*q3_0**2*q6_0*q8_1 - 5111040*a1_0*q3_0**2*q7_0*q7_1 - 3833280*a1_0*q3_0**2*q8_0 - 13416480*a1_0*q3_0*q4_0*q5_0*q8_1 - 11180400*a1_0*q3_0*q4_0*q6_0*q7_1 - 8944320*a1_0*q3_0*q4_0*q7_0 - 11499840*a1_0*q3_0*q5_0**2*q7_1 - 19166400*a1_0*q3_0*q5_0*q6_0 + 5270760*a1_0*q3_0*q8_0*q9_1 + 3513840*a1_0*q3_0*q8_1*q9_0 - 5869710*a1_0*q4_0**2*q5_0*q7_1 - 4891425*a1_0*q4_0**2*q6_0 - 10062360*a1_0*q4_0*q5_0**2 + 6149220*a1_0*q4_0*q7_0*q9_1 + 3074610*a1_0*q4_0*q7_1*q9_0 + 4611915*a1_0*q4_0*q8_0*q8_1 + 13176900*a1_0*q5_0*q6_0*q9_1 + 10541520*a1_0*q5_0*q7_0*q8_1 + 7906140*a1_0*q5_0*q7_1*q8_0 + 5270760*a1_0*q5_0*q9_0 + 5490375*a1_0*q6_0**2*q8_1 + 8784600*a1_0*q6_0*q7_0*q7_1 + 6588450*a1_0*q6_0*q8_0 + 3513840*a1_0*q7_0**2 - 2459688*a2_0*b2*b4**2 - 20292426*a2_0*b2*b4*q11_1*q7_1 + 14758128*a2_0*b2*b4*q7_1 - 5534298*a2_0*b2*q11_1*q2_0 + 20292426*a2_0*b2*q11_1*q8_1 + 3354120*a2_0*b2*q2_0 - 7379064*a2_0*b2*q7_1**2 - 7379064*a2_0*b2*q8_1 - 11068596*a2_0*b3*q11_1*q2_0*q5_0 - 11478544*a2_0*b3*q11_1*q3_0*q4_0 + 9018856*a2_0*b3*q11_1*q7_0 - 4695768*a2_0*b3*q2_0*q4_0*q7_1 - 1565256*a2_0*b3*q3_0*q4_0 + 4304454*a2_0*b3*q4_0*q7_1*q8_1 + 4304454*a2_0*b3*q4_0*q9_1 - 1844766*a2_0*b4*q10_0*q2_0 + 2254714*a2_0*b4*q10_0*q8_1 + 10565478*a2_0*b4*q10_1*q2_0**2*q4_0 - 9223830*a2_0*b4*q10_1*q2_0*q6_0 - 9838752*a2_0*b4*q10_1*q3_0*q5_0 - 10043726*a2_0*b4*q10_1*q4_0**2 + 6764142*a2_0*b4*q10_1*q8_0 - 11068596*a2_0*b4*q11_0*q2_0*q5_0 - 11478544*a2_0*b4*q11_0*q3_0*q4_0 + 9018856*a2_0*b4*q11_0*q7_0 + 7072758*a2_0*b4*q2_0**4*q4_0 - 8644482*a2_0*b4*q2_0**3*q4_0*q8_1 - 7409556*a2_0*b4*q2_0**3*q5_0*q7_1 - 6174630*a2_0*b4*q2_0**3*q6_0 - 23051952*a2_0*b4*q2_0**2*q3_0*q4_0*q7_1 - 19758816*a2_0*b4*q2_0**2*q3_0*q5_0 - 20170458*a2_0*b4*q2_0**2*q4_0**2 + 9056124*a2_0*b4*q2_0**2*q5_0*q9_1 + 7546770*a2_0*b4*q2_0**2*q6_0*q8_1 + 6037416*a2_0*b4*q2_0**2*q7_0*q7_1 + 4528062*a2_0*b4*q2_0**2*q8_0 - 20490624*a2_0*b4*q2_0*q3_0**2*q4_0 + 18783072*a2_0*b4*q2_0*q3_0*q4_0*q9_1 + 16099776*a2_0*b4*q2_0*q3_0*q5_0*q8_1 + 13416480*a2_0*b4*q2_0*q3_0*q6_0*q7_1 + 10733184*a2_0*b4*q2_0*q3_0*q7_0 + 16435188*a2_0*b4*q2_0*q4_0**2*q8_1 + 28174608*a2_0*b4*q2_0*q4_0*q5_0*q7_1 + 23478840*a2_0*b4*q2_0*q4_0*q6_0 + 12074832*a2_0*b4*q2_0*q5_0**2 - 7379064*a2_0*b4*q2_0*q7_0*q9_1 - 3689532*a2_0*b4*q2_0*q7_1*q9_0 - 5534298*a2_0*b4*q2_0*q8_0*q8_1 + 8348032*a2_0*b4*q3_0**2*q4_0*q8_1 + 7155456*a2_0*b4*q3_0**2*q5_0*q7_1 + 5962880*a2_0*b4*q3_0**2*q6_0 + 14609056*a2_0*b4*q3_0*q4_0**2*q7_1 + 25044096*a2_0*b4*q3_0*q4_0*q5_0 - 8198960*a2_0*b4*q3_0*q6_0*q9_1 - 6559168*a2_0*b4*q3_0*q7_0*q8_1 - 4919376*a2_0*b4*q3_0*q7_1*q8_0 - 3279584*a2_0*b4*q3_0*q9_0 + 6391462*a2_0*b4*q4_0**3 - 17217816*a2_0*b4*q4_0*q5_0*q9_1 - 14348180*a2_0*b4*q4_0*q6_0*q8_1 - 11478544*a2_0*b4*q4_0*q7_0*q7_1 - 8608908*a2_0*b4*q4_0*q8_0 - 7379064*a2_0*b4*q5_0**2*q8_1 - 12298440*a2_0*b4*q5_0*q6_0*q7_1 - 9838752*a2_0*b4*q5_0*q7_0 - 5124350*a2_0*b4*q6_0**2 + 4509428*a2_0*b4*q9_0*q9_1 + 1844766*a2_0*q10_0*q2_0*q7_1 + 1639792*a2_0*q10_0*q3_0 - 2254714*a2_0*q10_0*q9_1 - 9056124*a2_0*q10_1*q2_0**2*q5_0 + 7379064*a2_0*q10_1*q2_0*q7_0 + 8198960*a2_0*q10_1*q3_0*q6_0 + 8608908*a2_0*q10_1*q4_0*q5_0 - 4509428*a2_0*q10_1*q9_0 + 9223830*a2_0*q11_0*q2_0*q6_0 + 9838752*a2_0*q11_0*q3_0*q5_0 - 6764142*a2_0*q11_0*q8_0 - 6062364*a2_0*q2_0**4*q5_0 + 7409556*a2_0*q2_0**3*q5_0*q8_1 + 6174630*a2_0*q2_0**3*q6_0*q7_1 + 4939704*a2_0*q2_0**3*q7_0 + 19758816*a2_0*q2_0**2*q3_0*q5_0*q7_1 + 16465680*a2_0*q2_0**2*q3_0*q6_0 + 17288964*a2_0*q2_0**2*q4_0*q5_0 - 7546770*a2_0*q2_0**2*q6_0*q9_1 - 6037416*a2_0*q2_0**2*q7_0*q8_1 - 4528062*a2_0*q2_0**2*q7_1*q8_0 - 3018708*a2_0*q2_0**2*q9_0 + 17563392*a2_0*q2_0*q3_0**2*q5_0 - 16099776*a2_0*q2_0*q3_0*q5_0*q9_1 - 13416480*a2_0*q2_0*q3_0*q6_0*q8_1 - 10733184*a2_0*q2_0*q3_0*q7_0*q7_1 - 8049888*a2_0*q2_0*q3_0*q8_0 - 14087304*a2_0*q2_0*q4_0*q5_0*q8_1 - 11739420*a2_0*q2_0*q4_0*q6_0*q7_1 - 9391536*a2_0*q2_0*q4_0*q7_0 - 12074832*a2_0*q2_0*q5_0**2*q7_1 - 20124720*a2_0*q2_0*q5_0*q6_0 + 5534298*a2_0*q2_0*q8_0*q9_1 + 3689532*a2_0*q2_0*q8_1*q9_0 - 7155456*a2_0*q3_0**2*q5_0*q8_1 - 5962880*a2_0*q3_0**2*q6_0*q7_1 - 4770304*a2_0*q3_0**2*q7_0 - 12522048*a2_0*q3_0*q4_0*q5_0*q7_1 - 10435040*a2_0*q3_0*q4_0*q6_0 - 10733184*a2_0*q3_0*q5_0**2 + 6559168*a2_0*q3_0*q7_0*q9_1 + 3279584*a2_0*q3_0*q7_1*q9_0 + 4919376*a2_0*q3_0*q8_0*q8_1 - 5478396*a2_0*q4_0**2*q5_0 + 7174090*a2_0*q4_0*q6_0*q9_1 + 5739272*a2_0*q4_0*q7_0*q8_1 + 4304454*a2_0*q4_0*q7_1*q8_0 + 2869636*a2_0*q4_0*q9_0 + 7379064*a2_0*q5_0**2*q9_1 + 12298440*a2_0*q5_0*q6_0*q8_1 + 9838752*a2_0*q5_0*q7_0*q7_1 + 7379064*a2_0*q5_0*q8_0 + 5124350*a2_0*q6_0**2*q7_1 + 8198960*a2_0*q6_0*q7_0 - 12561978*a3_0*b2*b4*q11_1 + 3425994*a3_0*b2*b4 + 12561978*a3_0*b2*q11_1*q7_1 - 5138991*a3_0*b2*q7_1 - 11990979*a3_0*b3*q11_1*q2_0*q4_0 + 10468315*a3_0*b3*q11_1*q6_0 - 1090089*a3_0*b3*q2_0*q4_0 + 1332331*a3_0*b3*q4_0*q7_1**2 + 2664662*a3_0*b3*q4_0*q8_1 + 2093663*a3_0*b4*q10_0*q7_1 - 10277982*a3_0*b4*q10_1*q2_0*q5_0 - 10658648*a3_0*b4*q10_1*q3_0*q4_0 + 8374652*a3_0*b4*q10_1*q7_0 - 11990979*a3_0*b4*q11_0*q2_0*q4_0 + 10468315*a3_0*b4*q11_0*q6_0 - 8027019*a3_0*b4*q2_0**3*q4_0*q7_1 - 6880302*a3_0*b4*q2_0**3*q5_0 - 21405384*a3_0*b4*q2_0**2*q3_0*q4_0 + 9810801*a3_0*b4*q2_0**2*q4_0*q9_1 + 8409258*a3_0*b4*q2_0**2*q5_0*q8_1 + 7007715*a3_0*b4*q2_0**2*q6_0*q7_1 + 5606172*a3_0*b4*q2_0**2*q7_0 + 17441424*a3_0*b4*q2_0*q3_0*q4_0*q8_1 + 14949792*a3_0*b4*q2_0*q3_0*q5_0*q7_1 + 12458160*a3_0*b4*q2_0*q3_0*q6_0 + 15261246*a3_0*b4*q2_0*q4_0**2*q7_1 + 26162136*a3_0*b4*q2_0*q4_0*q5_0 - 8564985*a3_0*b4*q2_0*q6_0*q9_1 - 6851988*a3_0*b4*q2_0*q7_0*q8_1 - 5138991*a3_0*b4*q2_0*q7_1*q8_0 - 3425994*a3_0*b4*q2_0*q9_0 + 7751744*a3_0*b4*q3_0**2*q4_0*q7_1 + 6644352*a3_0*b4*q3_0**2*q5_0 + 13565552*a3_0*b4*q3_0*q4_0**2 - 9135984*a3_0*b4*q3_0*q5_0*q9_1 - 7613320*a3_0*b4*q3_0*q6_0*q8_1 - 6090656*a3_0*b4*q3_0*q7_0*q7_1 - 4567992*a3_0*b4*q3_0*q8_0 - 9326317*a3_0*b4*q4_0**2*q9_1 - 15987972*a3_0*b4*q4_0*q5_0*q8_1 - 13323310*a3_0*b4*q4_0*q6_0*q7_1 - 10658648*a3_0*b4*q4_0*q7_0 - 6851988*a3_0*b4*q5_0**2*q7_1 - 11419980*a3_0*b4*q5_0*q6_0 + 6280989*a3_0*b4*q8_0*q9_1 + 4187326*a3_0*b4*q8_1*q9_0 + 1712997*a3_0*q10_0*q2_0 - 2093663*a3_0*q10_0*q8_1 + 8564985*a3_0*q10_1*q2_0*q6_0 + 9135984*a3_0*q10_1*q3_0*q5_0 - 6280989*a3_0*q10_1*q8_0 + 10277982*a3_0*q11_0*q2_0*q5_0 - 8374652*a3_0*q11_0*q7_0 + 6880302*a3_0*q2_0**3*q5_0*q7_1 + 5733585*a3_0*q2_0**3*q6_0 + 18347472*a3_0*q2_0**2*q3_0*q5_0 - 8409258*a3_0*q2_0**2*q5_0*q9_1 - 7007715*a3_0*q2_0**2*q6_0*q8_1 - 5606172*a3_0*q2_0**2*q7_0*q7_1 - 4204629*a3_0*q2_0**2*q8_0 - 14949792*a3_0*q2_0*q3_0*q5_0*q8_1 - 12458160*a3_0*q2_0*q3_0*q6_0*q7_1 - 9966528*a3_0*q2_0*q3_0*q7_0 - 13081068*a3_0*q2_0*q4_0*q5_0*q7_1 - 10900890*a3_0*q2_0*q4_0*q6_0 - 11212344*a3_0*q2_0*q5_0**2 + 6851988*a3_0*q2_0*q7_0*q9_1 + 3425994*a3_0*q2_0*q7_1*q9_0 + 5138991*a3_0*q2_0*q8_0*q8_1 - 6644352*a3_0*q3_0**2*q5_0*q7_1 - 5536960*a3_0*q3_0**2*q6_0 - 11627616*a3_0*q3_0*q4_0*q5_0 + 7613320*a3_0*q3_0*q6_0*q9_1 + 6090656*a3_0*q3_0*q7_0*q8_1 + 4567992*a3_0*q3_0*q7_1*q8_0 + 3045328*a3_0*q3_0*q9_0 + 7993986*a3_0*q4_0*q5_0*q9_1 + 6661655*a3_0*q4_0*q6_0*q8_1 + 5329324*a3_0*q4_0*q7_0*q7_1 + 3996993*a3_0*q4_0*q8_0 + 6851988*a3_0*q5_0**2*q8_1 + 11419980*a3_0*q5_0*q6_0*q7_1 + 9135984*a3_0*q5_0*q7_0 + 4758325*a3_0*q6_0**2 - 4187326*a3_0*q9_0*q9_1 + 5797836*a4_0*b2*q11_1 - 878460*a4_0*b2 + 11595672*a4_0*b3*q11_1*q5_0 + 1229844*a4_0*b3*q4_0*q7_1 + 1932612*a4_0*b4*q10_0 - 11068596*a4_0*b4*q10_1*q2_0*q4_0 + 9663060*a4_0*b4*q10_1*q6_0 + 11595672*a4_0*b4*q11_0*q5_0 - 7409556*a4_0*b4*q2_0**3*q4_0 + 9056124*a4_0*b4*q2_0**2*q4_0*q8_1 + 7762392*a4_0*b4*q2_0**2*q5_0*q7_1 + 6468660*a4_0*b4*q2_0**2*q6_0 + 16099776*a4_0*b4*q2_0*q3_0*q4_0*q7_1 + 13799808*a4_0*b4*q2_0*q3_0*q5_0 + 14087304*a4_0*b4*q2_0*q4_0**2 - 9487368*a4_0*b4*q2_0*q5_0*q9_1 - 7906140*a4_0*b4*q2_0*q6_0*q8_1 - 6324912*a4_0*b4*q2_0*q7_0*q7_1 - 4743684*a4_0*b4*q2_0*q8_0 + 7155456*a4_0*b4*q3_0**2*q4_0 - 9838752*a4_0*b4*q3_0*q4_0*q9_1 - 8433216*a4_0*b4*q3_0*q5_0*q8_1 - 7027680*a4_0*b4*q3_0*q6_0*q7_1 - 5622144*a4_0*b4*q3_0*q7_0 - 8608908*a4_0*b4*q4_0**2*q8_1 - 14758128*a4_0*b4*q4_0*q5_0*q7_1 - 12298440*a4_0*b4*q4_0*q6_0 - 6324912*a4_0*b4*q5_0**2 + 7730448*a4_0*b4*q7_0*q9_1 + 3865224*a4_0*b4*q7_1*q9_0 + 5797836*a4_0*b4*q8_0*q8_1 - 1932612*a4_0*q10_0*q7_1 + 9487368*a4_0*q10_1*q2_0*q5_0 - 7730448*a4_0*q10_1*q7_0 - 9663060*a4_0*q11_0*q6_0 + 6351048*a4_0*q2_0**3*q5_0 - 7762392*a4_0*q2_0**2*q5_0*q8_1 - 6468660*a4_0*q2_0**2*q6_0*q7_1 - 5174928*a4_0*q2_0**2*q7_0 - 13799808*a4_0*q2_0*q3_0*q5_0*q7_1 - 11499840*a4_0*q2_0*q3_0*q6_0 - 12074832*a4_0*q2_0*q4_0*q5_0 + 7906140*a4_0*q2_0*q6_0*q9_1 + 6324912*a4_0*q2_0*q7_0*q8_1 + 4743684*a4_0*q2_0*q7_1*q8_0 + 3162456*a4_0*q2_0*q9_0 - 6133248*a4_0*q3_0**2*q5_0 + 8433216*a4_0*q3_0*q5_0*q9_1 + 7027680*a4_0*q3_0*q6_0*q8_1 + 5622144*a4_0*q3_0*q7_0*q7_1 + 4216608*a4_0*q3_0*q8_0 + 7379064*a4_0*q4_0*q5_0*q8_1 + 6149220*a4_0*q4_0*q6_0*q7_1 + 4919376*a4_0*q4_0*q7_0 + 6324912*a4_0*q5_0**2*q7_1 + 10541520*a4_0*q5_0*q6_0 - 5797836*a4_0*q8_0*q9_1 - 3865224*a4_0*q8_1*q9_0 + 11273570*a6_0*b4*q10_1*q4_0 + 7546770*a6_0*b4*q2_0**2*q4_0 - 9223830*a6_0*b4*q2_0*q4_0*q8_1 - 7906140*a6_0*b4*q2_0*q5_0*q7_1 - 6588450*a6_0*b4*q2_0*q6_0 - 8198960*a6_0*b4*q3_0*q4_0*q7_1 - 7027680*a6_0*b4*q3_0*q5_0 - 7174090*a6_0*b4*q4_0**2 + 9663060*a6_0*b4*q5_0*q9_1 + 8052550*a6_0*b4*q6_0*q8_1 + 6442040*a6_0*b4*q7_0*q7_1 + 4831530*a6_0*b4*q8_0 - 9663060*a6_0*q10_1*q5_0 - 6468660*a6_0*q2_0**2*q5_0 + 7906140*a6_0*q2_0*q5_0*q8_1 + 6588450*a6_0*q2_0*q6_0*q7_1 + 5270760*a6_0*q2_0*q7_0 + 7027680*a6_0*q3_0*q5_0*q7_1 + 5856400*a6_0*q3_0*q6_0 + 6149220*a6_0*q4_0*q5_0 - 8052550*a6_0*q6_0*q9_1 - 6442040*a6_0*q7_0*q8_1 - 4831530*a6_0*q7_1*q8_0 - 3221020*a6_0*q9_0 - 8301447*a7_0*b4*q2_0*q4_0*q7_1 - 7115526*a7_0*b4*q2_0*q5_0 - 7379064*a7_0*b4*q3_0*q4_0 + 10146213*a7_0*b4*q4_0*q9_1 + 8696754*a7_0*b4*q5_0*q8_1 + 7247295*a7_0*b4*q6_0*q7_1 + 5797836*a7_0*b4*q7_0 + 7115526*a7_0*q2_0*q5_0*q7_1 + 5929605*a7_0*q2_0*q6_0 + 6324912*a7_0*q3_0*q5_0 - 8696754*a7_0*q5_0*q9_1 - 7247295*a7_0*q6_0*q8_1 - 5797836*a7_0*q7_0*q7_1 - 4348377*a7_0*q8_0 - 7379064*a8_0*b4*q2_0*q4_0 + 9018856*a8_0*b4*q4_0*q8_1 + 7730448*a8_0*b4*q5_0*q7_1 + 6442040*a8_0*b4*q6_0 + 6324912*a8_0*q2_0*q5_0 - 7730448*a8_0*q5_0*q8_1 - 6442040*a8_0*q6_0*q7_1 - 5153632*a8_0*q7_0 - 12400927*a9_0*b3*q11_1 - 12400927*a9_0*b4*q11_0 + 7891499*a9_0*b4*q4_0*q7_1 + 6764142*a9_0*b4*q5_0 - 6764142*a9_0*q5_0*q7_1 - 5636785*a9_0*q6_0 + 6133248*b2*b4**2*q2_0 - 10541520*b2*b4**2*q7_1**2 - 10541520*b2*b4**2*q8_1 + 18974736*b2*b4*q11_1*q2_0*q7_1 + 11244288*b2*b4*q11_1*q3_0 - 38652240*b2*b4*q11_1*q9_1 - 36799488*b2*b4*q2_0*q7_1 - 10733184*b2*b4*q3_0 + 7027680*b2*b4*q7_1**3 + 42166080*b2*b4*q7_1*q8_1 + 21083040*b2*b4*q9_1 + 38652240*b2*q10_1*q11_1 - 10541520*b2*q10_1 + 5174928*b2*q11_1*q2_0**2 - 18974736*b2*q11_1*q2_0*q8_1 - 11244288*b2*q11_1*q3_0*q7_1 - 21317296*b2*q11_1*q4_0 - 7056720*b2*q2_0**2 + 18399744*b2*q2_0*q7_1**2 + 18399744*b2*q2_0*q8_1 + 16099776*b2*q3_0*q7_1 + 5962880*b2*q4_0 - 10541520*b2*q7_1**2*q8_1 - 21083040*b2*q7_1*q9_1 - 10541520*b2*q8_1**2 + 8198960*b3*q10_1*q4_0*q7_1 + 8198960*b3*q11_0*q4_0 + 10349856*b3*q11_1*q2_0**2*q5_0 + 21466368*b3*q11_1*q2_0*q3_0*q4_0 - 8433216*b3*q11_1*q2_0*q7_0 - 9370240*b3*q11_1*q3_0*q6_0 - 19677504*b3*q11_1*q4_0*q5_0 + 5153632*b3*q11_1*q9_0 + 9879408*b3*q2_0**2*q4_0*q7_1 + 7318080*b3*q2_0*q3_0*q4_0 - 10733184*b3*q2_0*q4_0*q7_1*q8_1 - 10733184*b3*q2_0*q4_0*q9_1 - 4174016*b3*q3_0*q4_0*q7_1**2 - 8348032*b3*q3_0*q4_0*q8_1 - 6261024*b3*q4_0**2*q7_1 - 2236080*b3*q4_0*q5_0 + 8198960*b3*q4_0*q8_1*q9_1 + 2576816*b4*q10_0*q10_1 + 1724976*b4*q10_0*q2_0**2 - 2108304*b4*q10_0*q2_0*q8_1 - 1874048*b4*q10_0*q3_0*q7_1 - 3279584*b4*q10_0*q4_0 - 9879408*b4*q10_1*q2_0**3*q4_0 + 8624880*b4*q10_1*q2_0**2*q6_0 + 18399744*b4*q10_1*q2_0*q3_0*q5_0 + 18783072*b4*q10_1*q2_0*q4_0**2 - 6324912*b4*q10_1*q2_0*q8_0 + 9540608*b4*q10_1*q3_0**2*q4_0 - 7496192*b4*q10_1*q3_0*q7_0 - 16397920*b4*q10_1*q4_0*q6_0 - 8433216*b4*q10_1*q5_0**2 + 10349856*b4*q11_0*q2_0**2*q5_0 + 21466368*b4*q11_0*q2_0*q3_0*q4_0 - 8433216*b4*q11_0*q2_0*q7_0 - 9370240*b4*q11_0*q3_0*q6_0 - 19677504*b4*q11_0*q4_0*q5_0 + 5153632*b4*q11_0*q9_0 - 6613488*b4*q2_0**5*q4_0 + 8083152*b4*q2_0**4*q4_0*q8_1 + 6928416*b4*q2_0**4*q5_0*q7_1 + 5773680*b4*q2_0**4*q6_0 + 28740096*b4*q2_0**3*q3_0*q4_0*q7_1 + 24634368*b4*q2_0**3*q3_0*q5_0 + 25147584*b4*q2_0**3*q4_0**2 - 8468064*b4*q2_0**3*q5_0*q9_1 - 7056720*b4*q2_0**3*q6_0*q8_1 - 5645376*b4*q2_0**3*q7_0*q7_1 - 4234032*b4*q2_0**3*q8_0 + 38320128*b4*q2_0**2*q3_0**2*q4_0 - 26345088*b4*q2_0**2*q3_0*q4_0*q9_1 - 22581504*b4*q2_0**2*q3_0*q5_0*q8_1 - 18817920*b4*q2_0**2*q3_0*q6_0*q7_1 - 15054336*b4*q2_0**2*q3_0*q7_0 - 23051952*b4*q2_0**2*q4_0**2*q8_1 - 39517632*b4*q2_0**2*q4_0*q5_0*q7_1 - 32931360*b4*q2_0**2*q4_0*q6_0 - 16936128*b4*q2_0**2*q5_0**2 + 6899904*b4*q2_0**2*q7_0*q9_1 + 3449952*b4*q2_0**2*q7_1*q9_0 + 5174928*b4*q2_0**2*q8_0*q8_1 - 23417856*b4*q2_0*q3_0**2*q4_0*q8_1 - 20072448*b4*q2_0*q3_0**2*q5_0*q7_1 - 16727040*b4*q2_0*q3_0**2*q6_0 - 40981248*b4*q2_0*q3_0*q4_0**2*q7_1 - 70253568*b4*q2_0*q3_0*q4_0*q5_0 + 15333120*b4*q2_0*q3_0*q6_0*q9_1 + 12266496*b4*q2_0*q3_0*q7_0*q8_1 + 9199872*b4*q2_0*q3_0*q7_1*q8_0 + 6133248*b4*q2_0*q3_0*q9_0 - 17929296*b4*q2_0*q4_0**3 + 32199552*b4*q2_0*q4_0*q5_0*q9_1 + 26832960*b4*q2_0*q4_0*q6_0*q8_1 + 21466368*b4*q2_0*q4_0*q7_0*q7_1 + 16099776*b4*q2_0*q4_0*q8_0 + 13799808*b4*q2_0*q5_0**2*q8_1 + 22999680*b4*q2_0*q5_0*q6_0*q7_1 + 18399744*b4*q2_0*q5_0*q7_0 + 9583200*b4*q2_0*q6_0**2 - 4216608*b4*q2_0*q9_0*q9_1 - 6938624*b4*q3_0**3*q4_0*q7_1 - 5947392*b4*q3_0**3*q5_0 - 18213888*b4*q3_0**2*q4_0**2 + 8177664*b4*q3_0**2*q5_0*q9_1 + 6814720*b4*q3_0**2*q6_0*q8_1 + 5451776*b4*q3_0**2*q7_0*q7_1 + 4088832*b4*q3_0**2*q8_0 + 16696064*b4*q3_0*q4_0**2*q9_1 + 28621824*b4*q3_0*q4_0*q5_0*q8_1 + 23851520*b4*q3_0*q4_0*q6_0*q7_1 + 19081216*b4*q3_0*q4_0*q7_0 + 12266496*b4*q3_0*q5_0**2*q7_1 + 20444160*b4*q3_0*q5_0*q6_0 - 5622144*b4*q3_0*q8_0*q9_1 - 3748096*b4*q3_0*q8_1*q9_0 + 7304528*b4*q4_0**3*q8_1 + 18783072*b4*q4_0**2*q5_0*q7_1 + 15652560*b4*q4_0**2*q6_0 + 16099776*b4*q4_0*q5_0**2 - 13118336*b4*q4_0*q7_0*q9_1 - 6559168*b4*q4_0*q7_1*q9_0 - 9838752*b4*q4_0*q8_0*q8_1 - 14055360*b4*q5_0*q6_0*q9_1 - 11244288*b4*q5_0*q7_0*q8_1 - 8433216*b4*q5_0*q7_1*q8_0 - 5622144*b4*q5_0*q9_0 - 5856400*b4*q6_0**2*q8_1 - 9370240*b4*q6_0*q7_0*q7_1 - 7027680*b4*q6_0*q8_0 - 3748096*b4*q7_0**2 - 2576816*q10_0*q11_0 - 1724976*q10_0*q2_0**2*q7_1 - 3066624*q10_0*q2_0*q3_0 + 2108304*q10_0*q2_0*q9_1 + 1874048*q10_0*q3_0*q8_1 + 1639792*q10_0*q4_0*q7_1 + 2811072*q10_0*q5_0 + 8468064*q10_1*q2_0**3*q5_0 - 6899904*q10_1*q2_0**2*q7_0 - 15333120*q10_1*q2_0*q3_0*q6_0 - 16099776*q10_1*q2_0*q4_0*q5_0 + 4216608*q10_1*q2_0*q9_0 - 8177664*q10_1*q3_0**2*q5_0 + 5622144*q10_1*q3_0*q8_0 + 6559168*q10_1*q4_0*q7_0 + 14055360*q10_1*q5_0*q6_0 - 8624880*q11_0*q2_0**2*q6_0 - 18399744*q11_0*q2_0*q3_0*q5_0 + 6324912*q11_0*q2_0*q8_0 + 7496192*q11_0*q3_0*q7_0 + 8198960*q11_0*q4_0*q6_0 + 8433216*q11_0*q5_0**2 + 5668704*q2_0**5*q5_0 - 6928416*q2_0**4*q5_0*q8_1 - 5773680*q2_0**4*q6_0*q7_1 - 4618944*q2_0**4*q7_0 - 24634368*q2_0**3*q3_0*q5_0*q7_1 - 20528640*q2_0**3*q3_0*q6_0 - 21555072*q2_0**3*q4_0*q5_0 + 7056720*q2_0**3*q6_0*q9_1 + 5645376*q2_0**3*q7_0*q8_1 + 4234032*q2_0**3*q7_1*q8_0 + 2822688*q2_0**3*q9_0 - 32845824*q2_0**2*q3_0**2*q5_0 + 22581504*q2_0**2*q3_0*q5_0*q9_1 + 18817920*q2_0**2*q3_0*q6_0*q8_1 + 15054336*q2_0**2*q3_0*q7_0*q7_1 + 11290752*q2_0**2*q3_0*q8_0 + 19758816*q2_0**2*q4_0*q5_0*q8_1 + 16465680*q2_0**2*q4_0*q6_0*q7_1 + 13172544*q2_0**2*q4_0*q7_0 + 16936128*q2_0**2*q5_0**2*q7_1 + 28226880*q2_0**2*q5_0*q6_0 - 5174928*q2_0**2*q8_0*q9_1 - 3449952*q2_0**2*q8_1*q9_0 + 20072448*q2_0*q3_0**2*q5_0*q8_1 + 16727040*q2_0*q3_0**2*q6_0*q7_1 + 13381632*q2_0*q3_0**2*q7_0 + 35126784*q2_0*q3_0*q4_0*q5_0*q7_1 + 29272320*q2_0*q3_0*q4_0*q6_0 + 30108672*q2_0*q3_0*q5_0**2 - 12266496*q2_0*q3_0*q7_0*q9_1 - 6133248*q2_0*q3_0*q7_1*q9_0 - 9199872*q2_0*q3_0*q8_0*q8_1 + 15367968*q2_0*q4_0**2*q5_0 - 13416480*q2_0*q4_0*q6_0*q9_1 - 10733184*q2_0*q4_0*q7_0*q8_1 - 8049888*q2_0*q4_0*q7_1*q8_0 - 5366592*q2_0*q4_0*q9_0 - 13799808*q2_0*q5_0**2*q9_1 - 22999680*q2_0*q5_0*q6_0*q8_1 - 18399744*q2_0*q5_0*q7_0*q7_1 - 13799808*q2_0*q5_0*q8_0 - 9583200*q2_0*q6_0**2*q7_1 - 15333120*q2_0*q6_0*q7_0 + 5947392*q3_0**3*q5_0*q7_1 + 4956160*q3_0**3*q6_0 + 15611904*q3_0**2*q4_0*q5_0 - 6814720*q3_0**2*q6_0*q9_1 - 5451776*q3_0**2*q7_0*q8_1 - 4088832*q3_0**2*q7_1*q8_0 - 2725888*q3_0**2*q9_0 - 14310912*q3_0*q4_0*q5_0*q9_1 - 11925760*q3_0*q4_0*q6_0*q8_1 - 9540608*q3_0*q4_0*q7_0*q7_1 - 7155456*q3_0*q4_0*q8_0 - 12266496*q3_0*q5_0**2*q8_1 - 20444160*q3_0*q5_0*q6_0*q7_1 - 16355328*q3_0*q5_0*q7_0 - 8518400*q3_0*q6_0**2 + 3748096*q3_0*q9_0*q9_1 - 6261024*q4_0**2*q5_0*q8_1 - 5217520*q4_0**2*q6_0*q7_1 - 4174016*q4_0**2*q7_0 - 10733184*q4_0*q5_0**2*q7_1 - 17888640*q4_0*q5_0*q6_0 + 4919376*q4_0*q8_0*q9_1 + 3279584*q4_0*q8_1*q9_0 - 4599936*q5_0**3 + 11244288*q5_0*q7_0*q9_1 + 5622144*q5_0*q7_1*q9_0 + 8433216*q5_0*q8_0*q8_1 + 5856400*q6_0**2*q9_1 + 9370240*q6_0*q7_0*q8_1 + 7027680*q6_0*q7_1*q8_0 + 4685120*q6_0*q9_0 + 3748096*q7_0**2*q7_1 + 5622144*q7_0*q8_0
41	6	[0,0]	7	453	-21258732*a10_0*q11_1 + 4831530*a10_0 + 9223830*a1_0*b3*b4**2*q7_1 - 3953070*a1_0*b3*b4*q11_1*q2_0 + 9663060*a1_0*b3*b4*q11_1*q8_1 + 9702990*a1_0*b3*b4*q2_0 - 18447660*a1_0*b3*b4*q7_1**2 - 18447660*a1_0*b3*b4*q8_1 + 3953070*a1_0*b3*q11_1*q2_0*q7_1 + 1756920*a1_0*b3*q11_1*q3_0 - 9663060*a1_0*b3*q11_1*q9_1 - 14554485*a1_0*b3*q2_0*q7_1 - 3993000*a1_0*b3*q3_0 + 3074610*a1_0*b3*q7_1**3 + 18447660*a1_0*b3*q7_1*q8_1 + 9223830*a1_0*b3*q9_1 + 7906140*a1_0*b4**2*q10_1*q2_0*q7_1 + 3513840*a1_0*b4**2*q10_1*q3_0 - 19326120*a1_0*b4**2*q10_1*q9_1 + 7906140*a1_0*b4**2*q11_0*q2_0 - 19326120*a1_0*b4**2*q11_0*q8_1 - 5292540*a1_0*b4**2*q2_0**3*q7_1 - 10585080*a1_0*b4**2*q2_0**2*q3_0 + 2874960*a1_0*b4**2*q2_0*q3_0*q7_1**2 + 5749920*a1_0*b4**2*q2_0*q3_0*q8_1 - 5031180*a1_0*b4**2*q2_0*q4_0*q7_1 + 7906140*a1_0*b4**2*q2_0*q8_1*q9_1 + 5111040*a1_0*b4**2*q3_0**2*q7_1 + 1118040*a1_0*b4**2*q3_0*q4_0 + 3513840*a1_0*b4**2*q3_0*q7_1*q9_1 + 1756920*a1_0*b4**2*q3_0*q8_1**2 + 12298440*a1_0*b4**2*q4_0*q7_1*q8_1 + 12298440*a1_0*b4**2*q4_0*q9_1 + 3953070*a1_0*b4**2*q5_0*q7_1**2 + 7906140*a1_0*b4**2*q5_0*q8_1 + 4392300*a1_0*b4**2*q6_0*q7_1 + 878460*a1_0*b4**2*q7_0 + 19326120*a1_0*b4*q10_1**2 - 15812280*a1_0*b4*q10_1*q2_0*q8_1 - 7027680*a1_0*b4*q10_1*q3_0*q7_1 - 12298440*a1_0*b4*q10_1*q4_0 - 15812280*a1_0*b4*q11_0*q2_0*q7_1 - 7027680*a1_0*b4*q11_0*q3_0 + 38652240*a1_0*b4*q11_0*q9_1 - 22640310*a1_0*b4*q11_1*q2_0**2*q4_0 + 19765350*a1_0*b4*q11_1*q2_0*q6_0 + 21083040*a1_0*b4*q11_1*q3_0*q5_0 + 21522270*a1_0*b4*q11_1*q4_0**2 - 14494590*a1_0*b4*q11_1*q8_0 - 8660520*a1_0*b4*q2_0**4 + 5292540*a1_0*b4*q2_0**3*q7_1**2 + 10585080*a1_0*b4*q2_0**3*q8_1 + 42340320*a1_0*b4*q2_0**2*q3_0*q7_1 + 18523890*a1_0*b4*q2_0**2*q4_0 + 25090560*a1_0*b4*q2_0*q3_0**2 - 11499840*a1_0*b4*q2_0*q3_0*q7_1*q8_1 - 11499840*a1_0*b4*q2_0*q3_0*q9_1 - 2515590*a1_0*b4*q2_0*q4_0*q7_1**2 - 5031180*a1_0*b4*q2_0*q4_0*q8_1 - 3593700*a1_0*b4*q2_0*q6_0 - 7906140*a1_0*b4*q2_0*q9_1**2 - 5111040*a1_0*b4*q3_0**2*q7_1**2 - 10222080*a1_0*b4*q3_0**2*q8_1 - 15652560*a1_0*b4*q3_0*q4_0*q7_1 - 5749920*a1_0*b4*q3_0*q5_0 - 7027680*a1_0*b4*q3_0*q8_1*q9_1 - 3913140*a1_0*b4*q4_0**2 - 12298440*a1_0*b4*q4_0*q7_1*q9_1 - 6149220*a1_0*b4*q4_0*q8_1**2 - 15812280*a1_0*b4*q5_0*q7_1*q8_1 - 15812280*a1_0*b4*q5_0*q9_1 - 4392300*a1_0*b4*q6_0*q7_1**2 - 8784600*a1_0*b4*q6_0*q8_1 - 3513840*a1_0*b4*q7_0*q7_1 - 19326120*a1_0*q10_1*q11_0 + 5749920*a1_0*q10_1*q2_0*q3_0 + 7906140*a1_0*q10_1*q2_0*q9_1 + 3513840*a1_0*q10_1*q3_0*q8_1 + 7906140*a1_0*q10_1*q5_0 + 7906140*a1_0*q11_0*q2_0*q8_1 + 3513840*a1_0*q11_0*q3_0*q7_1 + 19405980*a1_0*q11_1*q2_0**2*q5_0 - 15812280*a1_0*q11_1*q2_0*q7_0 - 17569200*a1_0*q11_1*q3_0*q6_0 - 18447660*a1_0*q11_1*q4_0*q5_0 + 9663060*a1_0*q11_1*q9_0 + 8660520*a1_0*q2_0**4*q7_1 + 19245600*a1_0*q2_0**3*q3_0 - 5292540*a1_0*q2_0**3*q7_1*q8_1 - 5292540*a1_0*q2_0**3*q9_1 - 10585080*a1_0*q2_0**2*q3_0*q7_1**2 - 21170160*a1_0*q2_0**2*q3_0*q8_1 - 24698520*a1_0*q2_0**2*q4_0*q7_1 - 7938810*a1_0*q2_0**2*q5_0 - 25090560*a1_0*q2_0*q3_0**2*q7_1 - 27442800*a1_0*q2_0*q3_0*q4_0 + 5749920*a1_0*q2_0*q3_0*q7_1*q9_1 + 2874960*a1_0*q2_0*q3_0*q8_1**2 + 10062360*a1_0*q2_0*q4_0*q7_1*q8_1 + 10062360*a1_0*q2_0*q4_0*q9_1 + 3593700*a1_0*q2_0*q6_0*q7_1 + 2874960*a1_0*q2_0*q7_0 - 4646400*a1_0*q3_0**3 + 5111040*a1_0*q3_0**2*q7_1*q8_1 + 5111040*a1_0*q3_0**2*q9_1 + 6708240*a1_0*q3_0*q4_0*q7_1**2 + 13416480*a1_0*q3_0*q4_0*q8_1 + 5749920*a1_0*q3_0*q5_0*q7_1 + 3993000*a1_0*q3_0*q6_0 + 1756920*a1_0*q3_0*q9_1**2 + 7826280*a1_0*q4_0**2*q7_1 + 5031180*a1_0*q4_0*q5_0 + 7906140*a1_0*q5_0*q7_1*q9_1 + 3953070*a1_0*q5_0*q8_1**2 + 4392300*a1_0*q6_0*q7_1*q8_1 + 4392300*a1_0*q6_0*q9_1 + 878460*a1_0*q7_0*q7_1**2 + 1756920*a1_0*q7_0*q8_1 - 439230*a1_0*q9_0 + 2459688*a2_0*b3*b4**2 + 6764142*a2_0*b3*b4*q11_1*q7_1 - 14758128*a2_0*b3*b4*q7_1 + 1844766*a2_0*b3*q11_1*q2_0 - 6764142*a2_0*b3*q11_1*q8_1 - 3354120*a2_0*b3*q2_0 + 7379064*a2_0*b3*q7_1**2 + 7379064*a2_0*b3*q8_1 + 3689532*a2_0*b4**2*q10_1*q2_0 - 13528284*a2_0*b4**2*q10_1*q8_1 - 13528284*a2_0*b4**2*q11_0*q7_1 - 3704778*a2_0*b4**2*q2_0**3 + 1509354*a2_0*b4**2*q2_0**2*q7_1**2 + 3018708*a2_0*b4**2*q2_0**2*q8_1 + 10733184*a2_0*b4**2*q2_0*q3_0*q7_1 + 2347884*a2_0*b4**2*q2_0*q4_0 + 3689532*a2_0*b4**2*q2_0*q7_1*q9_1 + 1844766*a2_0*b4**2*q2_0*q8_1**2 + 3577728*a2_0*b4**2*q3_0**2 + 2869636*a2_0*b4**2*q4_0*q7_1**2 + 5739272*a2_0*b4**2*q4_0*q8_1 + 2459688*a2_0*b4**2*q5_0*q7_1 - 6764142*a2_0*b4**2*q9_1**2 - 7379064*a2_0*b4*q10_1*q2_0*q7_1 + 27056568*a2_0*b4*q10_1*q9_1 - 7379064*a2_0*b4*q11_0*q2_0 + 27056568*a2_0*b4*q11_0*q8_1 + 22137192*a2_0*b4*q11_1*q2_0*q5_0 + 22957088*a2_0*b4*q11_1*q3_0*q4_0 - 18037712*a2_0*b4*q11_1*q7_0 + 14819112*a2_0*b4*q2_0**3*q7_1 + 26345088*a2_0*b4*q2_0**2*q3_0 - 6037416*a2_0*b4*q2_0**2*q7_1*q8_1 - 6037416*a2_0*b4*q2_0**2*q9_1 - 10733184*a2_0*b4*q2_0*q3_0*q7_1**2 - 21466368*a2_0*b4*q2_0*q3_0*q8_1 - 18783072*a2_0*b4*q2_0*q4_0*q7_1 - 8049888*a2_0*b4*q2_0*q5_0 - 7379064*a2_0*b4*q2_0*q8_1*q9_1 - 14310912*a2_0*b4*q3_0**2*q7_1 - 13565552*a2_0*b4*q3_0*q4_0 - 2869636*a2_0*b4*q4_0*q7_1*q8_1 - 2869636*a2_0*b4*q4_0*q9_1 - 2459688*a2_0*b4*q5_0*q7_1**2 - 4919376*a2_0*b4*q5_0*q8_1 + 1639792*a2_0*b4*q7_0 - 6764142*a2_0*q10_1**2 + 3018708*a2_0*q10_1*q2_0**2 + 3689532*a2_0*q10_1*q2_0*q8_1 - 2869636*a2_0*q10_1*q4_0 + 3689532*a2_0*q11_0*q2_0*q7_1 - 13528284*a2_0*q11_0*q9_1 - 18447660*a2_0*q11_1*q2_0*q6_0 - 19677504*a2_0*q11_1*q3_0*q5_0 + 13528284*a2_0*q11_1*q8_0 + 5051970*a2_0*q2_0**4 - 3704778*a2_0*q2_0**3*q7_1**2 - 7409556*a2_0*q2_0**3*q8_1 - 26345088*a2_0*q2_0**2*q3_0*q7_1 - 14407470*a2_0*q2_0**2*q4_0 + 3018708*a2_0*q2_0**2*q7_1*q9_1 + 1509354*a2_0*q2_0**2*q8_1**2 - 14636160*a2_0*q2_0*q3_0**2 + 10733184*a2_0*q2_0*q3_0*q7_1*q8_1 + 10733184*a2_0*q2_0*q3_0*q9_1 + 7043652*a2_0*q2_0*q4_0*q7_1**2 + 14087304*a2_0*q2_0*q4_0*q8_1 + 8049888*a2_0*q2_0*q5_0*q7_1 + 5031180*a2_0*q2_0*q6_0 + 1844766*a2_0*q2_0*q9_1**2 + 3577728*a2_0*q3_0**2*q7_1**2 + 7155456*a2_0*q3_0**2*q8_1 + 16696064*a2_0*q3_0*q4_0*q7_1 + 6261024*a2_0*q3_0*q5_0 + 4565330*a2_0*q4_0**2 - 2869636*a2_0*q4_0*q7_1*q9_1 - 1434818*a2_0*q4_0*q8_1**2 + 2459688*a2_0*q5_0*q7_1*q8_1 + 2459688*a2_0*q5_0*q9_1 - 1639792*a2_0*q7_0*q7_1 - 1229844*a2_0*q8_0 + 4187326*a3_0*b3*b4*q11_1 - 3425994*a3_0*b3*b4 - 4187326*a3_0*b3*q11_1*q7_1 + 5138991*a3_0*b3*q7_1 - 8374652*a3_0*b4**2*q10_1*q7_1 - 8374652*a3_0*b4**2*q11_0 + 5606172*a3_0*b4**2*q2_0**2*q7_1 + 7474896*a3_0*b4**2*q2_0*q3_0 - 1522664*a3_0*b4**2*q3_0*q7_1**2 - 3045328*a3_0*b4**2*q3_0*q8_1 - 1141998*a3_0*b4**2*q5_0 - 8374652*a3_0*b4**2*q8_1*q9_1 + 16749304*a3_0*b4*q10_1*q8_1 + 16749304*a3_0*b4*q11_0*q7_1 + 23981958*a3_0*b4*q11_1*q2_0*q4_0 - 20936630*a3_0*b4*q11_1*q6_0 + 9173736*a3_0*b4*q2_0**3 - 5606172*a3_0*b4*q2_0**2*q7_1**2 - 11212344*a3_0*b4*q2_0**2*q8_1 - 29899584*a3_0*b4*q2_0*q3_0*q7_1 - 15261246*a3_0*b4*q2_0*q4_0 - 8859136*a3_0*b4*q3_0**2 + 6090656*a3_0*b4*q3_0*q7_1*q8_1 + 6090656*a3_0*b4*q3_0*q9_1 + 2664662*a3_0*b4*q4_0*q7_1**2 + 5329324*a3_0*b4*q4_0*q8_1 + 4567992*a3_0*b4*q5_0*q7_1 + 3806660*a3_0*b4*q6_0 + 8374652*a3_0*b4*q9_1**2 - 3045328*a3_0*q10_1*q3_0 - 8374652*a3_0*q10_1*q9_1 - 8374652*a3_0*q11_0*q8_1 - 20555964*a3_0*q11_1*q2_0*q5_0 + 16749304*a3_0*q11_1*q7_0 - 9173736*a3_0*q2_0**3*q7_1 - 15289560*a3_0*q2_0**2*q3_0 + 5606172*a3_0*q2_0**2*q7_1*q8_1 + 5606172*a3_0*q2_0**2*q9_1 + 7474896*a3_0*q2_0*q3_0*q7_1**2 + 14949792*a3_0*q2_0*q3_0*q8_1 + 17441424*a3_0*q2_0*q4_0*q7_1 + 7474896*a3_0*q2_0*q5_0 + 8859136*a3_0*q3_0**2*q7_1 + 9689680*a3_0*q3_0*q4_0 - 3045328*a3_0*q3_0*q7_1*q9_1 - 1522664*a3_0*q3_0*q8_1**2 - 5329324*a3_0*q4_0*q7_1*q8_1 - 5329324*a3_0*q4_0*q9_1 - 1141998*a3_0*q5_0*q7_1**2 - 2283996*a3_0*q5_0*q8_1 - 3806660*a3_0*q6_0*q7_1 - 2283996*a3_0*q7_0 - 1932612*a4_0*b3*q11_1 + 878460*a4_0*b3 - 3865224*a4_0*b4**2*q10_1 + 3881196*a4_0*b4**2*q2_0**2 - 1581228*a4_0*b4**2*q2_0*q7_1**2 - 3162456*a4_0*b4**2*q2_0*q8_1 - 5622144*a4_0*b4**2*q3_0*q7_1 - 2459688*a4_0*b4**2*q4_0 - 3865224*a4_0*b4**2*q7_1*q9_1 - 1932612*a4_0*b4**2*q8_1**2 + 7730448*a4_0*b4*q10_1*q7_1 + 7730448*a4_0*b4*q11_0 - 23191344*a4_0*b4*q11_1*q5_0 - 15524784*a4_0*b4*q2_0**2*q7_1 - 18399744*a4_0*b4*q2_0*q3_0 + 6324912*a4_0*b4*q2_0*q7_1*q8_1 + 6324912*a4_0*b4*q2_0*q9_1 + 5622144*a4_0*b4*q3_0*q7_1**2 + 11244288*a4_0*b4*q3_0*q8_1 + 12298440*a4_0*b4*q4_0*q7_1 + 6324912*a4_0*b4*q5_0 + 7730448*a4_0*b4*q8_1*q9_1 - 3162456*a4_0*q10_1*q2_0 - 3865224*a4_0*q10_1*q8_1 - 3865224*a4_0*q11_0*q7_1 + 19326120*a4_0*q11_1*q6_0 - 5292540*a4_0*q2_0**3 + 3881196*a4_0*q2_0**2*q7_1**2 + 7762392*a4_0*q2_0**2*q8_1 + 18399744*a4_0*q2_0*q3_0*q7_1 + 10062360*a4_0*q2_0*q4_0 - 3162456*a4_0*q2_0*q7_1*q9_1 - 1581228*a4_0*q2_0*q8_1**2 + 5111040*a4_0*q3_0**2 - 5622144*a4_0*q3_0*q7_1*q8_1 - 5622144*a4_0*q3_0*q9_1 - 3689532*a4_0*q4_0*q7_1**2 - 7379064*a4_0*q4_0*q8_1 - 6324912*a4_0*q5_0*q7_1 - 3513840*a4_0*q6_0 - 1932612*a4_0*q9_1**2 - 3953070*a6_0*b4**2*q2_0 + 1610510*a6_0*b4**2*q7_1**2 + 3221020*a6_0*b4**2*q8_1 + 15812280*a6_0*b4*q2_0*q7_1 + 9370240*a6_0*b4*q3_0 - 6442040*a6_0*b4*q7_1*q8_1 - 6442040*a6_0*b4*q9_1 + 3221020*a6_0*q10_1 + 5390550*a6_0*q2_0**2 - 3953070*a6_0*q2_0*q7_1**2 - 7906140*a6_0*q2_0*q8_1 - 9370240*a6_0*q3_0*q7_1 - 5124350*a6_0*q4_0 + 3221020*a6_0*q7_1*q9_1 + 1610510*a6_0*q8_1**2 + 5797836*a7_0*b4**2*q7_1 + 9487368*a7_0*b4*q2_0 - 5797836*a7_0*b4*q7_1**2 - 11595672*a7_0*b4*q8_1 - 9487368*a7_0*q2_0*q7_1 - 5270760*a7_0*q3_0 + 5797836*a7_0*q7_1*q8_1 + 5797836*a7_0*q9_1 + 3865224*a8_0*b4**2 - 15460896*a8_0*b4*q7_1 - 5270760*a8_0*q2_0 + 3865224*a8_0*q7_1**2 + 7730448*a8_0*q8_1 + 24801854*a9_0*b4*q11_1 - 9018856*a9_0*b4 + 9018856*a9_0*q7_1 - 6133248*b3*b4**2*q2_0 + 10541520*b3*b4**2*q7_1**2 + 10541520*b3*b4**2*q8_1 - 6324912*b3*b4*q11_1*q2_0*q7_1 - 3748096*b3*b4*q11_1*q3_0 + 12884080*b3*b4*q11_1*q9_1 + 36799488*b3*b4*q2_0*q7_1 + 10733184*b3*b4*q3_0 - 7027680*b3*b4*q7_1**3 - 42166080*b3*b4*q7_1*q8_1 - 21083040*b3*b4*q9_1 - 12884080*b3*q10_1*q11_1 + 10541520*b3*q10_1 - 1724976*b3*q11_1*q2_0**2 + 6324912*b3*q11_1*q2_0*q8_1 + 3748096*b3*q11_1*q3_0*q7_1 + 9838752*b3*q11_1*q4_0 + 7056720*b3*q2_0**2 - 18399744*b3*q2_0*q7_1**2 - 18399744*b3*q2_0*q8_1 - 16099776*b3*q3_0*q7_1 - 5217520*b3*q4_0 + 10541520*b3*q7_1**2*q8_1 + 21083040*b3*q7_1*q9_1 + 10541520*b3*q8_1**2 - 12884080*b4**2*q10_1**2 - 3449952*b4**2*q10_1*q2_0**2 + 12649824*b4**2*q10_1*q2_0*q8_1 + 7496192*b4**2*q10_1*q3_0*q7_1 + 19677504*b4**2*q10_1*q4_0 + 12649824*b4**2*q11_0*q2_0*q7_1 + 7496192*b4**2*q11_0*q3_0 - 25768160*b4**2*q11_0*q9_1 + 3464208*b4**2*q2_0**4 - 1411344*b4**2*q2_0**3*q7_1**2 - 2822688*b4**2*q2_0**3*q8_1 - 15054336*b4**2*q2_0**2*q3_0*q7_1 - 3449952*b4**2*q2_0**2*q7_1*q9_1 - 1724976*b4**2*q2_0**2*q8_1**2 - 10036224*b4**2*q2_0*q3_0**2 - 8049888*b4**2*q2_0*q4_0*q7_1**2 - 16099776*b4**2*q2_0*q4_0*q8_1 - 9199872*b4**2*q2_0*q5_0*q7_1 - 1916640*b4**2*q2_0*q6_0 + 6324912*b4**2*q2_0*q9_1**2 + 1362944*b4**2*q3_0**2*q7_1**2 + 2725888*b4**2*q3_0**2*q8_1 - 7155456*b4**2*q3_0*q4_0*q7_1 - 1022208*b4**2*q3_0*q5_0 + 7496192*b4**2*q3_0*q8_1*q9_1 - 3130512*b4**2*q4_0**2 + 19677504*b4**2*q4_0*q7_1*q9_1 + 9838752*b4**2*q4_0*q8_1**2 + 14055360*b4**2*q5_0*q7_1*q8_1 + 14055360*b4**2*q5_0*q9_1 + 4685120*b4**2*q6_0*q7_1**2 + 9370240*b4**2*q6_0*q8_1 + 5622144*b4**2*q7_0*q7_1 + 1405536*b4**2*q8_0 + 51536320*b4*q10_1*q11_0 + 6899904*b4*q10_1*q2_0**2*q7_1 - 25299648*b4*q10_1*q2_0*q9_1 - 14992384*b4*q10_1*q3_0*q8_1 - 22957088*b4*q10_1*q4_0*q7_1 - 28110720*b4*q10_1*q5_0 + 6899904*b4*q11_0*q2_0**2 - 25299648*b4*q11_0*q2_0*q8_1 - 14992384*b4*q11_0*q3_0*q7_1 - 22957088*b4*q11_0*q4_0 - 20699712*b4*q11_1*q2_0**2*q5_0 - 42932736*b4*q11_1*q2_0*q3_0*q4_0 + 16866432*b4*q11_1*q2_0*q7_0 + 18740480*b4*q11_1*q3_0*q6_0 + 39355008*b4*q11_1*q4_0*q5_0 - 10307264*b4*q11_1*q9_0 - 13856832*b4*q2_0**4*q7_1 - 32845824*b4*q2_0**3*q3_0 + 5645376*b4*q2_0**3*q7_1*q8_1 + 5645376*b4*q2_0**3*q9_1 + 15054336*b4*q2_0**2*q3_0*q7_1**2 + 30108672*b4*q2_0**2*q3_0*q8_1 + 19758816*b4*q2_0**2*q4_0*q7_1 + 5645376*b4*q2_0**2*q5_0 + 6899904*b4*q2_0**2*q8_1*q9_1 + 40144896*b4*q2_0*q3_0**2*q7_1 + 32199552*b4*q2_0*q3_0*q4_0 + 10733184*b4*q2_0*q4_0*q7_1*q8_1 + 10733184*b4*q2_0*q4_0*q9_1 + 9199872*b4*q2_0*q5_0*q7_1**2 + 18399744*b4*q2_0*q5_0*q8_1 + 7666560*b4*q2_0*q6_0*q7_1 + 7929856*b4*q3_0**3 - 5451776*b4*q3_0**2*q7_1*q8_1 - 5451776*b4*q3_0**2*q9_1 - 1192576*b4*q3_0*q4_0*q7_1**2 - 2385152*b4*q3_0*q4_0*q8_1 + 4088832*b4*q3_0*q5_0*q7_1 - 1703680*b4*q3_0*q6_0 - 7496192*b4*q3_0*q9_1**2 + 894432*b4*q4_0*q5_0 - 22957088*b4*q4_0*q8_1*q9_1 - 28110720*b4*q5_0*q7_1*q9_1 - 14055360*b4*q5_0*q8_1**2 - 18740480*b4*q6_0*q7_1*q8_1 - 18740480*b4*q6_0*q9_1 - 5622144*b4*q7_0*q7_1**2 - 11244288*b4*q7_0*q8_1 - 5622144*b4*q7_1*q8_0 - 937024*b4*q9_0 + 5153632*q10_0*q11_1 + 6324912*q10_1**2*q2_0 - 2822688*q10_1*q2_0**3 - 3449952*q10_1*q2_0**2*q8_1 + 5366592*q10_1*q2_0*q4_0 + 2725888*q10_1*q3_0**2 + 7496192*q10_1*q3_0*q9_1 + 3279584*q10_1*q4_0*q8_1 + 14055360*q10_1*q5_0*q7_1 + 9370240*q10_1*q6_0 - 12884080*q11_0**2 - 3449952*q11_0*q2_0**2*q7_1 + 12649824*q11_0*q2_0*q9_1 + 7496192*q11_0*q3_0*q8_1 + 3279584*q11_0*q4_0*q7_1 + 14055360*q11_0*q5_0 + 17249760*q11_1*q2_0**2*q6_0 + 36799488*q11_1*q2_0*q3_0*q5_0 - 12649824*q11_1*q2_0*q8_0 - 14992384*q11_1*q3_0*q7_0 - 16397920*q11_1*q4_0*q6_0 - 16866432*q11_1*q5_0**2 - 4723920*q2_0**5 + 3464208*q2_0**4*q7_1**2 + 6928416*q2_0**4*q8_1 + 32845824*q2_0**3*q3_0*q7_1 + 17962560*q2_0**3*q4_0 - 2822688*q2_0**3*q7_1*q9_1 - 1411344*q2_0**3*q8_1**2 + 27371520*q2_0**2*q3_0**2 - 15054336*q2_0**2*q3_0*q7_1*q8_1 - 15054336*q2_0**2*q3_0*q9_1 - 9879408*q2_0**2*q4_0*q7_1**2 - 19758816*q2_0**2*q4_0*q8_1 - 5645376*q2_0**2*q5_0*q7_1 - 4704480*q2_0**2*q6_0 - 1724976*q2_0**2*q9_1**2 - 10036224*q2_0*q3_0**2*q7_1**2 - 20072448*q2_0*q3_0**2*q8_1 - 46835712*q2_0*q3_0*q4_0*q7_1 - 12545280*q2_0*q3_0*q5_0 - 12806640*q2_0*q4_0**2 + 5366592*q2_0*q4_0*q7_1*q9_1 + 2683296*q2_0*q4_0*q8_1**2 - 9199872*q2_0*q5_0*q7_1*q8_1 - 9199872*q2_0*q5_0*q9_1 - 1916640*q2_0*q6_0*q7_1**2 - 3833280*q2_0*q6_0*q8_1 + 1149984*q2_0*q8_0 - 7929856*q3_0**3*q7_1 - 13009920*q3_0**2*q4_0 + 2725888*q3_0**2*q7_1*q9_1 + 1362944*q3_0**2*q8_1**2 + 9540608*q3_0*q4_0*q7_1*q8_1 + 9540608*q3_0*q4_0*q9_1 - 1022208*q3_0*q5_0*q7_1**2 - 2044416*q3_0*q5_0*q8_1 + 1703680*q3_0*q6_0*q7_1 + 2044416*q3_0*q7_0 + 3130512*q4_0**2*q7_1**2 + 6261024*q4_0**2*q8_1 + 3577728*q4_0*q5_0*q7_1 + 2981440*q4_0*q6_0 + 1639792*q4_0*q9_1**2 + 14055360*q5_0*q8_1*q9_1 + 9370240*q6_0*q7_1*q9_1 + 4685120*q6_0*q8_1**2 + 5622144*q7_0*q7_1*q8_1 + 5622144*q7_0*q9_1 + 1405536*q7_1**2*q8_0 + 937024*q7_1*q9_0 + 2811072*q8_0*q8_1
31	5	[1,2]	5	61	-13365*a1_0*b4**2*q2_0 + 25410*a1_0*b4**2*q7_1**2 + 25410*a1_0*b4**2*q8_1 - 32670*a1_0*b4*q11_1*q2_0*q7_1 - 14520*a1_0*b4*q11_1*q3_0 + 79860*a1_0*b4*q11_1*q9_1 + 80190*a1_0*b4*q2_0*q7_1 + 22000*a1_0*b4*q3_0 - 16940*a1_0*b4*q7_1**3 - 101640*a1_0*b4*q7_1*q8_1 - 50820*a1_0*b4*q9_1 - 79860*a1_0*q10_1*q11_1 + 25410*a1_0*q10_1 + 32670*a1_0*q11_1*q2_0*q8_1 + 14520*a1_0*q11_1*q3_0*q7_1 + 13365*a1_0*q2_0**2 - 40095*a1_0*q2_0*q7_1**2 - 40095*a1_0*q2_0*q8_1 - 33000*a1_0*q3_0*q7_1 - 8470*a1_0*q4_0 + 25410*a1_0*q7_1**2*q8_1 + 50820*a1_0*q7_1*q9_1 + 25410*a1_0*q8_1**2 + 20328*a2_0*b4**2*q7_1 - 15246*a2_0*b4*q11_1*q2_0 + 55902*a2_0*b4*q11_1*q8_1 + 18480*a2_0*b4*q2_0 - 40656*a2_0*b4*q7_1**2 - 40656*a2_0*b4*q8_1 + 15246*a2_0*q11_1*q2_0*q7_1 - 55902*a2_0*q11_1*q9_1 - 27720*a2_0*q2_0*q7_1 - 6776*a2_0*q3_0 + 6776*a2_0*q7_1**3 + 40656*a2_0*q7_1*q8_1 + 20328*a2_0*q9_1 + 4719*a3_0*b4**2 + 34606*a3_0*b4*q11_1*q7_1 - 28314*a3_0*b4*q7_1 - 34606*a3_0*q11_1*q8_1 - 4719*a3_0*q2_0 + 14157*a3_0*q7_1**2 + 14157*a3_0*q8_1 + 15972*a4_0*b4*q11_1 - 4840*a4_0*b4 - 15972*a4_0*q11_1*q7_1 + 7260*a4_0*q7_1 - 50688*b4**2*q2_0*q7_1 - 14784*b4**2*q3_0 + 9680*b4**2*q7_1**3 + 58080*b4**2*q7_1*q8_1 + 29040*b4**2*q9_1 + 106480*b4*q10_1*q11_1 - 58080*b4*q10_1 + 14256*b4*q11_1*q2_0**2 - 52272*b4*q11_1*q2_0*q8_1 - 30976*b4*q11_1*q3_0*q7_1 - 13552*b4*q11_1*q4_0 - 38880*b4*q2_0**2 + 101376*b4*q2_0*q7_1**2 + 101376*b4*q2_0*q8_1 + 88704*b4*q3_0*q7_1 + 24640*b4*q4_0 - 58080*b4*q7_1**2*q8_1 - 116160*b4*q7_1*q9_1 - 58080*b4*q8_1**2 + 58080*q10_1*q7_1 - 106480*q11_0*q11_1 + 29040*q11_0 - 14256*q11_1*q2_0**2*q7_1 + 52272*q11_1*q2_0*q9_1 + 30976*q11_1*q3_0*q8_1 + 13552*q11_1*q4_0*q7_1 + 58080*q11_1*q5_0 + 58320*q2_0**2*q7_1 + 31680*q2_0*q3_0 - 16896*q2_0*q7_1**3 - 101376*q2_0*q7_1*q8_1 - 50688*q2_0*q9_1 - 44352*q3_0*q7_1**2 - 44352*q3_0*q8_1 - 36960*q4_0*q7_1 - 14960*q5_0 + 29040*q7_1**2*q9_1 + 29040*q7_1*q8_1**2 + 58080*q8_1*q9_1
34	5	[0,2]	6	61	-13365*a1_0*b1*b4**2*q2_0 + 25410*a1_0*b1*b4**2*q7_1**2 + 25410*a1_0*b1*b4**2*q8_1 - 32670*a1_0*b1*b4*q11_1*q2_0*q7_1 - 14520*a1_0*b1*b4*q11_1*q3_0 + 79860*a1_0*b1*b4*q11_1*q9_1 + 80190*a1_0*b1*b4*q2_0*q7_1 + 22000*a1_0*b1*b4*q3_0 - 16940*a1_0*b1*b4*q7_1**3 - 101640*a1_0*b1*b4*q7_1*q8_1 - 50820*a1_0*b1*b4*q9_1 - 79860*a1_0*b1*q10_1*q11_1 + 25410*a1_0*b1*q10_1 + 32670*a1_0*b1*q11_1*q2_0*q8_1 + 14520*a1_0*b1*q11_1*q3_0*q7_1 + 13365*a1_0*b1*q2_0**2 - 40095*a1_0*b1*q2_0*q7_1**2 - 40095*a1_0*b1*q2_0*q8_1 - 33000*a1_0*b1*q3_0*q7_1 - 8470*a1_0*b1*q4_0 + 25410*a1_0*b1*q7_1**2*q8_1 + 50820*a1_0*b1*q7_1*q9_1 + 25410*a1_0*b1*q8_1**2 + 20328*a2_0*b1*b4**2*q7_1 - 15246*a2_0*b1*b4*q11_1*q2_0 + 55902*a2_0*b1*b4*q11_1*q8_1 + 18480*a2_0*b1*b4*q2_0 - 40656*a2_0*b1*b4*q7_1**2 - 40656*a2_0*b1*b4*q8_1 + 15246*a2_0*b1*q11_1*q2_0*q7_1 - 55902*a2_0*b1*q11_1*q9_1 - 27720*a2_0*b1*q2_0*q7_1 - 6776*a2_0*b1*q3_0 + 6776*a2_0*b1*q7_1**3 + 40656*a2_0*b1*q7_1*q8_1 + 20328*a2_0*b1*q9_1 + 4719*a3_0*b1*b4**2 + 34606*a3_0*b1*b4*q11_1*q7_1 - 28314*a3_0*b1*b4*q7_1 - 34606*a3_0*b1*q11_1*q8_1 - 4719*a3_0*b1*q2_0 + 14157*a3_0*b1*q7_1**2 + 14157*a3_0*b1*q8_1 + 15972*a4_0*b1*b4*q11_1 - 4840*a4_0*b1*b4 - 15972*a4_0*b1*q11_1*q7_1 + 7260*a4_0*b1*q7_1 - 50688*b1*b4**2*q2_0*q7_1 - 14784*b1*b4**2*q3_0 + 9680*b1*b4**2*q7_1**3 + 58080*b1*b4**2*q7_1*q8_1 + 29040*b1*b4**2*q9_1 + 106480*b1*b4*q10_1*q11_1 - 58080*b1*b4*q10_1 + 14256*b1*b4*q11_1*q2_0**2 - 52272*b1*b4*q11_1*q2_0*q8_1 - 30976*b1*b4*q11_1*q3_0*q7_1 - 13552*b1*b4*q11_1*q4_0 - 38880*b1*b4*q2_0**2 + 101376*b1*b4*q2_0*q7_1**2 + 101376*b1*b4*q2_0*q8_1 + 88704*b1*b4*q3_0*q7_1 + 24640*b1*b4*q4_0 - 58080*b1*b4*q7_1**2*q8_1 - 116160*b1*b4*q7_1*q9_1 - 58080*b1*b4*q8_1**2 + 58080*b1*q10_1*q7_1 - 106480*b1*q11_0*q11_1 + 29040*b1*q11_0 - 14256*b1*q11_1*q2_0**2*q7_1 + 52272*b1*q11_1*q2_0*q9_1 + 30976*b1*q11_1*q3_0*q8_1 + 13552*b1*q11_1*q4_0*q7_1 + 58080*b1*q11_1*q5_0 + 58320*b1*q2_0**2*q7_1 + 31680*b1*q2_0*q3_0 - 16896*b1*q2_0*q7_1**3 - 101376*b1*q2_0*q7_1*q8_1 - 50688*b1*q2_0*q9_1 - 44352*b1*q3_0*q7_1**2 - 44352*b1*q3_0*q8_1 - 36960*b1*q4_0*q7_1 - 14960*b1*q5_0 + 29040*b1*q7_1**2*q9_1 + 29040*b1*q7_1*q8_1**2 + 58080*b1*q8_1*q9_1
35	5	[0,1]	8	747	-10629366*a10_0*b3*q11_1 - 10629366*a10_0*b4*q11_0 + 5797836*a10_0*b4*q5_0 - 4831530*a10_0*q6_0 - 8857805*a11_0*b4*q10_1 + 8857805*a11_0*q11_0 - 7086244*a12_0*b4*q9_1 + 7086244*a12_0*q10_1 - 5314683*a13_0*b4*q8_1 + 5314683*a13_0*q9_1 - 3543122*a14_0*b4*q7_1 + 3543122*a14_0*q8_1 - 1771561*a15_0*b4 + 1771561*a15_0*q7_1 + 4851495*a1_0*b2*b4**2*q2_0 - 9223830*a1_0*b2*b4**2*q7_1**2 - 9223830*a1_0*b2*b4**2*q8_1 + 11859210*a1_0*b2*b4*q11_1*q2_0*q7_1 + 5270760*a1_0*b2*b4*q11_1*q3_0 - 28989180*a1_0*b2*b4*q11_1*q9_1 - 29108970*a1_0*b2*b4*q2_0*q7_1 - 7986000*a1_0*b2*b4*q3_0 + 6149220*a1_0*b2*b4*q7_1**3 + 36895320*a1_0*b2*b4*q7_1*q8_1 + 18447660*a1_0*b2*b4*q9_1 + 28989180*a1_0*b2*q10_1*q11_1 - 9223830*a1_0*b2*q10_1 - 11859210*a1_0*b2*q11_1*q2_0*q8_1 - 5270760*a1_0*b2*q11_1*q3_0*q7_1 - 4851495*a1_0*b2*q2_0**2 + 14554485*a1_0*b2*q2_0*q7_1**2 + 14554485*a1_0*b2*q2_0*q8_1 + 11979000*a1_0*b2*q3_0*q7_1 + 3074610*a1_0*b2*q4_0 - 9223830*a1_0*b2*q7_1**2*q8_1 - 18447660*a1_0*b2*q7_1*q9_1 - 9223830*a1_0*b2*q8_1**2 + 5270760*a1_0*b3*q10_1*q5_0 + 9702990*a1_0*b3*q11_1*q2_0**2*q5_0 - 7906140*a1_0*b3*q11_1*q2_0*q7_0 - 8784600*a1_0*b3*q11_1*q3_0*q6_0 - 9223830*a1_0*b3*q11_1*q4_0*q5_0 + 4831530*a1_0*b3*q11_1*q9_0 + 2646270*a1_0*b3*q2_0**2*q5_0 - 3234330*a1_0*b3*q2_0*q5_0*q7_1**2 - 6468660*a1_0*b3*q2_0*q5_0*q8_1 - 4791600*a1_0*b3*q3_0*q5_0*q7_1 - 1677060*a1_0*b3*q4_0*q5_0 + 5270760*a1_0*b3*q5_0*q7_1*q9_1 + 2635380*a1_0*b3*q5_0*q8_1**2 + 2415765*a1_0*b4*q10_0*q10_1 + 1617165*a1_0*b4*q10_0*q2_0**2 - 1976535*a1_0*b4*q10_0*q2_0*q8_1 - 1756920*a1_0*b4*q10_0*q3_0*q7_1 - 1537305*a1_0*b4*q10_0*q4_0 + 8085825*a1_0*b4*q10_1*q2_0**2*q6_0 + 17249760*a1_0*b4*q10_1*q2_0*q3_0*q5_0 - 5929605*a1_0*b4*q10_1*q2_0*q8_0 - 7027680*a1_0*b4*q10_1*q3_0*q7_0 - 7686525*a1_0*b4*q10_1*q4_0*q6_0 - 7906140*a1_0*b4*q10_1*q5_0**2 + 9702990*a1_0*b4*q11_0*q2_0**2*q5_0 - 7906140*a1_0*b4*q11_0*q2_0*q7_0 - 8784600*a1_0*b4*q11_0*q3_0*q6_0 - 9223830*a1_0*b4*q11_0*q4_0*q5_0 + 4831530*a1_0*b4*q11_0*q9_0 + 6495390*a1_0*b4*q2_0**4*q5_0*q7_1 + 5412825*a1_0*b4*q2_0**4*q6_0 + 23094720*a1_0*b4*q2_0**3*q3_0*q5_0 - 7938810*a1_0*b4*q2_0**3*q5_0*q9_1 - 6615675*a1_0*b4*q2_0**3*q6_0*q8_1 - 5292540*a1_0*b4*q2_0**3*q7_0*q7_1 - 3969405*a1_0*b4*q2_0**3*q8_0 - 21170160*a1_0*b4*q2_0**2*q3_0*q5_0*q8_1 - 17641800*a1_0*b4*q2_0**2*q3_0*q6_0*q7_1 - 14113440*a1_0*b4*q2_0**2*q3_0*q7_0 - 18523890*a1_0*b4*q2_0**2*q4_0*q5_0*q7_1 - 15436575*a1_0*b4*q2_0**2*q4_0*q6_0 - 15877620*a1_0*b4*q2_0**2*q5_0**2 + 6468660*a1_0*b4*q2_0**2*q7_0*q9_1 + 3234330*a1_0*b4*q2_0**2*q7_1*q9_0 + 4851495*a1_0*b4*q2_0**2*q8_0*q8_1 - 18817920*a1_0*b4*q2_0*q3_0**2*q5_0*q7_1 - 15681600*a1_0*b4*q2_0*q3_0**2*q6_0 - 32931360*a1_0*b4*q2_0*q3_0*q4_0*q5_0 + 14374800*a1_0*b4*q2_0*q3_0*q6_0*q9_1 + 11499840*a1_0*b4*q2_0*q3_0*q7_0*q8_1 + 8624880*a1_0*b4*q2_0*q3_0*q7_1*q8_0 + 5749920*a1_0*b4*q2_0*q3_0*q9_0 + 15093540*a1_0*b4*q2_0*q4_0*q5_0*q9_1 + 12577950*a1_0*b4*q2_0*q4_0*q6_0*q8_1 + 10062360*a1_0*b4*q2_0*q4_0*q7_0*q7_1 + 7546770*a1_0*b4*q2_0*q4_0*q8_0 + 12937320*a1_0*b4*q2_0*q5_0**2*q8_1 + 21562200*a1_0*b4*q2_0*q5_0*q6_0*q7_1 + 17249760*a1_0*b4*q2_0*q5_0*q7_0 + 8984250*a1_0*b4*q2_0*q6_0**2 - 3953070*a1_0*b4*q2_0*q9_0*q9_1 - 5575680*a1_0*b4*q3_0**3*q5_0 + 7666560*a1_0*b4*q3_0**2*q5_0*q9_1 + 6388800*a1_0*b4*q3_0**2*q6_0*q8_1 + 5111040*a1_0*b4*q3_0**2*q7_0*q7_1 + 3833280*a1_0*b4*q3_0**2*q8_0 + 13416480*a1_0*b4*q3_0*q4_0*q5_0*q8_1 + 11180400*a1_0*b4*q3_0*q4_0*q6_0*q7_1 + 8944320*a1_0*b4*q3_0*q4_0*q7_0 + 11499840*a1_0*b4*q3_0*q5_0**2*q7_1 + 19166400*a1_0*b4*q3_0*q5_0*q6_0 - 5270760*a1_0*b4*q3_0*q8_0*q9_1 - 3513840*a1_0*b4*q3_0*q8_1*q9_0 + 5869710*a1_0*b4*q4_0**2*q5_0*q7_1 + 4891425*a1_0*b4*q4_0**2*q6_0 + 10062360*a1_0*b4*q4_0*q5_0**2 - 6149220*a1_0*b4*q4_0*q7_0*q9_1 - 3074610*a1_0*b4*q4_0*q7_1*q9_0 - 4611915*a1_0*b4*q4_0*q8_0*q8_1 - 13176900*a1_0*b4*q5_0*q6_0*q9_1 - 10541520*a1_0*b4*q5_0*q7_0*q8_1 - 7906140*a1_0*b4*q5_0*q7_1*q8_0 - 5270760*a1_0*b4*q5_0*q9_0 - 5490375*a1_0*b4*q6_0**2*q8_1 - 8784600*a1_0*b4*q6_0*q7_0*q7_1 - 6588450*a1_0*b4*q6_0*q8_0 - 3513840*a1_0*b4*q7_0**2 - 2415765*a1_0*q10_0*q11_0 - 1617165*a1_0*q10_0*q2_0**2*q7_1 - 2874960*a1_0*q10_0*q2_0*q3_0 + 1976535*a1_0*q10_0*q2_0*q9_1 + 1756920*a1_0*q10_0*q3_0*q8_1 + 1537305*a1_0*q10_0*q4_0*q7_1 + 1317690*a1_0*q10_0*q5_0 - 6468660*a1_0*q10_1*q2_0**2*q7_0 - 14374800*a1_0*q10_1*q2_0*q3_0*q6_0 + 3953070*a1_0*q10_1*q2_0*q9_0 + 5270760*a1_0*q10_1*q3_0*q8_0 + 6149220*a1_0*q10_1*q4_0*q7_0 + 6588450*a1_0*q10_1*q5_0*q6_0 - 8085825*a1_0*q11_0*q2_0**2*q6_0 + 5929605*a1_0*q11_0*q2_0*q8_0 + 7027680*a1_0*q11_0*q3_0*q7_0 + 7686525*a1_0*q11_0*q4_0*q6_0 - 5412825*a1_0*q2_0**4*q6_0*q7_1 - 4330260*a1_0*q2_0**4*q7_0 - 19245600*a1_0*q2_0**3*q3_0*q6_0 + 6615675*a1_0*q2_0**3*q6_0*q9_1 + 5292540*a1_0*q2_0**3*q7_0*q8_1 + 3969405*a1_0*q2_0**3*q7_1*q8_0 + 2646270*a1_0*q2_0**3*q9_0 + 17641800*a1_0*q2_0**2*q3_0*q6_0*q8_1 + 14113440*a1_0*q2_0**2*q3_0*q7_0*q7_1 + 10585080*a1_0*q2_0**2*q3_0*q8_0 + 15436575*a1_0*q2_0**2*q4_0*q6_0*q7_1 + 12349260*a1_0*q2_0**2*q4_0*q7_0 + 13231350*a1_0*q2_0**2*q5_0*q6_0 - 4851495*a1_0*q2_0**2*q8_0*q9_1 - 3234330*a1_0*q2_0**2*q8_1*q9_0 + 15681600*a1_0*q2_0*q3_0**2*q6_0*q7_1 + 12545280*a1_0*q2_0*q3_0**2*q7_0 + 27442800*a1_0*q2_0*q3_0*q4_0*q6_0 - 11499840*a1_0*q2_0*q3_0*q7_0*q9_1 - 5749920*a1_0*q2_0*q3_0*q7_1*q9_0 - 8624880*a1_0*q2_0*q3_0*q8_0*q8_1 - 12577950*a1_0*q2_0*q4_0*q6_0*q9_1 - 10062360*a1_0*q2_0*q4_0*q7_0*q8_1 - 7546770*a1_0*q2_0*q4_0*q7_1*q8_0 - 5031180*a1_0*q2_0*q4_0*q9_0 - 10781100*a1_0*q2_0*q5_0*q6_0*q8_1 - 8624880*a1_0*q2_0*q5_0*q7_0*q7_1 - 6468660*a1_0*q2_0*q5_0*q8_0 - 8984250*a1_0*q2_0*q6_0**2*q7_1 - 14374800*a1_0*q2_0*q6_0*q7_0 + 4646400*a1_0*q3_0**3*q6_0 - 6388800*a1_0*q3_0**2*q6_0*q9_1 - 5111040*a1_0*q3_0**2*q7_0*q8_1 - 3833280*a1_0*q3_0**2*q7_1*q8_0 - 2555520*a1_0*q3_0**2*q9_0 - 11180400*a1_0*q3_0*q4_0*q6_0*q8_1 - 8944320*a1_0*q3_0*q4_0*q7_0*q7_1 - 6708240*a1_0*q3_0*q4_0*q8_0 - 9583200*a1_0*q3_0*q5_0*q6_0*q7_1 - 7666560*a1_0*q3_0*q5_0*q7_0 - 7986000*a1_0*q3_0*q6_0**2 + 3513840*a1_0*q3_0*q9_0*q9_1 - 4891425*a1_0*q4_0**2*q6_0*q7_1 - 3913140*a1_0*q4_0**2*q7_0 - 8385300*a1_0*q4_0*q5_0*q6_0 + 4611915*a1_0*q4_0*q8_0*q9_1 + 3074610*a1_0*q4_0*q8_1*q9_0 + 5270760*a1_0*q5_0*q7_0*q9_1 + 2635380*a1_0*q5_0*q7_1*q9_0 + 3953070*a1_0*q5_0*q8_0*q8_1 + 5490375*a1_0*q6_0**2*q9_1 + 8784600*a1_0*q6_0*q7_0*q8_1 + 6588450*a1_0*q6_0*q7_1*q8_0 + 4392300*a1_0*q6_0*q9_0 + 3513840*a1_0*q7_0**2*q7_1 + 5270760*a1_0*q7_0*q8_0 - 7379064*a2_0*b2*b4**2*q7_1 + 5534298*a2_0*b2*b4*q11_1*q2_0 - 20292426*a2_0*b2*b4*q11_1*q8_1 - 6708240*a2_0*b2*b4*q2_0 + 14758128*a2_0*b2*b4*q7_1**2 + 14758128*a2_0*b2*b4*q8_1 - 5534298*a2_0*b2*q11_1*q2_0*q7_1 + 20292426*a2_0*b2*q11_1*q9_1 + 10062360*a2_0*b2*q2_0*q7_1 + 2459688*a2_0*b2*q3_0 - 2459688*a2_0*b2*q7_1**3 - 14758128*a2_0*b2*q7_1*q8_1 - 7379064*a2_0*b2*q9_1 - 9223830*a2_0*b3*q11_1*q2_0*q6_0 - 9838752*a2_0*b3*q11_1*q3_0*q5_0 + 6764142*a2_0*b3*q11_1*q8_0 - 4024944*a2_0*b3*q2_0*q5_0*q7_1 - 1341648*a2_0*b3*q3_0*q5_0 + 3689532*a2_0*b3*q5_0*q7_1*q8_1 + 3689532*a2_0*b3*q5_0*q9_1 - 1844766*a2_0*b4*q10_0*q2_0*q7_1 - 1639792*a2_0*b4*q10_0*q3_0 + 2254714*a2_0*b4*q10_0*q9_1 + 9056124*a2_0*b4*q10_1*q2_0**2*q5_0 - 7379064*a2_0*b4*q10_1*q2_0*q7_0 - 8198960*a2_0*b4*q10_1*q3_0*q6_0 - 8608908*a2_0*b4*q10_1*q4_0*q5_0 + 4509428*a2_0*b4*q10_1*q9_0 - 9223830*a2_0*b4*q11_0*q2_0*q6_0 - 9838752*a2_0*b4*q11_0*q3_0*q5_0 + 6764142*a2_0*b4*q11_0*q8_0 + 6062364*a2_0*b4*q2_0**4*q5_0 - 7409556*a2_0*b4*q2_0**3*q5_0*q8_1 - 6174630*a2_0*b4*q2_0**3*q6_0*q7_1 - 4939704*a2_0*b4*q2_0**3*q7_0 - 19758816*a2_0*b4*q2_0**2*q3_0*q5_0*q7_1 - 16465680*a2_0*b4*q2_0**2*q3_0*q6_0 - 17288964*a2_0*b4*q2_0**2*q4_0*q5_0 + 7546770*a2_0*b4*q2_0**2*q6_0*q9_1 + 6037416*a2_0*b4*q2_0**2*q7_0*q8_1 + 4528062*a2_0*b4*q2_0**2*q7_1*q8_0 + 3018708*a2_0*b4*q2_0**2*q9_0 - 17563392*a2_0*b4*q2_0*q3_0**2*q5_0 + 16099776*a2_0*b4*q2_0*q3_0*q5_0*q9_1 + 13416480*a2_0*b4*q2_0*q3_0*q6_0*q8_1 + 10733184*a2_0*b4*q2_0*q3_0*q7_0*q7_1 + 8049888*a2_0*b4*q2_0*q3_0*q8_0 + 14087304*a2_0*b4*q2_0*q4_0*q5_0*q8_1 + 11739420*a2_0*b4*q2_0*q4_0*q6_0*q7_1 + 9391536*a2_0*b4*q2_0*q4_0*q7_0 + 12074832*a2_0*b4*q2_0*q5_0**2*q7_1 + 20124720*a2_0*b4*q2_0*q5_0*q6_0 - 5534298*a2_0*b4*q2_0*q8_0*q9_1 - 3689532*a2_0*b4*q2_0*q8_1*q9_0 + 7155456*a2_0*b4*q3_0**2*q5_0*q8_1 + 5962880*a2_0*b4*q3_0**2*q6_0*q7_1 + 4770304*a2_0*b4*q3_0**2*q7_0 + 12522048*a2_0*b4*q3_0*q4_0*q5_0*q7_1 + 10435040*a2_0*b4*q3_0*q4_0*q6_0 + 10733184*a2_0*b4*q3_0*q5_0**2 - 6559168*a2_0*b4*q3_0*q7_0*q9_1 - 3279584*a2_0*b4*q3_0*q7_1*q9_0 - 4919376*a2_0*b4*q3_0*q8_0*q8_1 + 5478396*a2_0*b4*q4_0**2*q5_0 - 7174090*a2_0*b4*q4_0*q6_0*q9_1 - 5739272*a2_0*b4*q4_0*q7_0*q8_1 - 4304454*a2_0*b4*q4_0*q7_1*q8_0 - 2869636*a2_0*b4*q4_0*q9_0 - 7379064*a2_0*b4*q5_0**2*q9_1 - 12298440*a2_0*b4*q5_0*q6_0*q8_1 - 9838752*a2_0*b4*q5_0*q7_0*q7_1 - 7379064*a2_0*b4*q5_0*q8_0 - 5124350*a2_0*b4*q6_0**2*q7_1 - 8198960*a2_0*b4*q6_0*q7_0 - 2254714*a2_0*q10_0*q10_1 - 1509354*a2_0*q10_0*q2_0**2 + 1844766*a2_0*q10_0*q2_0*q8_1 + 1639792*a2_0*q10_0*q3_0*q7_1 + 1434818*a2_0*q10_0*q4_0 - 7546770*a2_0*q10_1*q2_0**2*q6_0 + 5534298*a2_0*q10_1*q2_0*q8_0 + 6559168*a2_0*q10_1*q3_0*q7_0 + 7174090*a2_0*q10_1*q4_0*q6_0 + 7379064*a2_0*q11_0*q2_0*q7_0 + 8198960*a2_0*q11_0*q3_0*q6_0 - 4509428*a2_0*q11_0*q9_0 - 5051970*a2_0*q2_0**4*q6_0 + 6174630*a2_0*q2_0**3*q6_0*q8_1 + 4939704*a2_0*q2_0**3*q7_0*q7_1 + 3704778*a2_0*q2_0**3*q8_0 + 16465680*a2_0*q2_0**2*q3_0*q6_0*q7_1 + 13172544*a2_0*q2_0**2*q3_0*q7_0 + 14407470*a2_0*q2_0**2*q4_0*q6_0 - 6037416*a2_0*q2_0**2*q7_0*q9_1 - 3018708*a2_0*q2_0**2*q7_1*q9_0 - 4528062*a2_0*q2_0**2*q8_0*q8_1 + 14636160*a2_0*q2_0*q3_0**2*q6_0 - 13416480*a2_0*q2_0*q3_0*q6_0*q9_1 - 10733184*a2_0*q2_0*q3_0*q7_0*q8_1 - 8049888*a2_0*q2_0*q3_0*q7_1*q8_0 - 5366592*a2_0*q2_0*q3_0*q9_0 - 11739420*a2_0*q2_0*q4_0*q6_0*q8_1 - 9391536*a2_0*q2_0*q4_0*q7_0*q7_1 - 7043652*a2_0*q2_0*q4_0*q8_0 - 10062360*a2_0*q2_0*q5_0*q6_0*q7_1 - 8049888*a2_0*q2_0*q5_0*q7_0 - 8385300*a2_0*q2_0*q6_0**2 + 3689532*a2_0*q2_0*q9_0*q9_1 - 5962880*a2_0*q3_0**2*q6_0*q8_1 - 4770304*a2_0*q3_0**2*q7_0*q7_1 - 3577728*a2_0*q3_0**2*q8_0 - 10435040*a2_0*q3_0*q4_0*q6_0*q7_1 - 8348032*a2_0*q3_0*q4_0*q7_0 - 8944320*a2_0*q3_0*q5_0*q6_0 + 4919376*a2_0*q3_0*q8_0*q9_1 + 3279584*a2_0*q3_0*q8_1*q9_0 - 4565330*a2_0*q4_0**2*q6_0 + 5739272*a2_0*q4_0*q7_0*q9_1 + 2869636*a2_0*q4_0*q7_1*q9_0 + 4304454*a2_0*q4_0*q8_0*q8_1 + 6149220*a2_0*q5_0*q6_0*q9_1 + 4919376*a2_0*q5_0*q7_0*q8_1 + 3689532*a2_0*q5_0*q7_1*q8_0 + 2459688*a2_0*q5_0*q9_0 + 5124350*a2_0*q6_0**2*q8_1 + 8198960*a2_0*q6_0*q7_0*q7_1 + 6149220*a2_0*q6_0*q8_0 + 3279584*a2_0*q7_0**2 - 1712997*a3_0*b2*b4**2 - 12561978*a3_0*b2*b4*q11_1*q7_1 + 10277982*a3_0*b2*b4*q7_1 + 12561978*a3_0*b2*q11_1*q8_1 + 1712997*a3_0*b2*q2_0 - 5138991*a3_0*b2*q7_1**2 - 5138991*a3_0*b2*q8_1 - 10277982*a3_0*b3*q11_1*q2_0*q5_0 + 8374652*a3_0*b3*q11_1*q7_0 - 934362*a3_0*b3*q2_0*q5_0 + 1141998*a3_0*b3*q5_0*q7_1**2 + 2283996*a3_0*b3*q5_0*q8_1 - 1712997*a3_0*b4*q10_0*q2_0 + 2093663*a3_0*b4*q10_0*q8_1 - 8564985*a3_0*b4*q10_1*q2_0*q6_0 - 9135984*a3_0*b4*q10_1*q3_0*q5_0 + 6280989*a3_0*b4*q10_1*q8_0 - 10277982*a3_0*b4*q11_0*q2_0*q5_0 + 8374652*a3_0*b4*q11_0*q7_0 - 6880302*a3_0*b4*q2_0**3*q5_0*q7_1 - 5733585*a3_0*b4*q2_0**3*q6_0 - 18347472*a3_0*b4*q2_0**2*q3_0*q5_0 + 8409258*a3_0*b4*q2_0**2*q5_0*q9_1 + 7007715*a3_0*b4*q2_0**2*q6_0*q8_1 + 5606172*a3_0*b4*q2_0**2*q7_0*q7_1 + 4204629*a3_0*b4*q2_0**2*q8_0 + 14949792*a3_0*b4*q2_0*q3_0*q5_0*q8_1 + 12458160*a3_0*b4*q2_0*q3_0*q6_0*q7_1 + 9966528*a3_0*b4*q2_0*q3_0*q7_0 + 13081068*a3_0*b4*q2_0*q4_0*q5_0*q7_1 + 10900890*a3_0*b4*q2_0*q4_0*q6_0 + 11212344*a3_0*b4*q2_0*q5_0**2 - 6851988*a3_0*b4*q2_0*q7_0*q9_1 - 3425994*a3_0*b4*q2_0*q7_1*q9_0 - 5138991*a3_0*b4*q2_0*q8_0*q8_1 + 6644352*a3_0*b4*q3_0**2*q5_0*q7_1 + 5536960*a3_0*b4*q3_0**2*q6_0 + 11627616*a3_0*b4*q3_0*q4_0*q5_0 - 7613320*a3_0*b4*q3_0*q6_0*q9_1 - 6090656*a3_0*b4*q3_0*q7_0*q8_1 - 4567992*a3_0*b4*q3_0*q7_1*q8_0 - 3045328*a3_0*b4*q3_0*q9_0 - 7993986*a3_0*b4*q4_0*q5_0*q9_1 - 6661655*a3_0*b4*q4_0*q6_0*q8_1 - 5329324*a3_0*b4*q4_0*q7_0*q7_1 - 3996993*a3_0*b4*q4_0*q8_0 - 6851988*a3_0*b4*q5_0**2*q8_1 - 11419980*a3_0*b4*q5_0*q6_0*q7_1 - 9135984*a3_0*b4*q5_0*q7_0 - 4758325*a3_0*b4*q6_0**2 + 4187326*a3_0*b4*q9_0*q9_1 + 1712997*a3_0*q10_0*q2_0*q7_1 + 1522664*a3_0*q10_0*q3_0 - 2093663*a3_0*q10_0*q9_1 + 6851988*a3_0*q10_1*q2_0*q7_0 + 7613320*a3_0*q10_1*q3_0*q6_0 - 4187326*a3_0*q10_1*q9_0 + 8564985*a3_0*q11_0*q2_0*q6_0 - 6280989*a3_0*q11_0*q8_0 + 5733585*a3_0*q2_0**3*q6_0*q7_1 + 4586868*a3_0*q2_0**3*q7_0 + 15289560*a3_0*q2_0**2*q3_0*q6_0 - 7007715*a3_0*q2_0**2*q6_0*q9_1 - 5606172*a3_0*q2_0**2*q7_0*q8_1 - 4204629*a3_0*q2_0**2*q7_1*q8_0 - 2803086*a3_0*q2_0**2*q9_0 - 12458160*a3_0*q2_0*q3_0*q6_0*q8_1 - 9966528*a3_0*q2_0*q3_0*q7_0*q7_1 - 7474896*a3_0*q2_0*q3_0*q8_0 - 10900890*a3_0*q2_0*q4_0*q6_0*q7_1 - 8720712*a3_0*q2_0*q4_0*q7_0 - 9343620*a3_0*q2_0*q5_0*q6_0 + 5138991*a3_0*q2_0*q8_0*q9_1 + 3425994*a3_0*q2_0*q8_1*q9_0 - 5536960*a3_0*q3_0**2*q6_0*q7_1 - 4429568*a3_0*q3_0**2*q7_0 - 9689680*a3_0*q3_0*q4_0*q6_0 + 6090656*a3_0*q3_0*q7_0*q9_1 + 3045328*a3_0*q3_0*q7_1*q9_0 + 4567992*a3_0*q3_0*q8_0*q8_1 + 6661655*a3_0*q4_0*q6_0*q9_1 + 5329324*a3_0*q4_0*q7_0*q8_1 + 3996993*a3_0*q4_0*q7_1*q8_0 + 2664662*a3_0*q4_0*q9_0 + 5709990*a3_0*q5_0*q6_0*q8_1 + 4567992*a3_0*q5_0*q7_0*q7_1 + 3425994*a3_0*q5_0*q8_0 + 4758325*a3_0*q6_0**2*q7_1 + 7613320*a3_0*q6_0*q7_0 - 5797836*a4_0*b2*b4*q11_1 + 1756920*a4_0*b2*b4 + 5797836*a4_0*b2*q11_1*q7_1 - 2635380*a4_0*b2*q7_1 + 9663060*a4_0*b3*q11_1*q6_0 + 1054152*a4_0*b3*q5_0*q7_1 + 1932612*a4_0*b4*q10_0*q7_1 - 9487368*a4_0*b4*q10_1*q2_0*q5_0 + 7730448*a4_0*b4*q10_1*q7_0 + 9663060*a4_0*b4*q11_0*q6_0 - 6351048*a4_0*b4*q2_0**3*q5_0 + 7762392*a4_0*b4*q2_0**2*q5_0*q8_1 + 6468660*a4_0*b4*q2_0**2*q6_0*q7_1 + 5174928*a4_0*b4*q2_0**2*q7_0 + 13799808*a4_0*b4*q2_0*q3_0*q5_0*q7_1 + 11499840*a4_0*b4*q2_0*q3_0*q6_0 + 12074832*a4_0*b4*q2_0*q4_0*q5_0 - 7906140*a4_0*b4*q2_0*q6_0*q9_1 - 6324912*a4_0*b4*q2_0*q7_0*q8_1 - 4743684*a4_0*b4*q2_0*q7_1*q8_0 - 3162456*a4_0*b4*q2_0*q9_0 + 6133248*a4_0*b4*q3_0**2*q5_0 - 8433216*a4_0*b4*q3_0*q5_0*q9_1 - 7027680*a4_0*b4*q3_0*q6_0*q8_1 - 5622144*a4_0*b4*q3_0*q7_0*q7_1 - 4216608*a4_0*b4*q3_0*q8_0 - 7379064*a4_0*b4*q4_0*q5_0*q8_1 - 6149220*a4_0*b4*q4_0*q6_0*q7_1 - 4919376*a4_0*b4*q4_0*q7_0 - 6324912*a4_0*b4*q5_0**2*q7_1 - 10541520*a4_0*b4*q5_0*q6_0 + 5797836*a4_0*b4*q8_0*q9_1 + 3865224*a4_0*b4*q8_1*q9_0 + 1581228*a4_0*q10_0*q2_0 - 1932612*a4_0*q10_0*q8_1 + 7906140*a4_0*q10_1*q2_0*q6_0 - 5797836*a4_0*q10_1*q8_0 - 7730448*a4_0*q11_0*q7_0 + 5292540*a4_0*q2_0**3*q6_0 - 6468660*a4_0*q2_0**2*q6_0*q8_1 - 5174928*a4_0*q2_0**2*q7_0*q7_1 - 3881196*a4_0*q2_0**2*q8_0 - 11499840*a4_0*q2_0*q3_0*q6_0*q7_1 - 9199872*a4_0*q2_0*q3_0*q7_0 - 10062360*a4_0*q2_0*q4_0*q6_0 + 6324912*a4_0*q2_0*q7_0*q9_1 + 3162456*a4_0*q2_0*q7_1*q9_0 + 4743684*a4_0*q2_0*q8_0*q8_1 - 5111040*a4_0*q3_0**2*q6_0 + 7027680*a4_0*q3_0*q6_0*q9_1 + 5622144*a4_0*q3_0*q7_0*q8_1 + 4216608*a4_0*q3_0*q7_1*q8_0 + 2811072*a4_0*q3_0*q9_0 + 6149220*a4_0*q4_0*q6_0*q8_1 + 4919376*a4_0*q4_0*q7_0*q7_1 + 3689532*a4_0*q4_0*q8_0 + 5270760*a4_0*q5_0*q6_0*q7_1 + 4216608*a4_0*q5_0*q7_0 + 4392300*a4_0*q6_0**2 - 3865224*a4_0*q9_0*q9_1 + 9663060*a6_0*b4*q10_1*q5_0 + 6468660*a6_0*b4*q2_0**2*q5_0 - 7906140*a6_0*b4*q2_0*q5_0*q8_1 - 6588450*a6_0*b4*q2_0*q6_0*q7_1 - 5270760*a6_0*b4*q2_0*q7_0 - 7027680*a6_0*b4*q3_0*q5_0*q7_1 - 5856400*a6_0*b4*q3_0*q6_0 - 6149220*a6_0*b4*q4_0*q5_0 + 8052550*a6_0*b4*q6_0*q9_1 + 6442040*a6_0*b4*q7_0*q8_1 + 4831530*a6_0*b4*q7_1*q8_0 + 3221020*a6_0*b4*q9_0 - 1610510*a6_0*q10_0 - 8052550*a6_0*q10_1*q6_0 - 5390550*a6_0*q2_0**2*q6_0 + 6588450*a6_0*q2_0*q6_0*q8_1 + 5270760*a6_0*q2_0*q7_0*q7_1 + 3953070*a6_0*q2_0*q8_0 + 5856400*a6_0*q3_0*q6_0*q7_1 + 4685120*a6_0*q3_0*q7_0 + 5124350*a6_0*q4_0*q6_0 - 6442040*a6_0*q7_0*q9_1 - 3221020*a6_0*q7_1*q9_0 - 4831530*a6_0*q8_0*q8_1 - 7115526*a7_0*b4*q2_0*q5_0*q7_1 - 5929605*a7_0*b4*q2_0*q6_0 - 6324912*a7_0*b4*q3_0*q5_0 + 8696754*a7_0*b4*q5_0*q9_1 + 7247295*a7_0*b4*q6_0*q8_1 + 5797836*a7_0*b4*q7_0*q7_1 + 4348377*a7_0*b4*q8_0 + 5929605*a7_0*q2_0*q6_0*q7_1 + 4743684*a7_0*q2_0*q7_0 + 5270760*a7_0*q3_0*q6_0 - 7247295*a7_0*q6_0*q9_1 - 5797836*a7_0*q7_0*q8_1 - 4348377*a7_0*q7_1*q8_0 - 2898918*a7_0*q9_0 - 6324912*a8_0*b4*q2_0*q5_0 + 7730448*a8_0*b4*q5_0*q8_1 + 6442040*a8_0*b4*q6_0*q7_1 + 5153632*a8_0*b4*q7_0 + 5270760*a8_0*q2_0*q6_0 - 6442040*a8_0*q6_0*q8_1 - 5153632*a8_0*q7_0*q7_1 - 3865224*a8_0*q8_0 + 6764142*a9_0*b4*q5_0*q7_1 + 5636785*a9_0*b4*q6_0 - 5636785*a9_0*q6_0*q7_1 - 4509428*a9_0*q7_0 + 18399744*b2*b4**2*q2_0*q7_1 + 5366592*b2*b4**2*q3_0 - 3513840*b2*b4**2*q7_1**3 - 21083040*b2*b4**2*q7_1*q8_1 - 10541520*b2*b4**2*q9_1 - 38652240*b2*b4*q10_1*q11_1 + 21083040*b2*b4*q10_1 - 5174928*b2*b4*q11_1*q2_0**2 + 18974736*b2*b4*q11_1*q2_0*q8_1 + 11244288*b2*b4*q11_1*q3_0*q7_1 + 4919376*b2*b4*q11_1*q4_0 + 14113440*b2*b4*q2_0**2 - 36799488*b2*b4*q2_0*q7_1**2 - 36799488*b2*b4*q2_0*q8_1 - 32199552*b2*b4*q3_0*q7_1 - 8944320*b2*b4*q4_0 + 21083040*b2*b4*q7_1**2*q8_1 + 42166080*b2*b4*q7_1*q9_1 + 21083040*b2*b4*q8_1**2 - 21083040*b2*q10_1*q7_1 + 38652240*b2*q11_0*q11_1 - 10541520*b2*q11_0 + 5174928*b2*q11_1*q2_0**2*q7_1 - 18974736*b2*q11_1*q2_0*q9_1 - 11244288*b2*q11_1*q3_0*q8_1 - 4919376*b2*q11_1*q4_0*q7_1 - 14055360*b2*q11_1*q5_0 - 21170160*b2*q2_0**2*q7_1 - 11499840*b2*q2_0*q3_0 + 6133248*b2*q2_0*q7_1**3 + 36799488*b2*q2_0*q7_1*q8_1 + 18399744*b2*q2_0*q9_1 + 16099776*b2*q3_0*q7_1**2 + 16099776*b2*q3_0*q8_1 + 13416480*b2*q4_0*q7_1 + 4791600*b2*q5_0 - 10541520*b2*q7_1**2*q9_1 - 10541520*b2*q7_1*q8_1**2 - 21083040*b2*q8_1*q9_1 + 2576816*b3*q10_0*q11_1 + 7027680*b3*q10_1*q5_0*q7_1 + 7027680*b3*q11_0*q5_0 + 8624880*b3*q11_1*q2_0**2*q6_0 + 18399744*b3*q11_1*q2_0*q3_0*q5_0 - 6324912*b3*q11_1*q2_0*q8_0 - 7496192*b3*q11_1*q3_0*q7_0 - 8198960*b3*q11_1*q4_0*q6_0 - 8433216*b3*q11_1*q5_0**2 + 8468064*b3*q2_0**2*q5_0*q7_1 + 6272640*b3*q2_0*q3_0*q5_0 - 9199872*b3*q2_0*q5_0*q7_1*q8_1 - 9199872*b3*q2_0*q5_0*q9_1 - 3577728*b3*q3_0*q5_0*q7_1**2 - 7155456*b3*q3_0*q5_0*q8_1 - 5366592*b3*q4_0*q5_0*q7_1 - 1916640*b3*q5_0**2 + 7027680*b3*q5_0*q8_1*q9_1 + 2576816*b4*q10_0*q11_0 + 1724976*b4*q10_0*q2_0**2*q7_1 + 3066624*b4*q10_0*q2_0*q3_0 - 2108304*b4*q10_0*q2_0*q9_1 - 1874048*b4*q10_0*q3_0*q8_1 - 1639792*b4*q10_0*q4_0*q7_1 - 2811072*b4*q10_0*q5_0 - 8468064*b4*q10_1*q2_0**3*q5_0 + 6899904*b4*q10_1*q2_0**2*q7_0 + 15333120*b4*q10_1*q2_0*q3_0*q6_0 + 16099776*b4*q10_1*q2_0*q4_0*q5_0 - 4216608*b4*q10_1*q2_0*q9_0 + 8177664*b4*q10_1*q3_0**2*q5_0 - 5622144*b4*q10_1*q3_0*q8_0 - 6559168*b4*q10_1*q4_0*q7_0 - 14055360*b4*q10_1*q5_0*q6_0 + 8624880*b4*q11_0*q2_0**2*q6_0 + 18399744*b4*q11_0*q2_0*q3_0*q5_0 - 6324912*b4*q11_0*q2_0*q8_0 - 7496192*b4*q11_0*q3_0*q7_0 - 8198960*b4*q11_0*q4_0*q6_0 - 8433216*b4*q11_0*q5_0**2 - 5668704*b4*q2_0**5*q5_0 + 6928416*b4*q2_0**4*q5_0*q8_1 + 5773680*b4*q2_0**4*q6_0*q7_1 + 4618944*b4*q2_0**4*q7_0 + 24634368*b4*q2_0**3*q3_0*q5_0*q7_1 + 20528640*b4*q2_0**3*q3_0*q6_0 + 21555072*b4*q2_0**3*q4_0*q5_0 - 7056720*b4*q2_0**3*q6_0*q9_1 - 5645376*b4*q2_0**3*q7_0*q8_1 - 4234032*b4*q2_0**3*q7_1*q8_0 - 2822688*b4*q2_0**3*q9_0 + 32845824*b4*q2_0**2*q3_0**2*q5_0 - 22581504*b4*q2_0**2*q3_0*q5_0*q9_1 - 18817920*b4*q2_0**2*q3_0*q6_0*q8_1 - 15054336*b4*q2_0**2*q3_0*q7_0*q7_1 - 11290752*b4*q2_0**2*q3_0*q8_0 - 19758816*b4*q2_0**2*q4_0*q5_0*q8_1 - 16465680*b4*q2_0**2*q4_0*q6_0*q7_1 - 13172544*b4*q2_0**2*q4_0*q7_0 - 16936128*b4*q2_0**2*q5_0**2*q7_1 - 28226880*b4*q2_0**2*q5_0*q6_0 + 5174928*b4*q2_0**2*q8_0*q9_1 + 3449952*b4*q2_0**2*q8_1*q9_0 - 20072448*b4*q2_0*q3_0**2*q5_0*q8_1 - 16727040*b4*q2_0*q3_0**2*q6_0*q7_1 - 13381632*b4*q2_0*q3_0**2*q7_0 - 35126784*b4*q2_0*q3_0*q4_0*q5_0*q7_1 - 29272320*b4*q2_0*q3_0*q4_0*q6_0 - 30108672*b4*q2_0*q3_0*q5_0**2 + 12266496*b4*q2_0*q3_0*q7_0*q9_1 + 6133248*b4*q2_0*q3_0*q7_1*q9_0 + 9199872*b4*q2_0*q3_0*q8_0*q8_1 - 15367968*b4*q2_0*q4_0**2*q5_0 + 13416480*b4*q2_0*q4_0*q6_0*q9_1 + 10733184*b4*q2_0*q4_0*q7_0*q8_1 + 8049888*b4*q2_0*q4_0*q7_1*q8_0 + 5366592*b4*q2_0*q4_0*q9_0 + 13799808*b4*q2_0*q5_0**2*q9_1 + 22999680*b4*q2_0*q5_0*q6_0*q8_1 + 18399744*b4*q2_0*q5_0*q7_0*q7_1 + 13799808*b4*q2_0*q5_0*q8_0 + 9583200*b4*q2_0*q6_0**2*q7_1 + 15333120*b4*q2_0*q6_0*q7_0 - 5947392*b4*q3_0**3*q5_0*q7_1 - 4956160*b4*q3_0**3*q6_0 - 15611904*b4*q3_0**2*q4_0*q5_0 + 6814720*b4*q3_0**2*q6_0*q9_1 + 5451776*b4*q3_0**2*q7_0*q8_1 + 4088832*b4*q3_0**2*q7_1*q8_0 + 2725888*b4*q3_0**2*q9_0 + 14310912*b4*q3_0*q4_0*q5_0*q9_1 + 11925760*b4*q3_0*q4_0*q6_0*q8_1 + 9540608*b4*q3_0*q4_0*q7_0*q7_1 + 7155456*b4*q3_0*q4_0*q8_0 + 12266496*b4*q3_0*q5_0**2*q8_1 + 20444160*b4*q3_0*q5_0*q6_0*q7_1 + 16355328*b4*q3_0*q5_0*q7_0 + 8518400*b4*q3_0*q6_0**2 - 3748096*b4*q3_0*q9_0*q9_1 + 6261024*b4*q4_0**2*q5_0*q8_1 + 5217520*b4*q4_0**2*q6_0*q7_1 + 4174016*b4*q4_0**2*q7_0 + 10733184*b4*q4_0*q5_0**2*q7_1 + 17888640*b4*q4_0*q5_0*q6_0 - 4919376*b4*q4_0*q8_0*q9_1 - 3279584*b4*q4_0*q8_1*q9_0 + 4599936*b4*q5_0**3 - 11244288*b4*q5_0*q7_0*q9_1 - 5622144*b4*q5_0*q7_1*q9_0 - 8433216*b4*q5_0*q8_0*q8_1 - 5856400*b4*q6_0**2*q9_1 - 9370240*b4*q6_0*q7_0*q8_1 - 7027680*b4*q6_0*q7_1*q8_0 - 4685120*b4*q6_0*q9_0 - 3748096*b4*q7_0**2*q7_1 - 5622144*b4*q7_0*q8_0 + 2108304*q10_0*q10_1*q2_0 + 1411344*q10_0*q2_0**3 - 1724976*q10_0*q2_0**2*q8_1 - 3066624*q10_0*q2_0*q3_0*q7_1 - 2683296*q10_0*q2_0*q4_0 - 1362944*q10_0*q3_0**2 + 1874048*q10_0*q3_0*q9_1 + 1639792*q10_0*q4_0*q8_1 + 1405536*q10_0*q5_0*q7_1 + 2342560*q10_0*q6_0 + 7056720*q10_1*q2_0**3*q6_0 - 5174928*q10_1*q2_0**2*q8_0 - 12266496*q10_1*q2_0*q3_0*q7_0 - 13416480*q10_1*q2_0*q4_0*q6_0 - 6814720*q10_1*q3_0**2*q6_0 + 3748096*q10_1*q3_0*q9_0 + 4919376*q10_1*q4_0*q8_0 + 5622144*q10_1*q5_0*q7_0 + 5856400*q10_1*q6_0**2 - 6899904*q11_0*q2_0**2*q7_0 - 15333120*q11_0*q2_0*q3_0*q6_0 + 4216608*q11_0*q2_0*q9_0 + 5622144*q11_0*q3_0*q8_0 + 6559168*q11_0*q4_0*q7_0 + 7027680*q11_0*q5_0*q6_0 + 4723920*q2_0**5*q6_0 - 5773680*q2_0**4*q6_0*q8_1 - 4618944*q2_0**4*q7_0*q7_1 - 3464208*q2_0**4*q8_0 - 20528640*q2_0**3*q3_0*q6_0*q7_1 - 16422912*q2_0**3*q3_0*q7_0 - 17962560*q2_0**3*q4_0*q6_0 + 5645376*q2_0**3*q7_0*q9_1 + 2822688*q2_0**3*q7_1*q9_0 + 4234032*q2_0**3*q8_0*q8_1 - 27371520*q2_0**2*q3_0**2*q6_0 + 18817920*q2_0**2*q3_0*q6_0*q9_1 + 15054336*q2_0**2*q3_0*q7_0*q8_1 + 11290752*q2_0**2*q3_0*q7_1*q8_0 + 7527168*q2_0**2*q3_0*q9_0 + 16465680*q2_0**2*q4_0*q6_0*q8_1 + 13172544*q2_0**2*q4_0*q7_0*q7_1 + 9879408*q2_0**2*q4_0*q8_0 + 14113440*q2_0**2*q5_0*q6_0*q7_1 + 11290752*q2_0**2*q5_0*q7_0 + 11761200*q2_0**2*q6_0**2 - 3449952*q2_0**2*q9_0*q9_1 + 16727040*q2_0*q3_0**2*q6_0*q8_1 + 13381632*q2_0*q3_0**2*q7_0*q7_1 + 10036224*q2_0*q3_0**2*q8_0 + 29272320*q2_0*q3_0*q4_0*q6_0*q7_1 + 23417856*q2_0*q3_0*q4_0*q7_0 + 25090560*q2_0*q3_0*q5_0*q6_0 - 9199872*q2_0*q3_0*q8_0*q9_1 - 6133248*q2_0*q3_0*q8_1*q9_0 + 12806640*q2_0*q4_0**2*q6_0 - 10733184*q2_0*q4_0*q7_0*q9_1 - 5366592*q2_0*q4_0*q7_1*q9_0 - 8049888*q2_0*q4_0*q8_0*q8_1 - 11499840*q2_0*q5_0*q6_0*q9_1 - 9199872*q2_0*q5_0*q7_0*q8_1 - 6899904*q2_0*q5_0*q7_1*q8_0 - 4599936*q2_0*q5_0*q9_0 - 9583200*q2_0*q6_0**2*q8_1 - 15333120*q2_0*q6_0*q7_0*q7_1 - 11499840*q2_0*q6_0*q8_0 - 6133248*q2_0*q7_0**2 + 4956160*q3_0**3*q6_0*q7_1 + 3964928*q3_0**3*q7_0 + 13009920*q3_0**2*q4_0*q6_0 - 5451776*q3_0**2*q7_0*q9_1 - 2725888*q3_0**2*q7_1*q9_0 - 4088832*q3_0**2*q8_0*q8_1 - 11925760*q3_0*q4_0*q6_0*q9_1 - 9540608*q3_0*q4_0*q7_0*q8_1 - 7155456*q3_0*q4_0*q7_1*q8_0 - 4770304*q3_0*q4_0*q9_0 - 10222080*q3_0*q5_0*q6_0*q8_1 - 8177664*q3_0*q5_0*q7_0*q7_1 - 6133248*q3_0*q5_0*q8_0 - 8518400*q3_0*q6_0**2*q7_1 - 13629440*q3_0*q6_0*q7_0 - 5217520*q4_0**2*q6_0*q8_1 - 4174016*q4_0**2*q7_0*q7_1 - 3130512*q4_0**2*q8_0 - 8944320*q4_0*q5_0*q6_0*q7_1 - 7155456*q4_0*q5_0*q7_0 - 7453600*q4_0*q6_0**2 + 3279584*q4_0*q9_0*q9_1 - 3833280*q5_0**2*q6_0 + 4216608*q5_0*q8_0*q9_1 + 2811072*q5_0*q8_1*q9_0 + 9370240*q6_0*q7_0*q9_1 + 4685120*q6_0*q7_1*q9_0 + 7027680*q6_0*q8_0*q8_1 + 3748096*q7_0**2*q8_1 + 5622144*q7_0*q7_1*q8_0 + 3748096*q7_0*q9_0 + 2108304*q8_0**2
36	5	[0,0]	8	614	21258732*a10_0*b4*q11_1 - 9663060*a10_0*b4 + 3865224*a10_0*q7_1 - 17715610*a11_0*q11_1 - 4851495*a1_0*b3*b4**2*q2_0 + 9223830*a1_0*b3*b4**2*q7_1**2 + 9223830*a1_0*b3*b4**2*q8_1 - 3953070*a1_0*b3*b4*q11_1*q2_0*q7_1 - 1756920*a1_0*b3*b4*q11_1*q3_0 + 9663060*a1_0*b3*b4*q11_1*q9_1 + 29108970*a1_0*b3*b4*q2_0*q7_1 + 7986000*a1_0*b3*b4*q3_0 - 6149220*a1_0*b3*b4*q7_1**3 - 36895320*a1_0*b3*b4*q7_1*q8_1 - 18447660*a1_0*b3*b4*q9_1 - 9663060*a1_0*b3*q10_1*q11_1 + 3953070*a1_0*b3*q10_1 + 3953070*a1_0*b3*q11_1*q2_0*q8_1 + 1756920*a1_0*b3*q11_1*q3_0*q7_1 + 2205225*a1_0*b3*q2_0**2 - 11320155*a1_0*b3*q2_0*q7_1**2 - 8085825*a1_0*b3*q2_0*q8_1 - 7187400*a1_0*b3*q3_0*q7_1 - 1397550*a1_0*b3*q4_0 + 9223830*a1_0*b3*q7_1**2*q8_1 + 13176900*a1_0*b3*q7_1*q9_1 + 6588450*a1_0*b3*q8_1**2 - 9663060*a1_0*b4**2*q10_1**2 + 7906140*a1_0*b4**2*q10_1*q2_0*q8_1 + 3513840*a1_0*b4**2*q10_1*q3_0*q7_1 + 7906140*a1_0*b4**2*q11_0*q2_0*q7_1 + 3513840*a1_0*b4**2*q11_0*q3_0 - 19326120*a1_0*b4**2*q11_0*q9_1 + 4330260*a1_0*b4**2*q2_0**4 - 2646270*a1_0*b4**2*q2_0**3*q7_1**2 - 5292540*a1_0*b4**2*q2_0**3*q8_1 - 21170160*a1_0*b4**2*q2_0**2*q3_0*q7_1 - 12349260*a1_0*b4**2*q2_0**2*q4_0 - 12545280*a1_0*b4**2*q2_0*q3_0**2 + 5749920*a1_0*b4**2*q2_0*q3_0*q7_1*q8_1 + 5749920*a1_0*b4**2*q2_0*q3_0*q9_1 + 5031180*a1_0*b4**2*q2_0*q4_0*q7_1**2 + 10062360*a1_0*b4**2*q2_0*q4_0*q8_1 + 1796850*a1_0*b4**2*q2_0*q6_0 + 3953070*a1_0*b4**2*q2_0*q9_1**2 + 2555520*a1_0*b4**2*q3_0**2*q7_1**2 + 5111040*a1_0*b4**2*q3_0**2*q8_1 + 13416480*a1_0*b4**2*q3_0*q4_0*q7_1 + 2874960*a1_0*b4**2*q3_0*q5_0 + 3513840*a1_0*b4**2*q3_0*q8_1*q9_1 + 3913140*a1_0*b4**2*q4_0**2 + 7906140*a1_0*b4**2*q5_0*q7_1*q8_1 + 7906140*a1_0*b4**2*q5_0*q9_1 + 2196150*a1_0*b4**2*q6_0*q7_1**2 + 4392300*a1_0*b4**2*q6_0*q8_1 + 1756920*a1_0*b4**2*q7_0*q7_1 + 38652240*a1_0*b4*q10_1*q11_0 - 11499840*a1_0*b4*q10_1*q2_0*q3_0 - 15812280*a1_0*b4*q10_1*q2_0*q9_1 - 7027680*a1_0*b4*q10_1*q3_0*q8_1 - 5270760*a1_0*b4*q10_1*q5_0 - 15812280*a1_0*b4*q11_0*q2_0*q8_1 - 7027680*a1_0*b4*q11_0*q3_0*q7_1 - 19405980*a1_0*b4*q11_1*q2_0**2*q5_0 + 15812280*a1_0*b4*q11_1*q2_0*q7_0 + 17569200*a1_0*b4*q11_1*q3_0*q6_0 + 18447660*a1_0*b4*q11_1*q4_0*q5_0 - 9663060*a1_0*b4*q11_1*q9_0 - 17321040*a1_0*b4*q2_0**4*q7_1 - 38491200*a1_0*b4*q2_0**3*q3_0 + 10585080*a1_0*b4*q2_0**3*q7_1*q8_1 + 10585080*a1_0*b4*q2_0**3*q9_1 + 21170160*a1_0*b4*q2_0**2*q3_0*q7_1**2 + 42340320*a1_0*b4*q2_0**2*q3_0*q8_1 + 49397040*a1_0*b4*q2_0**2*q4_0*q7_1 + 21170160*a1_0*b4*q2_0**2*q5_0 + 50181120*a1_0*b4*q2_0*q3_0**2*q7_1 + 54885600*a1_0*b4*q2_0*q3_0*q4_0 - 11499840*a1_0*b4*q2_0*q3_0*q7_1*q9_1 - 5749920*a1_0*b4*q2_0*q3_0*q8_1**2 - 20124720*a1_0*b4*q2_0*q4_0*q7_1*q8_1 - 20124720*a1_0*b4*q2_0*q4_0*q9_1 - 6468660*a1_0*b4*q2_0*q5_0*q7_1**2 - 12937320*a1_0*b4*q2_0*q5_0*q8_1 - 7187400*a1_0*b4*q2_0*q6_0*q7_1 - 5749920*a1_0*b4*q2_0*q7_0 + 9292800*a1_0*b4*q3_0**3 - 10222080*a1_0*b4*q3_0**2*q7_1*q8_1 - 10222080*a1_0*b4*q3_0**2*q9_1 - 13416480*a1_0*b4*q3_0*q4_0*q7_1**2 - 26832960*a1_0*b4*q3_0*q4_0*q8_1 - 21083040*a1_0*b4*q3_0*q5_0*q7_1 - 7986000*a1_0*b4*q3_0*q6_0 - 3513840*a1_0*b4*q3_0*q9_1**2 - 15652560*a1_0*b4*q4_0**2*q7_1 - 13416480*a1_0*b4*q4_0*q5_0 - 5270760*a1_0*b4*q5_0*q7_1*q9_1 - 2635380*a1_0*b4*q5_0*q8_1**2 - 8784600*a1_0*b4*q6_0*q7_1*q8_1 - 8784600*a1_0*b4*q6_0*q9_1 - 1756920*a1_0*b4*q7_0*q7_1**2 - 3513840*a1_0*b4*q7_0*q8_1 + 878460*a1_0*b4*q9_0 + 4831530*a1_0*q10_0*q11_1 + 878460*a1_0*q10_0 + 3953070*a1_0*q10_1**2*q2_0 + 2646270*a1_0*q10_1*q2_0**3 + 5749920*a1_0*q10_1*q2_0*q3_0*q7_1 - 5031180*a1_0*q10_1*q2_0*q4_0 - 2555520*a1_0*q10_1*q3_0**2 + 3513840*a1_0*q10_1*q3_0*q9_1 - 2635380*a1_0*q10_1*q5_0*q7_1 + 10980750*a1_0*q10_1*q6_0 - 9663060*a1_0*q11_0**2 - 11499840*a1_0*q11_0*q2_0*q3_0 + 7906140*a1_0*q11_0*q2_0*q9_1 + 3513840*a1_0*q11_0*q3_0*q8_1 + 5270760*a1_0*q11_0*q5_0 + 16171650*a1_0*q11_1*q2_0**2*q6_0 - 11859210*a1_0*q11_1*q2_0*q8_0 - 14055360*a1_0*q11_1*q3_0*q7_0 - 15373050*a1_0*q11_1*q4_0*q6_0 + 4330260*a1_0*q2_0**4*q7_1**2 + 2165130*a1_0*q2_0**4*q8_1 + 15396480*a1_0*q2_0**3*q3_0*q7_1 - 5292540*a1_0*q2_0**3*q7_1*q9_1 - 2646270*a1_0*q2_0**3*q8_1**2 - 21170160*a1_0*q2_0**2*q3_0*q7_1*q8_1 - 12349260*a1_0*q2_0**2*q4_0*q7_1**2 - 6174630*a1_0*q2_0**2*q4_0*q8_1 - 10585080*a1_0*q2_0**2*q5_0*q7_1 + 4410450*a1_0*q2_0**2*q6_0 - 12545280*a1_0*q2_0*q3_0**2*q7_1**2 - 6272640*a1_0*q2_0*q3_0**2*q8_1 - 21954240*a1_0*q2_0*q3_0*q4_0*q7_1 + 5749920*a1_0*q2_0*q3_0*q8_1*q9_1 + 10062360*a1_0*q2_0*q4_0*q7_1*q9_1 + 5031180*a1_0*q2_0*q4_0*q8_1**2 + 12937320*a1_0*q2_0*q5_0*q7_1*q8_1 + 1796850*a1_0*q2_0*q6_0*q7_1**2 - 7187400*a1_0*q2_0*q6_0*q8_1 - 2874960*a1_0*q2_0*q7_0*q7_1 - 3234330*a1_0*q2_0*q8_0 - 3717120*a1_0*q3_0**3*q7_1 + 5111040*a1_0*q3_0**2*q7_1*q9_1 + 2555520*a1_0*q3_0**2*q8_1**2 + 13416480*a1_0*q3_0*q4_0*q7_1*q8_1 + 7666560*a1_0*q3_0*q5_0*q7_1**2 + 3833280*a1_0*q3_0*q5_0*q8_1 - 1597200*a1_0*q3_0*q6_0*q7_1 - 3194400*a1_0*q3_0*q7_0 + 3913140*a1_0*q4_0**2*q7_1**2 + 1956570*a1_0*q4_0**2*q8_1 + 6708240*a1_0*q4_0*q5_0*q7_1 - 2795100*a1_0*q4_0*q6_0 - 2635380*a1_0*q5_0*q8_1*q9_1 + 4392300*a1_0*q6_0*q7_1*q9_1 + 2196150*a1_0*q6_0*q8_1**2 + 1756920*a1_0*q7_0*q7_1*q8_1 + 7027680*a1_0*q7_0*q9_1 + 1756920*a1_0*q7_1*q9_0 + 3953070*a1_0*q8_0*q8_1 + 7379064*a2_0*b3*b4**2*q7_1 - 1844766*a2_0*b3*b4*q11_1*q2_0 + 6764142*a2_0*b3*b4*q11_1*q8_1 + 6708240*a2_0*b3*b4*q2_0 - 14758128*a2_0*b3*b4*q7_1**2 - 14758128*a2_0*b3*b4*q8_1 + 1844766*a2_0*b3*q11_1*q2_0*q7_1 - 6764142*a2_0*b3*q11_1*q9_1 - 6037416*a2_0*b3*q2_0*q7_1 - 1118040*a2_0*b3*q3_0 + 2459688*a2_0*b3*q7_1**3 + 11068596*a2_0*b3*q7_1*q8_1 + 3689532*a2_0*b3*q9_1 + 3689532*a2_0*b4**2*q10_1*q2_0*q7_1 - 13528284*a2_0*b4**2*q10_1*q9_1 + 3689532*a2_0*b4**2*q11_0*q2_0 - 13528284*a2_0*b4**2*q11_0*q8_1 - 7409556*a2_0*b4**2*q2_0**3*q7_1 - 13172544*a2_0*b4**2*q2_0**2*q3_0 + 3018708*a2_0*b4**2*q2_0**2*q7_1*q8_1 + 3018708*a2_0*b4**2*q2_0**2*q9_1 + 5366592*a2_0*b4**2*q2_0*q3_0*q7_1**2 + 10733184*a2_0*b4**2*q2_0*q3_0*q8_1 + 14087304*a2_0*b4**2*q2_0*q4_0*q7_1 + 4024944*a2_0*b4**2*q2_0*q5_0 + 3689532*a2_0*b4**2*q2_0*q8_1*q9_1 + 7155456*a2_0*b4**2*q3_0**2*q7_1 + 8348032*a2_0*b4**2*q3_0*q4_0 - 2869636*a2_0*b4**2*q4_0*q7_1*q8_1 - 2869636*a2_0*b4**2*q4_0*q9_1 + 1229844*a2_0*b4**2*q5_0*q7_1**2 + 2459688*a2_0*b4**2*q5_0*q8_1 - 819896*a2_0*b4**2*q7_0 + 13528284*a2_0*b4*q10_1**2 - 6037416*a2_0*b4*q10_1*q2_0**2 - 7379064*a2_0*b4*q10_1*q2_0*q8_1 + 5739272*a2_0*b4*q10_1*q4_0 - 7379064*a2_0*b4*q11_0*q2_0*q7_1 + 27056568*a2_0*b4*q11_0*q9_1 + 18447660*a2_0*b4*q11_1*q2_0*q6_0 + 19677504*a2_0*b4*q11_1*q3_0*q5_0 - 13528284*a2_0*b4*q11_1*q8_0 - 10103940*a2_0*b4*q2_0**4 + 7409556*a2_0*b4*q2_0**3*q7_1**2 + 14819112*a2_0*b4*q2_0**3*q8_1 + 52690176*a2_0*b4*q2_0**2*q3_0*q7_1 + 28814940*a2_0*b4*q2_0**2*q4_0 - 6037416*a2_0*b4*q2_0**2*q7_1*q9_1 - 3018708*a2_0*b4*q2_0**2*q8_1**2 + 29272320*a2_0*b4*q2_0*q3_0**2 - 21466368*a2_0*b4*q2_0*q3_0*q7_1*q8_1 - 21466368*a2_0*b4*q2_0*q3_0*q9_1 - 14087304*a2_0*b4*q2_0*q4_0*q7_1**2 - 28174608*a2_0*b4*q2_0*q4_0*q8_1 - 24149664*a2_0*b4*q2_0*q5_0*q7_1 - 10062360*a2_0*b4*q2_0*q6_0 - 3689532*a2_0*b4*q2_0*q9_1**2 - 7155456*a2_0*b4*q3_0**2*q7_1**2 - 14310912*a2_0*b4*q3_0**2*q8_1 - 33392128*a2_0*b4*q3_0*q4_0*q7_1 - 15205344*a2_0*b4*q3_0*q5_0 - 9130660*a2_0*b4*q4_0**2 + 5739272*a2_0*b4*q4_0*q7_1*q9_1 + 2869636*a2_0*b4*q4_0*q8_1**2 + 2459688*a2_0*b4*q5_0*q7_1*q8_1 + 2459688*a2_0*b4*q5_0*q9_1 + 3279584*a2_0*b4*q7_0*q7_1 + 2459688*a2_0*b4*q8_0 - 13528284*a2_0*q10_1*q11_0 + 3018708*a2_0*q10_1*q2_0**2*q7_1 - 5366592*a2_0*q10_1*q2_0*q3_0 + 3689532*a2_0*q10_1*q2_0*q9_1 - 2869636*a2_0*q10_1*q4_0*q7_1 + 2459688*a2_0*q10_1*q5_0 - 6037416*a2_0*q11_0*q2_0**2 + 3689532*a2_0*q11_0*q2_0*q8_1 + 5739272*a2_0*q11_0*q4_0 - 14758128*a2_0*q11_1*q2_0*q7_0 - 16397920*a2_0*q11_1*q3_0*q6_0 + 9018856*a2_0*q11_1*q9_0 + 4041576*a2_0*q2_0**4*q7_1 - 7409556*a2_0*q2_0**3*q7_1*q8_1 - 13172544*a2_0*q2_0**2*q3_0*q7_1**2 - 6586272*a2_0*q2_0**2*q3_0*q8_1 - 11525976*a2_0*q2_0**2*q4_0*q7_1 + 3018708*a2_0*q2_0**2*q8_1*q9_1 - 11708928*a2_0*q2_0*q3_0**2*q7_1 + 10733184*a2_0*q2_0*q3_0*q7_1*q9_1 + 5366592*a2_0*q2_0*q3_0*q8_1**2 + 14087304*a2_0*q2_0*q4_0*q7_1*q8_1 + 8049888*a2_0*q2_0*q5_0*q7_1**2 + 4024944*a2_0*q2_0*q5_0*q8_1 - 2683296*a2_0*q2_0*q7_0 + 7155456*a2_0*q3_0**2*q7_1*q8_1 + 8348032*a2_0*q3_0*q4_0*q7_1**2 + 4174016*a2_0*q3_0*q4_0*q8_1 + 7155456*a2_0*q3_0*q5_0*q7_1 - 2236080*a2_0*q3_0*q6_0 + 3652264*a2_0*q4_0**2*q7_1 - 2869636*a2_0*q4_0*q8_1*q9_1 - 4919376*a2_0*q5_0*q7_1*q9_1 - 2459688*a2_0*q5_0*q8_1**2 + 6149220*a2_0*q6_0*q9_1 - 819896*a2_0*q7_0*q7_1**2 + 3279584*a2_0*q7_0*q8_1 + 1229844*a2_0*q7_1*q8_0 + 1229844*a2_0*q9_0 + 1712997*a3_0*b3*b4**2 + 4187326*a3_0*b3*b4*q11_1*q7_1 - 10277982*a3_0*b3*b4*q7_1 - 4187326*a3_0*b3*q11_1*q8_1 - 778635*a3_0*b3*q2_0 + 3996993*a3_0*b3*q7_1**2 + 2854995*a3_0*b3*q8_1 - 8374652*a3_0*b4**2*q10_1*q8_1 - 8374652*a3_0*b4**2*q11_0*q7_1 - 4586868*a3_0*b4**2*q2_0**3 + 2803086*a3_0*b4**2*q2_0**2*q7_1**2 + 5606172*a3_0*b4**2*q2_0**2*q8_1 + 14949792*a3_0*b4**2*q2_0*q3_0*q7_1 + 8720712*a3_0*b4**2*q2_0*q4_0 + 4429568*a3_0*b4**2*q3_0**2 - 3045328*a3_0*b4**2*q3_0*q7_1*q8_1 - 3045328*a3_0*b4**2*q3_0*q9_1 - 2664662*a3_0*b4**2*q4_0*q7_1**2 - 5329324*a3_0*b4**2*q4_0*q8_1 - 2283996*a3_0*b4**2*q5_0*q7_1 - 1903330*a3_0*b4**2*q6_0 - 4187326*a3_0*b4**2*q9_1**2 + 6090656*a3_0*b4*q10_1*q3_0 + 16749304*a3_0*b4*q10_1*q9_1 + 16749304*a3_0*b4*q11_0*q8_1 + 20555964*a3_0*b4*q11_1*q2_0*q5_0 - 16749304*a3_0*b4*q11_1*q7_0 + 18347472*a3_0*b4*q2_0**3*q7_1 + 30579120*a3_0*b4*q2_0**2*q3_0 - 11212344*a3_0*b4*q2_0**2*q7_1*q8_1 - 11212344*a3_0*b4*q2_0**2*q9_1 - 14949792*a3_0*b4*q2_0*q3_0*q7_1**2 - 29899584*a3_0*b4*q2_0*q3_0*q8_1 - 34882848*a3_0*b4*q2_0*q4_0*q7_1 - 16818516*a3_0*b4*q2_0*q5_0 - 17718272*a3_0*b4*q3_0**2*q7_1 - 19379360*a3_0*b4*q3_0*q4_0 + 6090656*a3_0*b4*q3_0*q7_1*q9_1 + 3045328*a3_0*b4*q3_0*q8_1**2 + 10658648*a3_0*b4*q4_0*q7_1*q8_1 + 10658648*a3_0*b4*q4_0*q9_1 + 4567992*a3_0*b4*q5_0*q7_1**2 + 9135984*a3_0*b4*q5_0*q8_1 + 7613320*a3_0*b4*q6_0*q7_1 + 4567992*a3_0*b4*q7_0 - 4187326*a3_0*q10_1**2 - 2803086*a3_0*q10_1*q2_0**2 - 3045328*a3_0*q10_1*q3_0*q7_1 + 2664662*a3_0*q10_1*q4_0 + 6090656*a3_0*q11_0*q3_0 - 8374652*a3_0*q11_0*q9_1 - 17129970*a3_0*q11_1*q2_0*q6_0 + 12561978*a3_0*q11_1*q8_0 - 4586868*a3_0*q2_0**3*q7_1**2 - 2293434*a3_0*q2_0**3*q8_1 - 12231648*a3_0*q2_0**2*q3_0*q7_1 + 5606172*a3_0*q2_0**2*q7_1*q9_1 + 2803086*a3_0*q2_0**2*q8_1**2 + 14949792*a3_0*q2_0*q3_0*q7_1*q8_1 + 8720712*a3_0*q2_0*q4_0*q7_1**2 + 4360356*a3_0*q2_0*q4_0*q8_1 + 7474896*a3_0*q2_0*q5_0*q7_1 - 1557270*a3_0*q2_0*q6_0 + 4429568*a3_0*q3_0**2*q7_1**2 + 2214784*a3_0*q3_0**2*q8_1 + 7751744*a3_0*q3_0*q4_0*q7_1 - 3045328*a3_0*q3_0*q8_1*q9_1 - 5329324*a3_0*q4_0*q7_1*q9_1 - 2664662*a3_0*q4_0*q8_1**2 - 6851988*a3_0*q5_0*q7_1*q8_1 - 1903330*a3_0*q6_0*q7_1**2 + 1903330*a3_0*q6_0*q8_1 + 1141998*a3_0*q8_0 + 1932612*a4_0*b3*b4*q11_1 - 1756920*a4_0*b3*b4 - 1932612*a4_0*b3*q11_1*q7_1 + 1581228*a4_0*b3*q7_1 - 3865224*a4_0*b4**2*q10_1*q7_1 - 3865224*a4_0*b4**2*q11_0 + 7762392*a4_0*b4**2*q2_0**2*q7_1 + 9199872*a4_0*b4**2*q2_0*q3_0 - 3162456*a4_0*b4**2*q2_0*q7_1*q8_1 - 3162456*a4_0*b4**2*q2_0*q9_1 - 2811072*a4_0*b4**2*q3_0*q7_1**2 - 5622144*a4_0*b4**2*q3_0*q8_1 - 7379064*a4_0*b4**2*q4_0*q7_1 - 3162456*a4_0*b4**2*q5_0 - 3865224*a4_0*b4**2*q8_1*q9_1 + 6324912*a4_0*b4*q10_1*q2_0 + 7730448*a4_0*b4*q10_1*q8_1 + 7730448*a4_0*b4*q11_0*q7_1 - 19326120*a4_0*b4*q11_1*q6_0 + 10585080*a4_0*b4*q2_0**3 - 7762392*a4_0*b4*q2_0**2*q7_1**2 - 15524784*a4_0*b4*q2_0**2*q8_1 - 36799488*a4_0*b4*q2_0*q3_0*q7_1 - 20124720*a4_0*b4*q2_0*q4_0 + 6324912*a4_0*b4*q2_0*q7_1*q9_1 + 3162456*a4_0*b4*q2_0*q8_1**2 - 10222080*a4_0*b4*q3_0**2 + 11244288*a4_0*b4*q3_0*q7_1*q8_1 + 11244288*a4_0*b4*q3_0*q9_1 + 7379064*a4_0*b4*q4_0*q7_1**2 + 14758128*a4_0*b4*q4_0*q8_1 + 14758128*a4_0*b4*q5_0*q7_1 + 7027680*a4_0*b4*q6_0 + 3865224*a4_0*b4*q9_1**2 - 3162456*a4_0*q10_1*q2_0*q7_1 + 2811072*a4_0*q10_1*q3_0 - 3865224*a4_0*q10_1*q9_1 + 6324912*a4_0*q11_0*q2_0 - 3865224*a4_0*q11_0*q8_1 + 15460896*a4_0*q11_1*q7_0 - 4234032*a4_0*q2_0**3*q7_1 + 7762392*a4_0*q2_0**2*q7_1*q8_1 + 9199872*a4_0*q2_0*q3_0*q7_1**2 + 4599936*a4_0*q2_0*q3_0*q8_1 + 8049888*a4_0*q2_0*q4_0*q7_1 - 3162456*a4_0*q2_0*q8_1*q9_1 + 4088832*a4_0*q3_0**2*q7_1 - 5622144*a4_0*q3_0*q7_1*q9_1 - 2811072*a4_0*q3_0*q8_1**2 - 7379064*a4_0*q4_0*q7_1*q8_1 - 4216608*a4_0*q5_0*q7_1**2 - 2108304*a4_0*q5_0*q8_1 - 1756920*a4_0*q6_0*q7_1 + 702768*a4_0*q7_0 - 7906140*a6_0*b4**2*q2_0*q7_1 - 4685120*a6_0*b4**2*q3_0 + 3221020*a6_0*b4**2*q7_1*q8_1 + 3221020*a6_0*b4**2*q9_1 - 6442040*a6_0*b4*q10_1 - 10781100*a6_0*b4*q2_0**2 + 7906140*a6_0*b4*q2_0*q7_1**2 + 15812280*a6_0*b4*q2_0*q8_1 + 18740480*a6_0*b4*q3_0*q7_1 + 10248700*a6_0*b4*q4_0 - 6442040*a6_0*b4*q7_1*q9_1 - 3221020*a6_0*b4*q8_1**2 + 3221020*a6_0*q10_1*q7_1 - 6442040*a6_0*q11_0 + 4312440*a6_0*q2_0**2*q7_1 - 7906140*a6_0*q2_0*q7_1*q8_1 - 4685120*a6_0*q3_0*q7_1**2 - 2342560*a6_0*q3_0*q8_1 - 4099480*a6_0*q4_0*q7_1 + 3221020*a6_0*q8_1*q9_1 - 4743684*a7_0*b4**2*q2_0 + 2898918*a7_0*b4**2*q7_1**2 + 5797836*a7_0*b4**2*q8_1 + 18974736*a7_0*b4*q2_0*q7_1 + 10541520*a7_0*b4*q3_0 - 11595672*a7_0*b4*q7_1*q8_1 - 11595672*a7_0*b4*q9_1 - 2898918*a7_0*q10_1 - 4743684*a7_0*q2_0*q7_1**2 - 2371842*a7_0*q2_0*q8_1 - 4216608*a7_0*q3_0*q7_1 + 5797836*a7_0*q7_1*q9_1 + 2898918*a7_0*q8_1**2 + 7730448*a8_0*b4**2*q7_1 + 10541520*a8_0*b4*q2_0 - 7730448*a8_0*b4*q7_1**2 - 15460896*a8_0*b4*q8_1 - 4216608*a8_0*q2_0*q7_1 + 7730448*a8_0*q7_1*q8_1 + 4509428*a9_0*b4**2 - 18037712*a9_0*b4*q7_1 + 4509428*a9_0*q7_1**2 + 2254714*a9_0*q8_1 - 7027680*b2*q11_1 + 638880*b2 - 18399744*b3*b4**2*q2_0*q7_1 - 5366592*b3*b4**2*q3_0 + 3513840*b3*b4**2*q7_1**3 + 21083040*b3*b4**2*q7_1*q8_1 + 10541520*b3*b4**2*q9_1 + 12884080*b3*b4*q10_1*q11_1 - 21083040*b3*b4*q10_1 + 1724976*b3*b4*q11_1*q2_0**2 - 6324912*b3*b4*q11_1*q2_0*q8_1 - 3748096*b3*b4*q11_1*q3_0*q7_1 - 1639792*b3*b4*q11_1*q4_0 - 14113440*b3*b4*q2_0**2 + 36799488*b3*b4*q2_0*q7_1**2 + 36799488*b3*b4*q2_0*q8_1 + 32199552*b3*b4*q3_0*q7_1 + 8944320*b3*b4*q4_0 - 21083040*b3*b4*q7_1**2*q8_1 - 42166080*b3*b4*q7_1*q9_1 - 21083040*b3*b4*q8_1**2 + 14055360*b3*q10_1*q7_1 - 12884080*b3*q11_0*q11_1 + 3513840*b3*q11_0 - 1724976*b3*q11_1*q2_0**2*q7_1 + 6324912*b3*q11_1*q2_0*q9_1 + 3748096*b3*q11_1*q3_0*q8_1 + 1639792*b3*q11_1*q4_0*q7_1 + 7027680*b3*q11_1*q5_0 + 12702096*b3*q2_0**2*q7_1 + 5227200*b3*q2_0*q3_0 - 6133248*b3*q2_0*q7_1**3 - 27599616*b3*q2_0*q7_1*q8_1 - 9199872*b3*q2_0*q9_1 - 12522048*b3*q3_0*q7_1**2 - 8944320*b3*q3_0*q8_1 - 8049888*b3*q4_0*q7_1 - 2236080*b3*q5_0 + 10541520*b3*q7_1**2*q9_1 + 10541520*b3*q7_1*q8_1**2 + 14055360*b3*q8_1*q9_1 - 25768160*b4**2*q10_1*q11_0 - 3449952*b4**2*q10_1*q2_0**2*q7_1 + 12649824*b4**2*q10_1*q2_0*q9_1 + 7496192*b4**2*q10_1*q3_0*q8_1 + 3279584*b4**2*q10_1*q4_0*q7_1 + 14055360*b4**2*q10_1*q5_0 - 3449952*b4**2*q11_0*q2_0**2 + 12649824*b4**2*q11_0*q2_0*q8_1 + 7496192*b4**2*q11_0*q3_0*q7_1 + 3279584*b4**2*q11_0*q4_0 + 6928416*b4**2*q2_0**4*q7_1 + 16422912*b4**2*q2_0**3*q3_0 - 2822688*b4**2*q2_0**3*q7_1*q8_1 - 2822688*b4**2*q2_0**3*q9_1 - 7527168*b4**2*q2_0**2*q3_0*q7_1**2 - 15054336*b4**2*q2_0**2*q3_0*q8_1 - 19758816*b4**2*q2_0**2*q4_0*q7_1 - 2822688*b4**2*q2_0**2*q5_0 - 3449952*b4**2*q2_0**2*q8_1*q9_1 - 20072448*b4**2*q2_0*q3_0**2*q7_1 - 23417856*b4**2*q2_0*q3_0*q4_0 + 5366592*b4**2*q2_0*q4_0*q7_1*q8_1 + 5366592*b4**2*q2_0*q4_0*q9_1 - 4599936*b4**2*q2_0*q5_0*q7_1**2 - 9199872*b4**2*q2_0*q5_0*q8_1 - 3833280*b4**2*q2_0*q6_0*q7_1 - 3964928*b4**2*q3_0**3 + 2725888*b4**2*q3_0**2*q7_1*q8_1 + 2725888*b4**2*q3_0**2*q9_1 + 4770304*b4**2*q3_0*q4_0*q7_1**2 + 9540608*b4**2*q3_0*q4_0*q8_1 - 2044416*b4**2*q3_0*q5_0*q7_1 + 851840*b4**2*q3_0*q6_0 + 3748096*b4**2*q3_0*q9_1**2 + 6261024*b4**2*q4_0**2*q7_1 + 1788864*b4**2*q4_0*q5_0 + 3279584*b4**2*q4_0*q8_1*q9_1 + 14055360*b4**2*q5_0*q7_1*q9_1 + 7027680*b4**2*q5_0*q8_1**2 + 9370240*b4**2*q6_0*q7_1*q8_1 + 9370240*b4**2*q6_0*q9_1 + 2811072*b4**2*q7_0*q7_1**2 + 5622144*b4**2*q7_0*q8_1 + 2811072*b4**2*q7_1*q8_0 + 468512*b4**2*q9_0 - 5153632*b4*q10_0*q11_1 - 12649824*b4*q10_1**2*q2_0 + 5645376*b4*q10_1*q2_0**3 + 6899904*b4*q10_1*q2_0**2*q8_1 - 10733184*b4*q10_1*q2_0*q4_0 - 5451776*b4*q10_1*q3_0**2 - 14992384*b4*q10_1*q3_0*q9_1 - 6559168*b4*q10_1*q4_0*q8_1 - 14055360*b4*q10_1*q5_0*q7_1 - 18740480*b4*q10_1*q6_0 + 25768160*b4*q11_0**2 + 6899904*b4*q11_0*q2_0**2*q7_1 - 25299648*b4*q11_0*q2_0*q9_1 - 14992384*b4*q11_0*q3_0*q8_1 - 6559168*b4*q11_0*q4_0*q7_1 - 14055360*b4*q11_0*q5_0 - 17249760*b4*q11_1*q2_0**2*q6_0 - 36799488*b4*q11_1*q2_0*q3_0*q5_0 + 12649824*b4*q11_1*q2_0*q8_0 + 14992384*b4*q11_1*q3_0*q7_0 + 16397920*b4*q11_1*q4_0*q6_0 + 16866432*b4*q11_1*q5_0**2 + 9447840*b4*q2_0**5 - 6928416*b4*q2_0**4*q7_1**2 - 13856832*b4*q2_0**4*q8_1 - 65691648*b4*q2_0**3*q3_0*q7_1 - 35925120*b4*q2_0**3*q4_0 + 5645376*b4*q2_0**3*q7_1*q9_1 + 2822688*b4*q2_0**3*q8_1**2 - 54743040*b4*q2_0**2*q3_0**2 + 30108672*b4*q2_0**2*q3_0*q7_1*q8_1 + 30108672*b4*q2_0**2*q3_0*q9_1 + 19758816*b4*q2_0**2*q4_0*q7_1**2 + 39517632*b4*q2_0**2*q4_0*q8_1 + 28226880*b4*q2_0**2*q5_0*q7_1 + 9408960*b4*q2_0**2*q6_0 + 3449952*b4*q2_0**2*q9_1**2 + 20072448*b4*q2_0*q3_0**2*q7_1**2 + 40144896*b4*q2_0*q3_0**2*q8_1 + 93671424*b4*q2_0*q3_0*q4_0*q7_1 + 37635840*b4*q2_0*q3_0*q5_0 + 25613280*b4*q2_0*q4_0**2 - 10733184*b4*q2_0*q4_0*q7_1*q9_1 - 5366592*b4*q2_0*q4_0*q8_1**2 + 3833280*b4*q2_0*q6_0*q7_1**2 + 7666560*b4*q2_0*q6_0*q8_1 - 2299968*b4*q2_0*q8_0 + 15859712*b4*q3_0**3*q7_1 + 26019840*b4*q3_0**2*q4_0 - 5451776*b4*q3_0**2*q7_1*q9_1 - 2725888*b4*q3_0**2*q8_1**2 - 19081216*b4*q3_0*q4_0*q7_1*q8_1 - 19081216*b4*q3_0*q4_0*q9_1 - 5111040*b4*q3_0*q5_0*q7_1**2 - 10222080*b4*q3_0*q5_0*q8_1 - 3407360*b4*q3_0*q6_0*q7_1 - 4088832*b4*q3_0*q7_0 - 6261024*b4*q4_0**2*q7_1**2 - 12522048*b4*q4_0**2*q8_1 - 17888640*b4*q4_0*q5_0*q7_1 - 5962880*b4*q4_0*q6_0 - 3279584*b4*q4_0*q9_1**2 - 3833280*b4*q5_0**2 - 14055360*b4*q5_0*q8_1*q9_1 - 18740480*b4*q6_0*q7_1*q9_1 - 9370240*b4*q6_0*q8_1**2 - 11244288*b4*q7_0*q7_1*q8_1 - 11244288*b4*q7_0*q9_1 - 2811072*b4*q7_1**2*q8_0 - 1874048*b4*q7_1*q9_0 - 5622144*b4*q8_0*q8_1 + 1405536*q10_0*q7_1 + 3748096*q10_1**2*q3_0 + 12649824*q10_1*q11_0*q2_0 - 2822688*q10_1*q2_0**3*q7_1 + 7527168*q10_1*q2_0**2*q3_0 - 3449952*q10_1*q2_0**2*q9_1 + 5366592*q10_1*q2_0*q4_0*q7_1 - 4599936*q10_1*q2_0*q5_0 + 2725888*q10_1*q3_0**2*q7_1 - 4770304*q10_1*q3_0*q4_0 + 3279584*q10_1*q4_0*q9_1 + 9370240*q10_1*q6_0*q7_1 + 11244288*q10_1*q7_0 + 5645376*q11_0*q2_0**3 - 3449952*q11_0*q2_0**2*q8_1 - 10733184*q11_0*q2_0*q4_0 - 5451776*q11_0*q3_0**2 + 7496192*q11_0*q3_0*q9_1 + 3279584*q11_0*q4_0*q8_1 + 16397920*q11_0*q6_0 + 13799808*q11_1*q2_0**2*q7_0 + 30666240*q11_1*q2_0*q3_0*q6_0 - 8433216*q11_1*q2_0*q9_0 - 11244288*q11_1*q3_0*q8_0 - 13118336*q11_1*q4_0*q7_0 - 14055360*q11_1*q5_0*q6_0 - 3779136*q2_0**5*q7_1 + 6928416*q2_0**4*q7_1*q8_1 + 16422912*q2_0**3*q3_0*q7_1**2 + 8211456*q2_0**3*q3_0*q8_1 + 14370048*q2_0**3*q4_0*q7_1 - 2822688*q2_0**3*q8_1*q9_1 + 21897216*q2_0**2*q3_0**2*q7_1 - 15054336*q2_0**2*q3_0*q7_1*q9_1 - 7527168*q2_0**2*q3_0*q8_1**2 - 19758816*q2_0**2*q4_0*q7_1*q8_1 - 11290752*q2_0**2*q5_0*q7_1**2 - 5645376*q2_0**2*q5_0*q8_1 + 4704480*q2_0**2*q6_0*q7_1 + 5645376*q2_0**2*q7_0 - 20072448*q2_0*q3_0**2*q7_1*q8_1 - 23417856*q2_0*q3_0*q4_0*q7_1**2 - 11708928*q2_0*q3_0*q4_0*q8_1 - 20072448*q2_0*q3_0*q5_0*q7_1 + 10454400*q2_0*q3_0*q6_0 - 10245312*q2_0*q4_0**2*q7_1 + 5366592*q2_0*q4_0*q8_1*q9_1 + 9199872*q2_0*q5_0*q7_1*q9_1 + 4599936*q2_0*q5_0*q8_1**2 - 3833280*q2_0*q6_0*q7_1*q8_1 - 15333120*q2_0*q6_0*q9_1 - 9199872*q2_0*q7_0*q8_1 - 4599936*q2_0*q7_1*q8_0 - 3066624*q2_0*q9_0 - 3964928*q3_0**3*q7_1**2 - 1982464*q3_0**3*q8_1 - 10407936*q3_0**2*q4_0*q7_1 + 2725888*q3_0**2*q8_1*q9_1 + 9540608*q3_0*q4_0*q7_1*q9_1 + 4770304*q3_0*q4_0*q8_1**2 + 12266496*q3_0*q5_0*q7_1*q8_1 + 851840*q3_0*q6_0*q7_1**2 - 8518400*q3_0*q6_0*q8_1 - 4088832*q3_0*q7_0*q7_1 - 3577728*q3_0*q8_0 + 6261024*q4_0**2*q7_1*q8_1 + 7155456*q4_0*q5_0*q7_1**2 + 3577728*q4_0*q5_0*q8_1 - 2981440*q4_0*q6_0*q7_1 - 3577728*q4_0*q7_0 + 3066624*q5_0**2*q7_1 - 3194400*q5_0*q6_0 + 9370240*q6_0*q8_1*q9_1 + 5622144*q7_0*q7_1*q9_1 + 2811072*q7_0*q8_1**2 + 468512*q7_1**2*q9_0 + 2811072*q7_1*q8_0*q8_1 + 7027680*q8_0*q9_1 + 3748096*q8_1*q9_0
25	4	[1,2]	6	107	-40095*a1_0*b4**2*q2_0*q7_1 - 11000*a1_0*b4**2*q3_0 + 8470*a1_0*b4**2*q7_1**3 + 50820*a1_0*b4**2*q7_1*q8_1 + 25410*a1_0*b4**2*q9_1 + 79860*a1_0*b4*q10_1*q11_1 - 21780*a1_0*b4*q10_1 - 32670*a1_0*b4*q11_1*q2_0*q8_1 - 14520*a1_0*b4*q11_1*q3_0*q7_1 - 12150*a1_0*b4*q2_0**2 + 62370*a1_0*b4*q2_0*q7_1**2 + 44550*a1_0*b4*q2_0*q8_1 + 39600*a1_0*b4*q3_0*q7_1 + 7700*a1_0*b4*q4_0 - 50820*a1_0*b4*q7_1**2*q8_1 - 72600*a1_0*b4*q7_1*q9_1 - 36300*a1_0*b4*q8_1**2 + 21780*a1_0*q10_1*q7_1 - 79860*a1_0*q11_0*q11_1 - 3630*a1_0*q11_0 - 71280*a1_0*q11_1*q2_0*q3_0 + 32670*a1_0*q11_1*q2_0*q9_1 + 14520*a1_0*q11_1*q3_0*q8_1 + 32670*a1_0*q11_1*q5_0 + 10935*a1_0*q2_0**2*q7_1 - 13365*a1_0*q2_0*q7_1**3 - 44550*a1_0*q2_0*q7_1*q8_1 - 4455*a1_0*q2_0*q9_1 - 19800*a1_0*q3_0*q7_1**2 - 6600*a1_0*q3_0*q8_1 - 6930*a1_0*q4_0*q7_1 + 25410*a1_0*q7_1**2*q9_1 + 25410*a1_0*q7_1*q8_1**2 + 21780*a1_0*q8_1*q9_1 - 9240*a2_0*b4**2*q2_0 + 20328*a2_0*b4**2*q7_1**2 + 20328*a2_0*b4**2*q8_1 - 15246*a2_0*b4*q11_1*q2_0*q7_1 + 55902*a2_0*b4*q11_1*q9_1 + 33264*a2_0*b4*q2_0*q7_1 + 6160*a2_0*b4*q3_0 - 13552*a2_0*b4*q7_1**3 - 60984*a2_0*b4*q7_1*q8_1 - 20328*a2_0*b4*q9_1 - 55902*a2_0*q10_1*q11_1 - 37422*a2_0*q11_1*q2_0**2 + 15246*a2_0*q11_1*q2_0*q8_1 + 35574*a2_0*q11_1*q4_0 - 16632*a2_0*q2_0*q7_1**2 - 5544*a2_0*q2_0*q8_1 - 5544*a2_0*q3_0*q7_1 + 20328*a2_0*q7_1**2*q8_1 + 20328*a2_0*q7_1*q9_1 + 10164*a2_0*q8_1**2 + 14157*a3_0*b4**2*q7_1 + 34606*a3_0*b4*q11_1*q8_1 + 4290*a3_0*b4*q2_0 - 22022*a3_0*b4*q7_1**2 - 15730*a3_0*b4*q8_1 + 37752*a3_0*q11_1*q3_0 - 34606*a3_0*q11_1*q9_1 - 3861*a3_0*q2_0*q7_1 + 4719*a3_0*q7_1**3 + 15730*a3_0*q7_1*q8_1 + 1573*a3_0*q9_1 + 2420*a4_0*b4**2 + 15972*a4_0*b4*q11_1*q7_1 - 8712*a4_0*b4*q7_1 + 39204*a4_0*q11_1*q2_0 - 15972*a4_0*q11_1*q8_1 + 4356*a4_0*q7_1**2 + 1452*a4_0*q8_1 - 39930*a6_0*q11_1 + 29040*b3*q11_1 - 3960*b3 + 29040*b4**2*q10_1 + 19440*b4**2*q2_0**2 - 50688*b4**2*q2_0*q7_1**2 - 50688*b4**2*q2_0*q8_1 - 44352*b4**2*q3_0*q7_1 - 12320*b4**2*q4_0 + 29040*b4**2*q7_1**2*q8_1 + 58080*b4**2*q7_1*q9_1 + 29040*b4**2*q8_1**2 - 77440*b4*q10_1*q7_1 + 106480*b4*q11_0*q11_1 - 19360*b4*q11_0 + 14256*b4*q11_1*q2_0**2*q7_1 - 52272*b4*q11_1*q2_0*q9_1 - 30976*b4*q11_1*q3_0*q8_1 - 13552*b4*q11_1*q4_0*q7_1 - 69984*b4*q2_0**2*q7_1 - 28800*b4*q2_0*q3_0 + 33792*b4*q2_0*q7_1**3 + 152064*b4*q2_0*q7_1*q8_1 + 50688*b4*q2_0*q9_1 + 68992*b4*q3_0*q7_1**2 + 49280*b4*q3_0*q8_1 + 44352*b4*q4_0*q7_1 + 8800*b4*q5_0 - 58080*b4*q7_1**2*q9_1 - 58080*b4*q7_1*q8_1**2 - 77440*b4*q8_1*q9_1 + 52272*q10_1*q11_1*q2_0 + 29040*q10_1*q7_1**2 + 19360*q10_1*q8_1 + 19360*q11_0*q7_1 + 34992*q11_1*q2_0**3 - 14256*q11_1*q2_0**2*q8_1 - 66528*q11_1*q2_0*q4_0 - 33792*q11_1*q3_0**2 + 30976*q11_1*q3_0*q9_1 + 13552*q11_1*q4_0*q8_1 + 77440*q11_1*q6_0 + 34992*q2_0**2*q7_1**2 + 11664*q2_0**2*q8_1 + 25920*q2_0*q3_0*q7_1 - 50688*q2_0*q7_1**2*q8_1 - 50688*q2_0*q7_1*q9_1 - 25344*q2_0*q8_1**2 - 14784*q3_0*q7_1**3 - 49280*q3_0*q7_1*q8_1 - 4928*q3_0*q9_1 - 22176*q4_0*q7_1**2 - 7392*q4_0*q8_1 - 7920*q5_0*q7_1 - 4400*q6_0 + 58080*q7_1*q8_1*q9_1 + 9680*q8_1**3 + 9680*q9_1**2
26	4	[1,1]	1	3	528*a1_0*q11_1 - 51*a1_0 - 264*b4*q11_1 + 8*b4 - 264*q11_1*q7_1 + 56*q7_1
28	4	[0,2]	7	110	-120285*a1_0*b1*b4**2*q2_0*q7_1 - 33000*a1_0*b1*b4**2*q3_0 + 25410*a1_0*b1*b4**2*q7_1**3 + 152460*a1_0*b1*b4**2*q7_1*q8_1 + 76230*a1_0*b1*b4**2*q9_1 + 239580*a1_0*b1*b4*q10_1*q11_1 - 65340*a1_0*b1*b4*q10_1 - 98010*a1_0*b1*b4*q11_1*q2_0*q8_1 - 43560*a1_0*b1*b4*q11_1*q3_0*q7_1 - 36450*a1_0*b1*b4*q2_0**2 + 187110*a1_0*b1*b4*q2_0*q7_1**2 + 133650*a1_0*b1*b4*q2_0*q8_1 + 118800*a1_0*b1*b4*q3_0*q7_1 + 23100*a1_0*b1*b4*q4_0 - 152460*a1_0*b1*b4*q7_1**2*q8_1 - 217800*a1_0*b1*b4*q7_1*q9_1 - 108900*a1_0*b1*b4*q8_1**2 + 65340*a1_0*b1*q10_1*q7_1 - 239580*a1_0*b1*q11_0*q11_1 - 10890*a1_0*b1*q11_0 - 213840*a1_0*b1*q11_1*q2_0*q3_0 + 98010*a1_0*b1*q11_1*q2_0*q9_1 + 43560*a1_0*b1*q11_1*q3_0*q8_1 + 98010*a1_0*b1*q11_1*q5_0 + 32805*a1_0*b1*q2_0**2*q7_1 - 40095*a1_0*b1*q2_0*q7_1**3 - 133650*a1_0*b1*q2_0*q7_1*q8_1 - 13365*a1_0*b1*q2_0*q9_1 - 59400*a1_0*b1*q3_0*q7_1**2 - 19800*a1_0*b1*q3_0*q8_1 - 20790*a1_0*b1*q4_0*q7_1 + 76230*a1_0*b1*q7_1**2*q9_1 + 76230*a1_0*b1*q7_1*q8_1**2 + 65340*a1_0*b1*q8_1*q9_1 - 116160*a1_0*q11_1 + 11220*a1_0 - 27720*a2_0*b1*b4**2*q2_0 + 60984*a2_0*b1*b4**2*q7_1**2 + 60984*a2_0*b1*b4**2*q8_1 - 45738*a2_0*b1*b4*q11_1*q2_0*q7_1 + 167706*a2_0*b1*b4*q11_1*q9_1 + 99792*a2_0*b1*b4*q2_0*q7_1 + 18480*a2_0*b1*b4*q3_0 - 40656*a2_0*b1*b4*q7_1**3 - 182952*a2_0*b1*b4*q7_1*q8_1 - 60984*a2_0*b1*b4*q9_1 - 167706*a2_0*b1*q10_1*q11_1 - 112266*a2_0*b1*q11_1*q2_0**2 + 45738*a2_0*b1*q11_1*q2_0*q8_1 + 106722*a2_0*b1*q11_1*q4_0 - 49896*a2_0*b1*q2_0*q7_1**2 - 16632*a2_0*b1*q2_0*q8_1 - 16632*a2_0*b1*q3_0*q7_1 + 60984*a2_0*b1*q7_1**2*q8_1 + 60984*a2_0*b1*q7_1*q9_1 + 30492*a2_0*b1*q8_1**2 + 42471*a3_0*b1*b4**2*q7_1 + 103818*a3_0*b1*b4*q11_1*q8_1 + 12870*a3_0*b1*b4*q2_0 - 66066*a3_0*b1*b4*q7_1**2 - 47190*a3_0*b1*b4*q8_1 + 113256*a3_0*b1*q11_1*q3_0 - 103818*a3_0*b1*q11_1*q9_1 - 11583*a3_0*b1*q2_0*q7_1 + 14157*a3_0*b1*q7_1**3 + 47190*a3_0*b1*q7_1*q8_1 + 4719*a3_0*b1*q9_1 + 7260*a4_0*b1*b4**2 + 47916*a4_0*b1*b4*q11_1*q7_1 - 26136*a4_0*b1*b4*q7_1 + 117612*a4_0*b1*q11_1*q2_0 - 47916*a4_0*b1*q11_1*q8_1 + 13068*a4_0*b1*q7_1**2 + 4356*a4_0*b1*q8_1 - 119790*a6_0*b1*q11_1 + 87120*b1*b3*q11_1 - 11880*b1*b3 + 87120*b1*b4**2*q10_1 + 58320*b1*b4**2*q2_0**2 - 152064*b1*b4**2*q2_0*q7_1**2 - 152064*b1*b4**2*q2_0*q8_1 - 133056*b1*b4**2*q3_0*q7_1 - 36960*b1*b4**2*q4_0 + 87120*b1*b4**2*q7_1**2*q8_1 + 174240*b1*b4**2*q7_1*q9_1 + 87120*b1*b4**2*q8_1**2 - 232320*b1*b4*q10_1*q7_1 + 319440*b1*b4*q11_0*q11_1 - 58080*b1*b4*q11_0 + 42768*b1*b4*q11_1*q2_0**2*q7_1 - 156816*b1*b4*q11_1*q2_0*q9_1 - 92928*b1*b4*q11_1*q3_0*q8_1 - 40656*b1*b4*q11_1*q4_0*q7_1 - 209952*b1*b4*q2_0**2*q7_1 - 86400*b1*b4*q2_0*q3_0 + 101376*b1*b4*q2_0*q7_1**3 + 456192*b1*b4*q2_0*q7_1*q8_1 + 152064*b1*b4*q2_0*q9_1 + 206976*b1*b4*q3_0*q7_1**2 + 147840*b1*b4*q3_0*q8_1 + 133056*b1*b4*q4_0*q7_1 + 26400*b1*b4*q5_0 - 174240*b1*b4*q7_1**2*q9_1 - 174240*b1*b4*q7_1*q8_1**2 - 232320*b1*b4*q8_1*q9_1 + 156816*b1*q10_1*q11_1*q2_0 + 87120*b1*q10_1*q7_1**2 + 58080*b1*q10_1*q8_1 + 58080*b1*q11_0*q7_1 + 104976*b1*q11_1*q2_0**3 - 42768*b1*q11_1*q2_0**2*q8_1 - 199584*b1*q11_1*q2_0*q4_0 - 101376*b1*q11_1*q3_0**2 + 92928*b1*q11_1*q3_0*q9_1 + 40656*b1*q11_1*q4_0*q8_1 + 232320*b1*q11_1*q6_0 + 104976*b1*q2_0**2*q7_1**2 + 34992*b1*q2_0**2*q8_1 + 77760*b1*q2_0*q3_0*q7_1 - 152064*b1*q2_0*q7_1**2*q8_1 - 152064*b1*q2_0*q7_1*q9_1 - 76032*b1*q2_0*q8_1**2 - 44352*b1*q3_0*q7_1**3 - 147840*b1*q3_0*q7_1*q8_1 - 14784*b1*q3_0*q9_1 - 66528*b1*q4_0*q7_1**2 - 22176*b1*q4_0*q8_1 - 23760*b1*q5_0*q7_1 - 13200*b1*q6_0 + 174240*b1*q7_1*q8_1*q9_1 + 29040*b1*q8_1**3 + 29040*b1*q9_1**2 + 58080*b4*q11_1 - 1760*b4 + 58080*q11_1*q7_1 - 12320*q7_1
29	4	[0,1]	8	773	4831530*a10_0*b4*q6_0 - 3865224*a10_0*q7_0 - 8857805*a11_0*b3*q11_1 - 8857805*a11_0*b4*q11_0 - 7086244*a12_0*b4*q10_1 + 7086244*a12_0*q11_0 - 5314683*a13_0*b4*q9_1 + 5314683*a13_0*q10_1 - 3543122*a14_0*b4*q8_1 + 3543122*a14_0*q9_1 - 1771561*a15_0*b4*q7_1 + 1771561*a15_0*q8_1 + 14055360*a1_0*b1*q11_1 - 1357620*a1_0*b1 + 14554485*a1_0*b2*b4**2*q2_0*q7_1 + 3993000*a1_0*b2*b4**2*q3_0 - 3074610*a1_0*b2*b4**2*q7_1**3 - 18447660*a1_0*b2*b4**2*q7_1*q8_1 - 9223830*a1_0*b2*b4**2*q9_1 - 28989180*a1_0*b2*b4*q10_1*q11_1 + 7906140*a1_0*b2*b4*q10_1 + 11859210*a1_0*b2*b4*q11_1*q2_0*q8_1 + 5270760*a1_0*b2*b4*q11_1*q3_0*q7_1 + 4410450*a1_0*b2*b4*q2_0**2 - 22640310*a1_0*b2*b4*q2_0*q7_1**2 - 16171650*a1_0*b2*b4*q2_0*q8_1 - 14374800*a1_0*b2*b4*q3_0*q7_1 - 2795100*a1_0*b2*b4*q4_0 + 18447660*a1_0*b2*b4*q7_1**2*q8_1 + 26353800*a1_0*b2*b4*q7_1*q9_1 + 13176900*a1_0*b2*b4*q8_1**2 - 7906140*a1_0*b2*q10_1*q7_1 + 28989180*a1_0*b2*q11_0*q11_1 + 1317690*a1_0*b2*q11_0 + 25874640*a1_0*b2*q11_1*q2_0*q3_0 - 11859210*a1_0*b2*q11_1*q2_0*q9_1 - 5270760*a1_0*b2*q11_1*q3_0*q8_1 - 11859210*a1_0*b2*q11_1*q5_0 - 3969405*a1_0*b2*q2_0**2*q7_1 + 4851495*a1_0*b2*q2_0*q7_1**3 + 16171650*a1_0*b2*q2_0*q7_1*q8_1 + 1617165*a1_0*b2*q2_0*q9_1 + 7187400*a1_0*b2*q3_0*q7_1**2 + 2395800*a1_0*b2*q3_0*q8_1 + 2515590*a1_0*b2*q4_0*q7_1 - 9223830*a1_0*b2*q7_1**2*q9_1 - 9223830*a1_0*b2*q7_1*q8_1**2 - 7906140*a1_0*b2*q8_1*q9_1 + 2415765*a1_0*b3*q10_0*q11_1 + 4392300*a1_0*b3*q10_1*q6_0 + 8085825*a1_0*b3*q11_1*q2_0**2*q6_0 - 5929605*a1_0*b3*q11_1*q2_0*q8_0 - 7027680*a1_0*b3*q11_1*q3_0*q7_0 - 7686525*a1_0*b3*q11_1*q4_0*q6_0 + 2205225*a1_0*b3*q2_0**2*q6_0 - 2695275*a1_0*b3*q2_0*q6_0*q7_1**2 - 5390550*a1_0*b3*q2_0*q6_0*q8_1 - 3993000*a1_0*b3*q3_0*q6_0*q7_1 - 1397550*a1_0*b3*q4_0*q6_0 + 4392300*a1_0*b3*q6_0*q7_1*q9_1 + 2196150*a1_0*b3*q6_0*q8_1**2 + 2415765*a1_0*b4*q10_0*q11_0 + 1617165*a1_0*b4*q10_0*q2_0**2*q7_1 + 2874960*a1_0*b4*q10_0*q2_0*q3_0 - 1976535*a1_0*b4*q10_0*q2_0*q9_1 - 1756920*a1_0*b4*q10_0*q3_0*q8_1 - 1537305*a1_0*b4*q10_0*q4_0*q7_1 - 1317690*a1_0*b4*q10_0*q5_0 + 6468660*a1_0*b4*q10_1*q2_0**2*q7_0 + 14374800*a1_0*b4*q10_1*q2_0*q3_0*q6_0 - 3953070*a1_0*b4*q10_1*q2_0*q9_0 - 5270760*a1_0*b4*q10_1*q3_0*q8_0 - 6149220*a1_0*b4*q10_1*q4_0*q7_0 - 6588450*a1_0*b4*q10_1*q5_0*q6_0 + 8085825*a1_0*b4*q11_0*q2_0**2*q6_0 - 5929605*a1_0*b4*q11_0*q2_0*q8_0 - 7027680*a1_0*b4*q11_0*q3_0*q7_0 - 7686525*a1_0*b4*q11_0*q4_0*q6_0 + 5412825*a1_0*b4*q2_0**4*q6_0*q7_1 + 4330260*a1_0*b4*q2_0**4*q7_0 + 19245600*a1_0*b4*q2_0**3*q3_0*q6_0 - 6615675*a1_0*b4*q2_0**3*q6_0*q9_1 - 5292540*a1_0*b4*q2_0**3*q7_0*q8_1 - 3969405*a1_0*b4*q2_0**3*q7_1*q8_0 - 2646270*a1_0*b4*q2_0**3*q9_0 - 17641800*a1_0*b4*q2_0**2*q3_0*q6_0*q8_1 - 14113440*a1_0*b4*q2_0**2*q3_0*q7_0*q7_1 - 10585080*a1_0*b4*q2_0**2*q3_0*q8_0 - 15436575*a1_0*b4*q2_0**2*q4_0*q6_0*q7_1 - 12349260*a1_0*b4*q2_0**2*q4_0*q7_0 - 13231350*a1_0*b4*q2_0**2*q5_0*q6_0 + 4851495*a1_0*b4*q2_0**2*q8_0*q9_1 + 3234330*a1_0*b4*q2_0**2*q8_1*q9_0 - 15681600*a1_0*b4*q2_0*q3_0**2*q6_0*q7_1 - 12545280*a1_0*b4*q2_0*q3_0**2*q7_0 - 27442800*a1_0*b4*q2_0*q3_0*q4_0*q6_0 + 11499840*a1_0*b4*q2_0*q3_0*q7_0*q9_1 + 5749920*a1_0*b4*q2_0*q3_0*q7_1*q9_0 + 8624880*a1_0*b4*q2_0*q3_0*q8_0*q8_1 + 12577950*a1_0*b4*q2_0*q4_0*q6_0*q9_1 + 10062360*a1_0*b4*q2_0*q4_0*q7_0*q8_1 + 7546770*a1_0*b4*q2_0*q4_0*q7_1*q8_0 + 5031180*a1_0*b4*q2_0*q4_0*q9_0 + 10781100*a1_0*b4*q2_0*q5_0*q6_0*q8_1 + 8624880*a1_0*b4*q2_0*q5_0*q7_0*q7_1 + 6468660*a1_0*b4*q2_0*q5_0*q8_0 + 8984250*a1_0*b4*q2_0*q6_0**2*q7_1 + 14374800*a1_0*b4*q2_0*q6_0*q7_0 - 4646400*a1_0*b4*q3_0**3*q6_0 + 6388800*a1_0*b4*q3_0**2*q6_0*q9_1 + 5111040*a1_0*b4*q3_0**2*q7_0*q8_1 + 3833280*a1_0*b4*q3_0**2*q7_1*q8_0 + 2555520*a1_0*b4*q3_0**2*q9_0 + 11180400*a1_0*b4*q3_0*q4_0*q6_0*q8_1 + 8944320*a1_0*b4*q3_0*q4_0*q7_0*q7_1 + 6708240*a1_0*b4*q3_0*q4_0*q8_0 + 9583200*a1_0*b4*q3_0*q5_0*q6_0*q7_1 + 7666560*a1_0*b4*q3_0*q5_0*q7_0 + 7986000*a1_0*b4*q3_0*q6_0**2 - 3513840*a1_0*b4*q3_0*q9_0*q9_1 + 4891425*a1_0*b4*q4_0**2*q6_0*q7_1 + 3913140*a1_0*b4*q4_0**2*q7_0 + 8385300*a1_0*b4*q4_0*q5_0*q6_0 - 4611915*a1_0*b4*q4_0*q8_0*q9_1 - 3074610*a1_0*b4*q4_0*q8_1*q9_0 - 5270760*a1_0*b4*q5_0*q7_0*q9_1 - 2635380*a1_0*b4*q5_0*q7_1*q9_0 - 3953070*a1_0*b4*q5_0*q8_0*q8_1 - 5490375*a1_0*b4*q6_0**2*q9_1 - 8784600*a1_0*b4*q6_0*q7_0*q8_1 - 6588450*a1_0*b4*q6_0*q7_1*q8_0 - 4392300*a1_0*b4*q6_0*q9_0 - 3513840*a1_0*b4*q7_0**2*q7_1 - 5270760*a1_0*b4*q7_0*q8_0 + 1976535*a1_0*q10_0*q10_1*q2_0 + 1323135*a1_0*q10_0*q2_0**3 - 1617165*a1_0*q10_0*q2_0**2*q8_1 - 2874960*a1_0*q10_0*q2_0*q3_0*q7_1 - 2515590*a1_0*q10_0*q2_0*q4_0 - 1277760*a1_0*q10_0*q3_0**2 + 1756920*a1_0*q10_0*q3_0*q9_1 + 1537305*a1_0*q10_0*q4_0*q8_1 + 1317690*a1_0*q10_0*q5_0*q7_1 + 1098075*a1_0*q10_0*q6_0 - 4851495*a1_0*q10_1*q2_0**2*q8_0 - 11499840*a1_0*q10_1*q2_0*q3_0*q7_0 + 3513840*a1_0*q10_1*q3_0*q9_0 + 4611915*a1_0*q10_1*q4_0*q8_0 + 5270760*a1_0*q10_1*q5_0*q7_0 - 6468660*a1_0*q11_0*q2_0**2*q7_0 + 3953070*a1_0*q11_0*q2_0*q9_0 + 5270760*a1_0*q11_0*q3_0*q8_0 + 6149220*a1_0*q11_0*q4_0*q7_0 - 4330260*a1_0*q2_0**4*q7_0*q7_1 - 3247695*a1_0*q2_0**4*q8_0 - 15396480*a1_0*q2_0**3*q3_0*q7_0 + 5292540*a1_0*q2_0**3*q7_0*q9_1 + 2646270*a1_0*q2_0**3*q7_1*q9_0 + 3969405*a1_0*q2_0**3*q8_0*q8_1 + 14113440*a1_0*q2_0**2*q3_0*q7_0*q8_1 + 10585080*a1_0*q2_0**2*q3_0*q7_1*q8_0 + 7056720*a1_0*q2_0**2*q3_0*q9_0 + 12349260*a1_0*q2_0**2*q4_0*q7_0*q7_1 + 9261945*a1_0*q2_0**2*q4_0*q8_0 + 10585080*a1_0*q2_0**2*q5_0*q7_0 - 3234330*a1_0*q2_0**2*q9_0*q9_1 + 12545280*a1_0*q2_0*q3_0**2*q7_0*q7_1 + 9408960*a1_0*q2_0*q3_0**2*q8_0 + 21954240*a1_0*q2_0*q3_0*q4_0*q7_0 - 8624880*a1_0*q2_0*q3_0*q8_0*q9_1 - 5749920*a1_0*q2_0*q3_0*q8_1*q9_0 - 10062360*a1_0*q2_0*q4_0*q7_0*q9_1 - 5031180*a1_0*q2_0*q4_0*q7_1*q9_0 - 7546770*a1_0*q2_0*q4_0*q8_0*q8_1 - 8624880*a1_0*q2_0*q5_0*q7_0*q8_1 - 6468660*a1_0*q2_0*q5_0*q7_1*q8_0 - 4312440*a1_0*q2_0*q5_0*q9_0 - 7187400*a1_0*q2_0*q6_0*q7_0*q7_1 - 5390550*a1_0*q2_0*q6_0*q8_0 - 5749920*a1_0*q2_0*q7_0**2 + 3717120*a1_0*q3_0**3*q7_0 - 5111040*a1_0*q3_0**2*q7_0*q9_1 - 2555520*a1_0*q3_0**2*q7_1*q9_0 - 3833280*a1_0*q3_0**2*q8_0*q8_1 - 8944320*a1_0*q3_0*q4_0*q7_0*q8_1 - 6708240*a1_0*q3_0*q4_0*q7_1*q8_0 - 4472160*a1_0*q3_0*q4_0*q9_0 - 7666560*a1_0*q3_0*q5_0*q7_0*q7_1 - 5749920*a1_0*q3_0*q5_0*q8_0 - 6388800*a1_0*q3_0*q6_0*q7_0 - 3913140*a1_0*q4_0**2*q7_0*q7_1 - 2934855*a1_0*q4_0**2*q8_0 - 6708240*a1_0*q4_0*q5_0*q7_0 + 3074610*a1_0*q4_0*q9_0*q9_1 + 3953070*a1_0*q5_0*q8_0*q9_1 + 2635380*a1_0*q5_0*q8_1*q9_0 + 4392300*a1_0*q6_0*q7_0*q9_1 + 2196150*a1_0*q6_0*q7_1*q9_0 + 3294225*a1_0*q6_0*q8_0*q8_1 + 3513840*a1_0*q7_0**2*q8_1 + 5270760*a1_0*q7_0*q7_1*q8_0 + 3513840*a1_0*q7_0*q9_0 + 1976535*a1_0*q8_0**2 + 3354120*a2_0*b2*b4**2*q2_0 - 7379064*a2_0*b2*b4**2*q7_1**2 - 7379064*a2_0*b2*b4**2*q8_1 + 5534298*a2_0*b2*b4*q11_1*q2_0*q7_1 - 20292426*a2_0*b2*b4*q11_1*q9_1 - 12074832*a2_0*b2*b4*q2_0*q7_1 - 2236080*a2_0*b2*b4*q3_0 + 4919376*a2_0*b2*b4*q7_1**3 + 22137192*a2_0*b2*b4*q7_1*q8_1 + 7379064*a2_0*b2*b4*q9_1 + 20292426*a2_0*b2*q10_1*q11_1 + 13584186*a2_0*b2*q11_1*q2_0**2 - 5534298*a2_0*b2*q11_1*q2_0*q8_1 - 12913362*a2_0*b2*q11_1*q4_0 + 6037416*a2_0*b2*q2_0*q7_1**2 + 2012472*a2_0*b2*q2_0*q8_1 + 2012472*a2_0*b2*q3_0*q7_1 - 7379064*a2_0*b2*q7_1**2*q8_1 - 7379064*a2_0*b2*q7_1*q9_1 - 3689532*a2_0*b2*q8_1**2 - 7379064*a2_0*b3*q11_1*q2_0*q7_0 - 8198960*a2_0*b3*q11_1*q3_0*q6_0 + 4509428*a2_0*b3*q11_1*q9_0 - 3354120*a2_0*b3*q2_0*q6_0*q7_1 - 1118040*a2_0*b3*q3_0*q6_0 + 3074610*a2_0*b3*q6_0*q7_1*q8_1 + 3074610*a2_0*b3*q6_0*q9_1 + 2254714*a2_0*b4*q10_0*q10_1 + 1509354*a2_0*b4*q10_0*q2_0**2 - 1844766*a2_0*b4*q10_0*q2_0*q8_1 - 1639792*a2_0*b4*q10_0*q3_0*q7_1 - 1434818*a2_0*b4*q10_0*q4_0 + 7546770*a2_0*b4*q10_1*q2_0**2*q6_0 - 5534298*a2_0*b4*q10_1*q2_0*q8_0 - 6559168*a2_0*b4*q10_1*q3_0*q7_0 - 7174090*a2_0*b4*q10_1*q4_0*q6_0 - 7379064*a2_0*b4*q11_0*q2_0*q7_0 - 8198960*a2_0*b4*q11_0*q3_0*q6_0 + 4509428*a2_0*b4*q11_0*q9_0 + 5051970*a2_0*b4*q2_0**4*q6_0 - 6174630*a2_0*b4*q2_0**3*q6_0*q8_1 - 4939704*a2_0*b4*q2_0**3*q7_0*q7_1 - 3704778*a2_0*b4*q2_0**3*q8_0 - 16465680*a2_0*b4*q2_0**2*q3_0*q6_0*q7_1 - 13172544*a2_0*b4*q2_0**2*q3_0*q7_0 - 14407470*a2_0*b4*q2_0**2*q4_0*q6_0 + 6037416*a2_0*b4*q2_0**2*q7_0*q9_1 + 3018708*a2_0*b4*q2_0**2*q7_1*q9_0 + 4528062*a2_0*b4*q2_0**2*q8_0*q8_1 - 14636160*a2_0*b4*q2_0*q3_0**2*q6_0 + 13416480*a2_0*b4*q2_0*q3_0*q6_0*q9_1 + 10733184*a2_0*b4*q2_0*q3_0*q7_0*q8_1 + 8049888*a2_0*b4*q2_0*q3_0*q7_1*q8_0 + 5366592*a2_0*b4*q2_0*q3_0*q9_0 + 11739420*a2_0*b4*q2_0*q4_0*q6_0*q8_1 + 9391536*a2_0*b4*q2_0*q4_0*q7_0*q7_1 + 7043652*a2_0*b4*q2_0*q4_0*q8_0 + 10062360*a2_0*b4*q2_0*q5_0*q6_0*q7_1 + 8049888*a2_0*b4*q2_0*q5_0*q7_0 + 8385300*a2_0*b4*q2_0*q6_0**2 - 3689532*a2_0*b4*q2_0*q9_0*q9_1 + 5962880*a2_0*b4*q3_0**2*q6_0*q8_1 + 4770304*a2_0*b4*q3_0**2*q7_0*q7_1 + 3577728*a2_0*b4*q3_0**2*q8_0 + 10435040*a2_0*b4*q3_0*q4_0*q6_0*q7_1 + 8348032*a2_0*b4*q3_0*q4_0*q7_0 + 8944320*a2_0*b4*q3_0*q5_0*q6_0 - 4919376*a2_0*b4*q3_0*q8_0*q9_1 - 3279584*a2_0*b4*q3_0*q8_1*q9_0 + 4565330*a2_0*b4*q4_0**2*q6_0 - 5739272*a2_0*b4*q4_0*q7_0*q9_1 - 2869636*a2_0*b4*q4_0*q7_1*q9_0 - 4304454*a2_0*b4*q4_0*q8_0*q8_1 - 6149220*a2_0*b4*q5_0*q6_0*q9_1 - 4919376*a2_0*b4*q5_0*q7_0*q8_1 - 3689532*a2_0*b4*q5_0*q7_1*q8_0 - 2459688*a2_0*b4*q5_0*q9_0 - 5124350*a2_0*b4*q6_0**2*q8_1 - 8198960*a2_0*b4*q6_0*q7_0*q7_1 - 6149220*a2_0*b4*q6_0*q8_0 - 3279584*a2_0*b4*q7_0**2 - 2254714*a2_0*q10_0*q11_0 - 1509354*a2_0*q10_0*q2_0**2*q7_1 - 2683296*a2_0*q10_0*q2_0*q3_0 + 1844766*a2_0*q10_0*q2_0*q9_1 + 1639792*a2_0*q10_0*q3_0*q8_1 + 1434818*a2_0*q10_0*q4_0*q7_1 + 1229844*a2_0*q10_0*q5_0 - 6037416*a2_0*q10_1*q2_0**2*q7_0 + 3689532*a2_0*q10_1*q2_0*q9_0 + 4919376*a2_0*q10_1*q3_0*q8_0 + 5739272*a2_0*q10_1*q4_0*q7_0 + 5534298*a2_0*q11_0*q2_0*q8_0 + 6559168*a2_0*q11_0*q3_0*q7_0 - 4041576*a2_0*q2_0**4*q7_0 + 4939704*a2_0*q2_0**3*q7_0*q8_1 + 3704778*a2_0*q2_0**3*q7_1*q8_0 + 2469852*a2_0*q2_0**3*q9_0 + 13172544*a2_0*q2_0**2*q3_0*q7_0*q7_1 + 9879408*a2_0*q2_0**2*q3_0*q8_0 + 11525976*a2_0*q2_0**2*q4_0*q7_0 - 4528062*a2_0*q2_0**2*q8_0*q9_1 - 3018708*a2_0*q2_0**2*q8_1*q9_0 + 11708928*a2_0*q2_0*q3_0**2*q7_0 - 10733184*a2_0*q2_0*q3_0*q7_0*q9_1 - 5366592*a2_0*q2_0*q3_0*q7_1*q9_0 - 8049888*a2_0*q2_0*q3_0*q8_0*q8_1 - 9391536*a2_0*q2_0*q4_0*q7_0*q8_1 - 7043652*a2_0*q2_0*q4_0*q7_1*q8_0 - 4695768*a2_0*q2_0*q4_0*q9_0 - 8049888*a2_0*q2_0*q5_0*q7_0*q7_1 - 6037416*a2_0*q2_0*q5_0*q8_0 - 6708240*a2_0*q2_0*q6_0*q7_0 - 4770304*a2_0*q3_0**2*q7_0*q8_1 - 3577728*a2_0*q3_0**2*q7_1*q8_0 - 2385152*a2_0*q3_0**2*q9_0 - 8348032*a2_0*q3_0*q4_0*q7_0*q7_1 - 6261024*a2_0*q3_0*q4_0*q8_0 - 7155456*a2_0*q3_0*q5_0*q7_0 + 3279584*a2_0*q3_0*q9_0*q9_1 - 3652264*a2_0*q4_0**2*q7_0 + 4304454*a2_0*q4_0*q8_0*q9_1 + 2869636*a2_0*q4_0*q8_1*q9_0 + 4919376*a2_0*q5_0*q7_0*q9_1 + 2459688*a2_0*q5_0*q7_1*q9_0 + 3689532*a2_0*q5_0*q8_0*q8_1 + 4099480*a2_0*q6_0*q7_0*q8_1 + 3074610*a2_0*q6_0*q7_1*q8_0 + 2049740*a2_0*q6_0*q9_0 + 3279584*a2_0*q7_0**2*q7_1 + 4919376*a2_0*q7_0*q8_0 - 5138991*a3_0*b2*b4**2*q7_1 - 12561978*a3_0*b2*b4*q11_1*q8_1 - 1557270*a3_0*b2*b4*q2_0 + 7993986*a3_0*b2*b4*q7_1**2 + 5709990*a3_0*b2*b4*q8_1 - 13703976*a3_0*b2*q11_1*q3_0 + 12561978*a3_0*b2*q11_1*q9_1 + 1401543*a3_0*b2*q2_0*q7_1 - 1712997*a3_0*b2*q7_1**3 - 5709990*a3_0*b2*q7_1*q8_1 - 570999*a3_0*b2*q9_1 - 8564985*a3_0*b3*q11_1*q2_0*q6_0 + 6280989*a3_0*b3*q11_1*q8_0 - 778635*a3_0*b3*q2_0*q6_0 + 951665*a3_0*b3*q6_0*q7_1**2 + 1903330*a3_0*b3*q6_0*q8_1 - 1712997*a3_0*b4*q10_0*q2_0*q7_1 - 1522664*a3_0*b4*q10_0*q3_0 + 2093663*a3_0*b4*q10_0*q9_1 - 6851988*a3_0*b4*q10_1*q2_0*q7_0 - 7613320*a3_0*b4*q10_1*q3_0*q6_0 + 4187326*a3_0*b4*q10_1*q9_0 - 8564985*a3_0*b4*q11_0*q2_0*q6_0 + 6280989*a3_0*b4*q11_0*q8_0 - 5733585*a3_0*b4*q2_0**3*q6_0*q7_1 - 4586868*a3_0*b4*q2_0**3*q7_0 - 15289560*a3_0*b4*q2_0**2*q3_0*q6_0 + 7007715*a3_0*b4*q2_0**2*q6_0*q9_1 + 5606172*a3_0*b4*q2_0**2*q7_0*q8_1 + 4204629*a3_0*b4*q2_0**2*q7_1*q8_0 + 2803086*a3_0*b4*q2_0**2*q9_0 + 12458160*a3_0*b4*q2_0*q3_0*q6_0*q8_1 + 9966528*a3_0*b4*q2_0*q3_0*q7_0*q7_1 + 7474896*a3_0*b4*q2_0*q3_0*q8_0 + 10900890*a3_0*b4*q2_0*q4_0*q6_0*q7_1 + 8720712*a3_0*b4*q2_0*q4_0*q7_0 + 9343620*a3_0*b4*q2_0*q5_0*q6_0 - 5138991*a3_0*b4*q2_0*q8_0*q9_1 - 3425994*a3_0*b4*q2_0*q8_1*q9_0 + 5536960*a3_0*b4*q3_0**2*q6_0*q7_1 + 4429568*a3_0*b4*q3_0**2*q7_0 + 9689680*a3_0*b4*q3_0*q4_0*q6_0 - 6090656*a3_0*b4*q3_0*q7_0*q9_1 - 3045328*a3_0*b4*q3_0*q7_1*q9_0 - 4567992*a3_0*b4*q3_0*q8_0*q8_1 - 6661655*a3_0*b4*q4_0*q6_0*q9_1 - 5329324*a3_0*b4*q4_0*q7_0*q8_1 - 3996993*a3_0*b4*q4_0*q7_1*q8_0 - 2664662*a3_0*b4*q4_0*q9_0 - 5709990*a3_0*b4*q5_0*q6_0*q8_1 - 4567992*a3_0*b4*q5_0*q7_0*q7_1 - 3425994*a3_0*b4*q5_0*q8_0 - 4758325*a3_0*b4*q6_0**2*q7_1 - 7613320*a3_0*b4*q6_0*q7_0 - 2093663*a3_0*q10_0*q10_1 - 1401543*a3_0*q10_0*q2_0**2 + 1712997*a3_0*q10_0*q2_0*q8_1 + 1522664*a3_0*q10_0*q3_0*q7_1 + 1332331*a3_0*q10_0*q4_0 + 5138991*a3_0*q10_1*q2_0*q8_0 + 6090656*a3_0*q10_1*q3_0*q7_0 + 6851988*a3_0*q11_0*q2_0*q7_0 - 4187326*a3_0*q11_0*q9_0 + 4586868*a3_0*q2_0**3*q7_0*q7_1 + 3440151*a3_0*q2_0**3*q8_0 + 12231648*a3_0*q2_0**2*q3_0*q7_0 - 5606172*a3_0*q2_0**2*q7_0*q9_1 - 2803086*a3_0*q2_0**2*q7_1*q9_0 - 4204629*a3_0*q2_0**2*q8_0*q8_1 - 9966528*a3_0*q2_0*q3_0*q7_0*q8_1 - 7474896*a3_0*q2_0*q3_0*q7_1*q8_0 - 4983264*a3_0*q2_0*q3_0*q9_0 - 8720712*a3_0*q2_0*q4_0*q7_0*q7_1 - 6540534*a3_0*q2_0*q4_0*q8_0 - 7474896*a3_0*q2_0*q5_0*q7_0 + 3425994*a3_0*q2_0*q9_0*q9_1 - 4429568*a3_0*q3_0**2*q7_0*q7_1 - 3322176*a3_0*q3_0**2*q8_0 - 7751744*a3_0*q3_0*q4_0*q7_0 + 4567992*a3_0*q3_0*q8_0*q9_1 + 3045328*a3_0*q3_0*q8_1*q9_0 + 5329324*a3_0*q4_0*q7_0*q9_1 + 2664662*a3_0*q4_0*q7_1*q9_0 + 3996993*a3_0*q4_0*q8_0*q8_1 + 4567992*a3_0*q5_0*q7_0*q8_1 + 3425994*a3_0*q5_0*q7_1*q8_0 + 2283996*a3_0*q5_0*q9_0 + 3806660*a3_0*q6_0*q7_0*q7_1 + 2854995*a3_0*q6_0*q8_0 + 3045328*a3_0*q7_0**2 - 878460*a4_0*b2*b4**2 - 5797836*a4_0*b2*b4*q11_1*q7_1 + 3162456*a4_0*b2*b4*q7_1 - 14231052*a4_0*b2*q11_1*q2_0 + 5797836*a4_0*b2*q11_1*q8_1 - 1581228*a4_0*b2*q7_1**2 - 527076*a4_0*b2*q8_1 + 7730448*a4_0*b3*q11_1*q7_0 + 878460*a4_0*b3*q6_0*q7_1 - 1581228*a4_0*b4*q10_0*q2_0 + 1932612*a4_0*b4*q10_0*q8_1 - 7906140*a4_0*b4*q10_1*q2_0*q6_0 + 5797836*a4_0*b4*q10_1*q8_0 + 7730448*a4_0*b4*q11_0*q7_0 - 5292540*a4_0*b4*q2_0**3*q6_0 + 6468660*a4_0*b4*q2_0**2*q6_0*q8_1 + 5174928*a4_0*b4*q2_0**2*q7_0*q7_1 + 3881196*a4_0*b4*q2_0**2*q8_0 + 11499840*a4_0*b4*q2_0*q3_0*q6_0*q7_1 + 9199872*a4_0*b4*q2_0*q3_0*q7_0 + 10062360*a4_0*b4*q2_0*q4_0*q6_0 - 6324912*a4_0*b4*q2_0*q7_0*q9_1 - 3162456*a4_0*b4*q2_0*q7_1*q9_0 - 4743684*a4_0*b4*q2_0*q8_0*q8_1 + 5111040*a4_0*b4*q3_0**2*q6_0 - 7027680*a4_0*b4*q3_0*q6_0*q9_1 - 5622144*a4_0*b4*q3_0*q7_0*q8_1 - 4216608*a4_0*b4*q3_0*q7_1*q8_0 - 2811072*a4_0*b4*q3_0*q9_0 - 6149220*a4_0*b4*q4_0*q6_0*q8_1 - 4919376*a4_0*b4*q4_0*q7_0*q7_1 - 3689532*a4_0*b4*q4_0*q8_0 - 5270760*a4_0*b4*q5_0*q6_0*q7_1 - 4216608*a4_0*b4*q5_0*q7_0 - 4392300*a4_0*b4*q6_0**2 + 3865224*a4_0*b4*q9_0*q9_1 + 1581228*a4_0*q10_0*q2_0*q7_1 + 1405536*a4_0*q10_0*q3_0 - 1932612*a4_0*q10_0*q9_1 + 6324912*a4_0*q10_1*q2_0*q7_0 - 3865224*a4_0*q10_1*q9_0 - 5797836*a4_0*q11_0*q8_0 + 4234032*a4_0*q2_0**3*q7_0 - 5174928*a4_0*q2_0**2*q7_0*q8_1 - 3881196*a4_0*q2_0**2*q7_1*q8_0 - 2587464*a4_0*q2_0**2*q9_0 - 9199872*a4_0*q2_0*q3_0*q7_0*q7_1 - 6899904*a4_0*q2_0*q3_0*q8_0 - 8049888*a4_0*q2_0*q4_0*q7_0 + 4743684*a4_0*q2_0*q8_0*q9_1 + 3162456*a4_0*q2_0*q8_1*q9_0 - 4088832*a4_0*q3_0**2*q7_0 + 5622144*a4_0*q3_0*q7_0*q9_1 + 2811072*a4_0*q3_0*q7_1*q9_0 + 4216608*a4_0*q3_0*q8_0*q8_1 + 4919376*a4_0*q4_0*q7_0*q8_1 + 3689532*a4_0*q4_0*q7_1*q8_0 + 2459688*a4_0*q4_0*q9_0 + 4216608*a4_0*q5_0*q7_0*q7_1 + 3162456*a4_0*q5_0*q8_0 + 3513840*a4_0*q6_0*q7_0 + 14494590*a6_0*b2*q11_1 + 1610510*a6_0*b4*q10_0 + 8052550*a6_0*b4*q10_1*q6_0 + 5390550*a6_0*b4*q2_0**2*q6_0 - 6588450*a6_0*b4*q2_0*q6_0*q8_1 - 5270760*a6_0*b4*q2_0*q7_0*q7_1 - 3953070*a6_0*b4*q2_0*q8_0 - 5856400*a6_0*b4*q3_0*q6_0*q7_1 - 4685120*a6_0*b4*q3_0*q7_0 - 5124350*a6_0*b4*q4_0*q6_0 + 6442040*a6_0*b4*q7_0*q9_1 + 3221020*a6_0*b4*q7_1*q9_0 + 4831530*a6_0*b4*q8_0*q8_1 - 1610510*a6_0*q10_0*q7_1 - 6442040*a6_0*q10_1*q7_0 - 4312440*a6_0*q2_0**2*q7_0 + 5270760*a6_0*q2_0*q7_0*q8_1 + 3953070*a6_0*q2_0*q7_1*q8_0 + 2635380*a6_0*q2_0*q9_0 + 4685120*a6_0*q3_0*q7_0*q7_1 + 3513840*a6_0*q3_0*q8_0 + 4099480*a6_0*q4_0*q7_0 - 4831530*a6_0*q8_0*q9_1 - 3221020*a6_0*q8_1*q9_0 - 5929605*a7_0*b4*q2_0*q6_0*q7_1 - 4743684*a7_0*b4*q2_0*q7_0 - 5270760*a7_0*b4*q3_0*q6_0 + 7247295*a7_0*b4*q6_0*q9_1 + 5797836*a7_0*b4*q7_0*q8_1 + 4348377*a7_0*b4*q7_1*q8_0 + 2898918*a7_0*b4*q9_0 - 1449459*a7_0*q10_0 + 4743684*a7_0*q2_0*q7_0*q7_1 + 3557763*a7_0*q2_0*q8_0 + 4216608*a7_0*q3_0*q7_0 - 5797836*a7_0*q7_0*q9_1 - 2898918*a7_0*q7_1*q9_0 - 4348377*a7_0*q8_0*q8_1 - 5270760*a8_0*b4*q2_0*q6_0 + 6442040*a8_0*b4*q6_0*q8_1 + 5153632*a8_0*b4*q7_0*q7_1 + 3865224*a8_0*b4*q8_0 + 4216608*a8_0*q2_0*q7_0 - 5153632*a8_0*q7_0*q8_1 - 3865224*a8_0*q7_1*q8_0 - 2576816*a8_0*q9_0 + 5636785*a9_0*b4*q6_0*q7_1 + 4509428*a9_0*b4*q7_0 - 4509428*a9_0*q7_0*q7_1 - 3382071*a9_0*q8_0 - 7027680*b1*b4*q11_1 + 212960*b1*b4 - 7027680*b1*q11_1*q7_1 + 1490720*b1*q7_1 - 10541520*b2*b3*q11_1 + 1437480*b2*b3 - 10541520*b2*b4**2*q10_1 - 7056720*b2*b4**2*q2_0**2 + 18399744*b2*b4**2*q2_0*q7_1**2 + 18399744*b2*b4**2*q2_0*q8_1 + 16099776*b2*b4**2*q3_0*q7_1 + 4472160*b2*b4**2*q4_0 - 10541520*b2*b4**2*q7_1**2*q8_1 - 21083040*b2*b4**2*q7_1*q9_1 - 10541520*b2*b4**2*q8_1**2 + 28110720*b2*b4*q10_1*q7_1 - 38652240*b2*b4*q11_0*q11_1 + 7027680*b2*b4*q11_0 - 5174928*b2*b4*q11_1*q2_0**2*q7_1 + 18974736*b2*b4*q11_1*q2_0*q9_1 + 11244288*b2*b4*q11_1*q3_0*q8_1 + 4919376*b2*b4*q11_1*q4_0*q7_1 + 25404192*b2*b4*q2_0**2*q7_1 + 10454400*b2*b4*q2_0*q3_0 - 12266496*b2*b4*q2_0*q7_1**3 - 55199232*b2*b4*q2_0*q7_1*q8_1 - 18399744*b2*b4*q2_0*q9_1 - 25044096*b2*b4*q3_0*q7_1**2 - 17888640*b2*b4*q3_0*q8_1 - 16099776*b2*b4*q4_0*q7_1 - 3194400*b2*b4*q5_0 + 21083040*b2*b4*q7_1**2*q9_1 + 21083040*b2*b4*q7_1*q8_1**2 + 28110720*b2*b4*q8_1*q9_1 - 18974736*b2*q10_1*q11_1*q2_0 - 10541520*b2*q10_1*q7_1**2 - 7027680*b2*q10_1*q8_1 - 7027680*b2*q11_0*q7_1 - 12702096*b2*q11_1*q2_0**3 + 5174928*b2*q11_1*q2_0**2*q8_1 + 24149664*b2*q11_1*q2_0*q4_0 + 12266496*b2*q11_1*q3_0**2 - 11244288*b2*q11_1*q3_0*q9_1 - 4919376*b2*q11_1*q4_0*q8_1 - 22254320*b2*q11_1*q6_0 - 12702096*b2*q2_0**2*q7_1**2 - 4234032*b2*q2_0**2*q8_1 - 9408960*b2*q2_0*q3_0*q7_1 + 18399744*b2*q2_0*q7_1**2*q8_1 + 18399744*b2*q2_0*q7_1*q9_1 + 9199872*b2*q2_0*q8_1**2 + 5366592*b2*q3_0*q7_1**3 + 17888640*b2*q3_0*q7_1*q8_1 + 1788864*b2*q3_0*q9_1 + 8049888*b2*q4_0*q7_1**2 + 2683296*b2*q4_0*q8_1 + 2874960*b2*q5_0*q7_1 + 1064800*b2*q6_0 - 21083040*b2*q7_1*q8_1*q9_1 - 3513840*b2*q8_1**3 - 3513840*b2*q9_1**2 + 5856400*b3*q10_1*q6_0*q7_1 + 5856400*b3*q11_0*q6_0 + 6899904*b3*q11_1*q2_0**2*q7_0 + 15333120*b3*q11_1*q2_0*q3_0*q6_0 - 4216608*b3*q11_1*q2_0*q9_0 - 5622144*b3*q11_1*q3_0*q8_0 - 6559168*b3*q11_1*q4_0*q7_0 - 7027680*b3*q11_1*q5_0*q6_0 + 7056720*b3*q2_0**2*q6_0*q7_1 + 5227200*b3*q2_0*q3_0*q6_0 - 7666560*b3*q2_0*q6_0*q7_1*q8_1 - 7666560*b3*q2_0*q6_0*q9_1 - 2981440*b3*q3_0*q6_0*q7_1**2 - 5962880*b3*q3_0*q6_0*q8_1 - 4472160*b3*q4_0*q6_0*q7_1 - 1597200*b3*q5_0*q6_0 + 5856400*b3*q6_0*q8_1*q9_1 - 2108304*b4*q10_0*q10_1*q2_0 - 1411344*b4*q10_0*q2_0**3 + 1724976*b4*q10_0*q2_0**2*q8_1 + 3066624*b4*q10_0*q2_0*q3_0*q7_1 + 2683296*b4*q10_0*q2_0*q4_0 + 1362944*b4*q10_0*q3_0**2 - 1874048*b4*q10_0*q3_0*q9_1 - 1639792*b4*q10_0*q4_0*q8_1 - 1405536*b4*q10_0*q5_0*q7_1 - 2342560*b4*q10_0*q6_0 - 7056720*b4*q10_1*q2_0**3*q6_0 + 5174928*b4*q10_1*q2_0**2*q8_0 + 12266496*b4*q10_1*q2_0*q3_0*q7_0 + 13416480*b4*q10_1*q2_0*q4_0*q6_0 + 6814720*b4*q10_1*q3_0**2*q6_0 - 3748096*b4*q10_1*q3_0*q9_0 - 4919376*b4*q10_1*q4_0*q8_0 - 5622144*b4*q10_1*q5_0*q7_0 - 5856400*b4*q10_1*q6_0**2 + 6899904*b4*q11_0*q2_0**2*q7_0 + 15333120*b4*q11_0*q2_0*q3_0*q6_0 - 4216608*b4*q11_0*q2_0*q9_0 - 5622144*b4*q11_0*q3_0*q8_0 - 6559168*b4*q11_0*q4_0*q7_0 - 7027680*b4*q11_0*q5_0*q6_0 - 4723920*b4*q2_0**5*q6_0 + 5773680*b4*q2_0**4*q6_0*q8_1 + 4618944*b4*q2_0**4*q7_0*q7_1 + 3464208*b4*q2_0**4*q8_0 + 20528640*b4*q2_0**3*q3_0*q6_0*q7_1 + 16422912*b4*q2_0**3*q3_0*q7_0 + 17962560*b4*q2_0**3*q4_0*q6_0 - 5645376*b4*q2_0**3*q7_0*q9_1 - 2822688*b4*q2_0**3*q7_1*q9_0 - 4234032*b4*q2_0**3*q8_0*q8_1 + 27371520*b4*q2_0**2*q3_0**2*q6_0 - 18817920*b4*q2_0**2*q3_0*q6_0*q9_1 - 15054336*b4*q2_0**2*q3_0*q7_0*q8_1 - 11290752*b4*q2_0**2*q3_0*q7_1*q8_0 - 7527168*b4*q2_0**2*q3_0*q9_0 - 16465680*b4*q2_0**2*q4_0*q6_0*q8_1 - 13172544*b4*q2_0**2*q4_0*q7_0*q7_1 - 9879408*b4*q2_0**2*q4_0*q8_0 - 14113440*b4*q2_0**2*q5_0*q6_0*q7_1 - 11290752*b4*q2_0**2*q5_0*q7_0 - 11761200*b4*q2_0**2*q6_0**2 + 3449952*b4*q2_0**2*q9_0*q9_1 - 16727040*b4*q2_0*q3_0**2*q6_0*q8_1 - 13381632*b4*q2_0*q3_0**2*q7_0*q7_1 - 10036224*b4*q2_0*q3_0**2*q8_0 - 29272320*b4*q2_0*q3_0*q4_0*q6_0*q7_1 - 23417856*b4*q2_0*q3_0*q4_0*q7_0 - 25090560*b4*q2_0*q3_0*q5_0*q6_0 + 9199872*b4*q2_0*q3_0*q8_0*q9_1 + 6133248*b4*q2_0*q3_0*q8_1*q9_0 - 12806640*b4*q2_0*q4_0**2*q6_0 + 10733184*b4*q2_0*q4_0*q7_0*q9_1 + 5366592*b4*q2_0*q4_0*q7_1*q9_0 + 8049888*b4*q2_0*q4_0*q8_0*q8_1 + 11499840*b4*q2_0*q5_0*q6_0*q9_1 + 9199872*b4*q2_0*q5_0*q7_0*q8_1 + 6899904*b4*q2_0*q5_0*q7_1*q8_0 + 4599936*b4*q2_0*q5_0*q9_0 + 9583200*b4*q2_0*q6_0**2*q8_1 + 15333120*b4*q2_0*q6_0*q7_0*q7_1 + 11499840*b4*q2_0*q6_0*q8_0 + 6133248*b4*q2_0*q7_0**2 - 4956160*b4*q3_0**3*q6_0*q7_1 - 3964928*b4*q3_0**3*q7_0 - 13009920*b4*q3_0**2*q4_0*q6_0 + 5451776*b4*q3_0**2*q7_0*q9_1 + 2725888*b4*q3_0**2*q7_1*q9_0 + 4088832*b4*q3_0**2*q8_0*q8_1 + 11925760*b4*q3_0*q4_0*q6_0*q9_1 + 9540608*b4*q3_0*q4_0*q7_0*q8_1 + 7155456*b4*q3_0*q4_0*q7_1*q8_0 + 4770304*b4*q3_0*q4_0*q9_0 + 10222080*b4*q3_0*q5_0*q6_0*q8_1 + 8177664*b4*q3_0*q5_0*q7_0*q7_1 + 6133248*b4*q3_0*q5_0*q8_0 + 8518400*b4*q3_0*q6_0**2*q7_1 + 13629440*b4*q3_0*q6_0*q7_0 + 5217520*b4*q4_0**2*q6_0*q8_1 + 4174016*b4*q4_0**2*q7_0*q7_1 + 3130512*b4*q4_0**2*q8_0 + 8944320*b4*q4_0*q5_0*q6_0*q7_1 + 7155456*b4*q4_0*q5_0*q7_0 + 7453600*b4*q4_0*q6_0**2 - 3279584*b4*q4_0*q9_0*q9_1 + 3833280*b4*q5_0**2*q6_0 - 4216608*b4*q5_0*q8_0*q9_1 - 2811072*b4*q5_0*q8_1*q9_0 - 9370240*b4*q6_0*q7_0*q9_1 - 4685120*b4*q6_0*q7_1*q9_0 - 7027680*b4*q6_0*q8_0*q8_1 - 3748096*b4*q7_0**2*q8_1 - 5622144*b4*q7_0*q7_1*q8_0 - 3748096*b4*q7_0*q9_0 - 2108304*b4*q8_0**2 + 1874048*q10_0*q10_1*q3_0 + 2108304*q10_0*q11_0*q2_0 + 1411344*q10_0*q2_0**3*q7_1 + 3763584*q10_0*q2_0**2*q3_0 - 1724976*q10_0*q2_0**2*q9_1 - 3066624*q10_0*q2_0*q3_0*q8_1 - 2683296*q10_0*q2_0*q4_0*q7_1 - 2299968*q10_0*q2_0*q5_0 - 1362944*q10_0*q3_0**2*q7_1 - 2385152*q10_0*q3_0*q4_0 + 1639792*q10_0*q4_0*q9_1 + 1405536*q10_0*q5_0*q8_1 + 1171280*q10_0*q6_0*q7_1 + 1874048*q10_0*q7_0 + 5645376*q10_1*q2_0**3*q7_0 - 3449952*q10_1*q2_0**2*q9_0 - 9199872*q10_1*q2_0*q3_0*q8_0 - 10733184*q10_1*q2_0*q4_0*q7_0 - 5451776*q10_1*q3_0**2*q7_0 + 3279584*q10_1*q4_0*q9_0 + 4216608*q10_1*q5_0*q8_0 + 4685120*q10_1*q6_0*q7_0 - 5174928*q11_0*q2_0**2*q8_0 - 12266496*q11_0*q2_0*q3_0*q7_0 + 3748096*q11_0*q3_0*q9_0 + 4919376*q11_0*q4_0*q8_0 + 5622144*q11_0*q5_0*q7_0 + 3779136*q2_0**5*q7_0 - 4618944*q2_0**4*q7_0*q8_1 - 3464208*q2_0**4*q7_1*q8_0 - 2309472*q2_0**4*q9_0 - 16422912*q2_0**3*q3_0*q7_0*q7_1 - 12317184*q2_0**3*q3_0*q8_0 - 14370048*q2_0**3*q4_0*q7_0 + 4234032*q2_0**3*q8_0*q9_1 + 2822688*q2_0**3*q8_1*q9_0 - 21897216*q2_0**2*q3_0**2*q7_0 + 15054336*q2_0**2*q3_0*q7_0*q9_1 + 7527168*q2_0**2*q3_0*q7_1*q9_0 + 11290752*q2_0**2*q3_0*q8_0*q8_1 + 13172544*q2_0**2*q4_0*q7_0*q8_1 + 9879408*q2_0**2*q4_0*q7_1*q8_0 + 6586272*q2_0**2*q4_0*q9_0 + 11290752*q2_0**2*q5_0*q7_0*q7_1 + 8468064*q2_0**2*q5_0*q8_0 + 9408960*q2_0**2*q6_0*q7_0 + 13381632*q2_0*q3_0**2*q7_0*q8_1 + 10036224*q2_0*q3_0**2*q7_1*q8_0 + 6690816*q2_0*q3_0**2*q9_0 + 23417856*q2_0*q3_0*q4_0*q7_0*q7_1 + 17563392*q2_0*q3_0*q4_0*q8_0 + 20072448*q2_0*q3_0*q5_0*q7_0 - 6133248*q2_0*q3_0*q9_0*q9_1 + 10245312*q2_0*q4_0**2*q7_0 - 8049888*q2_0*q4_0*q8_0*q9_1 - 5366592*q2_0*q4_0*q8_1*q9_0 - 9199872*q2_0*q5_0*q7_0*q9_1 - 4599936*q2_0*q5_0*q7_1*q9_0 - 6899904*q2_0*q5_0*q8_0*q8_1 - 7666560*q2_0*q6_0*q7_0*q8_1 - 5749920*q2_0*q6_0*q7_1*q8_0 - 3833280*q2_0*q6_0*q9_0 - 6133248*q2_0*q7_0**2*q7_1 - 9199872*q2_0*q7_0*q8_0 + 3964928*q3_0**3*q7_0*q7_1 + 2973696*q3_0**3*q8_0 + 10407936*q3_0**2*q4_0*q7_0 - 4088832*q3_0**2*q8_0*q9_1 - 2725888*q3_0**2*q8_1*q9_0 - 9540608*q3_0*q4_0*q7_0*q9_1 - 4770304*q3_0*q4_0*q7_1*q9_0 - 7155456*q3_0*q4_0*q8_0*q8_1 - 8177664*q3_0*q5_0*q7_0*q8_1 - 6133248*q3_0*q5_0*q7_1*q8_0 - 4088832*q3_0*q5_0*q9_0 - 6814720*q3_0*q6_0*q7_0*q7_1 - 5111040*q3_0*q6_0*q8_0 - 5451776*q3_0*q7_0**2 - 4174016*q4_0**2*q7_0*q8_1 - 3130512*q4_0**2*q7_1*q8_0 - 2087008*q4_0**2*q9_0 - 7155456*q4_0*q5_0*q7_0*q7_1 - 5366592*q4_0*q5_0*q8_0 - 5962880*q4_0*q6_0*q7_0 - 3066624*q5_0**2*q7_0 + 2811072*q5_0*q9_0*q9_1 + 3513840*q6_0*q8_0*q9_1 + 2342560*q6_0*q8_1*q9_0 + 3748096*q7_0**2*q9_1 + 3748096*q7_0*q7_1*q9_0 + 5622144*q7_0*q8_0*q8_1 + 2108304*q7_1*q8_0**2 + 2811072*q8_0*q9_0
30	4	[0,0]	8	814	-4831530*a10_0*b4**2 + 7730448*a10_0*b4*q7_1 - 2898918*a10_0*q8_1 - 17715610*a11_0*b4*q11_1 + 14172488*a12_0*q11_1 + 14055360*a1_0*b2*q11_1 - 1357620*a1_0*b2 + 14554485*a1_0*b3*b4**2*q2_0*q7_1 + 3993000*a1_0*b3*b4**2*q3_0 - 3074610*a1_0*b3*b4**2*q7_1**3 - 18447660*a1_0*b3*b4**2*q7_1*q8_1 - 9223830*a1_0*b3*b4**2*q9_1 - 9663060*a1_0*b3*b4*q10_1*q11_1 + 3513840*a1_0*b3*b4*q10_1 + 3953070*a1_0*b3*b4*q11_1*q2_0*q8_1 + 1756920*a1_0*b3*b4*q11_1*q3_0*q7_1 + 2205225*a1_0*b3*b4*q2_0**2 - 19945035*a1_0*b3*b4*q2_0*q7_1**2 - 10781100*a1_0*b3*b4*q2_0*q8_1 - 10381800*a1_0*b3*b4*q3_0*q7_1 - 1397550*a1_0*b3*b4*q4_0 + 18447660*a1_0*b3*b4*q7_1**2*q8_1 + 21961500*a1_0*b3*b4*q7_1*q9_1 + 10980750*a1_0*b3*b4*q8_1**2 - 3513840*a1_0*b3*q10_1*q7_1 + 9663060*a1_0*b3*q11_0*q11_1 + 1317690*a1_0*b3*q11_0 + 11499840*a1_0*b3*q11_1*q2_0*q3_0 - 3953070*a1_0*b3*q11_1*q2_0*q9_1 - 1756920*a1_0*b3*q11_1*q3_0*q8_1 - 5270760*a1_0*b3*q11_1*q5_0 - 1764180*a1_0*b3*q2_0**2*q7_1 + 2156220*a1_0*b3*q2_0*q7_1**3 + 10781100*a1_0*b3*q2_0*q7_1*q8_1 + 1617165*a1_0*b3*q2_0*q9_1 + 3194400*a1_0*b3*q3_0*q7_1**2 + 2395800*a1_0*b3*q3_0*q8_1 + 1118040*a1_0*b3*q4_0*q7_1 - 4831530*a1_0*b3*q7_1**2*q9_1 - 7027680*a1_0*b3*q7_1*q8_1**2 - 7906140*a1_0*b3*q8_1*q9_1 + 19326120*a1_0*b4**2*q10_1*q11_0 - 5749920*a1_0*b4**2*q10_1*q2_0*q3_0 - 7906140*a1_0*b4**2*q10_1*q2_0*q9_1 - 3513840*a1_0*b4**2*q10_1*q3_0*q8_1 + 2635380*a1_0*b4**2*q10_1*q5_0 - 7906140*a1_0*b4**2*q11_0*q2_0*q8_1 - 3513840*a1_0*b4**2*q11_0*q3_0*q7_1 - 8660520*a1_0*b4**2*q2_0**4*q7_1 - 19245600*a1_0*b4**2*q2_0**3*q3_0 + 5292540*a1_0*b4**2*q2_0**3*q7_1*q8_1 + 5292540*a1_0*b4**2*q2_0**3*q9_1 + 10585080*a1_0*b4**2*q2_0**2*q3_0*q7_1**2 + 21170160*a1_0*b4**2*q2_0**2*q3_0*q8_1 + 24698520*a1_0*b4**2*q2_0**2*q4_0*q7_1 + 13231350*a1_0*b4**2*q2_0**2*q5_0 + 25090560*a1_0*b4**2*q2_0*q3_0**2*q7_1 + 27442800*a1_0*b4**2*q2_0*q3_0*q4_0 - 5749920*a1_0*b4**2*q2_0*q3_0*q7_1*q9_1 - 2874960*a1_0*b4**2*q2_0*q3_0*q8_1**2 - 10062360*a1_0*b4**2*q2_0*q4_0*q7_1*q8_1 - 10062360*a1_0*b4**2*q2_0*q4_0*q9_1 - 6468660*a1_0*b4**2*q2_0*q5_0*q7_1**2 - 12937320*a1_0*b4**2*q2_0*q5_0*q8_1 - 3593700*a1_0*b4**2*q2_0*q6_0*q7_1 - 2874960*a1_0*b4**2*q2_0*q7_0 + 4646400*a1_0*b4**2*q3_0**3 - 5111040*a1_0*b4**2*q3_0**2*q7_1*q8_1 - 5111040*a1_0*b4**2*q3_0**2*q9_1 - 6708240*a1_0*b4**2*q3_0*q4_0*q7_1**2 - 13416480*a1_0*b4**2*q3_0*q4_0*q8_1 - 15333120*a1_0*b4**2*q3_0*q5_0*q7_1 - 3993000*a1_0*b4**2*q3_0*q6_0 - 1756920*a1_0*b4**2*q3_0*q9_1**2 - 7826280*a1_0*b4**2*q4_0**2*q7_1 - 8385300*a1_0*b4**2*q4_0*q5_0 + 2635380*a1_0*b4**2*q5_0*q7_1*q9_1 + 1317690*a1_0*b4**2*q5_0*q8_1**2 - 4392300*a1_0*b4**2*q6_0*q7_1*q8_1 - 4392300*a1_0*b4**2*q6_0*q9_1 - 878460*a1_0*b4**2*q7_0*q7_1**2 - 1756920*a1_0*b4**2*q7_0*q8_1 + 439230*a1_0*b4**2*q9_0 + 4831530*a1_0*b4*q10_0*q11_1 + 1756920*a1_0*b4*q10_0 + 7906140*a1_0*b4*q10_1**2*q2_0 + 5292540*a1_0*b4*q10_1*q2_0**3 + 11499840*a1_0*b4*q10_1*q2_0*q3_0*q7_1 - 10062360*a1_0*b4*q10_1*q2_0*q4_0 - 5111040*a1_0*b4*q10_1*q3_0**2 + 7027680*a1_0*b4*q10_1*q3_0*q9_1 - 5270760*a1_0*b4*q10_1*q5_0*q7_1 + 13176900*a1_0*b4*q10_1*q6_0 - 19326120*a1_0*b4*q11_0**2 - 22999680*a1_0*b4*q11_0*q2_0*q3_0 + 15812280*a1_0*b4*q11_0*q2_0*q9_1 + 7027680*a1_0*b4*q11_0*q3_0*q8_1 + 10541520*a1_0*b4*q11_0*q5_0 + 16171650*a1_0*b4*q11_1*q2_0**2*q6_0 - 11859210*a1_0*b4*q11_1*q2_0*q8_0 - 14055360*a1_0*b4*q11_1*q3_0*q7_0 - 15373050*a1_0*b4*q11_1*q4_0*q6_0 + 8660520*a1_0*b4*q2_0**4*q7_1**2 + 4330260*a1_0*b4*q2_0**4*q8_1 + 30792960*a1_0*b4*q2_0**3*q3_0*q7_1 - 10585080*a1_0*b4*q2_0**3*q7_1*q9_1 - 5292540*a1_0*b4*q2_0**3*q8_1**2 - 42340320*a1_0*b4*q2_0**2*q3_0*q7_1*q8_1 - 24698520*a1_0*b4*q2_0**2*q4_0*q7_1**2 - 12349260*a1_0*b4*q2_0**2*q4_0*q8_1 - 21170160*a1_0*b4*q2_0**2*q5_0*q7_1 + 4410450*a1_0*b4*q2_0**2*q6_0 - 25090560*a1_0*b4*q2_0*q3_0**2*q7_1**2 - 12545280*a1_0*b4*q2_0*q3_0**2*q8_1 - 43908480*a1_0*b4*q2_0*q3_0*q4_0*q7_1 + 11499840*a1_0*b4*q2_0*q3_0*q8_1*q9_1 + 20124720*a1_0*b4*q2_0*q4_0*q7_1*q9_1 + 10062360*a1_0*b4*q2_0*q4_0*q8_1**2 + 25874640*a1_0*b4*q2_0*q5_0*q7_1*q8_1 + 8984250*a1_0*b4*q2_0*q6_0*q7_1**2 - 3593700*a1_0*b4*q2_0*q6_0*q8_1 - 5749920*a1_0*b4*q2_0*q7_0*q7_1 - 6468660*a1_0*b4*q2_0*q8_0 - 7434240*a1_0*b4*q3_0**3*q7_1 + 10222080*a1_0*b4*q3_0**2*q7_1*q9_1 + 5111040*a1_0*b4*q3_0**2*q8_1**2 + 26832960*a1_0*b4*q3_0*q4_0*q7_1*q8_1 + 15333120*a1_0*b4*q3_0*q5_0*q7_1**2 + 7666560*a1_0*b4*q3_0*q5_0*q8_1 + 4791600*a1_0*b4*q3_0*q6_0*q7_1 - 6388800*a1_0*b4*q3_0*q7_0 + 7826280*a1_0*b4*q4_0**2*q7_1**2 + 3913140*a1_0*b4*q4_0**2*q8_1 + 13416480*a1_0*b4*q4_0*q5_0*q7_1 - 2795100*a1_0*b4*q4_0*q6_0 - 5270760*a1_0*b4*q5_0*q8_1*q9_1 + 3513840*a1_0*b4*q7_0*q7_1*q8_1 + 14055360*a1_0*b4*q7_0*q9_1 + 3513840*a1_0*b4*q7_1*q9_0 + 7906140*a1_0*b4*q8_0*q8_1 - 1756920*a1_0*q10_0*q7_1 - 1756920*a1_0*q10_1**2*q3_0 - 7906140*a1_0*q10_1*q11_0*q2_0 - 1323135*a1_0*q10_1*q2_0**3*q7_1 - 3528360*a1_0*q10_1*q2_0**2*q3_0 - 5749920*a1_0*q10_1*q2_0*q3_0*q8_1 + 2515590*a1_0*q10_1*q2_0*q4_0*q7_1 + 2156220*a1_0*q10_1*q2_0*q5_0 + 1277760*a1_0*q10_1*q3_0**2*q7_1 + 2236080*a1_0*q10_1*q3_0*q4_0 + 2635380*a1_0*q10_1*q5_0*q8_1 - 1098075*a1_0*q10_1*q6_0*q7_1 - 7906140*a1_0*q10_1*q7_0 - 3969405*a1_0*q11_0*q2_0**3 + 8624880*a1_0*q11_0*q2_0*q3_0*q7_1 + 7546770*a1_0*q11_0*q2_0*q4_0 + 3833280*a1_0*q11_0*q3_0**2 - 3513840*a1_0*q11_0*q3_0*q9_1 - 3953070*a1_0*q11_0*q5_0*q7_1 - 3294225*a1_0*q11_0*q6_0 - 12937320*a1_0*q11_1*q2_0**2*q7_0 + 7906140*a1_0*q11_1*q2_0*q9_0 + 10541520*a1_0*q11_1*q3_0*q8_0 + 12298440*a1_0*q11_1*q4_0*q7_0 - 3247695*a1_0*q2_0**4*q7_1*q8_1 - 1082565*a1_0*q2_0**4*q9_1 - 11547360*a1_0*q2_0**3*q3_0*q8_1 + 5292540*a1_0*q2_0**3*q8_1*q9_1 + 3528360*a1_0*q2_0**2*q3_0*q7_1*q9_1 + 10585080*a1_0*q2_0**2*q3_0*q8_1**2 + 9261945*a1_0*q2_0**2*q4_0*q7_1*q8_1 + 3087315*a1_0*q2_0**2*q4_0*q9_1 + 7938810*a1_0*q2_0**2*q5_0*q8_1 - 3528360*a1_0*q2_0**2*q7_0 + 9408960*a1_0*q2_0*q3_0**2*q7_1*q8_1 + 3136320*a1_0*q2_0*q3_0**2*q9_1 + 16465680*a1_0*q2_0*q3_0*q4_0*q8_1 - 2874960*a1_0*q2_0*q3_0*q9_1**2 - 10062360*a1_0*q2_0*q4_0*q8_1*q9_1 - 2156220*a1_0*q2_0*q5_0*q7_1*q9_1 - 6468660*a1_0*q2_0*q5_0*q8_1**2 - 5390550*a1_0*q2_0*q6_0*q7_1*q8_1 - 1796850*a1_0*q2_0*q6_0*q9_1 + 4312440*a1_0*q2_0*q7_0*q7_1**2 + 4312440*a1_0*q2_0*q7_0*q8_1 + 6468660*a1_0*q2_0*q7_1*q8_0 + 2156220*a1_0*q2_0*q9_0 + 2787840*a1_0*q3_0**3*q8_1 - 5111040*a1_0*q3_0**2*q8_1*q9_1 - 2236080*a1_0*q3_0*q4_0*q7_1*q9_1 - 6708240*a1_0*q3_0*q4_0*q8_1**2 - 5749920*a1_0*q3_0*q5_0*q7_1*q8_1 - 1916640*a1_0*q3_0*q5_0*q9_1 - 4791600*a1_0*q3_0*q6_0*q8_1 + 6388800*a1_0*q3_0*q7_0*q7_1 + 2395800*a1_0*q3_0*q8_0 - 2934855*a1_0*q4_0**2*q7_1*q8_1 - 978285*a1_0*q4_0**2*q9_1 - 5031180*a1_0*q4_0*q5_0*q8_1 + 2236080*a1_0*q4_0*q7_0 + 1317690*a1_0*q5_0*q9_1**2 + 4392300*a1_0*q6_0*q8_1*q9_1 - 6149220*a1_0*q7_0*q7_1*q9_1 - 878460*a1_0*q7_0*q8_1**2 - 1756920*a1_0*q7_1**2*q9_0 - 3294225*a1_0*q7_1*q8_0*q8_1 - 4611915*a1_0*q8_0*q9_1 - 2196150*a1_0*q8_1*q9_0 + 3354120*a2_0*b3*b4**2*q2_0 - 7379064*a2_0*b3*b4**2*q7_1**2 - 7379064*a2_0*b3*b4**2*q8_1 + 1844766*a2_0*b3*b4*q11_1*q2_0*q7_1 - 6764142*a2_0*b3*b4*q11_1*q9_1 - 8720712*a2_0*b3*b4*q2_0*q7_1 - 1118040*a2_0*b3*b4*q3_0 + 4919376*a2_0*b3*b4*q7_1**3 + 19062582*a2_0*b3*b4*q7_1*q8_1 + 4304454*a2_0*b3*b4*q9_1 + 6764142*a2_0*b3*q10_1*q11_1 + 6037416*a2_0*b3*q11_1*q2_0**2 - 1844766*a2_0*b3*q11_1*q2_0*q8_1 - 5739272*a2_0*b3*q11_1*q4_0 + 2683296*a2_0*b3*q2_0*q7_1**2 + 2012472*a2_0*b3*q2_0*q8_1 + 894432*a2_0*b3*q3_0*q7_1 - 4304454*a2_0*b3*q7_1**2*q8_1 - 4304454*a2_0*b3*q7_1*q9_1 - 3689532*a2_0*b3*q8_1**2 + 6764142*a2_0*b4**2*q10_1**2 - 3018708*a2_0*b4**2*q10_1*q2_0**2 - 3689532*a2_0*b4**2*q10_1*q2_0*q8_1 + 2869636*a2_0*b4**2*q10_1*q4_0 - 3689532*a2_0*b4**2*q11_0*q2_0*q7_1 + 13528284*a2_0*b4**2*q11_0*q9_1 - 5051970*a2_0*b4**2*q2_0**4 + 3704778*a2_0*b4**2*q2_0**3*q7_1**2 + 7409556*a2_0*b4**2*q2_0**3*q8_1 + 26345088*a2_0*b4**2*q2_0**2*q3_0*q7_1 + 14407470*a2_0*b4**2*q2_0**2*q4_0 - 3018708*a2_0*b4**2*q2_0**2*q7_1*q9_1 - 1509354*a2_0*b4**2*q2_0**2*q8_1**2 + 14636160*a2_0*b4**2*q2_0*q3_0**2 - 10733184*a2_0*b4**2*q2_0*q3_0*q7_1*q8_1 - 10733184*a2_0*b4**2*q2_0*q3_0*q9_1 - 7043652*a2_0*b4**2*q2_0*q4_0*q7_1**2 - 14087304*a2_0*b4**2*q2_0*q4_0*q8_1 - 16099776*a2_0*b4**2*q2_0*q5_0*q7_1 - 5031180*a2_0*b4**2*q2_0*q6_0 - 1844766*a2_0*b4**2*q2_0*q9_1**2 - 3577728*a2_0*b4**2*q3_0**2*q7_1**2 - 7155456*a2_0*b4**2*q3_0**2*q8_1 - 16696064*a2_0*b4**2*q3_0*q4_0*q7_1 - 8944320*a2_0*b4**2*q3_0*q5_0 - 4565330*a2_0*b4**2*q4_0**2 + 2869636*a2_0*b4**2*q4_0*q7_1*q9_1 + 1434818*a2_0*b4**2*q4_0*q8_1**2 + 4919376*a2_0*b4**2*q5_0*q7_1*q8_1 + 4919376*a2_0*b4**2*q5_0*q9_1 + 1639792*a2_0*b4**2*q7_0*q7_1 + 1229844*a2_0*b4**2*q8_0 - 27056568*a2_0*b4*q10_1*q11_0 + 6037416*a2_0*b4*q10_1*q2_0**2*q7_1 - 10733184*a2_0*b4*q10_1*q2_0*q3_0 + 7379064*a2_0*b4*q10_1*q2_0*q9_1 - 5739272*a2_0*b4*q10_1*q4_0*q7_1 + 4919376*a2_0*b4*q10_1*q5_0 - 12074832*a2_0*b4*q11_0*q2_0**2 + 7379064*a2_0*b4*q11_0*q2_0*q8_1 + 11478544*a2_0*b4*q11_0*q4_0 - 14758128*a2_0*b4*q11_1*q2_0*q7_0 - 16397920*a2_0*b4*q11_1*q3_0*q6_0 + 9018856*a2_0*b4*q11_1*q9_0 + 8083152*a2_0*b4*q2_0**4*q7_1 - 14819112*a2_0*b4*q2_0**3*q7_1*q8_1 - 26345088*a2_0*b4*q2_0**2*q3_0*q7_1**2 - 13172544*a2_0*b4*q2_0**2*q3_0*q8_1 - 23051952*a2_0*b4*q2_0**2*q4_0*q7_1 + 6037416*a2_0*b4*q2_0**2*q8_1*q9_1 - 23417856*a2_0*b4*q2_0*q3_0**2*q7_1 + 21466368*a2_0*b4*q2_0*q3_0*q7_1*q9_1 + 10733184*a2_0*b4*q2_0*q3_0*q8_1**2 + 28174608*a2_0*b4*q2_0*q4_0*q7_1*q8_1 + 16099776*a2_0*b4*q2_0*q5_0*q7_1**2 + 8049888*a2_0*b4*q2_0*q5_0*q8_1 + 6708240*a2_0*b4*q2_0*q6_0*q7_1 - 5366592*a2_0*b4*q2_0*q7_0 + 14310912*a2_0*b4*q3_0**2*q7_1*q8_1 + 16696064*a2_0*b4*q3_0*q4_0*q7_1**2 + 8348032*a2_0*b4*q3_0*q4_0*q8_1 + 14310912*a2_0*b4*q3_0*q5_0*q7_1 - 2236080*a2_0*b4*q3_0*q6_0 + 7304528*a2_0*b4*q4_0**2*q7_1 - 5739272*a2_0*b4*q4_0*q8_1*q9_1 - 9838752*a2_0*b4*q5_0*q7_1*q9_1 - 4919376*a2_0*b4*q5_0*q8_1**2 - 6149220*a2_0*b4*q6_0*q7_1*q8_1 + 6149220*a2_0*b4*q6_0*q9_1 - 1639792*a2_0*b4*q7_0*q7_1**2 + 6559168*a2_0*b4*q7_0*q8_1 + 2459688*a2_0*b4*q7_1*q8_0 + 2459688*a2_0*b4*q9_0 - 4509428*a2_0*q10_0*q11_1 - 614922*a2_0*q10_0 - 1844766*a2_0*q10_1**2*q2_0 - 1234926*a2_0*q10_1*q2_0**3 - 3018708*a2_0*q10_1*q2_0**2*q8_1 + 2683296*a2_0*q10_1*q2_0*q3_0*q7_1 + 2347884*a2_0*q10_1*q2_0*q4_0 + 1192576*a2_0*q10_1*q3_0**2 + 2869636*a2_0*q10_1*q4_0*q8_1 - 1229844*a2_0*q10_1*q5_0*q7_1 - 1024870*a2_0*q10_1*q6_0 + 6764142*a2_0*q11_0**2 + 4528062*a2_0*q11_0*q2_0**2*q7_1 + 8049888*a2_0*q11_0*q2_0*q3_0 - 3689532*a2_0*q11_0*q2_0*q9_1 - 4304454*a2_0*q11_0*q4_0*q7_1 - 3689532*a2_0*q11_0*q5_0 + 11068596*a2_0*q11_1*q2_0*q8_0 + 13118336*a2_0*q11_1*q3_0*q7_0 - 3031182*a2_0*q2_0**4*q8_1 + 1234926*a2_0*q2_0**3*q7_1*q9_1 + 3704778*a2_0*q2_0**3*q8_1**2 + 9879408*a2_0*q2_0**2*q3_0*q7_1*q8_1 + 3293136*a2_0*q2_0**2*q3_0*q9_1 + 8644482*a2_0*q2_0**2*q4_0*q8_1 - 1509354*a2_0*q2_0**2*q9_1**2 + 8781696*a2_0*q2_0*q3_0**2*q8_1 - 10733184*a2_0*q2_0*q3_0*q8_1*q9_1 - 2347884*a2_0*q2_0*q4_0*q7_1*q9_1 - 7043652*a2_0*q2_0*q4_0*q8_1**2 - 6037416*a2_0*q2_0*q5_0*q7_1*q8_1 - 2012472*a2_0*q2_0*q5_0*q9_1 - 5031180*a2_0*q2_0*q6_0*q8_1 + 5366592*a2_0*q2_0*q7_0*q7_1 + 2012472*a2_0*q2_0*q8_0 - 1192576*a2_0*q3_0**2*q7_1*q9_1 - 3577728*a2_0*q3_0**2*q8_1**2 - 6261024*a2_0*q3_0*q4_0*q7_1*q8_1 - 2087008*a2_0*q3_0*q4_0*q9_1 - 5366592*a2_0*q3_0*q5_0*q8_1 + 1788864*a2_0*q3_0*q7_0 - 2739198*a2_0*q4_0**2*q8_1 + 1434818*a2_0*q4_0*q9_1**2 + 4919376*a2_0*q5_0*q8_1*q9_1 + 1024870*a2_0*q6_0*q7_1*q9_1 + 3074610*a2_0*q6_0*q8_1**2 - 2459688*a2_0*q7_0*q7_1*q8_1 - 4099480*a2_0*q7_0*q9_1 - 1844766*a2_0*q7_1**2*q8_0 - 2459688*a2_0*q7_1*q9_0 - 1844766*a2_0*q8_0*q8_1 - 5138991*a3_0*b3*b4**2*q7_1 - 4187326*a3_0*b3*b4*q11_1*q8_1 - 778635*a3_0*b3*b4*q2_0 + 7042321*a3_0*b3*b4*q7_1**2 + 3806660*a3_0*b3*b4*q8_1 - 6090656*a3_0*b3*q11_1*q3_0 + 4187326*a3_0*b3*q11_1*q9_1 + 622908*a3_0*b3*q2_0*q7_1 - 761332*a3_0*b3*q7_1**3 - 3806660*a3_0*b3*q7_1*q8_1 - 570999*a3_0*b3*q9_1 + 3045328*a3_0*b4**2*q10_1*q3_0 + 8374652*a3_0*b4**2*q10_1*q9_1 + 8374652*a3_0*b4**2*q11_0*q8_1 + 9173736*a3_0*b4**2*q2_0**3*q7_1 + 15289560*a3_0*b4**2*q2_0**2*q3_0 - 5606172*a3_0*b4**2*q2_0**2*q7_1*q8_1 - 5606172*a3_0*b4**2*q2_0**2*q9_1 - 7474896*a3_0*b4**2*q2_0*q3_0*q7_1**2 - 14949792*a3_0*b4**2*q2_0*q3_0*q8_1 - 17441424*a3_0*b4**2*q2_0*q4_0*q7_1 - 9343620*a3_0*b4**2*q2_0*q5_0 - 8859136*a3_0*b4**2*q3_0**2*q7_1 - 9689680*a3_0*b4**2*q3_0*q4_0 + 3045328*a3_0*b4**2*q3_0*q7_1*q9_1 + 1522664*a3_0*b4**2*q3_0*q8_1**2 + 5329324*a3_0*b4**2*q4_0*q7_1*q8_1 + 5329324*a3_0*b4**2*q4_0*q9_1 + 3425994*a3_0*b4**2*q5_0*q7_1**2 + 6851988*a3_0*b4**2*q5_0*q8_1 + 3806660*a3_0*b4**2*q6_0*q7_1 + 2283996*a3_0*b4**2*q7_0 - 8374652*a3_0*b4*q10_1**2 - 5606172*a3_0*b4*q10_1*q2_0**2 - 6090656*a3_0*b4*q10_1*q3_0*q7_1 + 5329324*a3_0*b4*q10_1*q4_0 + 12181312*a3_0*b4*q11_0*q3_0 - 16749304*a3_0*b4*q11_0*q9_1 - 17129970*a3_0*b4*q11_1*q2_0*q6_0 + 12561978*a3_0*b4*q11_1*q8_0 - 9173736*a3_0*b4*q2_0**3*q7_1**2 - 4586868*a3_0*b4*q2_0**3*q8_1 - 24463296*a3_0*b4*q2_0**2*q3_0*q7_1 + 11212344*a3_0*b4*q2_0**2*q7_1*q9_1 + 5606172*a3_0*b4*q2_0**2*q8_1**2 + 29899584*a3_0*b4*q2_0*q3_0*q7_1*q8_1 + 17441424*a3_0*b4*q2_0*q4_0*q7_1**2 + 8720712*a3_0*b4*q2_0*q4_0*q8_1 + 14949792*a3_0*b4*q2_0*q5_0*q7_1 - 1557270*a3_0*b4*q2_0*q6_0 + 8859136*a3_0*b4*q3_0**2*q7_1**2 + 4429568*a3_0*b4*q3_0**2*q8_1 + 15503488*a3_0*b4*q3_0*q4_0*q7_1 - 6090656*a3_0*b4*q3_0*q8_1*q9_1 - 10658648*a3_0*b4*q4_0*q7_1*q9_1 - 5329324*a3_0*b4*q4_0*q8_1**2 - 13703976*a3_0*b4*q5_0*q7_1*q8_1 - 5709990*a3_0*b4*q6_0*q7_1**2 + 2283996*a3_0*b4*q8_0 + 8374652*a3_0*q10_1*q11_0 + 1401543*a3_0*q10_1*q2_0**2*q7_1 + 2491632*a3_0*q10_1*q2_0*q3_0 + 3045328*a3_0*q10_1*q3_0*q8_1 - 1332331*a3_0*q10_1*q4_0*q7_1 - 1141998*a3_0*q10_1*q5_0 + 4204629*a3_0*q11_0*q2_0**2 - 4567992*a3_0*q11_0*q3_0*q7_1 - 3996993*a3_0*q11_0*q4_0 + 13703976*a3_0*q11_1*q2_0*q7_0 - 8374652*a3_0*q11_1*q9_0 + 3440151*a3_0*q2_0**3*q7_1*q8_1 + 1146717*a3_0*q2_0**3*q9_1 + 9173736*a3_0*q2_0**2*q3_0*q8_1 - 5606172*a3_0*q2_0**2*q8_1*q9_1 - 2491632*a3_0*q2_0*q3_0*q7_1*q9_1 - 7474896*a3_0*q2_0*q3_0*q8_1**2 - 6540534*a3_0*q2_0*q4_0*q7_1*q8_1 - 2180178*a3_0*q2_0*q4_0*q9_1 - 5606172*a3_0*q2_0*q5_0*q8_1 + 1245816*a3_0*q2_0*q7_0 - 3322176*a3_0*q3_0**2*q7_1*q8_1 - 1107392*a3_0*q3_0**2*q9_1 - 5813808*a3_0*q3_0*q4_0*q8_1 + 1522664*a3_0*q3_0*q9_1**2 + 5329324*a3_0*q4_0*q8_1*q9_1 + 1141998*a3_0*q5_0*q7_1*q9_1 + 3425994*a3_0*q5_0*q8_1**2 + 2854995*a3_0*q6_0*q7_1*q8_1 + 951665*a3_0*q6_0*q9_1 - 1522664*a3_0*q7_0*q7_1**2 - 761332*a3_0*q7_0*q8_1 - 2283996*a3_0*q7_1*q8_0 - 761332*a3_0*q9_0 - 878460*a4_0*b3*b4**2 - 1932612*a4_0*b3*b4*q11_1*q7_1 + 2283996*a4_0*b3*b4*q7_1 - 6324912*a4_0*b3*q11_1*q2_0 + 1932612*a4_0*b3*q11_1*q8_1 - 702768*a4_0*b3*q7_1**2 - 527076*a4_0*b3*q8_1 + 3162456*a4_0*b4**2*q10_1*q2_0 + 3865224*a4_0*b4**2*q10_1*q8_1 + 3865224*a4_0*b4**2*q11_0*q7_1 + 5292540*a4_0*b4**2*q2_0**3 - 3881196*a4_0*b4**2*q2_0**2*q7_1**2 - 7762392*a4_0*b4**2*q2_0**2*q8_1 - 18399744*a4_0*b4**2*q2_0*q3_0*q7_1 - 10062360*a4_0*b4**2*q2_0*q4_0 + 3162456*a4_0*b4**2*q2_0*q7_1*q9_1 + 1581228*a4_0*b4**2*q2_0*q8_1**2 - 5111040*a4_0*b4**2*q3_0**2 + 5622144*a4_0*b4**2*q3_0*q7_1*q8_1 + 5622144*a4_0*b4**2*q3_0*q9_1 + 3689532*a4_0*b4**2*q4_0*q7_1**2 + 7379064*a4_0*b4**2*q4_0*q8_1 + 8433216*a4_0*b4**2*q5_0*q7_1 + 3513840*a4_0*b4**2*q6_0 + 1932612*a4_0*b4**2*q9_1**2 - 6324912*a4_0*b4*q10_1*q2_0*q7_1 + 5622144*a4_0*b4*q10_1*q3_0 - 7730448*a4_0*b4*q10_1*q9_1 + 12649824*a4_0*b4*q11_0*q2_0 - 7730448*a4_0*b4*q11_0*q8_1 + 15460896*a4_0*b4*q11_1*q7_0 - 8468064*a4_0*b4*q2_0**3*q7_1 + 15524784*a4_0*b4*q2_0**2*q7_1*q8_1 + 18399744*a4_0*b4*q2_0*q3_0*q7_1**2 + 9199872*a4_0*b4*q2_0*q3_0*q8_1 + 16099776*a4_0*b4*q2_0*q4_0*q7_1 - 6324912*a4_0*b4*q2_0*q8_1*q9_1 + 8177664*a4_0*b4*q3_0**2*q7_1 - 11244288*a4_0*b4*q3_0*q7_1*q9_1 - 5622144*a4_0*b4*q3_0*q8_1**2 - 14758128*a4_0*b4*q4_0*q7_1*q8_1 - 8433216*a4_0*b4*q5_0*q7_1**2 - 4216608*a4_0*b4*q5_0*q8_1 - 5270760*a4_0*b4*q6_0*q7_1 + 1405536*a4_0*b4*q7_0 + 1932612*a4_0*q10_1**2 + 1293732*a4_0*q10_1*q2_0**2 + 3162456*a4_0*q10_1*q2_0*q8_1 - 1405536*a4_0*q10_1*q3_0*q7_1 - 1229844*a4_0*q10_1*q4_0 - 4743684*a4_0*q11_0*q2_0*q7_1 - 4216608*a4_0*q11_0*q3_0 + 3865224*a4_0*q11_0*q9_1 - 11595672*a4_0*q11_1*q8_0 + 3175524*a4_0*q2_0**3*q8_1 - 1293732*a4_0*q2_0**2*q7_1*q9_1 - 3881196*a4_0*q2_0**2*q8_1**2 - 6899904*a4_0*q2_0*q3_0*q7_1*q8_1 - 2299968*a4_0*q2_0*q3_0*q9_1 - 6037416*a4_0*q2_0*q4_0*q8_1 + 1581228*a4_0*q2_0*q9_1**2 - 3066624*a4_0*q3_0**2*q8_1 + 5622144*a4_0*q3_0*q8_1*q9_1 + 1229844*a4_0*q4_0*q7_1*q9_1 + 3689532*a4_0*q4_0*q8_1**2 + 3162456*a4_0*q5_0*q7_1*q8_1 + 1054152*a4_0*q5_0*q9_1 + 2635380*a4_0*q6_0*q8_1 - 1405536*a4_0*q7_0*q7_1 - 527076*a4_0*q8_0 + 6442040*a6_0*b3*q11_1 - 3221020*a6_0*b4**2*q10_1 - 5390550*a6_0*b4**2*q2_0**2 + 3953070*a6_0*b4**2*q2_0*q7_1**2 + 7906140*a6_0*b4**2*q2_0*q8_1 + 9370240*a6_0*b4**2*q3_0*q7_1 + 5124350*a6_0*b4**2*q4_0 - 3221020*a6_0*b4**2*q7_1*q9_1 - 1610510*a6_0*b4**2*q8_1**2 + 6442040*a6_0*b4*q10_1*q7_1 - 12884080*a6_0*b4*q11_0 + 8624880*a6_0*b4*q2_0**2*q7_1 - 15812280*a6_0*b4*q2_0*q7_1*q8_1 - 9370240*a6_0*b4*q3_0*q7_1**2 - 4685120*a6_0*b4*q3_0*q8_1 - 8198960*a6_0*b4*q4_0*q7_1 + 6442040*a6_0*b4*q8_1*q9_1 - 1317690*a6_0*q10_1*q2_0 - 3221020*a6_0*q10_1*q8_1 + 4831530*a6_0*q11_0*q7_1 - 3234330*a6_0*q2_0**2*q8_1 + 1317690*a6_0*q2_0*q7_1*q9_1 + 3953070*a6_0*q2_0*q8_1**2 + 3513840*a6_0*q3_0*q7_1*q8_1 + 1171280*a6_0*q3_0*q9_1 + 3074610*a6_0*q4_0*q8_1 - 1610510*a6_0*q9_1**2 + 9487368*a7_0*b4**2*q2_0*q7_1 + 5270760*a7_0*b4**2*q3_0 - 5797836*a7_0*b4**2*q7_1*q8_1 - 5797836*a7_0*b4**2*q9_1 - 5797836*a7_0*b4*q10_1 - 9487368*a7_0*b4*q2_0*q7_1**2 - 4743684*a7_0*b4*q2_0*q8_1 - 8433216*a7_0*b4*q3_0*q7_1 + 11595672*a7_0*b4*q7_1*q9_1 + 5797836*a7_0*b4*q8_1**2 + 1449459*a7_0*q10_1*q7_1 + 4348377*a7_0*q11_0 + 3557763*a7_0*q2_0*q7_1*q8_1 + 1185921*a7_0*q2_0*q9_1 + 3162456*a7_0*q3_0*q8_1 - 5797836*a7_0*q8_1*q9_1 + 5270760*a8_0*b4**2*q2_0 - 3865224*a8_0*b4**2*q7_1**2 - 7730448*a8_0*b4**2*q8_1 - 8433216*a8_0*b4*q2_0*q7_1 + 15460896*a8_0*b4*q7_1*q8_1 + 1288408*a8_0*q10_1 + 3162456*a8_0*q2_0*q8_1 - 1288408*a8_0*q7_1*q9_1 - 3865224*a8_0*q8_1**2 - 9018856*a9_0*b4**2*q7_1 + 9018856*a9_0*b4*q7_1**2 + 4509428*a9_0*b4*q8_1 - 3382071*a9_0*q7_1*q8_1 - 1127357*a9_0*q9_1 - 12884080*b2*b4*q11_1 + 745360*b2*b4 - 1171280*b2*q11_1*q7_1 + 958320*b2*q7_1 - 3513840*b3**2*q11_1 + 532400*b3**2 - 10541520*b3*b4**2*q10_1 - 7056720*b3*b4**2*q2_0**2 + 18399744*b3*b4**2*q2_0*q7_1**2 + 18399744*b3*b4**2*q2_0*q8_1 + 16099776*b3*b4**2*q3_0*q7_1 + 4472160*b3*b4**2*q4_0 - 10541520*b3*b4**2*q7_1**2*q8_1 - 21083040*b3*b4**2*q7_1*q9_1 - 10541520*b3*b4**2*q8_1**2 + 22254320*b3*b4*q10_1*q7_1 - 12884080*b3*b4*q11_0*q11_1 + 1171280*b3*b4*q11_0 - 1724976*b3*b4*q11_1*q2_0**2*q7_1 + 6324912*b3*b4*q11_1*q2_0*q9_1 + 3748096*b3*b4*q11_1*q3_0*q8_1 + 1639792*b3*b4*q11_1*q4_0*q7_1 + 18347472*b3*b4*q2_0**2*q7_1 + 5227200*b3*b4*q2_0*q3_0 - 12266496*b3*b4*q2_0*q7_1**3 - 47532672*b3*b4*q2_0*q7_1*q8_1 - 10733184*b3*b4*q2_0*q9_1 - 22062656*b3*b4*q3_0*q7_1**2 - 11925760*b3*b4*q3_0*q8_1 - 11627616*b3*b4*q4_0*q7_1 - 1597200*b3*b4*q5_0 + 21083040*b3*b4*q7_1**2*q9_1 + 21083040*b3*b4*q7_1*q8_1**2 + 22254320*b3*b4*q8_1*q9_1 - 6324912*b3*q10_1*q11_1*q2_0 - 4685120*b3*q10_1*q7_1**2 - 7027680*b3*q10_1*q8_1 - 1171280*b3*q11_0*q7_1 - 5645376*b3*q11_1*q2_0**3 + 1724976*b3*q11_1*q2_0**2*q8_1 + 10733184*b3*q11_1*q2_0*q4_0 + 5451776*b3*q11_1*q3_0**2 - 3748096*b3*q11_1*q3_0*q9_1 - 1639792*b3*q11_1*q4_0*q8_1 - 10541520*b3*q11_1*q6_0 - 5645376*b3*q2_0**2*q7_1**2 - 4234032*b3*q2_0**2*q8_1 - 4181760*b3*q2_0*q3_0*q7_1 + 10733184*b3*q2_0*q7_1**2*q8_1 + 10733184*b3*q2_0*q7_1*q9_1 + 9199872*b3*q2_0*q8_1**2 + 2385152*b3*q3_0*q7_1**3 + 11925760*b3*q3_0*q7_1*q8_1 + 1788864*b3*q3_0*q9_1 + 3577728*b3*q4_0*q7_1**2 + 2683296*b3*q4_0*q8_1 + 1277760*b3*q5_0*q7_1 + 532400*b3*q6_0 - 15226640*b3*q7_1*q8_1*q9_1 - 3513840*b3*q8_1**3 - 3513840*b3*q9_1**2 - 6324912*b4**2*q10_1**2*q2_0 + 2822688*b4**2*q10_1*q2_0**3 + 3449952*b4**2*q10_1*q2_0**2*q8_1 - 5366592*b4**2*q10_1*q2_0*q4_0 - 2725888*b4**2*q10_1*q3_0**2 - 7496192*b4**2*q10_1*q3_0*q9_1 - 3279584*b4**2*q10_1*q4_0*q8_1 - 9370240*b4**2*q10_1*q6_0 + 12884080*b4**2*q11_0**2 + 3449952*b4**2*q11_0*q2_0**2*q7_1 - 12649824*b4**2*q11_0*q2_0*q9_1 - 7496192*b4**2*q11_0*q3_0*q8_1 - 3279584*b4**2*q11_0*q4_0*q7_1 + 4723920*b4**2*q2_0**5 - 3464208*b4**2*q2_0**4*q7_1**2 - 6928416*b4**2*q2_0**4*q8_1 - 32845824*b4**2*q2_0**3*q3_0*q7_1 - 17962560*b4**2*q2_0**3*q4_0 + 2822688*b4**2*q2_0**3*q7_1*q9_1 + 1411344*b4**2*q2_0**3*q8_1**2 - 27371520*b4**2*q2_0**2*q3_0**2 + 15054336*b4**2*q2_0**2*q3_0*q7_1*q8_1 + 15054336*b4**2*q2_0**2*q3_0*q9_1 + 9879408*b4**2*q2_0**2*q4_0*q7_1**2 + 19758816*b4**2*q2_0**2*q4_0*q8_1 + 22581504*b4**2*q2_0**2*q5_0*q7_1 + 4704480*b4**2*q2_0**2*q6_0 + 1724976*b4**2*q2_0**2*q9_1**2 + 10036224*b4**2*q2_0*q3_0**2*q7_1**2 + 20072448*b4**2*q2_0*q3_0**2*q8_1 + 46835712*b4**2*q2_0*q3_0*q4_0*q7_1 + 25090560*b4**2*q2_0*q3_0*q5_0 + 12806640*b4**2*q2_0*q4_0**2 - 5366592*b4**2*q2_0*q4_0*q7_1*q9_1 - 2683296*b4**2*q2_0*q4_0*q8_1**2 - 9199872*b4**2*q2_0*q5_0*q7_1*q8_1 - 9199872*b4**2*q2_0*q5_0*q9_1 + 1916640*b4**2*q2_0*q6_0*q7_1**2 + 3833280*b4**2*q2_0*q6_0*q8_1 - 1149984*b4**2*q2_0*q8_0 + 7929856*b4**2*q3_0**3*q7_1 + 13009920*b4**2*q3_0**2*q4_0 - 2725888*b4**2*q3_0**2*q7_1*q9_1 - 1362944*b4**2*q3_0**2*q8_1**2 - 9540608*b4**2*q3_0*q4_0*q7_1*q8_1 - 9540608*b4**2*q3_0*q4_0*q9_1 - 6133248*b4**2*q3_0*q5_0*q7_1**2 - 12266496*b4**2*q3_0*q5_0*q8_1 - 1703680*b4**2*q3_0*q6_0*q7_1 - 2044416*b4**2*q3_0*q7_0 - 3130512*b4**2*q4_0**2*q7_1**2 - 6261024*b4**2*q4_0**2*q8_1 - 14310912*b4**2*q4_0*q5_0*q7_1 - 2981440*b4**2*q4_0*q6_0 - 1639792*b4**2*q4_0*q9_1**2 - 3833280*b4**2*q5_0**2 - 9370240*b4**2*q6_0*q7_1*q9_1 - 4685120*b4**2*q6_0*q8_1**2 - 5622144*b4**2*q7_0*q7_1*q8_1 - 5622144*b4**2*q7_0*q9_1 - 1405536*b4**2*q7_1**2*q8_0 - 937024*b4**2*q7_1*q9_0 - 2811072*b4**2*q8_0*q8_1 + 2811072*b4*q10_0*q7_1 + 7496192*b4*q10_1**2*q3_0 + 25299648*b4*q10_1*q11_0*q2_0 - 5645376*b4*q10_1*q2_0**3*q7_1 + 15054336*b4*q10_1*q2_0**2*q3_0 - 6899904*b4*q10_1*q2_0**2*q9_1 + 10733184*b4*q10_1*q2_0*q4_0*q7_1 - 9199872*b4*q10_1*q2_0*q5_0 + 5451776*b4*q10_1*q3_0**2*q7_1 - 9540608*b4*q10_1*q3_0*q4_0 + 6559168*b4*q10_1*q4_0*q9_1 + 7027680*b4*q10_1*q6_0*q7_1 + 22488576*b4*q10_1*q7_0 + 11290752*b4*q11_0*q2_0**3 - 6899904*b4*q11_0*q2_0**2*q8_1 - 21466368*b4*q11_0*q2_0*q4_0 - 10903552*b4*q11_0*q3_0**2 + 14992384*b4*q11_0*q3_0*q9_1 + 6559168*b4*q11_0*q4_0*q8_1 + 21083040*b4*q11_0*q6_0 + 13799808*b4*q11_1*q2_0**2*q7_0 + 30666240*b4*q11_1*q2_0*q3_0*q6_0 - 8433216*b4*q11_1*q2_0*q9_0 - 11244288*b4*q11_1*q3_0*q8_0 - 13118336*b4*q11_1*q4_0*q7_0 - 14055360*b4*q11_1*q5_0*q6_0 - 7558272*b4*q2_0**5*q7_1 + 13856832*b4*q2_0**4*q7_1*q8_1 + 32845824*b4*q2_0**3*q3_0*q7_1**2 + 16422912*b4*q2_0**3*q3_0*q8_1 + 28740096*b4*q2_0**3*q4_0*q7_1 - 5645376*b4*q2_0**3*q8_1*q9_1 + 43794432*b4*q2_0**2*q3_0**2*q7_1 - 30108672*b4*q2_0**2*q3_0*q7_1*q9_1 - 15054336*b4*q2_0**2*q3_0*q8_1**2 - 39517632*b4*q2_0**2*q4_0*q7_1*q8_1 - 22581504*b4*q2_0**2*q5_0*q7_1**2 - 11290752*b4*q2_0**2*q5_0*q8_1 - 4704480*b4*q2_0**2*q6_0*q7_1 + 11290752*b4*q2_0**2*q7_0 - 40144896*b4*q2_0*q3_0**2*q7_1*q8_1 - 46835712*b4*q2_0*q3_0*q4_0*q7_1**2 - 23417856*b4*q2_0*q3_0*q4_0*q8_1 - 40144896*b4*q2_0*q3_0*q5_0*q7_1 + 10454400*b4*q2_0*q3_0*q6_0 - 20490624*b4*q2_0*q4_0**2*q7_1 + 10733184*b4*q2_0*q4_0*q8_1*q9_1 + 18399744*b4*q2_0*q5_0*q7_1*q9_1 + 9199872*b4*q2_0*q5_0*q8_1**2 + 7666560*b4*q2_0*q6_0*q7_1*q8_1 - 15333120*b4*q2_0*q6_0*q9_1 - 18399744*b4*q2_0*q7_0*q8_1 - 9199872*b4*q2_0*q7_1*q8_0 - 6133248*b4*q2_0*q9_0 - 7929856*b4*q3_0**3*q7_1**2 - 3964928*b4*q3_0**3*q8_1 - 20815872*b4*q3_0**2*q4_0*q7_1 + 5451776*b4*q3_0**2*q8_1*q9_1 + 19081216*b4*q3_0*q4_0*q7_1*q9_1 + 9540608*b4*q3_0*q4_0*q8_1**2 + 24532992*b4*q3_0*q5_0*q7_1*q8_1 + 7666560*b4*q3_0*q6_0*q7_1**2 - 5111040*b4*q3_0*q6_0*q8_1 - 8177664*b4*q3_0*q7_0*q7_1 - 7155456*b4*q3_0*q8_0 + 12522048*b4*q4_0**2*q7_1*q8_1 + 14310912*b4*q4_0*q5_0*q7_1**2 + 7155456*b4*q4_0*q5_0*q8_1 + 2981440*b4*q4_0*q6_0*q7_1 - 7155456*b4*q4_0*q7_0 + 6133248*b4*q5_0**2*q7_1 - 3194400*b4*q5_0*q6_0 + 7027680*b4*q6_0*q8_1*q9_1 + 11244288*b4*q7_0*q7_1*q9_1 + 5622144*b4*q7_0*q8_1**2 + 937024*b4*q7_1**2*q9_0 + 5622144*b4*q7_1*q8_0*q8_1 + 14055360*b4*q8_0*q9_1 + 7496192*b4*q8_1*q9_0 + 4216608*q10_0*q11_1*q2_0 + 1533312*q10_0*q2_0 - 1171280*q10_0*q7_1**2 - 1639792*q10_0*q8_1 + 1724976*q10_1**2*q2_0**2 - 1639792*q10_1**2*q4_0 - 7496192*q10_1*q11_0*q3_0 + 1154736*q10_1*q2_0**4 + 2822688*q10_1*q2_0**3*q8_1 - 3763584*q10_1*q2_0**2*q3_0*q7_1 - 3293136*q10_1*q2_0**2*q4_0 - 3345408*q10_1*q2_0*q3_0**2 - 5366592*q10_1*q2_0*q4_0*q8_1 + 2299968*q10_1*q2_0*q5_0*q7_1 + 1916640*q10_1*q2_0*q6_0 - 2725888*q10_1*q3_0**2*q8_1 + 2385152*q10_1*q3_0*q4_0*q7_1 + 2044416*q10_1*q3_0*q5_0 + 1043504*q10_1*q4_0**2 + 2342560*q10_1*q6_0*q8_1 - 10307264*q10_1*q7_0*q7_1 - 7730448*q10_1*q8_0 - 6324912*q11_0**2*q2_0 - 4234032*q11_0*q2_0**3*q7_1 - 11290752*q11_0*q2_0**2*q3_0 + 3449952*q11_0*q2_0**2*q9_1 + 8049888*q11_0*q2_0*q4_0*q7_1 + 6899904*q11_0*q2_0*q5_0 + 4088832*q11_0*q3_0**2*q7_1 + 7155456*q11_0*q3_0*q4_0 - 3279584*q11_0*q4_0*q9_1 - 3513840*q11_0*q6_0*q7_1 - 12181312*q11_0*q7_0 - 10349856*q11_1*q2_0**2*q8_0 - 24532992*q11_1*q2_0*q3_0*q7_0 + 7496192*q11_1*q3_0*q9_0 + 9838752*q11_1*q4_0*q8_0 + 11244288*q11_1*q5_0*q7_0 + 2834352*q2_0**5*q8_1 - 1154736*q2_0**4*q7_1*q9_1 - 3464208*q2_0**4*q8_1**2 - 12317184*q2_0**3*q3_0*q7_1*q8_1 - 4105728*q2_0**3*q3_0*q9_1 - 10777536*q2_0**3*q4_0*q8_1 + 1411344*q2_0**3*q9_1**2 - 16422912*q2_0**2*q3_0**2*q8_1 + 15054336*q2_0**2*q3_0*q8_1*q9_1 + 3293136*q2_0**2*q4_0*q7_1*q9_1 + 9879408*q2_0**2*q4_0*q8_1**2 + 8468064*q2_0**2*q5_0*q7_1*q8_1 + 2822688*q2_0**2*q5_0*q9_1 + 7056720*q2_0**2*q6_0*q8_1 - 11290752*q2_0**2*q7_0*q7_1 - 4234032*q2_0**2*q8_0 + 3345408*q2_0*q3_0**2*q7_1*q9_1 + 10036224*q2_0*q3_0**2*q8_1**2 + 17563392*q2_0*q3_0*q4_0*q7_1*q8_1 + 5854464*q2_0*q3_0*q4_0*q9_1 + 15054336*q2_0*q3_0*q5_0*q8_1 - 8363520*q2_0*q3_0*q7_0 + 7683984*q2_0*q4_0**2*q8_1 - 2683296*q2_0*q4_0*q9_1**2 - 9199872*q2_0*q5_0*q8_1*q9_1 - 1916640*q2_0*q6_0*q7_1*q9_1 - 5749920*q2_0*q6_0*q8_1**2 + 7666560*q2_0*q7_0*q7_1*q8_1 + 10733184*q2_0*q7_0*q9_1 + 4599936*q2_0*q7_1**2*q8_0 + 6133248*q2_0*q7_1*q9_0 + 5749920*q2_0*q8_0*q8_1 + 2973696*q3_0**3*q7_1*q8_1 + 991232*q3_0**3*q9_1 + 7805952*q3_0**2*q4_0*q8_1 - 1362944*q3_0**2*q9_1**2 - 9540608*q3_0*q4_0*q8_1*q9_1 - 2044416*q3_0*q5_0*q7_1*q9_1 - 6133248*q3_0*q5_0*q8_1**2 - 5111040*q3_0*q6_0*q7_1*q8_1 - 1703680*q3_0*q6_0*q9_1 + 4770304*q3_0*q7_0*q7_1**2 + 5451776*q3_0*q7_0*q8_1 + 7155456*q3_0*q7_1*q8_0 + 2385152*q3_0*q9_0 - 1043504*q4_0**2*q7_1*q9_1 - 3130512*q4_0**2*q8_1**2 - 5366592*q4_0*q5_0*q7_1*q8_1 - 1788864*q4_0*q5_0*q9_1 - 4472160*q4_0*q6_0*q8_1 + 7155456*q4_0*q7_0*q7_1 + 2683296*q4_0*q8_0 - 2299968*q5_0**2*q8_1 + 2555520*q5_0*q7_0 + 1171280*q6_0*q9_1**2 - 5622144*q7_0*q8_1*q9_1 - 6324912*q7_1*q8_0*q9_1 - 3279584*q7_1*q8_1*q9_0 - 1405536*q8_0*q8_1**2 - 4216608*q9_0*q9_1
19	3	[1,2]	6	159	32670*a1_0*b3*q11_1 - 5610*a1_0*b3 - 3630*a1_0*b4**2*q10_1 - 71280*a1_0*b4**2*q2_0*q7_1**2 - 22275*a1_0*b4**2*q2_0*q8_1 - 26400*a1_0*b4**2*q3_0*q7_1 + 76230*a1_0*b4**2*q7_1**2*q8_1 + 72600*a1_0*b4**2*q7_1*q9_1 + 36300*a1_0*b4**2*q8_1**2 - 58080*a1_0*b4*q10_1*q7_1 + 239580*a1_0*b4*q11_0*q11_1 + 21780*a1_0*b4*q11_0 + 190080*a1_0*b4*q11_1*q2_0*q3_0 - 98010*a1_0*b4*q11_1*q2_0*q9_1 - 43560*a1_0*b4*q11_1*q3_0*q8_1 - 87120*a1_0*b4*q11_1*q5_0 - 29160*a1_0*b4*q2_0**2*q7_1 + 35640*a1_0*b4*q2_0*q7_1**3 + 178200*a1_0*b4*q2_0*q7_1*q8_1 + 26730*a1_0*b4*q2_0*q9_1 + 52800*a1_0*b4*q3_0*q7_1**2 + 39600*a1_0*b4*q3_0*q8_1 + 18480*a1_0*b4*q4_0*q7_1 - 79860*a1_0*b4*q7_1**2*q9_1 - 116160*a1_0*b4*q7_1*q8_1**2 - 130680*a1_0*b4*q8_1*q9_1 + 98010*a1_0*q10_1*q11_1*q2_0 - 4455*a1_0*q10_1*q2_0 + 3630*a1_0*q10_1*q7_1**2 + 58080*a1_0*q10_1*q8_1 - 14520*a1_0*q11_0*q7_1 + 76545*a1_0*q11_1*q2_0**3 - 166320*a1_0*q11_1*q2_0*q3_0*q7_1 - 145530*a1_0*q11_1*q2_0*q4_0 - 73920*a1_0*q11_1*q3_0**2 + 43560*a1_0*q11_1*q3_0*q9_1 + 76230*a1_0*q11_1*q5_0*q7_1 + 63525*a1_0*q11_1*q6_0 + 25515*a1_0*q2_0**2*q8_1 - 31185*a1_0*q2_0*q7_1**2*q8_1 - 35640*a1_0*q2_0*q7_1*q9_1 - 62370*a1_0*q2_0*q8_1**2 - 46200*a1_0*q3_0*q7_1*q8_1 - 13200*a1_0*q3_0*q9_1 - 16170*a1_0*q4_0*q8_1 + 79860*a1_0*q7_1*q8_1*q9_1 + 25410*a1_0*q8_1**3 + 29040*a1_0*q9_1**2 - 22176*a2_0*b4**2*q2_0*q7_1 + 20328*a2_0*b4**2*q7_1**3 + 66066*a2_0*b4**2*q7_1*q8_1 + 5082*a2_0*b4**2*q9_1 + 167706*a2_0*b4*q10_1*q11_1 + 99792*a2_0*b4*q11_1*q2_0**2 - 45738*a2_0*b4*q11_1*q2_0*q8_1 - 94864*a2_0*b4*q11_1*q4_0 + 44352*a2_0*b4*q2_0*q7_1**2 + 33264*a2_0*b4*q2_0*q8_1 + 14784*a2_0*b4*q3_0*q7_1 - 71148*a2_0*b4*q7_1**2*q8_1 - 71148*a2_0*b4*q7_1*q9_1 - 60984*a2_0*b4*q8_1**2 + 5082*a2_0*q10_1*q7_1 - 167706*a2_0*q11_0*q11_1 - 5082*a2_0*q11_0 - 87318*a2_0*q11_1*q2_0**2*q7_1 - 155232*a2_0*q11_1*q2_0*q3_0 + 45738*a2_0*q11_1*q2_0*q9_1 + 83006*a2_0*q11_1*q4_0*q7_1 + 71148*a2_0*q11_1*q5_0 - 38808*a2_0*q2_0*q7_1*q8_1 - 11088*a2_0*q2_0*q9_1 - 12936*a2_0*q3_0*q8_1 + 10164*a2_0*q7_1**2*q9_1 + 35574*a2_0*q7_1*q8_1**2 + 55902*a2_0*q8_1*q9_1 + 25168*a3_0*b4**2*q7_1**2 + 7865*a3_0*b4**2*q8_1 - 100672*a3_0*b4*q11_1*q3_0 + 103818*a3_0*b4*q11_1*q9_1 + 10296*a3_0*b4*q2_0*q7_1 - 12584*a3_0*b4*q7_1**3 - 62920*a3_0*b4*q7_1*q8_1 - 9438*a3_0*b4*q9_1 - 103818*a3_0*q10_1*q11_1 + 1573*a3_0*q10_1 - 81081*a3_0*q11_1*q2_0**2 + 88088*a3_0*q11_1*q3_0*q7_1 + 77077*a3_0*q11_1*q4_0 - 9009*a3_0*q2_0*q8_1 + 11011*a3_0*q7_1**2*q8_1 + 12584*a3_0*q7_1*q9_1 + 22022*a3_0*q8_1**2 + 5808*a4_0*b4**2*q7_1 - 104544*a4_0*b4*q11_1*q2_0 + 47916*a4_0*b4*q11_1*q8_1 - 11616*a4_0*b4*q7_1**2 - 8712*a4_0*b4*q8_1 + 91476*a4_0*q11_1*q2_0*q7_1 + 81312*a4_0*q11_1*q3_0 - 47916*a4_0*q11_1*q9_1 + 10164*a4_0*q7_1*q8_1 + 2904*a4_0*q9_1 + 106480*a6_0*b4*q11_1 - 93170*a6_0*q11_1*q7_1 - 83853*a7_0*q11_1 + 19360*b3*b4*q11_1 + 9680*b3*q11_1*q7_1 - 3520*b3*q7_1 + 67760*b4**2*q10_1*q7_1 - 19360*b4**2*q11_0 + 46656*b4**2*q2_0**2*q7_1 - 50688*b4**2*q2_0*q7_1**3 - 164736*b4**2*q2_0*q7_1*q8_1 - 12672*b4**2*q2_0*q9_1 - 78848*b4**2*q3_0*q7_1**2 - 24640*b4**2*q3_0*q8_1 - 29568*b4**2*q4_0*q7_1 + 87120*b4**2*q7_1**2*q9_1 + 87120*b4**2*q7_1*q8_1**2 + 67760*b4**2*q8_1*q9_1 - 156816*b4*q10_1*q11_1*q2_0 - 77440*b4*q10_1*q7_1**2 - 116160*b4*q10_1*q8_1 - 19360*b4*q11_0*q7_1 - 93312*b4*q11_1*q2_0**3 + 42768*b4*q11_1*q2_0**2*q8_1 + 177408*b4*q11_1*q2_0*q4_0 + 90112*b4*q11_1*q3_0**2 - 92928*b4*q11_1*q3_0*q9_1 - 40656*b4*q11_1*q4_0*q8_1 - 77440*b4*q11_1*q6_0 - 93312*b4*q2_0**2*q7_1**2 - 69984*b4*q2_0**2*q8_1 - 69120*b4*q2_0*q3_0*q7_1 + 177408*b4*q2_0*q7_1**2*q8_1 + 177408*b4*q2_0*q7_1*q9_1 + 152064*b4*q2_0*q8_1**2 + 39424*b4*q3_0*q7_1**3 + 197120*b4*q3_0*q7_1*q8_1 + 29568*b4*q3_0*q9_1 + 59136*b4*q4_0*q7_1**2 + 44352*b4*q4_0*q8_1 + 21120*b4*q5_0*q7_1 - 251680*b4*q7_1*q8_1*q9_1 - 58080*b4*q8_1**3 - 58080*b4*q9_1**2 + 92928*q10_1*q11_1*q3_0 - 12672*q10_1*q2_0*q7_1 - 4928*q10_1*q3_0 + 77440*q10_1*q7_1*q8_1 + 48400*q10_1*q9_1 + 156816*q11_0*q11_1*q2_0 + 12672*q11_0*q2_0 - 9680*q11_0*q7_1**2 + 48400*q11_0*q8_1 + 81648*q11_1*q2_0**3*q7_1 + 217728*q11_1*q2_0**2*q3_0 - 42768*q11_1*q2_0**2*q9_1 - 155232*q11_1*q2_0*q4_0*q7_1 - 133056*q11_1*q2_0*q5_0 - 78848*q11_1*q3_0**2*q7_1 - 137984*q11_1*q3_0*q4_0 + 40656*q11_1*q4_0*q9_1 + 67760*q11_1*q6_0*q7_1 + 170368*q11_1*q7_0 + 81648*q2_0**2*q7_1*q8_1 + 23328*q2_0**2*q9_1 + 60480*q2_0*q3_0*q8_1 - 25344*q2_0*q7_1**2*q9_1 - 88704*q2_0*q7_1*q8_1**2 - 139392*q2_0*q8_1*q9_1 - 34496*q3_0*q7_1**2*q8_1 - 39424*q3_0*q7_1*q9_1 - 68992*q3_0*q8_1**2 - 51744*q4_0*q7_1*q8_1 - 14784*q4_0*q9_1 - 18480*q5_0*q8_1 - 10560*q7_0 + 38720*q7_1*q9_1**2 + 87120*q8_1**2*q9_1
20	3	[1,1]	2	8	-68970*a1_0*b4*q11_1 + 5610*a1_0*b4 + 21780*a1_0*q11_1*q7_1 + 38115*a2_0*q11_1 - 3927*a2_0 + 19360*b4**2*q11_1 - 9680*b4*q11_1*q7_1 - 5280*b4*q7_1 - 47520*q11_1*q2_0 + 14520*q11_1*q7_1**2 - 24200*q11_1*q8_1 + 3672*q2_0 + 4840*q8_1
22	3	[0,2]	7	167	32670*a1_0*b1*b3*q11_1 - 5610*a1_0*b1*b3 - 3630*a1_0*b1*b4**2*q10_1 - 71280*a1_0*b1*b4**2*q2_0*q7_1**2 - 22275*a1_0*b1*b4**2*q2_0*q8_1 - 26400*a1_0*b1*b4**2*q3_0*q7_1 + 76230*a1_0*b1*b4**2*q7_1**2*q8_1 + 72600*a1_0*b1*b4**2*q7_1*q9_1 + 36300*a1_0*b1*b4**2*q8_1**2 - 58080*a1_0*b1*b4*q10_1*q7_1 + 239580*a1_0*b1*b4*q11_0*q11_1 + 21780*a1_0*b1*b4*q11_0 + 190080*a1_0*b1*b4*q11_1*q2_0*q3_0 - 98010*a1_0*b1*b4*q11_1*q2_0*q9_1 - 43560*a1_0*b1*b4*q11_1*q3_0*q8_1 - 87120*a1_0*b1*b4*q11_1*q5_0 - 29160*a1_0*b1*b4*q2_0**2*q7_1 + 35640*a1_0*b1*b4*q2_0*q7_1**3 + 178200*a1_0*b1*b4*q2_0*q7_1*q8_1 + 26730*a1_0*b1*b4*q2_0*q9_1 + 52800*a1_0*b1*b4*q3_0*q7_1**2 + 39600*a1_0*b1*b4*q3_0*q8_1 + 18480*a1_0*b1*b4*q4_0*q7_1 - 79860*a1_0*b1*b4*q7_1**2*q9_1 - 116160*a1_0*b1*b4*q7_1*q8_1**2 - 130680*a1_0*b1*b4*q8_1*q9_1 + 98010*a1_0*b1*q10_1*q11_1*q2_0 - 4455*a1_0*b1*q10_1*q2_0 + 3630*a1_0*b1*q10_1*q7_1**2 + 58080*a1_0*b1*q10_1*q8_1 - 14520*a1_0*b1*q11_0*q7_1 + 76545*a1_0*b1*q11_1*q2_0**3 - 166320*a1_0*b1*q11_1*q2_0*q3_0*q7_1 - 145530*a1_0*b1*q11_1*q2_0*q4_0 - 73920*a1_0*b1*q11_1*q3_0**2 + 43560*a1_0*b1*q11_1*q3_0*q9_1 + 76230*a1_0*b1*q11_1*q5_0*q7_1 + 63525*a1_0*b1*q11_1*q6_0 + 25515*a1_0*b1*q2_0**2*q8_1 - 31185*a1_0*b1*q2_0*q7_1**2*q8_1 - 35640*a1_0*b1*q2_0*q7_1*q9_1 - 62370*a1_0*b1*q2_0*q8_1**2 - 46200*a1_0*b1*q3_0*q7_1*q8_1 - 13200*a1_0*b1*q3_0*q9_1 - 16170*a1_0*b1*q4_0*q8_1 + 79860*a1_0*b1*q7_1*q8_1*q9_1 + 25410*a1_0*b1*q8_1**3 + 29040*a1_0*b1*q9_1**2 + 137940*a1_0*b4*q11_1 - 11220*a1_0*b4 - 43560*a1_0*q11_1*q7_1 - 22176*a2_0*b1*b4**2*q2_0*q7_1 + 20328*a2_0*b1*b4**2*q7_1**3 + 66066*a2_0*b1*b4**2*q7_1*q8_1 + 5082*a2_0*b1*b4**2*q9_1 + 167706*a2_0*b1*b4*q10_1*q11_1 + 99792*a2_0*b1*b4*q11_1*q2_0**2 - 45738*a2_0*b1*b4*q11_1*q2_0*q8_1 - 94864*a2_0*b1*b4*q11_1*q4_0 + 44352*a2_0*b1*b4*q2_0*q7_1**2 + 33264*a2_0*b1*b4*q2_0*q8_1 + 14784*a2_0*b1*b4*q3_0*q7_1 - 71148*a2_0*b1*b4*q7_1**2*q8_1 - 71148*a2_0*b1*b4*q7_1*q9_1 - 60984*a2_0*b1*b4*q8_1**2 + 5082*a2_0*b1*q10_1*q7_1 - 167706*a2_0*b1*q11_0*q11_1 - 5082*a2_0*b1*q11_0 - 87318*a2_0*b1*q11_1*q2_0**2*q7_1 - 155232*a2_0*b1*q11_1*q2_0*q3_0 + 45738*a2_0*b1*q11_1*q2_0*q9_1 + 83006*a2_0*b1*q11_1*q4_0*q7_1 + 71148*a2_0*b1*q11_1*q5_0 - 38808*a2_0*b1*q2_0*q7_1*q8_1 - 11088*a2_0*b1*q2_0*q9_1 - 12936*a2_0*b1*q3_0*q8_1 + 10164*a2_0*b1*q7_1**2*q9_1 + 35574*a2_0*b1*q7_1*q8_1**2 + 55902*a2_0*b1*q8_1*q9_1 - 76230*a2_0*q11_1 + 7854*a2_0 + 25168*a3_0*b1*b4**2*q7_1**2 + 7865*a3_0*b1*b4**2*q8_1 - 100672*a3_0*b1*b4*q11_1*q3_0 + 103818*a3_0*b1*b4*q11_1*q9_1 + 10296*a3_0*b1*b4*q2_0*q7_1 - 12584*a3_0*b1*b4*q7_1**3 - 62920*a3_0*b1*b4*q7_1*q8_1 - 9438*a3_0*b1*b4*q9_1 - 103818*a3_0*b1*q10_1*q11_1 + 1573*a3_0*b1*q10_1 - 81081*a3_0*b1*q11_1*q2_0**2 + 88088*a3_0*b1*q11_1*q3_0*q7_1 + 77077*a3_0*b1*q11_1*q4_0 - 9009*a3_0*b1*q2_0*q8_1 + 11011*a3_0*b1*q7_1**2*q8_1 + 12584*a3_0*b1*q7_1*q9_1 + 22022*a3_0*b1*q8_1**2 + 5808*a4_0*b1*b4**2*q7_1 - 104544*a4_0*b1*b4*q11_1*q2_0 + 47916*a4_0*b1*b4*q11_1*q8_1 - 11616*a4_0*b1*b4*q7_1**2 - 8712*a4_0*b1*b4*q8_1 + 91476*a4_0*b1*q11_1*q2_0*q7_1 + 81312*a4_0*b1*q11_1*q3_0 - 47916*a4_0*b1*q11_1*q9_1 + 10164*a4_0*b1*q7_1*q8_1 + 2904*a4_0*b1*q9_1 + 106480*a6_0*b1*b4*q11_1 - 93170*a6_0*b1*q11_1*q7_1 - 83853*a7_0*b1*q11_1 + 19360*b1*b3*b4*q11_1 + 9680*b1*b3*q11_1*q7_1 - 3520*b1*b3*q7_1 + 67760*b1*b4**2*q10_1*q7_1 - 19360*b1*b4**2*q11_0 + 46656*b1*b4**2*q2_0**2*q7_1 - 50688*b1*b4**2*q2_0*q7_1**3 - 164736*b1*b4**2*q2_0*q7_1*q8_1 - 12672*b1*b4**2*q2_0*q9_1 - 78848*b1*b4**2*q3_0*q7_1**2 - 24640*b1*b4**2*q3_0*q8_1 - 29568*b1*b4**2*q4_0*q7_1 + 87120*b1*b4**2*q7_1**2*q9_1 + 87120*b1*b4**2*q7_1*q8_1**2 + 67760*b1*b4**2*q8_1*q9_1 - 156816*b1*b4*q10_1*q11_1*q2_0 - 77440*b1*b4*q10_1*q7_1**2 - 116160*b1*b4*q10_1*q8_1 - 19360*b1*b4*q11_0*q7_1 - 93312*b1*b4*q11_1*q2_0**3 + 42768*b1*b4*q11_1*q2_0**2*q8_1 + 177408*b1*b4*q11_1*q2_0*q4_0 + 90112*b1*b4*q11_1*q3_0**2 - 92928*b1*b4*q11_1*q3_0*q9_1 - 40656*b1*b4*q11_1*q4_0*q8_1 - 77440*b1*b4*q11_1*q6_0 - 93312*b1*b4*q2_0**2*q7_1**2 - 69984*b1*b4*q2_0**2*q8_1 - 69120*b1*b4*q2_0*q3_0*q7_1 + 177408*b1*b4*q2_0*q7_1**2*q8_1 + 177408*b1*b4*q2_0*q7_1*q9_1 + 152064*b1*b4*q2_0*q8_1**2 + 39424*b1*b4*q3_0*q7_1**3 + 197120*b1*b4*q3_0*q7_1*q8_1 + 29568*b1*b4*q3_0*q9_1 + 59136*b1*b4*q4_0*q7_1**2 + 44352*b1*b4*q4_0*q8_1 + 21120*b1*b4*q5_0*q7_1 - 251680*b1*b4*q7_1*q8_1*q9_1 - 58080*b1*b4*q8_1**3 - 58080*b1*b4*q9_1**2 + 92928*b1*q10_1*q11_1*q3_0 - 12672*b1*q10_1*q2_0*q7_1 - 4928*b1*q10_1*q3_0 + 77440*b1*q10_1*q7_1*q8_1 + 48400*b1*q10_1*q9_1 + 156816*b1*q11_0*q11_1*q2_0 + 12672*b1*q11_0*q2_0 - 9680*b1*q11_0*q7_1**2 + 48400*b1*q11_0*q8_1 + 81648*b1*q11_1*q2_0**3*q7_1 + 217728*b1*q11_1*q2_0**2*q3_0 - 42768*b1*q11_1*q2_0**2*q9_1 - 155232*b1*q11_1*q2_0*q4_0*q7_1 - 133056*b1*q11_1*q2_0*q5_0 - 78848*b1*q11_1*q3_0**2*q7_1 - 137984*b1*q11_1*q3_0*q4_0 + 40656*b1*q11_1*q4_0*q9_1 + 67760*b1*q11_1*q6_0*q7_1 + 170368*b1*q11_1*q7_0 + 81648*b1*q2_0**2*q7_1*q8_1 + 23328*b1*q2_0**2*q9_1 + 60480*b1*q2_0*q3_0*q8_1 - 25344*b1*q2_0*q7_1**2*q9_1 - 88704*b1*q2_0*q7_1*q8_1**2 - 139392*b1*q2_0*q8_1*q9_1 - 34496*b1*q3_0*q7_1**2*q8_1 - 39424*b1*q3_0*q7_1*q9_1 - 68992*b1*q3_0*q8_1**2 - 51744*b1*q4_0*q7_1*q8_1 - 14784*b1*q4_0*q9_1 - 18480*b1*q5_0*q8_1 - 10560*b1*q7_0 + 38720*b1*q7_1*q9_1**2 + 87120*b1*q8_1**2*q9_1 - 38720*b4**2*q11_1 + 19360*b4*q11_1*q7_1 + 10560*b4*q7_1 + 95040*q11_1*q2_0 - 29040*q11_1*q7_1**2 + 48400*q11_1*q8_1 - 7344*q2_0 - 9680*q8_1
23	3	[0,1]	8	772	3865224*a10_0*b4*q7_0 - 2898918*a10_0*q8_0 - 7086244*a12_0*b3*q11_1 - 7086244*a12_0*b4*q11_0 - 5314683*a13_0*b4*q10_1 + 5314683*a13_0*q11_0 - 3543122*a14_0*b4*q9_1 + 3543122*a14_0*q10_1 - 1771561*a15_0*b4*q8_1 + 1771561*a15_0*q9_1 - 16690740*a1_0*b1*b4*q11_1 + 1357620*a1_0*b1*b4 + 5270760*a1_0*b1*q11_1*q7_1 - 3953070*a1_0*b2*b3*q11_1 + 678810*a1_0*b2*b3 + 439230*a1_0*b2*b4**2*q10_1 + 8624880*a1_0*b2*b4**2*q2_0*q7_1**2 + 2695275*a1_0*b2*b4**2*q2_0*q8_1 + 3194400*a1_0*b2*b4**2*q3_0*q7_1 - 9223830*a1_0*b2*b4**2*q7_1**2*q8_1 - 8784600*a1_0*b2*b4**2*q7_1*q9_1 - 4392300*a1_0*b2*b4**2*q8_1**2 + 7027680*a1_0*b2*b4*q10_1*q7_1 - 28989180*a1_0*b2*b4*q11_0*q11_1 - 2635380*a1_0*b2*b4*q11_0 - 22999680*a1_0*b2*b4*q11_1*q2_0*q3_0 + 11859210*a1_0*b2*b4*q11_1*q2_0*q9_1 + 5270760*a1_0*b2*b4*q11_1*q3_0*q8_1 + 10541520*a1_0*b2*b4*q11_1*q5_0 + 3528360*a1_0*b2*b4*q2_0**2*q7_1 - 4312440*a1_0*b2*b4*q2_0*q7_1**3 - 21562200*a1_0*b2*b4*q2_0*q7_1*q8_1 - 3234330*a1_0*b2*b4*q2_0*q9_1 - 6388800*a1_0*b2*b4*q3_0*q7_1**2 - 4791600*a1_0*b2*b4*q3_0*q8_1 - 2236080*a1_0*b2*b4*q4_0*q7_1 + 9663060*a1_0*b2*b4*q7_1**2*q9_1 + 14055360*a1_0*b2*b4*q7_1*q8_1**2 + 15812280*a1_0*b2*b4*q8_1*q9_1 - 11859210*a1_0*b2*q10_1*q11_1*q2_0 + 539055*a1_0*b2*q10_1*q2_0 - 439230*a1_0*b2*q10_1*q7_1**2 - 7027680*a1_0*b2*q10_1*q8_1 + 1756920*a1_0*b2*q11_0*q7_1 - 9261945*a1_0*b2*q11_1*q2_0**3 + 20124720*a1_0*b2*q11_1*q2_0*q3_0*q7_1 + 17609130*a1_0*b2*q11_1*q2_0*q4_0 + 8944320*a1_0*b2*q11_1*q3_0**2 - 5270760*a1_0*b2*q11_1*q3_0*q9_1 - 9223830*a1_0*b2*q11_1*q5_0*q7_1 - 7686525*a1_0*b2*q11_1*q6_0 - 3087315*a1_0*b2*q2_0**2*q8_1 + 3773385*a1_0*b2*q2_0*q7_1**2*q8_1 + 4312440*a1_0*b2*q2_0*q7_1*q9_1 + 7546770*a1_0*b2*q2_0*q8_1**2 + 5590200*a1_0*b2*q3_0*q7_1*q8_1 + 1597200*a1_0*b2*q3_0*q9_1 + 1956570*a1_0*b2*q4_0*q8_1 - 9663060*a1_0*b2*q7_1*q8_1*q9_1 - 3074610*a1_0*b2*q8_1**3 - 3513840*a1_0*b2*q9_1**2 + 3513840*a1_0*b3*q10_1*q7_0 + 6468660*a1_0*b3*q11_1*q2_0**2*q7_0 - 3953070*a1_0*b3*q11_1*q2_0*q9_0 - 5270760*a1_0*b3*q11_1*q3_0*q8_0 - 6149220*a1_0*b3*q11_1*q4_0*q7_0 + 1764180*a1_0*b3*q2_0**2*q7_0 - 2156220*a1_0*b3*q2_0*q7_0*q7_1**2 - 4312440*a1_0*b3*q2_0*q7_0*q8_1 - 3194400*a1_0*b3*q3_0*q7_0*q7_1 - 1118040*a1_0*b3*q4_0*q7_0 + 3513840*a1_0*b3*q7_0*q7_1*q9_1 + 1756920*a1_0*b3*q7_0*q8_1**2 - 1976535*a1_0*b4*q10_0*q10_1*q2_0 - 1323135*a1_0*b4*q10_0*q2_0**3 + 1617165*a1_0*b4*q10_0*q2_0**2*q8_1 + 2874960*a1_0*b4*q10_0*q2_0*q3_0*q7_1 + 2515590*a1_0*b4*q10_0*q2_0*q4_0 + 1277760*a1_0*b4*q10_0*q3_0**2 - 1756920*a1_0*b4*q10_0*q3_0*q9_1 - 1537305*a1_0*b4*q10_0*q4_0*q8_1 - 1317690*a1_0*b4*q10_0*q5_0*q7_1 - 1098075*a1_0*b4*q10_0*q6_0 + 4851495*a1_0*b4*q10_1*q2_0**2*q8_0 + 11499840*a1_0*b4*q10_1*q2_0*q3_0*q7_0 - 3513840*a1_0*b4*q10_1*q3_0*q9_0 - 4611915*a1_0*b4*q10_1*q4_0*q8_0 - 5270760*a1_0*b4*q10_1*q5_0*q7_0 + 6468660*a1_0*b4*q11_0*q2_0**2*q7_0 - 3953070*a1_0*b4*q11_0*q2_0*q9_0 - 5270760*a1_0*b4*q11_0*q3_0*q8_0 - 6149220*a1_0*b4*q11_0*q4_0*q7_0 + 4330260*a1_0*b4*q2_0**4*q7_0*q7_1 + 3247695*a1_0*b4*q2_0**4*q8_0 + 15396480*a1_0*b4*q2_0**3*q3_0*q7_0 - 5292540*a1_0*b4*q2_0**3*q7_0*q9_1 - 2646270*a1_0*b4*q2_0**3*q7_1*q9_0 - 3969405*a1_0*b4*q2_0**3*q8_0*q8_1 - 14113440*a1_0*b4*q2_0**2*q3_0*q7_0*q8_1 - 10585080*a1_0*b4*q2_0**2*q3_0*q7_1*q8_0 - 7056720*a1_0*b4*q2_0**2*q3_0*q9_0 - 12349260*a1_0*b4*q2_0**2*q4_0*q7_0*q7_1 - 9261945*a1_0*b4*q2_0**2*q4_0*q8_0 - 10585080*a1_0*b4*q2_0**2*q5_0*q7_0 + 3234330*a1_0*b4*q2_0**2*q9_0*q9_1 - 12545280*a1_0*b4*q2_0*q3_0**2*q7_0*q7_1 - 9408960*a1_0*b4*q2_0*q3_0**2*q8_0 - 21954240*a1_0*b4*q2_0*q3_0*q4_0*q7_0 + 8624880*a1_0*b4*q2_0*q3_0*q8_0*q9_1 + 5749920*a1_0*b4*q2_0*q3_0*q8_1*q9_0 + 10062360*a1_0*b4*q2_0*q4_0*q7_0*q9_1 + 5031180*a1_0*b4*q2_0*q4_0*q7_1*q9_0 + 7546770*a1_0*b4*q2_0*q4_0*q8_0*q8_1 + 8624880*a1_0*b4*q2_0*q5_0*q7_0*q8_1 + 6468660*a1_0*b4*q2_0*q5_0*q7_1*q8_0 + 4312440*a1_0*b4*q2_0*q5_0*q9_0 + 7187400*a1_0*b4*q2_0*q6_0*q7_0*q7_1 + 5390550*a1_0*b4*q2_0*q6_0*q8_0 + 5749920*a1_0*b4*q2_0*q7_0**2 - 3717120*a1_0*b4*q3_0**3*q7_0 + 5111040*a1_0*b4*q3_0**2*q7_0*q9_1 + 2555520*a1_0*b4*q3_0**2*q7_1*q9_0 + 3833280*a1_0*b4*q3_0**2*q8_0*q8_1 + 8944320*a1_0*b4*q3_0*q4_0*q7_0*q8_1 + 6708240*a1_0*b4*q3_0*q4_0*q7_1*q8_0 + 4472160*a1_0*b4*q3_0*q4_0*q9_0 + 7666560*a1_0*b4*q3_0*q5_0*q7_0*q7_1 + 5749920*a1_0*b4*q3_0*q5_0*q8_0 + 6388800*a1_0*b4*q3_0*q6_0*q7_0 + 3913140*a1_0*b4*q4_0**2*q7_0*q7_1 + 2934855*a1_0*b4*q4_0**2*q8_0 + 6708240*a1_0*b4*q4_0*q5_0*q7_0 - 3074610*a1_0*b4*q4_0*q9_0*q9_1 - 3953070*a1_0*b4*q5_0*q8_0*q9_1 - 2635380*a1_0*b4*q5_0*q8_1*q9_0 - 4392300*a1_0*b4*q6_0*q7_0*q9_1 - 2196150*a1_0*b4*q6_0*q7_1*q9_0 - 3294225*a1_0*b4*q6_0*q8_0*q8_1 - 3513840*a1_0*b4*q7_0**2*q8_1 - 5270760*a1_0*b4*q7_0*q7_1*q8_0 - 3513840*a1_0*b4*q7_0*q9_0 - 1976535*a1_0*b4*q8_0**2 + 1756920*a1_0*q10_0*q10_1*q3_0 + 1976535*a1_0*q10_0*q11_0*q2_0 + 1323135*a1_0*q10_0*q2_0**3*q7_1 + 3528360*a1_0*q10_0*q2_0**2*q3_0 - 1617165*a1_0*q10_0*q2_0**2*q9_1 - 2874960*a1_0*q10_0*q2_0*q3_0*q8_1 - 2515590*a1_0*q10_0*q2_0*q4_0*q7_1 - 2156220*a1_0*q10_0*q2_0*q5_0 - 1277760*a1_0*q10_0*q3_0**2*q7_1 - 2236080*a1_0*q10_0*q3_0*q4_0 + 1537305*a1_0*q10_0*q4_0*q9_1 + 1317690*a1_0*q10_0*q5_0*q8_1 + 1098075*a1_0*q10_0*q6_0*q7_1 + 878460*a1_0*q10_0*q7_0 - 3234330*a1_0*q10_1*q2_0**2*q9_0 - 8624880*a1_0*q10_1*q2_0*q3_0*q8_0 + 3074610*a1_0*q10_1*q4_0*q9_0 + 3953070*a1_0*q10_1*q5_0*q8_0 - 4851495*a1_0*q11_0*q2_0**2*q8_0 + 3513840*a1_0*q11_0*q3_0*q9_0 + 4611915*a1_0*q11_0*q4_0*q8_0 - 3247695*a1_0*q2_0**4*q7_1*q8_0 - 2165130*a1_0*q2_0**4*q9_0 - 11547360*a1_0*q2_0**3*q3_0*q8_0 + 3969405*a1_0*q2_0**3*q8_0*q9_1 + 2646270*a1_0*q2_0**3*q8_1*q9_0 + 7056720*a1_0*q2_0**2*q3_0*q7_1*q9_0 + 10585080*a1_0*q2_0**2*q3_0*q8_0*q8_1 + 9261945*a1_0*q2_0**2*q4_0*q7_1*q8_0 + 6174630*a1_0*q2_0**2*q4_0*q9_0 + 7938810*a1_0*q2_0**2*q5_0*q8_0 + 9408960*a1_0*q2_0*q3_0**2*q7_1*q8_0 + 6272640*a1_0*q2_0*q3_0**2*q9_0 + 16465680*a1_0*q2_0*q3_0*q4_0*q8_0 - 5749920*a1_0*q2_0*q3_0*q9_0*q9_1 - 7546770*a1_0*q2_0*q4_0*q8_0*q9_1 - 5031180*a1_0*q2_0*q4_0*q8_1*q9_0 - 4312440*a1_0*q2_0*q5_0*q7_1*q9_0 - 6468660*a1_0*q2_0*q5_0*q8_0*q8_1 - 5390550*a1_0*q2_0*q6_0*q7_1*q8_0 - 3593700*a1_0*q2_0*q6_0*q9_0 - 4312440*a1_0*q2_0*q7_0*q8_0 + 2787840*a1_0*q3_0**3*q8_0 - 3833280*a1_0*q3_0**2*q8_0*q9_1 - 2555520*a1_0*q3_0**2*q8_1*q9_0 - 4472160*a1_0*q3_0*q4_0*q7_1*q9_0 - 6708240*a1_0*q3_0*q4_0*q8_0*q8_1 - 5749920*a1_0*q3_0*q5_0*q7_1*q8_0 - 3833280*a1_0*q3_0*q5_0*q9_0 - 4791600*a1_0*q3_0*q6_0*q8_0 - 2934855*a1_0*q4_0**2*q7_1*q8_0 - 1956570*a1_0*q4_0**2*q9_0 - 5031180*a1_0*q4_0*q5_0*q8_0 + 2635380*a1_0*q5_0*q9_0*q9_1 + 3294225*a1_0*q6_0*q8_0*q9_1 + 2196150*a1_0*q6_0*q8_1*q9_0 + 1756920*a1_0*q7_0*q7_1*q9_0 + 2635380*a1_0*q7_0*q8_0*q8_1 + 1976535*a1_0*q7_1*q8_0**2 + 2635380*a1_0*q8_0*q9_0 + 9223830*a2_0*b1*q11_1 - 950334*a2_0*b1 + 2683296*a2_0*b2*b4**2*q2_0*q7_1 - 2459688*a2_0*b2*b4**2*q7_1**3 - 7993986*a2_0*b2*b4**2*q7_1*q8_1 - 614922*a2_0*b2*b4**2*q9_1 - 20292426*a2_0*b2*b4*q10_1*q11_1 - 12074832*a2_0*b2*b4*q11_1*q2_0**2 + 5534298*a2_0*b2*b4*q11_1*q2_0*q8_1 + 11478544*a2_0*b2*b4*q11_1*q4_0 - 5366592*a2_0*b2*b4*q2_0*q7_1**2 - 4024944*a2_0*b2*b4*q2_0*q8_1 - 1788864*a2_0*b2*b4*q3_0*q7_1 + 8608908*a2_0*b2*b4*q7_1**2*q8_1 + 8608908*a2_0*b2*b4*q7_1*q9_1 + 7379064*a2_0*b2*b4*q8_1**2 - 614922*a2_0*b2*q10_1*q7_1 + 20292426*a2_0*b2*q11_0*q11_1 + 614922*a2_0*b2*q11_0 + 10565478*a2_0*b2*q11_1*q2_0**2*q7_1 + 18783072*a2_0*b2*q11_1*q2_0*q3_0 - 5534298*a2_0*b2*q11_1*q2_0*q9_1 - 10043726*a2_0*b2*q11_1*q4_0*q7_1 - 8608908*a2_0*b2*q11_1*q5_0 + 4695768*a2_0*b2*q2_0*q7_1*q8_1 + 1341648*a2_0*b2*q2_0*q9_1 + 1565256*a2_0*b2*q3_0*q8_1 - 1229844*a2_0*b2*q7_1**2*q9_1 - 4304454*a2_0*b2*q7_1*q8_1**2 - 6764142*a2_0*b2*q8_1*q9_1 + 2254714*a2_0*b3*q10_0*q11_1 - 5534298*a2_0*b3*q11_1*q2_0*q8_0 - 6559168*a2_0*b3*q11_1*q3_0*q7_0 - 2683296*a2_0*b3*q2_0*q7_0*q7_1 - 894432*a2_0*b3*q3_0*q7_0 + 2459688*a2_0*b3*q7_0*q7_1*q8_1 + 2459688*a2_0*b3*q7_0*q9_1 + 2254714*a2_0*b4*q10_0*q11_0 + 1509354*a2_0*b4*q10_0*q2_0**2*q7_1 + 2683296*a2_0*b4*q10_0*q2_0*q3_0 - 1844766*a2_0*b4*q10_0*q2_0*q9_1 - 1639792*a2_0*b4*q10_0*q3_0*q8_1 - 1434818*a2_0*b4*q10_0*q4_0*q7_1 - 1229844*a2_0*b4*q10_0*q5_0 + 6037416*a2_0*b4*q10_1*q2_0**2*q7_0 - 3689532*a2_0*b4*q10_1*q2_0*q9_0 - 4919376*a2_0*b4*q10_1*q3_0*q8_0 - 5739272*a2_0*b4*q10_1*q4_0*q7_0 - 5534298*a2_0*b4*q11_0*q2_0*q8_0 - 6559168*a2_0*b4*q11_0*q3_0*q7_0 + 4041576*a2_0*b4*q2_0**4*q7_0 - 4939704*a2_0*b4*q2_0**3*q7_0*q8_1 - 3704778*a2_0*b4*q2_0**3*q7_1*q8_0 - 2469852*a2_0*b4*q2_0**3*q9_0 - 13172544*a2_0*b4*q2_0**2*q3_0*q7_0*q7_1 - 9879408*a2_0*b4*q2_0**2*q3_0*q8_0 - 11525976*a2_0*b4*q2_0**2*q4_0*q7_0 + 4528062*a2_0*b4*q2_0**2*q8_0*q9_1 + 3018708*a2_0*b4*q2_0**2*q8_1*q9_0 - 11708928*a2_0*b4*q2_0*q3_0**2*q7_0 + 10733184*a2_0*b4*q2_0*q3_0*q7_0*q9_1 + 5366592*a2_0*b4*q2_0*q3_0*q7_1*q9_0 + 8049888*a2_0*b4*q2_0*q3_0*q8_0*q8_1 + 9391536*a2_0*b4*q2_0*q4_0*q7_0*q8_1 + 7043652*a2_0*b4*q2_0*q4_0*q7_1*q8_0 + 4695768*a2_0*b4*q2_0*q4_0*q9_0 + 8049888*a2_0*b4*q2_0*q5_0*q7_0*q7_1 + 6037416*a2_0*b4*q2_0*q5_0*q8_0 + 6708240*a2_0*b4*q2_0*q6_0*q7_0 + 4770304*a2_0*b4*q3_0**2*q7_0*q8_1 + 3577728*a2_0*b4*q3_0**2*q7_1*q8_0 + 2385152*a2_0*b4*q3_0**2*q9_0 + 8348032*a2_0*b4*q3_0*q4_0*q7_0*q7_1 + 6261024*a2_0*b4*q3_0*q4_0*q8_0 + 7155456*a2_0*b4*q3_0*q5_0*q7_0 - 3279584*a2_0*b4*q3_0*q9_0*q9_1 + 3652264*a2_0*b4*q4_0**2*q7_0 - 4304454*a2_0*b4*q4_0*q8_0*q9_1 - 2869636*a2_0*b4*q4_0*q8_1*q9_0 - 4919376*a2_0*b4*q5_0*q7_0*q9_1 - 2459688*a2_0*b4*q5_0*q7_1*q9_0 - 3689532*a2_0*b4*q5_0*q8_0*q8_1 - 4099480*a2_0*b4*q6_0*q7_0*q8_1 - 3074610*a2_0*b4*q6_0*q7_1*q8_0 - 2049740*a2_0*b4*q6_0*q9_0 - 3279584*a2_0*b4*q7_0**2*q7_1 - 4919376*a2_0*b4*q7_0*q8_0 + 1844766*a2_0*q10_0*q10_1*q2_0 + 1234926*a2_0*q10_0*q2_0**3 - 1509354*a2_0*q10_0*q2_0**2*q8_1 - 2683296*a2_0*q10_0*q2_0*q3_0*q7_1 - 2347884*a2_0*q10_0*q2_0*q4_0 - 1192576*a2_0*q10_0*q3_0**2 + 1639792*a2_0*q10_0*q3_0*q9_1 + 1434818*a2_0*q10_0*q4_0*q8_1 + 1229844*a2_0*q10_0*q5_0*q7_1 + 1024870*a2_0*q10_0*q6_0 - 4528062*a2_0*q10_1*q2_0**2*q8_0 + 3279584*a2_0*q10_1*q3_0*q9_0 + 4304454*a2_0*q10_1*q4_0*q8_0 + 3689532*a2_0*q11_0*q2_0*q9_0 + 4919376*a2_0*q11_0*q3_0*q8_0 - 3031182*a2_0*q2_0**4*q8_0 + 2469852*a2_0*q2_0**3*q7_1*q9_0 + 3704778*a2_0*q2_0**3*q8_0*q8_1 + 9879408*a2_0*q2_0**2*q3_0*q7_1*q8_0 + 6586272*a2_0*q2_0**2*q3_0*q9_0 + 8644482*a2_0*q2_0**2*q4_0*q8_0 - 3018708*a2_0*q2_0**2*q9_0*q9_1 + 8781696*a2_0*q2_0*q3_0**2*q8_0 - 8049888*a2_0*q2_0*q3_0*q8_0*q9_1 - 5366592*a2_0*q2_0*q3_0*q8_1*q9_0 - 4695768*a2_0*q2_0*q4_0*q7_1*q9_0 - 7043652*a2_0*q2_0*q4_0*q8_0*q8_1 - 6037416*a2_0*q2_0*q5_0*q7_1*q8_0 - 4024944*a2_0*q2_0*q5_0*q9_0 - 5031180*a2_0*q2_0*q6_0*q8_0 - 2385152*a2_0*q3_0**2*q7_1*q9_0 - 3577728*a2_0*q3_0**2*q8_0*q8_1 - 6261024*a2_0*q3_0*q4_0*q7_1*q8_0 - 4174016*a2_0*q3_0*q4_0*q9_0 - 5366592*a2_0*q3_0*q5_0*q8_0 - 2739198*a2_0*q4_0**2*q8_0 + 2869636*a2_0*q4_0*q9_0*q9_1 + 3689532*a2_0*q5_0*q8_0*q9_1 + 2459688*a2_0*q5_0*q8_1*q9_0 + 2049740*a2_0*q6_0*q7_1*q9_0 + 3074610*a2_0*q6_0*q8_0*q8_1 + 2459688*a2_0*q7_0*q7_1*q8_0 + 1639792*a2_0*q7_0*q9_0 + 1844766*a2_0*q8_0**2 - 3045328*a3_0*b2*b4**2*q7_1**2 - 951665*a3_0*b2*b4**2*q8_1 + 12181312*a3_0*b2*b4*q11_1*q3_0 - 12561978*a3_0*b2*b4*q11_1*q9_1 - 1245816*a3_0*b2*b4*q2_0*q7_1 + 1522664*a3_0*b2*b4*q7_1**3 + 7613320*a3_0*b2*b4*q7_1*q8_1 + 1141998*a3_0*b2*b4*q9_1 + 12561978*a3_0*b2*q10_1*q11_1 - 190333*a3_0*b2*q10_1 + 9810801*a3_0*b2*q11_1*q2_0**2 - 10658648*a3_0*b2*q11_1*q3_0*q7_1 - 9326317*a3_0*b2*q11_1*q4_0 + 1090089*a3_0*b2*q2_0*q8_1 - 1332331*a3_0*b2*q7_1**2*q8_1 - 1522664*a3_0*b2*q7_1*q9_1 - 2664662*a3_0*b2*q8_1**2 - 6851988*a3_0*b3*q11_1*q2_0*q7_0 + 4187326*a3_0*b3*q11_1*q9_0 - 622908*a3_0*b3*q2_0*q7_0 + 761332*a3_0*b3*q7_0*q7_1**2 + 1522664*a3_0*b3*q7_0*q8_1 + 2093663*a3_0*b4*q10_0*q10_1 + 1401543*a3_0*b4*q10_0*q2_0**2 - 1712997*a3_0*b4*q10_0*q2_0*q8_1 - 1522664*a3_0*b4*q10_0*q3_0*q7_1 - 1332331*a3_0*b4*q10_0*q4_0 - 5138991*a3_0*b4*q10_1*q2_0*q8_0 - 6090656*a3_0*b4*q10_1*q3_0*q7_0 - 6851988*a3_0*b4*q11_0*q2_0*q7_0 + 4187326*a3_0*b4*q11_0*q9_0 - 4586868*a3_0*b4*q2_0**3*q7_0*q7_1 - 3440151*a3_0*b4*q2_0**3*q8_0 - 12231648*a3_0*b4*q2_0**2*q3_0*q7_0 + 5606172*a3_0*b4*q2_0**2*q7_0*q9_1 + 2803086*a3_0*b4*q2_0**2*q7_1*q9_0 + 4204629*a3_0*b4*q2_0**2*q8_0*q8_1 + 9966528*a3_0*b4*q2_0*q3_0*q7_0*q8_1 + 7474896*a3_0*b4*q2_0*q3_0*q7_1*q8_0 + 4983264*a3_0*b4*q2_0*q3_0*q9_0 + 8720712*a3_0*b4*q2_0*q4_0*q7_0*q7_1 + 6540534*a3_0*b4*q2_0*q4_0*q8_0 + 7474896*a3_0*b4*q2_0*q5_0*q7_0 - 3425994*a3_0*b4*q2_0*q9_0*q9_1 + 4429568*a3_0*b4*q3_0**2*q7_0*q7_1 + 3322176*a3_0*b4*q3_0**2*q8_0 + 7751744*a3_0*b4*q3_0*q4_0*q7_0 - 4567992*a3_0*b4*q3_0*q8_0*q9_1 - 3045328*a3_0*b4*q3_0*q8_1*q9_0 - 5329324*a3_0*b4*q4_0*q7_0*q9_1 - 2664662*a3_0*b4*q4_0*q7_1*q9_0 - 3996993*a3_0*b4*q4_0*q8_0*q8_1 - 4567992*a3_0*b4*q5_0*q7_0*q8_1 - 3425994*a3_0*b4*q5_0*q7_1*q8_0 - 2283996*a3_0*b4*q5_0*q9_0 - 3806660*a3_0*b4*q6_0*q7_0*q7_1 - 2854995*a3_0*b4*q6_0*q8_0 - 3045328*a3_0*b4*q7_0**2 - 2093663*a3_0*q10_0*q11_0 - 1401543*a3_0*q10_0*q2_0**2*q7_1 - 2491632*a3_0*q10_0*q2_0*q3_0 + 1712997*a3_0*q10_0*q2_0*q9_1 + 1522664*a3_0*q10_0*q3_0*q8_1 + 1332331*a3_0*q10_0*q4_0*q7_1 + 1141998*a3_0*q10_0*q5_0 + 3425994*a3_0*q10_1*q2_0*q9_0 + 4567992*a3_0*q10_1*q3_0*q8_0 + 5138991*a3_0*q11_0*q2_0*q8_0 + 3440151*a3_0*q2_0**3*q7_1*q8_0 + 2293434*a3_0*q2_0**3*q9_0 + 9173736*a3_0*q2_0**2*q3_0*q8_0 - 4204629*a3_0*q2_0**2*q8_0*q9_1 - 2803086*a3_0*q2_0**2*q8_1*q9_0 - 4983264*a3_0*q2_0*q3_0*q7_1*q9_0 - 7474896*a3_0*q2_0*q3_0*q8_0*q8_1 - 6540534*a3_0*q2_0*q4_0*q7_1*q8_0 - 4360356*a3_0*q2_0*q4_0*q9_0 - 5606172*a3_0*q2_0*q5_0*q8_0 - 3322176*a3_0*q3_0**2*q7_1*q8_0 - 2214784*a3_0*q3_0**2*q9_0 - 5813808*a3_0*q3_0*q4_0*q8_0 + 3045328*a3_0*q3_0*q9_0*q9_1 + 3996993*a3_0*q4_0*q8_0*q9_1 + 2664662*a3_0*q4_0*q8_1*q9_0 + 2283996*a3_0*q5_0*q7_1*q9_0 + 3425994*a3_0*q5_0*q8_0*q8_1 + 2854995*a3_0*q6_0*q7_1*q8_0 + 1903330*a3_0*q6_0*q9_0 + 2283996*a3_0*q7_0*q8_0 - 702768*a4_0*b2*b4**2*q7_1 + 12649824*a4_0*b2*b4*q11_1*q2_0 - 5797836*a4_0*b2*b4*q11_1*q8_1 + 1405536*a4_0*b2*b4*q7_1**2 + 1054152*a4_0*b2*b4*q8_1 - 11068596*a4_0*b2*q11_1*q2_0*q7_1 - 9838752*a4_0*b2*q11_1*q3_0 + 5797836*a4_0*b2*q11_1*q9_1 - 1229844*a4_0*b2*q7_1*q8_1 - 351384*a4_0*b2*q9_1 + 5797836*a4_0*b3*q11_1*q8_0 + 702768*a4_0*b3*q7_0*q7_1 - 1581228*a4_0*b4*q10_0*q2_0*q7_1 - 1405536*a4_0*b4*q10_0*q3_0 + 1932612*a4_0*b4*q10_0*q9_1 - 6324912*a4_0*b4*q10_1*q2_0*q7_0 + 3865224*a4_0*b4*q10_1*q9_0 + 5797836*a4_0*b4*q11_0*q8_0 - 4234032*a4_0*b4*q2_0**3*q7_0 + 5174928*a4_0*b4*q2_0**2*q7_0*q8_1 + 3881196*a4_0*b4*q2_0**2*q7_1*q8_0 + 2587464*a4_0*b4*q2_0**2*q9_0 + 9199872*a4_0*b4*q2_0*q3_0*q7_0*q7_1 + 6899904*a4_0*b4*q2_0*q3_0*q8_0 + 8049888*a4_0*b4*q2_0*q4_0*q7_0 - 4743684*a4_0*b4*q2_0*q8_0*q9_1 - 3162456*a4_0*b4*q2_0*q8_1*q9_0 + 4088832*a4_0*b4*q3_0**2*q7_0 - 5622144*a4_0*b4*q3_0*q7_0*q9_1 - 2811072*a4_0*b4*q3_0*q7_1*q9_0 - 4216608*a4_0*b4*q3_0*q8_0*q8_1 - 4919376*a4_0*b4*q4_0*q7_0*q8_1 - 3689532*a4_0*b4*q4_0*q7_1*q8_0 - 2459688*a4_0*b4*q4_0*q9_0 - 4216608*a4_0*b4*q5_0*q7_0*q7_1 - 3162456*a4_0*b4*q5_0*q8_0 - 3513840*a4_0*b4*q6_0*q7_0 - 1932612*a4_0*q10_0*q10_1 - 1293732*a4_0*q10_0*q2_0**2 + 1581228*a4_0*q10_0*q2_0*q8_1 + 1405536*a4_0*q10_0*q3_0*q7_1 + 1229844*a4_0*q10_0*q4_0 + 4743684*a4_0*q10_1*q2_0*q8_0 - 3865224*a4_0*q11_0*q9_0 + 3175524*a4_0*q2_0**3*q8_0 - 2587464*a4_0*q2_0**2*q7_1*q9_0 - 3881196*a4_0*q2_0**2*q8_0*q8_1 - 6899904*a4_0*q2_0*q3_0*q7_1*q8_0 - 4599936*a4_0*q2_0*q3_0*q9_0 - 6037416*a4_0*q2_0*q4_0*q8_0 + 3162456*a4_0*q2_0*q9_0*q9_1 - 3066624*a4_0*q3_0**2*q8_0 + 4216608*a4_0*q3_0*q8_0*q9_1 + 2811072*a4_0*q3_0*q8_1*q9_0 + 2459688*a4_0*q4_0*q7_1*q9_0 + 3689532*a4_0*q4_0*q8_0*q8_1 + 3162456*a4_0*q5_0*q7_1*q8_0 + 2108304*a4_0*q5_0*q9_0 + 2635380*a4_0*q6_0*q8_0 - 12884080*a6_0*b2*b4*q11_1 + 11273570*a6_0*b2*q11_1*q7_1 + 1610510*a6_0*b4*q10_0*q7_1 + 6442040*a6_0*b4*q10_1*q7_0 + 4312440*a6_0*b4*q2_0**2*q7_0 - 5270760*a6_0*b4*q2_0*q7_0*q8_1 - 3953070*a6_0*b4*q2_0*q7_1*q8_0 - 2635380*a6_0*b4*q2_0*q9_0 - 4685120*a6_0*b4*q3_0*q7_0*q7_1 - 3513840*a6_0*b4*q3_0*q8_0 - 4099480*a6_0*b4*q4_0*q7_0 + 4831530*a6_0*b4*q8_0*q9_1 + 3221020*a6_0*b4*q8_1*q9_0 + 1317690*a6_0*q10_0*q2_0 - 1610510*a6_0*q10_0*q8_1 - 4831530*a6_0*q10_1*q8_0 - 3234330*a6_0*q2_0**2*q8_0 + 2635380*a6_0*q2_0*q7_1*q9_0 + 3953070*a6_0*q2_0*q8_0*q8_1 + 3513840*a6_0*q3_0*q7_1*q8_0 + 2342560*a6_0*q3_0*q9_0 + 3074610*a6_0*q4_0*q8_0 - 3221020*a6_0*q9_0*q9_1 + 10146213*a7_0*b2*q11_1 + 1449459*a7_0*b4*q10_0 - 4743684*a7_0*b4*q2_0*q7_0*q7_1 - 3557763*a7_0*b4*q2_0*q8_0 - 4216608*a7_0*b4*q3_0*q7_0 + 5797836*a7_0*b4*q7_0*q9_1 + 2898918*a7_0*b4*q7_1*q9_0 + 4348377*a7_0*b4*q8_0*q8_1 - 1449459*a7_0*q10_0*q7_1 + 3557763*a7_0*q2_0*q7_1*q8_0 + 2371842*a7_0*q2_0*q9_0 + 3162456*a7_0*q3_0*q8_0 - 4348377*a7_0*q8_0*q9_1 - 2898918*a7_0*q8_1*q9_0 - 4216608*a8_0*b4*q2_0*q7_0 + 5153632*a8_0*b4*q7_0*q8_1 + 3865224*a8_0*b4*q7_1*q8_0 + 2576816*a8_0*b4*q9_0 - 1288408*a8_0*q10_0 + 3162456*a8_0*q2_0*q8_0 - 2576816*a8_0*q7_1*q9_0 - 3865224*a8_0*q8_0*q8_1 + 4509428*a9_0*b4*q7_0*q7_1 + 3382071*a9_0*b4*q8_0 - 3382071*a9_0*q7_1*q8_0 - 2254714*a9_0*q9_0 + 4685120*b1*b4**2*q11_1 - 2342560*b1*b4*q11_1*q7_1 - 1277760*b1*b4*q7_1 - 11499840*b1*q11_1*q2_0 + 3513840*b1*q11_1*q7_1**2 - 5856400*b1*q11_1*q8_1 + 888624*b1*q2_0 + 1171280*b1*q8_1 - 2342560*b2*b3*b4*q11_1 - 1171280*b2*b3*q11_1*q7_1 + 425920*b2*b3*q7_1 - 8198960*b2*b4**2*q10_1*q7_1 + 2342560*b2*b4**2*q11_0 - 5645376*b2*b4**2*q2_0**2*q7_1 + 6133248*b2*b4**2*q2_0*q7_1**3 + 19933056*b2*b4**2*q2_0*q7_1*q8_1 + 1533312*b2*b4**2*q2_0*q9_1 + 9540608*b2*b4**2*q3_0*q7_1**2 + 2981440*b2*b4**2*q3_0*q8_1 + 3577728*b2*b4**2*q4_0*q7_1 - 10541520*b2*b4**2*q7_1**2*q9_1 - 10541520*b2*b4**2*q7_1*q8_1**2 - 8198960*b2*b4**2*q8_1*q9_1 + 18974736*b2*b4*q10_1*q11_1*q2_0 + 9370240*b2*b4*q10_1*q7_1**2 + 14055360*b2*b4*q10_1*q8_1 + 2342560*b2*b4*q11_0*q7_1 + 11290752*b2*b4*q11_1*q2_0**3 - 5174928*b2*b4*q11_1*q2_0**2*q8_1 - 21466368*b2*b4*q11_1*q2_0*q4_0 - 10903552*b2*b4*q11_1*q3_0**2 + 11244288*b2*b4*q11_1*q3_0*q9_1 + 4919376*b2*b4*q11_1*q4_0*q8_1 + 9370240*b2*b4*q11_1*q6_0 + 11290752*b2*b4*q2_0**2*q7_1**2 + 8468064*b2*b4*q2_0**2*q8_1 + 8363520*b2*b4*q2_0*q3_0*q7_1 - 21466368*b2*b4*q2_0*q7_1**2*q8_1 - 21466368*b2*b4*q2_0*q7_1*q9_1 - 18399744*b2*b4*q2_0*q8_1**2 - 4770304*b2*b4*q3_0*q7_1**3 - 23851520*b2*b4*q3_0*q7_1*q8_1 - 3577728*b2*b4*q3_0*q9_1 - 7155456*b2*b4*q4_0*q7_1**2 - 5366592*b2*b4*q4_0*q8_1 - 2555520*b2*b4*q5_0*q7_1 + 30453280*b2*b4*q7_1*q8_1*q9_1 + 7027680*b2*b4*q8_1**3 + 7027680*b2*b4*q9_1**2 - 11244288*b2*q10_1*q11_1*q3_0 + 1533312*b2*q10_1*q2_0*q7_1 + 596288*b2*q10_1*q3_0 - 9370240*b2*q10_1*q7_1*q8_1 - 5856400*b2*q10_1*q9_1 - 18974736*b2*q11_0*q11_1*q2_0 - 1533312*b2*q11_0*q2_0 + 1171280*b2*q11_0*q7_1**2 - 5856400*b2*q11_0*q8_1 - 9879408*b2*q11_1*q2_0**3*q7_1 - 26345088*b2*q11_1*q2_0**2*q3_0 + 5174928*b2*q11_1*q2_0**2*q9_1 + 18783072*b2*q11_1*q2_0*q4_0*q7_1 + 16099776*b2*q11_1*q2_0*q5_0 + 9540608*b2*q11_1*q3_0**2*q7_1 + 16696064*b2*q11_1*q3_0*q4_0 - 4919376*b2*q11_1*q4_0*q9_1 - 8198960*b2*q11_1*q6_0*q7_1 - 15929408*b2*q11_1*q7_0 - 9879408*b2*q2_0**2*q7_1*q8_1 - 2822688*b2*q2_0**2*q9_1 - 7318080*b2*q2_0*q3_0*q8_1 + 3066624*b2*q2_0*q7_1**2*q9_1 + 10733184*b2*q2_0*q7_1*q8_1**2 + 16866432*b2*q2_0*q8_1*q9_1 + 4174016*b2*q3_0*q7_1**2*q8_1 + 4770304*b2*q3_0*q7_1*q9_1 + 8348032*b2*q3_0*q8_1**2 + 6261024*b2*q4_0*q7_1*q8_1 + 1788864*b2*q4_0*q9_1 + 2236080*b2*q5_0*q8_1 + 851840*b2*q7_0 - 4685120*b2*q7_1*q9_1**2 - 10541520*b2*q8_1**2*q9_1 - 2108304*b3*q10_0*q11_1*q2_0 + 4685120*b3*q10_1*q7_0*q7_1 + 4685120*b3*q11_0*q7_0 + 5174928*b3*q11_1*q2_0**2*q8_0 + 12266496*b3*q11_1*q2_0*q3_0*q7_0 - 3748096*b3*q11_1*q3_0*q9_0 - 4919376*b3*q11_1*q4_0*q8_0 - 5622144*b3*q11_1*q5_0*q7_0 + 5645376*b3*q2_0**2*q7_0*q7_1 + 4181760*b3*q2_0*q3_0*q7_0 - 6133248*b3*q2_0*q7_0*q7_1*q8_1 - 6133248*b3*q2_0*q7_0*q9_1 - 2385152*b3*q3_0*q7_0*q7_1**2 - 4770304*b3*q3_0*q7_0*q8_1 - 3577728*b3*q4_0*q7_0*q7_1 - 1277760*b3*q5_0*q7_0 + 4685120*b3*q7_0*q8_1*q9_1 - 1874048*b4*q10_0*q10_1*q3_0 - 2108304*b4*q10_0*q11_0*q2_0 - 1411344*b4*q10_0*q2_0**3*q7_1 - 3763584*b4*q10_0*q2_0**2*q3_0 + 1724976*b4*q10_0*q2_0**2*q9_1 + 3066624*b4*q10_0*q2_0*q3_0*q8_1 + 2683296*b4*q10_0*q2_0*q4_0*q7_1 + 2299968*b4*q10_0*q2_0*q5_0 + 1362944*b4*q10_0*q3_0**2*q7_1 + 2385152*b4*q10_0*q3_0*q4_0 - 1639792*b4*q10_0*q4_0*q9_1 - 1405536*b4*q10_0*q5_0*q8_1 - 1171280*b4*q10_0*q6_0*q7_1 - 1874048*b4*q10_0*q7_0 - 5645376*b4*q10_1*q2_0**3*q7_0 + 3449952*b4*q10_1*q2_0**2*q9_0 + 9199872*b4*q10_1*q2_0*q3_0*q8_0 + 10733184*b4*q10_1*q2_0*q4_0*q7_0 + 5451776*b4*q10_1*q3_0**2*q7_0 - 3279584*b4*q10_1*q4_0*q9_0 - 4216608*b4*q10_1*q5_0*q8_0 - 4685120*b4*q10_1*q6_0*q7_0 + 5174928*b4*q11_0*q2_0**2*q8_0 + 12266496*b4*q11_0*q2_0*q3_0*q7_0 - 3748096*b4*q11_0*q3_0*q9_0 - 4919376*b4*q11_0*q4_0*q8_0 - 5622144*b4*q11_0*q5_0*q7_0 - 3779136*b4*q2_0**5*q7_0 + 4618944*b4*q2_0**4*q7_0*q8_1 + 3464208*b4*q2_0**4*q7_1*q8_0 + 2309472*b4*q2_0**4*q9_0 + 16422912*b4*q2_0**3*q3_0*q7_0*q7_1 + 12317184*b4*q2_0**3*q3_0*q8_0 + 14370048*b4*q2_0**3*q4_0*q7_0 - 4234032*b4*q2_0**3*q8_0*q9_1 - 2822688*b4*q2_0**3*q8_1*q9_0 + 21897216*b4*q2_0**2*q3_0**2*q7_0 - 15054336*b4*q2_0**2*q3_0*q7_0*q9_1 - 7527168*b4*q2_0**2*q3_0*q7_1*q9_0 - 11290752*b4*q2_0**2*q3_0*q8_0*q8_1 - 13172544*b4*q2_0**2*q4_0*q7_0*q8_1 - 9879408*b4*q2_0**2*q4_0*q7_1*q8_0 - 6586272*b4*q2_0**2*q4_0*q9_0 - 11290752*b4*q2_0**2*q5_0*q7_0*q7_1 - 8468064*b4*q2_0**2*q5_0*q8_0 - 9408960*b4*q2_0**2*q6_0*q7_0 - 13381632*b4*q2_0*q3_0**2*q7_0*q8_1 - 10036224*b4*q2_0*q3_0**2*q7_1*q8_0 - 6690816*b4*q2_0*q3_0**2*q9_0 - 23417856*b4*q2_0*q3_0*q4_0*q7_0*q7_1 - 17563392*b4*q2_0*q3_0*q4_0*q8_0 - 20072448*b4*q2_0*q3_0*q5_0*q7_0 + 6133248*b4*q2_0*q3_0*q9_0*q9_1 - 10245312*b4*q2_0*q4_0**2*q7_0 + 8049888*b4*q2_0*q4_0*q8_0*q9_1 + 5366592*b4*q2_0*q4_0*q8_1*q9_0 + 9199872*b4*q2_0*q5_0*q7_0*q9_1 + 4599936*b4*q2_0*q5_0*q7_1*q9_0 + 6899904*b4*q2_0*q5_0*q8_0*q8_1 + 7666560*b4*q2_0*q6_0*q7_0*q8_1 + 5749920*b4*q2_0*q6_0*q7_1*q8_0 + 3833280*b4*q2_0*q6_0*q9_0 + 6133248*b4*q2_0*q7_0**2*q7_1 + 9199872*b4*q2_0*q7_0*q8_0 - 3964928*b4*q3_0**3*q7_0*q7_1 - 2973696*b4*q3_0**3*q8_0 - 10407936*b4*q3_0**2*q4_0*q7_0 + 4088832*b4*q3_0**2*q8_0*q9_1 + 2725888*b4*q3_0**2*q8_1*q9_0 + 9540608*b4*q3_0*q4_0*q7_0*q9_1 + 4770304*b4*q3_0*q4_0*q7_1*q9_0 + 7155456*b4*q3_0*q4_0*q8_0*q8_1 + 8177664*b4*q3_0*q5_0*q7_0*q8_1 + 6133248*b4*q3_0*q5_0*q7_1*q8_0 + 4088832*b4*q3_0*q5_0*q9_0 + 6814720*b4*q3_0*q6_0*q7_0*q7_1 + 5111040*b4*q3_0*q6_0*q8_0 + 5451776*b4*q3_0*q7_0**2 + 4174016*b4*q4_0**2*q7_0*q8_1 + 3130512*b4*q4_0**2*q7_1*q8_0 + 2087008*b4*q4_0**2*q9_0 + 7155456*b4*q4_0*q5_0*q7_0*q7_1 + 5366592*b4*q4_0*q5_0*q8_0 + 5962880*b4*q4_0*q6_0*q7_0 + 3066624*b4*q5_0**2*q7_0 - 2811072*b4*q5_0*q9_0*q9_1 - 3513840*b4*q6_0*q8_0*q9_1 - 2342560*b4*q6_0*q8_1*q9_0 - 3748096*b4*q7_0**2*q9_1 - 3748096*b4*q7_0*q7_1*q9_0 - 5622144*b4*q7_0*q8_0*q8_1 - 2108304*b4*q7_1*q8_0**2 - 2811072*b4*q8_0*q9_0 - 1724976*q10_0*q10_1*q2_0**2 + 1639792*q10_0*q10_1*q4_0 + 1874048*q10_0*q11_0*q3_0 - 1154736*q10_0*q2_0**4 + 1411344*q10_0*q2_0**3*q8_1 + 3763584*q10_0*q2_0**2*q3_0*q7_1 + 3293136*q10_0*q2_0**2*q4_0 + 3345408*q10_0*q2_0*q3_0**2 - 3066624*q10_0*q2_0*q3_0*q9_1 - 2683296*q10_0*q2_0*q4_0*q8_1 - 2299968*q10_0*q2_0*q5_0*q7_1 - 1916640*q10_0*q2_0*q6_0 - 1362944*q10_0*q3_0**2*q8_1 - 2385152*q10_0*q3_0*q4_0*q7_1 - 2044416*q10_0*q3_0*q5_0 - 1043504*q10_0*q4_0**2 + 1405536*q10_0*q5_0*q9_1 + 1171280*q10_0*q6_0*q8_1 + 937024*q10_0*q7_0*q7_1 + 1405536*q10_0*q8_0 + 4234032*q10_1*q2_0**3*q8_0 - 6133248*q10_1*q2_0*q3_0*q9_0 - 8049888*q10_1*q2_0*q4_0*q8_0 - 4088832*q10_1*q3_0**2*q8_0 + 2811072*q10_1*q5_0*q9_0 + 3513840*q10_1*q6_0*q8_0 - 3449952*q11_0*q2_0**2*q9_0 - 9199872*q11_0*q2_0*q3_0*q8_0 + 3279584*q11_0*q4_0*q9_0 + 4216608*q11_0*q5_0*q8_0 + 2834352*q2_0**5*q8_0 - 2309472*q2_0**4*q7_1*q9_0 - 3464208*q2_0**4*q8_0*q8_1 - 12317184*q2_0**3*q3_0*q7_1*q8_0 - 8211456*q2_0**3*q3_0*q9_0 - 10777536*q2_0**3*q4_0*q8_0 + 2822688*q2_0**3*q9_0*q9_1 - 16422912*q2_0**2*q3_0**2*q8_0 + 11290752*q2_0**2*q3_0*q8_0*q9_1 + 7527168*q2_0**2*q3_0*q8_1*q9_0 + 6586272*q2_0**2*q4_0*q7_1*q9_0 + 9879408*q2_0**2*q4_0*q8_0*q8_1 + 8468064*q2_0**2*q5_0*q7_1*q8_0 + 5645376*q2_0**2*q5_0*q9_0 + 7056720*q2_0**2*q6_0*q8_0 + 6690816*q2_0*q3_0**2*q7_1*q9_0 + 10036224*q2_0*q3_0**2*q8_0*q8_1 + 17563392*q2_0*q3_0*q4_0*q7_1*q8_0 + 11708928*q2_0*q3_0*q4_0*q9_0 + 15054336*q2_0*q3_0*q5_0*q8_0 + 7683984*q2_0*q4_0**2*q8_0 - 5366592*q2_0*q4_0*q9_0*q9_1 - 6899904*q2_0*q5_0*q8_0*q9_1 - 4599936*q2_0*q5_0*q8_1*q9_0 - 3833280*q2_0*q6_0*q7_1*q9_0 - 5749920*q2_0*q6_0*q8_0*q8_1 - 4599936*q2_0*q7_0*q7_1*q8_0 - 3066624*q2_0*q7_0*q9_0 - 3449952*q2_0*q8_0**2 + 2973696*q3_0**3*q7_1*q8_0 + 1982464*q3_0**3*q9_0 + 7805952*q3_0**2*q4_0*q8_0 - 2725888*q3_0**2*q9_0*q9_1 - 7155456*q3_0*q4_0*q8_0*q9_1 - 4770304*q3_0*q4_0*q8_1*q9_0 - 4088832*q3_0*q5_0*q7_1*q9_0 - 6133248*q3_0*q5_0*q8_0*q8_1 - 5111040*q3_0*q6_0*q7_1*q8_0 - 3407360*q3_0*q6_0*q9_0 - 4088832*q3_0*q7_0*q8_0 - 2087008*q4_0**2*q7_1*q9_0 - 3130512*q4_0**2*q8_0*q8_1 - 5366592*q4_0*q5_0*q7_1*q8_0 - 3577728*q4_0*q5_0*q9_0 - 4472160*q4_0*q6_0*q8_0 - 2299968*q5_0**2*q8_0 + 2342560*q6_0*q9_0*q9_1 + 2811072*q7_0*q8_0*q9_1 + 1874048*q7_0*q8_1*q9_0 + 2811072*q7_1*q8_0*q9_0 + 2108304*q8_0**2*q8_1 + 937024*q9_0**2
24	3	[0,0]	9	884	3865224*a10_0*b4**2*q7_1 - 5797836*a10_0*b4*q8_1 + 1932612*a10_0*q9_1 + 14172488*a12_0*b4*q11_1 - 10629366*a13_0*q11_1 + 16690740*a1_0*b2*b4*q11_1 - 1357620*a1_0*b2*b4 - 5270760*a1_0*b2*q11_1*q7_1 - 1317690*a1_0*b3**2*q11_1 - 439230*a1_0*b3*b4**2*q10_1 - 8624880*a1_0*b3*b4**2*q2_0*q7_1**2 - 2695275*a1_0*b3*b4**2*q2_0*q8_1 - 3194400*a1_0*b3*b4**2*q3_0*q7_1 + 9223830*a1_0*b3*b4**2*q7_1**2*q8_1 + 8784600*a1_0*b3*b4**2*q7_1*q9_1 + 4392300*a1_0*b3*b4**2*q8_1**2 - 3513840*a1_0*b3*b4*q10_1*q7_1 + 9663060*a1_0*b3*b4*q11_0*q11_1 + 2635380*a1_0*b3*b4*q11_0 + 11499840*a1_0*b3*b4*q11_1*q2_0*q3_0 - 3953070*a1_0*b3*b4*q11_1*q2_0*q9_1 - 1756920*a1_0*b3*b4*q11_1*q3_0*q8_1 - 5270760*a1_0*b3*b4*q11_1*q5_0 - 1764180*a1_0*b3*b4*q2_0**2*q7_1 + 2156220*a1_0*b3*b4*q2_0*q7_1**3 + 17249760*a1_0*b3*b4*q2_0*q7_1*q8_1 + 3234330*a1_0*b3*b4*q2_0*q9_1 + 3194400*a1_0*b3*b4*q3_0*q7_1**2 + 4791600*a1_0*b3*b4*q3_0*q8_1 + 1118040*a1_0*b3*b4*q4_0*q7_1 - 6149220*a1_0*b3*b4*q7_1**2*q9_1 - 12298440*a1_0*b3*b4*q7_1*q8_1**2 - 15812280*a1_0*b3*b4*q8_1*q9_1 + 3953070*a1_0*b3*q10_1*q11_1*q2_0 - 539055*a1_0*b3*q10_1*q2_0 + 439230*a1_0*b3*q10_1*q7_1**2 + 3513840*a1_0*b3*q10_1*q8_1 - 1756920*a1_0*b3*q11_0*q7_1 + 3969405*a1_0*b3*q11_1*q2_0**3 - 8624880*a1_0*b3*q11_1*q2_0*q3_0*q7_1 - 7546770*a1_0*b3*q11_1*q2_0*q4_0 - 3833280*a1_0*b3*q11_1*q3_0**2 + 1756920*a1_0*b3*q11_1*q3_0*q9_1 + 3953070*a1_0*b3*q11_1*q5_0*q7_1 + 3294225*a1_0*b3*q11_1*q6_0 + 1323135*a1_0*b3*q2_0**2*q8_1 - 1617165*a1_0*b3*q2_0*q7_1**2*q8_1 - 4312440*a1_0*b3*q2_0*q7_1*q9_1 - 3234330*a1_0*b3*q2_0*q8_1**2 - 2395800*a1_0*b3*q3_0*q7_1*q8_1 - 1597200*a1_0*b3*q3_0*q9_1 - 838530*a1_0*b3*q4_0*q8_1 + 6149220*a1_0*b3*q7_1*q8_1*q9_1 + 1317690*a1_0*b3*q8_1**3 + 3513840*a1_0*b3*q9_1**2 + 878460*a1_0*b4**2*q10_0 + 3953070*a1_0*b4**2*q10_1**2*q2_0 + 2646270*a1_0*b4**2*q10_1*q2_0**3 + 5749920*a1_0*b4**2*q10_1*q2_0*q3_0*q7_1 - 5031180*a1_0*b4**2*q10_1*q2_0*q4_0 - 2555520*a1_0*b4**2*q10_1*q3_0**2 + 3513840*a1_0*b4**2*q10_1*q3_0*q9_1 - 2635380*a1_0*b4**2*q10_1*q5_0*q7_1 + 2196150*a1_0*b4**2*q10_1*q6_0 - 9663060*a1_0*b4**2*q11_0**2 - 11499840*a1_0*b4**2*q11_0*q2_0*q3_0 + 7906140*a1_0*b4**2*q11_0*q2_0*q9_1 + 3513840*a1_0*b4**2*q11_0*q3_0*q8_1 + 5270760*a1_0*b4**2*q11_0*q5_0 + 4330260*a1_0*b4**2*q2_0**4*q7_1**2 + 2165130*a1_0*b4**2*q2_0**4*q8_1 + 15396480*a1_0*b4**2*q2_0**3*q3_0*q7_1 - 5292540*a1_0*b4**2*q2_0**3*q7_1*q9_1 - 2646270*a1_0*b4**2*q2_0**3*q8_1**2 - 21170160*a1_0*b4**2*q2_0**2*q3_0*q7_1*q8_1 - 12349260*a1_0*b4**2*q2_0**2*q4_0*q7_1**2 - 6174630*a1_0*b4**2*q2_0**2*q4_0*q8_1 - 10585080*a1_0*b4**2*q2_0**2*q5_0*q7_1 - 12545280*a1_0*b4**2*q2_0*q3_0**2*q7_1**2 - 6272640*a1_0*b4**2*q2_0*q3_0**2*q8_1 - 21954240*a1_0*b4**2*q2_0*q3_0*q4_0*q7_1 + 5749920*a1_0*b4**2*q2_0*q3_0*q8_1*q9_1 + 10062360*a1_0*b4**2*q2_0*q4_0*q7_1*q9_1 + 5031180*a1_0*b4**2*q2_0*q4_0*q8_1**2 + 12937320*a1_0*b4**2*q2_0*q5_0*q7_1*q8_1 + 7187400*a1_0*b4**2*q2_0*q6_0*q7_1**2 + 3593700*a1_0*b4**2*q2_0*q6_0*q8_1 - 2874960*a1_0*b4**2*q2_0*q7_0*q7_1 - 3234330*a1_0*b4**2*q2_0*q8_0 - 3717120*a1_0*b4**2*q3_0**3*q7_1 + 5111040*a1_0*b4**2*q3_0**2*q7_1*q9_1 + 2555520*a1_0*b4**2*q3_0**2*q8_1**2 + 13416480*a1_0*b4**2*q3_0*q4_0*q7_1*q8_1 + 7666560*a1_0*b4**2*q3_0*q5_0*q7_1**2 + 3833280*a1_0*b4**2*q3_0*q5_0*q8_1 + 6388800*a1_0*b4**2*q3_0*q6_0*q7_1 - 3194400*a1_0*b4**2*q3_0*q7_0 + 3913140*a1_0*b4**2*q4_0**2*q7_1**2 + 1956570*a1_0*b4**2*q4_0**2*q8_1 + 6708240*a1_0*b4**2*q4_0*q5_0*q7_1 - 2635380*a1_0*b4**2*q5_0*q8_1*q9_1 - 4392300*a1_0*b4**2*q6_0*q7_1*q9_1 - 2196150*a1_0*b4**2*q6_0*q8_1**2 + 1756920*a1_0*b4**2*q7_0*q7_1*q8_1 + 7027680*a1_0*b4**2*q7_0*q9_1 + 1756920*a1_0*b4**2*q7_1*q9_0 + 3953070*a1_0*b4**2*q8_0*q8_1 - 3513840*a1_0*b4*q10_0*q7_1 - 3513840*a1_0*b4*q10_1**2*q3_0 - 15812280*a1_0*b4*q10_1*q11_0*q2_0 - 2646270*a1_0*b4*q10_1*q2_0**3*q7_1 - 7056720*a1_0*b4*q10_1*q2_0**2*q3_0 - 11499840*a1_0*b4*q10_1*q2_0*q3_0*q8_1 + 5031180*a1_0*b4*q10_1*q2_0*q4_0*q7_1 + 4312440*a1_0*b4*q10_1*q2_0*q5_0 + 2555520*a1_0*b4*q10_1*q3_0**2*q7_1 + 4472160*a1_0*b4*q10_1*q3_0*q4_0 + 5270760*a1_0*b4*q10_1*q5_0*q8_1 - 2196150*a1_0*b4*q10_1*q6_0*q7_1 - 8784600*a1_0*b4*q10_1*q7_0 - 7938810*a1_0*b4*q11_0*q2_0**3 + 17249760*a1_0*b4*q11_0*q2_0*q3_0*q7_1 + 15093540*a1_0*b4*q11_0*q2_0*q4_0 + 7666560*a1_0*b4*q11_0*q3_0**2 - 7027680*a1_0*b4*q11_0*q3_0*q9_1 - 7906140*a1_0*b4*q11_0*q5_0*q7_1 - 6588450*a1_0*b4*q11_0*q6_0 - 12937320*a1_0*b4*q11_1*q2_0**2*q7_0 + 7906140*a1_0*b4*q11_1*q2_0*q9_0 + 10541520*a1_0*b4*q11_1*q3_0*q8_0 + 12298440*a1_0*b4*q11_1*q4_0*q7_0 - 6495390*a1_0*b4*q2_0**4*q7_1*q8_1 - 2165130*a1_0*b4*q2_0**4*q9_1 - 23094720*a1_0*b4*q2_0**3*q3_0*q8_1 + 10585080*a1_0*b4*q2_0**3*q8_1*q9_1 + 7056720*a1_0*b4*q2_0**2*q3_0*q7_1*q9_1 + 21170160*a1_0*b4*q2_0**2*q3_0*q8_1**2 + 18523890*a1_0*b4*q2_0**2*q4_0*q7_1*q8_1 + 6174630*a1_0*b4*q2_0**2*q4_0*q9_1 + 15877620*a1_0*b4*q2_0**2*q5_0*q8_1 - 3528360*a1_0*b4*q2_0**2*q7_0 + 18817920*a1_0*b4*q2_0*q3_0**2*q7_1*q8_1 + 6272640*a1_0*b4*q2_0*q3_0**2*q9_1 + 32931360*a1_0*b4*q2_0*q3_0*q4_0*q8_1 - 5749920*a1_0*b4*q2_0*q3_0*q9_1**2 - 20124720*a1_0*b4*q2_0*q4_0*q8_1*q9_1 - 4312440*a1_0*b4*q2_0*q5_0*q7_1*q9_1 - 12937320*a1_0*b4*q2_0*q5_0*q8_1**2 - 10781100*a1_0*b4*q2_0*q6_0*q7_1*q8_1 - 3593700*a1_0*b4*q2_0*q6_0*q9_1 + 4312440*a1_0*b4*q2_0*q7_0*q7_1**2 + 12937320*a1_0*b4*q2_0*q7_1*q8_0 + 4312440*a1_0*b4*q2_0*q9_0 + 5575680*a1_0*b4*q3_0**3*q8_1 - 10222080*a1_0*b4*q3_0**2*q8_1*q9_1 - 4472160*a1_0*b4*q3_0*q4_0*q7_1*q9_1 - 13416480*a1_0*b4*q3_0*q4_0*q8_1**2 - 11499840*a1_0*b4*q3_0*q5_0*q7_1*q8_1 - 3833280*a1_0*b4*q3_0*q5_0*q9_1 - 9583200*a1_0*b4*q3_0*q6_0*q8_1 + 6388800*a1_0*b4*q3_0*q7_0*q7_1 + 4791600*a1_0*b4*q3_0*q8_0 - 5869710*a1_0*b4*q4_0**2*q7_1*q8_1 - 1956570*a1_0*b4*q4_0**2*q9_1 - 10062360*a1_0*b4*q4_0*q5_0*q8_1 + 2236080*a1_0*b4*q4_0*q7_0 + 2635380*a1_0*b4*q5_0*q9_1**2 + 8784600*a1_0*b4*q6_0*q8_1*q9_1 - 5270760*a1_0*b4*q7_0*q7_1*q9_1 + 1756920*a1_0*b4*q7_0*q8_1**2 - 3513840*a1_0*b4*q7_1**2*q9_0 - 6588450*a1_0*b4*q7_1*q8_0*q8_1 - 9223830*a1_0*b4*q8_0*q9_1 - 4392300*a1_0*b4*q8_1*q9_0 - 3953070*a1_0*q10_0*q11_1*q2_0 - 1078110*a1_0*q10_0*q2_0 + 878460*a1_0*q10_0*q7_1**2 + 1756920*a1_0*q10_0*q8_1 + 3513840*a1_0*q10_1*q11_0*q3_0 + 5749920*a1_0*q10_1*q2_0*q3_0*q9_1 - 2635380*a1_0*q10_1*q5_0*q9_1 + 5270760*a1_0*q10_1*q8_0 + 3953070*a1_0*q11_0**2*q2_0 + 2646270*a1_0*q11_0*q2_0**3*q7_1 + 7056720*a1_0*q11_0*q2_0**2*q3_0 - 5749920*a1_0*q11_0*q2_0*q3_0*q8_1 - 5031180*a1_0*q11_0*q2_0*q4_0*q7_1 - 4312440*a1_0*q11_0*q2_0*q5_0 - 2555520*a1_0*q11_0*q3_0**2*q7_1 - 4472160*a1_0*q11_0*q3_0*q4_0 + 2635380*a1_0*q11_0*q5_0*q8_1 + 2196150*a1_0*q11_0*q6_0*q7_1 + 1756920*a1_0*q11_0*q7_0 + 9702990*a1_0*q11_1*q2_0**2*q8_0 - 7027680*a1_0*q11_1*q3_0*q9_0 - 9223830*a1_0*q11_1*q4_0*q8_0 + 2165130*a1_0*q2_0**4*q7_1*q9_1 + 7698240*a1_0*q2_0**3*q3_0*q9_1 - 2646270*a1_0*q2_0**3*q9_1**2 - 7056720*a1_0*q2_0**2*q3_0*q8_1*q9_1 - 6174630*a1_0*q2_0**2*q4_0*q7_1*q9_1 - 5292540*a1_0*q2_0**2*q5_0*q9_1 + 2646270*a1_0*q2_0**2*q8_0 - 6272640*a1_0*q2_0*q3_0**2*q7_1*q9_1 - 10977120*a1_0*q2_0*q3_0*q4_0*q9_1 + 5031180*a1_0*q2_0*q4_0*q9_1**2 + 4312440*a1_0*q2_0*q5_0*q8_1*q9_1 + 3593700*a1_0*q2_0*q6_0*q7_1*q9_1 + 2874960*a1_0*q2_0*q7_0*q9_1 - 3234330*a1_0*q2_0*q7_1**2*q8_0 - 4312440*a1_0*q2_0*q7_1*q9_0 - 6468660*a1_0*q2_0*q8_0*q8_1 - 1858560*a1_0*q3_0**3*q9_1 + 2555520*a1_0*q3_0**2*q9_1**2 + 4472160*a1_0*q3_0*q4_0*q8_1*q9_1 + 3833280*a1_0*q3_0*q5_0*q7_1*q9_1 + 3194400*a1_0*q3_0*q6_0*q9_1 - 4791600*a1_0*q3_0*q7_1*q8_0 - 1597200*a1_0*q3_0*q9_0 + 1956570*a1_0*q4_0**2*q7_1*q9_1 + 3354120*a1_0*q4_0*q5_0*q9_1 - 1677060*a1_0*q4_0*q8_0 - 2196150*a1_0*q6_0*q9_1**2 - 1756920*a1_0*q7_0*q8_1*q9_1 + 3953070*a1_0*q7_1*q8_0*q9_1 + 3513840*a1_0*q7_1*q8_1*q9_0 + 2635380*a1_0*q8_0*q8_1**2 + 2635380*a1_0*q9_0*q9_1 - 9223830*a2_0*b2*q11_1 + 950334*a2_0*b2 - 2683296*a2_0*b3*b4**2*q2_0*q7_1 + 2459688*a2_0*b3*b4**2*q7_1**3 + 7993986*a2_0*b3*b4**2*q7_1*q8_1 + 614922*a2_0*b3*b4**2*q9_1 + 6764142*a2_0*b3*b4*q10_1*q11_1 + 6037416*a2_0*b3*b4*q11_1*q2_0**2 - 1844766*a2_0*b3*b4*q11_1*q2_0*q8_1 - 5739272*a2_0*b3*b4*q11_1*q4_0 + 2683296*a2_0*b3*b4*q2_0*q7_1**2 + 4024944*a2_0*b3*b4*q2_0*q8_1 + 894432*a2_0*b3*b4*q3_0*q7_1 - 6149220*a2_0*b3*b4*q7_1**2*q8_1 - 6149220*a2_0*b3*b4*q7_1*q9_1 - 7379064*a2_0*b3*b4*q8_1**2 + 614922*a2_0*b3*q10_1*q7_1 - 6764142*a2_0*b3*q11_0*q11_1 - 614922*a2_0*b3*q11_0 - 4528062*a2_0*b3*q11_1*q2_0**2*q7_1 - 8049888*a2_0*b3*q11_1*q2_0*q3_0 + 1844766*a2_0*b3*q11_1*q2_0*q9_1 + 4304454*a2_0*b3*q11_1*q4_0*q7_1 + 3689532*a2_0*b3*q11_1*q5_0 - 2012472*a2_0*b3*q2_0*q7_1*q8_1 - 1341648*a2_0*b3*q2_0*q9_1 - 670824*a2_0*b3*q3_0*q8_1 + 1229844*a2_0*b3*q7_1**2*q9_1 + 1844766*a2_0*b3*q7_1*q8_1**2 + 4304454*a2_0*b3*q8_1*q9_1 - 13528284*a2_0*b4**2*q10_1*q11_0 + 3018708*a2_0*b4**2*q10_1*q2_0**2*q7_1 - 5366592*a2_0*b4**2*q10_1*q2_0*q3_0 + 3689532*a2_0*b4**2*q10_1*q2_0*q9_1 - 2869636*a2_0*b4**2*q10_1*q4_0*q7_1 + 2459688*a2_0*b4**2*q10_1*q5_0 - 6037416*a2_0*b4**2*q11_0*q2_0**2 + 3689532*a2_0*b4**2*q11_0*q2_0*q8_1 + 5739272*a2_0*b4**2*q11_0*q4_0 + 4041576*a2_0*b4**2*q2_0**4*q7_1 - 7409556*a2_0*b4**2*q2_0**3*q7_1*q8_1 - 13172544*a2_0*b4**2*q2_0**2*q3_0*q7_1**2 - 6586272*a2_0*b4**2*q2_0**2*q3_0*q8_1 - 11525976*a2_0*b4**2*q2_0**2*q4_0*q7_1 + 3018708*a2_0*b4**2*q2_0**2*q8_1*q9_1 - 11708928*a2_0*b4**2*q2_0*q3_0**2*q7_1 + 10733184*a2_0*b4**2*q2_0*q3_0*q7_1*q9_1 + 5366592*a2_0*b4**2*q2_0*q3_0*q8_1**2 + 14087304*a2_0*b4**2*q2_0*q4_0*q7_1*q8_1 + 8049888*a2_0*b4**2*q2_0*q5_0*q7_1**2 + 4024944*a2_0*b4**2*q2_0*q5_0*q8_1 + 6708240*a2_0*b4**2*q2_0*q6_0*q7_1 - 2683296*a2_0*b4**2*q2_0*q7_0 + 7155456*a2_0*b4**2*q3_0**2*q7_1*q8_1 + 8348032*a2_0*b4**2*q3_0*q4_0*q7_1**2 + 4174016*a2_0*b4**2*q3_0*q4_0*q8_1 + 7155456*a2_0*b4**2*q3_0*q5_0*q7_1 + 3652264*a2_0*b4**2*q4_0**2*q7_1 - 2869636*a2_0*b4**2*q4_0*q8_1*q9_1 - 4919376*a2_0*b4**2*q5_0*q7_1*q9_1 - 2459688*a2_0*b4**2*q5_0*q8_1**2 - 6149220*a2_0*b4**2*q6_0*q7_1*q8_1 - 819896*a2_0*b4**2*q7_0*q7_1**2 + 3279584*a2_0*b4**2*q7_0*q8_1 + 1229844*a2_0*b4**2*q7_1*q8_0 + 1229844*a2_0*b4**2*q9_0 - 4509428*a2_0*b4*q10_0*q11_1 - 1229844*a2_0*b4*q10_0 - 3689532*a2_0*b4*q10_1**2*q2_0 - 2469852*a2_0*b4*q10_1*q2_0**3 - 6037416*a2_0*b4*q10_1*q2_0**2*q8_1 + 5366592*a2_0*b4*q10_1*q2_0*q3_0*q7_1 + 4695768*a2_0*b4*q10_1*q2_0*q4_0 + 2385152*a2_0*b4*q10_1*q3_0**2 + 5739272*a2_0*b4*q10_1*q4_0*q8_1 - 2459688*a2_0*b4*q10_1*q5_0*q7_1 - 2049740*a2_0*b4*q10_1*q6_0 + 13528284*a2_0*b4*q11_0**2 + 9056124*a2_0*b4*q11_0*q2_0**2*q7_1 + 16099776*a2_0*b4*q11_0*q2_0*q3_0 - 7379064*a2_0*b4*q11_0*q2_0*q9_1 - 8608908*a2_0*b4*q11_0*q4_0*q7_1 - 7379064*a2_0*b4*q11_0*q5_0 + 11068596*a2_0*b4*q11_1*q2_0*q8_0 + 13118336*a2_0*b4*q11_1*q3_0*q7_0 - 6062364*a2_0*b4*q2_0**4*q8_1 + 2469852*a2_0*b4*q2_0**3*q7_1*q9_1 + 7409556*a2_0*b4*q2_0**3*q8_1**2 + 19758816*a2_0*b4*q2_0**2*q3_0*q7_1*q8_1 + 6586272*a2_0*b4*q2_0**2*q3_0*q9_1 + 17288964*a2_0*b4*q2_0**2*q4_0*q8_1 - 3018708*a2_0*b4*q2_0**2*q9_1**2 + 17563392*a2_0*b4*q2_0*q3_0**2*q8_1 - 21466368*a2_0*b4*q2_0*q3_0*q8_1*q9_1 - 4695768*a2_0*b4*q2_0*q4_0*q7_1*q9_1 - 14087304*a2_0*b4*q2_0*q4_0*q8_1**2 - 12074832*a2_0*b4*q2_0*q5_0*q7_1*q8_1 - 4024944*a2_0*b4*q2_0*q5_0*q9_1 - 10062360*a2_0*b4*q2_0*q6_0*q8_1 + 5366592*a2_0*b4*q2_0*q7_0*q7_1 + 4024944*a2_0*b4*q2_0*q8_0 - 2385152*a2_0*b4*q3_0**2*q7_1*q9_1 - 7155456*a2_0*b4*q3_0**2*q8_1**2 - 12522048*a2_0*b4*q3_0*q4_0*q7_1*q8_1 - 4174016*a2_0*b4*q3_0*q4_0*q9_1 - 10733184*a2_0*b4*q3_0*q5_0*q8_1 + 1788864*a2_0*b4*q3_0*q7_0 - 5478396*a2_0*b4*q4_0**2*q8_1 + 2869636*a2_0*b4*q4_0*q9_1**2 + 9838752*a2_0*b4*q5_0*q8_1*q9_1 + 2049740*a2_0*b4*q6_0*q7_1*q9_1 + 6149220*a2_0*b4*q6_0*q8_1**2 - 3279584*a2_0*b4*q7_0*q9_1 - 3689532*a2_0*b4*q7_1**2*q8_0 - 4919376*a2_0*b4*q7_1*q9_0 - 3689532*a2_0*b4*q8_0*q8_1 + 1229844*a2_0*q10_0*q7_1 + 3689532*a2_0*q10_1*q11_0*q2_0 + 3018708*a2_0*q10_1*q2_0**2*q9_1 - 2869636*a2_0*q10_1*q4_0*q9_1 + 2469852*a2_0*q11_0*q2_0**3 - 3018708*a2_0*q11_0*q2_0**2*q8_1 - 5366592*a2_0*q11_0*q2_0*q3_0*q7_1 - 4695768*a2_0*q11_0*q2_0*q4_0 - 2385152*a2_0*q11_0*q3_0**2 + 2869636*a2_0*q11_0*q4_0*q8_1 + 2459688*a2_0*q11_0*q5_0*q7_1 + 2049740*a2_0*q11_0*q6_0 - 7379064*a2_0*q11_1*q2_0*q9_0 - 9838752*a2_0*q11_1*q3_0*q8_0 + 2020788*a2_0*q2_0**4*q9_1 - 2469852*a2_0*q2_0**3*q8_1*q9_1 - 6586272*a2_0*q2_0**2*q3_0*q7_1*q9_1 - 5762988*a2_0*q2_0**2*q4_0*q9_1 - 5854464*a2_0*q2_0*q3_0**2*q9_1 + 5366592*a2_0*q2_0*q3_0*q9_1**2 + 4695768*a2_0*q2_0*q4_0*q8_1*q9_1 + 4024944*a2_0*q2_0*q5_0*q7_1*q9_1 + 3354120*a2_0*q2_0*q6_0*q9_1 - 4024944*a2_0*q2_0*q7_1*q8_0 - 1341648*a2_0*q2_0*q9_0 + 2385152*a2_0*q3_0**2*q8_1*q9_1 + 4174016*a2_0*q3_0*q4_0*q7_1*q9_1 + 3577728*a2_0*q3_0*q5_0*q9_1 - 1341648*a2_0*q3_0*q8_0 + 1826132*a2_0*q4_0**2*q9_1 - 2459688*a2_0*q5_0*q9_1**2 - 2049740*a2_0*q6_0*q8_1*q9_1 - 1639792*a2_0*q7_0*q7_1*q9_1 + 1229844*a2_0*q7_1**2*q9_0 + 3689532*a2_0*q7_1*q8_0*q8_1 + 2459688*a2_0*q8_0*q9_1 + 2459688*a2_0*q8_1*q9_0 + 3045328*a3_0*b3*b4**2*q7_1**2 + 951665*a3_0*b3*b4**2*q8_1 - 6090656*a3_0*b3*b4*q11_1*q3_0 + 4187326*a3_0*b3*b4*q11_1*q9_1 + 622908*a3_0*b3*b4*q2_0*q7_1 - 761332*a3_0*b3*b4*q7_1**3 - 6090656*a3_0*b3*b4*q7_1*q8_1 - 1141998*a3_0*b3*b4*q9_1 - 4187326*a3_0*b3*q10_1*q11_1 + 190333*a3_0*b3*q10_1 - 4204629*a3_0*b3*q11_1*q2_0**2 + 4567992*a3_0*b3*q11_1*q3_0*q7_1 + 3996993*a3_0*b3*q11_1*q4_0 - 467181*a3_0*b3*q2_0*q8_1 + 570999*a3_0*b3*q7_1**2*q8_1 + 1522664*a3_0*b3*q7_1*q9_1 + 1141998*a3_0*b3*q8_1**2 - 4187326*a3_0*b4**2*q10_1**2 - 2803086*a3_0*b4**2*q10_1*q2_0**2 - 3045328*a3_0*b4**2*q10_1*q3_0*q7_1 + 2664662*a3_0*b4**2*q10_1*q4_0 + 6090656*a3_0*b4**2*q11_0*q3_0 - 8374652*a3_0*b4**2*q11_0*q9_1 - 4586868*a3_0*b4**2*q2_0**3*q7_1**2 - 2293434*a3_0*b4**2*q2_0**3*q8_1 - 12231648*a3_0*b4**2*q2_0**2*q3_0*q7_1 + 5606172*a3_0*b4**2*q2_0**2*q7_1*q9_1 + 2803086*a3_0*b4**2*q2_0**2*q8_1**2 + 14949792*a3_0*b4**2*q2_0*q3_0*q7_1*q8_1 + 8720712*a3_0*b4**2*q2_0*q4_0*q7_1**2 + 4360356*a3_0*b4**2*q2_0*q4_0*q8_1 + 7474896*a3_0*b4**2*q2_0*q5_0*q7_1 + 4429568*a3_0*b4**2*q3_0**2*q7_1**2 + 2214784*a3_0*b4**2*q3_0**2*q8_1 + 7751744*a3_0*b4**2*q3_0*q4_0*q7_1 - 3045328*a3_0*b4**2*q3_0*q8_1*q9_1 - 5329324*a3_0*b4**2*q4_0*q7_1*q9_1 - 2664662*a3_0*b4**2*q4_0*q8_1**2 - 6851988*a3_0*b4**2*q5_0*q7_1*q8_1 - 3806660*a3_0*b4**2*q6_0*q7_1**2 - 1903330*a3_0*b4**2*q6_0*q8_1 + 1141998*a3_0*b4**2*q8_0 + 16749304*a3_0*b4*q10_1*q11_0 + 2803086*a3_0*b4*q10_1*q2_0**2*q7_1 + 4983264*a3_0*b4*q10_1*q2_0*q3_0 + 6090656*a3_0*b4*q10_1*q3_0*q8_1 - 2664662*a3_0*b4*q10_1*q4_0*q7_1 - 2283996*a3_0*b4*q10_1*q5_0 + 8409258*a3_0*b4*q11_0*q2_0**2 - 9135984*a3_0*b4*q11_0*q3_0*q7_1 - 7993986*a3_0*b4*q11_0*q4_0 + 13703976*a3_0*b4*q11_1*q2_0*q7_0 - 8374652*a3_0*b4*q11_1*q9_0 + 6880302*a3_0*b4*q2_0**3*q7_1*q8_1 + 2293434*a3_0*b4*q2_0**3*q9_1 + 18347472*a3_0*b4*q2_0**2*q3_0*q8_1 - 11212344*a3_0*b4*q2_0**2*q8_1*q9_1 - 4983264*a3_0*b4*q2_0*q3_0*q7_1*q9_1 - 14949792*a3_0*b4*q2_0*q3_0*q8_1**2 - 13081068*a3_0*b4*q2_0*q4_0*q7_1*q8_1 - 4360356*a3_0*b4*q2_0*q4_0*q9_1 - 11212344*a3_0*b4*q2_0*q5_0*q8_1 + 1245816*a3_0*b4*q2_0*q7_0 - 6644352*a3_0*b4*q3_0**2*q7_1*q8_1 - 2214784*a3_0*b4*q3_0**2*q9_1 - 11627616*a3_0*b4*q3_0*q4_0*q8_1 + 3045328*a3_0*b4*q3_0*q9_1**2 + 10658648*a3_0*b4*q4_0*q8_1*q9_1 + 2283996*a3_0*b4*q5_0*q7_1*q9_1 + 6851988*a3_0*b4*q5_0*q8_1**2 + 5709990*a3_0*b4*q6_0*q7_1*q8_1 + 1903330*a3_0*b4*q6_0*q9_1 - 1522664*a3_0*b4*q7_0*q7_1**2 + 1522664*a3_0*b4*q7_0*q8_1 - 4567992*a3_0*b4*q7_1*q8_0 - 1522664*a3_0*b4*q9_0 + 4187326*a3_0*q10_0*q11_1 + 380666*a3_0*q10_0 - 3045328*a3_0*q10_1*q3_0*q9_1 - 4187326*a3_0*q11_0**2 - 2803086*a3_0*q11_0*q2_0**2*q7_1 - 4983264*a3_0*q11_0*q2_0*q3_0 + 3045328*a3_0*q11_0*q3_0*q8_1 + 2664662*a3_0*q11_0*q4_0*q7_1 + 2283996*a3_0*q11_0*q5_0 - 10277982*a3_0*q11_1*q2_0*q8_0 - 2293434*a3_0*q2_0**3*q7_1*q9_1 - 6115824*a3_0*q2_0**2*q3_0*q9_1 + 2803086*a3_0*q2_0**2*q9_1**2 + 4983264*a3_0*q2_0*q3_0*q8_1*q9_1 + 4360356*a3_0*q2_0*q4_0*q7_1*q9_1 + 3737448*a3_0*q2_0*q5_0*q9_1 - 934362*a3_0*q2_0*q8_0 + 2214784*a3_0*q3_0**2*q7_1*q9_1 + 3875872*a3_0*q3_0*q4_0*q9_1 - 2664662*a3_0*q4_0*q9_1**2 - 2283996*a3_0*q5_0*q8_1*q9_1 - 1903330*a3_0*q6_0*q7_1*q9_1 - 1522664*a3_0*q7_0*q9_1 + 1141998*a3_0*q7_1**2*q8_0 + 1522664*a3_0*q7_1*q9_0 + 2283996*a3_0*q8_0*q8_1 + 702768*a4_0*b3*b4**2*q7_1 - 6324912*a4_0*b3*b4*q11_1*q2_0 + 1932612*a4_0*b3*b4*q11_1*q8_1 - 702768*a4_0*b3*b4*q7_1**2 - 1054152*a4_0*b3*b4*q8_1 + 4743684*a4_0*b3*q11_1*q2_0*q7_1 + 4216608*a4_0*b3*q11_1*q3_0 - 1932612*a4_0*b3*q11_1*q9_1 + 527076*a4_0*b3*q7_1*q8_1 + 351384*a4_0*b3*q9_1 - 3162456*a4_0*b4**2*q10_1*q2_0*q7_1 + 2811072*a4_0*b4**2*q10_1*q3_0 - 3865224*a4_0*b4**2*q10_1*q9_1 + 6324912*a4_0*b4**2*q11_0*q2_0 - 3865224*a4_0*b4**2*q11_0*q8_1 - 4234032*a4_0*b4**2*q2_0**3*q7_1 + 7762392*a4_0*b4**2*q2_0**2*q7_1*q8_1 + 9199872*a4_0*b4**2*q2_0*q3_0*q7_1**2 + 4599936*a4_0*b4**2*q2_0*q3_0*q8_1 + 8049888*a4_0*b4**2*q2_0*q4_0*q7_1 - 3162456*a4_0*b4**2*q2_0*q8_1*q9_1 + 4088832*a4_0*b4**2*q3_0**2*q7_1 - 5622144*a4_0*b4**2*q3_0*q7_1*q9_1 - 2811072*a4_0*b4**2*q3_0*q8_1**2 - 7379064*a4_0*b4**2*q4_0*q7_1*q8_1 - 4216608*a4_0*b4**2*q5_0*q7_1**2 - 2108304*a4_0*b4**2*q5_0*q8_1 - 3513840*a4_0*b4**2*q6_0*q7_1 + 702768*a4_0*b4**2*q7_0 + 3865224*a4_0*b4*q10_1**2 + 2587464*a4_0*b4*q10_1*q2_0**2 + 6324912*a4_0*b4*q10_1*q2_0*q8_1 - 2811072*a4_0*b4*q10_1*q3_0*q7_1 - 2459688*a4_0*b4*q10_1*q4_0 - 9487368*a4_0*b4*q11_0*q2_0*q7_1 - 8433216*a4_0*b4*q11_0*q3_0 + 7730448*a4_0*b4*q11_0*q9_1 - 11595672*a4_0*b4*q11_1*q8_0 + 6351048*a4_0*b4*q2_0**3*q8_1 - 2587464*a4_0*b4*q2_0**2*q7_1*q9_1 - 7762392*a4_0*b4*q2_0**2*q8_1**2 - 13799808*a4_0*b4*q2_0*q3_0*q7_1*q8_1 - 4599936*a4_0*b4*q2_0*q3_0*q9_1 - 12074832*a4_0*b4*q2_0*q4_0*q8_1 + 3162456*a4_0*b4*q2_0*q9_1**2 - 6133248*a4_0*b4*q3_0**2*q8_1 + 11244288*a4_0*b4*q3_0*q8_1*q9_1 + 2459688*a4_0*b4*q4_0*q7_1*q9_1 + 7379064*a4_0*b4*q4_0*q8_1**2 + 6324912*a4_0*b4*q5_0*q7_1*q8_1 + 2108304*a4_0*b4*q5_0*q9_1 + 5270760*a4_0*b4*q6_0*q8_1 - 1405536*a4_0*b4*q7_0*q7_1 - 1054152*a4_0*b4*q8_0 - 3865224*a4_0*q10_1*q11_0 - 3162456*a4_0*q10_1*q2_0*q9_1 - 2587464*a4_0*q11_0*q2_0**2 + 3162456*a4_0*q11_0*q2_0*q8_1 + 2811072*a4_0*q11_0*q3_0*q7_1 + 2459688*a4_0*q11_0*q4_0 + 7730448*a4_0*q11_1*q9_0 - 2117016*a4_0*q2_0**3*q9_1 + 2587464*a4_0*q2_0**2*q8_1*q9_1 + 4599936*a4_0*q2_0*q3_0*q7_1*q9_1 + 4024944*a4_0*q2_0*q4_0*q9_1 + 2044416*a4_0*q3_0**2*q9_1 - 2811072*a4_0*q3_0*q9_1**2 - 2459688*a4_0*q4_0*q8_1*q9_1 - 2108304*a4_0*q5_0*q7_1*q9_1 - 1756920*a4_0*q6_0*q9_1 + 1054152*a4_0*q7_1*q8_0 + 351384*a4_0*q9_0 + 6442040*a6_0*b3*b4*q11_1 - 4831530*a6_0*b3*q11_1*q7_1 + 3221020*a6_0*b4**2*q10_1*q7_1 - 6442040*a6_0*b4**2*q11_0 + 4312440*a6_0*b4**2*q2_0**2*q7_1 - 7906140*a6_0*b4**2*q2_0*q7_1*q8_1 - 4685120*a6_0*b4**2*q3_0*q7_1**2 - 2342560*a6_0*b4**2*q3_0*q8_1 - 4099480*a6_0*b4**2*q4_0*q7_1 + 3221020*a6_0*b4**2*q8_1*q9_1 - 2635380*a6_0*b4*q10_1*q2_0 - 6442040*a6_0*b4*q10_1*q8_1 + 9663060*a6_0*b4*q11_0*q7_1 - 6468660*a6_0*b4*q2_0**2*q8_1 + 2635380*a6_0*b4*q2_0*q7_1*q9_1 + 7906140*a6_0*b4*q2_0*q8_1**2 + 7027680*a6_0*b4*q3_0*q7_1*q8_1 + 2342560*a6_0*b4*q3_0*q9_1 + 6149220*a6_0*b4*q4_0*q8_1 - 3221020*a6_0*b4*q9_1**2 + 3221020*a6_0*q10_1*q9_1 + 2635380*a6_0*q11_0*q2_0 - 3221020*a6_0*q11_0*q8_1 + 2156220*a6_0*q2_0**2*q9_1 - 2635380*a6_0*q2_0*q8_1*q9_1 - 2342560*a6_0*q3_0*q7_1*q9_1 - 2049740*a6_0*q4_0*q9_1 - 4348377*a7_0*b3*q11_1 - 2898918*a7_0*b4**2*q10_1 - 4743684*a7_0*b4**2*q2_0*q7_1**2 - 2371842*a7_0*b4**2*q2_0*q8_1 - 4216608*a7_0*b4**2*q3_0*q7_1 + 5797836*a7_0*b4**2*q7_1*q9_1 + 2898918*a7_0*b4**2*q8_1**2 + 2898918*a7_0*b4*q10_1*q7_1 + 8696754*a7_0*b4*q11_0 + 7115526*a7_0*b4*q2_0*q7_1*q8_1 + 2371842*a7_0*b4*q2_0*q9_1 + 6324912*a7_0*b4*q3_0*q8_1 - 11595672*a7_0*b4*q8_1*q9_1 - 2898918*a7_0*q11_0*q7_1 - 2371842*a7_0*q2_0*q7_1*q9_1 - 2108304*a7_0*q3_0*q9_1 + 2898918*a7_0*q9_1**2 - 4216608*a8_0*b4**2*q2_0*q7_1 + 7730448*a8_0*b4**2*q7_1*q8_1 + 2576816*a8_0*b4*q10_1 + 6324912*a8_0*b4*q2_0*q8_1 - 2576816*a8_0*b4*q7_1*q9_1 - 7730448*a8_0*b4*q8_1**2 - 2576816*a8_0*q11_0 - 2108304*a8_0*q2_0*q9_1 + 2576816*a8_0*q8_1*q9_1 + 4509428*a9_0*b4**2*q7_1**2 + 2254714*a9_0*b4**2*q8_1 - 6764142*a9_0*b4*q7_1*q8_1 - 2254714*a9_0*b4*q9_1 + 2254714*a9_0*q7_1*q9_1 - 4685120*b2*b4**2*q11_1 + 7027680*b2*b4*q11_1*q7_1 + 851840*b2*b4*q7_1 + 11499840*b2*q11_1*q2_0 - 3513840*b2*q11_1*q7_1**2 + 1171280*b2*q11_1*q8_1 - 888624*b2*q2_0 - 745360*b2*q8_1 + 2342560*b3**2*b4*q11_1 + 1171280*b3**2*q11_1*q7_1 - 425920*b3**2*q7_1 + 8198960*b3*b4**2*q10_1*q7_1 - 2342560*b3*b4**2*q11_0 + 5645376*b3*b4**2*q2_0**2*q7_1 - 6133248*b3*b4**2*q2_0*q7_1**3 - 19933056*b3*b4**2*q2_0*q7_1*q8_1 - 1533312*b3*b4**2*q2_0*q9_1 - 9540608*b3*b4**2*q3_0*q7_1**2 - 2981440*b3*b4**2*q3_0*q8_1 - 3577728*b3*b4**2*q4_0*q7_1 + 10541520*b3*b4**2*q7_1**2*q9_1 + 10541520*b3*b4**2*q7_1*q8_1**2 + 8198960*b3*b4**2*q8_1*q9_1 - 6324912*b3*b4*q10_1*q11_1*q2_0 - 4685120*b3*b4*q10_1*q7_1**2 - 14055360*b3*b4*q10_1*q8_1 + 2342560*b3*b4*q11_0*q7_1 - 5645376*b3*b4*q11_1*q2_0**3 + 1724976*b3*b4*q11_1*q2_0**2*q8_1 + 10733184*b3*b4*q11_1*q2_0*q4_0 + 5451776*b3*b4*q11_1*q3_0**2 - 3748096*b3*b4*q11_1*q3_0*q9_1 - 1639792*b3*b4*q11_1*q4_0*q8_1 - 4685120*b3*b4*q11_1*q6_0 - 5645376*b3*b4*q2_0**2*q7_1**2 - 8468064*b3*b4*q2_0**2*q8_1 - 4181760*b3*b4*q2_0*q3_0*q7_1 + 15333120*b3*b4*q2_0*q7_1**2*q8_1 + 15333120*b3*b4*q2_0*q7_1*q9_1 + 18399744*b3*b4*q2_0*q8_1**2 + 2385152*b3*b4*q3_0*q7_1**3 + 19081216*b3*b4*q3_0*q7_1*q8_1 + 3577728*b3*b4*q3_0*q9_1 + 3577728*b3*b4*q4_0*q7_1**2 + 5366592*b3*b4*q4_0*q8_1 + 1277760*b3*b4*q5_0*q7_1 - 25768160*b3*b4*q7_1*q8_1*q9_1 - 7027680*b3*b4*q8_1**3 - 7027680*b3*b4*q9_1**2 + 3748096*b3*q10_1*q11_1*q3_0 - 1533312*b3*q10_1*q2_0*q7_1 - 596288*b3*q10_1*q3_0 + 4685120*b3*q10_1*q7_1*q8_1 + 5856400*b3*q10_1*q9_1 + 6324912*b3*q11_0*q11_1*q2_0 + 1533312*b3*q11_0*q2_0 - 1171280*b3*q11_0*q7_1**2 + 1171280*b3*q11_0*q8_1 + 4234032*b3*q11_1*q2_0**3*q7_1 + 11290752*b3*q11_1*q2_0**2*q3_0 - 1724976*b3*q11_1*q2_0**2*q9_1 - 8049888*b3*q11_1*q2_0*q4_0*q7_1 - 6899904*b3*q11_1*q2_0*q5_0 - 4088832*b3*q11_1*q3_0**2*q7_1 - 7155456*b3*q11_1*q3_0*q4_0 + 1639792*b3*q11_1*q4_0*q9_1 + 3513840*b3*q11_1*q6_0*q7_1 + 7496192*b3*q11_1*q7_0 + 4234032*b3*q2_0**2*q7_1*q8_1 + 2822688*b3*q2_0**2*q9_1 + 3136320*b3*q2_0*q3_0*q8_1 - 3066624*b3*q2_0*q7_1**2*q9_1 - 4599936*b3*q2_0*q7_1*q8_1**2 - 10733184*b3*q2_0*q8_1*q9_1 - 1788864*b3*q3_0*q7_1**2*q8_1 - 4770304*b3*q3_0*q7_1*q9_1 - 3577728*b3*q3_0*q8_1**2 - 2683296*b3*q4_0*q7_1*q8_1 - 1788864*b3*q4_0*q9_1 - 958320*b3*q5_0*q8_1 - 425920*b3*q7_0 + 4685120*b3*q7_1*q9_1**2 + 5856400*b3*q8_1**2*q9_1 + 1405536*b4**2*q10_0*q7_1 + 3748096*b4**2*q10_1**2*q3_0 + 12649824*b4**2*q10_1*q11_0*q2_0 - 2822688*b4**2*q10_1*q2_0**3*q7_1 + 7527168*b4**2*q10_1*q2_0**2*q3_0 - 3449952*b4**2*q10_1*q2_0**2*q9_1 + 5366592*b4**2*q10_1*q2_0*q4_0*q7_1 - 4599936*b4**2*q10_1*q2_0*q5_0 + 2725888*b4**2*q10_1*q3_0**2*q7_1 - 4770304*b4**2*q10_1*q3_0*q4_0 + 3279584*b4**2*q10_1*q4_0*q9_1 - 2342560*b4**2*q10_1*q6_0*q7_1 + 11244288*b4**2*q10_1*q7_0 + 5645376*b4**2*q11_0*q2_0**3 - 3449952*b4**2*q11_0*q2_0**2*q8_1 - 10733184*b4**2*q11_0*q2_0*q4_0 - 5451776*b4**2*q11_0*q3_0**2 + 7496192*b4**2*q11_0*q3_0*q9_1 + 3279584*b4**2*q11_0*q4_0*q8_1 + 4685120*b4**2*q11_0*q6_0 - 3779136*b4**2*q2_0**5*q7_1 + 6928416*b4**2*q2_0**4*q7_1*q8_1 + 16422912*b4**2*q2_0**3*q3_0*q7_1**2 + 8211456*b4**2*q2_0**3*q3_0*q8_1 + 14370048*b4**2*q2_0**3*q4_0*q7_1 - 2822688*b4**2*q2_0**3*q8_1*q9_1 + 21897216*b4**2*q2_0**2*q3_0**2*q7_1 - 15054336*b4**2*q2_0**2*q3_0*q7_1*q9_1 - 7527168*b4**2*q2_0**2*q3_0*q8_1**2 - 19758816*b4**2*q2_0**2*q4_0*q7_1*q8_1 - 11290752*b4**2*q2_0**2*q5_0*q7_1**2 - 5645376*b4**2*q2_0**2*q5_0*q8_1 - 9408960*b4**2*q2_0**2*q6_0*q7_1 + 5645376*b4**2*q2_0**2*q7_0 - 20072448*b4**2*q2_0*q3_0**2*q7_1*q8_1 - 23417856*b4**2*q2_0*q3_0*q4_0*q7_1**2 - 11708928*b4**2*q2_0*q3_0*q4_0*q8_1 - 20072448*b4**2*q2_0*q3_0*q5_0*q7_1 - 10245312*b4**2*q2_0*q4_0**2*q7_1 + 5366592*b4**2*q2_0*q4_0*q8_1*q9_1 + 9199872*b4**2*q2_0*q5_0*q7_1*q9_1 + 4599936*b4**2*q2_0*q5_0*q8_1**2 + 11499840*b4**2*q2_0*q6_0*q7_1*q8_1 - 9199872*b4**2*q2_0*q7_0*q8_1 - 4599936*b4**2*q2_0*q7_1*q8_0 - 3066624*b4**2*q2_0*q9_0 - 3964928*b4**2*q3_0**3*q7_1**2 - 1982464*b4**2*q3_0**3*q8_1 - 10407936*b4**2*q3_0**2*q4_0*q7_1 + 2725888*b4**2*q3_0**2*q8_1*q9_1 + 9540608*b4**2*q3_0*q4_0*q7_1*q9_1 + 4770304*b4**2*q3_0*q4_0*q8_1**2 + 12266496*b4**2*q3_0*q5_0*q7_1*q8_1 + 6814720*b4**2*q3_0*q6_0*q7_1**2 + 3407360*b4**2*q3_0*q6_0*q8_1 - 4088832*b4**2*q3_0*q7_0*q7_1 - 3577728*b4**2*q3_0*q8_0 + 6261024*b4**2*q4_0**2*q7_1*q8_1 + 7155456*b4**2*q4_0*q5_0*q7_1**2 + 3577728*b4**2*q4_0*q5_0*q8_1 + 5962880*b4**2*q4_0*q6_0*q7_1 - 3577728*b4**2*q4_0*q7_0 + 3066624*b4**2*q5_0**2*q7_1 - 2342560*b4**2*q6_0*q8_1*q9_1 + 5622144*b4**2*q7_0*q7_1*q9_1 + 2811072*b4**2*q7_0*q8_1**2 + 468512*b4**2*q7_1**2*q9_0 + 2811072*b4**2*q7_1*q8_0*q8_1 + 7027680*b4**2*q8_0*q9_1 + 3748096*b4**2*q8_1*q9_0 + 4216608*b4*q10_0*q11_1*q2_0 + 3066624*b4*q10_0*q2_0 - 2342560*b4*q10_0*q7_1**2 - 3279584*b4*q10_0*q8_1 + 3449952*b4*q10_1**2*q2_0**2 - 3279584*b4*q10_1**2*q4_0 - 14992384*b4*q10_1*q11_0*q3_0 + 2309472*b4*q10_1*q2_0**4 + 5645376*b4*q10_1*q2_0**3*q8_1 - 7527168*b4*q10_1*q2_0**2*q3_0*q7_1 - 6586272*b4*q10_1*q2_0**2*q4_0 - 6690816*b4*q10_1*q2_0*q3_0**2 - 10733184*b4*q10_1*q2_0*q4_0*q8_1 + 4599936*b4*q10_1*q2_0*q5_0*q7_1 + 3833280*b4*q10_1*q2_0*q6_0 - 5451776*b4*q10_1*q3_0**2*q8_1 + 4770304*b4*q10_1*q3_0*q4_0*q7_1 + 4088832*b4*q10_1*q3_0*q5_0 + 2087008*b4*q10_1*q4_0**2 + 4685120*b4*q10_1*q6_0*q8_1 - 11244288*b4*q10_1*q7_0*q7_1 - 15460896*b4*q10_1*q8_0 - 12649824*b4*q11_0**2*q2_0 - 8468064*b4*q11_0*q2_0**3*q7_1 - 22581504*b4*q11_0*q2_0**2*q3_0 + 6899904*b4*q11_0*q2_0**2*q9_1 + 16099776*b4*q11_0*q2_0*q4_0*q7_1 + 13799808*b4*q11_0*q2_0*q5_0 + 8177664*b4*q11_0*q3_0**2*q7_1 + 14310912*b4*q11_0*q3_0*q4_0 - 6559168*b4*q11_0*q4_0*q9_1 - 7027680*b4*q11_0*q6_0*q7_1 - 14992384*b4*q11_0*q7_0 - 10349856*b4*q11_1*q2_0**2*q8_0 - 24532992*b4*q11_1*q2_0*q3_0*q7_0 + 7496192*b4*q11_1*q3_0*q9_0 + 9838752*b4*q11_1*q4_0*q8_0 + 11244288*b4*q11_1*q5_0*q7_0 + 5668704*b4*q2_0**5*q8_1 - 2309472*b4*q2_0**4*q7_1*q9_1 - 6928416*b4*q2_0**4*q8_1**2 - 24634368*b4*q2_0**3*q3_0*q7_1*q8_1 - 8211456*b4*q2_0**3*q3_0*q9_1 - 21555072*b4*q2_0**3*q4_0*q8_1 + 2822688*b4*q2_0**3*q9_1**2 - 32845824*b4*q2_0**2*q3_0**2*q8_1 + 30108672*b4*q2_0**2*q3_0*q8_1*q9_1 + 6586272*b4*q2_0**2*q4_0*q7_1*q9_1 + 19758816*b4*q2_0**2*q4_0*q8_1**2 + 16936128*b4*q2_0**2*q5_0*q7_1*q8_1 + 5645376*b4*q2_0**2*q5_0*q9_1 + 14113440*b4*q2_0**2*q6_0*q8_1 - 11290752*b4*q2_0**2*q7_0*q7_1 - 8468064*b4*q2_0**2*q8_0 + 6690816*b4*q2_0*q3_0**2*q7_1*q9_1 + 20072448*b4*q2_0*q3_0**2*q8_1**2 + 35126784*b4*q2_0*q3_0*q4_0*q7_1*q8_1 + 11708928*b4*q2_0*q3_0*q4_0*q9_1 + 30108672*b4*q2_0*q3_0*q5_0*q8_1 - 8363520*b4*q2_0*q3_0*q7_0 + 15367968*b4*q2_0*q4_0**2*q8_1 - 5366592*b4*q2_0*q4_0*q9_1**2 - 18399744*b4*q2_0*q5_0*q8_1*q9_1 - 3833280*b4*q2_0*q6_0*q7_1*q9_1 - 11499840*b4*q2_0*q6_0*q8_1**2 + 3066624*b4*q2_0*q7_0*q7_1*q8_1 + 9199872*b4*q2_0*q7_0*q9_1 + 9199872*b4*q2_0*q7_1**2*q8_0 + 12266496*b4*q2_0*q7_1*q9_0 + 11499840*b4*q2_0*q8_0*q8_1 + 5947392*b4*q3_0**3*q7_1*q8_1 + 1982464*b4*q3_0**3*q9_1 + 15611904*b4*q3_0**2*q4_0*q8_1 - 2725888*b4*q3_0**2*q9_1**2 - 19081216*b4*q3_0*q4_0*q8_1*q9_1 - 4088832*b4*q3_0*q5_0*q7_1*q9_1 - 12266496*b4*q3_0*q5_0*q8_1**2 - 10222080*b4*q3_0*q6_0*q7_1*q8_1 - 3407360*b4*q3_0*q6_0*q9_1 + 4770304*b4*q3_0*q7_0*q7_1**2 + 1362944*b4*q3_0*q7_0*q8_1 + 14310912*b4*q3_0*q7_1*q8_0 + 4770304*b4*q3_0*q9_0 - 2087008*b4*q4_0**2*q7_1*q9_1 - 6261024*b4*q4_0**2*q8_1**2 - 10733184*b4*q4_0*q5_0*q7_1*q8_1 - 3577728*b4*q4_0*q5_0*q9_1 - 8944320*b4*q4_0*q6_0*q8_1 + 7155456*b4*q4_0*q7_0*q7_1 + 5366592*b4*q4_0*q8_0 - 4599936*b4*q5_0**2*q8_1 + 2555520*b4*q5_0*q7_0 + 2342560*b4*q6_0*q9_1**2 - 1874048*b4*q7_0*q8_1*q9_1 - 12649824*b4*q7_1*q8_0*q9_1 - 6559168*b4*q7_1*q8_1*q9_0 - 2811072*b4*q8_0*q8_1**2 - 8433216*b4*q9_0*q9_1 - 3748096*q10_0*q11_1*q3_0 - 3066624*q10_0*q2_0*q7_1 - 1192576*q10_0*q3_0 + 2342560*q10_0*q7_1*q8_1 + 1874048*q10_0*q9_1 - 3449952*q10_1*q11_0*q2_0**2 + 3279584*q10_1*q11_0*q4_0 - 2822688*q10_1*q2_0**3*q9_1 + 5366592*q10_1*q2_0*q4_0*q9_1 + 2725888*q10_1*q3_0**2*q9_1 - 2342560*q10_1*q6_0*q9_1 + 7027680*q10_1*q7_1*q8_0 + 4685120*q10_1*q9_0 + 3748096*q11_0**2*q3_0 - 2309472*q11_0*q2_0**4 + 2822688*q11_0*q2_0**3*q8_1 + 7527168*q11_0*q2_0**2*q3_0*q7_1 + 6586272*q11_0*q2_0**2*q4_0 + 6690816*q11_0*q2_0*q3_0**2 - 5366592*q11_0*q2_0*q4_0*q8_1 - 4599936*q11_0*q2_0*q5_0*q7_1 - 3833280*q11_0*q2_0*q6_0 - 2725888*q11_0*q3_0**2*q8_1 - 4770304*q11_0*q3_0*q4_0*q7_1 - 4088832*q11_0*q3_0*q5_0 - 2087008*q11_0*q4_0**2 + 2342560*q11_0*q6_0*q8_1 + 1874048*q11_0*q7_0*q7_1 + 8433216*q11_0*q8_0 + 6899904*q11_1*q2_0**2*q9_0 + 18399744*q11_1*q2_0*q3_0*q8_0 - 6559168*q11_1*q4_0*q9_0 - 8433216*q11_1*q5_0*q8_0 - 1889568*q2_0**5*q9_1 + 2309472*q2_0**4*q8_1*q9_1 + 8211456*q2_0**3*q3_0*q7_1*q9_1 + 7185024*q2_0**3*q4_0*q9_1 + 10948608*q2_0**2*q3_0**2*q9_1 - 7527168*q2_0**2*q3_0*q9_1**2 - 6586272*q2_0**2*q4_0*q8_1*q9_1 - 5645376*q2_0**2*q5_0*q7_1*q9_1 - 4704480*q2_0**2*q6_0*q9_1 + 8468064*q2_0**2*q7_1*q8_0 + 2822688*q2_0**2*q9_0 - 6690816*q2_0*q3_0**2*q8_1*q9_1 - 11708928*q2_0*q3_0*q4_0*q7_1*q9_1 - 10036224*q2_0*q3_0*q5_0*q9_1 + 6272640*q2_0*q3_0*q8_0 - 5122656*q2_0*q4_0**2*q9_1 + 4599936*q2_0*q5_0*q9_1**2 + 3833280*q2_0*q6_0*q8_1*q9_1 + 3066624*q2_0*q7_0*q7_1*q9_1 - 3066624*q2_0*q7_1**2*q9_0 - 9199872*q2_0*q7_1*q8_0*q8_1 - 6899904*q2_0*q8_0*q9_1 - 6133248*q2_0*q8_1*q9_0 - 1982464*q3_0**3*q7_1*q9_1 - 5203968*q3_0**2*q4_0*q9_1 + 4770304*q3_0*q4_0*q9_1**2 + 4088832*q3_0*q5_0*q8_1*q9_1 + 3407360*q3_0*q6_0*q7_1*q9_1 + 2725888*q3_0*q7_0*q9_1 - 3577728*q3_0*q7_1**2*q8_0 - 4770304*q3_0*q7_1*q9_0 - 7155456*q3_0*q8_0*q8_1 + 2087008*q4_0**2*q8_1*q9_1 + 3577728*q4_0*q5_0*q7_1*q9_1 + 2981440*q4_0*q6_0*q9_1 - 5366592*q4_0*q7_1*q8_0 - 1788864*q4_0*q9_0 + 1533312*q5_0**2*q9_1 - 1916640*q5_0*q8_0 - 1874048*q7_0*q9_1**2 + 3748096*q7_1*q9_0*q9_1 + 5622144*q8_0*q8_1*q9_1 + 2342560*q8_1**2*q9_0
13	2	[1,2]	6	204	119790*a1_0*b3*b4*q11_1 - 159720*a1_0*b3*q11_1*q7_1 - 119790*a1_0*b4**2*q11_0 - 588060*a1_0*b4**2*q2_0*q7_1*q8_1 - 147015*a1_0*b4**2*q2_0*q9_1 - 217800*a1_0*b4**2*q3_0*q8_1 + 119790*a1_0*b4**2*q7_1**2*q9_1 + 479160*a1_0*b4**2*q7_1*q8_1**2 + 718740*a1_0*b4**2*q8_1*q9_1 - 1078110*a1_0*b4*q10_1*q11_1*q2_0 + 98010*a1_0*b4*q10_1*q2_0 - 79860*a1_0*b4*q10_1*q7_1**2 - 638880*a1_0*b4*q10_1*q8_1 + 319440*a1_0*b4*q11_0*q7_1 - 721710*a1_0*b4*q11_1*q2_0**3 + 1568160*a1_0*b4*q11_1*q2_0*q3_0*q7_1 + 1372140*a1_0*b4*q11_1*q2_0*q4_0 + 696960*a1_0*b4*q11_1*q3_0**2 - 479160*a1_0*b4*q11_1*q3_0*q9_1 - 718740*a1_0*b4*q11_1*q5_0*q7_1 - 598950*a1_0*b4*q11_1*q6_0 - 240570*a1_0*b4*q2_0**2*q8_1 + 294030*a1_0*b4*q2_0*q7_1**2*q8_1 + 784080*a1_0*b4*q2_0*q7_1*q9_1 + 588060*a1_0*b4*q2_0*q8_1**2 + 435600*a1_0*b4*q3_0*q7_1*q8_1 + 290400*a1_0*b4*q3_0*q9_1 + 152460*a1_0*b4*q4_0*q8_1 - 1118040*a1_0*b4*q7_1*q8_1*q9_1 - 239580*a1_0*b4*q8_1**3 - 638880*a1_0*b4*q9_1**2 + 479160*a1_0*q10_1*q11_1*q3_0 - 196020*a1_0*q10_1*q2_0*q7_1 - 72600*a1_0*q10_1*q3_0 + 159720*a1_0*q10_1*q7_1*q8_1 + 559020*a1_0*q10_1*q9_1 + 1078110*a1_0*q11_0*q11_1*q2_0 + 49005*a1_0*q11_0*q2_0 - 39930*a1_0*q11_0*q7_1**2 - 79860*a1_0*q11_0*q8_1 + 601425*a1_0*q11_1*q2_0**3*q7_1 + 1603800*a1_0*q11_1*q2_0**2*q3_0 - 1306800*a1_0*q11_1*q2_0*q3_0*q8_1 - 1143450*a1_0*q11_1*q2_0*q4_0*q7_1 - 980100*a1_0*q11_1*q2_0*q5_0 - 580800*a1_0*q11_1*q3_0**2*q7_1 - 1016400*a1_0*q11_1*q3_0*q4_0 + 598950*a1_0*q11_1*q5_0*q8_1 + 499125*a1_0*q11_1*q6_0*q7_1 + 399300*a1_0*q11_1*q7_0 + 200475*a1_0*q2_0**2*q9_1 - 245025*a1_0*q2_0*q7_1**2*q9_1 - 490050*a1_0*q2_0*q8_1*q9_1 - 363000*a1_0*q3_0*q7_1*q9_1 - 127050*a1_0*q4_0*q9_1 + 399300*a1_0*q7_1*q9_1**2 + 199650*a1_0*q8_1**2*q9_1 + 279510*a2_0*b3*q11_1 - 43197*a2_0*b3 - 182952*a2_0*b4**2*q2_0*q8_1 + 167706*a2_0*b4**2*q7_1**2*q8_1 + 167706*a2_0*b4**2*q7_1*q9_1 + 335412*a2_0*b4**2*q8_1**2 - 111804*a2_0*b4*q10_1*q7_1 + 1844766*a2_0*b4*q11_0*q11_1 + 111804*a2_0*b4*q11_0 + 823284*a2_0*b4*q11_1*q2_0**2*q7_1 + 1463616*a2_0*b4*q11_1*q2_0*q3_0 - 503118*a2_0*b4*q11_1*q2_0*q9_1 - 782628*a2_0*b4*q11_1*q4_0*q7_1 - 670824*a2_0*b4*q11_1*q5_0 + 365904*a2_0*b4*q2_0*q7_1*q8_1 + 243936*a2_0*b4*q2_0*q9_1 + 121968*a2_0*b4*q3_0*q8_1 - 223608*a2_0*b4*q7_1**2*q9_1 - 335412*a2_0*b4*q7_1*q8_1**2 - 782628*a2_0*b4*q8_1*q9_1 + 503118*a2_0*q10_1*q11_1*q2_0 - 60984*a2_0*q10_1*q2_0 + 55902*a2_0*q10_1*q7_1**2 + 111804*a2_0*q10_1*q8_1 - 55902*a2_0*q11_0*q7_1 + 561330*a2_0*q11_1*q2_0**3 - 686070*a2_0*q11_1*q2_0**2*q8_1 - 1219680*a2_0*q11_1*q2_0*q3_0*q7_1 - 1067220*a2_0*q11_1*q2_0*q4_0 - 542080*a2_0*q11_1*q3_0**2 + 652190*a2_0*q11_1*q4_0*q8_1 + 559020*a2_0*q11_1*q5_0*q7_1 + 465850*a2_0*q11_1*q6_0 - 304920*a2_0*q2_0*q7_1*q9_1 - 101640*a2_0*q3_0*q9_1 + 279510*a2_0*q7_1*q8_1*q9_1 + 279510*a2_0*q9_1**2 + 207636*a3_0*b4**2*q7_1*q8_1 + 51909*a3_0*b4**2*q9_1 + 1141998*a3_0*b4*q10_1*q11_1 - 34606*a3_0*b4*q10_1 + 764478*a3_0*b4*q11_1*q2_0**2 - 830544*a3_0*b4*q11_1*q3_0*q7_1 - 726726*a3_0*b4*q11_1*q4_0 + 84942*a3_0*b4*q2_0*q8_1 - 103818*a3_0*b4*q7_1**2*q8_1 - 276848*a3_0*b4*q7_1*q9_1 - 207636*a3_0*b4*q8_1**2 + 69212*a3_0*q10_1*q7_1 - 1141998*a3_0*q11_0*q11_1 - 17303*a3_0*q11_0 - 637065*a3_0*q11_1*q2_0**2*q7_1 - 1132560*a3_0*q11_1*q2_0*q3_0 + 692120*a3_0*q11_1*q3_0*q8_1 + 605605*a3_0*q11_1*q4_0*q7_1 + 519090*a3_0*q11_1*q5_0 - 70785*a3_0*q2_0*q9_1 + 86515*a3_0*q7_1**2*q9_1 + 173030*a3_0*q8_1*q9_1 + 47916*a4_0*b4**2*q8_1 - 862488*a4_0*b4*q11_1*q2_0*q7_1 - 766656*a4_0*b4*q11_1*q3_0 + 527076*a4_0*b4*q11_1*q9_1 - 95832*a4_0*b4*q7_1*q8_1 - 63888*a4_0*b4*q9_1 - 527076*a4_0*q10_1*q11_1 + 15972*a4_0*q10_1 - 588060*a4_0*q11_1*q2_0**2 + 718740*a4_0*q11_1*q2_0*q8_1 + 638880*a4_0*q11_1*q3_0*q7_1 + 559020*a4_0*q11_1*q4_0 + 79860*a4_0*q7_1*q9_1 + 878460*a6_0*b4*q11_1*q7_1 + 598950*a6_0*q11_1*q2_0 - 732050*a6_0*q11_1*q8_1 + 790614*a7_0*b4*q11_1 - 658845*a7_0*q11_1*q7_1 - 585640*a8_0*q11_1 + 319440*b3*b4*q11_1*q7_1 - 174240*b3*q11_1*q2_0 - 106480*b3*q11_1*q7_1**2 + 106480*b3*q11_1*q8_1 + 40392*b3*q2_0 - 29040*b3*q8_1 + 638880*b4**2*q10_1*q8_1 - 319440*b4**2*q11_0*q7_1 + 384912*b4**2*q2_0**2*q8_1 - 418176*b4**2*q2_0*q7_1**2*q8_1 - 418176*b4**2*q2_0*q7_1*q9_1 - 836352*b4**2*q2_0*q8_1**2 - 650496*b4**2*q3_0*q7_1*q8_1 - 162624*b4**2*q3_0*q9_1 - 243936*b4**2*q4_0*q8_1 + 958320*b4**2*q7_1*q8_1*q9_1 + 319440*b4**2*q8_1**3 + 319440*b4**2*q9_1**2 - 1022208*b4*q10_1*q11_1*q3_0 + 278784*b4*q10_1*q2_0*q7_1 + 108416*b4*q10_1*q3_0 - 851840*b4*q10_1*q7_1*q8_1 - 1064800*b4*q10_1*q9_1 - 1724976*b4*q11_0*q11_1*q2_0 - 278784*b4*q11_0*q2_0 + 212960*b4*q11_0*q7_1**2 - 212960*b4*q11_0*q8_1 - 769824*b4*q11_1*q2_0**3*q7_1 - 2052864*b4*q11_1*q2_0**2*q3_0 + 470448*b4*q11_1*q2_0**2*q9_1 + 1463616*b4*q11_1*q2_0*q4_0*q7_1 + 1254528*b4*q11_1*q2_0*q5_0 + 743424*b4*q11_1*q3_0**2*q7_1 + 1300992*b4*q11_1*q3_0*q4_0 - 447216*b4*q11_1*q4_0*q9_1 - 638880*b4*q11_1*q6_0*q7_1 - 511104*b4*q11_1*q7_0 - 769824*b4*q2_0**2*q7_1*q8_1 - 513216*b4*q2_0**2*q9_1 - 570240*b4*q2_0*q3_0*q8_1 + 557568*b4*q2_0*q7_1**2*q9_1 + 836352*b4*q2_0*q7_1*q8_1**2 + 1951488*b4*q2_0*q8_1*q9_1 + 325248*b4*q3_0*q7_1**2*q8_1 + 867328*b4*q3_0*q7_1*q9_1 + 650496*b4*q3_0*q8_1**2 + 487872*b4*q4_0*q7_1*q8_1 + 325248*b4*q4_0*q9_1 + 174240*b4*q5_0*q8_1 - 851840*b4*q7_1*q9_1**2 - 1064800*b4*q8_1**2*q9_1 + 212960*q10_1**2 - 470448*q10_1*q11_1*q2_0**2 + 447216*q10_1*q11_1*q4_0 + 128304*q10_1*q2_0**2 - 139392*q10_1*q2_0*q7_1**2 - 278784*q10_1*q2_0*q8_1 - 216832*q10_1*q3_0*q7_1 - 81312*q10_1*q4_0 + 745360*q10_1*q7_1*q9_1 + 106480*q10_1*q8_1**2 + 1022208*q11_0*q11_1*q3_0 + 139392*q11_0*q2_0*q7_1 + 54208*q11_0*q3_0 - 106480*q11_0*q7_1*q8_1 + 425920*q11_0*q9_1 - 524880*q11_1*q2_0**4 + 641520*q11_1*q2_0**3*q8_1 + 1710720*q11_1*q2_0**2*q3_0*q7_1 + 1496880*q11_1*q2_0**2*q4_0 + 1520640*q11_1*q2_0*q3_0**2 - 1219680*q11_1*q2_0*q4_0*q8_1 - 1045440*q11_1*q2_0*q5_0*q7_1 - 871200*q11_1*q2_0*q6_0 - 619520*q11_1*q3_0**2*q8_1 - 1084160*q11_1*q3_0*q4_0*q7_1 - 929280*q11_1*q3_0*q5_0 - 474320*q11_1*q4_0**2 + 532400*q11_1*q6_0*q8_1 + 425920*q11_1*q7_0*q7_1 + 1277760*q11_1*q8_0 + 641520*q2_0**2*q7_1*q9_1 + 475200*q2_0*q3_0*q9_1 - 696960*q2_0*q7_1*q8_1*q9_1 - 696960*q2_0*q9_1**2 - 271040*q3_0*q7_1**2*q9_1 - 542080*q3_0*q8_1*q9_1 - 406560*q4_0*q7_1*q9_1 - 145200*q5_0*q9_1 - 87120*q8_0 + 532400*q8_1*q9_1**2
14	2	[1,1]	3	16	-10890*a1_0*b4**2*q11_1 + 36300*a1_0*b4*q11_1*q7_1 + 26730*a1_0*q11_1*q2_0 - 7260*a1_0*q11_1*q7_1**2 - 14520*a1_0*q11_1*q8_1 - 2295*a1_0*q2_0 + 43197*a2_0*b4*q11_1 - 3927*a2_0*b4 - 10164*a2_0*q11_1*q7_1 - 22022*a3_0*q11_1 + 2431*a3_0 - 29040*b4**2*q11_1*q7_1 - 60192*b4*q11_1*q2_0 + 24200*b4*q11_1*q7_1**2 + 4840*b4*q11_1*q8_1 + 3672*b4*q2_0 + 3960*b4*q8_1 + 25344*q11_1*q2_0*q7_1 + 26752*q11_1*q3_0 - 19360*q11_1*q7_1*q8_1 + 19360*q11_1*q9_1 - 2176*q3_0 - 3520*q9_1
16	2	[0,2]	7	220	119790*a1_0*b1*b3*b4*q11_1 - 159720*a1_0*b1*b3*q11_1*q7_1 - 119790*a1_0*b1*b4**2*q11_0 - 588060*a1_0*b1*b4**2*q2_0*q7_1*q8_1 - 147015*a1_0*b1*b4**2*q2_0*q9_1 - 217800*a1_0*b1*b4**2*q3_0*q8_1 + 119790*a1_0*b1*b4**2*q7_1**2*q9_1 + 479160*a1_0*b1*b4**2*q7_1*q8_1**2 + 718740*a1_0*b1*b4**2*q8_1*q9_1 - 1078110*a1_0*b1*b4*q10_1*q11_1*q2_0 + 98010*a1_0*b1*b4*q10_1*q2_0 - 79860*a1_0*b1*b4*q10_1*q7_1**2 - 638880*a1_0*b1*b4*q10_1*q8_1 + 319440*a1_0*b1*b4*q11_0*q7_1 - 721710*a1_0*b1*b4*q11_1*q2_0**3 + 1568160*a1_0*b1*b4*q11_1*q2_0*q3_0*q7_1 + 1372140*a1_0*b1*b4*q11_1*q2_0*q4_0 + 696960*a1_0*b1*b4*q11_1*q3_0**2 - 479160*a1_0*b1*b4*q11_1*q3_0*q9_1 - 718740*a1_0*b1*b4*q11_1*q5_0*q7_1 - 598950*a1_0*b1*b4*q11_1*q6_0 - 240570*a1_0*b1*b4*q2_0**2*q8_1 + 294030*a1_0*b1*b4*q2_0*q7_1**2*q8_1 + 784080*a1_0*b1*b4*q2_0*q7_1*q9_1 + 588060*a1_0*b1*b4*q2_0*q8_1**2 + 435600*a1_0*b1*b4*q3_0*q7_1*q8_1 + 290400*a1_0*b1*b4*q3_0*q9_1 + 152460*a1_0*b1*b4*q4_0*q8_1 - 1118040*a1_0*b1*b4*q7_1*q8_1*q9_1 - 239580*a1_0*b1*b4*q8_1**3 - 638880*a1_0*b1*b4*q9_1**2 + 479160*a1_0*b1*q10_1*q11_1*q3_0 - 196020*a1_0*b1*q10_1*q2_0*q7_1 - 72600*a1_0*b1*q10_1*q3_0 + 159720*a1_0*b1*q10_1*q7_1*q8_1 + 559020*a1_0*b1*q10_1*q9_1 + 1078110*a1_0*b1*q11_0*q11_1*q2_0 + 49005*a1_0*b1*q11_0*q2_0 - 39930*a1_0*b1*q11_0*q7_1**2 - 79860*a1_0*b1*q11_0*q8_1 + 601425*a1_0*b1*q11_1*q2_0**3*q7_1 + 1603800*a1_0*b1*q11_1*q2_0**2*q3_0 - 1306800*a1_0*b1*q11_1*q2_0*q3_0*q8_1 - 1143450*a1_0*b1*q11_1*q2_0*q4_0*q7_1 - 980100*a1_0*b1*q11_1*q2_0*q5_0 - 580800*a1_0*b1*q11_1*q3_0**2*q7_1 - 1016400*a1_0*b1*q11_1*q3_0*q4_0 + 598950*a1_0*b1*q11_1*q5_0*q8_1 + 499125*a1_0*b1*q11_1*q6_0*q7_1 + 399300*a1_0*b1*q11_1*q7_0 + 200475*a1_0*b1*q2_0**2*q9_1 - 245025*a1_0*b1*q2_0*q7_1**2*q9_1 - 490050*a1_0*b1*q2_0*q8_1*q9_1 - 363000*a1_0*b1*q3_0*q7_1*q9_1 - 127050*a1_0*b1*q4_0*q9_1 + 399300*a1_0*b1*q7_1*q9_1**2 + 199650*a1_0*b1*q8_1**2*q9_1 - 239580*a1_0*b4**2*q11_1 + 798600*a1_0*b4*q11_1*q7_1 + 588060*a1_0*q11_1*q2_0 - 159720*a1_0*q11_1*q7_1**2 - 319440*a1_0*q11_1*q8_1 - 50490*a1_0*q2_0 + 279510*a2_0*b1*b3*q11_1 - 43197*a2_0*b1*b3 - 182952*a2_0*b1*b4**2*q2_0*q8_1 + 167706*a2_0*b1*b4**2*q7_1**2*q8_1 + 167706*a2_0*b1*b4**2*q7_1*q9_1 + 335412*a2_0*b1*b4**2*q8_1**2 - 111804*a2_0*b1*b4*q10_1*q7_1 + 1844766*a2_0*b1*b4*q11_0*q11_1 + 111804*a2_0*b1*b4*q11_0 + 823284*a2_0*b1*b4*q11_1*q2_0**2*q7_1 + 1463616*a2_0*b1*b4*q11_1*q2_0*q3_0 - 503118*a2_0*b1*b4*q11_1*q2_0*q9_1 - 782628*a2_0*b1*b4*q11_1*q4_0*q7_1 - 670824*a2_0*b1*b4*q11_1*q5_0 + 365904*a2_0*b1*b4*q2_0*q7_1*q8_1 + 243936*a2_0*b1*b4*q2_0*q9_1 + 121968*a2_0*b1*b4*q3_0*q8_1 - 223608*a2_0*b1*b4*q7_1**2*q9_1 - 335412*a2_0*b1*b4*q7_1*q8_1**2 - 782628*a2_0*b1*b4*q8_1*q9_1 + 503118*a2_0*b1*q10_1*q11_1*q2_0 - 60984*a2_0*b1*q10_1*q2_0 + 55902*a2_0*b1*q10_1*q7_1**2 + 111804*a2_0*b1*q10_1*q8_1 - 55902*a2_0*b1*q11_0*q7_1 + 561330*a2_0*b1*q11_1*q2_0**3 - 686070*a2_0*b1*q11_1*q2_0**2*q8_1 - 1219680*a2_0*b1*q11_1*q2_0*q3_0*q7_1 - 1067220*a2_0*b1*q11_1*q2_0*q4_0 - 542080*a2_0*b1*q11_1*q3_0**2 + 652190*a2_0*b1*q11_1*q4_0*q8_1 + 559020*a2_0*b1*q11_1*q5_0*q7_1 + 465850*a2_0*b1*q11_1*q6_0 - 304920*a2_0*b1*q2_0*q7_1*q9_1 - 101640*a2_0*b1*q3_0*q9_1 + 279510*a2_0*b1*q7_1*q8_1*q9_1 + 279510*a2_0*b1*q9_1**2 + 950334*a2_0*b4*q11_1 - 86394*a2_0*b4 - 223608*a2_0*q11_1*q7_1 + 207636*a3_0*b1*b4**2*q7_1*q8_1 + 51909*a3_0*b1*b4**2*q9_1 + 1141998*a3_0*b1*b4*q10_1*q11_1 - 34606*a3_0*b1*b4*q10_1 + 764478*a3_0*b1*b4*q11_1*q2_0**2 - 830544*a3_0*b1*b4*q11_1*q3_0*q7_1 - 726726*a3_0*b1*b4*q11_1*q4_0 + 84942*a3_0*b1*b4*q2_0*q8_1 - 103818*a3_0*b1*b4*q7_1**2*q8_1 - 276848*a3_0*b1*b4*q7_1*q9_1 - 207636*a3_0*b1*b4*q8_1**2 + 69212*a3_0*b1*q10_1*q7_1 - 1141998*a3_0*b1*q11_0*q11_1 - 17303*a3_0*b1*q11_0 - 637065*a3_0*b1*q11_1*q2_0**2*q7_1 - 1132560*a3_0*b1*q11_1*q2_0*q3_0 + 692120*a3_0*b1*q11_1*q3_0*q8_1 + 605605*a3_0*b1*q11_1*q4_0*q7_1 + 519090*a3_0*b1*q11_1*q5_0 - 70785*a3_0*b1*q2_0*q9_1 + 86515*a3_0*b1*q7_1**2*q9_1 + 173030*a3_0*b1*q8_1*q9_1 - 484484*a3_0*q11_1 + 53482*a3_0 + 47916*a4_0*b1*b4**2*q8_1 - 862488*a4_0*b1*b4*q11_1*q2_0*q7_1 - 766656*a4_0*b1*b4*q11_1*q3_0 + 527076*a4_0*b1*b4*q11_1*q9_1 - 95832*a4_0*b1*b4*q7_1*q8_1 - 63888*a4_0*b1*b4*q9_1 - 527076*a4_0*b1*q10_1*q11_1 + 15972*a4_0*b1*q10_1 - 588060*a4_0*b1*q11_1*q2_0**2 + 718740*a4_0*b1*q11_1*q2_0*q8_1 + 638880*a4_0*b1*q11_1*q3_0*q7_1 + 559020*a4_0*b1*q11_1*q4_0 + 79860*a4_0*b1*q7_1*q9_1 + 878460*a6_0*b1*b4*q11_1*q7_1 + 598950*a6_0*b1*q11_1*q2_0 - 732050*a6_0*b1*q11_1*q8_1 + 790614*a7_0*b1*b4*q11_1 - 658845*a7_0*b1*q11_1*q7_1 - 585640*a8_0*b1*q11_1 + 319440*b1*b3*b4*q11_1*q7_1 - 174240*b1*b3*q11_1*q2_0 - 106480*b1*b3*q11_1*q7_1**2 + 106480*b1*b3*q11_1*q8_1 + 40392*b1*b3*q2_0 - 29040*b1*b3*q8_1 + 638880*b1*b4**2*q10_1*q8_1 - 319440*b1*b4**2*q11_0*q7_1 + 384912*b1*b4**2*q2_0**2*q8_1 - 418176*b1*b4**2*q2_0*q7_1**2*q8_1 - 418176*b1*b4**2*q2_0*q7_1*q9_1 - 836352*b1*b4**2*q2_0*q8_1**2 - 650496*b1*b4**2*q3_0*q7_1*q8_1 - 162624*b1*b4**2*q3_0*q9_1 - 243936*b1*b4**2*q4_0*q8_1 + 958320*b1*b4**2*q7_1*q8_1*q9_1 + 319440*b1*b4**2*q8_1**3 + 319440*b1*b4**2*q9_1**2 - 1022208*b1*b4*q10_1*q11_1*q3_0 + 278784*b1*b4*q10_1*q2_0*q7_1 + 108416*b1*b4*q10_1*q3_0 - 851840*b1*b4*q10_1*q7_1*q8_1 - 1064800*b1*b4*q10_1*q9_1 - 1724976*b1*b4*q11_0*q11_1*q2_0 - 278784*b1*b4*q11_0*q2_0 + 212960*b1*b4*q11_0*q7_1**2 - 212960*b1*b4*q11_0*q8_1 - 769824*b1*b4*q11_1*q2_0**3*q7_1 - 2052864*b1*b4*q11_1*q2_0**2*q3_0 + 470448*b1*b4*q11_1*q2_0**2*q9_1 + 1463616*b1*b4*q11_1*q2_0*q4_0*q7_1 + 1254528*b1*b4*q11_1*q2_0*q5_0 + 743424*b1*b4*q11_1*q3_0**2*q7_1 + 1300992*b1*b4*q11_1*q3_0*q4_0 - 447216*b1*b4*q11_1*q4_0*q9_1 - 638880*b1*b4*q11_1*q6_0*q7_1 - 511104*b1*b4*q11_1*q7_0 - 769824*b1*b4*q2_0**2*q7_1*q8_1 - 513216*b1*b4*q2_0**2*q9_1 - 570240*b1*b4*q2_0*q3_0*q8_1 + 557568*b1*b4*q2_0*q7_1**2*q9_1 + 836352*b1*b4*q2_0*q7_1*q8_1**2 + 1951488*b1*b4*q2_0*q8_1*q9_1 + 325248*b1*b4*q3_0*q7_1**2*q8_1 + 867328*b1*b4*q3_0*q7_1*q9_1 + 650496*b1*b4*q3_0*q8_1**2 + 487872*b1*b4*q4_0*q7_1*q8_1 + 325248*b1*b4*q4_0*q9_1 + 174240*b1*b4*q5_0*q8_1 - 851840*b1*b4*q7_1*q9_1**2 - 1064800*b1*b4*q8_1**2*q9_1 + 212960*b1*q10_1**2 - 470448*b1*q10_1*q11_1*q2_0**2 + 447216*b1*q10_1*q11_1*q4_0 + 128304*b1*q10_1*q2_0**2 - 139392*b1*q10_1*q2_0*q7_1**2 - 278784*b1*q10_1*q2_0*q8_1 - 216832*b1*q10_1*q3_0*q7_1 - 81312*b1*q10_1*q4_0 + 745360*b1*q10_1*q7_1*q9_1 + 106480*b1*q10_1*q8_1**2 + 1022208*b1*q11_0*q11_1*q3_0 + 139392*b1*q11_0*q2_0*q7_1 + 54208*b1*q11_0*q3_0 - 106480*b1*q11_0*q7_1*q8_1 + 425920*b1*q11_0*q9_1 - 524880*b1*q11_1*q2_0**4 + 641520*b1*q11_1*q2_0**3*q8_1 + 1710720*b1*q11_1*q2_0**2*q3_0*q7_1 + 1496880*b1*q11_1*q2_0**2*q4_0 + 1520640*b1*q11_1*q2_0*q3_0**2 - 1219680*b1*q11_1*q2_0*q4_0*q8_1 - 1045440*b1*q11_1*q2_0*q5_0*q7_1 - 871200*b1*q11_1*q2_0*q6_0 - 619520*b1*q11_1*q3_0**2*q8_1 - 1084160*b1*q11_1*q3_0*q4_0*q7_1 - 929280*b1*q11_1*q3_0*q5_0 - 474320*b1*q11_1*q4_0**2 + 532400*b1*q11_1*q6_0*q8_1 + 425920*b1*q11_1*q7_0*q7_1 + 1277760*b1*q11_1*q8_0 + 641520*b1*q2_0**2*q7_1*q9_1 + 475200*b1*q2_0*q3_0*q9_1 - 696960*b1*q2_0*q7_1*q8_1*q9_1 - 696960*b1*q2_0*q9_1**2 - 271040*b1*q3_0*q7_1**2*q9_1 - 542080*b1*q3_0*q8_1*q9_1 - 406560*b1*q4_0*q7_1*q9_1 - 145200*b1*q5_0*q9_1 - 87120*b1*q8_0 + 532400*b1*q8_1*q9_1**2 - 638880*b4**2*q11_1*q7_1 - 1324224*b4*q11_1*q2_0 + 532400*b4*q11_1*q7_1**2 + 106480*b4*q11_1*q8_1 + 80784*b4*q2_0 + 87120*b4*q8_1 + 557568*q11_1*q2_0*q7_1 + 588544*q11_1*q3_0 - 425920*q11_1*q7_1*q8_1 + 425920*q11_1*q9_1 - 47872*q3_0 - 77440*q9_1
17	2	[0,1]	8	727	2898918*a10_0*b4*q8_0 - 1932612*a10_0*q9_0 - 5314683*a13_0*b3*q11_1 - 5314683*a13_0*b4*q11_0 - 3543122*a14_0*b4*q10_1 + 3543122*a14_0*q11_0 - 1771561*a15_0*b4*q9_1 + 1771561*a15_0*q10_1 + 2635380*a1_0*b1*b4**2*q11_1 - 8784600*a1_0*b1*b4*q11_1*q7_1 - 6468660*a1_0*b1*q11_1*q2_0 + 1756920*a1_0*b1*q11_1*q7_1**2 + 3513840*a1_0*b1*q11_1*q8_1 + 555390*a1_0*b1*q2_0 - 1317690*a1_0*b2*b3*b4*q11_1 + 1756920*a1_0*b2*b3*q11_1*q7_1 + 1317690*a1_0*b2*b4**2*q11_0 + 6468660*a1_0*b2*b4**2*q2_0*q7_1*q8_1 + 1617165*a1_0*b2*b4**2*q2_0*q9_1 + 2395800*a1_0*b2*b4**2*q3_0*q8_1 - 1317690*a1_0*b2*b4**2*q7_1**2*q9_1 - 5270760*a1_0*b2*b4**2*q7_1*q8_1**2 - 7906140*a1_0*b2*b4**2*q8_1*q9_1 + 11859210*a1_0*b2*b4*q10_1*q11_1*q2_0 - 1078110*a1_0*b2*b4*q10_1*q2_0 + 878460*a1_0*b2*b4*q10_1*q7_1**2 + 7027680*a1_0*b2*b4*q10_1*q8_1 - 3513840*a1_0*b2*b4*q11_0*q7_1 + 7938810*a1_0*b2*b4*q11_1*q2_0**3 - 17249760*a1_0*b2*b4*q11_1*q2_0*q3_0*q7_1 - 15093540*a1_0*b2*b4*q11_1*q2_0*q4_0 - 7666560*a1_0*b2*b4*q11_1*q3_0**2 + 5270760*a1_0*b2*b4*q11_1*q3_0*q9_1 + 7906140*a1_0*b2*b4*q11_1*q5_0*q7_1 + 6588450*a1_0*b2*b4*q11_1*q6_0 + 2646270*a1_0*b2*b4*q2_0**2*q8_1 - 3234330*a1_0*b2*b4*q2_0*q7_1**2*q8_1 - 8624880*a1_0*b2*b4*q2_0*q7_1*q9_1 - 6468660*a1_0*b2*b4*q2_0*q8_1**2 - 4791600*a1_0*b2*b4*q3_0*q7_1*q8_1 - 3194400*a1_0*b2*b4*q3_0*q9_1 - 1677060*a1_0*b2*b4*q4_0*q8_1 + 12298440*a1_0*b2*b4*q7_1*q8_1*q9_1 + 2635380*a1_0*b2*b4*q8_1**3 + 7027680*a1_0*b2*b4*q9_1**2 - 5270760*a1_0*b2*q10_1*q11_1*q3_0 + 2156220*a1_0*b2*q10_1*q2_0*q7_1 + 798600*a1_0*b2*q10_1*q3_0 - 1756920*a1_0*b2*q10_1*q7_1*q8_1 - 6149220*a1_0*b2*q10_1*q9_1 - 11859210*a1_0*b2*q11_0*q11_1*q2_0 - 539055*a1_0*b2*q11_0*q2_0 + 439230*a1_0*b2*q11_0*q7_1**2 + 878460*a1_0*b2*q11_0*q8_1 - 6615675*a1_0*b2*q11_1*q2_0**3*q7_1 - 17641800*a1_0*b2*q11_1*q2_0**2*q3_0 + 14374800*a1_0*b2*q11_1*q2_0*q3_0*q8_1 + 12577950*a1_0*b2*q11_1*q2_0*q4_0*q7_1 + 10781100*a1_0*b2*q11_1*q2_0*q5_0 + 6388800*a1_0*b2*q11_1*q3_0**2*q7_1 + 11180400*a1_0*b2*q11_1*q3_0*q4_0 - 6588450*a1_0*b2*q11_1*q5_0*q8_1 - 5490375*a1_0*b2*q11_1*q6_0*q7_1 - 4392300*a1_0*b2*q11_1*q7_0 - 2205225*a1_0*b2*q2_0**2*q9_1 + 2695275*a1_0*b2*q2_0*q7_1**2*q9_1 + 5390550*a1_0*b2*q2_0*q8_1*q9_1 + 3993000*a1_0*b2*q3_0*q7_1*q9_1 + 1397550*a1_0*b2*q4_0*q9_1 - 4392300*a1_0*b2*q7_1*q9_1**2 - 2196150*a1_0*b2*q8_1**2*q9_1 - 1976535*a1_0*b3*q10_0*q11_1*q2_0 + 2635380*a1_0*b3*q10_1*q8_0 + 4851495*a1_0*b3*q11_1*q2_0**2*q8_0 - 3513840*a1_0*b3*q11_1*q3_0*q9_0 - 4611915*a1_0*b3*q11_1*q4_0*q8_0 + 1323135*a1_0*b3*q2_0**2*q8_0 - 1617165*a1_0*b3*q2_0*q7_1**2*q8_0 - 3234330*a1_0*b3*q2_0*q8_0*q8_1 - 2395800*a1_0*b3*q3_0*q7_1*q8_0 - 838530*a1_0*b3*q4_0*q8_0 + 2635380*a1_0*b3*q7_1*q8_0*q9_1 + 1317690*a1_0*b3*q8_0*q8_1**2 - 1756920*a1_0*b4*q10_0*q10_1*q3_0 - 1976535*a1_0*b4*q10_0*q11_0*q2_0 - 1323135*a1_0*b4*q10_0*q2_0**3*q7_1 - 3528360*a1_0*b4*q10_0*q2_0**2*q3_0 + 1617165*a1_0*b4*q10_0*q2_0**2*q9_1 + 2874960*a1_0*b4*q10_0*q2_0*q3_0*q8_1 + 2515590*a1_0*b4*q10_0*q2_0*q4_0*q7_1 + 2156220*a1_0*b4*q10_0*q2_0*q5_0 + 1277760*a1_0*b4*q10_0*q3_0**2*q7_1 + 2236080*a1_0*b4*q10_0*q3_0*q4_0 - 1537305*a1_0*b4*q10_0*q4_0*q9_1 - 1317690*a1_0*b4*q10_0*q5_0*q8_1 - 1098075*a1_0*b4*q10_0*q6_0*q7_1 - 878460*a1_0*b4*q10_0*q7_0 + 3234330*a1_0*b4*q10_1*q2_0**2*q9_0 + 8624880*a1_0*b4*q10_1*q2_0*q3_0*q8_0 - 3074610*a1_0*b4*q10_1*q4_0*q9_0 - 3953070*a1_0*b4*q10_1*q5_0*q8_0 + 4851495*a1_0*b4*q11_0*q2_0**2*q8_0 - 3513840*a1_0*b4*q11_0*q3_0*q9_0 - 4611915*a1_0*b4*q11_0*q4_0*q8_0 + 3247695*a1_0*b4*q2_0**4*q7_1*q8_0 + 2165130*a1_0*b4*q2_0**4*q9_0 + 11547360*a1_0*b4*q2_0**3*q3_0*q8_0 - 3969405*a1_0*b4*q2_0**3*q8_0*q9_1 - 2646270*a1_0*b4*q2_0**3*q8_1*q9_0 - 7056720*a1_0*b4*q2_0**2*q3_0*q7_1*q9_0 - 10585080*a1_0*b4*q2_0**2*q3_0*q8_0*q8_1 - 9261945*a1_0*b4*q2_0**2*q4_0*q7_1*q8_0 - 6174630*a1_0*b4*q2_0**2*q4_0*q9_0 - 7938810*a1_0*b4*q2_0**2*q5_0*q8_0 - 9408960*a1_0*b4*q2_0*q3_0**2*q7_1*q8_0 - 6272640*a1_0*b4*q2_0*q3_0**2*q9_0 - 16465680*a1_0*b4*q2_0*q3_0*q4_0*q8_0 + 5749920*a1_0*b4*q2_0*q3_0*q9_0*q9_1 + 7546770*a1_0*b4*q2_0*q4_0*q8_0*q9_1 + 5031180*a1_0*b4*q2_0*q4_0*q8_1*q9_0 + 4312440*a1_0*b4*q2_0*q5_0*q7_1*q9_0 + 6468660*a1_0*b4*q2_0*q5_0*q8_0*q8_1 + 5390550*a1_0*b4*q2_0*q6_0*q7_1*q8_0 + 3593700*a1_0*b4*q2_0*q6_0*q9_0 + 4312440*a1_0*b4*q2_0*q7_0*q8_0 - 2787840*a1_0*b4*q3_0**3*q8_0 + 3833280*a1_0*b4*q3_0**2*q8_0*q9_1 + 2555520*a1_0*b4*q3_0**2*q8_1*q9_0 + 4472160*a1_0*b4*q3_0*q4_0*q7_1*q9_0 + 6708240*a1_0*b4*q3_0*q4_0*q8_0*q8_1 + 5749920*a1_0*b4*q3_0*q5_0*q7_1*q8_0 + 3833280*a1_0*b4*q3_0*q5_0*q9_0 + 4791600*a1_0*b4*q3_0*q6_0*q8_0 + 2934855*a1_0*b4*q4_0**2*q7_1*q8_0 + 1956570*a1_0*b4*q4_0**2*q9_0 + 5031180*a1_0*b4*q4_0*q5_0*q8_0 - 2635380*a1_0*b4*q5_0*q9_0*q9_1 - 3294225*a1_0*b4*q6_0*q8_0*q9_1 - 2196150*a1_0*b4*q6_0*q8_1*q9_0 - 1756920*a1_0*b4*q7_0*q7_1*q9_0 - 2635380*a1_0*b4*q7_0*q8_0*q8_1 - 1976535*a1_0*b4*q7_1*q8_0**2 - 2635380*a1_0*b4*q8_0*q9_0 - 1617165*a1_0*q10_0*q10_1*q2_0**2 + 1537305*a1_0*q10_0*q10_1*q4_0 + 1756920*a1_0*q10_0*q11_0*q3_0 - 1082565*a1_0*q10_0*q2_0**4 + 1323135*a1_0*q10_0*q2_0**3*q8_1 + 3528360*a1_0*q10_0*q2_0**2*q3_0*q7_1 + 3087315*a1_0*q10_0*q2_0**2*q4_0 + 3136320*a1_0*q10_0*q2_0*q3_0**2 - 2874960*a1_0*q10_0*q2_0*q3_0*q9_1 - 2515590*a1_0*q10_0*q2_0*q4_0*q8_1 - 2156220*a1_0*q10_0*q2_0*q5_0*q7_1 - 1796850*a1_0*q10_0*q2_0*q6_0 - 1277760*a1_0*q10_0*q3_0**2*q8_1 - 2236080*a1_0*q10_0*q3_0*q4_0*q7_1 - 1916640*a1_0*q10_0*q3_0*q5_0 - 978285*a1_0*q10_0*q4_0**2 + 1317690*a1_0*q10_0*q5_0*q9_1 + 1098075*a1_0*q10_0*q6_0*q8_1 + 878460*a1_0*q10_0*q7_0*q7_1 + 658845*a1_0*q10_0*q8_0 - 5749920*a1_0*q10_1*q2_0*q3_0*q9_0 + 2635380*a1_0*q10_1*q5_0*q9_0 - 3234330*a1_0*q11_0*q2_0**2*q9_0 + 3074610*a1_0*q11_0*q4_0*q9_0 - 2165130*a1_0*q2_0**4*q7_1*q9_0 - 7698240*a1_0*q2_0**3*q3_0*q9_0 + 2646270*a1_0*q2_0**3*q9_0*q9_1 + 7056720*a1_0*q2_0**2*q3_0*q8_1*q9_0 + 6174630*a1_0*q2_0**2*q4_0*q7_1*q9_0 + 5292540*a1_0*q2_0**2*q5_0*q9_0 + 6272640*a1_0*q2_0*q3_0**2*q7_1*q9_0 + 10977120*a1_0*q2_0*q3_0*q4_0*q9_0 - 5031180*a1_0*q2_0*q4_0*q9_0*q9_1 - 4312440*a1_0*q2_0*q5_0*q8_1*q9_0 - 3593700*a1_0*q2_0*q6_0*q7_1*q9_0 - 2874960*a1_0*q2_0*q7_0*q9_0 + 1858560*a1_0*q3_0**3*q9_0 - 2555520*a1_0*q3_0**2*q9_0*q9_1 - 4472160*a1_0*q3_0*q4_0*q8_1*q9_0 - 3833280*a1_0*q3_0*q5_0*q7_1*q9_0 - 3194400*a1_0*q3_0*q6_0*q9_0 - 1956570*a1_0*q4_0**2*q7_1*q9_0 - 3354120*a1_0*q4_0*q5_0*q9_0 + 2196150*a1_0*q6_0*q9_0*q9_1 + 1756920*a1_0*q7_0*q8_1*q9_0 + 1317690*a1_0*q7_1*q8_0*q9_0 + 878460*a1_0*q9_0**2 - 10453674*a2_0*b1*b4*q11_1 + 950334*a2_0*b1*b4 + 2459688*a2_0*b1*q11_1*q7_1 - 3074610*a2_0*b2*b3*q11_1 + 475167*a2_0*b2*b3 + 2012472*a2_0*b2*b4**2*q2_0*q8_1 - 1844766*a2_0*b2*b4**2*q7_1**2*q8_1 - 1844766*a2_0*b2*b4**2*q7_1*q9_1 - 3689532*a2_0*b2*b4**2*q8_1**2 + 1229844*a2_0*b2*b4*q10_1*q7_1 - 20292426*a2_0*b2*b4*q11_0*q11_1 - 1229844*a2_0*b2*b4*q11_0 - 9056124*a2_0*b2*b4*q11_1*q2_0**2*q7_1 - 16099776*a2_0*b2*b4*q11_1*q2_0*q3_0 + 5534298*a2_0*b2*b4*q11_1*q2_0*q9_1 + 8608908*a2_0*b2*b4*q11_1*q4_0*q7_1 + 7379064*a2_0*b2*b4*q11_1*q5_0 - 4024944*a2_0*b2*b4*q2_0*q7_1*q8_1 - 2683296*a2_0*b2*b4*q2_0*q9_1 - 1341648*a2_0*b2*b4*q3_0*q8_1 + 2459688*a2_0*b2*b4*q7_1**2*q9_1 + 3689532*a2_0*b2*b4*q7_1*q8_1**2 + 8608908*a2_0*b2*b4*q8_1*q9_1 - 5534298*a2_0*b2*q10_1*q11_1*q2_0 + 670824*a2_0*b2*q10_1*q2_0 - 614922*a2_0*b2*q10_1*q7_1**2 - 1229844*a2_0*b2*q10_1*q8_1 + 614922*a2_0*b2*q11_0*q7_1 - 6174630*a2_0*b2*q11_1*q2_0**3 + 7546770*a2_0*b2*q11_1*q2_0**2*q8_1 + 13416480*a2_0*b2*q11_1*q2_0*q3_0*q7_1 + 11739420*a2_0*b2*q11_1*q2_0*q4_0 + 5962880*a2_0*b2*q11_1*q3_0**2 - 7174090*a2_0*b2*q11_1*q4_0*q8_1 - 6149220*a2_0*b2*q11_1*q5_0*q7_1 - 5124350*a2_0*b2*q11_1*q6_0 + 3354120*a2_0*b2*q2_0*q7_1*q9_1 + 1118040*a2_0*b2*q3_0*q9_1 - 3074610*a2_0*b2*q7_1*q8_1*q9_1 - 3074610*a2_0*b2*q9_1**2 - 3689532*a2_0*b3*q11_1*q2_0*q9_0 - 4919376*a2_0*b3*q11_1*q3_0*q8_0 - 2012472*a2_0*b3*q2_0*q7_1*q8_0 - 670824*a2_0*b3*q3_0*q8_0 + 1844766*a2_0*b3*q7_1*q8_0*q8_1 + 1844766*a2_0*b3*q8_0*q9_1 - 1844766*a2_0*b4*q10_0*q10_1*q2_0 - 1234926*a2_0*b4*q10_0*q2_0**3 + 1509354*a2_0*b4*q10_0*q2_0**2*q8_1 + 2683296*a2_0*b4*q10_0*q2_0*q3_0*q7_1 + 2347884*a2_0*b4*q10_0*q2_0*q4_0 + 1192576*a2_0*b4*q10_0*q3_0**2 - 1639792*a2_0*b4*q10_0*q3_0*q9_1 - 1434818*a2_0*b4*q10_0*q4_0*q8_1 - 1229844*a2_0*b4*q10_0*q5_0*q7_1 - 1024870*a2_0*b4*q10_0*q6_0 + 4528062*a2_0*b4*q10_1*q2_0**2*q8_0 - 3279584*a2_0*b4*q10_1*q3_0*q9_0 - 4304454*a2_0*b4*q10_1*q4_0*q8_0 - 3689532*a2_0*b4*q11_0*q2_0*q9_0 - 4919376*a2_0*b4*q11_0*q3_0*q8_0 + 3031182*a2_0*b4*q2_0**4*q8_0 - 2469852*a2_0*b4*q2_0**3*q7_1*q9_0 - 3704778*a2_0*b4*q2_0**3*q8_0*q8_1 - 9879408*a2_0*b4*q2_0**2*q3_0*q7_1*q8_0 - 6586272*a2_0*b4*q2_0**2*q3_0*q9_0 - 8644482*a2_0*b4*q2_0**2*q4_0*q8_0 + 3018708*a2_0*b4*q2_0**2*q9_0*q9_1 - 8781696*a2_0*b4*q2_0*q3_0**2*q8_0 + 8049888*a2_0*b4*q2_0*q3_0*q8_0*q9_1 + 5366592*a2_0*b4*q2_0*q3_0*q8_1*q9_0 + 4695768*a2_0*b4*q2_0*q4_0*q7_1*q9_0 + 7043652*a2_0*b4*q2_0*q4_0*q8_0*q8_1 + 6037416*a2_0*b4*q2_0*q5_0*q7_1*q8_0 + 4024944*a2_0*b4*q2_0*q5_0*q9_0 + 5031180*a2_0*b4*q2_0*q6_0*q8_0 + 2385152*a2_0*b4*q3_0**2*q7_1*q9_0 + 3577728*a2_0*b4*q3_0**2*q8_0*q8_1 + 6261024*a2_0*b4*q3_0*q4_0*q7_1*q8_0 + 4174016*a2_0*b4*q3_0*q4_0*q9_0 + 5366592*a2_0*b4*q3_0*q5_0*q8_0 + 2739198*a2_0*b4*q4_0**2*q8_0 - 2869636*a2_0*b4*q4_0*q9_0*q9_1 - 3689532*a2_0*b4*q5_0*q8_0*q9_1 - 2459688*a2_0*b4*q5_0*q8_1*q9_0 - 2049740*a2_0*b4*q6_0*q7_1*q9_0 - 3074610*a2_0*b4*q6_0*q8_0*q8_1 - 2459688*a2_0*b4*q7_0*q7_1*q8_0 - 1639792*a2_0*b4*q7_0*q9_0 - 1844766*a2_0*b4*q8_0**2 + 1639792*a2_0*q10_0*q10_1*q3_0 + 1844766*a2_0*q10_0*q11_0*q2_0 + 1234926*a2_0*q10_0*q2_0**3*q7_1 + 3293136*a2_0*q10_0*q2_0**2*q3_0 - 1509354*a2_0*q10_0*q2_0**2*q9_1 - 2683296*a2_0*q10_0*q2_0*q3_0*q8_1 - 2347884*a2_0*q10_0*q2_0*q4_0*q7_1 - 2012472*a2_0*q10_0*q2_0*q5_0 - 1192576*a2_0*q10_0*q3_0**2*q7_1 - 2087008*a2_0*q10_0*q3_0*q4_0 + 1434818*a2_0*q10_0*q4_0*q9_1 + 1229844*a2_0*q10_0*q5_0*q8_1 + 1024870*a2_0*q10_0*q6_0*q7_1 + 819896*a2_0*q10_0*q7_0 - 3018708*a2_0*q10_1*q2_0**2*q9_0 + 2869636*a2_0*q10_1*q4_0*q9_0 + 3279584*a2_0*q11_0*q3_0*q9_0 - 2020788*a2_0*q2_0**4*q9_0 + 2469852*a2_0*q2_0**3*q8_1*q9_0 + 6586272*a2_0*q2_0**2*q3_0*q7_1*q9_0 + 5762988*a2_0*q2_0**2*q4_0*q9_0 + 5854464*a2_0*q2_0*q3_0**2*q9_0 - 5366592*a2_0*q2_0*q3_0*q9_0*q9_1 - 4695768*a2_0*q2_0*q4_0*q8_1*q9_0 - 4024944*a2_0*q2_0*q5_0*q7_1*q9_0 - 3354120*a2_0*q2_0*q6_0*q9_0 - 2385152*a2_0*q3_0**2*q8_1*q9_0 - 4174016*a2_0*q3_0*q4_0*q7_1*q9_0 - 3577728*a2_0*q3_0*q5_0*q9_0 - 1826132*a2_0*q4_0**2*q9_0 + 2459688*a2_0*q5_0*q9_0*q9_1 + 2049740*a2_0*q6_0*q8_1*q9_0 + 1639792*a2_0*q7_0*q7_1*q9_0 + 1229844*a2_0*q8_0*q9_0 + 5329324*a3_0*b1*q11_1 - 588302*a3_0*b1 - 2283996*a3_0*b2*b4**2*q7_1*q8_1 - 570999*a3_0*b2*b4**2*q9_1 - 12561978*a3_0*b2*b4*q10_1*q11_1 + 380666*a3_0*b2*b4*q10_1 - 8409258*a3_0*b2*b4*q11_1*q2_0**2 + 9135984*a3_0*b2*b4*q11_1*q3_0*q7_1 + 7993986*a3_0*b2*b4*q11_1*q4_0 - 934362*a3_0*b2*b4*q2_0*q8_1 + 1141998*a3_0*b2*b4*q7_1**2*q8_1 + 3045328*a3_0*b2*b4*q7_1*q9_1 + 2283996*a3_0*b2*b4*q8_1**2 - 761332*a3_0*b2*q10_1*q7_1 + 12561978*a3_0*b2*q11_0*q11_1 + 190333*a3_0*b2*q11_0 + 7007715*a3_0*b2*q11_1*q2_0**2*q7_1 + 12458160*a3_0*b2*q11_1*q2_0*q3_0 - 7613320*a3_0*b2*q11_1*q3_0*q8_1 - 6661655*a3_0*b2*q11_1*q4_0*q7_1 - 5709990*a3_0*b2*q11_1*q5_0 + 778635*a3_0*b2*q2_0*q9_1 - 951665*a3_0*b2*q7_1**2*q9_1 - 1903330*a3_0*b2*q8_1*q9_1 + 2093663*a3_0*b3*q10_0*q11_1 - 5138991*a3_0*b3*q11_1*q2_0*q8_0 - 467181*a3_0*b3*q2_0*q8_0 + 570999*a3_0*b3*q7_1**2*q8_0 + 1141998*a3_0*b3*q8_0*q8_1 + 2093663*a3_0*b4*q10_0*q11_0 + 1401543*a3_0*b4*q10_0*q2_0**2*q7_1 + 2491632*a3_0*b4*q10_0*q2_0*q3_0 - 1712997*a3_0*b4*q10_0*q2_0*q9_1 - 1522664*a3_0*b4*q10_0*q3_0*q8_1 - 1332331*a3_0*b4*q10_0*q4_0*q7_1 - 1141998*a3_0*b4*q10_0*q5_0 - 3425994*a3_0*b4*q10_1*q2_0*q9_0 - 4567992*a3_0*b4*q10_1*q3_0*q8_0 - 5138991*a3_0*b4*q11_0*q2_0*q8_0 - 3440151*a3_0*b4*q2_0**3*q7_1*q8_0 - 2293434*a3_0*b4*q2_0**3*q9_0 - 9173736*a3_0*b4*q2_0**2*q3_0*q8_0 + 4204629*a3_0*b4*q2_0**2*q8_0*q9_1 + 2803086*a3_0*b4*q2_0**2*q8_1*q9_0 + 4983264*a3_0*b4*q2_0*q3_0*q7_1*q9_0 + 7474896*a3_0*b4*q2_0*q3_0*q8_0*q8_1 + 6540534*a3_0*b4*q2_0*q4_0*q7_1*q8_0 + 4360356*a3_0*b4*q2_0*q4_0*q9_0 + 5606172*a3_0*b4*q2_0*q5_0*q8_0 + 3322176*a3_0*b4*q3_0**2*q7_1*q8_0 + 2214784*a3_0*b4*q3_0**2*q9_0 + 5813808*a3_0*b4*q3_0*q4_0*q8_0 - 3045328*a3_0*b4*q3_0*q9_0*q9_1 - 3996993*a3_0*b4*q4_0*q8_0*q9_1 - 2664662*a3_0*b4*q4_0*q8_1*q9_0 - 2283996*a3_0*b4*q5_0*q7_1*q9_0 - 3425994*a3_0*b4*q5_0*q8_0*q8_1 - 2854995*a3_0*b4*q6_0*q7_1*q8_0 - 1903330*a3_0*b4*q6_0*q9_0 - 2283996*a3_0*b4*q7_0*q8_0 + 1712997*a3_0*q10_0*q10_1*q2_0 + 1146717*a3_0*q10_0*q2_0**3 - 1401543*a3_0*q10_0*q2_0**2*q8_1 - 2491632*a3_0*q10_0*q2_0*q3_0*q7_1 - 2180178*a3_0*q10_0*q2_0*q4_0 - 1107392*a3_0*q10_0*q3_0**2 + 1522664*a3_0*q10_0*q3_0*q9_1 + 1332331*a3_0*q10_0*q4_0*q8_1 + 1141998*a3_0*q10_0*q5_0*q7_1 + 951665*a3_0*q10_0*q6_0 + 3045328*a3_0*q10_1*q3_0*q9_0 + 3425994*a3_0*q11_0*q2_0*q9_0 + 2293434*a3_0*q2_0**3*q7_1*q9_0 + 6115824*a3_0*q2_0**2*q3_0*q9_0 - 2803086*a3_0*q2_0**2*q9_0*q9_1 - 4983264*a3_0*q2_0*q3_0*q8_1*q9_0 - 4360356*a3_0*q2_0*q4_0*q7_1*q9_0 - 3737448*a3_0*q2_0*q5_0*q9_0 - 2214784*a3_0*q3_0**2*q7_1*q9_0 - 3875872*a3_0*q3_0*q4_0*q9_0 + 2664662*a3_0*q4_0*q9_0*q9_1 + 2283996*a3_0*q5_0*q8_1*q9_0 + 1903330*a3_0*q6_0*q7_1*q9_0 + 1522664*a3_0*q7_0*q9_0 - 527076*a4_0*b2*b4**2*q8_1 + 9487368*a4_0*b2*b4*q11_1*q2_0*q7_1 + 8433216*a4_0*b2*b4*q11_1*q3_0 - 5797836*a4_0*b2*b4*q11_1*q9_1 + 1054152*a4_0*b2*b4*q7_1*q8_1 + 702768*a4_0*b2*b4*q9_1 + 5797836*a4_0*b2*q10_1*q11_1 - 175692*a4_0*b2*q10_1 + 6468660*a4_0*b2*q11_1*q2_0**2 - 7906140*a4_0*b2*q11_1*q2_0*q8_1 - 7027680*a4_0*b2*q11_1*q3_0*q7_1 - 6149220*a4_0*b2*q11_1*q4_0 - 878460*a4_0*b2*q7_1*q9_1 + 3865224*a4_0*b3*q11_1*q9_0 + 527076*a4_0*b3*q7_1*q8_0 + 1932612*a4_0*b4*q10_0*q10_1 + 1293732*a4_0*b4*q10_0*q2_0**2 - 1581228*a4_0*b4*q10_0*q2_0*q8_1 - 1405536*a4_0*b4*q10_0*q3_0*q7_1 - 1229844*a4_0*b4*q10_0*q4_0 - 4743684*a4_0*b4*q10_1*q2_0*q8_0 + 3865224*a4_0*b4*q11_0*q9_0 - 3175524*a4_0*b4*q2_0**3*q8_0 + 2587464*a4_0*b4*q2_0**2*q7_1*q9_0 + 3881196*a4_0*b4*q2_0**2*q8_0*q8_1 + 6899904*a4_0*b4*q2_0*q3_0*q7_1*q8_0 + 4599936*a4_0*b4*q2_0*q3_0*q9_0 + 6037416*a4_0*b4*q2_0*q4_0*q8_0 - 3162456*a4_0*b4*q2_0*q9_0*q9_1 + 3066624*a4_0*b4*q3_0**2*q8_0 - 4216608*a4_0*b4*q3_0*q8_0*q9_1 - 2811072*a4_0*b4*q3_0*q8_1*q9_0 - 2459688*a4_0*b4*q4_0*q7_1*q9_0 - 3689532*a4_0*b4*q4_0*q8_0*q8_1 - 3162456*a4_0*b4*q5_0*q7_1*q8_0 - 2108304*a4_0*b4*q5_0*q9_0 - 2635380*a4_0*b4*q6_0*q8_0 - 1932612*a4_0*q10_0*q11_0 - 1293732*a4_0*q10_0*q2_0**2*q7_1 - 2299968*a4_0*q10_0*q2_0*q3_0 + 1581228*a4_0*q10_0*q2_0*q9_1 + 1405536*a4_0*q10_0*q3_0*q8_1 + 1229844*a4_0*q10_0*q4_0*q7_1 + 1054152*a4_0*q10_0*q5_0 + 3162456*a4_0*q10_1*q2_0*q9_0 + 2117016*a4_0*q2_0**3*q9_0 - 2587464*a4_0*q2_0**2*q8_1*q9_0 - 4599936*a4_0*q2_0*q3_0*q7_1*q9_0 - 4024944*a4_0*q2_0*q4_0*q9_0 - 2044416*a4_0*q3_0**2*q9_0 + 2811072*a4_0*q3_0*q9_0*q9_1 + 2459688*a4_0*q4_0*q8_1*q9_0 + 2108304*a4_0*q5_0*q7_1*q9_0 + 1756920*a4_0*q6_0*q9_0 - 9663060*a6_0*b2*b4*q11_1*q7_1 - 6588450*a6_0*b2*q11_1*q2_0 + 8052550*a6_0*b2*q11_1*q8_1 - 1317690*a6_0*b4*q10_0*q2_0 + 1610510*a6_0*b4*q10_0*q8_1 + 4831530*a6_0*b4*q10_1*q8_0 + 3234330*a6_0*b4*q2_0**2*q8_0 - 2635380*a6_0*b4*q2_0*q7_1*q9_0 - 3953070*a6_0*b4*q2_0*q8_0*q8_1 - 3513840*a6_0*b4*q3_0*q7_1*q8_0 - 2342560*a6_0*b4*q3_0*q9_0 - 3074610*a6_0*b4*q4_0*q8_0 + 3221020*a6_0*b4*q9_0*q9_1 + 1317690*a6_0*q10_0*q2_0*q7_1 + 1171280*a6_0*q10_0*q3_0 - 1610510*a6_0*q10_0*q9_1 - 3221020*a6_0*q10_1*q9_0 - 2156220*a6_0*q2_0**2*q9_0 + 2635380*a6_0*q2_0*q8_1*q9_0 + 2342560*a6_0*q3_0*q7_1*q9_0 + 2049740*a6_0*q4_0*q9_0 - 8696754*a7_0*b2*b4*q11_1 + 7247295*a7_0*b2*q11_1*q7_1 + 1449459*a7_0*b4*q10_0*q7_1 - 3557763*a7_0*b4*q2_0*q7_1*q8_0 - 2371842*a7_0*b4*q2_0*q9_0 - 3162456*a7_0*b4*q3_0*q8_0 + 4348377*a7_0*b4*q8_0*q9_1 + 2898918*a7_0*b4*q8_1*q9_0 + 1185921*a7_0*q10_0*q2_0 - 1449459*a7_0*q10_0*q8_1 + 2371842*a7_0*q2_0*q7_1*q9_0 + 2108304*a7_0*q3_0*q9_0 - 2898918*a7_0*q9_0*q9_1 + 6442040*a8_0*b2*q11_1 + 1288408*a8_0*b4*q10_0 - 3162456*a8_0*b4*q2_0*q8_0 + 2576816*a8_0*b4*q7_1*q9_0 + 3865224*a8_0*b4*q8_0*q8_1 - 1288408*a8_0*q10_0*q7_1 + 2108304*a8_0*q2_0*q9_0 - 2576816*a8_0*q8_1*q9_0 + 3382071*a9_0*b4*q7_1*q8_0 + 2254714*a9_0*b4*q9_0 - 1127357*a9_0*q10_0 - 2254714*a9_0*q7_1*q9_0 + 7027680*b1*b4**2*q11_1*q7_1 + 14566464*b1*b4*q11_1*q2_0 - 5856400*b1*b4*q11_1*q7_1**2 - 1171280*b1*b4*q11_1*q8_1 - 888624*b1*b4*q2_0 - 958320*b1*b4*q8_1 - 6133248*b1*q11_1*q2_0*q7_1 - 6473984*b1*q11_1*q3_0 + 4685120*b1*q11_1*q7_1*q8_1 - 4685120*b1*q11_1*q9_1 + 526592*b1*q3_0 + 851840*b1*q9_1 - 3513840*b2*b3*b4*q11_1*q7_1 + 1916640*b2*b3*q11_1*q2_0 + 1171280*b2*b3*q11_1*q7_1**2 - 1171280*b2*b3*q11_1*q8_1 - 444312*b2*b3*q2_0 + 319440*b2*b3*q8_1 - 7027680*b2*b4**2*q10_1*q8_1 + 3513840*b2*b4**2*q11_0*q7_1 - 4234032*b2*b4**2*q2_0**2*q8_1 + 4599936*b2*b4**2*q2_0*q7_1**2*q8_1 + 4599936*b2*b4**2*q2_0*q7_1*q9_1 + 9199872*b2*b4**2*q2_0*q8_1**2 + 7155456*b2*b4**2*q3_0*q7_1*q8_1 + 1788864*b2*b4**2*q3_0*q9_1 + 2683296*b2*b4**2*q4_0*q8_1 - 10541520*b2*b4**2*q7_1*q8_1*q9_1 - 3513840*b2*b4**2*q8_1**3 - 3513840*b2*b4**2*q9_1**2 + 11244288*b2*b4*q10_1*q11_1*q3_0 - 3066624*b2*b4*q10_1*q2_0*q7_1 - 1192576*b2*b4*q10_1*q3_0 + 9370240*b2*b4*q10_1*q7_1*q8_1 + 11712800*b2*b4*q10_1*q9_1 + 18974736*b2*b4*q11_0*q11_1*q2_0 + 3066624*b2*b4*q11_0*q2_0 - 2342560*b2*b4*q11_0*q7_1**2 + 2342560*b2*b4*q11_0*q8_1 + 8468064*b2*b4*q11_1*q2_0**3*q7_1 + 22581504*b2*b4*q11_1*q2_0**2*q3_0 - 5174928*b2*b4*q11_1*q2_0**2*q9_1 - 16099776*b2*b4*q11_1*q2_0*q4_0*q7_1 - 13799808*b2*b4*q11_1*q2_0*q5_0 - 8177664*b2*b4*q11_1*q3_0**2*q7_1 - 14310912*b2*b4*q11_1*q3_0*q4_0 + 4919376*b2*b4*q11_1*q4_0*q9_1 + 7027680*b2*b4*q11_1*q6_0*q7_1 + 5622144*b2*b4*q11_1*q7_0 + 8468064*b2*b4*q2_0**2*q7_1*q8_1 + 5645376*b2*b4*q2_0**2*q9_1 + 6272640*b2*b4*q2_0*q3_0*q8_1 - 6133248*b2*b4*q2_0*q7_1**2*q9_1 - 9199872*b2*b4*q2_0*q7_1*q8_1**2 - 21466368*b2*b4*q2_0*q8_1*q9_1 - 3577728*b2*b4*q3_0*q7_1**2*q8_1 - 9540608*b2*b4*q3_0*q7_1*q9_1 - 7155456*b2*b4*q3_0*q8_1**2 - 5366592*b2*b4*q4_0*q7_1*q8_1 - 3577728*b2*b4*q4_0*q9_1 - 1916640*b2*b4*q5_0*q8_1 + 9370240*b2*b4*q7_1*q9_1**2 + 11712800*b2*b4*q8_1**2*q9_1 - 2342560*b2*q10_1**2 + 5174928*b2*q10_1*q11_1*q2_0**2 - 4919376*b2*q10_1*q11_1*q4_0 - 1411344*b2*q10_1*q2_0**2 + 1533312*b2*q10_1*q2_0*q7_1**2 + 3066624*b2*q10_1*q2_0*q8_1 + 2385152*b2*q10_1*q3_0*q7_1 + 894432*b2*q10_1*q4_0 - 8198960*b2*q10_1*q7_1*q9_1 - 1171280*b2*q10_1*q8_1**2 - 11244288*b2*q11_0*q11_1*q3_0 - 1533312*b2*q11_0*q2_0*q7_1 - 596288*b2*q11_0*q3_0 + 1171280*b2*q11_0*q7_1*q8_1 - 4685120*b2*q11_0*q9_1 + 5773680*b2*q11_1*q2_0**4 - 7056720*b2*q11_1*q2_0**3*q8_1 - 18817920*b2*q11_1*q2_0**2*q3_0*q7_1 - 16465680*b2*q11_1*q2_0**2*q4_0 - 16727040*b2*q11_1*q2_0*q3_0**2 + 13416480*b2*q11_1*q2_0*q4_0*q8_1 + 11499840*b2*q11_1*q2_0*q5_0*q7_1 + 9583200*b2*q11_1*q2_0*q6_0 + 6814720*b2*q11_1*q3_0**2*q8_1 + 11925760*b2*q11_1*q3_0*q4_0*q7_1 + 10222080*b2*q11_1*q3_0*q5_0 + 5217520*b2*q11_1*q4_0**2 - 5856400*b2*q11_1*q6_0*q8_1 - 4685120*b2*q11_1*q7_0*q7_1 - 10541520*b2*q11_1*q8_0 - 7056720*b2*q2_0**2*q7_1*q9_1 - 5227200*b2*q2_0*q3_0*q9_1 + 7666560*b2*q2_0*q7_1*q8_1*q9_1 + 7666560*b2*q2_0*q9_1**2 + 2981440*b2*q3_0*q7_1**2*q9_1 + 5962880*b2*q3_0*q8_1*q9_1 + 4472160*b2*q4_0*q7_1*q9_1 + 1597200*b2*q5_0*q9_1 + 638880*b2*q8_0 - 5856400*b2*q8_1*q9_1**2 - 1874048*b3*q10_0*q11_1*q3_0 + 3513840*b3*q10_1*q7_1*q8_0 + 3513840*b3*q11_0*q8_0 + 3449952*b3*q11_1*q2_0**2*q9_0 + 9199872*b3*q11_1*q2_0*q3_0*q8_0 - 3279584*b3*q11_1*q4_0*q9_0 - 4216608*b3*q11_1*q5_0*q8_0 + 4234032*b3*q2_0**2*q7_1*q8_0 + 3136320*b3*q2_0*q3_0*q8_0 - 4599936*b3*q2_0*q7_1*q8_0*q8_1 - 4599936*b3*q2_0*q8_0*q9_1 - 1788864*b3*q3_0*q7_1**2*q8_0 - 3577728*b3*q3_0*q8_0*q8_1 - 2683296*b3*q4_0*q7_1*q8_0 - 958320*b3*q5_0*q8_0 + 3513840*b3*q8_0*q8_1*q9_1 + 1724976*b4*q10_0*q10_1*q2_0**2 - 1639792*b4*q10_0*q10_1*q4_0 - 1874048*b4*q10_0*q11_0*q3_0 + 1154736*b4*q10_0*q2_0**4 - 1411344*b4*q10_0*q2_0**3*q8_1 - 3763584*b4*q10_0*q2_0**2*q3_0*q7_1 - 3293136*b4*q10_0*q2_0**2*q4_0 - 3345408*b4*q10_0*q2_0*q3_0**2 + 3066624*b4*q10_0*q2_0*q3_0*q9_1 + 2683296*b4*q10_0*q2_0*q4_0*q8_1 + 2299968*b4*q10_0*q2_0*q5_0*q7_1 + 1916640*b4*q10_0*q2_0*q6_0 + 1362944*b4*q10_0*q3_0**2*q8_1 + 2385152*b4*q10_0*q3_0*q4_0*q7_1 + 2044416*b4*q10_0*q3_0*q5_0 + 1043504*b4*q10_0*q4_0**2 - 1405536*b4*q10_0*q5_0*q9_1 - 1171280*b4*q10_0*q6_0*q8_1 - 937024*b4*q10_0*q7_0*q7_1 - 1405536*b4*q10_0*q8_0 - 4234032*b4*q10_1*q2_0**3*q8_0 + 6133248*b4*q10_1*q2_0*q3_0*q9_0 + 8049888*b4*q10_1*q2_0*q4_0*q8_0 + 4088832*b4*q10_1*q3_0**2*q8_0 - 2811072*b4*q10_1*q5_0*q9_0 - 3513840*b4*q10_1*q6_0*q8_0 + 3449952*b4*q11_0*q2_0**2*q9_0 + 9199872*b4*q11_0*q2_0*q3_0*q8_0 - 3279584*b4*q11_0*q4_0*q9_0 - 4216608*b4*q11_0*q5_0*q8_0 - 2834352*b4*q2_0**5*q8_0 + 2309472*b4*q2_0**4*q7_1*q9_0 + 3464208*b4*q2_0**4*q8_0*q8_1 + 12317184*b4*q2_0**3*q3_0*q7_1*q8_0 + 8211456*b4*q2_0**3*q3_0*q9_0 + 10777536*b4*q2_0**3*q4_0*q8_0 - 2822688*b4*q2_0**3*q9_0*q9_1 + 16422912*b4*q2_0**2*q3_0**2*q8_0 - 11290752*b4*q2_0**2*q3_0*q8_0*q9_1 - 7527168*b4*q2_0**2*q3_0*q8_1*q9_0 - 6586272*b4*q2_0**2*q4_0*q7_1*q9_0 - 9879408*b4*q2_0**2*q4_0*q8_0*q8_1 - 8468064*b4*q2_0**2*q5_0*q7_1*q8_0 - 5645376*b4*q2_0**2*q5_0*q9_0 - 7056720*b4*q2_0**2*q6_0*q8_0 - 6690816*b4*q2_0*q3_0**2*q7_1*q9_0 - 10036224*b4*q2_0*q3_0**2*q8_0*q8_1 - 17563392*b4*q2_0*q3_0*q4_0*q7_1*q8_0 - 11708928*b4*q2_0*q3_0*q4_0*q9_0 - 15054336*b4*q2_0*q3_0*q5_0*q8_0 - 7683984*b4*q2_0*q4_0**2*q8_0 + 5366592*b4*q2_0*q4_0*q9_0*q9_1 + 6899904*b4*q2_0*q5_0*q8_0*q9_1 + 4599936*b4*q2_0*q5_0*q8_1*q9_0 + 3833280*b4*q2_0*q6_0*q7_1*q9_0 + 5749920*b4*q2_0*q6_0*q8_0*q8_1 + 4599936*b4*q2_0*q7_0*q7_1*q8_0 + 3066624*b4*q2_0*q7_0*q9_0 + 3449952*b4*q2_0*q8_0**2 - 2973696*b4*q3_0**3*q7_1*q8_0 - 1982464*b4*q3_0**3*q9_0 - 7805952*b4*q3_0**2*q4_0*q8_0 + 2725888*b4*q3_0**2*q9_0*q9_1 + 7155456*b4*q3_0*q4_0*q8_0*q9_1 + 4770304*b4*q3_0*q4_0*q8_1*q9_0 + 4088832*b4*q3_0*q5_0*q7_1*q9_0 + 6133248*b4*q3_0*q5_0*q8_0*q8_1 + 5111040*b4*q3_0*q6_0*q7_1*q8_0 + 3407360*b4*q3_0*q6_0*q9_0 + 4088832*b4*q3_0*q7_0*q8_0 + 2087008*b4*q4_0**2*q7_1*q9_0 + 3130512*b4*q4_0**2*q8_0*q8_1 + 5366592*b4*q4_0*q5_0*q7_1*q8_0 + 3577728*b4*q4_0*q5_0*q9_0 + 4472160*b4*q4_0*q6_0*q8_0 + 2299968*b4*q5_0**2*q8_0 - 2342560*b4*q6_0*q9_0*q9_1 - 2811072*b4*q7_0*q8_0*q9_1 - 1874048*b4*q7_0*q8_1*q9_0 - 2811072*b4*q7_1*q8_0*q9_0 - 2108304*b4*q8_0**2*q8_1 - 937024*b4*q9_0**2 - 3066624*q10_0*q10_1*q2_0*q3_0 + 1405536*q10_0*q10_1*q5_0 - 1724976*q10_0*q11_0*q2_0**2 + 1639792*q10_0*q11_0*q4_0 - 1154736*q10_0*q2_0**4*q7_1 - 4105728*q10_0*q2_0**3*q3_0 + 1411344*q10_0*q2_0**3*q9_1 + 3763584*q10_0*q2_0**2*q3_0*q8_1 + 3293136*q10_0*q2_0**2*q4_0*q7_1 + 2822688*q10_0*q2_0**2*q5_0 + 3345408*q10_0*q2_0*q3_0**2*q7_1 + 5854464*q10_0*q2_0*q3_0*q4_0 - 2683296*q10_0*q2_0*q4_0*q9_1 - 2299968*q10_0*q2_0*q5_0*q8_1 - 1916640*q10_0*q2_0*q6_0*q7_1 - 1533312*q10_0*q2_0*q7_0 + 991232*q10_0*q3_0**3 - 1362944*q10_0*q3_0**2*q9_1 - 2385152*q10_0*q3_0*q4_0*q8_1 - 2044416*q10_0*q3_0*q5_0*q7_1 - 1703680*q10_0*q3_0*q6_0 - 1043504*q10_0*q4_0**2*q7_1 - 1788864*q10_0*q4_0*q5_0 + 1171280*q10_0*q6_0*q9_1 + 937024*q10_0*q7_0*q8_1 + 702768*q10_0*q7_1*q8_0 + 937024*q10_0*q9_0 + 2822688*q10_1*q2_0**3*q9_0 - 5366592*q10_1*q2_0*q4_0*q9_0 - 2725888*q10_1*q3_0**2*q9_0 + 2342560*q10_1*q6_0*q9_0 - 6133248*q11_0*q2_0*q3_0*q9_0 + 2811072*q11_0*q5_0*q9_0 + 1889568*q2_0**5*q9_0 - 2309472*q2_0**4*q8_1*q9_0 - 8211456*q2_0**3*q3_0*q7_1*q9_0 - 7185024*q2_0**3*q4_0*q9_0 - 10948608*q2_0**2*q3_0**2*q9_0 + 7527168*q2_0**2*q3_0*q9_0*q9_1 + 6586272*q2_0**2*q4_0*q8_1*q9_0 + 5645376*q2_0**2*q5_0*q7_1*q9_0 + 4704480*q2_0**2*q6_0*q9_0 + 6690816*q2_0*q3_0**2*q8_1*q9_0 + 11708928*q2_0*q3_0*q4_0*q7_1*q9_0 + 10036224*q2_0*q3_0*q5_0*q9_0 + 5122656*q2_0*q4_0**2*q9_0 - 4599936*q2_0*q5_0*q9_0*q9_1 - 3833280*q2_0*q6_0*q8_1*q9_0 - 3066624*q2_0*q7_0*q7_1*q9_0 - 2299968*q2_0*q8_0*q9_0 + 1982464*q3_0**3*q7_1*q9_0 + 5203968*q3_0**2*q4_0*q9_0 - 4770304*q3_0*q4_0*q9_0*q9_1 - 4088832*q3_0*q5_0*q8_1*q9_0 - 3407360*q3_0*q6_0*q7_1*q9_0 - 2725888*q3_0*q7_0*q9_0 - 2087008*q4_0**2*q8_1*q9_0 - 3577728*q4_0*q5_0*q7_1*q9_0 - 2981440*q4_0*q6_0*q9_0 - 1533312*q5_0**2*q9_0 + 1874048*q7_0*q9_0*q9_1 + 937024*q7_1*q9_0**2 + 1405536*q8_0*q8_1*q9_0
18	2	[0,0]	9	937	2898918*a10_0*b4**2*q8_1 - 3865224*a10_0*b4*q9_1 + 966306*a10_0*q10_1 + 10629366*a13_0*b4*q11_1 - 7086244*a14_0*q11_1 - 2635380*a1_0*b2*b4**2*q11_1 + 8784600*a1_0*b2*b4*q11_1*q7_1 + 6468660*a1_0*b2*q11_1*q2_0 - 1756920*a1_0*b2*q11_1*q7_1**2 - 3513840*a1_0*b2*q11_1*q8_1 - 555390*a1_0*b2*q2_0 + 1317690*a1_0*b3**2*b4*q11_1 - 1756920*a1_0*b3**2*q11_1*q7_1 - 1317690*a1_0*b3*b4**2*q11_0 - 6468660*a1_0*b3*b4**2*q2_0*q7_1*q8_1 - 1617165*a1_0*b3*b4**2*q2_0*q9_1 - 2395800*a1_0*b3*b4**2*q3_0*q8_1 + 1317690*a1_0*b3*b4**2*q7_1**2*q9_1 + 5270760*a1_0*b3*b4**2*q7_1*q8_1**2 + 7906140*a1_0*b3*b4**2*q8_1*q9_1 - 3953070*a1_0*b3*b4*q10_1*q11_1*q2_0 + 1078110*a1_0*b3*b4*q10_1*q2_0 - 878460*a1_0*b3*b4*q10_1*q7_1**2 - 4392300*a1_0*b3*b4*q10_1*q8_1 + 3513840*a1_0*b3*b4*q11_0*q7_1 - 3969405*a1_0*b3*b4*q11_1*q2_0**3 + 8624880*a1_0*b3*b4*q11_1*q2_0*q3_0*q7_1 + 7546770*a1_0*b3*b4*q11_1*q2_0*q4_0 + 3833280*a1_0*b3*b4*q11_1*q3_0**2 - 1756920*a1_0*b3*b4*q11_1*q3_0*q9_1 - 3953070*a1_0*b3*b4*q11_1*q5_0*q7_1 - 3294225*a1_0*b3*b4*q11_1*q6_0 - 1323135*a1_0*b3*b4*q2_0**2*q8_1 + 1617165*a1_0*b3*b4*q2_0*q7_1**2*q8_1 + 8624880*a1_0*b3*b4*q2_0*q7_1*q9_1 + 3234330*a1_0*b3*b4*q2_0*q8_1**2 + 2395800*a1_0*b3*b4*q3_0*q7_1*q8_1 + 3194400*a1_0*b3*b4*q3_0*q9_1 + 838530*a1_0*b3*b4*q4_0*q8_1 - 9663060*a1_0*b3*b4*q7_1*q8_1*q9_1 - 1317690*a1_0*b3*b4*q8_1**3 - 7027680*a1_0*b3*b4*q9_1**2 + 1756920*a1_0*b3*q10_1*q11_1*q3_0 - 2156220*a1_0*b3*q10_1*q2_0*q7_1 - 798600*a1_0*b3*q10_1*q3_0 + 1756920*a1_0*b3*q10_1*q7_1*q8_1 + 3513840*a1_0*b3*q10_1*q9_1 + 3953070*a1_0*b3*q11_0*q11_1*q2_0 + 539055*a1_0*b3*q11_0*q2_0 - 439230*a1_0*b3*q11_0*q7_1**2 - 878460*a1_0*b3*q11_0*q8_1 + 2646270*a1_0*b3*q11_1*q2_0**3*q7_1 + 7056720*a1_0*b3*q11_1*q2_0**2*q3_0 - 5749920*a1_0*b3*q11_1*q2_0*q3_0*q8_1 - 5031180*a1_0*b3*q11_1*q2_0*q4_0*q7_1 - 4312440*a1_0*b3*q11_1*q2_0*q5_0 - 2555520*a1_0*b3*q11_1*q3_0**2*q7_1 - 4472160*a1_0*b3*q11_1*q3_0*q4_0 + 2635380*a1_0*b3*q11_1*q5_0*q8_1 + 2196150*a1_0*b3*q11_1*q6_0*q7_1 + 1756920*a1_0*b3*q11_1*q7_0 + 882090*a1_0*b3*q2_0**2*q9_1 - 1078110*a1_0*b3*q2_0*q7_1**2*q9_1 - 2156220*a1_0*b3*q2_0*q8_1*q9_1 - 1597200*a1_0*b3*q3_0*q7_1*q9_1 - 559020*a1_0*b3*q4_0*q9_1 + 1756920*a1_0*b3*q7_1*q9_1**2 + 878460*a1_0*b3*q8_1**2*q9_1 + 1756920*a1_0*b4**2*q10_0*q7_1 + 1756920*a1_0*b4**2*q10_1**2*q3_0 + 7906140*a1_0*b4**2*q10_1*q11_0*q2_0 + 1323135*a1_0*b4**2*q10_1*q2_0**3*q7_1 + 3528360*a1_0*b4**2*q10_1*q2_0**2*q3_0 + 5749920*a1_0*b4**2*q10_1*q2_0*q3_0*q8_1 - 2515590*a1_0*b4**2*q10_1*q2_0*q4_0*q7_1 - 2156220*a1_0*b4**2*q10_1*q2_0*q5_0 - 1277760*a1_0*b4**2*q10_1*q3_0**2*q7_1 - 2236080*a1_0*b4**2*q10_1*q3_0*q4_0 - 2635380*a1_0*b4**2*q10_1*q5_0*q8_1 + 1098075*a1_0*b4**2*q10_1*q6_0*q7_1 + 878460*a1_0*b4**2*q10_1*q7_0 + 3969405*a1_0*b4**2*q11_0*q2_0**3 - 8624880*a1_0*b4**2*q11_0*q2_0*q3_0*q7_1 - 7546770*a1_0*b4**2*q11_0*q2_0*q4_0 - 3833280*a1_0*b4**2*q11_0*q3_0**2 + 3513840*a1_0*b4**2*q11_0*q3_0*q9_1 + 3953070*a1_0*b4**2*q11_0*q5_0*q7_1 + 3294225*a1_0*b4**2*q11_0*q6_0 + 3247695*a1_0*b4**2*q2_0**4*q7_1*q8_1 + 1082565*a1_0*b4**2*q2_0**4*q9_1 + 11547360*a1_0*b4**2*q2_0**3*q3_0*q8_1 - 5292540*a1_0*b4**2*q2_0**3*q8_1*q9_1 - 3528360*a1_0*b4**2*q2_0**2*q3_0*q7_1*q9_1 - 10585080*a1_0*b4**2*q2_0**2*q3_0*q8_1**2 - 9261945*a1_0*b4**2*q2_0**2*q4_0*q7_1*q8_1 - 3087315*a1_0*b4**2*q2_0**2*q4_0*q9_1 - 7938810*a1_0*b4**2*q2_0**2*q5_0*q8_1 - 9408960*a1_0*b4**2*q2_0*q3_0**2*q7_1*q8_1 - 3136320*a1_0*b4**2*q2_0*q3_0**2*q9_1 - 16465680*a1_0*b4**2*q2_0*q3_0*q4_0*q8_1 + 2874960*a1_0*b4**2*q2_0*q3_0*q9_1**2 + 10062360*a1_0*b4**2*q2_0*q4_0*q8_1*q9_1 + 2156220*a1_0*b4**2*q2_0*q5_0*q7_1*q9_1 + 6468660*a1_0*b4**2*q2_0*q5_0*q8_1**2 + 5390550*a1_0*b4**2*q2_0*q6_0*q7_1*q8_1 + 1796850*a1_0*b4**2*q2_0*q6_0*q9_1 + 4312440*a1_0*b4**2*q2_0*q7_0*q8_1 - 6468660*a1_0*b4**2*q2_0*q7_1*q8_0 - 2156220*a1_0*b4**2*q2_0*q9_0 - 2787840*a1_0*b4**2*q3_0**3*q8_1 + 5111040*a1_0*b4**2*q3_0**2*q8_1*q9_1 + 2236080*a1_0*b4**2*q3_0*q4_0*q7_1*q9_1 + 6708240*a1_0*b4**2*q3_0*q4_0*q8_1**2 + 5749920*a1_0*b4**2*q3_0*q5_0*q7_1*q8_1 + 1916640*a1_0*b4**2*q3_0*q5_0*q9_1 + 4791600*a1_0*b4**2*q3_0*q6_0*q8_1 - 2395800*a1_0*b4**2*q3_0*q8_0 + 2934855*a1_0*b4**2*q4_0**2*q7_1*q8_1 + 978285*a1_0*b4**2*q4_0**2*q9_1 + 5031180*a1_0*b4**2*q4_0*q5_0*q8_1 - 1317690*a1_0*b4**2*q5_0*q9_1**2 - 4392300*a1_0*b4**2*q6_0*q8_1*q9_1 - 878460*a1_0*b4**2*q7_0*q7_1*q9_1 - 2635380*a1_0*b4**2*q7_0*q8_1**2 + 1756920*a1_0*b4**2*q7_1**2*q9_0 + 3294225*a1_0*b4**2*q7_1*q8_0*q8_1 + 4611915*a1_0*b4**2*q8_0*q9_1 + 2196150*a1_0*b4**2*q8_1*q9_0 + 3953070*a1_0*b4*q10_0*q11_1*q2_0 + 2156220*a1_0*b4*q10_0*q2_0 - 1756920*a1_0*b4*q10_0*q7_1**2 - 3513840*a1_0*b4*q10_0*q8_1 - 7027680*a1_0*b4*q10_1*q11_0*q3_0 - 11499840*a1_0*b4*q10_1*q2_0*q3_0*q9_1 + 5270760*a1_0*b4*q10_1*q5_0*q9_1 - 5270760*a1_0*b4*q10_1*q8_0 - 7906140*a1_0*b4*q11_0**2*q2_0 - 5292540*a1_0*b4*q11_0*q2_0**3*q7_1 - 14113440*a1_0*b4*q11_0*q2_0**2*q3_0 + 11499840*a1_0*b4*q11_0*q2_0*q3_0*q8_1 + 10062360*a1_0*b4*q11_0*q2_0*q4_0*q7_1 + 8624880*a1_0*b4*q11_0*q2_0*q5_0 + 5111040*a1_0*b4*q11_0*q3_0**2*q7_1 + 8944320*a1_0*b4*q11_0*q3_0*q4_0 - 5270760*a1_0*b4*q11_0*q5_0*q8_1 - 4392300*a1_0*b4*q11_0*q6_0*q7_1 - 3513840*a1_0*b4*q11_0*q7_0 - 9702990*a1_0*b4*q11_1*q2_0**2*q8_0 + 7027680*a1_0*b4*q11_1*q3_0*q9_0 + 9223830*a1_0*b4*q11_1*q4_0*q8_0 - 4330260*a1_0*b4*q2_0**4*q7_1*q9_1 - 15396480*a1_0*b4*q2_0**3*q3_0*q9_1 + 5292540*a1_0*b4*q2_0**3*q9_1**2 + 14113440*a1_0*b4*q2_0**2*q3_0*q8_1*q9_1 + 12349260*a1_0*b4*q2_0**2*q4_0*q7_1*q9_1 + 10585080*a1_0*b4*q2_0**2*q5_0*q9_1 - 2646270*a1_0*b4*q2_0**2*q8_0 + 12545280*a1_0*b4*q2_0*q3_0**2*q7_1*q9_1 + 21954240*a1_0*b4*q2_0*q3_0*q4_0*q9_1 - 10062360*a1_0*b4*q2_0*q4_0*q9_1**2 - 8624880*a1_0*b4*q2_0*q5_0*q8_1*q9_1 - 7187400*a1_0*b4*q2_0*q6_0*q7_1*q9_1 - 5749920*a1_0*b4*q2_0*q7_0*q9_1 + 3234330*a1_0*b4*q2_0*q7_1**2*q8_0 + 8624880*a1_0*b4*q2_0*q7_1*q9_0 + 6468660*a1_0*b4*q2_0*q8_0*q8_1 + 3717120*a1_0*b4*q3_0**3*q9_1 - 5111040*a1_0*b4*q3_0**2*q9_1**2 - 8944320*a1_0*b4*q3_0*q4_0*q8_1*q9_1 - 7666560*a1_0*b4*q3_0*q5_0*q7_1*q9_1 - 6388800*a1_0*b4*q3_0*q6_0*q9_1 + 4791600*a1_0*b4*q3_0*q7_1*q8_0 + 3194400*a1_0*b4*q3_0*q9_0 - 3913140*a1_0*b4*q4_0**2*q7_1*q9_1 - 6708240*a1_0*b4*q4_0*q5_0*q9_1 + 1677060*a1_0*b4*q4_0*q8_0 + 4392300*a1_0*b4*q6_0*q9_1**2 + 3513840*a1_0*b4*q7_0*q8_1*q9_1 - 2635380*a1_0*b4*q7_1*q8_0*q9_1 - 7027680*a1_0*b4*q7_1*q8_1*q9_0 - 2635380*a1_0*b4*q8_0*q8_1**2 - 5270760*a1_0*b4*q9_0*q9_1 - 3513840*a1_0*q10_0*q11_1*q3_0 - 2156220*a1_0*q10_0*q2_0*q7_1 - 798600*a1_0*q10_0*q3_0 + 1756920*a1_0*q10_0*q7_1*q8_1 + 1756920*a1_0*q10_0*q9_1 + 2874960*a1_0*q10_1**2*q2_0*q3_0 - 1317690*a1_0*q10_1**2*q5_0 + 1082565*a1_0*q10_1*q2_0**4*q7_1 + 3849120*a1_0*q10_1*q2_0**3*q3_0 - 1323135*a1_0*q10_1*q2_0**3*q9_1 - 3528360*a1_0*q10_1*q2_0**2*q3_0*q8_1 - 3087315*a1_0*q10_1*q2_0**2*q4_0*q7_1 - 2646270*a1_0*q10_1*q2_0**2*q5_0 - 3136320*a1_0*q10_1*q2_0*q3_0**2*q7_1 - 5488560*a1_0*q10_1*q2_0*q3_0*q4_0 + 2515590*a1_0*q10_1*q2_0*q4_0*q9_1 + 2156220*a1_0*q10_1*q2_0*q5_0*q8_1 + 1796850*a1_0*q10_1*q2_0*q6_0*q7_1 + 1437480*a1_0*q10_1*q2_0*q7_0 - 929280*a1_0*q10_1*q3_0**3 + 1277760*a1_0*q10_1*q3_0**2*q9_1 + 2236080*a1_0*q10_1*q3_0*q4_0*q8_1 + 1916640*a1_0*q10_1*q3_0*q5_0*q7_1 + 1597200*a1_0*q10_1*q3_0*q6_0 + 978285*a1_0*q10_1*q4_0**2*q7_1 + 1677060*a1_0*q10_1*q4_0*q5_0 - 1098075*a1_0*q10_1*q6_0*q9_1 - 878460*a1_0*q10_1*q7_0*q8_1 - 658845*a1_0*q10_1*q7_1*q8_0 + 3074610*a1_0*q10_1*q9_0 + 1756920*a1_0*q11_0**2*q3_0 - 1082565*a1_0*q11_0*q2_0**4 + 1323135*a1_0*q11_0*q2_0**3*q8_1 + 3528360*a1_0*q11_0*q2_0**2*q3_0*q7_1 + 3087315*a1_0*q11_0*q2_0**2*q4_0 + 3136320*a1_0*q11_0*q2_0*q3_0**2 - 2874960*a1_0*q11_0*q2_0*q3_0*q9_1 - 2515590*a1_0*q11_0*q2_0*q4_0*q8_1 - 2156220*a1_0*q11_0*q2_0*q5_0*q7_1 - 1796850*a1_0*q11_0*q2_0*q6_0 - 1277760*a1_0*q11_0*q3_0**2*q8_1 - 2236080*a1_0*q11_0*q3_0*q4_0*q7_1 - 1916640*a1_0*q11_0*q3_0*q5_0 - 978285*a1_0*q11_0*q4_0**2 + 1317690*a1_0*q11_0*q5_0*q9_1 + 1098075*a1_0*q11_0*q6_0*q8_1 + 878460*a1_0*q11_0*q7_0*q7_1 + 658845*a1_0*q11_0*q8_0 + 6468660*a1_0*q11_1*q2_0**2*q9_0 - 6149220*a1_0*q11_1*q4_0*q9_0 + 1764180*a1_0*q2_0**2*q9_0 - 2156220*a1_0*q2_0*q7_1**2*q9_0 - 4312440*a1_0*q2_0*q8_1*q9_0 - 3194400*a1_0*q3_0*q7_1*q9_0 - 1118040*a1_0*q4_0*q9_0 + 3513840*a1_0*q7_1*q9_0*q9_1 + 1756920*a1_0*q8_1**2*q9_0 + 10453674*a2_0*b2*b4*q11_1 - 950334*a2_0*b2*b4 - 2459688*a2_0*b2*q11_1*q7_1 - 614922*a2_0*b3**2*q11_1 - 2012472*a2_0*b3*b4**2*q2_0*q8_1 + 1844766*a2_0*b3*b4**2*q7_1**2*q8_1 + 1844766*a2_0*b3*b4**2*q7_1*q9_1 + 3689532*a2_0*b3*b4**2*q8_1**2 - 1229844*a2_0*b3*b4*q10_1*q7_1 + 6764142*a2_0*b3*b4*q11_0*q11_1 + 1229844*a2_0*b3*b4*q11_0 + 4528062*a2_0*b3*b4*q11_1*q2_0**2*q7_1 + 8049888*a2_0*b3*b4*q11_1*q2_0*q3_0 - 1844766*a2_0*b3*b4*q11_1*q2_0*q9_1 - 4304454*a2_0*b3*b4*q11_1*q4_0*q7_1 - 3689532*a2_0*b3*b4*q11_1*q5_0 + 2012472*a2_0*b3*b4*q2_0*q7_1*q8_1 + 2683296*a2_0*b3*b4*q2_0*q9_1 + 670824*a2_0*b3*b4*q3_0*q8_1 - 2459688*a2_0*b3*b4*q7_1**2*q9_1 - 1844766*a2_0*b3*b4*q7_1*q8_1**2 - 6764142*a2_0*b3*b4*q8_1*q9_1 + 1844766*a2_0*b3*q10_1*q11_1*q2_0 - 670824*a2_0*b3*q10_1*q2_0 + 614922*a2_0*b3*q10_1*q7_1**2 + 1229844*a2_0*b3*q10_1*q8_1 - 614922*a2_0*b3*q11_0*q7_1 + 2469852*a2_0*b3*q11_1*q2_0**3 - 3018708*a2_0*b3*q11_1*q2_0**2*q8_1 - 5366592*a2_0*b3*q11_1*q2_0*q3_0*q7_1 - 4695768*a2_0*b3*q11_1*q2_0*q4_0 - 2385152*a2_0*b3*q11_1*q3_0**2 + 2869636*a2_0*b3*q11_1*q4_0*q8_1 + 2459688*a2_0*b3*q11_1*q5_0*q7_1 + 2049740*a2_0*b3*q11_1*q6_0 - 1341648*a2_0*b3*q2_0*q7_1*q9_1 - 447216*a2_0*b3*q3_0*q9_1 + 1229844*a2_0*b3*q7_1*q8_1*q9_1 + 1229844*a2_0*b3*q9_1**2 + 614922*a2_0*b4**2*q10_0 + 1844766*a2_0*b4**2*q10_1**2*q2_0 + 1234926*a2_0*b4**2*q10_1*q2_0**3 + 3018708*a2_0*b4**2*q10_1*q2_0**2*q8_1 - 2683296*a2_0*b4**2*q10_1*q2_0*q3_0*q7_1 - 2347884*a2_0*b4**2*q10_1*q2_0*q4_0 - 1192576*a2_0*b4**2*q10_1*q3_0**2 - 2869636*a2_0*b4**2*q10_1*q4_0*q8_1 + 1229844*a2_0*b4**2*q10_1*q5_0*q7_1 + 1024870*a2_0*b4**2*q10_1*q6_0 - 6764142*a2_0*b4**2*q11_0**2 - 4528062*a2_0*b4**2*q11_0*q2_0**2*q7_1 - 8049888*a2_0*b4**2*q11_0*q2_0*q3_0 + 3689532*a2_0*b4**2*q11_0*q2_0*q9_1 + 4304454*a2_0*b4**2*q11_0*q4_0*q7_1 + 3689532*a2_0*b4**2*q11_0*q5_0 + 3031182*a2_0*b4**2*q2_0**4*q8_1 - 1234926*a2_0*b4**2*q2_0**3*q7_1*q9_1 - 3704778*a2_0*b4**2*q2_0**3*q8_1**2 - 9879408*a2_0*b4**2*q2_0**2*q3_0*q7_1*q8_1 - 3293136*a2_0*b4**2*q2_0**2*q3_0*q9_1 - 8644482*a2_0*b4**2*q2_0**2*q4_0*q8_1 + 1509354*a2_0*b4**2*q2_0**2*q9_1**2 - 8781696*a2_0*b4**2*q2_0*q3_0**2*q8_1 + 10733184*a2_0*b4**2*q2_0*q3_0*q8_1*q9_1 + 2347884*a2_0*b4**2*q2_0*q4_0*q7_1*q9_1 + 7043652*a2_0*b4**2*q2_0*q4_0*q8_1**2 + 6037416*a2_0*b4**2*q2_0*q5_0*q7_1*q8_1 + 2012472*a2_0*b4**2*q2_0*q5_0*q9_1 + 5031180*a2_0*b4**2*q2_0*q6_0*q8_1 - 2012472*a2_0*b4**2*q2_0*q8_0 + 1192576*a2_0*b4**2*q3_0**2*q7_1*q9_1 + 3577728*a2_0*b4**2*q3_0**2*q8_1**2 + 6261024*a2_0*b4**2*q3_0*q4_0*q7_1*q8_1 + 2087008*a2_0*b4**2*q3_0*q4_0*q9_1 + 5366592*a2_0*b4**2*q3_0*q5_0*q8_1 + 2739198*a2_0*b4**2*q4_0**2*q8_1 - 1434818*a2_0*b4**2*q4_0*q9_1**2 - 4919376*a2_0*b4**2*q5_0*q8_1*q9_1 - 1024870*a2_0*b4**2*q6_0*q7_1*q9_1 - 3074610*a2_0*b4**2*q6_0*q8_1**2 - 2459688*a2_0*b4**2*q7_0*q7_1*q8_1 - 819896*a2_0*b4**2*q7_0*q9_1 + 1844766*a2_0*b4**2*q7_1**2*q8_0 + 2459688*a2_0*b4**2*q7_1*q9_0 + 1844766*a2_0*b4**2*q8_0*q8_1 - 2459688*a2_0*b4*q10_0*q7_1 - 7379064*a2_0*b4*q10_1*q11_0*q2_0 - 6037416*a2_0*b4*q10_1*q2_0**2*q9_1 + 5739272*a2_0*b4*q10_1*q4_0*q9_1 - 4939704*a2_0*b4*q11_0*q2_0**3 + 6037416*a2_0*b4*q11_0*q2_0**2*q8_1 + 10733184*a2_0*b4*q11_0*q2_0*q3_0*q7_1 + 9391536*a2_0*b4*q11_0*q2_0*q4_0 + 4770304*a2_0*b4*q11_0*q3_0**2 - 5739272*a2_0*b4*q11_0*q4_0*q8_1 - 4919376*a2_0*b4*q11_0*q5_0*q7_1 - 4099480*a2_0*b4*q11_0*q6_0 + 7379064*a2_0*b4*q11_1*q2_0*q9_0 + 9838752*a2_0*b4*q11_1*q3_0*q8_0 - 4041576*a2_0*b4*q2_0**4*q9_1 + 4939704*a2_0*b4*q2_0**3*q8_1*q9_1 + 13172544*a2_0*b4*q2_0**2*q3_0*q7_1*q9_1 + 11525976*a2_0*b4*q2_0**2*q4_0*q9_1 + 11708928*a2_0*b4*q2_0*q3_0**2*q9_1 - 10733184*a2_0*b4*q2_0*q3_0*q9_1**2 - 9391536*a2_0*b4*q2_0*q4_0*q8_1*q9_1 - 8049888*a2_0*b4*q2_0*q5_0*q7_1*q9_1 - 6708240*a2_0*b4*q2_0*q6_0*q9_1 + 4024944*a2_0*b4*q2_0*q7_1*q8_0 + 2683296*a2_0*b4*q2_0*q9_0 - 4770304*a2_0*b4*q3_0**2*q8_1*q9_1 - 8348032*a2_0*b4*q3_0*q4_0*q7_1*q9_1 - 7155456*a2_0*b4*q3_0*q5_0*q9_1 + 1341648*a2_0*b4*q3_0*q8_0 - 3652264*a2_0*b4*q4_0**2*q9_1 + 4919376*a2_0*b4*q5_0*q9_1**2 + 4099480*a2_0*b4*q6_0*q8_1*q9_1 + 3279584*a2_0*b4*q7_0*q7_1*q9_1 - 2459688*a2_0*b4*q7_1**2*q9_0 - 3689532*a2_0*b4*q7_1*q8_0*q8_1 - 1229844*a2_0*b4*q8_0*q9_1 - 4919376*a2_0*b4*q8_1*q9_0 - 3689532*a2_0*q10_0*q11_1*q2_0 - 670824*a2_0*q10_0*q2_0 + 614922*a2_0*q10_0*q7_1**2 + 1229844*a2_0*q10_0*q8_1 + 1509354*a2_0*q10_1**2*q2_0**2 - 1434818*a2_0*q10_1**2*q4_0 + 1010394*a2_0*q10_1*q2_0**4 - 1234926*a2_0*q10_1*q2_0**3*q8_1 - 3293136*a2_0*q10_1*q2_0**2*q3_0*q7_1 - 2881494*a2_0*q10_1*q2_0**2*q4_0 - 2927232*a2_0*q10_1*q2_0*q3_0**2 + 2683296*a2_0*q10_1*q2_0*q3_0*q9_1 + 2347884*a2_0*q10_1*q2_0*q4_0*q8_1 + 2012472*a2_0*q10_1*q2_0*q5_0*q7_1 + 1677060*a2_0*q10_1*q2_0*q6_0 + 1192576*a2_0*q10_1*q3_0**2*q8_1 + 2087008*a2_0*q10_1*q3_0*q4_0*q7_1 + 1788864*a2_0*q10_1*q3_0*q5_0 + 913066*a2_0*q10_1*q4_0**2 - 1229844*a2_0*q10_1*q5_0*q9_1 - 1024870*a2_0*q10_1*q6_0*q8_1 - 819896*a2_0*q10_1*q7_0*q7_1 - 614922*a2_0*q10_1*q8_0 + 1844766*a2_0*q11_0**2*q2_0 + 1234926*a2_0*q11_0*q2_0**3*q7_1 + 3293136*a2_0*q11_0*q2_0**2*q3_0 - 1509354*a2_0*q11_0*q2_0**2*q9_1 - 2683296*a2_0*q11_0*q2_0*q3_0*q8_1 - 2347884*a2_0*q11_0*q2_0*q4_0*q7_1 - 2012472*a2_0*q11_0*q2_0*q5_0 - 1192576*a2_0*q11_0*q3_0**2*q7_1 - 2087008*a2_0*q11_0*q3_0*q4_0 + 1434818*a2_0*q11_0*q4_0*q9_1 + 1229844*a2_0*q11_0*q5_0*q8_1 + 1024870*a2_0*q11_0*q6_0*q7_1 + 819896*a2_0*q11_0*q7_0 - 6559168*a2_0*q11_1*q3_0*q9_0 - 2683296*a2_0*q2_0*q7_1*q9_0 - 894432*a2_0*q3_0*q9_0 + 2459688*a2_0*q7_1*q8_1*q9_0 + 2459688*a2_0*q9_0*q9_1 - 5329324*a3_0*b2*q11_1 + 588302*a3_0*b2 + 2283996*a3_0*b3*b4**2*q7_1*q8_1 + 570999*a3_0*b3*b4**2*q9_1 + 4187326*a3_0*b3*b4*q10_1*q11_1 - 380666*a3_0*b3*b4*q10_1 + 4204629*a3_0*b3*b4*q11_1*q2_0**2 - 4567992*a3_0*b3*b4*q11_1*q3_0*q7_1 - 3996993*a3_0*b3*b4*q11_1*q4_0 + 467181*a3_0*b3*b4*q2_0*q8_1 - 570999*a3_0*b3*b4*q7_1**2*q8_1 - 3045328*a3_0*b3*b4*q7_1*q9_1 - 1141998*a3_0*b3*b4*q8_1**2 + 761332*a3_0*b3*q10_1*q7_1 - 4187326*a3_0*b3*q11_0*q11_1 - 190333*a3_0*b3*q11_0 - 2803086*a3_0*b3*q11_1*q2_0**2*q7_1 - 4983264*a3_0*b3*q11_1*q2_0*q3_0 + 3045328*a3_0*b3*q11_1*q3_0*q8_1 + 2664662*a3_0*b3*q11_1*q4_0*q7_1 + 2283996*a3_0*b3*q11_1*q5_0 - 311454*a3_0*b3*q2_0*q9_1 + 380666*a3_0*b3*q7_1**2*q9_1 + 761332*a3_0*b3*q8_1*q9_1 - 8374652*a3_0*b4**2*q10_1*q11_0 - 1401543*a3_0*b4**2*q10_1*q2_0**2*q7_1 - 2491632*a3_0*b4**2*q10_1*q2_0*q3_0 - 3045328*a3_0*b4**2*q10_1*q3_0*q8_1 + 1332331*a3_0*b4**2*q10_1*q4_0*q7_1 + 1141998*a3_0*b4**2*q10_1*q5_0 - 4204629*a3_0*b4**2*q11_0*q2_0**2 + 4567992*a3_0*b4**2*q11_0*q3_0*q7_1 + 3996993*a3_0*b4**2*q11_0*q4_0 - 3440151*a3_0*b4**2*q2_0**3*q7_1*q8_1 - 1146717*a3_0*b4**2*q2_0**3*q9_1 - 9173736*a3_0*b4**2*q2_0**2*q3_0*q8_1 + 5606172*a3_0*b4**2*q2_0**2*q8_1*q9_1 + 2491632*a3_0*b4**2*q2_0*q3_0*q7_1*q9_1 + 7474896*a3_0*b4**2*q2_0*q3_0*q8_1**2 + 6540534*a3_0*b4**2*q2_0*q4_0*q7_1*q8_1 + 2180178*a3_0*b4**2*q2_0*q4_0*q9_1 + 5606172*a3_0*b4**2*q2_0*q5_0*q8_1 + 3322176*a3_0*b4**2*q3_0**2*q7_1*q8_1 + 1107392*a3_0*b4**2*q3_0**2*q9_1 + 5813808*a3_0*b4**2*q3_0*q4_0*q8_1 - 1522664*a3_0*b4**2*q3_0*q9_1**2 - 5329324*a3_0*b4**2*q4_0*q8_1*q9_1 - 1141998*a3_0*b4**2*q5_0*q7_1*q9_1 - 3425994*a3_0*b4**2*q5_0*q8_1**2 - 2854995*a3_0*b4**2*q6_0*q7_1*q8_1 - 951665*a3_0*b4**2*q6_0*q9_1 - 2283996*a3_0*b4**2*q7_0*q8_1 + 2283996*a3_0*b4**2*q7_1*q8_0 + 761332*a3_0*b4**2*q9_0 - 4187326*a3_0*b4*q10_0*q11_1 - 761332*a3_0*b4*q10_0 + 6090656*a3_0*b4*q10_1*q3_0*q9_1 + 8374652*a3_0*b4*q11_0**2 + 5606172*a3_0*b4*q11_0*q2_0**2*q7_1 + 9966528*a3_0*b4*q11_0*q2_0*q3_0 - 6090656*a3_0*b4*q11_0*q3_0*q8_1 - 5329324*a3_0*b4*q11_0*q4_0*q7_1 - 4567992*a3_0*b4*q11_0*q5_0 + 10277982*a3_0*b4*q11_1*q2_0*q8_0 + 4586868*a3_0*b4*q2_0**3*q7_1*q9_1 + 12231648*a3_0*b4*q2_0**2*q3_0*q9_1 - 5606172*a3_0*b4*q2_0**2*q9_1**2 - 9966528*a3_0*b4*q2_0*q3_0*q8_1*q9_1 - 8720712*a3_0*b4*q2_0*q4_0*q7_1*q9_1 - 7474896*a3_0*b4*q2_0*q5_0*q9_1 + 934362*a3_0*b4*q2_0*q8_0 - 4429568*a3_0*b4*q3_0**2*q7_1*q9_1 - 7751744*a3_0*b4*q3_0*q4_0*q9_1 + 5329324*a3_0*b4*q4_0*q9_1**2 + 4567992*a3_0*b4*q5_0*q8_1*q9_1 + 3806660*a3_0*b4*q6_0*q7_1*q9_1 + 3045328*a3_0*b4*q7_0*q9_1 - 1141998*a3_0*b4*q7_1**2*q8_0 - 3045328*a3_0*b4*q7_1*q9_0 - 2283996*a3_0*b4*q8_0*q8_1 + 761332*a3_0*q10_0*q7_1 - 1522664*a3_0*q10_1**2*q3_0 - 1146717*a3_0*q10_1*q2_0**3*q7_1 - 3057912*a3_0*q10_1*q2_0**2*q3_0 + 1401543*a3_0*q10_1*q2_0**2*q9_1 + 2491632*a3_0*q10_1*q2_0*q3_0*q8_1 + 2180178*a3_0*q10_1*q2_0*q4_0*q7_1 + 1868724*a3_0*q10_1*q2_0*q5_0 + 1107392*a3_0*q10_1*q3_0**2*q7_1 + 1937936*a3_0*q10_1*q3_0*q4_0 - 1332331*a3_0*q10_1*q4_0*q9_1 - 1141998*a3_0*q10_1*q5_0*q8_1 - 951665*a3_0*q10_1*q6_0*q7_1 - 761332*a3_0*q10_1*q7_0 + 1146717*a3_0*q11_0*q2_0**3 - 1401543*a3_0*q11_0*q2_0**2*q8_1 - 2491632*a3_0*q11_0*q2_0*q3_0*q7_1 - 2180178*a3_0*q11_0*q2_0*q4_0 - 1107392*a3_0*q11_0*q3_0**2 + 1522664*a3_0*q11_0*q3_0*q9_1 + 1332331*a3_0*q11_0*q4_0*q8_1 + 1141998*a3_0*q11_0*q5_0*q7_1 + 951665*a3_0*q11_0*q6_0 - 6851988*a3_0*q11_1*q2_0*q9_0 - 622908*a3_0*q2_0*q9_0 + 761332*a3_0*q7_1**2*q9_0 + 1522664*a3_0*q8_1*q9_0 + 527076*a4_0*b3*b4**2*q8_1 - 4743684*a4_0*b3*b4*q11_1*q2_0*q7_1 - 4216608*a4_0*b3*b4*q11_1*q3_0 + 1932612*a4_0*b3*b4*q11_1*q9_1 - 527076*a4_0*b3*b4*q7_1*q8_1 - 702768*a4_0*b3*b4*q9_1 - 1932612*a4_0*b3*q10_1*q11_1 + 175692*a4_0*b3*q10_1 - 2587464*a4_0*b3*q11_1*q2_0**2 + 3162456*a4_0*b3*q11_1*q2_0*q8_1 + 2811072*a4_0*b3*q11_1*q3_0*q7_1 + 2459688*a4_0*b3*q11_1*q4_0 + 351384*a4_0*b3*q7_1*q9_1 - 1932612*a4_0*b4**2*q10_1**2 - 1293732*a4_0*b4**2*q10_1*q2_0**2 - 3162456*a4_0*b4**2*q10_1*q2_0*q8_1 + 1405536*a4_0*b4**2*q10_1*q3_0*q7_1 + 1229844*a4_0*b4**2*q10_1*q4_0 + 4743684*a4_0*b4**2*q11_0*q2_0*q7_1 + 4216608*a4_0*b4**2*q11_0*q3_0 - 3865224*a4_0*b4**2*q11_0*q9_1 - 3175524*a4_0*b4**2*q2_0**3*q8_1 + 1293732*a4_0*b4**2*q2_0**2*q7_1*q9_1 + 3881196*a4_0*b4**2*q2_0**2*q8_1**2 + 6899904*a4_0*b4**2*q2_0*q3_0*q7_1*q8_1 + 2299968*a4_0*b4**2*q2_0*q3_0*q9_1 + 6037416*a4_0*b4**2*q2_0*q4_0*q8_1 - 1581228*a4_0*b4**2*q2_0*q9_1**2 + 3066624*a4_0*b4**2*q3_0**2*q8_1 - 5622144*a4_0*b4**2*q3_0*q8_1*q9_1 - 1229844*a4_0*b4**2*q4_0*q7_1*q9_1 - 3689532*a4_0*b4**2*q4_0*q8_1**2 - 3162456*a4_0*b4**2*q5_0*q7_1*q8_1 - 1054152*a4_0*b4**2*q5_0*q9_1 - 2635380*a4_0*b4**2*q6_0*q8_1 + 527076*a4_0*b4**2*q8_0 + 7730448*a4_0*b4*q10_1*q11_0 + 6324912*a4_0*b4*q10_1*q2_0*q9_1 + 5174928*a4_0*b4*q11_0*q2_0**2 - 6324912*a4_0*b4*q11_0*q2_0*q8_1 - 5622144*a4_0*b4*q11_0*q3_0*q7_1 - 4919376*a4_0*b4*q11_0*q4_0 - 7730448*a4_0*b4*q11_1*q9_0 + 4234032*a4_0*b4*q2_0**3*q9_1 - 5174928*a4_0*b4*q2_0**2*q8_1*q9_1 - 9199872*a4_0*b4*q2_0*q3_0*q7_1*q9_1 - 8049888*a4_0*b4*q2_0*q4_0*q9_1 - 4088832*a4_0*b4*q3_0**2*q9_1 + 5622144*a4_0*b4*q3_0*q9_1**2 + 4919376*a4_0*b4*q4_0*q8_1*q9_1 + 4216608*a4_0*b4*q5_0*q7_1*q9_1 + 3513840*a4_0*b4*q6_0*q9_1 - 1054152*a4_0*b4*q7_1*q8_0 - 702768*a4_0*b4*q9_0 + 3865224*a4_0*q10_0*q11_1 + 175692*a4_0*q10_0 - 1581228*a4_0*q10_1**2*q2_0 - 1058508*a4_0*q10_1*q2_0**3 + 1293732*a4_0*q10_1*q2_0**2*q8_1 + 2299968*a4_0*q10_1*q2_0*q3_0*q7_1 + 2012472*a4_0*q10_1*q2_0*q4_0 + 1022208*a4_0*q10_1*q3_0**2 - 1405536*a4_0*q10_1*q3_0*q9_1 - 1229844*a4_0*q10_1*q4_0*q8_1 - 1054152*a4_0*q10_1*q5_0*q7_1 - 878460*a4_0*q10_1*q6_0 - 1932612*a4_0*q11_0**2 - 1293732*a4_0*q11_0*q2_0**2*q7_1 - 2299968*a4_0*q11_0*q2_0*q3_0 + 1581228*a4_0*q11_0*q2_0*q9_1 + 1405536*a4_0*q11_0*q3_0*q8_1 + 1229844*a4_0*q11_0*q4_0*q7_1 + 1054152*a4_0*q11_0*q5_0 + 702768*a4_0*q7_1*q9_0 + 4831530*a6_0*b3*b4*q11_1*q7_1 + 2635380*a6_0*b3*q11_1*q2_0 - 3221020*a6_0*b3*q11_1*q8_1 + 1317690*a6_0*b4**2*q10_1*q2_0 + 3221020*a6_0*b4**2*q10_1*q8_1 - 4831530*a6_0*b4**2*q11_0*q7_1 + 3234330*a6_0*b4**2*q2_0**2*q8_1 - 1317690*a6_0*b4**2*q2_0*q7_1*q9_1 - 3953070*a6_0*b4**2*q2_0*q8_1**2 - 3513840*a6_0*b4**2*q3_0*q7_1*q8_1 - 1171280*a6_0*b4**2*q3_0*q9_1 - 3074610*a6_0*b4**2*q4_0*q8_1 + 1610510*a6_0*b4**2*q9_1**2 - 6442040*a6_0*b4*q10_1*q9_1 - 5270760*a6_0*b4*q11_0*q2_0 + 6442040*a6_0*b4*q11_0*q8_1 - 4312440*a6_0*b4*q2_0**2*q9_1 + 5270760*a6_0*b4*q2_0*q8_1*q9_1 + 4685120*a6_0*b4*q3_0*q7_1*q9_1 + 4099480*a6_0*b4*q4_0*q9_1 + 1610510*a6_0*q10_1**2 + 1078110*a6_0*q10_1*q2_0**2 - 1317690*a6_0*q10_1*q2_0*q8_1 - 1171280*a6_0*q10_1*q3_0*q7_1 - 1024870*a6_0*q10_1*q4_0 + 1317690*a6_0*q11_0*q2_0*q7_1 + 1171280*a6_0*q11_0*q3_0 - 1610510*a6_0*q11_0*q9_1 + 4348377*a7_0*b3*b4*q11_1 - 2898918*a7_0*b3*q11_1*q7_1 - 1449459*a7_0*b4**2*q10_1*q7_1 - 4348377*a7_0*b4**2*q11_0 - 3557763*a7_0*b4**2*q2_0*q7_1*q8_1 - 1185921*a7_0*b4**2*q2_0*q9_1 - 3162456*a7_0*b4**2*q3_0*q8_1 + 5797836*a7_0*b4**2*q8_1*q9_1 + 5797836*a7_0*b4*q11_0*q7_1 + 4743684*a7_0*b4*q2_0*q7_1*q9_1 + 4216608*a7_0*b4*q3_0*q9_1 - 5797836*a7_0*b4*q9_1**2 - 1185921*a7_0*q10_1*q2_0*q7_1 - 1054152*a7_0*q10_1*q3_0 + 1449459*a7_0*q10_1*q9_1 + 1185921*a7_0*q11_0*q2_0 - 1449459*a7_0*q11_0*q8_1 - 2576816*a8_0*b3*q11_1 - 1288408*a8_0*b4**2*q10_1 - 3162456*a8_0*b4**2*q2_0*q8_1 + 1288408*a8_0*b4**2*q7_1*q9_1 + 3865224*a8_0*b4**2*q8_1**2 + 5153632*a8_0*b4*q11_0 + 4216608*a8_0*b4*q2_0*q9_1 - 5153632*a8_0*b4*q8_1*q9_1 - 1054152*a8_0*q10_1*q2_0 + 1288408*a8_0*q10_1*q8_1 - 1288408*a8_0*q11_0*q7_1 + 3382071*a9_0*b4**2*q7_1*q8_1 + 1127357*a9_0*b4**2*q9_1 - 4509428*a9_0*b4*q7_1*q9_1 + 1127357*a9_0*q10_1*q7_1 - 1127357*a9_0*q11_0 - 7027680*b2*b4**2*q11_1*q7_1 - 14566464*b2*b4*q11_1*q2_0 + 5856400*b2*b4*q11_1*q7_1**2 + 4685120*b2*b4*q11_1*q8_1 + 888624*b2*b4*q2_0 + 638880*b2*b4*q8_1 + 6133248*b2*q11_1*q2_0*q7_1 + 6473984*b2*q11_1*q3_0 - 4685120*b2*q11_1*q7_1*q8_1 + 1171280*b2*q11_1*q9_1 - 526592*b2*q3_0 - 532400*b2*q9_1 + 3513840*b3**2*b4*q11_1*q7_1 + 1533312*b3**2*q11_1*q2_0 - 1171280*b3**2*q11_1*q7_1**2 + 1171280*b3**2*q11_1*q8_1 - 319440*b3**2*q8_1 + 7027680*b3*b4**2*q10_1*q8_1 - 3513840*b3*b4**2*q11_0*q7_1 + 4234032*b3*b4**2*q2_0**2*q8_1 - 4599936*b3*b4**2*q2_0*q7_1**2*q8_1 - 4599936*b3*b4**2*q2_0*q7_1*q9_1 - 9199872*b3*b4**2*q2_0*q8_1**2 - 7155456*b3*b4**2*q3_0*q7_1*q8_1 - 1788864*b3*b4**2*q3_0*q9_1 - 2683296*b3*b4**2*q4_0*q8_1 + 10541520*b3*b4**2*q7_1*q8_1*q9_1 + 3513840*b3*b4**2*q8_1**3 + 3513840*b3*b4**2*q9_1**2 - 3748096*b3*b4*q10_1*q11_1*q3_0 + 3066624*b3*b4*q10_1*q2_0*q7_1 + 1192576*b3*b4*q10_1*q3_0 - 5856400*b3*b4*q10_1*q7_1*q8_1 - 11712800*b3*b4*q10_1*q9_1 - 6324912*b3*b4*q11_0*q11_1*q2_0 - 3066624*b3*b4*q11_0*q2_0 + 2342560*b3*b4*q11_0*q7_1**2 + 1171280*b3*b4*q11_0*q8_1 - 4234032*b3*b4*q11_1*q2_0**3*q7_1 - 11290752*b3*b4*q11_1*q2_0**2*q3_0 + 1724976*b3*b4*q11_1*q2_0**2*q9_1 + 8049888*b3*b4*q11_1*q2_0*q4_0*q7_1 + 6899904*b3*b4*q11_1*q2_0*q5_0 + 4088832*b3*b4*q11_1*q3_0**2*q7_1 + 7155456*b3*b4*q11_1*q3_0*q4_0 - 1639792*b3*b4*q11_1*q4_0*q9_1 - 3513840*b3*b4*q11_1*q6_0*q7_1 - 2811072*b3*b4*q11_1*q7_0 - 4234032*b3*b4*q2_0**2*q7_1*q8_1 - 5645376*b3*b4*q2_0**2*q9_1 - 3136320*b3*b4*q2_0*q3_0*q8_1 + 6133248*b3*b4*q2_0*q7_1**2*q9_1 + 4599936*b3*b4*q2_0*q7_1*q8_1**2 + 16866432*b3*b4*q2_0*q8_1*q9_1 + 1788864*b3*b4*q3_0*q7_1**2*q8_1 + 9540608*b3*b4*q3_0*q7_1*q9_1 + 3577728*b3*b4*q3_0*q8_1**2 + 2683296*b3*b4*q4_0*q7_1*q8_1 + 3577728*b3*b4*q4_0*q9_1 + 958320*b3*b4*q5_0*q8_1 - 9370240*b3*b4*q7_1*q9_1**2 - 8198960*b3*b4*q8_1**2*q9_1 + 2342560*b3*q10_1**2 - 1724976*b3*q10_1*q11_1*q2_0**2 + 1639792*b3*q10_1*q11_1*q4_0 + 1411344*b3*q10_1*q2_0**2 - 1533312*b3*q10_1*q2_0*q7_1**2 - 3066624*b3*q10_1*q2_0*q8_1 - 2385152*b3*q10_1*q3_0*q7_1 - 894432*b3*q10_1*q4_0 + 4685120*b3*q10_1*q7_1*q9_1 + 1171280*b3*q10_1*q8_1**2 + 3748096*b3*q11_0*q11_1*q3_0 + 1533312*b3*q11_0*q2_0*q7_1 + 596288*b3*q11_0*q3_0 - 1171280*b3*q11_0*q7_1*q8_1 + 1171280*b3*q11_0*q9_1 - 2309472*b3*q11_1*q2_0**4 + 2822688*b3*q11_1*q2_0**3*q8_1 + 7527168*b3*q11_1*q2_0**2*q3_0*q7_1 + 6586272*b3*q11_1*q2_0**2*q4_0 + 6690816*b3*q11_1*q2_0*q3_0**2 - 5366592*b3*q11_1*q2_0*q4_0*q8_1 - 4599936*b3*q11_1*q2_0*q5_0*q7_1 - 3833280*b3*q11_1*q2_0*q6_0 - 2725888*b3*q11_1*q3_0**2*q8_1 - 4770304*b3*q11_1*q3_0*q4_0*q7_1 - 4088832*b3*q11_1*q3_0*q5_0 - 2087008*b3*q11_1*q4_0**2 + 2342560*b3*q11_1*q6_0*q8_1 + 1874048*b3*q11_1*q7_0*q7_1 + 4919376*b3*q11_1*q8_0 + 2822688*b3*q2_0**2*q7_1*q9_1 + 2090880*b3*q2_0*q3_0*q9_1 - 3066624*b3*q2_0*q7_1*q8_1*q9_1 - 3066624*b3*q2_0*q9_1**2 - 1192576*b3*q3_0*q7_1**2*q9_1 - 2385152*b3*q3_0*q8_1*q9_1 - 1788864*b3*q4_0*q7_1*q9_1 - 638880*b3*q5_0*q9_1 - 319440*b3*q8_0 + 2342560*b3*q8_1*q9_1**2 - 1533312*b4**2*q10_0*q2_0 + 1171280*b4**2*q10_0*q7_1**2 + 1639792*b4**2*q10_0*q8_1 - 1724976*b4**2*q10_1**2*q2_0**2 + 1639792*b4**2*q10_1**2*q4_0 + 7496192*b4**2*q10_1*q11_0*q3_0 - 1154736*b4**2*q10_1*q2_0**4 - 2822688*b4**2*q10_1*q2_0**3*q8_1 + 3763584*b4**2*q10_1*q2_0**2*q3_0*q7_1 + 3293136*b4**2*q10_1*q2_0**2*q4_0 + 3345408*b4**2*q10_1*q2_0*q3_0**2 + 5366592*b4**2*q10_1*q2_0*q4_0*q8_1 - 2299968*b4**2*q10_1*q2_0*q5_0*q7_1 - 1916640*b4**2*q10_1*q2_0*q6_0 + 2725888*b4**2*q10_1*q3_0**2*q8_1 - 2385152*b4**2*q10_1*q3_0*q4_0*q7_1 - 2044416*b4**2*q10_1*q3_0*q5_0 - 1043504*b4**2*q10_1*q4_0**2 - 2342560*b4**2*q10_1*q6_0*q8_1 + 937024*b4**2*q10_1*q7_0*q7_1 + 7730448*b4**2*q10_1*q8_0 + 6324912*b4**2*q11_0**2*q2_0 + 4234032*b4**2*q11_0*q2_0**3*q7_1 + 11290752*b4**2*q11_0*q2_0**2*q3_0 - 3449952*b4**2*q11_0*q2_0**2*q9_1 - 8049888*b4**2*q11_0*q2_0*q4_0*q7_1 - 6899904*b4**2*q11_0*q2_0*q5_0 - 4088832*b4**2*q11_0*q3_0**2*q7_1 - 7155456*b4**2*q11_0*q3_0*q4_0 + 3279584*b4**2*q11_0*q4_0*q9_1 + 3513840*b4**2*q11_0*q6_0*q7_1 + 2811072*b4**2*q11_0*q7_0 - 2834352*b4**2*q2_0**5*q8_1 + 1154736*b4**2*q2_0**4*q7_1*q9_1 + 3464208*b4**2*q2_0**4*q8_1**2 + 12317184*b4**2*q2_0**3*q3_0*q7_1*q8_1 + 4105728*b4**2*q2_0**3*q3_0*q9_1 + 10777536*b4**2*q2_0**3*q4_0*q8_1 - 1411344*b4**2*q2_0**3*q9_1**2 + 16422912*b4**2*q2_0**2*q3_0**2*q8_1 - 15054336*b4**2*q2_0**2*q3_0*q8_1*q9_1 - 3293136*b4**2*q2_0**2*q4_0*q7_1*q9_1 - 9879408*b4**2*q2_0**2*q4_0*q8_1**2 - 8468064*b4**2*q2_0**2*q5_0*q7_1*q8_1 - 2822688*b4**2*q2_0**2*q5_0*q9_1 - 7056720*b4**2*q2_0**2*q6_0*q8_1 + 4234032*b4**2*q2_0**2*q8_0 - 3345408*b4**2*q2_0*q3_0**2*q7_1*q9_1 - 10036224*b4**2*q2_0*q3_0**2*q8_1**2 - 17563392*b4**2*q2_0*q3_0*q4_0*q7_1*q8_1 - 5854464*b4**2*q2_0*q3_0*q4_0*q9_1 - 15054336*b4**2*q2_0*q3_0*q5_0*q8_1 - 7683984*b4**2*q2_0*q4_0**2*q8_1 + 2683296*b4**2*q2_0*q4_0*q9_1**2 + 9199872*b4**2*q2_0*q5_0*q8_1*q9_1 + 1916640*b4**2*q2_0*q6_0*q7_1*q9_1 + 5749920*b4**2*q2_0*q6_0*q8_1**2 + 4599936*b4**2*q2_0*q7_0*q7_1*q8_1 + 1533312*b4**2*q2_0*q7_0*q9_1 - 4599936*b4**2*q2_0*q7_1**2*q8_0 - 6133248*b4**2*q2_0*q7_1*q9_0 - 5749920*b4**2*q2_0*q8_0*q8_1 - 2973696*b4**2*q3_0**3*q7_1*q8_1 - 991232*b4**2*q3_0**3*q9_1 - 7805952*b4**2*q3_0**2*q4_0*q8_1 + 1362944*b4**2*q3_0**2*q9_1**2 + 9540608*b4**2*q3_0*q4_0*q8_1*q9_1 + 2044416*b4**2*q3_0*q5_0*q7_1*q9_1 + 6133248*b4**2*q3_0*q5_0*q8_1**2 + 5111040*b4**2*q3_0*q6_0*q7_1*q8_1 + 1703680*b4**2*q3_0*q6_0*q9_1 + 4088832*b4**2*q3_0*q7_0*q8_1 - 7155456*b4**2*q3_0*q7_1*q8_0 - 2385152*b4**2*q3_0*q9_0 + 1043504*b4**2*q4_0**2*q7_1*q9_1 + 3130512*b4**2*q4_0**2*q8_1**2 + 5366592*b4**2*q4_0*q5_0*q7_1*q8_1 + 1788864*b4**2*q4_0*q5_0*q9_1 + 4472160*b4**2*q4_0*q6_0*q8_1 - 2683296*b4**2*q4_0*q8_0 + 2299968*b4**2*q5_0**2*q8_1 - 1171280*b4**2*q6_0*q9_1**2 - 3748096*b4**2*q7_0*q8_1*q9_1 + 6324912*b4**2*q7_1*q8_0*q9_1 + 3279584*b4**2*q7_1*q8_1*q9_0 + 1405536*b4**2*q8_0*q8_1**2 + 4216608*b4**2*q9_0*q9_1 + 3748096*b4*q10_0*q11_1*q3_0 + 6133248*b4*q10_0*q2_0*q7_1 + 2385152*b4*q10_0*q3_0 - 4685120*b4*q10_0*q7_1*q8_1 - 3748096*b4*q10_0*q9_1 + 6899904*b4*q10_1*q11_0*q2_0**2 - 6559168*b4*q10_1*q11_0*q4_0 + 5645376*b4*q10_1*q2_0**3*q9_1 - 10733184*b4*q10_1*q2_0*q4_0*q9_1 - 5451776*b4*q10_1*q3_0**2*q9_1 + 4685120*b4*q10_1*q6_0*q9_1 - 7027680*b4*q10_1*q7_1*q8_0 - 9370240*b4*q10_1*q9_0 - 7496192*b4*q11_0**2*q3_0 + 4618944*b4*q11_0*q2_0**4 - 5645376*b4*q11_0*q2_0**3*q8_1 - 15054336*b4*q11_0*q2_0**2*q3_0*q7_1 - 13172544*b4*q11_0*q2_0**2*q4_0 - 13381632*b4*q11_0*q2_0*q3_0**2 + 10733184*b4*q11_0*q2_0*q4_0*q8_1 + 9199872*b4*q11_0*q2_0*q5_0*q7_1 + 7666560*b4*q11_0*q2_0*q6_0 + 5451776*b4*q11_0*q3_0**2*q8_1 + 9540608*b4*q11_0*q3_0*q4_0*q7_1 + 8177664*b4*q11_0*q3_0*q5_0 + 4174016*b4*q11_0*q4_0**2 - 4685120*b4*q11_0*q6_0*q8_1 - 3748096*b4*q11_0*q7_0*q7_1 - 9838752*b4*q11_0*q8_0 - 6899904*b4*q11_1*q2_0**2*q9_0 - 18399744*b4*q11_1*q2_0*q3_0*q8_0 + 6559168*b4*q11_1*q4_0*q9_0 + 8433216*b4*q11_1*q5_0*q8_0 + 3779136*b4*q2_0**5*q9_1 - 4618944*b4*q2_0**4*q8_1*q9_1 - 16422912*b4*q2_0**3*q3_0*q7_1*q9_1 - 14370048*b4*q2_0**3*q4_0*q9_1 - 21897216*b4*q2_0**2*q3_0**2*q9_1 + 15054336*b4*q2_0**2*q3_0*q9_1**2 + 13172544*b4*q2_0**2*q4_0*q8_1*q9_1 + 11290752*b4*q2_0**2*q5_0*q7_1*q9_1 + 9408960*b4*q2_0**2*q6_0*q9_1 - 8468064*b4*q2_0**2*q7_1*q8_0 - 5645376*b4*q2_0**2*q9_0 + 13381632*b4*q2_0*q3_0**2*q8_1*q9_1 + 23417856*b4*q2_0*q3_0*q4_0*q7_1*q9_1 + 20072448*b4*q2_0*q3_0*q5_0*q9_1 - 6272640*b4*q2_0*q3_0*q8_0 + 10245312*b4*q2_0*q4_0**2*q9_1 - 9199872*b4*q2_0*q5_0*q9_1**2 - 7666560*b4*q2_0*q6_0*q8_1*q9_1 - 6133248*b4*q2_0*q7_0*q7_1*q9_1 + 6133248*b4*q2_0*q7_1**2*q9_0 + 9199872*b4*q2_0*q7_1*q8_0*q8_1 + 4599936*b4*q2_0*q8_0*q9_1 + 12266496*b4*q2_0*q8_1*q9_0 + 3964928*b4*q3_0**3*q7_1*q9_1 + 10407936*b4*q3_0**2*q4_0*q9_1 - 9540608*b4*q3_0*q4_0*q9_1**2 - 8177664*b4*q3_0*q5_0*q8_1*q9_1 - 6814720*b4*q3_0*q6_0*q7_1*q9_1 - 5451776*b4*q3_0*q7_0*q9_1 + 3577728*b4*q3_0*q7_1**2*q8_0 + 9540608*b4*q3_0*q7_1*q9_0 + 7155456*b4*q3_0*q8_0*q8_1 - 4174016*b4*q4_0**2*q8_1*q9_1 - 7155456*b4*q4_0*q5_0*q7_1*q9_1 - 5962880*b4*q4_0*q6_0*q9_1 + 5366592*b4*q4_0*q7_1*q8_0 + 3577728*b4*q4_0*q9_0 - 3066624*b4*q5_0**2*q9_1 + 1916640*b4*q5_0*q8_0 + 3748096*b4*q7_0*q9_1**2 - 7496192*b4*q7_1*q9_0*q9_1 - 4216608*b4*q8_0*q8_1*q9_1 - 4685120*b4*q8_1**2*q9_0 + 2108304*q10_0*q10_1 + 3449952*q10_0*q11_1*q2_0**2 - 3279584*q10_0*q11_1*q4_0 + 1411344*q10_0*q2_0**2 - 1533312*q10_0*q2_0*q7_1**2 - 3066624*q10_0*q2_0*q8_1 - 2385152*q10_0*q3_0*q7_1 - 894432*q10_0*q4_0 + 2342560*q10_0*q7_1*q9_1 + 1171280*q10_0*q8_1**2 - 1411344*q10_1**2*q2_0**3 + 2683296*q10_1**2*q2_0*q4_0 + 1362944*q10_1**2*q3_0**2 - 1171280*q10_1**2*q6_0 - 944784*q10_1*q2_0**5 + 1154736*q10_1*q2_0**4*q8_1 + 4105728*q10_1*q2_0**3*q3_0*q7_1 + 3592512*q10_1*q2_0**3*q4_0 + 5474304*q10_1*q2_0**2*q3_0**2 - 3763584*q10_1*q2_0**2*q3_0*q9_1 - 3293136*q10_1*q2_0**2*q4_0*q8_1 - 2822688*q10_1*q2_0**2*q5_0*q7_1 - 2352240*q10_1*q2_0**2*q6_0 - 3345408*q10_1*q2_0*q3_0**2*q8_1 - 5854464*q10_1*q2_0*q3_0*q4_0*q7_1 - 5018112*q10_1*q2_0*q3_0*q5_0 - 2561328*q10_1*q2_0*q4_0**2 + 2299968*q10_1*q2_0*q5_0*q9_1 + 1916640*q10_1*q2_0*q6_0*q8_1 + 1533312*q10_1*q2_0*q7_0*q7_1 + 1149984*q10_1*q2_0*q8_0 - 991232*q10_1*q3_0**3*q7_1 - 2601984*q10_1*q3_0**2*q4_0 + 2385152*q10_1*q3_0*q4_0*q9_1 + 2044416*q10_1*q3_0*q5_0*q8_1 + 1703680*q10_1*q3_0*q6_0*q7_1 + 1362944*q10_1*q3_0*q7_0 + 1043504*q10_1*q4_0**2*q8_1 + 1788864*q10_1*q4_0*q5_0*q7_1 + 1490720*q10_1*q4_0*q6_0 + 766656*q10_1*q5_0**2 - 937024*q10_1*q7_0*q9_1 + 4216608*q10_1*q7_1*q9_0 - 702768*q10_1*q8_0*q8_1 - 1724976*q11_0**2*q2_0**2 + 1639792*q11_0**2*q4_0 - 1154736*q11_0*q2_0**4*q7_1 - 4105728*q11_0*q2_0**3*q3_0 + 1411344*q11_0*q2_0**3*q9_1 + 3763584*q11_0*q2_0**2*q3_0*q8_1 + 3293136*q11_0*q2_0**2*q4_0*q7_1 + 2822688*q11_0*q2_0**2*q5_0 + 3345408*q11_0*q2_0*q3_0**2*q7_1 + 5854464*q11_0*q2_0*q3_0*q4_0 - 2683296*q11_0*q2_0*q4_0*q9_1 - 2299968*q11_0*q2_0*q5_0*q8_1 - 1916640*q11_0*q2_0*q6_0*q7_1 - 1533312*q11_0*q2_0*q7_0 + 991232*q11_0*q3_0**3 - 1362944*q11_0*q3_0**2*q9_1 - 2385152*q11_0*q3_0*q4_0*q8_1 - 2044416*q11_0*q3_0*q5_0*q7_1 - 1703680*q11_0*q3_0*q6_0 - 1043504*q11_0*q4_0**2*q7_1 - 1788864*q11_0*q4_0*q5_0 + 1171280*q11_0*q6_0*q9_1 + 937024*q11_0*q7_0*q8_1 + 702768*q11_0*q7_1*q8_0 + 5153632*q11_0*q9_0 + 12266496*q11_1*q2_0*q3_0*q9_0 - 5622144*q11_1*q5_0*q9_0 + 5645376*q2_0**2*q7_1*q9_0 + 4181760*q2_0*q3_0*q9_0 - 6133248*q2_0*q7_1*q8_1*q9_0 - 6133248*q2_0*q9_0*q9_1 - 2385152*q3_0*q7_1**2*q9_0 - 4770304*q3_0*q8_1*q9_0 - 3577728*q4_0*q7_1*q9_0 - 1277760*q5_0*q9_0 + 4685120*q8_1*q9_0*q9_1
7	1	[1,2]	6	246	-159720*a1_0*b3*b4*q11_1*q7_1 + 147015*a1_0*b3*q11_1*q2_0 + 39930*a1_0*b3*q11_1*q7_1**2 + 79860*a1_0*b3*q11_1*q8_1 - 25245*a1_0*b3*q2_0 + 49005*a1_0*b4**2*q10_1*q2_0 - 39930*a1_0*b4**2*q10_1*q7_1**2 - 79860*a1_0*b4**2*q10_1*q8_1 + 159720*a1_0*b4**2*q11_0*q7_1 + 392040*a1_0*b4**2*q2_0*q7_1*q9_1 + 145200*a1_0*b4**2*q3_0*q9_1 - 319440*a1_0*b4**2*q7_1*q8_1*q9_1 - 319440*a1_0*b4**2*q9_1**2 + 479160*a1_0*b4*q10_1*q11_1*q3_0 - 392040*a1_0*b4*q10_1*q2_0*q7_1 - 145200*a1_0*b4*q10_1*q3_0 + 319440*a1_0*b4*q10_1*q7_1*q8_1 + 638880*a1_0*b4*q10_1*q9_1 + 1078110*a1_0*b4*q11_0*q11_1*q2_0 + 98010*a1_0*b4*q11_0*q2_0 - 79860*a1_0*b4*q11_0*q7_1**2 - 159720*a1_0*b4*q11_0*q8_1 + 481140*a1_0*b4*q11_1*q2_0**3*q7_1 + 1283040*a1_0*b4*q11_1*q2_0**2*q3_0 - 1045440*a1_0*b4*q11_1*q2_0*q3_0*q8_1 - 914760*a1_0*b4*q11_1*q2_0*q4_0*q7_1 - 784080*a1_0*b4*q11_1*q2_0*q5_0 - 464640*a1_0*b4*q11_1*q3_0**2*q7_1 - 813120*a1_0*b4*q11_1*q3_0*q4_0 + 479160*a1_0*b4*q11_1*q5_0*q8_1 + 399300*a1_0*b4*q11_1*q6_0*q7_1 + 319440*a1_0*b4*q11_1*q7_0 + 160380*a1_0*b4*q2_0**2*q9_1 - 196020*a1_0*b4*q2_0*q7_1**2*q9_1 - 392040*a1_0*b4*q2_0*q8_1*q9_1 - 290400*a1_0*b4*q3_0*q7_1*q9_1 - 101640*a1_0*b4*q4_0*q9_1 + 319440*a1_0*b4*q7_1*q9_1**2 + 159720*a1_0*b4*q8_1**2*q9_1 - 239580*a1_0*q10_1**2 - 120285*a1_0*q10_1*q2_0**2 + 147015*a1_0*q10_1*q2_0*q7_1**2 + 294030*a1_0*q10_1*q2_0*q8_1 + 217800*a1_0*q10_1*q3_0*q7_1 + 76230*a1_0*q10_1*q4_0 - 239580*a1_0*q10_1*q7_1*q9_1 - 119790*a1_0*q10_1*q8_1**2 - 479160*a1_0*q11_0*q11_1*q3_0 + 295245*a1_0*q11_1*q2_0**4 - 360855*a1_0*q11_1*q2_0**3*q8_1 - 962280*a1_0*q11_1*q2_0**2*q3_0*q7_1 - 841995*a1_0*q11_1*q2_0**2*q4_0 - 855360*a1_0*q11_1*q2_0*q3_0**2 + 784080*a1_0*q11_1*q2_0*q3_0*q9_1 + 686070*a1_0*q11_1*q2_0*q4_0*q8_1 + 588060*a1_0*q11_1*q2_0*q5_0*q7_1 + 490050*a1_0*q11_1*q2_0*q6_0 + 348480*a1_0*q11_1*q3_0**2*q8_1 + 609840*a1_0*q11_1*q3_0*q4_0*q7_1 + 522720*a1_0*q11_1*q3_0*q5_0 + 266805*a1_0*q11_1*q4_0**2 - 359370*a1_0*q11_1*q5_0*q9_1 - 299475*a1_0*q11_1*q6_0*q8_1 - 239580*a1_0*q11_1*q7_0*q7_1 - 179685*a1_0*q11_1*q8_0 - 55902*a2_0*b3*b4*q11_1 + 55902*a2_0*b3*q11_1*q7_1 - 55902*a2_0*b4**2*q10_1*q7_1 + 55902*a2_0*b4**2*q11_0 + 121968*a2_0*b4**2*q2_0*q9_1 - 111804*a2_0*b4**2*q7_1**2*q9_1 - 223608*a2_0*b4**2*q8_1*q9_1 + 503118*a2_0*b4*q10_1*q11_1*q2_0 - 121968*a2_0*b4*q10_1*q2_0 + 111804*a2_0*b4*q10_1*q7_1**2 + 223608*a2_0*b4*q10_1*q8_1 - 111804*a2_0*b4*q11_0*q7_1 + 449064*a2_0*b4*q11_1*q2_0**3 - 548856*a2_0*b4*q11_1*q2_0**2*q8_1 - 975744*a2_0*b4*q11_1*q2_0*q3_0*q7_1 - 853776*a2_0*b4*q11_1*q2_0*q4_0 - 433664*a2_0*b4*q11_1*q3_0**2 + 521752*a2_0*b4*q11_1*q4_0*q8_1 + 447216*a2_0*b4*q11_1*q5_0*q7_1 + 372680*a2_0*b4*q11_1*q6_0 - 243936*a2_0*b4*q2_0*q7_1*q9_1 - 81312*a2_0*b4*q3_0*q9_1 + 223608*a2_0*b4*q7_1*q8_1*q9_1 + 223608*a2_0*b4*q9_1**2 + 182952*a2_0*q10_1*q2_0*q7_1 + 60984*a2_0*q10_1*q3_0 - 167706*a2_0*q10_1*q7_1*q8_1 - 167706*a2_0*q10_1*q9_1 - 503118*a2_0*q11_0*q11_1*q2_0 - 336798*a2_0*q11_1*q2_0**3*q7_1 - 898128*a2_0*q11_1*q2_0**2*q3_0 + 411642*a2_0*q11_1*q2_0**2*q9_1 + 731808*a2_0*q11_1*q2_0*q3_0*q8_1 + 640332*a2_0*q11_1*q2_0*q4_0*q7_1 + 548856*a2_0*q11_1*q2_0*q5_0 + 325248*a2_0*q11_1*q3_0**2*q7_1 + 569184*a2_0*q11_1*q3_0*q4_0 - 391314*a2_0*q11_1*q4_0*q9_1 - 335412*a2_0*q11_1*q5_0*q8_1 - 279510*a2_0*q11_1*q6_0*q7_1 - 223608*a2_0*q11_1*q7_0 - 190333*a3_0*b3*q11_1 + 26741*a3_0*b3 - 17303*a3_0*b4**2*q10_1 - 138424*a3_0*b4**2*q7_1*q9_1 + 138424*a3_0*b4*q10_1*q7_1 - 1141998*a3_0*b4*q11_0*q11_1 - 34606*a3_0*b4*q11_0 - 509652*a3_0*b4*q11_1*q2_0**2*q7_1 - 906048*a3_0*b4*q11_1*q2_0*q3_0 + 553696*a3_0*b4*q11_1*q3_0*q8_1 + 484484*a3_0*b4*q11_1*q4_0*q7_1 + 415272*a3_0*b4*q11_1*q5_0 - 56628*a3_0*b4*q2_0*q9_1 + 69212*a3_0*b4*q7_1**2*q9_1 + 138424*a3_0*b4*q8_1*q9_1 + 42471*a3_0*q10_1*q2_0 - 51909*a3_0*q10_1*q7_1**2 - 103818*a3_0*q10_1*q8_1 - 312741*a3_0*q11_1*q2_0**3 + 382239*a3_0*q11_1*q2_0**2*q8_1 + 679536*a3_0*q11_1*q2_0*q3_0*q7_1 + 594594*a3_0*q11_1*q2_0*q4_0 + 302016*a3_0*q11_1*q3_0**2 - 415272*a3_0*q11_1*q3_0*q9_1 - 363363*a3_0*q11_1*q4_0*q8_1 - 311454*a3_0*q11_1*q5_0*q7_1 - 259545*a3_0*q11_1*q6_0 - 31944*a4_0*b4**2*q9_1 - 527076*a4_0*b4*q10_1*q11_1 + 31944*a4_0*b4*q10_1 - 470448*a4_0*b4*q11_1*q2_0**2 + 574992*a4_0*b4*q11_1*q2_0*q8_1 + 511104*a4_0*b4*q11_1*q3_0*q7_1 + 447216*a4_0*b4*q11_1*q4_0 + 63888*a4_0*b4*q7_1*q9_1 - 47916*a4_0*q10_1*q7_1 + 527076*a4_0*q11_0*q11_1 + 352836*a4_0*q11_1*q2_0**2*q7_1 + 627264*a4_0*q11_1*q2_0*q3_0 - 431244*a4_0*q11_1*q2_0*q9_1 - 383328*a4_0*q11_1*q3_0*q8_1 - 335412*a4_0*q11_1*q4_0*q7_1 - 287496*a4_0*q11_1*q5_0 + 479160*a6_0*b4*q11_1*q2_0 - 585640*a6_0*b4*q11_1*q8_1 - 359370*a6_0*q11_1*q2_0*q7_1 - 319440*a6_0*q11_1*q3_0 + 439230*a6_0*q11_1*q9_1 - 527076*a7_0*b4*q11_1*q7_1 - 323433*a7_0*q11_1*q2_0 + 395307*a7_0*q11_1*q8_1 - 468512*a8_0*b4*q11_1 + 351384*a8_0*q11_1*q7_1 + 307461*a9_0*q11_1 + 139392*b3*b4*q11_1*q2_0 - 106480*b3*b4*q11_1*q7_1**2 - 212960*b3*b4*q11_1*q8_1 - 139392*b3*q11_1*q2_0*q7_1 + 131648*b3*q11_1*q3_0 + 106480*b3*q11_1*q7_1*q8_1 - 106480*b3*q11_1*q9_1 - 23936*b3*q3_0 + 19360*b3*q9_1 + 139392*b4**2*q10_1*q2_0*q7_1 + 54208*b4**2*q10_1*q3_0 - 106480*b4**2*q10_1*q7_1*q8_1 - 532400*b4**2*q10_1*q9_1 - 139392*b4**2*q11_0*q2_0 + 106480*b4**2*q11_0*q7_1**2 + 212960*b4**2*q11_0*q8_1 - 256608*b4**2*q2_0**2*q9_1 + 278784*b4**2*q2_0*q7_1**2*q9_1 + 557568*b4**2*q2_0*q8_1*q9_1 + 433664*b4**2*q3_0*q7_1*q9_1 + 162624*b4**2*q4_0*q9_1 - 425920*b4**2*q7_1*q9_1**2 - 212960*b4**2*q8_1**2*q9_1 + 425920*b4*q10_1**2 - 470448*b4*q10_1*q11_1*q2_0**2 + 447216*b4*q10_1*q11_1*q4_0 + 256608*b4*q10_1*q2_0**2 - 278784*b4*q10_1*q2_0*q7_1**2 - 557568*b4*q10_1*q2_0*q8_1 - 433664*b4*q10_1*q3_0*q7_1 - 162624*b4*q10_1*q4_0 + 851840*b4*q10_1*q7_1*q9_1 + 212960*b4*q10_1*q8_1**2 + 1022208*b4*q11_0*q11_1*q3_0 + 278784*b4*q11_0*q2_0*q7_1 + 108416*b4*q11_0*q3_0 - 212960*b4*q11_0*q7_1*q8_1 + 212960*b4*q11_0*q9_1 - 419904*b4*q11_1*q2_0**4 + 513216*b4*q11_1*q2_0**3*q8_1 + 1368576*b4*q11_1*q2_0**2*q3_0*q7_1 + 1197504*b4*q11_1*q2_0**2*q4_0 + 1216512*b4*q11_1*q2_0*q3_0**2 - 975744*b4*q11_1*q2_0*q4_0*q8_1 - 836352*b4*q11_1*q2_0*q5_0*q7_1 - 696960*b4*q11_1*q2_0*q6_0 - 495616*b4*q11_1*q3_0**2*q8_1 - 867328*b4*q11_1*q3_0*q4_0*q7_1 - 743424*b4*q11_1*q3_0*q5_0 - 379456*b4*q11_1*q4_0**2 + 425920*b4*q11_1*q6_0*q8_1 + 340736*b4*q11_1*q7_0*q7_1 + 255552*b4*q11_1*q8_0 + 513216*b4*q2_0**2*q7_1*q9_1 + 380160*b4*q2_0*q3_0*q9_1 - 557568*b4*q2_0*q7_1*q8_1*q9_1 - 557568*b4*q2_0*q9_1**2 - 216832*b4*q3_0*q7_1**2*q9_1 - 433664*b4*q3_0*q8_1*q9_1 - 325248*b4*q4_0*q7_1*q9_1 - 116160*b4*q5_0*q9_1 + 425920*b4*q8_1*q9_1**2 - 319440*q10_1**2*q7_1 - 319440*q10_1*q11_0 - 384912*q10_1*q2_0**2*q7_1 - 285120*q10_1*q2_0*q3_0 + 418176*q10_1*q2_0*q7_1*q8_1 + 418176*q10_1*q2_0*q9_1 + 162624*q10_1*q3_0*q7_1**2 + 325248*q10_1*q3_0*q8_1 + 243936*q10_1*q4_0*q7_1 + 87120*q10_1*q5_0 - 319440*q10_1*q8_1*q9_1 + 470448*q11_0*q11_1*q2_0**2 - 447216*q11_0*q11_1*q4_0 + 314928*q11_1*q2_0**4*q7_1 + 1119744*q11_1*q2_0**3*q3_0 - 384912*q11_1*q2_0**3*q9_1 - 1026432*q11_1*q2_0**2*q3_0*q8_1 - 898128*q11_1*q2_0**2*q4_0*q7_1 - 769824*q11_1*q2_0**2*q5_0 - 912384*q11_1*q2_0*q3_0**2*q7_1 - 1596672*q11_1*q2_0*q3_0*q4_0 + 731808*q11_1*q2_0*q4_0*q9_1 + 627264*q11_1*q2_0*q5_0*q8_1 + 522720*q11_1*q2_0*q6_0*q7_1 + 418176*q11_1*q2_0*q7_0 - 270336*q11_1*q3_0**3 + 371712*q11_1*q3_0**2*q9_1 + 650496*q11_1*q3_0*q4_0*q8_1 + 557568*q11_1*q3_0*q5_0*q7_1 + 464640*q11_1*q3_0*q6_0 + 284592*q11_1*q4_0**2*q7_1 + 487872*q11_1*q4_0*q5_0 - 319440*q11_1*q6_0*q9_1 - 255552*q11_1*q7_0*q8_1 - 191664*q11_1*q7_1*q8_0 - 766656*q11_1*q9_0 + 58080*q9_0
8	1	[1,1]	4	31	-159720*a1_0*b4**2*q11_1*q7_1 - 343035*a1_0*b4*q11_1*q2_0 + 119790*a1_0*b4*q11_1*q7_1**2 + 239580*a1_0*b4*q11_1*q8_1 + 25245*a1_0*b4*q2_0 + 98010*a1_0*q11_1*q2_0*q7_1 + 123420*a1_0*q11_1*q3_0 - 79860*a1_0*q11_1*q7_1*q8_1 - 79860*a1_0*q11_1*q9_1 - 11220*a1_0*q3_0 - 55902*a2_0*b4**2*q11_1 + 167706*a2_0*b4*q11_1*q7_1 + 121968*a2_0*q11_1*q2_0 - 27951*a2_0*q11_1*q7_1**2 - 55902*a2_0*q11_1*q8_1 - 11781*a2_0*q2_0 + 259545*a3_0*b4*q11_1 - 26741*a3_0*b4 - 34606*a3_0*q11_1*q7_1 - 103818*a4_0*q11_1 + 12342*a4_0 + 139392*b4**2*q11_1*q2_0 - 106480*b4**2*q11_1*q7_1**2 - 212960*b4**2*q11_1*q8_1 - 418176*b4*q11_1*q2_0*q7_1 - 348480*b4*q11_1*q3_0 + 319440*b4*q11_1*q7_1*q8_1 + 23936*b4*q3_0 + 29040*b4*q9_1 + 159720*q10_1*q11_1 - 24200*q10_1 - 149688*q11_1*q2_0**2 + 69696*q11_1*q2_0*q7_1**2 + 139392*q11_1*q2_0*q8_1 + 108416*q11_1*q3_0*q7_1 + 121968*q11_1*q4_0 - 106480*q11_1*q7_1*q9_1 - 53240*q11_1*q8_1**2 + 11016*q2_0**2 - 10472*q4_0
10	1	[0,2]	7	277	-159720*a1_0*b1*b3*b4*q11_1*q7_1 + 147015*a1_0*b1*b3*q11_1*q2_0 + 39930*a1_0*b1*b3*q11_1*q7_1**2 + 79860*a1_0*b1*b3*q11_1*q8_1 - 25245*a1_0*b1*b3*q2_0 + 49005*a1_0*b1*b4**2*q10_1*q2_0 - 39930*a1_0*b1*b4**2*q10_1*q7_1**2 - 79860*a1_0*b1*b4**2*q10_1*q8_1 + 159720*a1_0*b1*b4**2*q11_0*q7_1 + 392040*a1_0*b1*b4**2*q2_0*q7_1*q9_1 + 145200*a1_0*b1*b4**2*q3_0*q9_1 - 319440*a1_0*b1*b4**2*q7_1*q8_1*q9_1 - 319440*a1_0*b1*b4**2*q9_1**2 + 479160*a1_0*b1*b4*q10_1*q11_1*q3_0 - 392040*a1_0*b1*b4*q10_1*q2_0*q7_1 - 145200*a1_0*b1*b4*q10_1*q3_0 + 319440*a1_0*b1*b4*q10_1*q7_1*q8_1 + 638880*a1_0*b1*b4*q10_1*q9_1 + 1078110*a1_0*b1*b4*q11_0*q11_1*q2_0 + 98010*a1_0*b1*b4*q11_0*q2_0 - 79860*a1_0*b1*b4*q11_0*q7_1**2 - 159720*a1_0*b1*b4*q11_0*q8_1 + 481140*a1_0*b1*b4*q11_1*q2_0**3*q7_1 + 1283040*a1_0*b1*b4*q11_1*q2_0**2*q3_0 - 1045440*a1_0*b1*b4*q11_1*q2_0*q3_0*q8_1 - 914760*a1_0*b1*b4*q11_1*q2_0*q4_0*q7_1 - 784080*a1_0*b1*b4*q11_1*q2_0*q5_0 - 464640*a1_0*b1*b4*q11_1*q3_0**2*q7_1 - 813120*a1_0*b1*b4*q11_1*q3_0*q4_0 + 479160*a1_0*b1*b4*q11_1*q5_0*q8_1 + 399300*a1_0*b1*b4*q11_1*q6_0*q7_1 + 319440*a1_0*b1*b4*q11_1*q7_0 + 160380*a1_0*b1*b4*q2_0**2*q9_1 - 196020*a1_0*b1*b4*q2_0*q7_1**2*q9_1 - 392040*a1_0*b1*b4*q2_0*q8_1*q9_1 - 290400*a1_0*b1*b4*q3_0*q7_1*q9_1 - 101640*a1_0*b1*b4*q4_0*q9_1 + 319440*a1_0*b1*b4*q7_1*q9_1**2 + 159720*a1_0*b1*b4*q8_1**2*q9_1 - 239580*a1_0*b1*q10_1**2 - 120285*a1_0*b1*q10_1*q2_0**2 + 147015*a1_0*b1*q10_1*q2_0*q7_1**2 + 294030*a1_0*b1*q10_1*q2_0*q8_1 + 217800*a1_0*b1*q10_1*q3_0*q7_1 + 76230*a1_0*b1*q10_1*q4_0 - 239580*a1_0*b1*q10_1*q7_1*q9_1 - 119790*a1_0*b1*q10_1*q8_1**2 - 479160*a1_0*b1*q11_0*q11_1*q3_0 + 295245*a1_0*b1*q11_1*q2_0**4 - 360855*a1_0*b1*q11_1*q2_0**3*q8_1 - 962280*a1_0*b1*q11_1*q2_0**2*q3_0*q7_1 - 841995*a1_0*b1*q11_1*q2_0**2*q4_0 - 855360*a1_0*b1*q11_1*q2_0*q3_0**2 + 784080*a1_0*b1*q11_1*q2_0*q3_0*q9_1 + 686070*a1_0*b1*q11_1*q2_0*q4_0*q8_1 + 588060*a1_0*b1*q11_1*q2_0*q5_0*q7_1 + 490050*a1_0*b1*q11_1*q2_0*q6_0 + 348480*a1_0*b1*q11_1*q3_0**2*q8_1 + 609840*a1_0*b1*q11_1*q3_0*q4_0*q7_1 + 522720*a1_0*b1*q11_1*q3_0*q5_0 + 266805*a1_0*b1*q11_1*q4_0**2 - 359370*a1_0*b1*q11_1*q5_0*q9_1 - 299475*a1_0*b1*q11_1*q6_0*q8_1 - 239580*a1_0*b1*q11_1*q7_0*q7_1 - 179685*a1_0*b1*q11_1*q8_0 + 319440*a1_0*b4**2*q11_1*q7_1 + 686070*a1_0*b4*q11_1*q2_0 - 239580*a1_0*b4*q11_1*q7_1**2 - 479160*a1_0*b4*q11_1*q8_1 - 50490*a1_0*b4*q2_0 - 196020*a1_0*q11_1*q2_0*q7_1 - 246840*a1_0*q11_1*q3_0 + 159720*a1_0*q11_1*q7_1*q8_1 + 159720*a1_0*q11_1*q9_1 + 22440*a1_0*q3_0 - 55902*a2_0*b1*b3*b4*q11_1 + 55902*a2_0*b1*b3*q11_1*q7_1 - 55902*a2_0*b1*b4**2*q10_1*q7_1 + 55902*a2_0*b1*b4**2*q11_0 + 121968*a2_0*b1*b4**2*q2_0*q9_1 - 111804*a2_0*b1*b4**2*q7_1**2*q9_1 - 223608*a2_0*b1*b4**2*q8_1*q9_1 + 503118*a2_0*b1*b4*q10_1*q11_1*q2_0 - 121968*a2_0*b1*b4*q10_1*q2_0 + 111804*a2_0*b1*b4*q10_1*q7_1**2 + 223608*a2_0*b1*b4*q10_1*q8_1 - 111804*a2_0*b1*b4*q11_0*q7_1 + 449064*a2_0*b1*b4*q11_1*q2_0**3 - 548856*a2_0*b1*b4*q11_1*q2_0**2*q8_1 - 975744*a2_0*b1*b4*q11_1*q2_0*q3_0*q7_1 - 853776*a2_0*b1*b4*q11_1*q2_0*q4_0 - 433664*a2_0*b1*b4*q11_1*q3_0**2 + 521752*a2_0*b1*b4*q11_1*q4_0*q8_1 + 447216*a2_0*b1*b4*q11_1*q5_0*q7_1 + 372680*a2_0*b1*b4*q11_1*q6_0 - 243936*a2_0*b1*b4*q2_0*q7_1*q9_1 - 81312*a2_0*b1*b4*q3_0*q9_1 + 223608*a2_0*b1*b4*q7_1*q8_1*q9_1 + 223608*a2_0*b1*b4*q9_1**2 + 182952*a2_0*b1*q10_1*q2_0*q7_1 + 60984*a2_0*b1*q10_1*q3_0 - 167706*a2_0*b1*q10_1*q7_1*q8_1 - 167706*a2_0*b1*q10_1*q9_1 - 503118*a2_0*b1*q11_0*q11_1*q2_0 - 336798*a2_0*b1*q11_1*q2_0**3*q7_1 - 898128*a2_0*b1*q11_1*q2_0**2*q3_0 + 411642*a2_0*b1*q11_1*q2_0**2*q9_1 + 731808*a2_0*b1*q11_1*q2_0*q3_0*q8_1 + 640332*a2_0*b1*q11_1*q2_0*q4_0*q7_1 + 548856*a2_0*b1*q11_1*q2_0*q5_0 + 325248*a2_0*b1*q11_1*q3_0**2*q7_1 + 569184*a2_0*b1*q11_1*q3_0*q4_0 - 391314*a2_0*b1*q11_1*q4_0*q9_1 - 335412*a2_0*b1*q11_1*q5_0*q8_1 - 279510*a2_0*b1*q11_1*q6_0*q7_1 - 223608*a2_0*b1*q11_1*q7_0 + 111804*a2_0*b4**2*q11_1 - 335412*a2_0*b4*q11_1*q7_1 - 243936*a2_0*q11_1*q2_0 + 55902*a2_0*q11_1*q7_1**2 + 111804*a2_0*q11_1*q8_1 + 23562*a2_0*q2_0 - 190333*a3_0*b1*b3*q11_1 + 26741*a3_0*b1*b3 - 17303*a3_0*b1*b4**2*q10_1 - 138424*a3_0*b1*b4**2*q7_1*q9_1 + 138424*a3_0*b1*b4*q10_1*q7_1 - 1141998*a3_0*b1*b4*q11_0*q11_1 - 34606*a3_0*b1*b4*q11_0 - 509652*a3_0*b1*b4*q11_1*q2_0**2*q7_1 - 906048*a3_0*b1*b4*q11_1*q2_0*q3_0 + 553696*a3_0*b1*b4*q11_1*q3_0*q8_1 + 484484*a3_0*b1*b4*q11_1*q4_0*q7_1 + 415272*a3_0*b1*b4*q11_1*q5_0 - 56628*a3_0*b1*b4*q2_0*q9_1 + 69212*a3_0*b1*b4*q7_1**2*q9_1 + 138424*a3_0*b1*b4*q8_1*q9_1 + 42471*a3_0*b1*q10_1*q2_0 - 51909*a3_0*b1*q10_1*q7_1**2 - 103818*a3_0*b1*q10_1*q8_1 - 312741*a3_0*b1*q11_1*q2_0**3 + 382239*a3_0*b1*q11_1*q2_0**2*q8_1 + 679536*a3_0*b1*q11_1*q2_0*q3_0*q7_1 + 594594*a3_0*b1*q11_1*q2_0*q4_0 + 302016*a3_0*b1*q11_1*q3_0**2 - 415272*a3_0*b1*q11_1*q3_0*q9_1 - 363363*a3_0*b1*q11_1*q4_0*q8_1 - 311454*a3_0*b1*q11_1*q5_0*q7_1 - 259545*a3_0*b1*q11_1*q6_0 - 519090*a3_0*b4*q11_1 + 53482*a3_0*b4 + 69212*a3_0*q11_1*q7_1 - 31944*a4_0*b1*b4**2*q9_1 - 527076*a4_0*b1*b4*q10_1*q11_1 + 31944*a4_0*b1*b4*q10_1 - 470448*a4_0*b1*b4*q11_1*q2_0**2 + 574992*a4_0*b1*b4*q11_1*q2_0*q8_1 + 511104*a4_0*b1*b4*q11_1*q3_0*q7_1 + 447216*a4_0*b1*b4*q11_1*q4_0 + 63888*a4_0*b1*b4*q7_1*q9_1 - 47916*a4_0*b1*q10_1*q7_1 + 527076*a4_0*b1*q11_0*q11_1 + 352836*a4_0*b1*q11_1*q2_0**2*q7_1 + 627264*a4_0*b1*q11_1*q2_0*q3_0 - 431244*a4_0*b1*q11_1*q2_0*q9_1 - 383328*a4_0*b1*q11_1*q3_0*q8_1 - 335412*a4_0*b1*q11_1*q4_0*q7_1 - 287496*a4_0*b1*q11_1*q5_0 + 207636*a4_0*q11_1 - 24684*a4_0 + 479160*a6_0*b1*b4*q11_1*q2_0 - 585640*a6_0*b1*b4*q11_1*q8_1 - 359370*a6_0*b1*q11_1*q2_0*q7_1 - 319440*a6_0*b1*q11_1*q3_0 + 439230*a6_0*b1*q11_1*q9_1 - 527076*a7_0*b1*b4*q11_1*q7_1 - 323433*a7_0*b1*q11_1*q2_0 + 395307*a7_0*b1*q11_1*q8_1 - 468512*a8_0*b1*b4*q11_1 + 351384*a8_0*b1*q11_1*q7_1 + 307461*a9_0*b1*q11_1 + 139392*b1*b3*b4*q11_1*q2_0 - 106480*b1*b3*b4*q11_1*q7_1**2 - 212960*b1*b3*b4*q11_1*q8_1 - 139392*b1*b3*q11_1*q2_0*q7_1 + 131648*b1*b3*q11_1*q3_0 + 106480*b1*b3*q11_1*q7_1*q8_1 - 106480*b1*b3*q11_1*q9_1 - 23936*b1*b3*q3_0 + 19360*b1*b3*q9_1 + 139392*b1*b4**2*q10_1*q2_0*q7_1 + 54208*b1*b4**2*q10_1*q3_0 - 106480*b1*b4**2*q10_1*q7_1*q8_1 - 532400*b1*b4**2*q10_1*q9_1 - 139392*b1*b4**2*q11_0*q2_0 + 106480*b1*b4**2*q11_0*q7_1**2 + 212960*b1*b4**2*q11_0*q8_1 - 256608*b1*b4**2*q2_0**2*q9_1 + 278784*b1*b4**2*q2_0*q7_1**2*q9_1 + 557568*b1*b4**2*q2_0*q8_1*q9_1 + 433664*b1*b4**2*q3_0*q7_1*q9_1 + 162624*b1*b4**2*q4_0*q9_1 - 425920*b1*b4**2*q7_1*q9_1**2 - 212960*b1*b4**2*q8_1**2*q9_1 + 425920*b1*b4*q10_1**2 - 470448*b1*b4*q10_1*q11_1*q2_0**2 + 447216*b1*b4*q10_1*q11_1*q4_0 + 256608*b1*b4*q10_1*q2_0**2 - 278784*b1*b4*q10_1*q2_0*q7_1**2 - 557568*b1*b4*q10_1*q2_0*q8_1 - 433664*b1*b4*q10_1*q3_0*q7_1 - 162624*b1*b4*q10_1*q4_0 + 851840*b1*b4*q10_1*q7_1*q9_1 + 212960*b1*b4*q10_1*q8_1**2 + 1022208*b1*b4*q11_0*q11_1*q3_0 + 278784*b1*b4*q11_0*q2_0*q7_1 + 108416*b1*b4*q11_0*q3_0 - 212960*b1*b4*q11_0*q7_1*q8_1 + 212960*b1*b4*q11_0*q9_1 - 419904*b1*b4*q11_1*q2_0**4 + 513216*b1*b4*q11_1*q2_0**3*q8_1 + 1368576*b1*b4*q11_1*q2_0**2*q3_0*q7_1 + 1197504*b1*b4*q11_1*q2_0**2*q4_0 + 1216512*b1*b4*q11_1*q2_0*q3_0**2 - 975744*b1*b4*q11_1*q2_0*q4_0*q8_1 - 836352*b1*b4*q11_1*q2_0*q5_0*q7_1 - 696960*b1*b4*q11_1*q2_0*q6_0 - 495616*b1*b4*q11_1*q3_0**2*q8_1 - 867328*b1*b4*q11_1*q3_0*q4_0*q7_1 - 743424*b1*b4*q11_1*q3_0*q5_0 - 379456*b1*b4*q11_1*q4_0**2 + 425920*b1*b4*q11_1*q6_0*q8_1 + 340736*b1*b4*q11_1*q7_0*q7_1 + 255552*b1*b4*q11_1*q8_0 + 513216*b1*b4*q2_0**2*q7_1*q9_1 + 380160*b1*b4*q2_0*q3_0*q9_1 - 557568*b1*b4*q2_0*q7_1*q8_1*q9_1 - 557568*b1*b4*q2_0*q9_1**2 - 216832*b1*b4*q3_0*q7_1**2*q9_1 - 433664*b1*b4*q3_0*q8_1*q9_1 - 325248*b1*b4*q4_0*q7_1*q9_1 - 116160*b1*b4*q5_0*q9_1 + 425920*b1*b4*q8_1*q9_1**2 - 319440*b1*q10_1**2*q7_1 - 319440*b1*q10_1*q11_0 - 384912*b1*q10_1*q2_0**2*q7_1 - 285120*b1*q10_1*q2_0*q3_0 + 418176*b1*q10_1*q2_0*q7_1*q8_1 + 418176*b1*q10_1*q2_0*q9_1 + 162624*b1*q10_1*q3_0*q7_1**2 + 325248*b1*q10_1*q3_0*q8_1 + 243936*b1*q10_1*q4_0*q7_1 + 87120*b1*q10_1*q5_0 - 319440*b1*q10_1*q8_1*q9_1 + 470448*b1*q11_0*q11_1*q2_0**2 - 447216*b1*q11_0*q11_1*q4_0 + 314928*b1*q11_1*q2_0**4*q7_1 + 1119744*b1*q11_1*q2_0**3*q3_0 - 384912*b1*q11_1*q2_0**3*q9_1 - 1026432*b1*q11_1*q2_0**2*q3_0*q8_1 - 898128*b1*q11_1*q2_0**2*q4_0*q7_1 - 769824*b1*q11_1*q2_0**2*q5_0 - 912384*b1*q11_1*q2_0*q3_0**2*q7_1 - 1596672*b1*q11_1*q2_0*q3_0*q4_0 + 731808*b1*q11_1*q2_0*q4_0*q9_1 + 627264*b1*q11_1*q2_0*q5_0*q8_1 + 522720*b1*q11_1*q2_0*q6_0*q7_1 + 418176*b1*q11_1*q2_0*q7_0 - 270336*b1*q11_1*q3_0**3 + 371712*b1*q11_1*q3_0**2*q9_1 + 650496*b1*q11_1*q3_0*q4_0*q8_1 + 557568*b1*q11_1*q3_0*q5_0*q7_1 + 464640*b1*q11_1*q3_0*q6_0 + 284592*b1*q11_1*q4_0**2*q7_1 + 487872*b1*q11_1*q4_0*q5_0 - 319440*b1*q11_1*q6_0*q9_1 - 255552*b1*q11_1*q7_0*q8_1 - 191664*b1*q11_1*q7_1*q8_0 - 766656*b1*q11_1*q9_0 + 58080*b1*q9_0 - 278784*b4**2*q11_1*q2_0 + 212960*b4**2*q11_1*q7_1**2 + 425920*b4**2*q11_1*q8_1 + 836352*b4*q11_1*q2_0*q7_1 + 696960*b4*q11_1*q3_0 - 638880*b4*q11_1*q7_1*q8_1 - 47872*b4*q3_0 - 58080*b4*q9_1 - 319440*q10_1*q11_1 + 48400*q10_1 + 299376*q11_1*q2_0**2 - 139392*q11_1*q2_0*q7_1**2 - 278784*q11_1*q2_0*q8_1 - 216832*q11_1*q3_0*q7_1 - 243936*q11_1*q4_0 + 212960*q11_1*q7_1*q9_1 + 106480*q11_1*q8_1**2 - 22032*q2_0**2 + 20944*q4_0
11	1	[0,1]	8	637	1932612*a10_0*b4*q9_0 - 966306*a10_0*q10_0 - 3543122*a14_0*b3*q11_1 - 3543122*a14_0*b4*q11_0 - 1771561*a15_0*b4*q10_1 + 1771561*a15_0*q11_0 + 3513840*a1_0*b1*b4**2*q11_1*q7_1 + 7546770*a1_0*b1*b4*q11_1*q2_0 - 2635380*a1_0*b1*b4*q11_1*q7_1**2 - 5270760*a1_0*b1*b4*q11_1*q8_1 - 555390*a1_0*b1*b4*q2_0 - 2156220*a1_0*b1*q11_1*q2_0*q7_1 - 2715240*a1_0*b1*q11_1*q3_0 + 1756920*a1_0*b1*q11_1*q7_1*q8_1 + 1756920*a1_0*b1*q11_1*q9_1 + 246840*a1_0*b1*q3_0 - 1756920*a1_0*b2*b3*b4*q11_1*q7_1 + 1617165*a1_0*b2*b3*q11_1*q2_0 + 439230*a1_0*b2*b3*q11_1*q7_1**2 + 878460*a1_0*b2*b3*q11_1*q8_1 - 277695*a1_0*b2*b3*q2_0 + 539055*a1_0*b2*b4**2*q10_1*q2_0 - 439230*a1_0*b2*b4**2*q10_1*q7_1**2 - 878460*a1_0*b2*b4**2*q10_1*q8_1 + 1756920*a1_0*b2*b4**2*q11_0*q7_1 + 4312440*a1_0*b2*b4**2*q2_0*q7_1*q9_1 + 1597200*a1_0*b2*b4**2*q3_0*q9_1 - 3513840*a1_0*b2*b4**2*q7_1*q8_1*q9_1 - 3513840*a1_0*b2*b4**2*q9_1**2 + 5270760*a1_0*b2*b4*q10_1*q11_1*q3_0 - 4312440*a1_0*b2*b4*q10_1*q2_0*q7_1 - 1597200*a1_0*b2*b4*q10_1*q3_0 + 3513840*a1_0*b2*b4*q10_1*q7_1*q8_1 + 7027680*a1_0*b2*b4*q10_1*q9_1 + 11859210*a1_0*b2*b4*q11_0*q11_1*q2_0 + 1078110*a1_0*b2*b4*q11_0*q2_0 - 878460*a1_0*b2*b4*q11_0*q7_1**2 - 1756920*a1_0*b2*b4*q11_0*q8_1 + 5292540*a1_0*b2*b4*q11_1*q2_0**3*q7_1 + 14113440*a1_0*b2*b4*q11_1*q2_0**2*q3_0 - 11499840*a1_0*b2*b4*q11_1*q2_0*q3_0*q8_1 - 10062360*a1_0*b2*b4*q11_1*q2_0*q4_0*q7_1 - 8624880*a1_0*b2*b4*q11_1*q2_0*q5_0 - 5111040*a1_0*b2*b4*q11_1*q3_0**2*q7_1 - 8944320*a1_0*b2*b4*q11_1*q3_0*q4_0 + 5270760*a1_0*b2*b4*q11_1*q5_0*q8_1 + 4392300*a1_0*b2*b4*q11_1*q6_0*q7_1 + 3513840*a1_0*b2*b4*q11_1*q7_0 + 1764180*a1_0*b2*b4*q2_0**2*q9_1 - 2156220*a1_0*b2*b4*q2_0*q7_1**2*q9_1 - 4312440*a1_0*b2*b4*q2_0*q8_1*q9_1 - 3194400*a1_0*b2*b4*q3_0*q7_1*q9_1 - 1118040*a1_0*b2*b4*q4_0*q9_1 + 3513840*a1_0*b2*b4*q7_1*q9_1**2 + 1756920*a1_0*b2*b4*q8_1**2*q9_1 - 2635380*a1_0*b2*q10_1**2 - 1323135*a1_0*b2*q10_1*q2_0**2 + 1617165*a1_0*b2*q10_1*q2_0*q7_1**2 + 3234330*a1_0*b2*q10_1*q2_0*q8_1 + 2395800*a1_0*b2*q10_1*q3_0*q7_1 + 838530*a1_0*b2*q10_1*q4_0 - 2635380*a1_0*b2*q10_1*q7_1*q9_1 - 1317690*a1_0*b2*q10_1*q8_1**2 - 5270760*a1_0*b2*q11_0*q11_1*q3_0 + 3247695*a1_0*b2*q11_1*q2_0**4 - 3969405*a1_0*b2*q11_1*q2_0**3*q8_1 - 10585080*a1_0*b2*q11_1*q2_0**2*q3_0*q7_1 - 9261945*a1_0*b2*q11_1*q2_0**2*q4_0 - 9408960*a1_0*b2*q11_1*q2_0*q3_0**2 + 8624880*a1_0*b2*q11_1*q2_0*q3_0*q9_1 + 7546770*a1_0*b2*q11_1*q2_0*q4_0*q8_1 + 6468660*a1_0*b2*q11_1*q2_0*q5_0*q7_1 + 5390550*a1_0*b2*q11_1*q2_0*q6_0 + 3833280*a1_0*b2*q11_1*q3_0**2*q8_1 + 6708240*a1_0*b2*q11_1*q3_0*q4_0*q7_1 + 5749920*a1_0*b2*q11_1*q3_0*q5_0 + 2934855*a1_0*b2*q11_1*q4_0**2 - 3953070*a1_0*b2*q11_1*q5_0*q9_1 - 3294225*a1_0*b2*q11_1*q6_0*q8_1 - 2635380*a1_0*b2*q11_1*q7_0*q7_1 - 1976535*a1_0*b2*q11_1*q8_0 - 1756920*a1_0*b3*q10_0*q11_1*q3_0 + 1756920*a1_0*b3*q10_1*q9_0 + 3234330*a1_0*b3*q11_1*q2_0**2*q9_0 - 3074610*a1_0*b3*q11_1*q4_0*q9_0 + 882090*a1_0*b3*q2_0**2*q9_0 - 1078110*a1_0*b3*q2_0*q7_1**2*q9_0 - 2156220*a1_0*b3*q2_0*q8_1*q9_0 - 1597200*a1_0*b3*q3_0*q7_1*q9_0 - 559020*a1_0*b3*q4_0*q9_0 + 1756920*a1_0*b3*q7_1*q9_0*q9_1 + 878460*a1_0*b3*q8_1**2*q9_0 + 1617165*a1_0*b4*q10_0*q10_1*q2_0**2 - 1537305*a1_0*b4*q10_0*q10_1*q4_0 - 1756920*a1_0*b4*q10_0*q11_0*q3_0 + 1082565*a1_0*b4*q10_0*q2_0**4 - 1323135*a1_0*b4*q10_0*q2_0**3*q8_1 - 3528360*a1_0*b4*q10_0*q2_0**2*q3_0*q7_1 - 3087315*a1_0*b4*q10_0*q2_0**2*q4_0 - 3136320*a1_0*b4*q10_0*q2_0*q3_0**2 + 2874960*a1_0*b4*q10_0*q2_0*q3_0*q9_1 + 2515590*a1_0*b4*q10_0*q2_0*q4_0*q8_1 + 2156220*a1_0*b4*q10_0*q2_0*q5_0*q7_1 + 1796850*a1_0*b4*q10_0*q2_0*q6_0 + 1277760*a1_0*b4*q10_0*q3_0**2*q8_1 + 2236080*a1_0*b4*q10_0*q3_0*q4_0*q7_1 + 1916640*a1_0*b4*q10_0*q3_0*q5_0 + 978285*a1_0*b4*q10_0*q4_0**2 - 1317690*a1_0*b4*q10_0*q5_0*q9_1 - 1098075*a1_0*b4*q10_0*q6_0*q8_1 - 878460*a1_0*b4*q10_0*q7_0*q7_1 - 658845*a1_0*b4*q10_0*q8_0 + 5749920*a1_0*b4*q10_1*q2_0*q3_0*q9_0 - 2635380*a1_0*b4*q10_1*q5_0*q9_0 + 3234330*a1_0*b4*q11_0*q2_0**2*q9_0 - 3074610*a1_0*b4*q11_0*q4_0*q9_0 + 2165130*a1_0*b4*q2_0**4*q7_1*q9_0 + 7698240*a1_0*b4*q2_0**3*q3_0*q9_0 - 2646270*a1_0*b4*q2_0**3*q9_0*q9_1 - 7056720*a1_0*b4*q2_0**2*q3_0*q8_1*q9_0 - 6174630*a1_0*b4*q2_0**2*q4_0*q7_1*q9_0 - 5292540*a1_0*b4*q2_0**2*q5_0*q9_0 - 6272640*a1_0*b4*q2_0*q3_0**2*q7_1*q9_0 - 10977120*a1_0*b4*q2_0*q3_0*q4_0*q9_0 + 5031180*a1_0*b4*q2_0*q4_0*q9_0*q9_1 + 4312440*a1_0*b4*q2_0*q5_0*q8_1*q9_0 + 3593700*a1_0*b4*q2_0*q6_0*q7_1*q9_0 + 2874960*a1_0*b4*q2_0*q7_0*q9_0 - 1858560*a1_0*b4*q3_0**3*q9_0 + 2555520*a1_0*b4*q3_0**2*q9_0*q9_1 + 4472160*a1_0*b4*q3_0*q4_0*q8_1*q9_0 + 3833280*a1_0*b4*q3_0*q5_0*q7_1*q9_0 + 3194400*a1_0*b4*q3_0*q6_0*q9_0 + 1956570*a1_0*b4*q4_0**2*q7_1*q9_0 + 3354120*a1_0*b4*q4_0*q5_0*q9_0 - 2196150*a1_0*b4*q6_0*q9_0*q9_1 - 1756920*a1_0*b4*q7_0*q8_1*q9_0 - 1317690*a1_0*b4*q7_1*q8_0*q9_0 - 878460*a1_0*b4*q9_0**2 - 2874960*a1_0*q10_0*q10_1*q2_0*q3_0 + 1317690*a1_0*q10_0*q10_1*q5_0 - 1617165*a1_0*q10_0*q11_0*q2_0**2 + 1537305*a1_0*q10_0*q11_0*q4_0 - 1082565*a1_0*q10_0*q2_0**4*q7_1 - 3849120*a1_0*q10_0*q2_0**3*q3_0 + 1323135*a1_0*q10_0*q2_0**3*q9_1 + 3528360*a1_0*q10_0*q2_0**2*q3_0*q8_1 + 3087315*a1_0*q10_0*q2_0**2*q4_0*q7_1 + 2646270*a1_0*q10_0*q2_0**2*q5_0 + 3136320*a1_0*q10_0*q2_0*q3_0**2*q7_1 + 5488560*a1_0*q10_0*q2_0*q3_0*q4_0 - 2515590*a1_0*q10_0*q2_0*q4_0*q9_1 - 2156220*a1_0*q10_0*q2_0*q5_0*q8_1 - 1796850*a1_0*q10_0*q2_0*q6_0*q7_1 - 1437480*a1_0*q10_0*q2_0*q7_0 + 929280*a1_0*q10_0*q3_0**3 - 1277760*a1_0*q10_0*q3_0**2*q9_1 - 2236080*a1_0*q10_0*q3_0*q4_0*q8_1 - 1916640*a1_0*q10_0*q3_0*q5_0*q7_1 - 1597200*a1_0*q10_0*q3_0*q6_0 - 978285*a1_0*q10_0*q4_0**2*q7_1 - 1677060*a1_0*q10_0*q4_0*q5_0 + 1098075*a1_0*q10_0*q6_0*q9_1 + 878460*a1_0*q10_0*q7_0*q8_1 + 658845*a1_0*q10_0*q7_1*q8_0 + 439230*a1_0*q10_0*q9_0 + 1229844*a2_0*b1*b4**2*q11_1 - 3689532*a2_0*b1*b4*q11_1*q7_1 - 2683296*a2_0*b1*q11_1*q2_0 + 614922*a2_0*b1*q11_1*q7_1**2 + 1229844*a2_0*b1*q11_1*q8_1 + 259182*a2_0*b1*q2_0 - 614922*a2_0*b2*b3*b4*q11_1 + 614922*a2_0*b2*b3*q11_1*q7_1 - 614922*a2_0*b2*b4**2*q10_1*q7_1 + 614922*a2_0*b2*b4**2*q11_0 + 1341648*a2_0*b2*b4**2*q2_0*q9_1 - 1229844*a2_0*b2*b4**2*q7_1**2*q9_1 - 2459688*a2_0*b2*b4**2*q8_1*q9_1 + 5534298*a2_0*b2*b4*q10_1*q11_1*q2_0 - 1341648*a2_0*b2*b4*q10_1*q2_0 + 1229844*a2_0*b2*b4*q10_1*q7_1**2 + 2459688*a2_0*b2*b4*q10_1*q8_1 - 1229844*a2_0*b2*b4*q11_0*q7_1 + 4939704*a2_0*b2*b4*q11_1*q2_0**3 - 6037416*a2_0*b2*b4*q11_1*q2_0**2*q8_1 - 10733184*a2_0*b2*b4*q11_1*q2_0*q3_0*q7_1 - 9391536*a2_0*b2*b4*q11_1*q2_0*q4_0 - 4770304*a2_0*b2*b4*q11_1*q3_0**2 + 5739272*a2_0*b2*b4*q11_1*q4_0*q8_1 + 4919376*a2_0*b2*b4*q11_1*q5_0*q7_1 + 4099480*a2_0*b2*b4*q11_1*q6_0 - 2683296*a2_0*b2*b4*q2_0*q7_1*q9_1 - 894432*a2_0*b2*b4*q3_0*q9_1 + 2459688*a2_0*b2*b4*q7_1*q8_1*q9_1 + 2459688*a2_0*b2*b4*q9_1**2 + 2012472*a2_0*b2*q10_1*q2_0*q7_1 + 670824*a2_0*b2*q10_1*q3_0 - 1844766*a2_0*b2*q10_1*q7_1*q8_1 - 1844766*a2_0*b2*q10_1*q9_1 - 5534298*a2_0*b2*q11_0*q11_1*q2_0 - 3704778*a2_0*b2*q11_1*q2_0**3*q7_1 - 9879408*a2_0*b2*q11_1*q2_0**2*q3_0 + 4528062*a2_0*b2*q11_1*q2_0**2*q9_1 + 8049888*a2_0*b2*q11_1*q2_0*q3_0*q8_1 + 7043652*a2_0*b2*q11_1*q2_0*q4_0*q7_1 + 6037416*a2_0*b2*q11_1*q2_0*q5_0 + 3577728*a2_0*b2*q11_1*q3_0**2*q7_1 + 6261024*a2_0*b2*q11_1*q3_0*q4_0 - 4304454*a2_0*b2*q11_1*q4_0*q9_1 - 3689532*a2_0*b2*q11_1*q5_0*q8_1 - 3074610*a2_0*b2*q11_1*q6_0*q7_1 - 2459688*a2_0*b2*q11_1*q7_0 - 1844766*a2_0*b3*q10_0*q11_1*q2_0 - 3279584*a2_0*b3*q11_1*q3_0*q9_0 - 1341648*a2_0*b3*q2_0*q7_1*q9_0 - 447216*a2_0*b3*q3_0*q9_0 + 1229844*a2_0*b3*q7_1*q8_1*q9_0 + 1229844*a2_0*b3*q9_0*q9_1 - 1639792*a2_0*b4*q10_0*q10_1*q3_0 - 1844766*a2_0*b4*q10_0*q11_0*q2_0 - 1234926*a2_0*b4*q10_0*q2_0**3*q7_1 - 3293136*a2_0*b4*q10_0*q2_0**2*q3_0 + 1509354*a2_0*b4*q10_0*q2_0**2*q9_1 + 2683296*a2_0*b4*q10_0*q2_0*q3_0*q8_1 + 2347884*a2_0*b4*q10_0*q2_0*q4_0*q7_1 + 2012472*a2_0*b4*q10_0*q2_0*q5_0 + 1192576*a2_0*b4*q10_0*q3_0**2*q7_1 + 2087008*a2_0*b4*q10_0*q3_0*q4_0 - 1434818*a2_0*b4*q10_0*q4_0*q9_1 - 1229844*a2_0*b4*q10_0*q5_0*q8_1 - 1024870*a2_0*b4*q10_0*q6_0*q7_1 - 819896*a2_0*b4*q10_0*q7_0 + 3018708*a2_0*b4*q10_1*q2_0**2*q9_0 - 2869636*a2_0*b4*q10_1*q4_0*q9_0 - 3279584*a2_0*b4*q11_0*q3_0*q9_0 + 2020788*a2_0*b4*q2_0**4*q9_0 - 2469852*a2_0*b4*q2_0**3*q8_1*q9_0 - 6586272*a2_0*b4*q2_0**2*q3_0*q7_1*q9_0 - 5762988*a2_0*b4*q2_0**2*q4_0*q9_0 - 5854464*a2_0*b4*q2_0*q3_0**2*q9_0 + 5366592*a2_0*b4*q2_0*q3_0*q9_0*q9_1 + 4695768*a2_0*b4*q2_0*q4_0*q8_1*q9_0 + 4024944*a2_0*b4*q2_0*q5_0*q7_1*q9_0 + 3354120*a2_0*b4*q2_0*q6_0*q9_0 + 2385152*a2_0*b4*q3_0**2*q8_1*q9_0 + 4174016*a2_0*b4*q3_0*q4_0*q7_1*q9_0 + 3577728*a2_0*b4*q3_0*q5_0*q9_0 + 1826132*a2_0*b4*q4_0**2*q9_0 - 2459688*a2_0*b4*q5_0*q9_0*q9_1 - 2049740*a2_0*b4*q6_0*q8_1*q9_0 - 1639792*a2_0*b4*q7_0*q7_1*q9_0 - 1229844*a2_0*b4*q8_0*q9_0 - 1509354*a2_0*q10_0*q10_1*q2_0**2 + 1434818*a2_0*q10_0*q10_1*q4_0 + 1639792*a2_0*q10_0*q11_0*q3_0 - 1010394*a2_0*q10_0*q2_0**4 + 1234926*a2_0*q10_0*q2_0**3*q8_1 + 3293136*a2_0*q10_0*q2_0**2*q3_0*q7_1 + 2881494*a2_0*q10_0*q2_0**2*q4_0 + 2927232*a2_0*q10_0*q2_0*q3_0**2 - 2683296*a2_0*q10_0*q2_0*q3_0*q9_1 - 2347884*a2_0*q10_0*q2_0*q4_0*q8_1 - 2012472*a2_0*q10_0*q2_0*q5_0*q7_1 - 1677060*a2_0*q10_0*q2_0*q6_0 - 1192576*a2_0*q10_0*q3_0**2*q8_1 - 2087008*a2_0*q10_0*q3_0*q4_0*q7_1 - 1788864*a2_0*q10_0*q3_0*q5_0 - 913066*a2_0*q10_0*q4_0**2 + 1229844*a2_0*q10_0*q5_0*q9_1 + 1024870*a2_0*q10_0*q6_0*q8_1 + 819896*a2_0*q10_0*q7_0*q7_1 + 614922*a2_0*q10_0*q8_0 - 5709990*a3_0*b1*b4*q11_1 + 588302*a3_0*b1*b4 + 761332*a3_0*b1*q11_1*q7_1 - 2093663*a3_0*b2*b3*q11_1 + 294151*a3_0*b2*b3 - 190333*a3_0*b2*b4**2*q10_1 - 1522664*a3_0*b2*b4**2*q7_1*q9_1 + 1522664*a3_0*b2*b4*q10_1*q7_1 - 12561978*a3_0*b2*b4*q11_0*q11_1 - 380666*a3_0*b2*b4*q11_0 - 5606172*a3_0*b2*b4*q11_1*q2_0**2*q7_1 - 9966528*a3_0*b2*b4*q11_1*q2_0*q3_0 + 6090656*a3_0*b2*b4*q11_1*q3_0*q8_1 + 5329324*a3_0*b2*b4*q11_1*q4_0*q7_1 + 4567992*a3_0*b2*b4*q11_1*q5_0 - 622908*a3_0*b2*b4*q2_0*q9_1 + 761332*a3_0*b2*b4*q7_1**2*q9_1 + 1522664*a3_0*b2*b4*q8_1*q9_1 + 467181*a3_0*b2*q10_1*q2_0 - 570999*a3_0*b2*q10_1*q7_1**2 - 1141998*a3_0*b2*q10_1*q8_1 - 3440151*a3_0*b2*q11_1*q2_0**3 + 4204629*a3_0*b2*q11_1*q2_0**2*q8_1 + 7474896*a3_0*b2*q11_1*q2_0*q3_0*q7_1 + 6540534*a3_0*b2*q11_1*q2_0*q4_0 + 3322176*a3_0*b2*q11_1*q3_0**2 - 4567992*a3_0*b2*q11_1*q3_0*q9_1 - 3996993*a3_0*b2*q11_1*q4_0*q8_1 - 3425994*a3_0*b2*q11_1*q5_0*q7_1 - 2854995*a3_0*b2*q11_1*q6_0 - 3425994*a3_0*b3*q11_1*q2_0*q9_0 - 311454*a3_0*b3*q2_0*q9_0 + 380666*a3_0*b3*q7_1**2*q9_0 + 761332*a3_0*b3*q8_1*q9_0 - 1712997*a3_0*b4*q10_0*q10_1*q2_0 - 1146717*a3_0*b4*q10_0*q2_0**3 + 1401543*a3_0*b4*q10_0*q2_0**2*q8_1 + 2491632*a3_0*b4*q10_0*q2_0*q3_0*q7_1 + 2180178*a3_0*b4*q10_0*q2_0*q4_0 + 1107392*a3_0*b4*q10_0*q3_0**2 - 1522664*a3_0*b4*q10_0*q3_0*q9_1 - 1332331*a3_0*b4*q10_0*q4_0*q8_1 - 1141998*a3_0*b4*q10_0*q5_0*q7_1 - 951665*a3_0*b4*q10_0*q6_0 - 3045328*a3_0*b4*q10_1*q3_0*q9_0 - 3425994*a3_0*b4*q11_0*q2_0*q9_0 - 2293434*a3_0*b4*q2_0**3*q7_1*q9_0 - 6115824*a3_0*b4*q2_0**2*q3_0*q9_0 + 2803086*a3_0*b4*q2_0**2*q9_0*q9_1 + 4983264*a3_0*b4*q2_0*q3_0*q8_1*q9_0 + 4360356*a3_0*b4*q2_0*q4_0*q7_1*q9_0 + 3737448*a3_0*b4*q2_0*q5_0*q9_0 + 2214784*a3_0*b4*q3_0**2*q7_1*q9_0 + 3875872*a3_0*b4*q3_0*q4_0*q9_0 - 2664662*a3_0*b4*q4_0*q9_0*q9_1 - 2283996*a3_0*b4*q5_0*q8_1*q9_0 - 1903330*a3_0*b4*q6_0*q7_1*q9_0 - 1522664*a3_0*b4*q7_0*q9_0 + 1522664*a3_0*q10_0*q10_1*q3_0 + 1712997*a3_0*q10_0*q11_0*q2_0 + 1146717*a3_0*q10_0*q2_0**3*q7_1 + 3057912*a3_0*q10_0*q2_0**2*q3_0 - 1401543*a3_0*q10_0*q2_0**2*q9_1 - 2491632*a3_0*q10_0*q2_0*q3_0*q8_1 - 2180178*a3_0*q10_0*q2_0*q4_0*q7_1 - 1868724*a3_0*q10_0*q2_0*q5_0 - 1107392*a3_0*q10_0*q3_0**2*q7_1 - 1937936*a3_0*q10_0*q3_0*q4_0 + 1332331*a3_0*q10_0*q4_0*q9_1 + 1141998*a3_0*q10_0*q5_0*q8_1 + 951665*a3_0*q10_0*q6_0*q7_1 + 761332*a3_0*q10_0*q7_0 + 2283996*a4_0*b1*q11_1 - 271524*a4_0*b1 - 351384*a4_0*b2*b4**2*q9_1 - 5797836*a4_0*b2*b4*q10_1*q11_1 + 351384*a4_0*b2*b4*q10_1 - 5174928*a4_0*b2*b4*q11_1*q2_0**2 + 6324912*a4_0*b2*b4*q11_1*q2_0*q8_1 + 5622144*a4_0*b2*b4*q11_1*q3_0*q7_1 + 4919376*a4_0*b2*b4*q11_1*q4_0 + 702768*a4_0*b2*b4*q7_1*q9_1 - 527076*a4_0*b2*q10_1*q7_1 + 5797836*a4_0*b2*q11_0*q11_1 + 3881196*a4_0*b2*q11_1*q2_0**2*q7_1 + 6899904*a4_0*b2*q11_1*q2_0*q3_0 - 4743684*a4_0*b2*q11_1*q2_0*q9_1 - 4216608*a4_0*b2*q11_1*q3_0*q8_1 - 3689532*a4_0*b2*q11_1*q4_0*q7_1 - 3162456*a4_0*b2*q11_1*q5_0 + 1932612*a4_0*b3*q10_0*q11_1 + 351384*a4_0*b3*q7_1*q9_0 + 1932612*a4_0*b4*q10_0*q11_0 + 1293732*a4_0*b4*q10_0*q2_0**2*q7_1 + 2299968*a4_0*b4*q10_0*q2_0*q3_0 - 1581228*a4_0*b4*q10_0*q2_0*q9_1 - 1405536*a4_0*b4*q10_0*q3_0*q8_1 - 1229844*a4_0*b4*q10_0*q4_0*q7_1 - 1054152*a4_0*b4*q10_0*q5_0 - 3162456*a4_0*b4*q10_1*q2_0*q9_0 - 2117016*a4_0*b4*q2_0**3*q9_0 + 2587464*a4_0*b4*q2_0**2*q8_1*q9_0 + 4599936*a4_0*b4*q2_0*q3_0*q7_1*q9_0 + 4024944*a4_0*b4*q2_0*q4_0*q9_0 + 2044416*a4_0*b4*q3_0**2*q9_0 - 2811072*a4_0*b4*q3_0*q9_0*q9_1 - 2459688*a4_0*b4*q4_0*q8_1*q9_0 - 2108304*a4_0*b4*q5_0*q7_1*q9_0 - 1756920*a4_0*b4*q6_0*q9_0 + 1581228*a4_0*q10_0*q10_1*q2_0 + 1058508*a4_0*q10_0*q2_0**3 - 1293732*a4_0*q10_0*q2_0**2*q8_1 - 2299968*a4_0*q10_0*q2_0*q3_0*q7_1 - 2012472*a4_0*q10_0*q2_0*q4_0 - 1022208*a4_0*q10_0*q3_0**2 + 1405536*a4_0*q10_0*q3_0*q9_1 + 1229844*a4_0*q10_0*q4_0*q8_1 + 1054152*a4_0*q10_0*q5_0*q7_1 + 878460*a4_0*q10_0*q6_0 + 5270760*a6_0*b2*b4*q11_1*q2_0 - 6442040*a6_0*b2*b4*q11_1*q8_1 - 3953070*a6_0*b2*q11_1*q2_0*q7_1 - 3513840*a6_0*b2*q11_1*q3_0 + 4831530*a6_0*b2*q11_1*q9_1 - 1317690*a6_0*b4*q10_0*q2_0*q7_1 - 1171280*a6_0*b4*q10_0*q3_0 + 1610510*a6_0*b4*q10_0*q9_1 + 3221020*a6_0*b4*q10_1*q9_0 + 2156220*a6_0*b4*q2_0**2*q9_0 - 2635380*a6_0*b4*q2_0*q8_1*q9_0 - 2342560*a6_0*b4*q3_0*q7_1*q9_0 - 2049740*a6_0*b4*q4_0*q9_0 - 1610510*a6_0*q10_0*q10_1 - 1078110*a6_0*q10_0*q2_0**2 + 1317690*a6_0*q10_0*q2_0*q8_1 + 1171280*a6_0*q10_0*q3_0*q7_1 + 1024870*a6_0*q10_0*q4_0 - 5797836*a7_0*b2*b4*q11_1*q7_1 - 3557763*a7_0*b2*q11_1*q2_0 + 4348377*a7_0*b2*q11_1*q8_1 - 1185921*a7_0*b4*q10_0*q2_0 + 1449459*a7_0*b4*q10_0*q8_1 - 2371842*a7_0*b4*q2_0*q7_1*q9_0 - 2108304*a7_0*b4*q3_0*q9_0 + 2898918*a7_0*b4*q9_0*q9_1 + 1185921*a7_0*q10_0*q2_0*q7_1 + 1054152*a7_0*q10_0*q3_0 - 1449459*a7_0*q10_0*q9_1 - 5153632*a8_0*b2*b4*q11_1 + 3865224*a8_0*b2*q11_1*q7_1 + 1288408*a8_0*b4*q10_0*q7_1 - 2108304*a8_0*b4*q2_0*q9_0 + 2576816*a8_0*b4*q8_1*q9_0 + 1054152*a8_0*q10_0*q2_0 - 1288408*a8_0*q10_0*q8_1 + 3382071*a9_0*b2*q11_1 + 1127357*a9_0*b4*q10_0 + 2254714*a9_0*b4*q7_1*q9_0 - 1127357*a9_0*q10_0*q7_1 - 3066624*b1*b4**2*q11_1*q2_0 + 2342560*b1*b4**2*q11_1*q7_1**2 + 4685120*b1*b4**2*q11_1*q8_1 + 9199872*b1*b4*q11_1*q2_0*q7_1 + 7666560*b1*b4*q11_1*q3_0 - 7027680*b1*b4*q11_1*q7_1*q8_1 - 526592*b1*b4*q3_0 - 638880*b1*b4*q9_1 - 3513840*b1*q10_1*q11_1 + 532400*b1*q10_1 + 3293136*b1*q11_1*q2_0**2 - 1533312*b1*q11_1*q2_0*q7_1**2 - 3066624*b1*q11_1*q2_0*q8_1 - 2385152*b1*q11_1*q3_0*q7_1 - 2683296*b1*q11_1*q4_0 + 2342560*b1*q11_1*q7_1*q9_1 + 1171280*b1*q11_1*q8_1**2 - 242352*b1*q2_0**2 + 230384*b1*q4_0 + 1533312*b2*b3*b4*q11_1*q2_0 - 1171280*b2*b3*b4*q11_1*q7_1**2 - 2342560*b2*b3*b4*q11_1*q8_1 - 1533312*b2*b3*q11_1*q2_0*q7_1 + 1448128*b2*b3*q11_1*q3_0 + 1171280*b2*b3*q11_1*q7_1*q8_1 - 1171280*b2*b3*q11_1*q9_1 - 263296*b2*b3*q3_0 + 212960*b2*b3*q9_1 + 1533312*b2*b4**2*q10_1*q2_0*q7_1 + 596288*b2*b4**2*q10_1*q3_0 - 1171280*b2*b4**2*q10_1*q7_1*q8_1 - 5856400*b2*b4**2*q10_1*q9_1 - 1533312*b2*b4**2*q11_0*q2_0 + 1171280*b2*b4**2*q11_0*q7_1**2 + 2342560*b2*b4**2*q11_0*q8_1 - 2822688*b2*b4**2*q2_0**2*q9_1 + 3066624*b2*b4**2*q2_0*q7_1**2*q9_1 + 6133248*b2*b4**2*q2_0*q8_1*q9_1 + 4770304*b2*b4**2*q3_0*q7_1*q9_1 + 1788864*b2*b4**2*q4_0*q9_1 - 4685120*b2*b4**2*q7_1*q9_1**2 - 2342560*b2*b4**2*q8_1**2*q9_1 + 4685120*b2*b4*q10_1**2 - 5174928*b2*b4*q10_1*q11_1*q2_0**2 + 4919376*b2*b4*q10_1*q11_1*q4_0 + 2822688*b2*b4*q10_1*q2_0**2 - 3066624*b2*b4*q10_1*q2_0*q7_1**2 - 6133248*b2*b4*q10_1*q2_0*q8_1 - 4770304*b2*b4*q10_1*q3_0*q7_1 - 1788864*b2*b4*q10_1*q4_0 + 9370240*b2*b4*q10_1*q7_1*q9_1 + 2342560*b2*b4*q10_1*q8_1**2 + 11244288*b2*b4*q11_0*q11_1*q3_0 + 3066624*b2*b4*q11_0*q2_0*q7_1 + 1192576*b2*b4*q11_0*q3_0 - 2342560*b2*b4*q11_0*q7_1*q8_1 + 2342560*b2*b4*q11_0*q9_1 - 4618944*b2*b4*q11_1*q2_0**4 + 5645376*b2*b4*q11_1*q2_0**3*q8_1 + 15054336*b2*b4*q11_1*q2_0**2*q3_0*q7_1 + 13172544*b2*b4*q11_1*q2_0**2*q4_0 + 13381632*b2*b4*q11_1*q2_0*q3_0**2 - 10733184*b2*b4*q11_1*q2_0*q4_0*q8_1 - 9199872*b2*b4*q11_1*q2_0*q5_0*q7_1 - 7666560*b2*b4*q11_1*q2_0*q6_0 - 5451776*b2*b4*q11_1*q3_0**2*q8_1 - 9540608*b2*b4*q11_1*q3_0*q4_0*q7_1 - 8177664*b2*b4*q11_1*q3_0*q5_0 - 4174016*b2*b4*q11_1*q4_0**2 + 4685120*b2*b4*q11_1*q6_0*q8_1 + 3748096*b2*b4*q11_1*q7_0*q7_1 + 2811072*b2*b4*q11_1*q8_0 + 5645376*b2*b4*q2_0**2*q7_1*q9_1 + 4181760*b2*b4*q2_0*q3_0*q9_1 - 6133248*b2*b4*q2_0*q7_1*q8_1*q9_1 - 6133248*b2*b4*q2_0*q9_1**2 - 2385152*b2*b4*q3_0*q7_1**2*q9_1 - 4770304*b2*b4*q3_0*q8_1*q9_1 - 3577728*b2*b4*q4_0*q7_1*q9_1 - 1277760*b2*b4*q5_0*q9_1 + 4685120*b2*b4*q8_1*q9_1**2 - 3513840*b2*q10_1**2*q7_1 - 3513840*b2*q10_1*q11_0 - 4234032*b2*q10_1*q2_0**2*q7_1 - 3136320*b2*q10_1*q2_0*q3_0 + 4599936*b2*q10_1*q2_0*q7_1*q8_1 + 4599936*b2*q10_1*q2_0*q9_1 + 1788864*b2*q10_1*q3_0*q7_1**2 + 3577728*b2*q10_1*q3_0*q8_1 + 2683296*b2*q10_1*q4_0*q7_1 + 958320*b2*q10_1*q5_0 - 3513840*b2*q10_1*q8_1*q9_1 + 5174928*b2*q11_0*q11_1*q2_0**2 - 4919376*b2*q11_0*q11_1*q4_0 + 3464208*b2*q11_1*q2_0**4*q7_1 + 12317184*b2*q11_1*q2_0**3*q3_0 - 4234032*b2*q11_1*q2_0**3*q9_1 - 11290752*b2*q11_1*q2_0**2*q3_0*q8_1 - 9879408*b2*q11_1*q2_0**2*q4_0*q7_1 - 8468064*b2*q11_1*q2_0**2*q5_0 - 10036224*b2*q11_1*q2_0*q3_0**2*q7_1 - 17563392*b2*q11_1*q2_0*q3_0*q4_0 + 8049888*b2*q11_1*q2_0*q4_0*q9_1 + 6899904*b2*q11_1*q2_0*q5_0*q8_1 + 5749920*b2*q11_1*q2_0*q6_0*q7_1 + 4599936*b2*q11_1*q2_0*q7_0 - 2973696*b2*q11_1*q3_0**3 + 4088832*b2*q11_1*q3_0**2*q9_1 + 7155456*b2*q11_1*q3_0*q4_0*q8_1 + 6133248*b2*q11_1*q3_0*q5_0*q7_1 + 5111040*b2*q11_1*q3_0*q6_0 + 3130512*b2*q11_1*q4_0**2*q7_1 + 5366592*b2*q11_1*q4_0*q5_0 - 3513840*b2*q11_1*q6_0*q9_1 - 2811072*b2*q11_1*q7_0*q8_1 - 2108304*b2*q11_1*q7_1*q8_0 - 6090656*b2*q11_1*q9_0 + 425920*b2*q9_0 + 1724976*b3*q10_0*q11_1*q2_0**2 - 1639792*b3*q10_0*q11_1*q4_0 + 2342560*b3*q10_1*q7_1*q9_0 + 2342560*b3*q11_0*q9_0 + 6133248*b3*q11_1*q2_0*q3_0*q9_0 - 2811072*b3*q11_1*q5_0*q9_0 + 2822688*b3*q2_0**2*q7_1*q9_0 + 2090880*b3*q2_0*q3_0*q9_0 - 3066624*b3*q2_0*q7_1*q8_1*q9_0 - 3066624*b3*q2_0*q9_0*q9_1 - 1192576*b3*q3_0*q7_1**2*q9_0 - 2385152*b3*q3_0*q8_1*q9_0 - 1788864*b3*q4_0*q7_1*q9_0 - 638880*b3*q5_0*q9_0 + 2342560*b3*q8_1*q9_0*q9_1 + 3066624*b4*q10_0*q10_1*q2_0*q3_0 - 1405536*b4*q10_0*q10_1*q5_0 + 1724976*b4*q10_0*q11_0*q2_0**2 - 1639792*b4*q10_0*q11_0*q4_0 + 1154736*b4*q10_0*q2_0**4*q7_1 + 4105728*b4*q10_0*q2_0**3*q3_0 - 1411344*b4*q10_0*q2_0**3*q9_1 - 3763584*b4*q10_0*q2_0**2*q3_0*q8_1 - 3293136*b4*q10_0*q2_0**2*q4_0*q7_1 - 2822688*b4*q10_0*q2_0**2*q5_0 - 3345408*b4*q10_0*q2_0*q3_0**2*q7_1 - 5854464*b4*q10_0*q2_0*q3_0*q4_0 + 2683296*b4*q10_0*q2_0*q4_0*q9_1 + 2299968*b4*q10_0*q2_0*q5_0*q8_1 + 1916640*b4*q10_0*q2_0*q6_0*q7_1 + 1533312*b4*q10_0*q2_0*q7_0 - 991232*b4*q10_0*q3_0**3 + 1362944*b4*q10_0*q3_0**2*q9_1 + 2385152*b4*q10_0*q3_0*q4_0*q8_1 + 2044416*b4*q10_0*q3_0*q5_0*q7_1 + 1703680*b4*q10_0*q3_0*q6_0 + 1043504*b4*q10_0*q4_0**2*q7_1 + 1788864*b4*q10_0*q4_0*q5_0 - 1171280*b4*q10_0*q6_0*q9_1 - 937024*b4*q10_0*q7_0*q8_1 - 702768*b4*q10_0*q7_1*q8_0 - 937024*b4*q10_0*q9_0 - 2822688*b4*q10_1*q2_0**3*q9_0 + 5366592*b4*q10_1*q2_0*q4_0*q9_0 + 2725888*b4*q10_1*q3_0**2*q9_0 - 2342560*b4*q10_1*q6_0*q9_0 + 6133248*b4*q11_0*q2_0*q3_0*q9_0 - 2811072*b4*q11_0*q5_0*q9_0 - 1889568*b4*q2_0**5*q9_0 + 2309472*b4*q2_0**4*q8_1*q9_0 + 8211456*b4*q2_0**3*q3_0*q7_1*q9_0 + 7185024*b4*q2_0**3*q4_0*q9_0 + 10948608*b4*q2_0**2*q3_0**2*q9_0 - 7527168*b4*q2_0**2*q3_0*q9_0*q9_1 - 6586272*b4*q2_0**2*q4_0*q8_1*q9_0 - 5645376*b4*q2_0**2*q5_0*q7_1*q9_0 - 4704480*b4*q2_0**2*q6_0*q9_0 - 6690816*b4*q2_0*q3_0**2*q8_1*q9_0 - 11708928*b4*q2_0*q3_0*q4_0*q7_1*q9_0 - 10036224*b4*q2_0*q3_0*q5_0*q9_0 - 5122656*b4*q2_0*q4_0**2*q9_0 + 4599936*b4*q2_0*q5_0*q9_0*q9_1 + 3833280*b4*q2_0*q6_0*q8_1*q9_0 + 3066624*b4*q2_0*q7_0*q7_1*q9_0 + 2299968*b4*q2_0*q8_0*q9_0 - 1982464*b4*q3_0**3*q7_1*q9_0 - 5203968*b4*q3_0**2*q4_0*q9_0 + 4770304*b4*q3_0*q4_0*q9_0*q9_1 + 4088832*b4*q3_0*q5_0*q8_1*q9_0 + 3407360*b4*q3_0*q6_0*q7_1*q9_0 + 2725888*b4*q3_0*q7_0*q9_0 + 2087008*b4*q4_0**2*q8_1*q9_0 + 3577728*b4*q4_0*q5_0*q7_1*q9_0 + 2981440*b4*q4_0*q6_0*q9_0 + 1533312*b4*q5_0**2*q9_0 - 1874048*b4*q7_0*q9_0*q9_1 - 937024*b4*q7_1*q9_0**2 - 1405536*b4*q8_0*q8_1*q9_0 + 234256*q10_0**2 + 1411344*q10_0*q10_1*q2_0**3 - 2683296*q10_0*q10_1*q2_0*q4_0 - 1362944*q10_0*q10_1*q3_0**2 + 1171280*q10_0*q10_1*q6_0 - 3066624*q10_0*q11_0*q2_0*q3_0 + 1405536*q10_0*q11_0*q5_0 + 944784*q10_0*q2_0**5 - 1154736*q10_0*q2_0**4*q8_1 - 4105728*q10_0*q2_0**3*q3_0*q7_1 - 3592512*q10_0*q2_0**3*q4_0 - 5474304*q10_0*q2_0**2*q3_0**2 + 3763584*q10_0*q2_0**2*q3_0*q9_1 + 3293136*q10_0*q2_0**2*q4_0*q8_1 + 2822688*q10_0*q2_0**2*q5_0*q7_1 + 2352240*q10_0*q2_0**2*q6_0 + 3345408*q10_0*q2_0*q3_0**2*q8_1 + 5854464*q10_0*q2_0*q3_0*q4_0*q7_1 + 5018112*q10_0*q2_0*q3_0*q5_0 + 2561328*q10_0*q2_0*q4_0**2 - 2299968*q10_0*q2_0*q5_0*q9_1 - 1916640*q10_0*q2_0*q6_0*q8_1 - 1533312*q10_0*q2_0*q7_0*q7_1 - 1149984*q10_0*q2_0*q8_0 + 991232*q10_0*q3_0**3*q7_1 + 2601984*q10_0*q3_0**2*q4_0 - 2385152*q10_0*q3_0*q4_0*q9_1 - 2044416*q10_0*q3_0*q5_0*q8_1 - 1703680*q10_0*q3_0*q6_0*q7_1 - 1362944*q10_0*q3_0*q7_0 - 1043504*q10_0*q4_0**2*q8_1 - 1788864*q10_0*q4_0*q5_0*q7_1 - 1490720*q10_0*q4_0*q6_0 - 766656*q10_0*q5_0**2 + 937024*q10_0*q7_0*q9_1 + 468512*q10_0*q7_1*q9_0 + 702768*q10_0*q8_0*q8_1
12	1	[0,0]	9	729	1932612*a10_0*b4**2*q9_1 - 1932612*a10_0*b4*q10_1 + 7086244*a14_0*b4*q11_1 - 3543122*a15_0*q11_1 - 3513840*a1_0*b2*b4**2*q11_1*q7_1 - 7546770*a1_0*b2*b4*q11_1*q2_0 + 2635380*a1_0*b2*b4*q11_1*q7_1**2 + 5270760*a1_0*b2*b4*q11_1*q8_1 + 555390*a1_0*b2*b4*q2_0 + 2156220*a1_0*b2*q11_1*q2_0*q7_1 + 2715240*a1_0*b2*q11_1*q3_0 - 1756920*a1_0*b2*q11_1*q7_1*q8_1 - 1756920*a1_0*b2*q11_1*q9_1 - 246840*a1_0*b2*q3_0 + 1756920*a1_0*b3**2*b4*q11_1*q7_1 + 539055*a1_0*b3**2*q11_1*q2_0 - 439230*a1_0*b3**2*q11_1*q7_1**2 - 878460*a1_0*b3**2*q11_1*q8_1 - 539055*a1_0*b3*b4**2*q10_1*q2_0 + 439230*a1_0*b3*b4**2*q10_1*q7_1**2 + 878460*a1_0*b3*b4**2*q10_1*q8_1 - 1756920*a1_0*b3*b4**2*q11_0*q7_1 - 4312440*a1_0*b3*b4**2*q2_0*q7_1*q9_1 - 1597200*a1_0*b3*b4**2*q3_0*q9_1 + 3513840*a1_0*b3*b4**2*q7_1*q8_1*q9_1 + 3513840*a1_0*b3*b4**2*q9_1**2 - 1756920*a1_0*b3*b4*q10_1*q11_1*q3_0 + 4312440*a1_0*b3*b4*q10_1*q2_0*q7_1 + 1597200*a1_0*b3*b4*q10_1*q3_0 - 3513840*a1_0*b3*b4*q10_1*q7_1*q8_1 - 5270760*a1_0*b3*b4*q10_1*q9_1 - 3953070*a1_0*b3*b4*q11_0*q11_1*q2_0 - 1078110*a1_0*b3*b4*q11_0*q2_0 + 878460*a1_0*b3*b4*q11_0*q7_1**2 + 1756920*a1_0*b3*b4*q11_0*q8_1 - 2646270*a1_0*b3*b4*q11_1*q2_0**3*q7_1 - 7056720*a1_0*b3*b4*q11_1*q2_0**2*q3_0 + 5749920*a1_0*b3*b4*q11_1*q2_0*q3_0*q8_1 + 5031180*a1_0*b3*b4*q11_1*q2_0*q4_0*q7_1 + 4312440*a1_0*b3*b4*q11_1*q2_0*q5_0 + 2555520*a1_0*b3*b4*q11_1*q3_0**2*q7_1 + 4472160*a1_0*b3*b4*q11_1*q3_0*q4_0 - 2635380*a1_0*b3*b4*q11_1*q5_0*q8_1 - 2196150*a1_0*b3*b4*q11_1*q6_0*q7_1 - 1756920*a1_0*b3*b4*q11_1*q7_0 - 882090*a1_0*b3*b4*q2_0**2*q9_1 + 1078110*a1_0*b3*b4*q2_0*q7_1**2*q9_1 + 2156220*a1_0*b3*b4*q2_0*q8_1*q9_1 + 1597200*a1_0*b3*b4*q3_0*q7_1*q9_1 + 559020*a1_0*b3*b4*q4_0*q9_1 - 1756920*a1_0*b3*b4*q7_1*q9_1**2 - 878460*a1_0*b3*b4*q8_1**2*q9_1 + 878460*a1_0*b3*q10_1**2 + 441045*a1_0*b3*q10_1*q2_0**2 - 539055*a1_0*b3*q10_1*q2_0*q7_1**2 - 1078110*a1_0*b3*q10_1*q2_0*q8_1 - 798600*a1_0*b3*q10_1*q3_0*q7_1 - 279510*a1_0*b3*q10_1*q4_0 + 878460*a1_0*b3*q10_1*q7_1*q9_1 + 439230*a1_0*b3*q10_1*q8_1**2 + 1756920*a1_0*b3*q11_0*q11_1*q3_0 - 1082565*a1_0*b3*q11_1*q2_0**4 + 1323135*a1_0*b3*q11_1*q2_0**3*q8_1 + 3528360*a1_0*b3*q11_1*q2_0**2*q3_0*q7_1 + 3087315*a1_0*b3*q11_1*q2_0**2*q4_0 + 3136320*a1_0*b3*q11_1*q2_0*q3_0**2 - 2874960*a1_0*b3*q11_1*q2_0*q3_0*q9_1 - 2515590*a1_0*b3*q11_1*q2_0*q4_0*q8_1 - 2156220*a1_0*b3*q11_1*q2_0*q5_0*q7_1 - 1796850*a1_0*b3*q11_1*q2_0*q6_0 - 1277760*a1_0*b3*q11_1*q3_0**2*q8_1 - 2236080*a1_0*b3*q11_1*q3_0*q4_0*q7_1 - 1916640*a1_0*b3*q11_1*q3_0*q5_0 - 978285*a1_0*b3*q11_1*q4_0**2 + 1317690*a1_0*b3*q11_1*q5_0*q9_1 + 1098075*a1_0*b3*q11_1*q6_0*q8_1 + 878460*a1_0*b3*q11_1*q7_0*q7_1 + 658845*a1_0*b3*q11_1*q8_0 - 1078110*a1_0*b4**2*q10_0*q2_0 + 878460*a1_0*b4**2*q10_0*q7_1**2 + 1756920*a1_0*b4**2*q10_0*q8_1 + 3513840*a1_0*b4**2*q10_1*q11_0*q3_0 + 5749920*a1_0*b4**2*q10_1*q2_0*q3_0*q9_1 - 2635380*a1_0*b4**2*q10_1*q5_0*q9_1 + 3953070*a1_0*b4**2*q11_0**2*q2_0 + 2646270*a1_0*b4**2*q11_0*q2_0**3*q7_1 + 7056720*a1_0*b4**2*q11_0*q2_0**2*q3_0 - 5749920*a1_0*b4**2*q11_0*q2_0*q3_0*q8_1 - 5031180*a1_0*b4**2*q11_0*q2_0*q4_0*q7_1 - 4312440*a1_0*b4**2*q11_0*q2_0*q5_0 - 2555520*a1_0*b4**2*q11_0*q3_0**2*q7_1 - 4472160*a1_0*b4**2*q11_0*q3_0*q4_0 + 2635380*a1_0*b4**2*q11_0*q5_0*q8_1 + 2196150*a1_0*b4**2*q11_0*q6_0*q7_1 + 1756920*a1_0*b4**2*q11_0*q7_0 + 2165130*a1_0*b4**2*q2_0**4*q7_1*q9_1 + 7698240*a1_0*b4**2*q2_0**3*q3_0*q9_1 - 2646270*a1_0*b4**2*q2_0**3*q9_1**2 - 7056720*a1_0*b4**2*q2_0**2*q3_0*q8_1*q9_1 - 6174630*a1_0*b4**2*q2_0**2*q4_0*q7_1*q9_1 - 5292540*a1_0*b4**2*q2_0**2*q5_0*q9_1 - 6272640*a1_0*b4**2*q2_0*q3_0**2*q7_1*q9_1 - 10977120*a1_0*b4**2*q2_0*q3_0*q4_0*q9_1 + 5031180*a1_0*b4**2*q2_0*q4_0*q9_1**2 + 4312440*a1_0*b4**2*q2_0*q5_0*q8_1*q9_1 + 3593700*a1_0*b4**2*q2_0*q6_0*q7_1*q9_1 + 2874960*a1_0*b4**2*q2_0*q7_0*q9_1 - 4312440*a1_0*b4**2*q2_0*q7_1*q9_0 - 1858560*a1_0*b4**2*q3_0**3*q9_1 + 2555520*a1_0*b4**2*q3_0**2*q9_1**2 + 4472160*a1_0*b4**2*q3_0*q4_0*q8_1*q9_1 + 3833280*a1_0*b4**2*q3_0*q5_0*q7_1*q9_1 + 3194400*a1_0*b4**2*q3_0*q6_0*q9_1 - 1597200*a1_0*b4**2*q3_0*q9_0 + 1956570*a1_0*b4**2*q4_0**2*q7_1*q9_1 + 3354120*a1_0*b4**2*q4_0*q5_0*q9_1 - 2196150*a1_0*b4**2*q6_0*q9_1**2 - 1756920*a1_0*b4**2*q7_0*q8_1*q9_1 - 1317690*a1_0*b4**2*q7_1*q8_0*q9_1 + 3513840*a1_0*b4**2*q7_1*q8_1*q9_0 + 2635380*a1_0*b4**2*q9_0*q9_1 + 3513840*a1_0*b4*q10_0*q11_1*q3_0 + 4312440*a1_0*b4*q10_0*q2_0*q7_1 + 1597200*a1_0*b4*q10_0*q3_0 - 3513840*a1_0*b4*q10_0*q7_1*q8_1 - 3513840*a1_0*b4*q10_0*q9_1 - 5749920*a1_0*b4*q10_1**2*q2_0*q3_0 + 2635380*a1_0*b4*q10_1**2*q5_0 - 2165130*a1_0*b4*q10_1*q2_0**4*q7_1 - 7698240*a1_0*b4*q10_1*q2_0**3*q3_0 + 2646270*a1_0*b4*q10_1*q2_0**3*q9_1 + 7056720*a1_0*b4*q10_1*q2_0**2*q3_0*q8_1 + 6174630*a1_0*b4*q10_1*q2_0**2*q4_0*q7_1 + 5292540*a1_0*b4*q10_1*q2_0**2*q5_0 + 6272640*a1_0*b4*q10_1*q2_0*q3_0**2*q7_1 + 10977120*a1_0*b4*q10_1*q2_0*q3_0*q4_0 - 5031180*a1_0*b4*q10_1*q2_0*q4_0*q9_1 - 4312440*a1_0*b4*q10_1*q2_0*q5_0*q8_1 - 3593700*a1_0*b4*q10_1*q2_0*q6_0*q7_1 - 2874960*a1_0*b4*q10_1*q2_0*q7_0 + 1858560*a1_0*b4*q10_1*q3_0**3 - 2555520*a1_0*b4*q10_1*q3_0**2*q9_1 - 4472160*a1_0*b4*q10_1*q3_0*q4_0*q8_1 - 3833280*a1_0*b4*q10_1*q3_0*q5_0*q7_1 - 3194400*a1_0*b4*q10_1*q3_0*q6_0 - 1956570*a1_0*b4*q10_1*q4_0**2*q7_1 - 3354120*a1_0*b4*q10_1*q4_0*q5_0 + 2196150*a1_0*b4*q10_1*q6_0*q9_1 + 1756920*a1_0*b4*q10_1*q7_0*q8_1 + 1317690*a1_0*b4*q10_1*q7_1*q8_0 - 2635380*a1_0*b4*q10_1*q9_0 - 3513840*a1_0*b4*q11_0**2*q3_0 + 2165130*a1_0*b4*q11_0*q2_0**4 - 2646270*a1_0*b4*q11_0*q2_0**3*q8_1 - 7056720*a1_0*b4*q11_0*q2_0**2*q3_0*q7_1 - 6174630*a1_0*b4*q11_0*q2_0**2*q4_0 - 6272640*a1_0*b4*q11_0*q2_0*q3_0**2 + 5749920*a1_0*b4*q11_0*q2_0*q3_0*q9_1 + 5031180*a1_0*b4*q11_0*q2_0*q4_0*q8_1 + 4312440*a1_0*b4*q11_0*q2_0*q5_0*q7_1 + 3593700*a1_0*b4*q11_0*q2_0*q6_0 + 2555520*a1_0*b4*q11_0*q3_0**2*q8_1 + 4472160*a1_0*b4*q11_0*q3_0*q4_0*q7_1 + 3833280*a1_0*b4*q11_0*q3_0*q5_0 + 1956570*a1_0*b4*q11_0*q4_0**2 - 2635380*a1_0*b4*q11_0*q5_0*q9_1 - 2196150*a1_0*b4*q11_0*q6_0*q8_1 - 1756920*a1_0*b4*q11_0*q7_0*q7_1 - 1317690*a1_0*b4*q11_0*q8_0 - 6468660*a1_0*b4*q11_1*q2_0**2*q9_0 + 6149220*a1_0*b4*q11_1*q4_0*q9_0 - 1764180*a1_0*b4*q2_0**2*q9_0 + 2156220*a1_0*b4*q2_0*q7_1**2*q9_0 + 4312440*a1_0*b4*q2_0*q8_1*q9_0 + 3194400*a1_0*b4*q3_0*q7_1*q9_0 + 1118040*a1_0*b4*q4_0*q9_0 - 3513840*a1_0*b4*q7_1*q9_0*q9_1 - 1756920*a1_0*b4*q8_1**2*q9_0 + 1756920*a1_0*q10_0*q10_1 + 3234330*a1_0*q10_0*q11_1*q2_0**2 - 3074610*a1_0*q10_0*q11_1*q4_0 + 882090*a1_0*q10_0*q2_0**2 - 1078110*a1_0*q10_0*q2_0*q7_1**2 - 2156220*a1_0*q10_0*q2_0*q8_1 - 1597200*a1_0*q10_0*q3_0*q7_1 - 559020*a1_0*q10_0*q4_0 + 1756920*a1_0*q10_0*q7_1*q9_1 + 878460*a1_0*q10_0*q8_1**2 - 1229844*a2_0*b2*b4**2*q11_1 + 3689532*a2_0*b2*b4*q11_1*q7_1 + 2683296*a2_0*b2*q11_1*q2_0 - 614922*a2_0*b2*q11_1*q7_1**2 - 1229844*a2_0*b2*q11_1*q8_1 - 259182*a2_0*b2*q2_0 + 614922*a2_0*b3**2*b4*q11_1 - 614922*a2_0*b3**2*q11_1*q7_1 + 614922*a2_0*b3*b4**2*q10_1*q7_1 - 614922*a2_0*b3*b4**2*q11_0 - 1341648*a2_0*b3*b4**2*q2_0*q9_1 + 1229844*a2_0*b3*b4**2*q7_1**2*q9_1 + 2459688*a2_0*b3*b4**2*q8_1*q9_1 - 1844766*a2_0*b3*b4*q10_1*q11_1*q2_0 + 1341648*a2_0*b3*b4*q10_1*q2_0 - 1229844*a2_0*b3*b4*q10_1*q7_1**2 - 2459688*a2_0*b3*b4*q10_1*q8_1 + 1229844*a2_0*b3*b4*q11_0*q7_1 - 2469852*a2_0*b3*b4*q11_1*q2_0**3 + 3018708*a2_0*b3*b4*q11_1*q2_0**2*q8_1 + 5366592*a2_0*b3*b4*q11_1*q2_0*q3_0*q7_1 + 4695768*a2_0*b3*b4*q11_1*q2_0*q4_0 + 2385152*a2_0*b3*b4*q11_1*q3_0**2 - 2869636*a2_0*b3*b4*q11_1*q4_0*q8_1 - 2459688*a2_0*b3*b4*q11_1*q5_0*q7_1 - 2049740*a2_0*b3*b4*q11_1*q6_0 + 1341648*a2_0*b3*b4*q2_0*q7_1*q9_1 + 447216*a2_0*b3*b4*q3_0*q9_1 - 1229844*a2_0*b3*b4*q7_1*q8_1*q9_1 - 1229844*a2_0*b3*b4*q9_1**2 - 670824*a2_0*b3*q10_1*q2_0*q7_1 - 223608*a2_0*b3*q10_1*q3_0 + 614922*a2_0*b3*q10_1*q7_1*q8_1 + 614922*a2_0*b3*q10_1*q9_1 + 1844766*a2_0*b3*q11_0*q11_1*q2_0 + 1234926*a2_0*b3*q11_1*q2_0**3*q7_1 + 3293136*a2_0*b3*q11_1*q2_0**2*q3_0 - 1509354*a2_0*b3*q11_1*q2_0**2*q9_1 - 2683296*a2_0*b3*q11_1*q2_0*q3_0*q8_1 - 2347884*a2_0*b3*q11_1*q2_0*q4_0*q7_1 - 2012472*a2_0*b3*q11_1*q2_0*q5_0 - 1192576*a2_0*b3*q11_1*q3_0**2*q7_1 - 2087008*a2_0*b3*q11_1*q3_0*q4_0 + 1434818*a2_0*b3*q11_1*q4_0*q9_1 + 1229844*a2_0*b3*q11_1*q5_0*q8_1 + 1024870*a2_0*b3*q11_1*q6_0*q7_1 + 819896*a2_0*b3*q11_1*q7_0 + 1229844*a2_0*b4**2*q10_0*q7_1 + 3689532*a2_0*b4**2*q10_1*q11_0*q2_0 + 3018708*a2_0*b4**2*q10_1*q2_0**2*q9_1 - 2869636*a2_0*b4**2*q10_1*q4_0*q9_1 + 2469852*a2_0*b4**2*q11_0*q2_0**3 - 3018708*a2_0*b4**2*q11_0*q2_0**2*q8_1 - 5366592*a2_0*b4**2*q11_0*q2_0*q3_0*q7_1 - 4695768*a2_0*b4**2*q11_0*q2_0*q4_0 - 2385152*a2_0*b4**2*q11_0*q3_0**2 + 2869636*a2_0*b4**2*q11_0*q4_0*q8_1 + 2459688*a2_0*b4**2*q11_0*q5_0*q7_1 + 2049740*a2_0*b4**2*q11_0*q6_0 + 2020788*a2_0*b4**2*q2_0**4*q9_1 - 2469852*a2_0*b4**2*q2_0**3*q8_1*q9_1 - 6586272*a2_0*b4**2*q2_0**2*q3_0*q7_1*q9_1 - 5762988*a2_0*b4**2*q2_0**2*q4_0*q9_1 - 5854464*a2_0*b4**2*q2_0*q3_0**2*q9_1 + 5366592*a2_0*b4**2*q2_0*q3_0*q9_1**2 + 4695768*a2_0*b4**2*q2_0*q4_0*q8_1*q9_1 + 4024944*a2_0*b4**2*q2_0*q5_0*q7_1*q9_1 + 3354120*a2_0*b4**2*q2_0*q6_0*q9_1 - 1341648*a2_0*b4**2*q2_0*q9_0 + 2385152*a2_0*b4**2*q3_0**2*q8_1*q9_1 + 4174016*a2_0*b4**2*q3_0*q4_0*q7_1*q9_1 + 3577728*a2_0*b4**2*q3_0*q5_0*q9_1 + 1826132*a2_0*b4**2*q4_0**2*q9_1 - 2459688*a2_0*b4**2*q5_0*q9_1**2 - 2049740*a2_0*b4**2*q6_0*q8_1*q9_1 - 1639792*a2_0*b4**2*q7_0*q7_1*q9_1 + 1229844*a2_0*b4**2*q7_1**2*q9_0 - 1229844*a2_0*b4**2*q8_0*q9_1 + 2459688*a2_0*b4**2*q8_1*q9_0 + 3689532*a2_0*b4*q10_0*q11_1*q2_0 + 1341648*a2_0*b4*q10_0*q2_0 - 1229844*a2_0*b4*q10_0*q7_1**2 - 2459688*a2_0*b4*q10_0*q8_1 - 3018708*a2_0*b4*q10_1**2*q2_0**2 + 2869636*a2_0*b4*q10_1**2*q4_0 - 2020788*a2_0*b4*q10_1*q2_0**4 + 2469852*a2_0*b4*q10_1*q2_0**3*q8_1 + 6586272*a2_0*b4*q10_1*q2_0**2*q3_0*q7_1 + 5762988*a2_0*b4*q10_1*q2_0**2*q4_0 + 5854464*a2_0*b4*q10_1*q2_0*q3_0**2 - 5366592*a2_0*b4*q10_1*q2_0*q3_0*q9_1 - 4695768*a2_0*b4*q10_1*q2_0*q4_0*q8_1 - 4024944*a2_0*b4*q10_1*q2_0*q5_0*q7_1 - 3354120*a2_0*b4*q10_1*q2_0*q6_0 - 2385152*a2_0*b4*q10_1*q3_0**2*q8_1 - 4174016*a2_0*b4*q10_1*q3_0*q4_0*q7_1 - 3577728*a2_0*b4*q10_1*q3_0*q5_0 - 1826132*a2_0*b4*q10_1*q4_0**2 + 2459688*a2_0*b4*q10_1*q5_0*q9_1 + 2049740*a2_0*b4*q10_1*q6_0*q8_1 + 1639792*a2_0*b4*q10_1*q7_0*q7_1 + 1229844*a2_0*b4*q10_1*q8_0 - 3689532*a2_0*b4*q11_0**2*q2_0 - 2469852*a2_0*b4*q11_0*q2_0**3*q7_1 - 6586272*a2_0*b4*q11_0*q2_0**2*q3_0 + 3018708*a2_0*b4*q11_0*q2_0**2*q9_1 + 5366592*a2_0*b4*q11_0*q2_0*q3_0*q8_1 + 4695768*a2_0*b4*q11_0*q2_0*q4_0*q7_1 + 4024944*a2_0*b4*q11_0*q2_0*q5_0 + 2385152*a2_0*b4*q11_0*q3_0**2*q7_1 + 4174016*a2_0*b4*q11_0*q3_0*q4_0 - 2869636*a2_0*b4*q11_0*q4_0*q9_1 - 2459688*a2_0*b4*q11_0*q5_0*q8_1 - 2049740*a2_0*b4*q11_0*q6_0*q7_1 - 1639792*a2_0*b4*q11_0*q7_0 + 6559168*a2_0*b4*q11_1*q3_0*q9_0 + 2683296*a2_0*b4*q2_0*q7_1*q9_0 + 894432*a2_0*b4*q3_0*q9_0 - 2459688*a2_0*b4*q7_1*q8_1*q9_0 - 2459688*a2_0*b4*q9_0*q9_1 - 3279584*a2_0*q10_0*q11_1*q3_0 - 1341648*a2_0*q10_0*q2_0*q7_1 - 447216*a2_0*q10_0*q3_0 + 1229844*a2_0*q10_0*q7_1*q8_1 + 1229844*a2_0*q10_0*q9_1 + 5709990*a3_0*b2*b4*q11_1 - 588302*a3_0*b2*b4 - 761332*a3_0*b2*q11_1*q7_1 - 190333*a3_0*b3**2*q11_1 + 190333*a3_0*b3*b4**2*q10_1 + 1522664*a3_0*b3*b4**2*q7_1*q9_1 - 1522664*a3_0*b3*b4*q10_1*q7_1 + 4187326*a3_0*b3*b4*q11_0*q11_1 + 380666*a3_0*b3*b4*q11_0 + 2803086*a3_0*b3*b4*q11_1*q2_0**2*q7_1 + 4983264*a3_0*b3*b4*q11_1*q2_0*q3_0 - 3045328*a3_0*b3*b4*q11_1*q3_0*q8_1 - 2664662*a3_0*b3*b4*q11_1*q4_0*q7_1 - 2283996*a3_0*b3*b4*q11_1*q5_0 + 311454*a3_0*b3*b4*q2_0*q9_1 - 380666*a3_0*b3*b4*q7_1**2*q9_1 - 761332*a3_0*b3*b4*q8_1*q9_1 - 155727*a3_0*b3*q10_1*q2_0 + 190333*a3_0*b3*q10_1*q7_1**2 + 380666*a3_0*b3*q10_1*q8_1 + 1146717*a3_0*b3*q11_1*q2_0**3 - 1401543*a3_0*b3*q11_1*q2_0**2*q8_1 - 2491632*a3_0*b3*q11_1*q2_0*q3_0*q7_1 - 2180178*a3_0*b3*q11_1*q2_0*q4_0 - 1107392*a3_0*b3*q11_1*q3_0**2 + 1522664*a3_0*b3*q11_1*q3_0*q9_1 + 1332331*a3_0*b3*q11_1*q4_0*q8_1 + 1141998*a3_0*b3*q11_1*q5_0*q7_1 + 951665*a3_0*b3*q11_1*q6_0 + 380666*a3_0*b4**2*q10_0 - 3045328*a3_0*b4**2*q10_1*q3_0*q9_1 - 4187326*a3_0*b4**2*q11_0**2 - 2803086*a3_0*b4**2*q11_0*q2_0**2*q7_1 - 4983264*a3_0*b4**2*q11_0*q2_0*q3_0 + 3045328*a3_0*b4**2*q11_0*q3_0*q8_1 + 2664662*a3_0*b4**2*q11_0*q4_0*q7_1 + 2283996*a3_0*b4**2*q11_0*q5_0 - 2293434*a3_0*b4**2*q2_0**3*q7_1*q9_1 - 6115824*a3_0*b4**2*q2_0**2*q3_0*q9_1 + 2803086*a3_0*b4**2*q2_0**2*q9_1**2 + 4983264*a3_0*b4**2*q2_0*q3_0*q8_1*q9_1 + 4360356*a3_0*b4**2*q2_0*q4_0*q7_1*q9_1 + 3737448*a3_0*b4**2*q2_0*q5_0*q9_1 + 2214784*a3_0*b4**2*q3_0**2*q7_1*q9_1 + 3875872*a3_0*b4**2*q3_0*q4_0*q9_1 - 2664662*a3_0*b4**2*q4_0*q9_1**2 - 2283996*a3_0*b4**2*q5_0*q8_1*q9_1 - 1903330*a3_0*b4**2*q6_0*q7_1*q9_1 - 1522664*a3_0*b4**2*q7_0*q9_1 + 1522664*a3_0*b4**2*q7_1*q9_0 - 1522664*a3_0*b4*q10_0*q7_1 + 3045328*a3_0*b4*q10_1**2*q3_0 + 2293434*a3_0*b4*q10_1*q2_0**3*q7_1 + 6115824*a3_0*b4*q10_1*q2_0**2*q3_0 - 2803086*a3_0*b4*q10_1*q2_0**2*q9_1 - 4983264*a3_0*b4*q10_1*q2_0*q3_0*q8_1 - 4360356*a3_0*b4*q10_1*q2_0*q4_0*q7_1 - 3737448*a3_0*b4*q10_1*q2_0*q5_0 - 2214784*a3_0*b4*q10_1*q3_0**2*q7_1 - 3875872*a3_0*b4*q10_1*q3_0*q4_0 + 2664662*a3_0*b4*q10_1*q4_0*q9_1 + 2283996*a3_0*b4*q10_1*q5_0*q8_1 + 1903330*a3_0*b4*q10_1*q6_0*q7_1 + 1522664*a3_0*b4*q10_1*q7_0 - 2293434*a3_0*b4*q11_0*q2_0**3 + 2803086*a3_0*b4*q11_0*q2_0**2*q8_1 + 4983264*a3_0*b4*q11_0*q2_0*q3_0*q7_1 + 4360356*a3_0*b4*q11_0*q2_0*q4_0 + 2214784*a3_0*b4*q11_0*q3_0**2 - 3045328*a3_0*b4*q11_0*q3_0*q9_1 - 2664662*a3_0*b4*q11_0*q4_0*q8_1 - 2283996*a3_0*b4*q11_0*q5_0*q7_1 - 1903330*a3_0*b4*q11_0*q6_0 + 6851988*a3_0*b4*q11_1*q2_0*q9_0 + 622908*a3_0*b4*q2_0*q9_0 - 761332*a3_0*b4*q7_1**2*q9_0 - 1522664*a3_0*b4*q8_1*q9_0 - 3425994*a3_0*q10_0*q11_1*q2_0 - 311454*a3_0*q10_0*q2_0 + 380666*a3_0*q10_0*q7_1**2 + 761332*a3_0*q10_0*q8_1 - 2283996*a4_0*b2*q11_1 + 271524*a4_0*b2 + 351384*a4_0*b3*b4**2*q9_1 + 1932612*a4_0*b3*b4*q10_1*q11_1 - 351384*a4_0*b3*b4*q10_1 + 2587464*a4_0*b3*b4*q11_1*q2_0**2 - 3162456*a4_0*b3*b4*q11_1*q2_0*q8_1 - 2811072*a4_0*b3*b4*q11_1*q3_0*q7_1 - 2459688*a4_0*b3*b4*q11_1*q4_0 - 351384*a4_0*b3*b4*q7_1*q9_1 + 175692*a4_0*b3*q10_1*q7_1 - 1932612*a4_0*b3*q11_0*q11_1 - 1293732*a4_0*b3*q11_1*q2_0**2*q7_1 - 2299968*a4_0*b3*q11_1*q2_0*q3_0 + 1581228*a4_0*b3*q11_1*q2_0*q9_1 + 1405536*a4_0*b3*q11_1*q3_0*q8_1 + 1229844*a4_0*b3*q11_1*q4_0*q7_1 + 1054152*a4_0*b3*q11_1*q5_0 - 3865224*a4_0*b4**2*q10_1*q11_0 - 3162456*a4_0*b4**2*q10_1*q2_0*q9_1 - 2587464*a4_0*b4**2*q11_0*q2_0**2 + 3162456*a4_0*b4**2*q11_0*q2_0*q8_1 + 2811072*a4_0*b4**2*q11_0*q3_0*q7_1 + 2459688*a4_0*b4**2*q11_0*q4_0 - 2117016*a4_0*b4**2*q2_0**3*q9_1 + 2587464*a4_0*b4**2*q2_0**2*q8_1*q9_1 + 4599936*a4_0*b4**2*q2_0*q3_0*q7_1*q9_1 + 4024944*a4_0*b4**2*q2_0*q4_0*q9_1 + 2044416*a4_0*b4**2*q3_0**2*q9_1 - 2811072*a4_0*b4**2*q3_0*q9_1**2 - 2459688*a4_0*b4**2*q4_0*q8_1*q9_1 - 2108304*a4_0*b4**2*q5_0*q7_1*q9_1 - 1756920*a4_0*b4**2*q6_0*q9_1 + 351384*a4_0*b4**2*q9_0 - 3865224*a4_0*b4*q10_0*q11_1 - 351384*a4_0*b4*q10_0 + 3162456*a4_0*b4*q10_1**2*q2_0 + 2117016*a4_0*b4*q10_1*q2_0**3 - 2587464*a4_0*b4*q10_1*q2_0**2*q8_1 - 4599936*a4_0*b4*q10_1*q2_0*q3_0*q7_1 - 4024944*a4_0*b4*q10_1*q2_0*q4_0 - 2044416*a4_0*b4*q10_1*q3_0**2 + 2811072*a4_0*b4*q10_1*q3_0*q9_1 + 2459688*a4_0*b4*q10_1*q4_0*q8_1 + 2108304*a4_0*b4*q10_1*q5_0*q7_1 + 1756920*a4_0*b4*q10_1*q6_0 + 3865224*a4_0*b4*q11_0**2 + 2587464*a4_0*b4*q11_0*q2_0**2*q7_1 + 4599936*a4_0*b4*q11_0*q2_0*q3_0 - 3162456*a4_0*b4*q11_0*q2_0*q9_1 - 2811072*a4_0*b4*q11_0*q3_0*q8_1 - 2459688*a4_0*b4*q11_0*q4_0*q7_1 - 2108304*a4_0*b4*q11_0*q5_0 - 702768*a4_0*b4*q7_1*q9_0 + 351384*a4_0*q10_0*q7_1 - 2635380*a6_0*b3*b4*q11_1*q2_0 + 3221020*a6_0*b3*b4*q11_1*q8_1 + 1317690*a6_0*b3*q11_1*q2_0*q7_1 + 1171280*a6_0*b3*q11_1*q3_0 - 1610510*a6_0*b3*q11_1*q9_1 + 3221020*a6_0*b4**2*q10_1*q9_1 + 2635380*a6_0*b4**2*q11_0*q2_0 - 3221020*a6_0*b4**2*q11_0*q8_1 + 2156220*a6_0*b4**2*q2_0**2*q9_1 - 2635380*a6_0*b4**2*q2_0*q8_1*q9_1 - 2342560*a6_0*b4**2*q3_0*q7_1*q9_1 - 2049740*a6_0*b4**2*q4_0*q9_1 - 3221020*a6_0*b4*q10_1**2 - 2156220*a6_0*b4*q10_1*q2_0**2 + 2635380*a6_0*b4*q10_1*q2_0*q8_1 + 2342560*a6_0*b4*q10_1*q3_0*q7_1 + 2049740*a6_0*b4*q10_1*q4_0 - 2635380*a6_0*b4*q11_0*q2_0*q7_1 - 2342560*a6_0*b4*q11_0*q3_0 + 3221020*a6_0*b4*q11_0*q9_1 + 2898918*a7_0*b3*b4*q11_1*q7_1 + 1185921*a7_0*b3*q11_1*q2_0 - 1449459*a7_0*b3*q11_1*q8_1 - 2898918*a7_0*b4**2*q11_0*q7_1 - 2371842*a7_0*b4**2*q2_0*q7_1*q9_1 - 2108304*a7_0*b4**2*q3_0*q9_1 + 2898918*a7_0*b4**2*q9_1**2 + 2371842*a7_0*b4*q10_1*q2_0*q7_1 + 2108304*a7_0*b4*q10_1*q3_0 - 2898918*a7_0*b4*q10_1*q9_1 - 2371842*a7_0*b4*q11_0*q2_0 + 2898918*a7_0*b4*q11_0*q8_1 + 2576816*a8_0*b3*b4*q11_1 - 1288408*a8_0*b3*q11_1*q7_1 - 2576816*a8_0*b4**2*q11_0 - 2108304*a8_0*b4**2*q2_0*q9_1 + 2576816*a8_0*b4**2*q8_1*q9_1 + 2108304*a8_0*b4*q10_1*q2_0 - 2576816*a8_0*b4*q10_1*q8_1 + 2576816*a8_0*b4*q11_0*q7_1 - 1127357*a9_0*b3*q11_1 + 2254714*a9_0*b4**2*q7_1*q9_1 - 2254714*a9_0*b4*q10_1*q7_1 + 2254714*a9_0*b4*q11_0 + 3066624*b2*b4**2*q11_1*q2_0 - 2342560*b2*b4**2*q11_1*q7_1**2 - 4685120*b2*b4**2*q11_1*q8_1 - 9199872*b2*b4*q11_1*q2_0*q7_1 - 7666560*b2*b4*q11_1*q3_0 + 7027680*b2*b4*q11_1*q7_1*q8_1 + 2342560*b2*b4*q11_1*q9_1 + 526592*b2*b4*q3_0 + 425920*b2*b4*q9_1 + 1171280*b2*q10_1*q11_1 - 319440*b2*q10_1 - 3293136*b2*q11_1*q2_0**2 + 1533312*b2*q11_1*q2_0*q7_1**2 + 3066624*b2*q11_1*q2_0*q8_1 + 2385152*b2*q11_1*q3_0*q7_1 + 2683296*b2*q11_1*q4_0 - 2342560*b2*q11_1*q7_1*q9_1 - 1171280*b2*q11_1*q8_1**2 + 242352*b2*q2_0**2 - 230384*b2*q4_0 - 1533312*b3**2*b4*q11_1*q2_0 + 1171280*b3**2*b4*q11_1*q7_1**2 + 2342560*b3**2*b4*q11_1*q8_1 + 1533312*b3**2*q11_1*q2_0*q7_1 + 596288*b3**2*q11_1*q3_0 - 1171280*b3**2*q11_1*q7_1*q8_1 + 1171280*b3**2*q11_1*q9_1 - 212960*b3**2*q9_1 - 1533312*b3*b4**2*q10_1*q2_0*q7_1 - 596288*b3*b4**2*q10_1*q3_0 + 1171280*b3*b4**2*q10_1*q7_1*q8_1 + 5856400*b3*b4**2*q10_1*q9_1 + 1533312*b3*b4**2*q11_0*q2_0 - 1171280*b3*b4**2*q11_0*q7_1**2 - 2342560*b3*b4**2*q11_0*q8_1 + 2822688*b3*b4**2*q2_0**2*q9_1 - 3066624*b3*b4**2*q2_0*q7_1**2*q9_1 - 6133248*b3*b4**2*q2_0*q8_1*q9_1 - 4770304*b3*b4**2*q3_0*q7_1*q9_1 - 1788864*b3*b4**2*q4_0*q9_1 + 4685120*b3*b4**2*q7_1*q9_1**2 + 2342560*b3*b4**2*q8_1**2*q9_1 - 4685120*b3*b4*q10_1**2 + 1724976*b3*b4*q10_1*q11_1*q2_0**2 - 1639792*b3*b4*q10_1*q11_1*q4_0 - 2822688*b3*b4*q10_1*q2_0**2 + 3066624*b3*b4*q10_1*q2_0*q7_1**2 + 6133248*b3*b4*q10_1*q2_0*q8_1 + 4770304*b3*b4*q10_1*q3_0*q7_1 + 1788864*b3*b4*q10_1*q4_0 - 7027680*b3*b4*q10_1*q7_1*q9_1 - 2342560*b3*b4*q10_1*q8_1**2 - 3748096*b3*b4*q11_0*q11_1*q3_0 - 3066624*b3*b4*q11_0*q2_0*q7_1 - 1192576*b3*b4*q11_0*q3_0 + 2342560*b3*b4*q11_0*q7_1*q8_1 + 2309472*b3*b4*q11_1*q2_0**4 - 2822688*b3*b4*q11_1*q2_0**3*q8_1 - 7527168*b3*b4*q11_1*q2_0**2*q3_0*q7_1 - 6586272*b3*b4*q11_1*q2_0**2*q4_0 - 6690816*b3*b4*q11_1*q2_0*q3_0**2 + 5366592*b3*b4*q11_1*q2_0*q4_0*q8_1 + 4599936*b3*b4*q11_1*q2_0*q5_0*q7_1 + 3833280*b3*b4*q11_1*q2_0*q6_0 + 2725888*b3*b4*q11_1*q3_0**2*q8_1 + 4770304*b3*b4*q11_1*q3_0*q4_0*q7_1 + 4088832*b3*b4*q11_1*q3_0*q5_0 + 2087008*b3*b4*q11_1*q4_0**2 - 2342560*b3*b4*q11_1*q6_0*q8_1 - 1874048*b3*b4*q11_1*q7_0*q7_1 - 1405536*b3*b4*q11_1*q8_0 - 2822688*b3*b4*q2_0**2*q7_1*q9_1 - 2090880*b3*b4*q2_0*q3_0*q9_1 + 3066624*b3*b4*q2_0*q7_1*q8_1*q9_1 + 3066624*b3*b4*q2_0*q9_1**2 + 1192576*b3*b4*q3_0*q7_1**2*q9_1 + 2385152*b3*b4*q3_0*q8_1*q9_1 + 1788864*b3*b4*q4_0*q7_1*q9_1 + 638880*b3*b4*q5_0*q9_1 - 2342560*b3*b4*q8_1*q9_1**2 + 1171280*b3*q10_1**2*q7_1 + 1171280*b3*q10_1*q11_0 + 1411344*b3*q10_1*q2_0**2*q7_1 + 1045440*b3*q10_1*q2_0*q3_0 - 1533312*b3*q10_1*q2_0*q7_1*q8_1 - 1533312*b3*q10_1*q2_0*q9_1 - 596288*b3*q10_1*q3_0*q7_1**2 - 1192576*b3*q10_1*q3_0*q8_1 - 894432*b3*q10_1*q4_0*q7_1 - 319440*b3*q10_1*q5_0 + 1171280*b3*q10_1*q8_1*q9_1 - 1724976*b3*q11_0*q11_1*q2_0**2 + 1639792*b3*q11_0*q11_1*q4_0 - 1154736*b3*q11_1*q2_0**4*q7_1 - 4105728*b3*q11_1*q2_0**3*q3_0 + 1411344*b3*q11_1*q2_0**3*q9_1 + 3763584*b3*q11_1*q2_0**2*q3_0*q8_1 + 3293136*b3*q11_1*q2_0**2*q4_0*q7_1 + 2822688*b3*q11_1*q2_0**2*q5_0 + 3345408*b3*q11_1*q2_0*q3_0**2*q7_1 + 5854464*b3*q11_1*q2_0*q3_0*q4_0 - 2683296*b3*q11_1*q2_0*q4_0*q9_1 - 2299968*b3*q11_1*q2_0*q5_0*q8_1 - 1916640*b3*q11_1*q2_0*q6_0*q7_1 - 1533312*b3*q11_1*q2_0*q7_0 + 991232*b3*q11_1*q3_0**3 - 1362944*b3*q11_1*q3_0**2*q9_1 - 2385152*b3*q11_1*q3_0*q4_0*q8_1 - 2044416*b3*q11_1*q3_0*q5_0*q7_1 - 1703680*b3*q11_1*q3_0*q6_0 - 1043504*b3*q11_1*q4_0**2*q7_1 - 1788864*b3*q11_1*q4_0*q5_0 + 1171280*b3*q11_1*q6_0*q9_1 + 937024*b3*q11_1*q7_0*q8_1 + 702768*b3*q11_1*q7_1*q8_0 + 2811072*b3*q11_1*q9_0 - 212960*b3*q9_0 - 3066624*b4**2*q10_0*q2_0*q7_1 - 1192576*b4**2*q10_0*q3_0 + 2342560*b4**2*q10_0*q7_1*q8_1 + 1874048*b4**2*q10_0*q9_1 - 3449952*b4**2*q10_1*q11_0*q2_0**2 + 3279584*b4**2*q10_1*q11_0*q4_0 - 2822688*b4**2*q10_1*q2_0**3*q9_1 + 5366592*b4**2*q10_1*q2_0*q4_0*q9_1 + 2725888*b4**2*q10_1*q3_0**2*q9_1 - 2342560*b4**2*q10_1*q6_0*q9_1 + 4685120*b4**2*q10_1*q9_0 + 3748096*b4**2*q11_0**2*q3_0 - 2309472*b4**2*q11_0*q2_0**4 + 2822688*b4**2*q11_0*q2_0**3*q8_1 + 7527168*b4**2*q11_0*q2_0**2*q3_0*q7_1 + 6586272*b4**2*q11_0*q2_0**2*q4_0 + 6690816*b4**2*q11_0*q2_0*q3_0**2 - 5366592*b4**2*q11_0*q2_0*q4_0*q8_1 - 4599936*b4**2*q11_0*q2_0*q5_0*q7_1 - 3833280*b4**2*q11_0*q2_0*q6_0 - 2725888*b4**2*q11_0*q3_0**2*q8_1 - 4770304*b4**2*q11_0*q3_0*q4_0*q7_1 - 4088832*b4**2*q11_0*q3_0*q5_0 - 2087008*b4**2*q11_0*q4_0**2 + 2342560*b4**2*q11_0*q6_0*q8_1 + 1874048*b4**2*q11_0*q7_0*q7_1 + 1405536*b4**2*q11_0*q8_0 - 1889568*b4**2*q2_0**5*q9_1 + 2309472*b4**2*q2_0**4*q8_1*q9_1 + 8211456*b4**2*q2_0**3*q3_0*q7_1*q9_1 + 7185024*b4**2*q2_0**3*q4_0*q9_1 + 10948608*b4**2*q2_0**2*q3_0**2*q9_1 - 7527168*b4**2*q2_0**2*q3_0*q9_1**2 - 6586272*b4**2*q2_0**2*q4_0*q8_1*q9_1 - 5645376*b4**2*q2_0**2*q5_0*q7_1*q9_1 - 4704480*b4**2*q2_0**2*q6_0*q9_1 + 2822688*b4**2*q2_0**2*q9_0 - 6690816*b4**2*q2_0*q3_0**2*q8_1*q9_1 - 11708928*b4**2*q2_0*q3_0*q4_0*q7_1*q9_1 - 10036224*b4**2*q2_0*q3_0*q5_0*q9_1 - 5122656*b4**2*q2_0*q4_0**2*q9_1 + 4599936*b4**2*q2_0*q5_0*q9_1**2 + 3833280*b4**2*q2_0*q6_0*q8_1*q9_1 + 3066624*b4**2*q2_0*q7_0*q7_1*q9_1 - 3066624*b4**2*q2_0*q7_1**2*q9_0 + 2299968*b4**2*q2_0*q8_0*q9_1 - 6133248*b4**2*q2_0*q8_1*q9_0 - 1982464*b4**2*q3_0**3*q7_1*q9_1 - 5203968*b4**2*q3_0**2*q4_0*q9_1 + 4770304*b4**2*q3_0*q4_0*q9_1**2 + 4088832*b4**2*q3_0*q5_0*q8_1*q9_1 + 3407360*b4**2*q3_0*q6_0*q7_1*q9_1 + 2725888*b4**2*q3_0*q7_0*q9_1 - 4770304*b4**2*q3_0*q7_1*q9_0 + 2087008*b4**2*q4_0**2*q8_1*q9_1 + 3577728*b4**2*q4_0*q5_0*q7_1*q9_1 + 2981440*b4**2*q4_0*q6_0*q9_1 - 1788864*b4**2*q4_0*q9_0 + 1533312*b4**2*q5_0**2*q9_1 - 1874048*b4**2*q7_0*q9_1**2 + 3748096*b4**2*q7_1*q9_0*q9_1 - 1405536*b4**2*q8_0*q8_1*q9_1 + 2342560*b4**2*q8_1**2*q9_0 - 4216608*b4*q10_0*q10_1 - 3449952*b4*q10_0*q11_1*q2_0**2 + 3279584*b4*q10_0*q11_1*q4_0 - 2822688*b4*q10_0*q2_0**2 + 3066624*b4*q10_0*q2_0*q7_1**2 + 6133248*b4*q10_0*q2_0*q8_1 + 4770304*b4*q10_0*q3_0*q7_1 + 1788864*b4*q10_0*q4_0 - 4685120*b4*q10_0*q7_1*q9_1 - 2342560*b4*q10_0*q8_1**2 + 2822688*b4*q10_1**2*q2_0**3 - 5366592*b4*q10_1**2*q2_0*q4_0 - 2725888*b4*q10_1**2*q3_0**2 + 2342560*b4*q10_1**2*q6_0 + 1889568*b4*q10_1*q2_0**5 - 2309472*b4*q10_1*q2_0**4*q8_1 - 8211456*b4*q10_1*q2_0**3*q3_0*q7_1 - 7185024*b4*q10_1*q2_0**3*q4_0 - 10948608*b4*q10_1*q2_0**2*q3_0**2 + 7527168*b4*q10_1*q2_0**2*q3_0*q9_1 + 6586272*b4*q10_1*q2_0**2*q4_0*q8_1 + 5645376*b4*q10_1*q2_0**2*q5_0*q7_1 + 4704480*b4*q10_1*q2_0**2*q6_0 + 6690816*b4*q10_1*q2_0*q3_0**2*q8_1 + 11708928*b4*q10_1*q2_0*q3_0*q4_0*q7_1 + 10036224*b4*q10_1*q2_0*q3_0*q5_0 + 5122656*b4*q10_1*q2_0*q4_0**2 - 4599936*b4*q10_1*q2_0*q5_0*q9_1 - 3833280*b4*q10_1*q2_0*q6_0*q8_1 - 3066624*b4*q10_1*q2_0*q7_0*q7_1 - 2299968*b4*q10_1*q2_0*q8_0 + 1982464*b4*q10_1*q3_0**3*q7_1 + 5203968*b4*q10_1*q3_0**2*q4_0 - 4770304*b4*q10_1*q3_0*q4_0*q9_1 - 4088832*b4*q10_1*q3_0*q5_0*q8_1 - 3407360*b4*q10_1*q3_0*q6_0*q7_1 - 2725888*b4*q10_1*q3_0*q7_0 - 2087008*b4*q10_1*q4_0**2*q8_1 - 3577728*b4*q10_1*q4_0*q5_0*q7_1 - 2981440*b4*q10_1*q4_0*q6_0 - 1533312*b4*q10_1*q5_0**2 + 1874048*b4*q10_1*q7_0*q9_1 - 3748096*b4*q10_1*q7_1*q9_0 + 1405536*b4*q10_1*q8_0*q8_1 + 3449952*b4*q11_0**2*q2_0**2 - 3279584*b4*q11_0**2*q4_0 + 2309472*b4*q11_0*q2_0**4*q7_1 + 8211456*b4*q11_0*q2_0**3*q3_0 - 2822688*b4*q11_0*q2_0**3*q9_1 - 7527168*b4*q11_0*q2_0**2*q3_0*q8_1 - 6586272*b4*q11_0*q2_0**2*q4_0*q7_1 - 5645376*b4*q11_0*q2_0**2*q5_0 - 6690816*b4*q11_0*q2_0*q3_0**2*q7_1 - 11708928*b4*q11_0*q2_0*q3_0*q4_0 + 5366592*b4*q11_0*q2_0*q4_0*q9_1 + 4599936*b4*q11_0*q2_0*q5_0*q8_1 + 3833280*b4*q11_0*q2_0*q6_0*q7_1 + 3066624*b4*q11_0*q2_0*q7_0 - 1982464*b4*q11_0*q3_0**3 + 2725888*b4*q11_0*q3_0**2*q9_1 + 4770304*b4*q11_0*q3_0*q4_0*q8_1 + 4088832*b4*q11_0*q3_0*q5_0*q7_1 + 3407360*b4*q11_0*q3_0*q6_0 + 2087008*b4*q11_0*q4_0**2*q7_1 + 3577728*b4*q11_0*q4_0*q5_0 - 2342560*b4*q11_0*q6_0*q9_1 - 1874048*b4*q11_0*q7_0*q8_1 - 1405536*b4*q11_0*q7_1*q8_0 - 5622144*b4*q11_0*q9_0 - 12266496*b4*q11_1*q2_0*q3_0*q9_0 + 5622144*b4*q11_1*q5_0*q9_0 - 5645376*b4*q2_0**2*q7_1*q9_0 - 4181760*b4*q2_0*q3_0*q9_0 + 6133248*b4*q2_0*q7_1*q8_1*q9_0 + 6133248*b4*q2_0*q9_0*q9_1 + 2385152*b4*q3_0*q7_1**2*q9_0 + 4770304*b4*q3_0*q8_1*q9_0 + 3577728*b4*q4_0*q7_1*q9_0 + 1277760*b4*q5_0*q9_0 - 4685120*b4*q8_1*q9_0*q9_1 + 2342560*q10_0*q10_1*q7_1 + 2342560*q10_0*q11_0 + 6133248*q10_0*q11_1*q2_0*q3_0 - 2811072*q10_0*q11_1*q5_0 + 2822688*q10_0*q2_0**2*q7_1 + 2090880*q10_0*q2_0*q3_0 - 3066624*q10_0*q2_0*q7_1*q8_1 - 3066624*q10_0*q2_0*q9_1 - 1192576*q10_0*q3_0*q7_1**2 - 2385152*q10_0*q3_0*q8_1 - 1788864*q10_0*q4_0*q7_1 - 638880*q10_0*q5_0 + 2342560*q10_0*q8_1*q9_1
0	0	[1,2]	6	288	966306*a10_0*q11_1 + 539055*a1_0*b3*b4*q11_1*q2_0 - 439230*a1_0*b3*b4*q11_1*q7_1**2 - 878460*a1_0*b3*b4*q11_1*q8_1 + 958320*a1_0*b3*q11_1*q3_0 - 123420*a1_0*b3*q3_0 + 2156220*a1_0*b4**2*q10_1*q2_0*q7_1 + 798600*a1_0*b4**2*q10_1*q3_0 - 1756920*a1_0*b4**2*q10_1*q7_1*q8_1 - 1756920*a1_0*b4**2*q10_1*q9_1 - 539055*a1_0*b4**2*q11_0*q2_0 + 439230*a1_0*b4**2*q11_0*q7_1**2 + 878460*a1_0*b4**2*q11_0*q8_1 + 1756920*a1_0*b4*q10_1**2 + 882090*a1_0*b4*q10_1*q2_0**2 - 1078110*a1_0*b4*q10_1*q2_0*q7_1**2 - 2156220*a1_0*b4*q10_1*q2_0*q8_1 - 1597200*a1_0*b4*q10_1*q3_0*q7_1 - 559020*a1_0*b4*q10_1*q4_0 + 1756920*a1_0*b4*q10_1*q7_1*q9_1 + 878460*a1_0*b4*q10_1*q8_1**2 + 5270760*a1_0*b4*q11_0*q11_1*q3_0 - 2165130*a1_0*b4*q11_1*q2_0**4 + 2646270*a1_0*b4*q11_1*q2_0**3*q8_1 + 7056720*a1_0*b4*q11_1*q2_0**2*q3_0*q7_1 + 6174630*a1_0*b4*q11_1*q2_0**2*q4_0 + 6272640*a1_0*b4*q11_1*q2_0*q3_0**2 - 5749920*a1_0*b4*q11_1*q2_0*q3_0*q9_1 - 5031180*a1_0*b4*q11_1*q2_0*q4_0*q8_1 - 4312440*a1_0*b4*q11_1*q2_0*q5_0*q7_1 - 3593700*a1_0*b4*q11_1*q2_0*q6_0 - 2555520*a1_0*b4*q11_1*q3_0**2*q8_1 - 4472160*a1_0*b4*q11_1*q3_0*q4_0*q7_1 - 3833280*a1_0*b4*q11_1*q3_0*q5_0 - 1956570*a1_0*b4*q11_1*q4_0**2 + 2635380*a1_0*b4*q11_1*q5_0*q9_1 + 2196150*a1_0*b4*q11_1*q6_0*q8_1 + 1756920*a1_0*b4*q11_1*q7_0*q7_1 + 1317690*a1_0*b4*q11_1*q8_0 - 878460*a1_0*q10_1*q11_0 + 2874960*a1_0*q10_1*q11_1*q2_0*q3_0 - 1317690*a1_0*q10_1*q11_1*q5_0 - 441045*a1_0*q11_0*q2_0**2 + 539055*a1_0*q11_0*q2_0*q7_1**2 + 1078110*a1_0*q11_0*q2_0*q8_1 + 798600*a1_0*q11_0*q3_0*q7_1 + 279510*a1_0*q11_0*q4_0 - 878460*a1_0*q11_0*q7_1*q9_1 - 439230*a1_0*q11_0*q8_1**2 + 1082565*a1_0*q11_1*q2_0**4*q7_1 + 3849120*a1_0*q11_1*q2_0**3*q3_0 - 1323135*a1_0*q11_1*q2_0**3*q9_1 - 3528360*a1_0*q11_1*q2_0**2*q3_0*q8_1 - 3087315*a1_0*q11_1*q2_0**2*q4_0*q7_1 - 2646270*a1_0*q11_1*q2_0**2*q5_0 - 3136320*a1_0*q11_1*q2_0*q3_0**2*q7_1 - 5488560*a1_0*q11_1*q2_0*q3_0*q4_0 + 2515590*a1_0*q11_1*q2_0*q4_0*q9_1 + 2156220*a1_0*q11_1*q2_0*q5_0*q8_1 + 1796850*a1_0*q11_1*q2_0*q6_0*q7_1 + 1437480*a1_0*q11_1*q2_0*q7_0 - 929280*a1_0*q11_1*q3_0**3 + 1277760*a1_0*q11_1*q3_0**2*q9_1 + 2236080*a1_0*q11_1*q3_0*q4_0*q8_1 + 1916640*a1_0*q11_1*q3_0*q5_0*q7_1 + 1597200*a1_0*q11_1*q3_0*q6_0 + 978285*a1_0*q11_1*q4_0**2*q7_1 + 1677060*a1_0*q11_1*q4_0*q5_0 - 1098075*a1_0*q11_1*q6_0*q9_1 - 878460*a1_0*q11_1*q7_0*q8_1 - 658845*a1_0*q11_1*q7_1*q8_0 - 439230*a1_0*q11_1*q9_0 - 614922*a2_0*b3*b4*q11_1*q7_1 + 1006236*a2_0*b3*q11_1*q2_0 - 129591*a2_0*b3*q2_0 + 670824*a2_0*b4**2*q10_1*q2_0 - 614922*a2_0*b4**2*q10_1*q7_1**2 - 1229844*a2_0*b4**2*q10_1*q8_1 + 614922*a2_0*b4**2*q11_0*q7_1 - 1341648*a2_0*b4*q10_1*q2_0*q7_1 - 447216*a2_0*b4*q10_1*q3_0 + 1229844*a2_0*b4*q10_1*q7_1*q8_1 + 1229844*a2_0*b4*q10_1*q9_1 + 5534298*a2_0*b4*q11_0*q11_1*q2_0 + 2469852*a2_0*b4*q11_1*q2_0**3*q7_1 + 6586272*a2_0*b4*q11_1*q2_0**2*q3_0 - 3018708*a2_0*b4*q11_1*q2_0**2*q9_1 - 5366592*a2_0*b4*q11_1*q2_0*q3_0*q8_1 - 4695768*a2_0*b4*q11_1*q2_0*q4_0*q7_1 - 4024944*a2_0*b4*q11_1*q2_0*q5_0 - 2385152*a2_0*b4*q11_1*q3_0**2*q7_1 - 4174016*a2_0*b4*q11_1*q3_0*q4_0 + 2869636*a2_0*b4*q11_1*q4_0*q9_1 + 2459688*a2_0*b4*q11_1*q5_0*q8_1 + 2049740*a2_0*b4*q11_1*q6_0*q7_1 + 1639792*a2_0*b4*q11_1*q7_0 + 1509354*a2_0*q10_1*q11_1*q2_0**2 - 1434818*a2_0*q10_1*q11_1*q4_0 + 670824*a2_0*q11_0*q2_0*q7_1 + 223608*a2_0*q11_0*q3_0 - 614922*a2_0*q11_0*q7_1*q8_1 - 614922*a2_0*q11_0*q9_1 + 1010394*a2_0*q11_1*q2_0**4 - 1234926*a2_0*q11_1*q2_0**3*q8_1 - 3293136*a2_0*q11_1*q2_0**2*q3_0*q7_1 - 2881494*a2_0*q11_1*q2_0**2*q4_0 - 2927232*a2_0*q11_1*q2_0*q3_0**2 + 2683296*a2_0*q11_1*q2_0*q3_0*q9_1 + 2347884*a2_0*q11_1*q2_0*q4_0*q8_1 + 2012472*a2_0*q11_1*q2_0*q5_0*q7_1 + 1677060*a2_0*q11_1*q2_0*q6_0 + 1192576*a2_0*q11_1*q3_0**2*q8_1 + 2087008*a2_0*q11_1*q3_0*q4_0*q7_1 + 1788864*a2_0*q11_1*q3_0*q5_0 + 913066*a2_0*q11_1*q4_0**2 - 1229844*a2_0*q11_1*q5_0*q9_1 - 1024870*a2_0*q11_1*q6_0*q8_1 - 819896*a2_0*q11_1*q7_0*q7_1 - 614922*a2_0*q11_1*q8_0 - 190333*a3_0*b3*b4*q11_1 - 761332*a3_0*b4**2*q10_1*q7_1 + 190333*a3_0*b4**2*q11_0 - 311454*a3_0*b4*q10_1*q2_0 + 380666*a3_0*b4*q10_1*q7_1**2 + 761332*a3_0*b4*q10_1*q8_1 + 2293434*a3_0*b4*q11_1*q2_0**3 - 2803086*a3_0*b4*q11_1*q2_0**2*q8_1 - 4983264*a3_0*b4*q11_1*q2_0*q3_0*q7_1 - 4360356*a3_0*b4*q11_1*q2_0*q4_0 - 2214784*a3_0*b4*q11_1*q3_0**2 + 3045328*a3_0*b4*q11_1*q3_0*q9_1 + 2664662*a3_0*b4*q11_1*q4_0*q8_1 + 2283996*a3_0*b4*q11_1*q5_0*q7_1 + 1903330*a3_0*b4*q11_1*q6_0 - 1522664*a3_0*q10_1*q11_1*q3_0 + 155727*a3_0*q11_0*q2_0 - 190333*a3_0*q11_0*q7_1**2 - 380666*a3_0*q11_0*q8_1 - 1146717*a3_0*q11_1*q2_0**3*q7_1 - 3057912*a3_0*q11_1*q2_0**2*q3_0 + 1401543*a3_0*q11_1*q2_0**2*q9_1 + 2491632*a3_0*q11_1*q2_0*q3_0*q8_1 + 2180178*a3_0*q11_1*q2_0*q4_0*q7_1 + 1868724*a3_0*q11_1*q2_0*q5_0 + 1107392*a3_0*q11_1*q3_0**2*q7_1 + 1937936*a3_0*q11_1*q3_0*q4_0 - 1332331*a3_0*q11_1*q4_0*q9_1 - 1141998*a3_0*q11_1*q5_0*q8_1 - 951665*a3_0*q11_1*q6_0*q7_1 - 761332*a3_0*q11_1*q7_0 - 1054152*a4_0*b3*q11_1 + 135762*a4_0*b3 - 175692*a4_0*b4**2*q10_1 + 351384*a4_0*b4*q10_1*q7_1 - 5797836*a4_0*b4*q11_0*q11_1 - 2587464*a4_0*b4*q11_1*q2_0**2*q7_1 - 4599936*a4_0*b4*q11_1*q2_0*q3_0 + 3162456*a4_0*b4*q11_1*q2_0*q9_1 + 2811072*a4_0*b4*q11_1*q3_0*q8_1 + 2459688*a4_0*b4*q11_1*q4_0*q7_1 + 2108304*a4_0*b4*q11_1*q5_0 - 1581228*a4_0*q10_1*q11_1*q2_0 - 175692*a4_0*q11_0*q7_1 - 1058508*a4_0*q11_1*q2_0**3 + 1293732*a4_0*q11_1*q2_0**2*q8_1 + 2299968*a4_0*q11_1*q2_0*q3_0*q7_1 + 2012472*a4_0*q11_1*q2_0*q4_0 + 1022208*a4_0*q11_1*q3_0**2 - 1405536*a4_0*q11_1*q3_0*q9_1 - 1229844*a4_0*q11_1*q4_0*q8_1 - 1054152*a4_0*q11_1*q5_0*q7_1 - 878460*a4_0*q11_1*q6_0 + 2635380*a6_0*b4*q11_1*q2_0*q7_1 + 2342560*a6_0*b4*q11_1*q3_0 - 3221020*a6_0*b4*q11_1*q9_1 + 1610510*a6_0*q10_1*q11_1 + 1078110*a6_0*q11_1*q2_0**2 - 1317690*a6_0*q11_1*q2_0*q8_1 - 1171280*a6_0*q11_1*q3_0*q7_1 - 1024870*a6_0*q11_1*q4_0 + 2371842*a7_0*b4*q11_1*q2_0 - 2898918*a7_0*b4*q11_1*q8_1 - 1185921*a7_0*q11_1*q2_0*q7_1 - 1054152*a7_0*q11_1*q3_0 + 1449459*a7_0*q11_1*q9_1 - 2576816*a8_0*b4*q11_1*q7_1 - 1054152*a8_0*q11_1*q2_0 + 1288408*a8_0*q11_1*q8_1 - 2254714*a9_0*b4*q11_1 + 1127357*a9_0*q11_1*q7_1 + 1533312*b3*b4*q11_1*q2_0*q7_1 + 596288*b3*b4*q11_1*q3_0 - 1171280*b3*b4*q11_1*q7_1*q8_1 - 1171280*b3*b4*q11_1*q9_1 - 1171280*b3*q10_1*q11_1 + 106480*b3*q10_1 - 940896*b3*q11_1*q2_0**2 + 894432*b3*q11_1*q4_0 + 121176*b3*q2_0**2 - 115192*b3*q4_0 - 2342560*b4**2*q10_1**2 - 1411344*b4**2*q10_1*q2_0**2 + 1533312*b4**2*q10_1*q2_0*q7_1**2 + 3066624*b4**2*q10_1*q2_0*q8_1 + 2385152*b4**2*q10_1*q3_0*q7_1 + 894432*b4**2*q10_1*q4_0 - 2342560*b4**2*q10_1*q7_1*q9_1 - 1171280*b4**2*q10_1*q8_1**2 - 1533312*b4**2*q11_0*q2_0*q7_1 - 596288*b4**2*q11_0*q3_0 + 1171280*b4**2*q11_0*q7_1*q8_1 + 1171280*b4**2*q11_0*q9_1 + 2342560*b4*q10_1**2*q7_1 + 2342560*b4*q10_1*q11_0 + 2822688*b4*q10_1*q2_0**2*q7_1 + 2090880*b4*q10_1*q2_0*q3_0 - 3066624*b4*q10_1*q2_0*q7_1*q8_1 - 3066624*b4*q10_1*q2_0*q9_1 - 1192576*b4*q10_1*q3_0*q7_1**2 - 2385152*b4*q10_1*q3_0*q8_1 - 1788864*b4*q10_1*q4_0*q7_1 - 638880*b4*q10_1*q5_0 + 2342560*b4*q10_1*q8_1*q9_1 - 5174928*b4*q11_0*q11_1*q2_0**2 + 4919376*b4*q11_0*q11_1*q4_0 - 2309472*b4*q11_1*q2_0**4*q7_1 - 8211456*b4*q11_1*q2_0**3*q3_0 + 2822688*b4*q11_1*q2_0**3*q9_1 + 7527168*b4*q11_1*q2_0**2*q3_0*q8_1 + 6586272*b4*q11_1*q2_0**2*q4_0*q7_1 + 5645376*b4*q11_1*q2_0**2*q5_0 + 6690816*b4*q11_1*q2_0*q3_0**2*q7_1 + 11708928*b4*q11_1*q2_0*q3_0*q4_0 - 5366592*b4*q11_1*q2_0*q4_0*q9_1 - 4599936*b4*q11_1*q2_0*q5_0*q8_1 - 3833280*b4*q11_1*q2_0*q6_0*q7_1 - 3066624*b4*q11_1*q2_0*q7_0 + 1982464*b4*q11_1*q3_0**3 - 2725888*b4*q11_1*q3_0**2*q9_1 - 4770304*b4*q11_1*q3_0*q4_0*q8_1 - 4088832*b4*q11_1*q3_0*q5_0*q7_1 - 3407360*b4*q11_1*q3_0*q6_0 - 2087008*b4*q11_1*q4_0**2*q7_1 - 3577728*b4*q11_1*q4_0*q5_0 + 2342560*b4*q11_1*q6_0*q9_1 + 1874048*b4*q11_1*q7_0*q8_1 + 1405536*b4*q11_1*q7_1*q8_0 + 937024*b4*q11_1*q9_0 - 3748096*q10_0*q11_1 + 319440*q10_0 - 1171280*q10_1*q11_0*q7_1 - 1411344*q10_1*q11_1*q2_0**3 + 2683296*q10_1*q11_1*q2_0*q4_0 + 1362944*q10_1*q11_1*q3_0**2 - 1171280*q10_1*q11_1*q6_0 - 1171280*q11_0**2 - 1411344*q11_0*q2_0**2*q7_1 - 1045440*q11_0*q2_0*q3_0 + 1533312*q11_0*q2_0*q7_1*q8_1 + 1533312*q11_0*q2_0*q9_1 + 596288*q11_0*q3_0*q7_1**2 + 1192576*q11_0*q3_0*q8_1 + 894432*q11_0*q4_0*q7_1 + 319440*q11_0*q5_0 - 1171280*q11_0*q8_1*q9_1 - 944784*q11_1*q2_0**5 + 1154736*q11_1*q2_0**4*q8_1 + 4105728*q11_1*q2_0**3*q3_0*q7_1 + 3592512*q11_1*q2_0**3*q4_0 + 5474304*q11_1*q2_0**2*q3_0**2 - 3763584*q11_1*q2_0**2*q3_0*q9_1 - 3293136*q11_1*q2_0**2*q4_0*q8_1 - 2822688*q11_1*q2_0**2*q5_0*q7_1 - 2352240*q11_1*q2_0**2*q6_0 - 3345408*q11_1*q2_0*q3_0**2*q8_1 - 5854464*q11_1*q2_0*q3_0*q4_0*q7_1 - 5018112*q11_1*q2_0*q3_0*q5_0 - 2561328*q11_1*q2_0*q4_0**2 + 2299968*q11_1*q2_0*q5_0*q9_1 + 1916640*q11_1*q2_0*q6_0*q8_1 + 1533312*q11_1*q2_0*q7_0*q7_1 + 1149984*q11_1*q2_0*q8_0 - 991232*q11_1*q3_0**3*q7_1 - 2601984*q11_1*q3_0**2*q4_0 + 2385152*q11_1*q3_0*q4_0*q9_1 + 2044416*q11_1*q3_0*q5_0*q8_1 + 1703680*q11_1*q3_0*q6_0*q7_1 + 1362944*q11_1*q3_0*q7_0 + 1043504*q11_1*q4_0**2*q8_1 + 1788864*q11_1*q4_0*q5_0*q7_1 + 1490720*q11_1*q4_0*q6_0 + 766656*q11_1*q5_0**2 - 937024*q11_1*q7_0*q9_1 - 468512*q11_1*q7_1*q9_0 - 702768*q11_1*q8_0*q8_1
1	0	[1,1]	5	27	-49005*a1_0*b4**2*q11_1*q2_0 + 39930*a1_0*b4**2*q11_1*q7_1**2 + 79860*a1_0*b4**2*q11_1*q8_1 + 98010*a1_0*b4*q11_1*q2_0*q7_1 + 123420*a1_0*b4*q11_1*q3_0 - 79860*a1_0*b4*q11_1*q7_1*q8_1 - 79860*a1_0*b4*q11_1*q9_1 - 11220*a1_0*b4*q3_0 + 55902*a2_0*b4**2*q11_1*q7_1 + 121968*a2_0*b4*q11_1*q2_0 - 27951*a2_0*b4*q11_1*q7_1**2 - 55902*a2_0*b4*q11_1*q8_1 - 11781*a2_0*b4*q2_0 + 17303*a3_0*b4**2*q11_1 - 34606*a3_0*b4*q11_1*q7_1 - 103818*a4_0*b4*q11_1 + 12342*a4_0*b4 - 139392*b4**2*q11_1*q2_0*q7_1 - 54208*b4**2*q11_1*q3_0 + 106480*b4**2*q11_1*q7_1*q8_1 + 106480*b4**2*q11_1*q9_1 + 53240*b4*q10_1*q11_1 - 14520*b4*q10_1 - 149688*b4*q11_1*q2_0**2 + 69696*b4*q11_1*q2_0*q7_1**2 + 139392*b4*q11_1*q2_0*q8_1 + 108416*b4*q11_1*q3_0*q7_1 + 121968*b4*q11_1*q4_0 - 106480*b4*q11_1*q7_1*q9_1 - 53240*b4*q11_1*q8_1**2 + 11016*b4*q2_0**2 - 10472*b4*q4_0 - 106480*q11_0*q11_1 + 9680*q11_0
4	0	[0,2]	7	315	966306*a10_0*b1*q11_1 + 539055*a1_0*b1*b3*b4*q11_1*q2_0 - 439230*a1_0*b1*b3*b4*q11_1*q7_1**2 - 878460*a1_0*b1*b3*b4*q11_1*q8_1 + 958320*a1_0*b1*b3*q11_1*q3_0 - 123420*a1_0*b1*b3*q3_0 + 2156220*a1_0*b1*b4**2*q10_1*q2_0*q7_1 + 798600*a1_0*b1*b4**2*q10_1*q3_0 - 1756920*a1_0*b1*b4**2*q10_1*q7_1*q8_1 - 1756920*a1_0*b1*b4**2*q10_1*q9_1 - 539055*a1_0*b1*b4**2*q11_0*q2_0 + 439230*a1_0*b1*b4**2*q11_0*q7_1**2 + 878460*a1_0*b1*b4**2*q11_0*q8_1 + 1756920*a1_0*b1*b4*q10_1**2 + 882090*a1_0*b1*b4*q10_1*q2_0**2 - 1078110*a1_0*b1*b4*q10_1*q2_0*q7_1**2 - 2156220*a1_0*b1*b4*q10_1*q2_0*q8_1 - 1597200*a1_0*b1*b4*q10_1*q3_0*q7_1 - 559020*a1_0*b1*b4*q10_1*q4_0 + 1756920*a1_0*b1*b4*q10_1*q7_1*q9_1 + 878460*a1_0*b1*b4*q10_1*q8_1**2 + 5270760*a1_0*b1*b4*q11_0*q11_1*q3_0 - 2165130*a1_0*b1*b4*q11_1*q2_0**4 + 2646270*a1_0*b1*b4*q11_1*q2_0**3*q8_1 + 7056720*a1_0*b1*b4*q11_1*q2_0**2*q3_0*q7_1 + 6174630*a1_0*b1*b4*q11_1*q2_0**2*q4_0 + 6272640*a1_0*b1*b4*q11_1*q2_0*q3_0**2 - 5749920*a1_0*b1*b4*q11_1*q2_0*q3_0*q9_1 - 5031180*a1_0*b1*b4*q11_1*q2_0*q4_0*q8_1 - 4312440*a1_0*b1*b4*q11_1*q2_0*q5_0*q7_1 - 3593700*a1_0*b1*b4*q11_1*q2_0*q6_0 - 2555520*a1_0*b1*b4*q11_1*q3_0**2*q8_1 - 4472160*a1_0*b1*b4*q11_1*q3_0*q4_0*q7_1 - 3833280*a1_0*b1*b4*q11_1*q3_0*q5_0 - 1956570*a1_0*b1*b4*q11_1*q4_0**2 + 2635380*a1_0*b1*b4*q11_1*q5_0*q9_1 + 2196150*a1_0*b1*b4*q11_1*q6_0*q8_1 + 1756920*a1_0*b1*b4*q11_1*q7_0*q7_1 + 1317690*a1_0*b1*b4*q11_1*q8_0 - 878460*a1_0*b1*q10_1*q11_0 + 2874960*a1_0*b1*q10_1*q11_1*q2_0*q3_0 - 1317690*a1_0*b1*q10_1*q11_1*q5_0 - 441045*a1_0*b1*q11_0*q2_0**2 + 539055*a1_0*b1*q11_0*q2_0*q7_1**2 + 1078110*a1_0*b1*q11_0*q2_0*q8_1 + 798600*a1_0*b1*q11_0*q3_0*q7_1 + 279510*a1_0*b1*q11_0*q4_0 - 878460*a1_0*b1*q11_0*q7_1*q9_1 - 439230*a1_0*b1*q11_0*q8_1**2 + 1082565*a1_0*b1*q11_1*q2_0**4*q7_1 + 3849120*a1_0*b1*q11_1*q2_0**3*q3_0 - 1323135*a1_0*b1*q11_1*q2_0**3*q9_1 - 3528360*a1_0*b1*q11_1*q2_0**2*q3_0*q8_1 - 3087315*a1_0*b1*q11_1*q2_0**2*q4_0*q7_1 - 2646270*a1_0*b1*q11_1*q2_0**2*q5_0 - 3136320*a1_0*b1*q11_1*q2_0*q3_0**2*q7_1 - 5488560*a1_0*b1*q11_1*q2_0*q3_0*q4_0 + 2515590*a1_0*b1*q11_1*q2_0*q4_0*q9_1 + 2156220*a1_0*b1*q11_1*q2_0*q5_0*q8_1 + 1796850*a1_0*b1*q11_1*q2_0*q6_0*q7_1 + 1437480*a1_0*b1*q11_1*q2_0*q7_0 - 929280*a1_0*b1*q11_1*q3_0**3 + 1277760*a1_0*b1*q11_1*q3_0**2*q9_1 + 2236080*a1_0*b1*q11_1*q3_0*q4_0*q8_1 + 1916640*a1_0*b1*q11_1*q3_0*q5_0*q7_1 + 1597200*a1_0*b1*q11_1*q3_0*q6_0 + 978285*a1_0*b1*q11_1*q4_0**2*q7_1 + 1677060*a1_0*b1*q11_1*q4_0*q5_0 - 1098075*a1_0*b1*q11_1*q6_0*q9_1 - 878460*a1_0*b1*q11_1*q7_0*q8_1 - 658845*a1_0*b1*q11_1*q7_1*q8_0 - 439230*a1_0*b1*q11_1*q9_0 - 1078110*a1_0*b4**2*q11_1*q2_0 + 878460*a1_0*b4**2*q11_1*q7_1**2 + 1756920*a1_0*b4**2*q11_1*q8_1 + 2156220*a1_0*b4*q11_1*q2_0*q7_1 + 2715240*a1_0*b4*q11_1*q3_0 - 1756920*a1_0*b4*q11_1*q7_1*q8_1 - 1756920*a1_0*b4*q11_1*q9_1 - 246840*a1_0*b4*q3_0 - 614922*a2_0*b1*b3*b4*q11_1*q7_1 + 1006236*a2_0*b1*b3*q11_1*q2_0 - 129591*a2_0*b1*b3*q2_0 + 670824*a2_0*b1*b4**2*q10_1*q2_0 - 614922*a2_0*b1*b4**2*q10_1*q7_1**2 - 1229844*a2_0*b1*b4**2*q10_1*q8_1 + 614922*a2_0*b1*b4**2*q11_0*q7_1 - 1341648*a2_0*b1*b4*q10_1*q2_0*q7_1 - 447216*a2_0*b1*b4*q10_1*q3_0 + 1229844*a2_0*b1*b4*q10_1*q7_1*q8_1 + 1229844*a2_0*b1*b4*q10_1*q9_1 + 5534298*a2_0*b1*b4*q11_0*q11_1*q2_0 + 2469852*a2_0*b1*b4*q11_1*q2_0**3*q7_1 + 6586272*a2_0*b1*b4*q11_1*q2_0**2*q3_0 - 3018708*a2_0*b1*b4*q11_1*q2_0**2*q9_1 - 5366592*a2_0*b1*b4*q11_1*q2_0*q3_0*q8_1 - 4695768*a2_0*b1*b4*q11_1*q2_0*q4_0*q7_1 - 4024944*a2_0*b1*b4*q11_1*q2_0*q5_0 - 2385152*a2_0*b1*b4*q11_1*q3_0**2*q7_1 - 4174016*a2_0*b1*b4*q11_1*q3_0*q4_0 + 2869636*a2_0*b1*b4*q11_1*q4_0*q9_1 + 2459688*a2_0*b1*b4*q11_1*q5_0*q8_1 + 2049740*a2_0*b1*b4*q11_1*q6_0*q7_1 + 1639792*a2_0*b1*b4*q11_1*q7_0 + 1509354*a2_0*b1*q10_1*q11_1*q2_0**2 - 1434818*a2_0*b1*q10_1*q11_1*q4_0 + 670824*a2_0*b1*q11_0*q2_0*q7_1 + 223608*a2_0*b1*q11_0*q3_0 - 614922*a2_0*b1*q11_0*q7_1*q8_1 - 614922*a2_0*b1*q11_0*q9_1 + 1010394*a2_0*b1*q11_1*q2_0**4 - 1234926*a2_0*b1*q11_1*q2_0**3*q8_1 - 3293136*a2_0*b1*q11_1*q2_0**2*q3_0*q7_1 - 2881494*a2_0*b1*q11_1*q2_0**2*q4_0 - 2927232*a2_0*b1*q11_1*q2_0*q3_0**2 + 2683296*a2_0*b1*q11_1*q2_0*q3_0*q9_1 + 2347884*a2_0*b1*q11_1*q2_0*q4_0*q8_1 + 2012472*a2_0*b1*q11_1*q2_0*q5_0*q7_1 + 1677060*a2_0*b1*q11_1*q2_0*q6_0 + 1192576*a2_0*b1*q11_1*q3_0**2*q8_1 + 2087008*a2_0*b1*q11_1*q3_0*q4_0*q7_1 + 1788864*a2_0*b1*q11_1*q3_0*q5_0 + 913066*a2_0*b1*q11_1*q4_0**2 - 1229844*a2_0*b1*q11_1*q5_0*q9_1 - 1024870*a2_0*b1*q11_1*q6_0*q8_1 - 819896*a2_0*b1*q11_1*q7_0*q7_1 - 614922*a2_0*b1*q11_1*q8_0 + 1229844*a2_0*b4**2*q11_1*q7_1 + 2683296*a2_0*b4*q11_1*q2_0 - 614922*a2_0*b4*q11_1*q7_1**2 - 1229844*a2_0*b4*q11_1*q8_1 - 259182*a2_0*b4*q2_0 - 190333*a3_0*b1*b3*b4*q11_1 - 761332*a3_0*b1*b4**2*q10_1*q7_1 + 190333*a3_0*b1*b4**2*q11_0 - 311454*a3_0*b1*b4*q10_1*q2_0 + 380666*a3_0*b1*b4*q10_1*q7_1**2 + 761332*a3_0*b1*b4*q10_1*q8_1 + 2293434*a3_0*b1*b4*q11_1*q2_0**3 - 2803086*a3_0*b1*b4*q11_1*q2_0**2*q8_1 - 4983264*a3_0*b1*b4*q11_1*q2_0*q3_0*q7_1 - 4360356*a3_0*b1*b4*q11_1*q2_0*q4_0 - 2214784*a3_0*b1*b4*q11_1*q3_0**2 + 3045328*a3_0*b1*b4*q11_1*q3_0*q9_1 + 2664662*a3_0*b1*b4*q11_1*q4_0*q8_1 + 2283996*a3_0*b1*b4*q11_1*q5_0*q7_1 + 1903330*a3_0*b1*b4*q11_1*q6_0 - 1522664*a3_0*b1*q10_1*q11_1*q3_0 + 155727*a3_0*b1*q11_0*q2_0 - 190333*a3_0*b1*q11_0*q7_1**2 - 380666*a3_0*b1*q11_0*q8_1 - 1146717*a3_0*b1*q11_1*q2_0**3*q7_1 - 3057912*a3_0*b1*q11_1*q2_0**2*q3_0 + 1401543*a3_0*b1*q11_1*q2_0**2*q9_1 + 2491632*a3_0*b1*q11_1*q2_0*q3_0*q8_1 + 2180178*a3_0*b1*q11_1*q2_0*q4_0*q7_1 + 1868724*a3_0*b1*q11_1*q2_0*q5_0 + 1107392*a3_0*b1*q11_1*q3_0**2*q7_1 + 1937936*a3_0*b1*q11_1*q3_0*q4_0 - 1332331*a3_0*b1*q11_1*q4_0*q9_1 - 1141998*a3_0*b1*q11_1*q5_0*q8_1 - 951665*a3_0*b1*q11_1*q6_0*q7_1 - 761332*a3_0*b1*q11_1*q7_0 + 380666*a3_0*b4**2*q11_1 - 761332*a3_0*b4*q11_1*q7_1 - 1054152*a4_0*b1*b3*q11_1 + 135762*a4_0*b1*b3 - 175692*a4_0*b1*b4**2*q10_1 + 351384*a4_0*b1*b4*q10_1*q7_1 - 5797836*a4_0*b1*b4*q11_0*q11_1 - 2587464*a4_0*b1*b4*q11_1*q2_0**2*q7_1 - 4599936*a4_0*b1*b4*q11_1*q2_0*q3_0 + 3162456*a4_0*b1*b4*q11_1*q2_0*q9_1 + 2811072*a4_0*b1*b4*q11_1*q3_0*q8_1 + 2459688*a4_0*b1*b4*q11_1*q4_0*q7_1 + 2108304*a4_0*b1*b4*q11_1*q5_0 - 1581228*a4_0*b1*q10_1*q11_1*q2_0 - 175692*a4_0*b1*q11_0*q7_1 - 1058508*a4_0*b1*q11_1*q2_0**3 + 1293732*a4_0*b1*q11_1*q2_0**2*q8_1 + 2299968*a4_0*b1*q11_1*q2_0*q3_0*q7_1 + 2012472*a4_0*b1*q11_1*q2_0*q4_0 + 1022208*a4_0*b1*q11_1*q3_0**2 - 1405536*a4_0*b1*q11_1*q3_0*q9_1 - 1229844*a4_0*b1*q11_1*q4_0*q8_1 - 1054152*a4_0*b1*q11_1*q5_0*q7_1 - 878460*a4_0*b1*q11_1*q6_0 - 2283996*a4_0*b4*q11_1 + 271524*a4_0*b4 + 2635380*a6_0*b1*b4*q11_1*q2_0*q7_1 + 2342560*a6_0*b1*b4*q11_1*q3_0 - 3221020*a6_0*b1*b4*q11_1*q9_1 + 1610510*a6_0*b1*q10_1*q11_1 + 1078110*a6_0*b1*q11_1*q2_0**2 - 1317690*a6_0*b1*q11_1*q2_0*q8_1 - 1171280*a6_0*b1*q11_1*q3_0*q7_1 - 1024870*a6_0*b1*q11_1*q4_0 + 2371842*a7_0*b1*b4*q11_1*q2_0 - 2898918*a7_0*b1*b4*q11_1*q8_1 - 1185921*a7_0*b1*q11_1*q2_0*q7_1 - 1054152*a7_0*b1*q11_1*q3_0 + 1449459*a7_0*b1*q11_1*q9_1 - 2576816*a8_0*b1*b4*q11_1*q7_1 - 1054152*a8_0*b1*q11_1*q2_0 + 1288408*a8_0*b1*q11_1*q8_1 - 2254714*a9_0*b1*b4*q11_1 + 1127357*a9_0*b1*q11_1*q7_1 + 1533312*b1*b3*b4*q11_1*q2_0*q7_1 + 596288*b1*b3*b4*q11_1*q3_0 - 1171280*b1*b3*b4*q11_1*q7_1*q8_1 - 1171280*b1*b3*b4*q11_1*q9_1 - 1171280*b1*b3*q10_1*q11_1 + 106480*b1*b3*q10_1 - 940896*b1*b3*q11_1*q2_0**2 + 894432*b1*b3*q11_1*q4_0 + 121176*b1*b3*q2_0**2 - 115192*b1*b3*q4_0 - 2342560*b1*b4**2*q10_1**2 - 1411344*b1*b4**2*q10_1*q2_0**2 + 1533312*b1*b4**2*q10_1*q2_0*q7_1**2 + 3066624*b1*b4**2*q10_1*q2_0*q8_1 + 2385152*b1*b4**2*q10_1*q3_0*q7_1 + 894432*b1*b4**2*q10_1*q4_0 - 2342560*b1*b4**2*q10_1*q7_1*q9_1 - 1171280*b1*b4**2*q10_1*q8_1**2 - 1533312*b1*b4**2*q11_0*q2_0*q7_1 - 596288*b1*b4**2*q11_0*q3_0 + 1171280*b1*b4**2*q11_0*q7_1*q8_1 + 1171280*b1*b4**2*q11_0*q9_1 + 2342560*b1*b4*q10_1**2*q7_1 + 2342560*b1*b4*q10_1*q11_0 + 2822688*b1*b4*q10_1*q2_0**2*q7_1 + 2090880*b1*b4*q10_1*q2_0*q3_0 - 3066624*b1*b4*q10_1*q2_0*q7_1*q8_1 - 3066624*b1*b4*q10_1*q2_0*q9_1 - 1192576*b1*b4*q10_1*q3_0*q7_1**2 - 2385152*b1*b4*q10_1*q3_0*q8_1 - 1788864*b1*b4*q10_1*q4_0*q7_1 - 638880*b1*b4*q10_1*q5_0 + 2342560*b1*b4*q10_1*q8_1*q9_1 - 5174928*b1*b4*q11_0*q11_1*q2_0**2 + 4919376*b1*b4*q11_0*q11_1*q4_0 - 2309472*b1*b4*q11_1*q2_0**4*q7_1 - 8211456*b1*b4*q11_1*q2_0**3*q3_0 + 2822688*b1*b4*q11_1*q2_0**3*q9_1 + 7527168*b1*b4*q11_1*q2_0**2*q3_0*q8_1 + 6586272*b1*b4*q11_1*q2_0**2*q4_0*q7_1 + 5645376*b1*b4*q11_1*q2_0**2*q5_0 + 6690816*b1*b4*q11_1*q2_0*q3_0**2*q7_1 + 11708928*b1*b4*q11_1*q2_0*q3_0*q4_0 - 5366592*b1*b4*q11_1*q2_0*q4_0*q9_1 - 4599936*b1*b4*q11_1*q2_0*q5_0*q8_1 - 3833280*b1*b4*q11_1*q2_0*q6_0*q7_1 - 3066624*b1*b4*q11_1*q2_0*q7_0 + 1982464*b1*b4*q11_1*q3_0**3 - 2725888*b1*b4*q11_1*q3_0**2*q9_1 - 4770304*b1*b4*q11_1*q3_0*q4_0*q8_1 - 4088832*b1*b4*q11_1*q3_0*q5_0*q7_1 - 3407360*b1*b4*q11_1*q3_0*q6_0 - 2087008*b1*b4*q11_1*q4_0**2*q7_1 - 3577728*b1*b4*q11_1*q4_0*q5_0 + 2342560*b1*b4*q11_1*q6_0*q9_1 + 1874048*b1*b4*q11_1*q7_0*q8_1 + 1405536*b1*b4*q11_1*q7_1*q8_0 + 937024*b1*b4*q11_1*q9_0 - 3748096*b1*q10_0*q11_1 + 319440*b1*q10_0 - 1171280*b1*q10_1*q11_0*q7_1 - 1411344*b1*q10_1*q11_1*q2_0**3 + 2683296*b1*q10_1*q11_1*q2_0*q4_0 + 1362944*b1*q10_1*q11_1*q3_0**2 - 1171280*b1*q10_1*q11_1*q6_0 - 1171280*b1*q11_0**2 - 1411344*b1*q11_0*q2_0**2*q7_1 - 1045440*b1*q11_0*q2_0*q3_0 + 1533312*b1*q11_0*q2_0*q7_1*q8_1 + 1533312*b1*q11_0*q2_0*q9_1 + 596288*b1*q11_0*q3_0*q7_1**2 + 1192576*b1*q11_0*q3_0*q8_1 + 894432*b1*q11_0*q4_0*q7_1 + 319440*b1*q11_0*q5_0 - 1171280*b1*q11_0*q8_1*q9_1 - 944784*b1*q11_1*q2_0**5 + 1154736*b1*q11_1*q2_0**4*q8_1 + 4105728*b1*q11_1*q2_0**3*q3_0*q7_1 + 3592512*b1*q11_1*q2_0**3*q4_0 + 5474304*b1*q11_1*q2_0**2*q3_0**2 - 3763584*b1*q11_1*q2_0**2*q3_0*q9_1 - 3293136*b1*q11_1*q2_0**2*q4_0*q8_1 - 2822688*b1*q11_1*q2_0**2*q5_0*q7_1 - 2352240*b1*q11_1*q2_0**2*q6_0 - 3345408*b1*q11_1*q2_0*q3_0**2*q8_1 - 5854464*b1*q11_1*q2_0*q3_0*q4_0*q7_1 - 5018112*b1*q11_1*q2_0*q3_0*q5_0 - 2561328*b1*q11_1*q2_0*q4_0**2 + 2299968*b1*q11_1*q2_0*q5_0*q9_1 + 1916640*b1*q11_1*q2_0*q6_0*q8_1 + 1533312*b1*q11_1*q2_0*q7_0*q7_1 + 1149984*b1*q11_1*q2_0*q8_0 - 991232*b1*q11_1*q3_0**3*q7_1 - 2601984*b1*q11_1*q3_0**2*q4_0 + 2385152*b1*q11_1*q3_0*q4_0*q9_1 + 2044416*b1*q11_1*q3_0*q5_0*q8_1 + 1703680*b1*q11_1*q3_0*q6_0*q7_1 + 1362944*b1*q11_1*q3_0*q7_0 + 1043504*b1*q11_1*q4_0**2*q8_1 + 1788864*b1*q11_1*q4_0*q5_0*q7_1 + 1490720*b1*q11_1*q4_0*q6_0 + 766656*b1*q11_1*q5_0**2 - 937024*b1*q11_1*q7_0*q9_1 - 468512*b1*q11_1*q7_1*q9_0 - 702768*b1*q11_1*q8_0*q8_1 - 3066624*b4**2*q11_1*q2_0*q7_1 - 1192576*b4**2*q11_1*q3_0 + 2342560*b4**2*q11_1*q7_1*q8_1 + 2342560*b4**2*q11_1*q9_1 + 1171280*b4*q10_1*q11_1 - 319440*b4*q10_1 - 3293136*b4*q11_1*q2_0**2 + 1533312*b4*q11_1*q2_0*q7_1**2 + 3066624*b4*q11_1*q2_0*q8_1 + 2385152*b4*q11_1*q3_0*q7_1 + 2683296*b4*q11_1*q4_0 - 2342560*b4*q11_1*q7_1*q9_1 - 1171280*b4*q11_1*q8_1**2 + 242352*b4*q2_0**2 - 230384*b4*q4_0 - 2342560*q11_0*q11_1 + 212960*q11_0
5	0	[0,1]	8	465	966306*a10_0*b2*q11_1 + 966306*a10_0*b4*q10_0 - 1771561*a15_0*b3*q11_1 - 1771561*a15_0*b4*q11_0 - 1078110*a1_0*b1*b4**2*q11_1*q2_0 + 878460*a1_0*b1*b4**2*q11_1*q7_1**2 + 1756920*a1_0*b1*b4**2*q11_1*q8_1 + 2156220*a1_0*b1*b4*q11_1*q2_0*q7_1 + 2715240*a1_0*b1*b4*q11_1*q3_0 - 1756920*a1_0*b1*b4*q11_1*q7_1*q8_1 - 1756920*a1_0*b1*b4*q11_1*q9_1 - 246840*a1_0*b1*b4*q3_0 + 539055*a1_0*b2*b3*b4*q11_1*q2_0 - 439230*a1_0*b2*b3*b4*q11_1*q7_1**2 - 878460*a1_0*b2*b3*b4*q11_1*q8_1 + 958320*a1_0*b2*b3*q11_1*q3_0 - 123420*a1_0*b2*b3*q3_0 + 2156220*a1_0*b2*b4**2*q10_1*q2_0*q7_1 + 798600*a1_0*b2*b4**2*q10_1*q3_0 - 1756920*a1_0*b2*b4**2*q10_1*q7_1*q8_1 - 1756920*a1_0*b2*b4**2*q10_1*q9_1 - 539055*a1_0*b2*b4**2*q11_0*q2_0 + 439230*a1_0*b2*b4**2*q11_0*q7_1**2 + 878460*a1_0*b2*b4**2*q11_0*q8_1 + 1756920*a1_0*b2*b4*q10_1**2 + 882090*a1_0*b2*b4*q10_1*q2_0**2 - 1078110*a1_0*b2*b4*q10_1*q2_0*q7_1**2 - 2156220*a1_0*b2*b4*q10_1*q2_0*q8_1 - 1597200*a1_0*b2*b4*q10_1*q3_0*q7_1 - 559020*a1_0*b2*b4*q10_1*q4_0 + 1756920*a1_0*b2*b4*q10_1*q7_1*q9_1 + 878460*a1_0*b2*b4*q10_1*q8_1**2 + 5270760*a1_0*b2*b4*q11_0*q11_1*q3_0 - 2165130*a1_0*b2*b4*q11_1*q2_0**4 + 2646270*a1_0*b2*b4*q11_1*q2_0**3*q8_1 + 7056720*a1_0*b2*b4*q11_1*q2_0**2*q3_0*q7_1 + 6174630*a1_0*b2*b4*q11_1*q2_0**2*q4_0 + 6272640*a1_0*b2*b4*q11_1*q2_0*q3_0**2 - 5749920*a1_0*b2*b4*q11_1*q2_0*q3_0*q9_1 - 5031180*a1_0*b2*b4*q11_1*q2_0*q4_0*q8_1 - 4312440*a1_0*b2*b4*q11_1*q2_0*q5_0*q7_1 - 3593700*a1_0*b2*b4*q11_1*q2_0*q6_0 - 2555520*a1_0*b2*b4*q11_1*q3_0**2*q8_1 - 4472160*a1_0*b2*b4*q11_1*q3_0*q4_0*q7_1 - 3833280*a1_0*b2*b4*q11_1*q3_0*q5_0 - 1956570*a1_0*b2*b4*q11_1*q4_0**2 + 2635380*a1_0*b2*b4*q11_1*q5_0*q9_1 + 2196150*a1_0*b2*b4*q11_1*q6_0*q8_1 + 1756920*a1_0*b2*b4*q11_1*q7_0*q7_1 + 1317690*a1_0*b2*b4*q11_1*q8_0 - 878460*a1_0*b2*q10_1*q11_0 + 2874960*a1_0*b2*q10_1*q11_1*q2_0*q3_0 - 1317690*a1_0*b2*q10_1*q11_1*q5_0 - 441045*a1_0*b2*q11_0*q2_0**2 + 539055*a1_0*b2*q11_0*q2_0*q7_1**2 + 1078110*a1_0*b2*q11_0*q2_0*q8_1 + 798600*a1_0*b2*q11_0*q3_0*q7_1 + 279510*a1_0*b2*q11_0*q4_0 - 878460*a1_0*b2*q11_0*q7_1*q9_1 - 439230*a1_0*b2*q11_0*q8_1**2 + 1082565*a1_0*b2*q11_1*q2_0**4*q7_1 + 3849120*a1_0*b2*q11_1*q2_0**3*q3_0 - 1323135*a1_0*b2*q11_1*q2_0**3*q9_1 - 3528360*a1_0*b2*q11_1*q2_0**2*q3_0*q8_1 - 3087315*a1_0*b2*q11_1*q2_0**2*q4_0*q7_1 - 2646270*a1_0*b2*q11_1*q2_0**2*q5_0 - 3136320*a1_0*b2*q11_1*q2_0*q3_0**2*q7_1 - 5488560*a1_0*b2*q11_1*q2_0*q3_0*q4_0 + 2515590*a1_0*b2*q11_1*q2_0*q4_0*q9_1 + 2156220*a1_0*b2*q11_1*q2_0*q5_0*q8_1 + 1796850*a1_0*b2*q11_1*q2_0*q6_0*q7_1 + 1437480*a1_0*b2*q11_1*q2_0*q7_0 - 929280*a1_0*b2*q11_1*q3_0**3 + 1277760*a1_0*b2*q11_1*q3_0**2*q9_1 + 2236080*a1_0*b2*q11_1*q3_0*q4_0*q8_1 + 1916640*a1_0*b2*q11_1*q3_0*q5_0*q7_1 + 1597200*a1_0*b2*q11_1*q3_0*q6_0 + 978285*a1_0*b2*q11_1*q4_0**2*q7_1 + 1677060*a1_0*b2*q11_1*q4_0*q5_0 - 1098075*a1_0*b2*q11_1*q6_0*q9_1 - 878460*a1_0*b2*q11_1*q7_0*q8_1 - 658845*a1_0*b2*q11_1*q7_1*q8_0 - 439230*a1_0*b2*q11_1*q9_0 + 878460*a1_0*b3*q10_0*q10_1 + 1617165*a1_0*b3*q10_0*q11_1*q2_0**2 - 1537305*a1_0*b3*q10_0*q11_1*q4_0 + 441045*a1_0*b3*q10_0*q2_0**2 - 539055*a1_0*b3*q10_0*q2_0*q7_1**2 - 1078110*a1_0*b3*q10_0*q2_0*q8_1 - 798600*a1_0*b3*q10_0*q3_0*q7_1 - 279510*a1_0*b3*q10_0*q4_0 + 878460*a1_0*b3*q10_0*q7_1*q9_1 + 439230*a1_0*b3*q10_0*q8_1**2 + 2874960*a1_0*b4*q10_0*q10_1*q2_0*q3_0 - 1317690*a1_0*b4*q10_0*q10_1*q5_0 + 1617165*a1_0*b4*q10_0*q11_0*q2_0**2 - 1537305*a1_0*b4*q10_0*q11_0*q4_0 + 1082565*a1_0*b4*q10_0*q2_0**4*q7_1 + 3849120*a1_0*b4*q10_0*q2_0**3*q3_0 - 1323135*a1_0*b4*q10_0*q2_0**3*q9_1 - 3528360*a1_0*b4*q10_0*q2_0**2*q3_0*q8_1 - 3087315*a1_0*b4*q10_0*q2_0**2*q4_0*q7_1 - 2646270*a1_0*b4*q10_0*q2_0**2*q5_0 - 3136320*a1_0*b4*q10_0*q2_0*q3_0**2*q7_1 - 5488560*a1_0*b4*q10_0*q2_0*q3_0*q4_0 + 2515590*a1_0*b4*q10_0*q2_0*q4_0*q9_1 + 2156220*a1_0*b4*q10_0*q2_0*q5_0*q8_1 + 1796850*a1_0*b4*q10_0*q2_0*q6_0*q7_1 + 1437480*a1_0*b4*q10_0*q2_0*q7_0 - 929280*a1_0*b4*q10_0*q3_0**3 + 1277760*a1_0*b4*q10_0*q3_0**2*q9_1 + 2236080*a1_0*b4*q10_0*q3_0*q4_0*q8_1 + 1916640*a1_0*b4*q10_0*q3_0*q5_0*q7_1 + 1597200*a1_0*b4*q10_0*q3_0*q6_0 + 978285*a1_0*b4*q10_0*q4_0**2*q7_1 + 1677060*a1_0*b4*q10_0*q4_0*q5_0 - 1098075*a1_0*b4*q10_0*q6_0*q9_1 - 878460*a1_0*b4*q10_0*q7_0*q8_1 - 658845*a1_0*b4*q10_0*q7_1*q8_0 - 439230*a1_0*b4*q10_0*q9_0 + 1229844*a2_0*b1*b4**2*q11_1*q7_1 + 2683296*a2_0*b1*b4*q11_1*q2_0 - 614922*a2_0*b1*b4*q11_1*q7_1**2 - 1229844*a2_0*b1*b4*q11_1*q8_1 - 259182*a2_0*b1*b4*q2_0 - 614922*a2_0*b2*b3*b4*q11_1*q7_1 + 1006236*a2_0*b2*b3*q11_1*q2_0 - 129591*a2_0*b2*b3*q2_0 + 670824*a2_0*b2*b4**2*q10_1*q2_0 - 614922*a2_0*b2*b4**2*q10_1*q7_1**2 - 1229844*a2_0*b2*b4**2*q10_1*q8_1 + 614922*a2_0*b2*b4**2*q11_0*q7_1 - 1341648*a2_0*b2*b4*q10_1*q2_0*q7_1 - 447216*a2_0*b2*b4*q10_1*q3_0 + 1229844*a2_0*b2*b4*q10_1*q7_1*q8_1 + 1229844*a2_0*b2*b4*q10_1*q9_1 + 5534298*a2_0*b2*b4*q11_0*q11_1*q2_0 + 2469852*a2_0*b2*b4*q11_1*q2_0**3*q7_1 + 6586272*a2_0*b2*b4*q11_1*q2_0**2*q3_0 - 3018708*a2_0*b2*b4*q11_1*q2_0**2*q9_1 - 5366592*a2_0*b2*b4*q11_1*q2_0*q3_0*q8_1 - 4695768*a2_0*b2*b4*q11_1*q2_0*q4_0*q7_1 - 4024944*a2_0*b2*b4*q11_1*q2_0*q5_0 - 2385152*a2_0*b2*b4*q11_1*q3_0**2*q7_1 - 4174016*a2_0*b2*b4*q11_1*q3_0*q4_0 + 2869636*a2_0*b2*b4*q11_1*q4_0*q9_1 + 2459688*a2_0*b2*b4*q11_1*q5_0*q8_1 + 2049740*a2_0*b2*b4*q11_1*q6_0*q7_1 + 1639792*a2_0*b2*b4*q11_1*q7_0 + 1509354*a2_0*b2*q10_1*q11_1*q2_0**2 - 1434818*a2_0*b2*q10_1*q11_1*q4_0 + 670824*a2_0*b2*q11_0*q2_0*q7_1 + 223608*a2_0*b2*q11_0*q3_0 - 614922*a2_0*b2*q11_0*q7_1*q8_1 - 614922*a2_0*b2*q11_0*q9_1 + 1010394*a2_0*b2*q11_1*q2_0**4 - 1234926*a2_0*b2*q11_1*q2_0**3*q8_1 - 3293136*a2_0*b2*q11_1*q2_0**2*q3_0*q7_1 - 2881494*a2_0*b2*q11_1*q2_0**2*q4_0 - 2927232*a2_0*b2*q11_1*q2_0*q3_0**2 + 2683296*a2_0*b2*q11_1*q2_0*q3_0*q9_1 + 2347884*a2_0*b2*q11_1*q2_0*q4_0*q8_1 + 2012472*a2_0*b2*q11_1*q2_0*q5_0*q7_1 + 1677060*a2_0*b2*q11_1*q2_0*q6_0 + 1192576*a2_0*b2*q11_1*q3_0**2*q8_1 + 2087008*a2_0*b2*q11_1*q3_0*q4_0*q7_1 + 1788864*a2_0*b2*q11_1*q3_0*q5_0 + 913066*a2_0*b2*q11_1*q4_0**2 - 1229844*a2_0*b2*q11_1*q5_0*q9_1 - 1024870*a2_0*b2*q11_1*q6_0*q8_1 - 819896*a2_0*b2*q11_1*q7_0*q7_1 - 614922*a2_0*b2*q11_1*q8_0 - 1639792*a2_0*b3*q10_0*q11_1*q3_0 - 670824*a2_0*b3*q10_0*q2_0*q7_1 - 223608*a2_0*b3*q10_0*q3_0 + 614922*a2_0*b3*q10_0*q7_1*q8_1 + 614922*a2_0*b3*q10_0*q9_1 + 1509354*a2_0*b4*q10_0*q10_1*q2_0**2 - 1434818*a2_0*b4*q10_0*q10_1*q4_0 - 1639792*a2_0*b4*q10_0*q11_0*q3_0 + 1010394*a2_0*b4*q10_0*q2_0**4 - 1234926*a2_0*b4*q10_0*q2_0**3*q8_1 - 3293136*a2_0*b4*q10_0*q2_0**2*q3_0*q7_1 - 2881494*a2_0*b4*q10_0*q2_0**2*q4_0 - 2927232*a2_0*b4*q10_0*q2_0*q3_0**2 + 2683296*a2_0*b4*q10_0*q2_0*q3_0*q9_1 + 2347884*a2_0*b4*q10_0*q2_0*q4_0*q8_1 + 2012472*a2_0*b4*q10_0*q2_0*q5_0*q7_1 + 1677060*a2_0*b4*q10_0*q2_0*q6_0 + 1192576*a2_0*b4*q10_0*q3_0**2*q8_1 + 2087008*a2_0*b4*q10_0*q3_0*q4_0*q7_1 + 1788864*a2_0*b4*q10_0*q3_0*q5_0 + 913066*a2_0*b4*q10_0*q4_0**2 - 1229844*a2_0*b4*q10_0*q5_0*q9_1 - 1024870*a2_0*b4*q10_0*q6_0*q8_1 - 819896*a2_0*b4*q10_0*q7_0*q7_1 - 614922*a2_0*b4*q10_0*q8_0 + 380666*a3_0*b1*b4**2*q11_1 - 761332*a3_0*b1*b4*q11_1*q7_1 - 190333*a3_0*b2*b3*b4*q11_1 - 761332*a3_0*b2*b4**2*q10_1*q7_1 + 190333*a3_0*b2*b4**2*q11_0 - 311454*a3_0*b2*b4*q10_1*q2_0 + 380666*a3_0*b2*b4*q10_1*q7_1**2 + 761332*a3_0*b2*b4*q10_1*q8_1 + 2293434*a3_0*b2*b4*q11_1*q2_0**3 - 2803086*a3_0*b2*b4*q11_1*q2_0**2*q8_1 - 4983264*a3_0*b2*b4*q11_1*q2_0*q3_0*q7_1 - 4360356*a3_0*b2*b4*q11_1*q2_0*q4_0 - 2214784*a3_0*b2*b4*q11_1*q3_0**2 + 3045328*a3_0*b2*b4*q11_1*q3_0*q9_1 + 2664662*a3_0*b2*b4*q11_1*q4_0*q8_1 + 2283996*a3_0*b2*b4*q11_1*q5_0*q7_1 + 1903330*a3_0*b2*b4*q11_1*q6_0 - 1522664*a3_0*b2*q10_1*q11_1*q3_0 + 155727*a3_0*b2*q11_0*q2_0 - 190333*a3_0*b2*q11_0*q7_1**2 - 380666*a3_0*b2*q11_0*q8_1 - 1146717*a3_0*b2*q11_1*q2_0**3*q7_1 - 3057912*a3_0*b2*q11_1*q2_0**2*q3_0 + 1401543*a3_0*b2*q11_1*q2_0**2*q9_1 + 2491632*a3_0*b2*q11_1*q2_0*q3_0*q8_1 + 2180178*a3_0*b2*q11_1*q2_0*q4_0*q7_1 + 1868724*a3_0*b2*q11_1*q2_0*q5_0 + 1107392*a3_0*b2*q11_1*q3_0**2*q7_1 + 1937936*a3_0*b2*q11_1*q3_0*q4_0 - 1332331*a3_0*b2*q11_1*q4_0*q9_1 - 1141998*a3_0*b2*q11_1*q5_0*q8_1 - 951665*a3_0*b2*q11_1*q6_0*q7_1 - 761332*a3_0*b2*q11_1*q7_0 - 1712997*a3_0*b3*q10_0*q11_1*q2_0 - 155727*a3_0*b3*q10_0*q2_0 + 190333*a3_0*b3*q10_0*q7_1**2 + 380666*a3_0*b3*q10_0*q8_1 - 1522664*a3_0*b4*q10_0*q10_1*q3_0 - 1712997*a3_0*b4*q10_0*q11_0*q2_0 - 1146717*a3_0*b4*q10_0*q2_0**3*q7_1 - 3057912*a3_0*b4*q10_0*q2_0**2*q3_0 + 1401543*a3_0*b4*q10_0*q2_0**2*q9_1 + 2491632*a3_0*b4*q10_0*q2_0*q3_0*q8_1 + 2180178*a3_0*b4*q10_0*q2_0*q4_0*q7_1 + 1868724*a3_0*b4*q10_0*q2_0*q5_0 + 1107392*a3_0*b4*q10_0*q3_0**2*q7_1 + 1937936*a3_0*b4*q10_0*q3_0*q4_0 - 1332331*a3_0*b4*q10_0*q4_0*q9_1 - 1141998*a3_0*b4*q10_0*q5_0*q8_1 - 951665*a3_0*b4*q10_0*q6_0*q7_1 - 761332*a3_0*b4*q10_0*q7_0 - 2283996*a4_0*b1*b4*q11_1 + 271524*a4_0*b1*b4 - 1054152*a4_0*b2*b3*q11_1 + 135762*a4_0*b2*b3 - 175692*a4_0*b2*b4**2*q10_1 + 351384*a4_0*b2*b4*q10_1*q7_1 - 5797836*a4_0*b2*b4*q11_0*q11_1 - 2587464*a4_0*b2*b4*q11_1*q2_0**2*q7_1 - 4599936*a4_0*b2*b4*q11_1*q2_0*q3_0 + 3162456*a4_0*b2*b4*q11_1*q2_0*q9_1 + 2811072*a4_0*b2*b4*q11_1*q3_0*q8_1 + 2459688*a4_0*b2*b4*q11_1*q4_0*q7_1 + 2108304*a4_0*b2*b4*q11_1*q5_0 - 1581228*a4_0*b2*q10_1*q11_1*q2_0 - 175692*a4_0*b2*q11_0*q7_1 - 1058508*a4_0*b2*q11_1*q2_0**3 + 1293732*a4_0*b2*q11_1*q2_0**2*q8_1 + 2299968*a4_0*b2*q11_1*q2_0*q3_0*q7_1 + 2012472*a4_0*b2*q11_1*q2_0*q4_0 + 1022208*a4_0*b2*q11_1*q3_0**2 - 1405536*a4_0*b2*q11_1*q3_0*q9_1 - 1229844*a4_0*b2*q11_1*q4_0*q8_1 - 1054152*a4_0*b2*q11_1*q5_0*q7_1 - 878460*a4_0*b2*q11_1*q6_0 + 175692*a4_0*b3*q10_0*q7_1 - 1581228*a4_0*b4*q10_0*q10_1*q2_0 - 1058508*a4_0*b4*q10_0*q2_0**3 + 1293732*a4_0*b4*q10_0*q2_0**2*q8_1 + 2299968*a4_0*b4*q10_0*q2_0*q3_0*q7_1 + 2012472*a4_0*b4*q10_0*q2_0*q4_0 + 1022208*a4_0*b4*q10_0*q3_0**2 - 1405536*a4_0*b4*q10_0*q3_0*q9_1 - 1229844*a4_0*b4*q10_0*q4_0*q8_1 - 1054152*a4_0*b4*q10_0*q5_0*q7_1 - 878460*a4_0*b4*q10_0*q6_0 + 2635380*a6_0*b2*b4*q11_1*q2_0*q7_1 + 2342560*a6_0*b2*b4*q11_1*q3_0 - 3221020*a6_0*b2*b4*q11_1*q9_1 + 1610510*a6_0*b2*q10_1*q11_1 + 1078110*a6_0*b2*q11_1*q2_0**2 - 1317690*a6_0*b2*q11_1*q2_0*q8_1 - 1171280*a6_0*b2*q11_1*q3_0*q7_1 - 1024870*a6_0*b2*q11_1*q4_0 + 1610510*a6_0*b4*q10_0*q10_1 + 1078110*a6_0*b4*q10_0*q2_0**2 - 1317690*a6_0*b4*q10_0*q2_0*q8_1 - 1171280*a6_0*b4*q10_0*q3_0*q7_1 - 1024870*a6_0*b4*q10_0*q4_0 + 2371842*a7_0*b2*b4*q11_1*q2_0 - 2898918*a7_0*b2*b4*q11_1*q8_1 - 1185921*a7_0*b2*q11_1*q2_0*q7_1 - 1054152*a7_0*b2*q11_1*q3_0 + 1449459*a7_0*b2*q11_1*q9_1 - 1185921*a7_0*b4*q10_0*q2_0*q7_1 - 1054152*a7_0*b4*q10_0*q3_0 + 1449459*a7_0*b4*q10_0*q9_1 - 2576816*a8_0*b2*b4*q11_1*q7_1 - 1054152*a8_0*b2*q11_1*q2_0 + 1288408*a8_0*b2*q11_1*q8_1 - 1054152*a8_0*b4*q10_0*q2_0 + 1288408*a8_0*b4*q10_0*q8_1 - 2254714*a9_0*b2*b4*q11_1 + 1127357*a9_0*b2*q11_1*q7_1 + 1127357*a9_0*b4*q10_0*q7_1 - 3066624*b1*b4**2*q11_1*q2_0*q7_1 - 1192576*b1*b4**2*q11_1*q3_0 + 2342560*b1*b4**2*q11_1*q7_1*q8_1 + 2342560*b1*b4**2*q11_1*q9_1 + 1171280*b1*b4*q10_1*q11_1 - 319440*b1*b4*q10_1 - 3293136*b1*b4*q11_1*q2_0**2 + 1533312*b1*b4*q11_1*q2_0*q7_1**2 + 3066624*b1*b4*q11_1*q2_0*q8_1 + 2385152*b1*b4*q11_1*q3_0*q7_1 + 2683296*b1*b4*q11_1*q4_0 - 2342560*b1*b4*q11_1*q7_1*q9_1 - 1171280*b1*b4*q11_1*q8_1**2 + 242352*b1*b4*q2_0**2 - 230384*b1*b4*q4_0 - 2342560*b1*q11_0*q11_1 + 212960*b1*q11_0 + 1533312*b2*b3*b4*q11_1*q2_0*q7_1 + 596288*b2*b3*b4*q11_1*q3_0 - 1171280*b2*b3*b4*q11_1*q7_1*q8_1 - 1171280*b2*b3*b4*q11_1*q9_1 - 1171280*b2*b3*q10_1*q11_1 + 106480*b2*b3*q10_1 - 940896*b2*b3*q11_1*q2_0**2 + 894432*b2*b3*q11_1*q4_0 + 121176*b2*b3*q2_0**2 - 115192*b2*b3*q4_0 - 2342560*b2*b4**2*q10_1**2 - 1411344*b2*b4**2*q10_1*q2_0**2 + 1533312*b2*b4**2*q10_1*q2_0*q7_1**2 + 3066624*b2*b4**2*q10_1*q2_0*q8_1 + 2385152*b2*b4**2*q10_1*q3_0*q7_1 + 894432*b2*b4**2*q10_1*q4_0 - 2342560*b2*b4**2*q10_1*q7_1*q9_1 - 1171280*b2*b4**2*q10_1*q8_1**2 - 1533312*b2*b4**2*q11_0*q2_0*q7_1 - 596288*b2*b4**2*q11_0*q3_0 + 1171280*b2*b4**2*q11_0*q7_1*q8_1 + 1171280*b2*b4**2*q11_0*q9_1 + 2342560*b2*b4*q10_1**2*q7_1 + 2342560*b2*b4*q10_1*q11_0 + 2822688*b2*b4*q10_1*q2_0**2*q7_1 + 2090880*b2*b4*q10_1*q2_0*q3_0 - 3066624*b2*b4*q10_1*q2_0*q7_1*q8_1 - 3066624*b2*b4*q10_1*q2_0*q9_1 - 1192576*b2*b4*q10_1*q3_0*q7_1**2 - 2385152*b2*b4*q10_1*q3_0*q8_1 - 1788864*b2*b4*q10_1*q4_0*q7_1 - 638880*b2*b4*q10_1*q5_0 + 2342560*b2*b4*q10_1*q8_1*q9_1 - 5174928*b2*b4*q11_0*q11_1*q2_0**2 + 4919376*b2*b4*q11_0*q11_1*q4_0 - 2309472*b2*b4*q11_1*q2_0**4*q7_1 - 8211456*b2*b4*q11_1*q2_0**3*q3_0 + 2822688*b2*b4*q11_1*q2_0**3*q9_1 + 7527168*b2*b4*q11_1*q2_0**2*q3_0*q8_1 + 6586272*b2*b4*q11_1*q2_0**2*q4_0*q7_1 + 5645376*b2*b4*q11_1*q2_0**2*q5_0 + 6690816*b2*b4*q11_1*q2_0*q3_0**2*q7_1 + 11708928*b2*b4*q11_1*q2_0*q3_0*q4_0 - 5366592*b2*b4*q11_1*q2_0*q4_0*q9_1 - 4599936*b2*b4*q11_1*q2_0*q5_0*q8_1 - 3833280*b2*b4*q11_1*q2_0*q6_0*q7_1 - 3066624*b2*b4*q11_1*q2_0*q7_0 + 1982464*b2*b4*q11_1*q3_0**3 - 2725888*b2*b4*q11_1*q3_0**2*q9_1 - 4770304*b2*b4*q11_1*q3_0*q4_0*q8_1 - 4088832*b2*b4*q11_1*q3_0*q5_0*q7_1 - 3407360*b2*b4*q11_1*q3_0*q6_0 - 2087008*b2*b4*q11_1*q4_0**2*q7_1 - 3577728*b2*b4*q11_1*q4_0*q5_0 + 2342560*b2*b4*q11_1*q6_0*q9_1 + 1874048*b2*b4*q11_1*q7_0*q8_1 + 1405536*b2*b4*q11_1*q7_1*q8_0 + 937024*b2*b4*q11_1*q9_0 - 2576816*b2*q10_0*q11_1 + 212960*b2*q10_0 - 1171280*b2*q10_1*q11_0*q7_1 - 1411344*b2*q10_1*q11_1*q2_0**3 + 2683296*b2*q10_1*q11_1*q2_0*q4_0 + 1362944*b2*q10_1*q11_1*q3_0**2 - 1171280*b2*q10_1*q11_1*q6_0 - 1171280*b2*q11_0**2 - 1411344*b2*q11_0*q2_0**2*q7_1 - 1045440*b2*q11_0*q2_0*q3_0 + 1533312*b2*q11_0*q2_0*q7_1*q8_1 + 1533312*b2*q11_0*q2_0*q9_1 + 596288*b2*q11_0*q3_0*q7_1**2 + 1192576*b2*q11_0*q3_0*q8_1 + 894432*b2*q11_0*q4_0*q7_1 + 319440*b2*q11_0*q5_0 - 1171280*b2*q11_0*q8_1*q9_1 - 944784*b2*q11_1*q2_0**5 + 1154736*b2*q11_1*q2_0**4*q8_1 + 4105728*b2*q11_1*q2_0**3*q3_0*q7_1 + 3592512*b2*q11_1*q2_0**3*q4_0 + 5474304*b2*q11_1*q2_0**2*q3_0**2 - 3763584*b2*q11_1*q2_0**2*q3_0*q9_1 - 3293136*b2*q11_1*q2_0**2*q4_0*q8_1 - 2822688*b2*q11_1*q2_0**2*q5_0*q7_1 - 2352240*b2*q11_1*q2_0**2*q6_0 - 3345408*b2*q11_1*q2_0*q3_0**2*q8_1 - 5854464*b2*q11_1*q2_0*q3_0*q4_0*q7_1 - 5018112*b2*q11_1*q2_0*q3_0*q5_0 - 2561328*b2*q11_1*q2_0*q4_0**2 + 2299968*b2*q11_1*q2_0*q5_0*q9_1 + 1916640*b2*q11_1*q2_0*q6_0*q8_1 + 1533312*b2*q11_1*q2_0*q7_0*q7_1 + 1149984*b2*q11_1*q2_0*q8_0 - 991232*b2*q11_1*q3_0**3*q7_1 - 2601984*b2*q11_1*q3_0**2*q4_0 + 2385152*b2*q11_1*q3_0*q4_0*q9_1 + 2044416*b2*q11_1*q3_0*q5_0*q8_1 + 1703680*b2*q11_1*q3_0*q6_0*q7_1 + 1362944*b2*q11_1*q3_0*q7_0 + 1043504*b2*q11_1*q4_0**2*q8_1 + 1788864*b2*q11_1*q4_0*q5_0*q7_1 + 1490720*b2*q11_1*q4_0*q6_0 + 766656*b2*q11_1*q5_0**2 - 937024*b2*q11_1*q7_0*q9_1 - 468512*b2*q11_1*q7_1*q9_0 - 702768*b2*q11_1*q8_0*q8_1 + 1171280*b3*q10_0*q10_1*q7_1 + 1171280*b3*q10_0*q11_0 + 3066624*b3*q10_0*q11_1*q2_0*q3_0 - 1405536*b3*q10_0*q11_1*q5_0 + 1411344*b3*q10_0*q2_0**2*q7_1 + 1045440*b3*q10_0*q2_0*q3_0 - 1533312*b3*q10_0*q2_0*q7_1*q8_1 - 1533312*b3*q10_0*q2_0*q9_1 - 596288*b3*q10_0*q3_0*q7_1**2 - 1192576*b3*q10_0*q3_0*q8_1 - 894432*b3*q10_0*q4_0*q7_1 - 319440*b3*q10_0*q5_0 + 1171280*b3*q10_0*q8_1*q9_1 - 234256*b4*q10_0**2 - 1411344*b4*q10_0*q10_1*q2_0**3 + 2683296*b4*q10_0*q10_1*q2_0*q4_0 + 1362944*b4*q10_0*q10_1*q3_0**2 - 1171280*b4*q10_0*q10_1*q6_0 + 3066624*b4*q10_0*q11_0*q2_0*q3_0 - 1405536*b4*q10_0*q11_0*q5_0 - 944784*b4*q10_0*q2_0**5 + 1154736*b4*q10_0*q2_0**4*q8_1 + 4105728*b4*q10_0*q2_0**3*q3_0*q7_1 + 3592512*b4*q10_0*q2_0**3*q4_0 + 5474304*b4*q10_0*q2_0**2*q3_0**2 - 3763584*b4*q10_0*q2_0**2*q3_0*q9_1 - 3293136*b4*q10_0*q2_0**2*q4_0*q8_1 - 2822688*b4*q10_0*q2_0**2*q5_0*q7_1 - 2352240*b4*q10_0*q2_0**2*q6_0 - 3345408*b4*q10_0*q2_0*q3_0**2*q8_1 - 5854464*b4*q10_0*q2_0*q3_0*q4_0*q7_1 - 5018112*b4*q10_0*q2_0*q3_0*q5_0 - 2561328*b4*q10_0*q2_0*q4_0**2 + 2299968*b4*q10_0*q2_0*q5_0*q9_1 + 1916640*b4*q10_0*q2_0*q6_0*q8_1 + 1533312*b4*q10_0*q2_0*q7_0*q7_1 + 1149984*b4*q10_0*q2_0*q8_0 - 991232*b4*q10_0*q3_0**3*q7_1 - 2601984*b4*q10_0*q3_0**2*q4_0 + 2385152*b4*q10_0*q3_0*q4_0*q9_1 + 2044416*b4*q10_0*q3_0*q5_0*q8_1 + 1703680*b4*q10_0*q3_0*q6_0*q7_1 + 1362944*b4*q10_0*q3_0*q7_0 + 1043504*b4*q10_0*q4_0**2*q8_1 + 1788864*b4*q10_0*q4_0*q5_0*q7_1 + 1490720*b4*q10_0*q4_0*q6_0 + 766656*b4*q10_0*q5_0**2 - 937024*b4*q10_0*q7_0*q9_1 - 468512*b4*q10_0*q7_1*q9_0 - 702768*b4*q10_0*q8_0*q8_1 - 532400*q11_1 + 82280
6	0	[0,0]	9	408	966306*a10_0*b4**2*q10_1 + 3543122*a15_0*b4*q11_1 + 1078110*a1_0*b2*b4**2*q11_1*q2_0 - 878460*a1_0*b2*b4**2*q11_1*q7_1**2 - 1756920*a1_0*b2*b4**2*q11_1*q8_1 - 2156220*a1_0*b2*b4*q11_1*q2_0*q7_1 - 2715240*a1_0*b2*b4*q11_1*q3_0 + 1756920*a1_0*b2*b4*q11_1*q7_1*q8_1 + 1756920*a1_0*b2*b4*q11_1*q9_1 + 246840*a1_0*b2*b4*q3_0 - 539055*a1_0*b3**2*b4*q11_1*q2_0 + 439230*a1_0*b3**2*b4*q11_1*q7_1**2 + 878460*a1_0*b3**2*b4*q11_1*q8_1 - 2156220*a1_0*b3*b4**2*q10_1*q2_0*q7_1 - 798600*a1_0*b3*b4**2*q10_1*q3_0 + 1756920*a1_0*b3*b4**2*q10_1*q7_1*q8_1 + 1756920*a1_0*b3*b4**2*q10_1*q9_1 + 539055*a1_0*b3*b4**2*q11_0*q2_0 - 439230*a1_0*b3*b4**2*q11_0*q7_1**2 - 878460*a1_0*b3*b4**2*q11_0*q8_1 - 878460*a1_0*b3*b4*q10_1**2 - 441045*a1_0*b3*b4*q10_1*q2_0**2 + 539055*a1_0*b3*b4*q10_1*q2_0*q7_1**2 + 1078110*a1_0*b3*b4*q10_1*q2_0*q8_1 + 798600*a1_0*b3*b4*q10_1*q3_0*q7_1 + 279510*a1_0*b3*b4*q10_1*q4_0 - 878460*a1_0*b3*b4*q10_1*q7_1*q9_1 - 439230*a1_0*b3*b4*q10_1*q8_1**2 - 1756920*a1_0*b3*b4*q11_0*q11_1*q3_0 + 1082565*a1_0*b3*b4*q11_1*q2_0**4 - 1323135*a1_0*b3*b4*q11_1*q2_0**3*q8_1 - 3528360*a1_0*b3*b4*q11_1*q2_0**2*q3_0*q7_1 - 3087315*a1_0*b3*b4*q11_1*q2_0**2*q4_0 - 3136320*a1_0*b3*b4*q11_1*q2_0*q3_0**2 + 2874960*a1_0*b3*b4*q11_1*q2_0*q3_0*q9_1 + 2515590*a1_0*b3*b4*q11_1*q2_0*q4_0*q8_1 + 2156220*a1_0*b3*b4*q11_1*q2_0*q5_0*q7_1 + 1796850*a1_0*b3*b4*q11_1*q2_0*q6_0 + 1277760*a1_0*b3*b4*q11_1*q3_0**2*q8_1 + 2236080*a1_0*b3*b4*q11_1*q3_0*q4_0*q7_1 + 1916640*a1_0*b3*b4*q11_1*q3_0*q5_0 + 978285*a1_0*b3*b4*q11_1*q4_0**2 - 1317690*a1_0*b3*b4*q11_1*q5_0*q9_1 - 1098075*a1_0*b3*b4*q11_1*q6_0*q8_1 - 878460*a1_0*b3*b4*q11_1*q7_0*q7_1 - 658845*a1_0*b3*b4*q11_1*q8_0 - 2156220*a1_0*b4**2*q10_0*q2_0*q7_1 - 798600*a1_0*b4**2*q10_0*q3_0 + 1756920*a1_0*b4**2*q10_0*q7_1*q8_1 + 1756920*a1_0*b4**2*q10_0*q9_1 + 2874960*a1_0*b4**2*q10_1**2*q2_0*q3_0 - 1317690*a1_0*b4**2*q10_1**2*q5_0 + 1082565*a1_0*b4**2*q10_1*q2_0**4*q7_1 + 3849120*a1_0*b4**2*q10_1*q2_0**3*q3_0 - 1323135*a1_0*b4**2*q10_1*q2_0**3*q9_1 - 3528360*a1_0*b4**2*q10_1*q2_0**2*q3_0*q8_1 - 3087315*a1_0*b4**2*q10_1*q2_0**2*q4_0*q7_1 - 2646270*a1_0*b4**2*q10_1*q2_0**2*q5_0 - 3136320*a1_0*b4**2*q10_1*q2_0*q3_0**2*q7_1 - 5488560*a1_0*b4**2*q10_1*q2_0*q3_0*q4_0 + 2515590*a1_0*b4**2*q10_1*q2_0*q4_0*q9_1 + 2156220*a1_0*b4**2*q10_1*q2_0*q5_0*q8_1 + 1796850*a1_0*b4**2*q10_1*q2_0*q6_0*q7_1 + 1437480*a1_0*b4**2*q10_1*q2_0*q7_0 - 929280*a1_0*b4**2*q10_1*q3_0**3 + 1277760*a1_0*b4**2*q10_1*q3_0**2*q9_1 + 2236080*a1_0*b4**2*q10_1*q3_0*q4_0*q8_1 + 1916640*a1_0*b4**2*q10_1*q3_0*q5_0*q7_1 + 1597200*a1_0*b4**2*q10_1*q3_0*q6_0 + 978285*a1_0*b4**2*q10_1*q4_0**2*q7_1 + 1677060*a1_0*b4**2*q10_1*q4_0*q5_0 - 1098075*a1_0*b4**2*q10_1*q6_0*q9_1 - 878460*a1_0*b4**2*q10_1*q7_0*q8_1 - 658845*a1_0*b4**2*q10_1*q7_1*q8_0 - 439230*a1_0*b4**2*q10_1*q9_0 + 1756920*a1_0*b4**2*q11_0**2*q3_0 - 1082565*a1_0*b4**2*q11_0*q2_0**4 + 1323135*a1_0*b4**2*q11_0*q2_0**3*q8_1 + 3528360*a1_0*b4**2*q11_0*q2_0**2*q3_0*q7_1 + 3087315*a1_0*b4**2*q11_0*q2_0**2*q4_0 + 3136320*a1_0*b4**2*q11_0*q2_0*q3_0**2 - 2874960*a1_0*b4**2*q11_0*q2_0*q3_0*q9_1 - 2515590*a1_0*b4**2*q11_0*q2_0*q4_0*q8_1 - 2156220*a1_0*b4**2*q11_0*q2_0*q5_0*q7_1 - 1796850*a1_0*b4**2*q11_0*q2_0*q6_0 - 1277760*a1_0*b4**2*q11_0*q3_0**2*q8_1 - 2236080*a1_0*b4**2*q11_0*q3_0*q4_0*q7_1 - 1916640*a1_0*b4**2*q11_0*q3_0*q5_0 - 978285*a1_0*b4**2*q11_0*q4_0**2 + 1317690*a1_0*b4**2*q11_0*q5_0*q9_1 + 1098075*a1_0*b4**2*q11_0*q6_0*q8_1 + 878460*a1_0*b4**2*q11_0*q7_0*q7_1 + 658845*a1_0*b4**2*q11_0*q8_0 - 1756920*a1_0*b4*q10_0*q10_1 - 3234330*a1_0*b4*q10_0*q11_1*q2_0**2 + 3074610*a1_0*b4*q10_0*q11_1*q4_0 - 882090*a1_0*b4*q10_0*q2_0**2 + 1078110*a1_0*b4*q10_0*q2_0*q7_1**2 + 2156220*a1_0*b4*q10_0*q2_0*q8_1 + 1597200*a1_0*b4*q10_0*q3_0*q7_1 + 559020*a1_0*b4*q10_0*q4_0 - 1756920*a1_0*b4*q10_0*q7_1*q9_1 - 878460*a1_0*b4*q10_0*q8_1**2 - 1229844*a2_0*b2*b4**2*q11_1*q7_1 - 2683296*a2_0*b2*b4*q11_1*q2_0 + 614922*a2_0*b2*b4*q11_1*q7_1**2 + 1229844*a2_0*b2*b4*q11_1*q8_1 + 259182*a2_0*b2*b4*q2_0 + 614922*a2_0*b3**2*b4*q11_1*q7_1 - 670824*a2_0*b3*b4**2*q10_1*q2_0 + 614922*a2_0*b3*b4**2*q10_1*q7_1**2 + 1229844*a2_0*b3*b4**2*q10_1*q8_1 - 614922*a2_0*b3*b4**2*q11_0*q7_1 + 670824*a2_0*b3*b4*q10_1*q2_0*q7_1 + 223608*a2_0*b3*b4*q10_1*q3_0 - 614922*a2_0*b3*b4*q10_1*q7_1*q8_1 - 614922*a2_0*b3*b4*q10_1*q9_1 - 1844766*a2_0*b3*b4*q11_0*q11_1*q2_0 - 1234926*a2_0*b3*b4*q11_1*q2_0**3*q7_1 - 3293136*a2_0*b3*b4*q11_1*q2_0**2*q3_0 + 1509354*a2_0*b3*b4*q11_1*q2_0**2*q9_1 + 2683296*a2_0*b3*b4*q11_1*q2_0*q3_0*q8_1 + 2347884*a2_0*b3*b4*q11_1*q2_0*q4_0*q7_1 + 2012472*a2_0*b3*b4*q11_1*q2_0*q5_0 + 1192576*a2_0*b3*b4*q11_1*q3_0**2*q7_1 + 2087008*a2_0*b3*b4*q11_1*q3_0*q4_0 - 1434818*a2_0*b3*b4*q11_1*q4_0*q9_1 - 1229844*a2_0*b3*b4*q11_1*q5_0*q8_1 - 1024870*a2_0*b3*b4*q11_1*q6_0*q7_1 - 819896*a2_0*b3*b4*q11_1*q7_0 - 670824*a2_0*b4**2*q10_0*q2_0 + 614922*a2_0*b4**2*q10_0*q7_1**2 + 1229844*a2_0*b4**2*q10_0*q8_1 + 1509354*a2_0*b4**2*q10_1**2*q2_0**2 - 1434818*a2_0*b4**2*q10_1**2*q4_0 + 1010394*a2_0*b4**2*q10_1*q2_0**4 - 1234926*a2_0*b4**2*q10_1*q2_0**3*q8_1 - 3293136*a2_0*b4**2*q10_1*q2_0**2*q3_0*q7_1 - 2881494*a2_0*b4**2*q10_1*q2_0**2*q4_0 - 2927232*a2_0*b4**2*q10_1*q2_0*q3_0**2 + 2683296*a2_0*b4**2*q10_1*q2_0*q3_0*q9_1 + 2347884*a2_0*b4**2*q10_1*q2_0*q4_0*q8_1 + 2012472*a2_0*b4**2*q10_1*q2_0*q5_0*q7_1 + 1677060*a2_0*b4**2*q10_1*q2_0*q6_0 + 1192576*a2_0*b4**2*q10_1*q3_0**2*q8_1 + 2087008*a2_0*b4**2*q10_1*q3_0*q4_0*q7_1 + 1788864*a2_0*b4**2*q10_1*q3_0*q5_0 + 913066*a2_0*b4**2*q10_1*q4_0**2 - 1229844*a2_0*b4**2*q10_1*q5_0*q9_1 - 1024870*a2_0*b4**2*q10_1*q6_0*q8_1 - 819896*a2_0*b4**2*q10_1*q7_0*q7_1 - 614922*a2_0*b4**2*q10_1*q8_0 + 1844766*a2_0*b4**2*q11_0**2*q2_0 + 1234926*a2_0*b4**2*q11_0*q2_0**3*q7_1 + 3293136*a2_0*b4**2*q11_0*q2_0**2*q3_0 - 1509354*a2_0*b4**2*q11_0*q2_0**2*q9_1 - 2683296*a2_0*b4**2*q11_0*q2_0*q3_0*q8_1 - 2347884*a2_0*b4**2*q11_0*q2_0*q4_0*q7_1 - 2012472*a2_0*b4**2*q11_0*q2_0*q5_0 - 1192576*a2_0*b4**2*q11_0*q3_0**2*q7_1 - 2087008*a2_0*b4**2*q11_0*q3_0*q4_0 + 1434818*a2_0*b4**2*q11_0*q4_0*q9_1 + 1229844*a2_0*b4**2*q11_0*q5_0*q8_1 + 1024870*a2_0*b4**2*q11_0*q6_0*q7_1 + 819896*a2_0*b4**2*q11_0*q7_0 + 3279584*a2_0*b4*q10_0*q11_1*q3_0 + 1341648*a2_0*b4*q10_0*q2_0*q7_1 + 447216*a2_0*b4*q10_0*q3_0 - 1229844*a2_0*b4*q10_0*q7_1*q8_1 - 1229844*a2_0*b4*q10_0*q9_1 - 380666*a3_0*b2*b4**2*q11_1 + 761332*a3_0*b2*b4*q11_1*q7_1 + 190333*a3_0*b3**2*b4*q11_1 + 761332*a3_0*b3*b4**2*q10_1*q7_1 - 190333*a3_0*b3*b4**2*q11_0 + 155727*a3_0*b3*b4*q10_1*q2_0 - 190333*a3_0*b3*b4*q10_1*q7_1**2 - 380666*a3_0*b3*b4*q10_1*q8_1 - 1146717*a3_0*b3*b4*q11_1*q2_0**3 + 1401543*a3_0*b3*b4*q11_1*q2_0**2*q8_1 + 2491632*a3_0*b3*b4*q11_1*q2_0*q3_0*q7_1 + 2180178*a3_0*b3*b4*q11_1*q2_0*q4_0 + 1107392*a3_0*b3*b4*q11_1*q3_0**2 - 1522664*a3_0*b3*b4*q11_1*q3_0*q9_1 - 1332331*a3_0*b3*b4*q11_1*q4_0*q8_1 - 1141998*a3_0*b3*b4*q11_1*q5_0*q7_1 - 951665*a3_0*b3*b4*q11_1*q6_0 + 761332*a3_0*b4**2*q10_0*q7_1 - 1522664*a3_0*b4**2*q10_1**2*q3_0 - 1146717*a3_0*b4**2*q10_1*q2_0**3*q7_1 - 3057912*a3_0*b4**2*q10_1*q2_0**2*q3_0 + 1401543*a3_0*b4**2*q10_1*q2_0**2*q9_1 + 2491632*a3_0*b4**2*q10_1*q2_0*q3_0*q8_1 + 2180178*a3_0*b4**2*q10_1*q2_0*q4_0*q7_1 + 1868724*a3_0*b4**2*q10_1*q2_0*q5_0 + 1107392*a3_0*b4**2*q10_1*q3_0**2*q7_1 + 1937936*a3_0*b4**2*q10_1*q3_0*q4_0 - 1332331*a3_0*b4**2*q10_1*q4_0*q9_1 - 1141998*a3_0*b4**2*q10_1*q5_0*q8_1 - 951665*a3_0*b4**2*q10_1*q6_0*q7_1 - 761332*a3_0*b4**2*q10_1*q7_0 + 1146717*a3_0*b4**2*q11_0*q2_0**3 - 1401543*a3_0*b4**2*q11_0*q2_0**2*q8_1 - 2491632*a3_0*b4**2*q11_0*q2_0*q3_0*q7_1 - 2180178*a3_0*b4**2*q11_0*q2_0*q4_0 - 1107392*a3_0*b4**2*q11_0*q3_0**2 + 1522664*a3_0*b4**2*q11_0*q3_0*q9_1 + 1332331*a3_0*b4**2*q11_0*q4_0*q8_1 + 1141998*a3_0*b4**2*q11_0*q5_0*q7_1 + 951665*a3_0*b4**2*q11_0*q6_0 + 3425994*a3_0*b4*q10_0*q11_1*q2_0 + 311454*a3_0*b4*q10_0*q2_0 - 380666*a3_0*b4*q10_0*q7_1**2 - 761332*a3_0*b4*q10_0*q8_1 + 2283996*a4_0*b2*b4*q11_1 - 271524*a4_0*b2*b4 + 175692*a4_0*b3*b4**2*q10_1 - 175692*a4_0*b3*b4*q10_1*q7_1 + 1932612*a4_0*b3*b4*q11_0*q11_1 + 1293732*a4_0*b3*b4*q11_1*q2_0**2*q7_1 + 2299968*a4_0*b3*b4*q11_1*q2_0*q3_0 - 1581228*a4_0*b3*b4*q11_1*q2_0*q9_1 - 1405536*a4_0*b3*b4*q11_1*q3_0*q8_1 - 1229844*a4_0*b3*b4*q11_1*q4_0*q7_1 - 1054152*a4_0*b3*b4*q11_1*q5_0 + 175692*a4_0*b4**2*q10_0 - 1581228*a4_0*b4**2*q10_1**2*q2_0 - 1058508*a4_0*b4**2*q10_1*q2_0**3 + 1293732*a4_0*b4**2*q10_1*q2_0**2*q8_1 + 2299968*a4_0*b4**2*q10_1*q2_0*q3_0*q7_1 + 2012472*a4_0*b4**2*q10_1*q2_0*q4_0 + 1022208*a4_0*b4**2*q10_1*q3_0**2 - 1405536*a4_0*b4**2*q10_1*q3_0*q9_1 - 1229844*a4_0*b4**2*q10_1*q4_0*q8_1 - 1054152*a4_0*b4**2*q10_1*q5_0*q7_1 - 878460*a4_0*b4**2*q10_1*q6_0 - 1932612*a4_0*b4**2*q11_0**2 - 1293732*a4_0*b4**2*q11_0*q2_0**2*q7_1 - 2299968*a4_0*b4**2*q11_0*q2_0*q3_0 + 1581228*a4_0*b4**2*q11_0*q2_0*q9_1 + 1405536*a4_0*b4**2*q11_0*q3_0*q8_1 + 1229844*a4_0*b4**2*q11_0*q4_0*q7_1 + 1054152*a4_0*b4**2*q11_0*q5_0 - 351384*a4_0*b4*q10_0*q7_1 - 1317690*a6_0*b3*b4*q11_1*q2_0*q7_1 - 1171280*a6_0*b3*b4*q11_1*q3_0 + 1610510*a6_0*b3*b4*q11_1*q9_1 + 1610510*a6_0*b4**2*q10_1**2 + 1078110*a6_0*b4**2*q10_1*q2_0**2 - 1317690*a6_0*b4**2*q10_1*q2_0*q8_1 - 1171280*a6_0*b4**2*q10_1*q3_0*q7_1 - 1024870*a6_0*b4**2*q10_1*q4_0 + 1317690*a6_0*b4**2*q11_0*q2_0*q7_1 + 1171280*a6_0*b4**2*q11_0*q3_0 - 1610510*a6_0*b4**2*q11_0*q9_1 - 1185921*a7_0*b3*b4*q11_1*q2_0 + 1449459*a7_0*b3*b4*q11_1*q8_1 - 1185921*a7_0*b4**2*q10_1*q2_0*q7_1 - 1054152*a7_0*b4**2*q10_1*q3_0 + 1449459*a7_0*b4**2*q10_1*q9_1 + 1185921*a7_0*b4**2*q11_0*q2_0 - 1449459*a7_0*b4**2*q11_0*q8_1 + 1288408*a8_0*b3*b4*q11_1*q7_1 - 1054152*a8_0*b4**2*q10_1*q2_0 + 1288408*a8_0*b4**2*q10_1*q8_1 - 1288408*a8_0*b4**2*q11_0*q7_1 + 1127357*a9_0*b3*b4*q11_1 + 1127357*a9_0*b4**2*q10_1*q7_1 - 1127357*a9_0*b4**2*q11_0 + 532400*b1*q11_1 - 82280*b1 + 3066624*b2*b4**2*q11_1*q2_0*q7_1 + 1192576*b2*b4**2*q11_1*q3_0 - 2342560*b2*b4**2*q11_1*q7_1*q8_1 - 2342560*b2*b4**2*q11_1*q9_1 + 212960*b2*b4*q10_1 + 3293136*b2*b4*q11_1*q2_0**2 - 1533312*b2*b4*q11_1*q2_0*q7_1**2 - 3066624*b2*b4*q11_1*q2_0*q8_1 - 2385152*b2*b4*q11_1*q3_0*q7_1 - 2683296*b2*b4*q11_1*q4_0 + 2342560*b2*b4*q11_1*q7_1*q9_1 + 1171280*b2*b4*q11_1*q8_1**2 - 242352*b2*b4*q2_0**2 + 230384*b2*b4*q4_0 + 1171280*b2*q11_0*q11_1 - 106480*b2*q11_0 - 1533312*b3**2*b4*q11_1*q2_0*q7_1 - 596288*b3**2*b4*q11_1*q3_0 + 1171280*b3**2*b4*q11_1*q7_1*q8_1 + 1171280*b3**2*b4*q11_1*q9_1 + 1171280*b3**2*q10_1*q11_1 - 106480*b3**2*q10_1 + 2342560*b3*b4**2*q10_1**2 + 1411344*b3*b4**2*q10_1*q2_0**2 - 1533312*b3*b4**2*q10_1*q2_0*q7_1**2 - 3066624*b3*b4**2*q10_1*q2_0*q8_1 - 2385152*b3*b4**2*q10_1*q3_0*q7_1 - 894432*b3*b4**2*q10_1*q4_0 + 2342560*b3*b4**2*q10_1*q7_1*q9_1 + 1171280*b3*b4**2*q10_1*q8_1**2 + 1533312*b3*b4**2*q11_0*q2_0*q7_1 + 596288*b3*b4**2*q11_0*q3_0 - 1171280*b3*b4**2*q11_0*q7_1*q8_1 - 1171280*b3*b4**2*q11_0*q9_1 - 1171280*b3*b4*q10_1**2*q7_1 - 1171280*b3*b4*q10_1*q11_0 - 1411344*b3*b4*q10_1*q2_0**2*q7_1 - 1045440*b3*b4*q10_1*q2_0*q3_0 + 1533312*b3*b4*q10_1*q2_0*q7_1*q8_1 + 1533312*b3*b4*q10_1*q2_0*q9_1 + 596288*b3*b4*q10_1*q3_0*q7_1**2 + 1192576*b3*b4*q10_1*q3_0*q8_1 + 894432*b3*b4*q10_1*q4_0*q7_1 + 319440*b3*b4*q10_1*q5_0 - 1171280*b3*b4*q10_1*q8_1*q9_1 + 1724976*b3*b4*q11_0*q11_1*q2_0**2 - 1639792*b3*b4*q11_0*q11_1*q4_0 + 1154736*b3*b4*q11_1*q2_0**4*q7_1 + 4105728*b3*b4*q11_1*q2_0**3*q3_0 - 1411344*b3*b4*q11_1*q2_0**3*q9_1 - 3763584*b3*b4*q11_1*q2_0**2*q3_0*q8_1 - 3293136*b3*b4*q11_1*q2_0**2*q4_0*q7_1 - 2822688*b3*b4*q11_1*q2_0**2*q5_0 - 3345408*b3*b4*q11_1*q2_0*q3_0**2*q7_1 - 5854464*b3*b4*q11_1*q2_0*q3_0*q4_0 + 2683296*b3*b4*q11_1*q2_0*q4_0*q9_1 + 2299968*b3*b4*q11_1*q2_0*q5_0*q8_1 + 1916640*b3*b4*q11_1*q2_0*q6_0*q7_1 + 1533312*b3*b4*q11_1*q2_0*q7_0 - 991232*b3*b4*q11_1*q3_0**3 + 1362944*b3*b4*q11_1*q3_0**2*q9_1 + 2385152*b3*b4*q11_1*q3_0*q4_0*q8_1 + 2044416*b3*b4*q11_1*q3_0*q5_0*q7_1 + 1703680*b3*b4*q11_1*q3_0*q6_0 + 1043504*b3*b4*q11_1*q4_0**2*q7_1 + 1788864*b3*b4*q11_1*q4_0*q5_0 - 1171280*b3*b4*q11_1*q6_0*q9_1 - 937024*b3*b4*q11_1*q7_0*q8_1 - 702768*b3*b4*q11_1*q7_1*q8_0 - 468512*b3*b4*q11_1*q9_0 + 1171280*b3*q10_0*q11_1 - 106480*b3*q10_0 + 2108304*b4**2*q10_0*q10_1 + 1411344*b4**2*q10_0*q2_0**2 - 1533312*b4**2*q10_0*q2_0*q7_1**2 - 3066624*b4**2*q10_0*q2_0*q8_1 - 2385152*b4**2*q10_0*q3_0*q7_1 - 894432*b4**2*q10_0*q4_0 + 2342560*b4**2*q10_0*q7_1*q9_1 + 1171280*b4**2*q10_0*q8_1**2 - 1411344*b4**2*q10_1**2*q2_0**3 + 2683296*b4**2*q10_1**2*q2_0*q4_0 + 1362944*b4**2*q10_1**2*q3_0**2 - 1171280*b4**2*q10_1**2*q6_0 - 944784*b4**2*q10_1*q2_0**5 + 1154736*b4**2*q10_1*q2_0**4*q8_1 + 4105728*b4**2*q10_1*q2_0**3*q3_0*q7_1 + 3592512*b4**2*q10_1*q2_0**3*q4_0 + 5474304*b4**2*q10_1*q2_0**2*q3_0**2 - 3763584*b4**2*q10_1*q2_0**2*q3_0*q9_1 - 3293136*b4**2*q10_1*q2_0**2*q4_0*q8_1 - 2822688*b4**2*q10_1*q2_0**2*q5_0*q7_1 - 2352240*b4**2*q10_1*q2_0**2*q6_0 - 3345408*b4**2*q10_1*q2_0*q3_0**2*q8_1 - 5854464*b4**2*q10_1*q2_0*q3_0*q4_0*q7_1 - 5018112*b4**2*q10_1*q2_0*q3_0*q5_0 - 2561328*b4**2*q10_1*q2_0*q4_0**2 + 2299968*b4**2*q10_1*q2_0*q5_0*q9_1 + 1916640*b4**2*q10_1*q2_0*q6_0*q8_1 + 1533312*b4**2*q10_1*q2_0*q7_0*q7_1 + 1149984*b4**2*q10_1*q2_0*q8_0 - 991232*b4**2*q10_1*q3_0**3*q7_1 - 2601984*b4**2*q10_1*q3_0**2*q4_0 + 2385152*b4**2*q10_1*q3_0*q4_0*q9_1 + 2044416*b4**2*q10_1*q3_0*q5_0*q8_1 + 1703680*b4**2*q10_1*q3_0*q6_0*q7_1 + 1362944*b4**2*q10_1*q3_0*q7_0 + 1043504*b4**2*q10_1*q4_0**2*q8_1 + 1788864*b4**2*q10_1*q4_0*q5_0*q7_1 + 1490720*b4**2*q10_1*q4_0*q6_0 + 766656*b4**2*q10_1*q5_0**2 - 937024*b4**2*q10_1*q7_0*q9_1 - 468512*b4**2*q10_1*q7_1*q9_0 - 702768*b4**2*q10_1*q8_0*q8_1 - 1724976*b4**2*q11_0**2*q2_0**2 + 1639792*b4**2*q11_0**2*q4_0 - 1154736*b4**2*q11_0*q2_0**4*q7_1 - 4105728*b4**2*q11_0*q2_0**3*q3_0 + 1411344*b4**2*q11_0*q2_0**3*q9_1 + 3763584*b4**2*q11_0*q2_0**2*q3_0*q8_1 + 3293136*b4**2*q11_0*q2_0**2*q4_0*q7_1 + 2822688*b4**2*q11_0*q2_0**2*q5_0 + 3345408*b4**2*q11_0*q2_0*q3_0**2*q7_1 + 5854464*b4**2*q11_0*q2_0*q3_0*q4_0 - 2683296*b4**2*q11_0*q2_0*q4_0*q9_1 - 2299968*b4**2*q11_0*q2_0*q5_0*q8_1 - 1916640*b4**2*q11_0*q2_0*q6_0*q7_1 - 1533312*b4**2*q11_0*q2_0*q7_0 + 991232*b4**2*q11_0*q3_0**3 - 1362944*b4**2*q11_0*q3_0**2*q9_1 - 2385152*b4**2*q11_0*q3_0*q4_0*q8_1 - 2044416*b4**2*q11_0*q3_0*q5_0*q7_1 - 1703680*b4**2*q11_0*q3_0*q6_0 - 1043504*b4**2*q11_0*q4_0**2*q7_1 - 1788864*b4**2*q11_0*q4_0*q5_0 + 1171280*b4**2*q11_0*q6_0*q9_1 + 937024*b4**2*q11_0*q7_0*q8_1 + 702768*b4**2*q11_0*q7_1*q8_0 + 468512*b4**2*q11_0*q9_0 - 2342560*b4*q10_0*q10_1*q7_1 - 2342560*b4*q10_0*q11_0 - 6133248*b4*q10_0*q11_1*q2_0*q3_0 + 2811072*b4*q10_0*q11_1*q5_0 - 2822688*b4*q10_0*q2_0**2*q7_1 - 2090880*b4*q10_0*q2_0*q3_0 + 3066624*b4*q10_0*q2_0*q7_1*q8_1 + 3066624*b4*q10_0*q2_0*q9_1 + 1192576*b4*q10_0*q3_0*q7_1**2 + 2385152*b4*q10_0*q3_0*q8_1 + 1788864*b4*q10_0*q4_0*q7_1 + 638880*b4*q10_0*q5_0 - 2342560*b4*q10_0*q8_1*q9_1
