index	exponent_vector	monomial
1	16,0,0,0,0,0,0	b4^16
2	15,1,0,0,0,0,0	b4^15*q2_0
3	12,3,0,0,0,0,0	b4^12*q2_0^3
4	14,2,0,0,0,0,0	b4^14*q2_0^2
5	9,5,0,0,0,0,0	b4^9*q2_0^5
6	11,4,0,0,0,0,0	b4^11*q2_0^4
7	4,8,0,0,0,0,0	b4^4*q2_0^8
8	6,7,0,0,0,0,0	b4^6*q2_0^7
9	8,6,0,0,0,0,0	b4^8*q2_0^6
10	10,4,1,0,0,0,0	b4^10*q2_0^4*q3_0
11	1,10,0,0,0,0,0	b4*q2_0^10
12	3,9,0,0,0,0,0	b4^3*q2_0^9
13	1,9,1,0,0,0,0	b4*q2_0^9*q3_0
14	3,8,1,0,0,0,0	b4^3*q2_0^8*q3_0
15	5,7,1,0,0,0,0	b4^5*q2_0^7*q3_0
16	7,6,1,0,0,0,0	b4^7*q2_0^6*q3_0
17	0,11,0,0,0,0,0	q2_0^11
18	3,7,2,0,0,0,0	b4^3*q2_0^7*q3_0^2
19	5,6,2,0,0,0,0	b4^5*q2_0^6*q3_0^2
20	7,5,2,0,0,0,0	b4^7*q2_0^5*q3_0^2
21	9,4,2,0,0,0,0	b4^9*q2_0^4*q3_0^2
22	11,3,2,0,0,0,0	b4^11*q2_0^3*q3_0^2
23	13,2,2,0,0,0,0	b4^13*q2_0^2*q3_0^2
24	0,10,1,0,0,0,0	q2_0^10*q3_0
25	3,6,3,0,0,0,0	b4^3*q2_0^6*q3_0^3
26	5,5,3,0,0,0,0	b4^5*q2_0^5*q3_0^3
27	7,4,3,0,0,0,0	b4^7*q2_0^4*q3_0^3
28	9,3,3,0,0,0,0	b4^9*q2_0^3*q3_0^3
29	11,2,3,0,0,0,0	b4^11*q2_0^2*q3_0^3
30	13,1,3,0,0,0,0	b4^13*q2_0*q3_0^3
31	15,0,3,0,0,0,0	b4^15*q3_0^3
32	0,9,2,0,0,0,0	q2_0^9*q3_0^2
33	2,8,2,0,0,0,0	b4^2*q2_0^8*q3_0^2
34	8,1,5,0,0,0,0	b4^8*q2_0*q3_0^5
35	10,0,5,0,0,0,0	b4^10*q3_0^5
36	1,6,4,0,0,0,0	b4*q2_0^6*q3_0^4
37	3,5,4,0,0,0,0	b4^3*q2_0^5*q3_0^4
38	5,4,4,0,0,0,0	b4^5*q2_0^4*q3_0^4
39	7,3,4,0,0,0,0	b4^7*q2_0^3*q3_0^4
40	9,2,4,0,0,0,0	b4^9*q2_0^2*q3_0^4
41	11,1,4,0,0,0,0	b4^11*q2_0*q3_0^4
42	13,0,4,0,0,0,0	b4^13*q3_0^4
43	0,8,3,0,0,0,0	q2_0^8*q3_0^3
44	2,7,3,0,0,0,0	b4^2*q2_0^7*q3_0^3
45	3,1,7,0,0,0,0	b4^3*q2_0*q3_0^7
46	5,0,7,0,0,0,0	b4^5*q3_0^7
47	0,4,6,0,0,0,0	q2_0^4*q3_0^6
48	2,3,6,0,0,0,0	b4^2*q2_0^3*q3_0^6
49	4,2,6,0,0,0,0	b4^4*q2_0^2*q3_0^6
50	6,1,6,0,0,0,0	b4^6*q2_0*q3_0^6
51	8,0,6,0,0,0,0	b4^8*q3_0^6
52	1,5,5,0,0,0,0	b4*q2_0^5*q3_0^5
53	3,4,5,0,0,0,0	b4^3*q2_0^4*q3_0^5
54	5,3,5,0,0,0,0	b4^5*q2_0^3*q3_0^5
55	7,2,5,0,0,0,0	b4^7*q2_0^2*q3_0^5
56	0,7,4,0,0,0,0	q2_0^7*q3_0^4
57	2,6,3,1,0,0,0	b4^2*q2_0^6*q3_0^3*q4_0
58	4,5,3,1,0,0,0	b4^4*q2_0^5*q3_0^3*q4_0
59	6,4,3,1,0,0,0	b4^6*q2_0^4*q3_0^3*q4_0
60	8,3,3,1,0,0,0	b4^8*q2_0^3*q3_0^3*q4_0
61	10,2,3,1,0,0,0	b4^10*q2_0^2*q3_0^3*q4_0
62	12,1,3,1,0,0,0	b4^12*q2_0*q3_0^3*q4_0
63	14,0,3,1,0,0,0	b4^14*q3_0^3*q4_0
64	1,8,2,1,0,0,0	b4*q2_0^8*q3_0^2*q4_0
65	0,0,9,0,0,0,0	q3_0^9
66	1,1,8,0,0,0,0	b4*q2_0*q3_0^8
67	3,0,8,0,0,0,0	b4^3*q3_0^8
68	0,3,7,0,0,0,0	q2_0^3*q3_0^7
69	2,2,7,0,0,0,0	b4^2*q2_0^2*q3_0^7
70	0,6,5,0,0,0,0	q2_0^6*q3_0^5
71	0,10,0,2,0,0,0	q2_0^10*q4_0^2
72	2,9,0,2,0,0,0	b4^2*q2_0^9*q4_0^2
73	0,0,8,1,0,0,0	q3_0^8*q4_0
74	1,1,7,1,0,0,0	b4*q2_0*q3_0^7*q4_0
75	3,0,7,1,0,0,0	b4^3*q3_0^7*q4_0
76	0,3,6,1,0,0,0	q2_0^3*q3_0^6*q4_0
77	2,2,6,1,0,0,0	b4^2*q2_0^2*q3_0^6*q4_0
78	4,1,6,1,0,0,0	b4^4*q2_0*q3_0^6*q4_0
79	6,0,6,1,0,0,0	b4^6*q3_0^6*q4_0
80	1,4,5,1,0,0,0	b4*q2_0^4*q3_0^5*q4_0
81	3,3,5,1,0,0,0	b4^3*q2_0^3*q3_0^5*q4_0
82	5,2,5,1,0,0,0	b4^5*q2_0^2*q3_0^5*q4_0
83	7,1,5,1,0,0,0	b4^7*q2_0*q3_0^5*q4_0
84	9,0,5,1,0,0,0	b4^9*q3_0^5*q4_0
85	0,6,4,1,0,0,0	q2_0^6*q3_0^4*q4_0
86	2,5,4,1,0,0,0	b4^2*q2_0^5*q3_0^4*q4_0
87	4,4,4,1,0,0,0	b4^4*q2_0^4*q3_0^4*q4_0
88	6,3,4,1,0,0,0	b4^6*q2_0^3*q3_0^4*q4_0
89	8,2,4,1,0,0,0	b4^8*q2_0^2*q3_0^4*q4_0
90	10,1,4,1,0,0,0	b4^10*q2_0*q3_0^4*q4_0
91	12,0,4,1,0,0,0	b4^12*q3_0^4*q4_0
92	1,7,3,1,0,0,0	b4*q2_0^7*q3_0^3*q4_0
93	0,2,8,0,0,0,0	q2_0^2*q3_0^8
94	1,4,4,2,0,0,0	b4*q2_0^4*q3_0^4*q4_0^2
95	3,3,4,2,0,0,0	b4^3*q2_0^3*q3_0^4*q4_0^2
96	5,2,4,2,0,0,0	b4^5*q2_0^2*q3_0^4*q4_0^2
97	7,1,4,2,0,0,0	b4^7*q2_0*q3_0^4*q4_0^2
98	9,0,4,2,0,0,0	b4^9*q3_0^4*q4_0^2
99	0,6,3,2,0,0,0	q2_0^6*q3_0^3*q4_0^2
100	2,5,3,2,0,0,0	b4^2*q2_0^5*q3_0^3*q4_0^2
101	4,4,3,2,0,0,0	b4^4*q2_0^4*q3_0^3*q4_0^2
102	6,3,3,2,0,0,0	b4^6*q2_0^3*q3_0^3*q4_0^2
103	8,2,3,2,0,0,0	b4^8*q2_0^2*q3_0^3*q4_0^2
104	10,1,3,2,0,0,0	b4^10*q2_0*q3_0^3*q4_0^2
105	12,0,3,2,0,0,0	b4^12*q3_0^3*q4_0^2
106	1,7,2,2,0,0,0	b4*q2_0^7*q3_0^2*q4_0^2
107	3,6,2,2,0,0,0	b4^3*q2_0^6*q3_0^2*q4_0^2
108	5,5,2,2,0,0,0	b4^5*q2_0^5*q3_0^2*q4_0^2
109	7,4,2,2,0,0,0	b4^7*q2_0^4*q3_0^2*q4_0^2
110	9,3,2,2,0,0,0	b4^9*q2_0^3*q3_0^2*q4_0^2
111	11,2,2,2,0,0,0	b4^11*q2_0^2*q3_0^2*q4_0^2
112	13,1,2,2,0,0,0	b4^13*q2_0*q3_0^2*q4_0^2
113	15,0,2,2,0,0,0	b4^15*q3_0^2*q4_0^2
114	0,9,1,2,0,0,0	q2_0^9*q3_0*q4_0^2
115	2,8,1,2,0,0,0	b4^2*q2_0^8*q3_0*q4_0^2
116	4,7,1,2,0,0,0	b4^4*q2_0^7*q3_0*q4_0^2
117	6,6,1,2,0,0,0	b4^6*q2_0^6*q3_0*q4_0^2
118	8,5,1,2,0,0,0	b4^8*q2_0^5*q3_0*q4_0^2
119	0,2,7,1,0,0,0	q2_0^2*q3_0^7*q4_0
120	0,5,5,1,0,0,0	q2_0^5*q3_0^5*q4_0
121	9,0,3,3,0,0,0	b4^9*q3_0^3*q4_0^3
122	0,6,2,3,0,0,0	q2_0^6*q3_0^2*q4_0^3
123	2,5,2,3,0,0,0	b4^2*q2_0^5*q3_0^2*q4_0^3
124	4,4,2,3,0,0,0	b4^4*q2_0^4*q3_0^2*q4_0^3
125	6,3,2,3,0,0,0	b4^6*q2_0^3*q3_0^2*q4_0^3
126	8,2,2,3,0,0,0	b4^8*q2_0^2*q3_0^2*q4_0^3
127	10,1,2,3,0,0,0	b4^10*q2_0*q3_0^2*q4_0^3
128	12,0,2,3,0,0,0	b4^12*q3_0^2*q4_0^3
129	1,7,1,3,0,0,0	b4*q2_0^7*q3_0*q4_0^3
130	3,6,1,3,0,0,0	b4^3*q2_0^6*q3_0*q4_0^3
131	5,5,1,3,0,0,0	b4^5*q2_0^5*q3_0*q4_0^3
132	7,4,1,3,0,0,0	b4^7*q2_0^4*q3_0*q4_0^3
133	9,3,1,3,0,0,0	b4^9*q2_0^3*q3_0*q4_0^3
134	11,2,1,3,0,0,0	b4^11*q2_0^2*q3_0*q4_0^3
135	13,1,1,3,0,0,0	b4^13*q2_0*q3_0*q4_0^3
136	15,0,1,3,0,0,0	b4^15*q3_0*q4_0^3
137	0,9,0,3,0,0,0	q2_0^9*q4_0^3
138	2,8,0,3,0,0,0	b4^2*q2_0^8*q4_0^3
139	4,7,0,3,0,0,0	b4^4*q2_0^7*q4_0^3
140	6,6,0,3,0,0,0	b4^6*q2_0^6*q4_0^3
141	8,5,0,3,0,0,0	b4^8*q2_0^5*q4_0^3
142	10,4,0,3,0,0,0	b4^10*q2_0^4*q4_0^3
143	1,0,7,2,0,0,0	b4*q3_0^7*q4_0^2
144	0,2,6,2,0,0,0	q2_0^2*q3_0^6*q4_0^2
145	2,1,6,2,0,0,0	b4^2*q2_0*q3_0^6*q4_0^2
146	4,0,6,2,0,0,0	b4^4*q3_0^6*q4_0^2
147	1,3,5,2,0,0,0	b4*q2_0^3*q3_0^5*q4_0^2
148	3,2,5,2,0,0,0	b4^3*q2_0^2*q3_0^5*q4_0^2
149	5,1,5,2,0,0,0	b4^5*q2_0*q3_0^5*q4_0^2
150	7,0,5,2,0,0,0	b4^7*q3_0^5*q4_0^2
151	0,5,4,2,0,0,0	q2_0^5*q3_0^4*q4_0^2
152	0,8,2,2,0,0,0	q2_0^8*q3_0^2*q4_0^2
153	0,3,3,4,0,0,0	q2_0^3*q3_0^3*q4_0^4
154	2,2,3,4,0,0,0	b4^2*q2_0^2*q3_0^3*q4_0^4
155	4,1,3,4,0,0,0	b4^4*q2_0*q3_0^3*q4_0^4
156	6,0,3,4,0,0,0	b4^6*q3_0^3*q4_0^4
157	1,4,2,4,0,0,0	b4*q2_0^4*q3_0^2*q4_0^4
158	3,3,2,4,0,0,0	b4^3*q2_0^3*q3_0^2*q4_0^4
159	5,2,2,4,0,0,0	b4^5*q2_0^2*q3_0^2*q4_0^4
160	7,1,2,4,0,0,0	b4^7*q2_0*q3_0^2*q4_0^4
161	9,0,2,4,0,0,0	b4^9*q3_0^2*q4_0^4
162	0,6,1,4,0,0,0	q2_0^6*q3_0*q4_0^4
163	2,5,1,4,0,0,0	b4^2*q2_0^5*q3_0*q4_0^4
164	4,4,1,4,0,0,0	b4^4*q2_0^4*q3_0*q4_0^4
165	6,3,1,4,0,0,0	b4^6*q2_0^3*q3_0*q4_0^4
166	8,2,1,4,0,0,0	b4^8*q2_0^2*q3_0*q4_0^4
167	10,1,1,4,0,0,0	b4^10*q2_0*q3_0*q4_0^4
168	12,0,1,4,0,0,0	b4^12*q3_0*q4_0^4
169	1,7,0,4,0,0,0	b4*q2_0^7*q4_0^4
170	3,6,0,4,0,0,0	b4^3*q2_0^6*q4_0^4
171	5,5,0,4,0,0,0	b4^5*q2_0^5*q4_0^4
172	7,4,0,4,0,0,0	b4^7*q2_0^4*q4_0^4
173	9,3,0,4,0,0,0	b4^9*q2_0^3*q4_0^4
174	11,2,0,4,0,0,0	b4^11*q2_0^2*q4_0^4
175	13,1,0,4,0,0,0	b4^13*q2_0*q4_0^4
176	15,0,0,4,0,0,0	b4^15*q4_0^4
177	1,0,6,3,0,0,0	b4*q3_0^6*q4_0^3
178	0,2,5,3,0,0,0	q2_0^2*q3_0^5*q4_0^3
179	2,1,5,3,0,0,0	b4^2*q2_0*q3_0^5*q4_0^3
180	4,0,5,3,0,0,0	b4^4*q3_0^5*q4_0^3
181	1,3,4,3,0,0,0	b4*q2_0^3*q3_0^4*q4_0^3
182	3,2,4,3,0,0,0	b4^3*q2_0^2*q3_0^4*q4_0^3
183	5,1,4,3,0,0,0	b4^5*q2_0*q3_0^4*q4_0^3
184	7,0,4,3,0,0,0	b4^7*q3_0^4*q4_0^3
185	0,5,3,3,0,0,0	q2_0^5*q3_0^3*q4_0^3
186	2,4,3,3,0,0,0	b4^2*q2_0^4*q3_0^3*q4_0^3
187	4,3,3,3,0,0,0	b4^4*q2_0^3*q3_0^3*q4_0^3
188	6,2,3,3,0,0,0	b4^6*q2_0^2*q3_0^3*q4_0^3
189	8,1,3,3,0,0,0	b4^8*q2_0*q3_0^3*q4_0^3
190	0,8,1,3,0,0,0	q2_0^8*q3_0*q4_0^3
191	0,1,7,2,0,0,0	q2_0*q3_0^7*q4_0^2
192	0,4,5,2,0,0,0	q2_0^4*q3_0^5*q4_0^2
193	0,7,3,1,1,0,0	q2_0^7*q3_0^3*q4_0*q5_0
194	0,0,0,8,0,0,0	q4_0^8
195	1,0,1,7,0,0,0	b4*q3_0*q4_0^7
196	0,2,0,7,0,0,0	q2_0^2*q4_0^7
197	2,1,0,7,0,0,0	b4^2*q2_0*q4_0^7
198	4,0,0,7,0,0,0	b4^4*q4_0^7
199	0,1,2,6,0,0,0	q2_0*q3_0^2*q4_0^6
200	2,0,2,6,0,0,0	b4^2*q3_0^2*q4_0^6
201	1,2,1,6,0,0,0	b4*q2_0^2*q3_0*q4_0^6
202	3,1,1,6,0,0,0	b4^3*q2_0*q3_0*q4_0^6
203	5,0,1,6,0,0,0	b4^5*q3_0*q4_0^6
204	0,4,0,6,0,0,0	q2_0^4*q4_0^6
205	2,3,0,6,0,0,0	b4^2*q2_0^3*q4_0^6
206	4,2,0,6,0,0,0	b4^4*q2_0^2*q4_0^6
207	6,1,0,6,0,0,0	b4^6*q2_0*q4_0^6
208	8,0,0,6,0,0,0	b4^8*q4_0^6
209	0,0,4,5,0,0,0	q3_0^4*q4_0^5
210	1,1,3,5,0,0,0	b4*q2_0*q3_0^3*q4_0^5
211	3,0,3,5,0,0,0	b4^3*q3_0^3*q4_0^5
212	0,3,2,5,0,0,0	q2_0^3*q3_0^2*q4_0^5
213	2,2,2,5,0,0,0	b4^2*q2_0^2*q3_0^2*q4_0^5
214	4,1,2,5,0,0,0	b4^4*q2_0*q3_0^2*q4_0^5
215	6,0,2,5,0,0,0	b4^6*q3_0^2*q4_0^5
216	1,4,1,5,0,0,0	b4*q2_0^4*q3_0*q4_0^5
217	3,3,1,5,0,0,0	b4^3*q2_0^3*q3_0*q4_0^5
218	5,2,1,5,0,0,0	b4^5*q2_0^2*q3_0*q4_0^5
219	7,1,1,5,0,0,0	b4^7*q2_0*q3_0*q4_0^5
220	9,0,1,5,0,0,0	b4^9*q3_0*q4_0^5
221	0,6,0,5,0,0,0	q2_0^6*q4_0^5
222	2,5,0,5,0,0,0	b4^2*q2_0^5*q4_0^5
223	4,4,0,5,0,0,0	b4^4*q2_0^4*q4_0^5
224	6,3,0,5,0,0,0	b4^6*q2_0^3*q4_0^5
225	8,2,0,5,0,0,0	b4^8*q2_0^2*q4_0^5
226	10,1,0,5,0,0,0	b4^10*q2_0*q4_0^5
227	12,0,0,5,0,0,0	b4^12*q4_0^5
228	1,0,5,4,0,0,0	b4*q3_0^5*q4_0^4
229	0,2,4,4,0,0,0	q2_0^2*q3_0^4*q4_0^4
230	2,1,4,4,0,0,0	b4^2*q2_0*q3_0^4*q4_0^4
231	4,0,4,4,0,0,0	b4^4*q3_0^4*q4_0^4
232	0,5,2,4,0,0,0	q2_0^5*q3_0^2*q4_0^4
233	0,8,0,4,0,0,0	q2_0^8*q4_0^4
234	0,1,6,3,0,0,0	q2_0*q3_0^6*q4_0^3
235	0,4,4,3,0,0,0	q2_0^4*q3_0^4*q4_0^3
236	13,0,1,3,1,0,0	b4^13*q3_0*q4_0^3*q5_0
237	0,8,0,3,1,0,0	q2_0^8*q4_0^3*q5_0
238	2,7,0,3,1,0,0	b4^2*q2_0^7*q4_0^3*q5_0
239	4,6,0,3,1,0,0	b4^4*q2_0^6*q4_0^3*q5_0
240	6,5,0,3,1,0,0	b4^6*q2_0^5*q4_0^3*q5_0
241	8,4,0,3,1,0,0	b4^8*q2_0^4*q4_0^3*q5_0
242	10,3,0,3,1,0,0	b4^10*q2_0^3*q4_0^3*q5_0
243	12,2,0,3,1,0,0	b4^12*q2_0^2*q4_0^3*q5_0
244	14,1,0,3,1,0,0	b4^14*q2_0*q4_0^3*q5_0
245	0,1,6,2,1,0,0	q2_0*q3_0^6*q4_0^2*q5_0
246	2,0,6,2,1,0,0	b4^2*q3_0^6*q4_0^2*q5_0
247	1,2,5,2,1,0,0	b4*q2_0^2*q3_0^5*q4_0^2*q5_0
248	3,1,5,2,1,0,0	b4^3*q2_0*q3_0^5*q4_0^2*q5_0
249	5,0,5,2,1,0,0	b4^5*q3_0^5*q4_0^2*q5_0
250	0,4,4,2,1,0,0	q2_0^4*q3_0^4*q4_0^2*q5_0
251	2,3,4,2,1,0,0	b4^2*q2_0^3*q3_0^4*q4_0^2*q5_0
252	4,2,4,2,1,0,0	b4^4*q2_0^2*q3_0^4*q4_0^2*q5_0
253	6,1,4,2,1,0,0	b4^6*q2_0*q3_0^4*q4_0^2*q5_0
254	8,0,4,2,1,0,0	b4^8*q3_0^4*q4_0^2*q5_0
255	1,5,3,2,1,0,0	b4*q2_0^5*q3_0^3*q4_0^2*q5_0
256	3,4,3,2,1,0,0	b4^3*q2_0^4*q3_0^3*q4_0^2*q5_0
257	5,3,3,2,1,0,0	b4^5*q2_0^3*q3_0^3*q4_0^2*q5_0
258	7,2,3,2,1,0,0	b4^7*q2_0^2*q3_0^3*q4_0^2*q5_0
259	9,1,3,2,1,0,0	b4^9*q2_0*q3_0^3*q4_0^2*q5_0
260	11,0,3,2,1,0,0	b4^11*q3_0^3*q4_0^2*q5_0
261	0,7,2,2,1,0,0	q2_0^7*q3_0^2*q4_0^2*q5_0
262	2,6,2,2,1,0,0	b4^2*q2_0^6*q3_0^2*q4_0^2*q5_0
263	4,5,2,2,1,0,0	b4^4*q2_0^5*q3_0^2*q4_0^2*q5_0
264	6,4,2,2,1,0,0	b4^6*q2_0^4*q3_0^2*q4_0^2*q5_0
265	8,3,2,2,1,0,0	b4^8*q2_0^3*q3_0^2*q4_0^2*q5_0
266	10,2,2,2,1,0,0	b4^10*q2_0^2*q3_0^2*q4_0^2*q5_0
267	12,1,2,2,1,0,0	b4^12*q2_0*q3_0^2*q4_0^2*q5_0
268	14,0,2,2,1,0,0	b4^14*q3_0^2*q4_0^2*q5_0
269	1,8,1,2,1,0,0	b4*q2_0^8*q3_0*q4_0^2*q5_0
270	3,7,1,2,1,0,0	b4^3*q2_0^7*q3_0*q4_0^2*q5_0
271	5,6,1,2,1,0,0	b4^5*q2_0^6*q3_0*q4_0^2*q5_0
272	7,5,1,2,1,0,0	b4^7*q2_0^5*q3_0*q4_0^2*q5_0
273	9,4,1,2,1,0,0	b4^9*q2_0^4*q3_0*q4_0^2*q5_0
274	11,3,1,2,1,0,0	b4^11*q2_0^3*q3_0*q4_0^2*q5_0
275	13,2,1,2,1,0,0	b4^13*q2_0^2*q3_0*q4_0^2*q5_0
276	0,1,1,7,0,0,0	q2_0*q3_0*q4_0^7
277	0,0,3,6,0,0,0	q3_0^3*q4_0^6
278	0,3,1,6,0,0,0	q2_0^3*q3_0*q4_0^6
279	0,2,3,5,0,0,0	q2_0^2*q3_0^3*q4_0^5
280	0,5,1,5,0,0,0	q2_0^5*q3_0*q4_0^5
281	0,1,5,4,0,0,0	q2_0*q3_0^5*q4_0^4
282	0,0,7,3,0,0,0	q3_0^7*q4_0^3
283	2,5,4,0,2,0,0	b4^2*q2_0^5*q3_0^4*q5_0^2
284	4,4,4,0,2,0,0	b4^4*q2_0^4*q3_0^4*q5_0^2
285	6,3,4,0,2,0,0	b4^6*q2_0^3*q3_0^4*q5_0^2
286	8,2,4,0,2,0,0	b4^8*q2_0^2*q3_0^4*q5_0^2
287	10,1,4,0,2,0,0	b4^10*q2_0*q3_0^4*q5_0^2
288	12,0,4,0,2,0,0	b4^12*q3_0^4*q5_0^2
289	1,7,3,0,2,0,0	b4*q2_0^7*q3_0^3*q5_0^2
290	1,0,0,7,1,0,0	b4*q4_0^7*q5_0
291	0,1,1,6,1,0,0	q2_0*q3_0*q4_0^6*q5_0
292	2,0,1,6,1,0,0	b4^2*q3_0*q4_0^6*q5_0
293	1,2,0,6,1,0,0	b4*q2_0^2*q4_0^6*q5_0
294	3,1,0,6,1,0,0	b4^3*q2_0*q4_0^6*q5_0
295	5,0,0,6,1,0,0	b4^5*q4_0^6*q5_0
296	0,0,3,5,1,0,0	q3_0^3*q4_0^5*q5_0
297	1,1,2,5,1,0,0	b4*q2_0*q3_0^2*q4_0^5*q5_0
298	3,0,2,5,1,0,0	b4^3*q3_0^2*q4_0^5*q5_0
299	0,3,1,5,1,0,0	q2_0^3*q3_0*q4_0^5*q5_0
300	2,2,1,5,1,0,0	b4^2*q2_0^2*q3_0*q4_0^5*q5_0
301	4,1,1,5,1,0,0	b4^4*q2_0*q3_0*q4_0^5*q5_0
302	6,0,1,5,1,0,0	b4^6*q3_0*q4_0^5*q5_0
303	1,4,0,5,1,0,0	b4*q2_0^4*q4_0^5*q5_0
304	3,3,0,5,1,0,0	b4^3*q2_0^3*q4_0^5*q5_0
305	5,2,0,5,1,0,0	b4^5*q2_0^2*q4_0^5*q5_0
306	7,1,0,5,1,0,0	b4^7*q2_0*q4_0^5*q5_0
307	9,0,0,5,1,0,0	b4^9*q4_0^5*q5_0
308	1,0,4,4,1,0,0	b4*q3_0^4*q4_0^4*q5_0
309	0,2,3,4,1,0,0	q2_0^2*q3_0^3*q4_0^4*q5_0
310	2,1,3,4,1,0,0	b4^2*q2_0*q3_0^3*q4_0^4*q5_0
311	4,0,3,4,1,0,0	b4^4*q3_0^3*q4_0^4*q5_0
312	1,3,2,4,1,0,0	b4*q2_0^3*q3_0^2*q4_0^4*q5_0
313	3,2,2,4,1,0,0	b4^3*q2_0^2*q3_0^2*q4_0^4*q5_0
314	5,1,2,4,1,0,0	b4^5*q2_0*q3_0^2*q4_0^4*q5_0
315	7,0,2,4,1,0,0	b4^7*q3_0^2*q4_0^4*q5_0
316	0,5,1,4,1,0,0	q2_0^5*q3_0*q4_0^4*q5_0
317	2,4,1,4,1,0,0	b4^2*q2_0^4*q3_0*q4_0^4*q5_0
318	4,3,1,4,1,0,0	b4^4*q2_0^3*q3_0*q4_0^4*q5_0
319	6,2,1,4,1,0,0	b4^6*q2_0^2*q3_0*q4_0^4*q5_0
320	8,1,1,4,1,0,0	b4^8*q2_0*q3_0*q4_0^4*q5_0
321	10,0,1,4,1,0,0	b4^10*q3_0*q4_0^4*q5_0
322	1,6,0,4,1,0,0	b4*q2_0^6*q4_0^4*q5_0
323	3,5,0,4,1,0,0	b4^3*q2_0^5*q4_0^4*q5_0
324	5,4,0,4,1,0,0	b4^5*q2_0^4*q4_0^4*q5_0
325	7,3,0,4,1,0,0	b4^7*q2_0^3*q4_0^4*q5_0
326	9,2,0,4,1,0,0	b4^9*q2_0^2*q4_0^4*q5_0
327	11,1,0,4,1,0,0	b4^11*q2_0*q4_0^4*q5_0
328	13,0,0,4,1,0,0	b4^13*q4_0^4*q5_0
329	0,1,5,3,1,0,0	q2_0*q3_0^5*q4_0^3*q5_0
330	2,0,5,3,1,0,0	b4^2*q3_0^5*q4_0^3*q5_0
331	1,2,4,3,1,0,0	b4*q2_0^2*q3_0^4*q4_0^3*q5_0
332	3,1,4,3,1,0,0	b4^3*q2_0*q3_0^4*q4_0^3*q5_0
333	5,0,4,3,1,0,0	b4^5*q3_0^4*q4_0^3*q5_0
334	0,4,3,3,1,0,0	q2_0^4*q3_0^3*q4_0^3*q5_0
335	2,3,3,3,1,0,0	b4^2*q2_0^3*q3_0^3*q4_0^3*q5_0
336	4,2,3,3,1,0,0	b4^4*q2_0^2*q3_0^3*q4_0^3*q5_0
337	6,1,3,3,1,0,0	b4^6*q2_0*q3_0^3*q4_0^3*q5_0
338	8,0,3,3,1,0,0	b4^8*q3_0^3*q4_0^3*q5_0
339	1,5,2,3,1,0,0	b4*q2_0^5*q3_0^2*q4_0^3*q5_0
340	3,4,2,3,1,0,0	b4^3*q2_0^4*q3_0^2*q4_0^3*q5_0
341	5,3,2,3,1,0,0	b4^5*q2_0^3*q3_0^2*q4_0^3*q5_0
342	7,2,2,3,1,0,0	b4^7*q2_0^2*q3_0^2*q4_0^3*q5_0
343	9,1,2,3,1,0,0	b4^9*q2_0*q3_0^2*q4_0^3*q5_0
344	11,0,2,3,1,0,0	b4^11*q3_0^2*q4_0^3*q5_0
345	0,7,1,3,1,0,0	q2_0^7*q3_0*q4_0^3*q5_0
346	2,6,1,3,1,0,0	b4^2*q2_0^6*q3_0*q4_0^3*q5_0
347	4,5,1,3,1,0,0	b4^4*q2_0^5*q3_0*q4_0^3*q5_0
348	6,4,1,3,1,0,0	b4^6*q2_0^4*q3_0*q4_0^3*q5_0
349	8,3,1,3,1,0,0	b4^8*q2_0^3*q3_0*q4_0^3*q5_0
350	10,2,1,3,1,0,0	b4^10*q2_0^2*q3_0*q4_0^3*q5_0
351	12,1,1,3,1,0,0	b4^12*q2_0*q3_0*q4_0^3*q5_0
352	0,0,7,2,1,0,0	q3_0^7*q4_0^2*q5_0
353	0,3,5,2,1,0,0	q2_0^3*q3_0^5*q4_0^2*q5_0
354	0,0,2,7,0,0,0	q3_0^2*q4_0^7
355	0,0,6,4,0,0,0	q3_0^6*q4_0^4
356	9,2,0,3,2,0,0	b4^9*q2_0^2*q4_0^3*q5_0^2
357	11,1,0,3,2,0,0	b4^11*q2_0*q4_0^3*q5_0^2
358	13,0,0,3,2,0,0	b4^13*q4_0^3*q5_0^2
359	0,1,5,2,2,0,0	q2_0*q3_0^5*q4_0^2*q5_0^2
360	2,0,5,2,2,0,0	b4^2*q3_0^5*q4_0^2*q5_0^2
361	1,2,4,2,2,0,0	b4*q2_0^2*q3_0^4*q4_0^2*q5_0^2
362	3,1,4,2,2,0,0	b4^3*q2_0*q3_0^4*q4_0^2*q5_0^2
363	5,0,4,2,2,0,0	b4^5*q3_0^4*q4_0^2*q5_0^2
364	0,4,3,2,2,0,0	q2_0^4*q3_0^3*q4_0^2*q5_0^2
365	2,3,3,2,2,0,0	b4^2*q2_0^3*q3_0^3*q4_0^2*q5_0^2
366	4,2,3,2,2,0,0	b4^4*q2_0^2*q3_0^3*q4_0^2*q5_0^2
367	6,1,3,2,2,0,0	b4^6*q2_0*q3_0^3*q4_0^2*q5_0^2
368	8,0,3,2,2,0,0	b4^8*q3_0^3*q4_0^2*q5_0^2
369	1,5,2,2,2,0,0	b4*q2_0^5*q3_0^2*q4_0^2*q5_0^2
370	3,4,2,2,2,0,0	b4^3*q2_0^4*q3_0^2*q4_0^2*q5_0^2
371	5,3,2,2,2,0,0	b4^5*q2_0^3*q3_0^2*q4_0^2*q5_0^2
372	7,2,2,2,2,0,0	b4^7*q2_0^2*q3_0^2*q4_0^2*q5_0^2
373	9,1,2,2,2,0,0	b4^9*q2_0*q3_0^2*q4_0^2*q5_0^2
374	11,0,2,2,2,0,0	b4^11*q3_0^2*q4_0^2*q5_0^2
375	0,7,1,2,2,0,0	q2_0^7*q3_0*q4_0^2*q5_0^2
376	2,6,1,2,2,0,0	b4^2*q2_0^6*q3_0*q4_0^2*q5_0^2
377	4,5,1,2,2,0,0	b4^4*q2_0^5*q3_0*q4_0^2*q5_0^2
378	6,4,1,2,2,0,0	b4^6*q2_0^4*q3_0*q4_0^2*q5_0^2
379	8,3,1,2,2,0,0	b4^8*q2_0^3*q3_0*q4_0^2*q5_0^2
380	10,2,1,2,2,0,0	b4^10*q2_0^2*q3_0*q4_0^2*q5_0^2
381	12,1,1,2,2,0,0	b4^12*q2_0*q3_0*q4_0^2*q5_0^2
382	14,0,1,2,2,0,0	b4^14*q3_0*q4_0^2*q5_0^2
383	1,8,0,2,2,0,0	b4*q2_0^8*q4_0^2*q5_0^2
384	3,7,0,2,2,0,0	b4^3*q2_0^7*q4_0^2*q5_0^2
385	5,6,0,2,2,0,0	b4^5*q2_0^6*q4_0^2*q5_0^2
386	7,5,0,2,2,0,0	b4^7*q2_0^5*q4_0^2*q5_0^2
387	9,4,0,2,2,0,0	b4^9*q2_0^4*q4_0^2*q5_0^2
388	11,3,0,2,2,0,0	b4^11*q2_0^3*q4_0^2*q5_0^2
389	13,2,0,2,2,0,0	b4^13*q2_0^2*q4_0^2*q5_0^2
390	0,0,7,1,2,0,0	q3_0^7*q4_0*q5_0^2
391	1,1,6,1,2,0,0	b4*q2_0*q3_0^6*q4_0*q5_0^2
392	3,0,6,1,2,0,0	b4^3*q3_0^6*q4_0*q5_0^2
393	0,3,5,1,2,0,0	q2_0^3*q3_0^5*q4_0*q5_0^2
394	2,2,5,1,2,0,0	b4^2*q2_0^2*q3_0^5*q4_0*q5_0^2
395	4,1,5,1,2,0,0	b4^4*q2_0*q3_0^5*q4_0*q5_0^2
396	6,0,5,1,2,0,0	b4^6*q3_0^5*q4_0*q5_0^2
397	1,4,4,1,2,0,0	b4*q2_0^4*q3_0^4*q4_0*q5_0^2
398	3,3,4,1,2,0,0	b4^3*q2_0^3*q3_0^4*q4_0*q5_0^2
399	5,2,4,1,2,0,0	b4^5*q2_0^2*q3_0^4*q4_0*q5_0^2
400	7,1,4,1,2,0,0	b4^7*q2_0*q3_0^4*q4_0*q5_0^2
401	9,0,4,1,2,0,0	b4^9*q3_0^4*q4_0*q5_0^2
402	0,6,3,1,2,0,0	q2_0^6*q3_0^3*q4_0*q5_0^2
403	2,5,3,1,2,0,0	b4^2*q2_0^5*q3_0^3*q4_0*q5_0^2
404	4,4,3,1,2,0,0	b4^4*q2_0^4*q3_0^3*q4_0*q5_0^2
405	6,3,3,1,2,0,0	b4^6*q2_0^3*q3_0^3*q4_0*q5_0^2
406	8,2,3,1,2,0,0	b4^8*q2_0^2*q3_0^3*q4_0*q5_0^2
407	10,1,3,1,2,0,0	b4^10*q2_0*q3_0^3*q4_0*q5_0^2
408	12,0,3,1,2,0,0	b4^12*q3_0^3*q4_0*q5_0^2
409	1,7,2,1,2,0,0	b4*q2_0^7*q3_0^2*q4_0*q5_0^2
410	3,6,2,1,2,0,0	b4^3*q2_0^6*q3_0^2*q4_0*q5_0^2
411	5,5,2,1,2,0,0	b4^5*q2_0^5*q3_0^2*q4_0*q5_0^2
412	7,4,2,1,2,0,0	b4^7*q2_0^4*q3_0^2*q4_0*q5_0^2
413	9,3,2,1,2,0,0	b4^9*q2_0^3*q3_0^2*q4_0*q5_0^2
414	11,2,2,1,2,0,0	b4^11*q2_0^2*q3_0^2*q4_0*q5_0^2
415	13,1,2,1,2,0,0	b4^13*q2_0*q3_0^2*q4_0*q5_0^2
416	15,0,2,1,2,0,0	b4^15*q3_0^2*q4_0*q5_0^2
417	0,9,1,1,2,0,0	q2_0^9*q3_0*q4_0*q5_0^2
418	2,8,1,1,2,0,0	b4^2*q2_0^8*q3_0*q4_0*q5_0^2
419	4,7,1,1,2,0,0	b4^4*q2_0^7*q3_0*q4_0*q5_0^2
420	6,6,1,1,2,0,0	b4^6*q2_0^6*q3_0*q4_0*q5_0^2
421	8,5,1,1,2,0,0	b4^8*q2_0^5*q3_0*q4_0*q5_0^2
422	1,0,8,0,2,0,0	b4*q3_0^8*q5_0^2
423	0,2,7,0,2,0,0	q2_0^2*q3_0^7*q5_0^2
424	2,1,7,0,2,0,0	b4^2*q2_0*q3_0^7*q5_0^2
425	4,0,7,0,2,0,0	b4^4*q3_0^7*q5_0^2
426	1,3,6,0,2,0,0	b4*q2_0^3*q3_0^6*q5_0^2
427	3,2,6,0,2,0,0	b4^3*q2_0^2*q3_0^6*q5_0^2
428	5,1,6,0,2,0,0	b4^5*q2_0*q3_0^6*q5_0^2
429	7,0,6,0,2,0,0	b4^7*q3_0^6*q5_0^2
430	0,5,5,0,2,0,0	q2_0^5*q3_0^5*q5_0^2
431	2,4,5,0,2,0,0	b4^2*q2_0^4*q3_0^5*q5_0^2
432	4,3,5,0,2,0,0	b4^4*q2_0^3*q3_0^5*q5_0^2
433	6,2,5,0,2,0,0	b4^6*q2_0^2*q3_0^5*q5_0^2
434	0,1,0,7,1,0,0	q2_0*q4_0^7*q5_0
435	0,0,2,6,1,0,0	q3_0^2*q4_0^6*q5_0
436	0,3,0,6,1,0,0	q2_0^3*q4_0^6*q5_0
437	0,2,2,5,1,0,0	q2_0^2*q3_0^2*q4_0^5*q5_0
438	0,5,0,5,1,0,0	q2_0^5*q4_0^5*q5_0
439	0,1,4,4,1,0,0	q2_0*q3_0^4*q4_0^4*q5_0
440	0,4,2,4,1,0,0	q2_0^4*q3_0^2*q4_0^4*q5_0
441	0,7,0,4,1,0,0	q2_0^7*q4_0^4*q5_0
442	0,0,6,3,1,0,0	q3_0^6*q4_0^3*q5_0
443	0,3,4,3,1,0,0	q2_0^3*q3_0^4*q4_0^3*q5_0
444	7,2,2,1,3,0,0	b4^7*q2_0^2*q3_0^2*q4_0*q5_0^3
445	9,1,2,1,3,0,0	b4^9*q2_0*q3_0^2*q4_0*q5_0^3
446	11,0,2,1,3,0,0	b4^11*q3_0^2*q4_0*q5_0^3
447	0,7,1,1,3,0,0	q2_0^7*q3_0*q4_0*q5_0^3
448	2,6,1,1,3,0,0	b4^2*q2_0^6*q3_0*q4_0*q5_0^3
449	4,5,1,1,3,0,0	b4^4*q2_0^5*q3_0*q4_0*q5_0^3
450	6,4,1,1,3,0,0	b4^6*q2_0^4*q3_0*q4_0*q5_0^3
451	8,3,1,1,3,0,0	b4^8*q2_0^3*q3_0*q4_0*q5_0^3
452	10,2,1,1,3,0,0	b4^10*q2_0^2*q3_0*q4_0*q5_0^3
453	12,1,1,1,3,0,0	b4^12*q2_0*q3_0*q4_0*q5_0^3
454	14,0,1,1,3,0,0	b4^14*q3_0*q4_0*q5_0^3
455	1,8,0,1,3,0,0	b4*q2_0^8*q4_0*q5_0^3
456	3,7,0,1,3,0,0	b4^3*q2_0^7*q4_0*q5_0^3
457	5,6,0,1,3,0,0	b4^5*q2_0^6*q4_0*q5_0^3
458	7,5,0,1,3,0,0	b4^7*q2_0^5*q4_0*q5_0^3
459	9,4,0,1,3,0,0	b4^9*q2_0^4*q4_0*q5_0^3
460	11,3,0,1,3,0,0	b4^11*q2_0^3*q4_0*q5_0^3
461	13,2,0,1,3,0,0	b4^13*q2_0^2*q4_0*q5_0^3
462	0,0,7,0,3,0,0	q3_0^7*q5_0^3
463	1,1,6,0,3,0,0	b4*q2_0*q3_0^6*q5_0^3
464	3,0,6,0,3,0,0	b4^3*q3_0^6*q5_0^3
465	0,3,5,0,3,0,0	q2_0^3*q3_0^5*q5_0^3
466	2,2,5,0,3,0,0	b4^2*q2_0^2*q3_0^5*q5_0^3
467	4,1,5,0,3,0,0	b4^4*q2_0*q3_0^5*q5_0^3
468	6,0,5,0,3,0,0	b4^6*q3_0^5*q5_0^3
469	1,4,4,0,3,0,0	b4*q2_0^4*q3_0^4*q5_0^3
470	3,3,4,0,3,0,0	b4^3*q2_0^3*q3_0^4*q5_0^3
471	5,2,4,0,3,0,0	b4^5*q2_0^2*q3_0^4*q5_0^3
472	7,1,4,0,3,0,0	b4^7*q2_0*q3_0^4*q5_0^3
473	9,0,4,0,3,0,0	b4^9*q3_0^4*q5_0^3
474	0,6,3,0,3,0,0	q2_0^6*q3_0^3*q5_0^3
475	2,5,3,0,3,0,0	b4^2*q2_0^5*q3_0^3*q5_0^3
476	4,4,3,0,3,0,0	b4^4*q2_0^4*q3_0^3*q5_0^3
477	6,3,3,0,3,0,0	b4^6*q2_0^3*q3_0^3*q5_0^3
478	8,2,3,0,3,0,0	b4^8*q2_0^2*q3_0^3*q5_0^3
479	10,1,3,0,3,0,0	b4^10*q2_0*q3_0^3*q5_0^3
480	12,0,3,0,3,0,0	b4^12*q3_0^3*q5_0^3
481	1,7,2,0,3,0,0	b4*q2_0^7*q3_0^2*q5_0^3
482	3,6,2,0,3,0,0	b4^3*q2_0^6*q3_0^2*q5_0^3
483	5,5,2,0,3,0,0	b4^5*q2_0^5*q3_0^2*q5_0^3
484	7,4,2,0,3,0,0	b4^7*q2_0^4*q3_0^2*q5_0^3
485	9,3,2,0,3,0,0	b4^9*q2_0^3*q3_0^2*q5_0^3
486	11,2,2,0,3,0,0	b4^11*q2_0^2*q3_0^2*q5_0^3
487	13,1,2,0,3,0,0	b4^13*q2_0*q3_0^2*q5_0^3
488	15,0,2,0,3,0,0	b4^15*q3_0^2*q5_0^3
489	0,9,1,0,3,0,0	q2_0^9*q3_0*q5_0^3
490	2,8,1,0,3,0,0	b4^2*q2_0^8*q3_0*q5_0^3
491	4,7,1,0,3,0,0	b4^4*q2_0^7*q3_0*q5_0^3
492	6,6,1,0,3,0,0	b4^6*q2_0^6*q3_0*q5_0^3
493	8,5,1,0,3,0,0	b4^8*q2_0^5*q3_0*q5_0^3
494	0,1,0,6,2,0,0	q2_0*q4_0^6*q5_0^2
495	2,0,0,6,2,0,0	b4^2*q4_0^6*q5_0^2
496	0,0,2,5,2,0,0	q3_0^2*q4_0^5*q5_0^2
497	1,1,1,5,2,0,0	b4*q2_0*q3_0*q4_0^5*q5_0^2
498	3,0,1,5,2,0,0	b4^3*q3_0*q4_0^5*q5_0^2
499	0,3,0,5,2,0,0	q2_0^3*q4_0^5*q5_0^2
500	2,2,0,5,2,0,0	b4^2*q2_0^2*q4_0^5*q5_0^2
501	4,1,0,5,2,0,0	b4^4*q2_0*q4_0^5*q5_0^2
502	6,0,0,5,2,0,0	b4^6*q4_0^5*q5_0^2
503	1,0,3,4,2,0,0	b4*q3_0^3*q4_0^4*q5_0^2
504	0,2,2,4,2,0,0	q2_0^2*q3_0^2*q4_0^4*q5_0^2
505	2,1,2,4,2,0,0	b4^2*q2_0*q3_0^2*q4_0^4*q5_0^2
506	4,0,2,4,2,0,0	b4^4*q3_0^2*q4_0^4*q5_0^2
507	1,3,1,4,2,0,0	b4*q2_0^3*q3_0*q4_0^4*q5_0^2
508	3,2,1,4,2,0,0	b4^3*q2_0^2*q3_0*q4_0^4*q5_0^2
509	5,1,1,4,2,0,0	b4^5*q2_0*q3_0*q4_0^4*q5_0^2
510	7,0,1,4,2,0,0	b4^7*q3_0*q4_0^4*q5_0^2
511	0,5,0,4,2,0,0	q2_0^5*q4_0^4*q5_0^2
512	2,4,0,4,2,0,0	b4^2*q2_0^4*q4_0^4*q5_0^2
513	4,3,0,4,2,0,0	b4^4*q2_0^3*q4_0^4*q5_0^2
514	6,2,0,4,2,0,0	b4^6*q2_0^2*q4_0^4*q5_0^2
515	8,1,0,4,2,0,0	b4^8*q2_0*q4_0^4*q5_0^2
516	10,0,0,4,2,0,0	b4^10*q4_0^4*q5_0^2
517	0,1,4,3,2,0,0	q2_0*q3_0^4*q4_0^3*q5_0^2
518	2,0,4,3,2,0,0	b4^2*q3_0^4*q4_0^3*q5_0^2
519	1,2,3,3,2,0,0	b4*q2_0^2*q3_0^3*q4_0^3*q5_0^2
520	3,1,3,3,2,0,0	b4^3*q2_0*q3_0^3*q4_0^3*q5_0^2
521	5,0,3,3,2,0,0	b4^5*q3_0^3*q4_0^3*q5_0^2
522	0,4,2,3,2,0,0	q2_0^4*q3_0^2*q4_0^3*q5_0^2
523	2,3,2,3,2,0,0	b4^2*q2_0^3*q3_0^2*q4_0^3*q5_0^2
524	4,2,2,3,2,0,0	b4^4*q2_0^2*q3_0^2*q4_0^3*q5_0^2
525	6,1,2,3,2,0,0	b4^6*q2_0*q3_0^2*q4_0^3*q5_0^2
526	8,0,2,3,2,0,0	b4^8*q3_0^2*q4_0^3*q5_0^2
527	1,5,1,3,2,0,0	b4*q2_0^5*q3_0*q4_0^3*q5_0^2
528	3,4,1,3,2,0,0	b4^3*q2_0^4*q3_0*q4_0^3*q5_0^2
529	5,3,1,3,2,0,0	b4^5*q2_0^3*q3_0*q4_0^3*q5_0^2
530	7,2,1,3,2,0,0	b4^7*q2_0^2*q3_0*q4_0^3*q5_0^2
531	9,1,1,3,2,0,0	b4^9*q2_0*q3_0*q4_0^3*q5_0^2
532	11,0,1,3,2,0,0	b4^11*q3_0*q4_0^3*q5_0^2
533	0,7,0,3,2,0,0	q2_0^7*q4_0^3*q5_0^2
534	2,6,0,3,2,0,0	b4^2*q2_0^6*q4_0^3*q5_0^2
535	4,5,0,3,2,0,0	b4^4*q2_0^5*q4_0^3*q5_0^2
536	6,4,0,3,2,0,0	b4^6*q2_0^4*q4_0^3*q5_0^2
537	8,3,0,3,2,0,0	b4^8*q2_0^3*q4_0^3*q5_0^2
538	0,0,6,2,2,0,0	q3_0^6*q4_0^2*q5_0^2
539	0,3,4,2,2,0,0	q2_0^3*q3_0^4*q4_0^2*q5_0^2
540	0,6,2,2,2,0,0	q2_0^6*q3_0^2*q4_0^2*q5_0^2
541	0,9,0,2,2,0,0	q2_0^9*q4_0^2*q5_0^2
542	0,2,6,1,2,0,0	q2_0^2*q3_0^6*q4_0*q5_0^2
543	0,5,4,1,2,0,0	q2_0^5*q3_0^4*q4_0*q5_0^2
544	0,8,2,1,2,0,0	q2_0^8*q3_0^2*q4_0*q5_0^2
545	0,1,8,0,2,0,0	q2_0*q3_0^8*q5_0^2
546	0,0,1,7,1,0,0	q3_0*q4_0^7*q5_0
547	0,0,5,4,1,0,0	q3_0^5*q4_0^4*q5_0
548	0,5,1,1,4,0,0	q2_0^5*q3_0*q4_0*q5_0^4
549	2,4,1,1,4,0,0	b4^2*q2_0^4*q3_0*q4_0*q5_0^4
550	4,3,1,1,4,0,0	b4^4*q2_0^3*q3_0*q4_0*q5_0^4
551	6,2,1,1,4,0,0	b4^6*q2_0^2*q3_0*q4_0*q5_0^4
552	8,1,1,1,4,0,0	b4^8*q2_0*q3_0*q4_0*q5_0^4
553	10,0,1,1,4,0,0	b4^10*q3_0*q4_0*q5_0^4
554	1,6,0,1,4,0,0	b4*q2_0^6*q4_0*q5_0^4
555	3,5,0,1,4,0,0	b4^3*q2_0^5*q4_0*q5_0^4
556	5,4,0,1,4,0,0	b4^5*q2_0^4*q4_0*q5_0^4
557	7,3,0,1,4,0,0	b4^7*q2_0^3*q4_0*q5_0^4
558	9,2,0,1,4,0,0	b4^9*q2_0^2*q4_0*q5_0^4
559	11,1,0,1,4,0,0	b4^11*q2_0*q4_0*q5_0^4
560	13,0,0,1,4,0,0	b4^13*q4_0*q5_0^4
561	0,1,5,0,4,0,0	q2_0*q3_0^5*q5_0^4
562	2,0,5,0,4,0,0	b4^2*q3_0^5*q5_0^4
563	1,2,4,0,4,0,0	b4*q2_0^2*q3_0^4*q5_0^4
564	3,1,4,0,4,0,0	b4^3*q2_0*q3_0^4*q5_0^4
565	5,0,4,0,4,0,0	b4^5*q3_0^4*q5_0^4
566	0,4,3,0,4,0,0	q2_0^4*q3_0^3*q5_0^4
567	2,3,3,0,4,0,0	b4^2*q2_0^3*q3_0^3*q5_0^4
568	4,2,3,0,4,0,0	b4^4*q2_0^2*q3_0^3*q5_0^4
569	6,1,3,0,4,0,0	b4^6*q2_0*q3_0^3*q5_0^4
570	8,0,3,0,4,0,0	b4^8*q3_0^3*q5_0^4
571	1,5,2,0,4,0,0	b4*q2_0^5*q3_0^2*q5_0^4
572	3,4,2,0,4,0,0	b4^3*q2_0^4*q3_0^2*q5_0^4
573	5,3,2,0,4,0,0	b4^5*q2_0^3*q3_0^2*q5_0^4
574	7,2,2,0,4,0,0	b4^7*q2_0^2*q3_0^2*q5_0^4
575	9,1,2,0,4,0,0	b4^9*q2_0*q3_0^2*q5_0^4
576	11,0,2,0,4,0,0	b4^11*q3_0^2*q5_0^4
577	0,7,1,0,4,0,0	q2_0^7*q3_0*q5_0^4
578	2,6,1,0,4,0,0	b4^2*q2_0^6*q3_0*q5_0^4
579	4,5,1,0,4,0,0	b4^4*q2_0^5*q3_0*q5_0^4
580	6,4,1,0,4,0,0	b4^6*q2_0^4*q3_0*q5_0^4
581	8,3,1,0,4,0,0	b4^8*q2_0^3*q3_0*q5_0^4
582	10,2,1,0,4,0,0	b4^10*q2_0^2*q3_0*q5_0^4
583	12,1,1,0,4,0,0	b4^12*q2_0*q3_0*q5_0^4
584	14,0,1,0,4,0,0	b4^14*q3_0*q5_0^4
585	1,8,0,0,4,0,0	b4*q2_0^8*q5_0^4
586	3,7,0,0,4,0,0	b4^3*q2_0^7*q5_0^4
587	5,6,0,0,4,0,0	b4^5*q2_0^6*q5_0^4
588	7,5,0,0,4,0,0	b4^7*q2_0^5*q5_0^4
589	9,4,0,0,4,0,0	b4^9*q2_0^4*q5_0^4
590	11,3,0,0,4,0,0	b4^11*q2_0^3*q5_0^4
591	13,2,0,0,4,0,0	b4^13*q2_0^2*q5_0^4
592	0,1,0,5,3,0,0	q2_0*q4_0^5*q5_0^3
593	2,0,0,5,3,0,0	b4^2*q4_0^5*q5_0^3
594	0,0,2,4,3,0,0	q3_0^2*q4_0^4*q5_0^3
595	1,1,1,4,3,0,0	b4*q2_0*q3_0*q4_0^4*q5_0^3
596	3,0,1,4,3,0,0	b4^3*q3_0*q4_0^4*q5_0^3
597	0,3,0,4,3,0,0	q2_0^3*q4_0^4*q5_0^3
598	2,2,0,4,3,0,0	b4^2*q2_0^2*q4_0^4*q5_0^3
599	4,1,0,4,3,0,0	b4^4*q2_0*q4_0^4*q5_0^3
600	6,0,0,4,3,0,0	b4^6*q4_0^4*q5_0^3
601	1,0,3,3,3,0,0	b4*q3_0^3*q4_0^3*q5_0^3
602	0,2,2,3,3,0,0	q2_0^2*q3_0^2*q4_0^3*q5_0^3
603	2,1,2,3,3,0,0	b4^2*q2_0*q3_0^2*q4_0^3*q5_0^3
604	4,0,2,3,3,0,0	b4^4*q3_0^2*q4_0^3*q5_0^3
605	1,3,1,3,3,0,0	b4*q2_0^3*q3_0*q4_0^3*q5_0^3
606	3,2,1,3,3,0,0	b4^3*q2_0^2*q3_0*q4_0^3*q5_0^3
607	5,1,1,3,3,0,0	b4^5*q2_0*q3_0*q4_0^3*q5_0^3
608	7,0,1,3,3,0,0	b4^7*q3_0*q4_0^3*q5_0^3
609	0,5,0,3,3,0,0	q2_0^5*q4_0^3*q5_0^3
610	2,4,0,3,3,0,0	b4^2*q2_0^4*q4_0^3*q5_0^3
611	4,3,0,3,3,0,0	b4^4*q2_0^3*q4_0^3*q5_0^3
612	6,2,0,3,3,0,0	b4^6*q2_0^2*q4_0^3*q5_0^3
613	8,1,0,3,3,0,0	b4^8*q2_0*q4_0^3*q5_0^3
614	10,0,0,3,3,0,0	b4^10*q4_0^3*q5_0^3
615	0,1,4,2,3,0,0	q2_0*q3_0^4*q4_0^2*q5_0^3
616	2,0,4,2,3,0,0	b4^2*q3_0^4*q4_0^2*q5_0^3
617	1,2,3,2,3,0,0	b4*q2_0^2*q3_0^3*q4_0^2*q5_0^3
618	3,1,3,2,3,0,0	b4^3*q2_0*q3_0^3*q4_0^2*q5_0^3
619	5,0,3,2,3,0,0	b4^5*q3_0^3*q4_0^2*q5_0^3
620	0,4,2,2,3,0,0	q2_0^4*q3_0^2*q4_0^2*q5_0^3
621	2,3,2,2,3,0,0	b4^2*q2_0^3*q3_0^2*q4_0^2*q5_0^3
622	4,2,2,2,3,0,0	b4^4*q2_0^2*q3_0^2*q4_0^2*q5_0^3
623	6,1,2,2,3,0,0	b4^6*q2_0*q3_0^2*q4_0^2*q5_0^3
624	8,0,2,2,3,0,0	b4^8*q3_0^2*q4_0^2*q5_0^3
625	1,5,1,2,3,0,0	b4*q2_0^5*q3_0*q4_0^2*q5_0^3
626	3,4,1,2,3,0,0	b4^3*q2_0^4*q3_0*q4_0^2*q5_0^3
627	5,3,1,2,3,0,0	b4^5*q2_0^3*q3_0*q4_0^2*q5_0^3
628	7,2,1,2,3,0,0	b4^7*q2_0^2*q3_0*q4_0^2*q5_0^3
629	9,1,1,2,3,0,0	b4^9*q2_0*q3_0*q4_0^2*q5_0^3
630	11,0,1,2,3,0,0	b4^11*q3_0*q4_0^2*q5_0^3
631	0,7,0,2,3,0,0	q2_0^7*q4_0^2*q5_0^3
632	2,6,0,2,3,0,0	b4^2*q2_0^6*q4_0^2*q5_0^3
633	4,5,0,2,3,0,0	b4^4*q2_0^5*q4_0^2*q5_0^3
634	6,4,0,2,3,0,0	b4^6*q2_0^4*q4_0^2*q5_0^3
635	8,3,0,2,3,0,0	b4^8*q2_0^3*q4_0^2*q5_0^3
636	10,2,0,2,3,0,0	b4^10*q2_0^2*q4_0^2*q5_0^3
637	12,1,0,2,3,0,0	b4^12*q2_0*q4_0^2*q5_0^3
638	14,0,0,2,3,0,0	b4^14*q4_0^2*q5_0^3
639	0,0,6,1,3,0,0	q3_0^6*q4_0*q5_0^3
640	1,1,5,1,3,0,0	b4*q2_0*q3_0^5*q4_0*q5_0^3
641	3,0,5,1,3,0,0	b4^3*q3_0^5*q4_0*q5_0^3
642	0,3,4,1,3,0,0	q2_0^3*q3_0^4*q4_0*q5_0^3
643	2,2,4,1,3,0,0	b4^2*q2_0^2*q3_0^4*q4_0*q5_0^3
644	4,1,4,1,3,0,0	b4^4*q2_0*q3_0^4*q4_0*q5_0^3
645	6,0,4,1,3,0,0	b4^6*q3_0^4*q4_0*q5_0^3
646	1,4,3,1,3,0,0	b4*q2_0^4*q3_0^3*q4_0*q5_0^3
647	3,3,3,1,3,0,0	b4^3*q2_0^3*q3_0^3*q4_0*q5_0^3
648	5,2,3,1,3,0,0	b4^5*q2_0^2*q3_0^3*q4_0*q5_0^3
649	7,1,3,1,3,0,0	b4^7*q2_0*q3_0^3*q4_0*q5_0^3
650	9,0,3,1,3,0,0	b4^9*q3_0^3*q4_0*q5_0^3
651	0,6,2,1,3,0,0	q2_0^6*q3_0^2*q4_0*q5_0^3
652	2,5,2,1,3,0,0	b4^2*q2_0^5*q3_0^2*q4_0*q5_0^3
653	4,4,2,1,3,0,0	b4^4*q2_0^4*q3_0^2*q4_0*q5_0^3
654	6,3,2,1,3,0,0	b4^6*q2_0^3*q3_0^2*q4_0*q5_0^3
655	0,9,0,1,3,0,0	q2_0^9*q4_0*q5_0^3
656	0,2,6,0,3,0,0	q2_0^2*q3_0^6*q5_0^3
657	0,5,4,0,3,0,0	q2_0^5*q3_0^4*q5_0^3
658	0,8,2,0,3,0,0	q2_0^8*q3_0^2*q5_0^3
659	0,0,1,6,2,0,0	q3_0*q4_0^6*q5_0^2
660	0,2,1,5,2,0,0	q2_0^2*q3_0*q4_0^5*q5_0^2
661	0,1,3,4,2,0,0	q2_0*q3_0^3*q4_0^4*q5_0^2
662	0,4,1,4,2,0,0	q2_0^4*q3_0*q4_0^4*q5_0^2
663	0,0,5,3,2,0,0	q3_0^5*q4_0^3*q5_0^2
664	0,3,3,3,2,0,0	q2_0^3*q3_0^3*q4_0^3*q5_0^2
665	0,6,1,3,2,0,0	q2_0^6*q3_0*q4_0^3*q5_0^2
666	14,1,1,2,1,1,0	b4^14*q2_0*q3_0*q4_0^2*q5_0*q6_0
667	1,9,0,2,1,1,0	b4*q2_0^9*q4_0^2*q5_0*q6_0
668	3,8,0,2,1,1,0	b4^3*q2_0^8*q4_0^2*q5_0*q6_0
669	5,7,0,2,1,1,0	b4^5*q2_0^7*q4_0^2*q5_0*q6_0
670	7,6,0,2,1,1,0	b4^7*q2_0^6*q4_0^2*q5_0*q6_0
671	0,1,7,1,1,1,0	q2_0*q3_0^7*q4_0*q5_0*q6_0
672	2,0,7,1,1,1,0	b4^2*q3_0^7*q4_0*q5_0*q6_0
673	1,2,6,1,1,1,0	b4*q2_0^2*q3_0^6*q4_0*q5_0*q6_0
674	3,1,6,1,1,1,0	b4^3*q2_0*q3_0^6*q4_0*q5_0*q6_0
675	5,0,6,1,1,1,0	b4^5*q3_0^6*q4_0*q5_0*q6_0
676	0,4,5,1,1,1,0	q2_0^4*q3_0^5*q4_0*q5_0*q6_0
677	2,3,5,1,1,1,0	b4^2*q2_0^3*q3_0^5*q4_0*q5_0*q6_0
678	4,2,5,1,1,1,0	b4^4*q2_0^2*q3_0^5*q4_0*q5_0*q6_0
679	6,1,5,1,1,1,0	b4^6*q2_0*q3_0^5*q4_0*q5_0*q6_0
680	8,0,5,1,1,1,0	b4^8*q3_0^5*q4_0*q5_0*q6_0
681	1,5,4,1,1,1,0	b4*q2_0^5*q3_0^4*q4_0*q5_0*q6_0
682	3,4,4,1,1,1,0	b4^3*q2_0^4*q3_0^4*q4_0*q5_0*q6_0
683	5,3,4,1,1,1,0	b4^5*q2_0^3*q3_0^4*q4_0*q5_0*q6_0
684	7,2,4,1,1,1,0	b4^7*q2_0^2*q3_0^4*q4_0*q5_0*q6_0
685	9,1,4,1,1,1,0	b4^9*q2_0*q3_0^4*q4_0*q5_0*q6_0
686	11,0,4,1,1,1,0	b4^11*q3_0^4*q4_0*q5_0*q6_0
687	0,0,1,0,7,0,0	q3_0*q5_0^7
688	1,1,0,0,7,0,0	b4*q2_0*q5_0^7
689	3,0,0,0,7,0,0	b4^3*q5_0^7
690	0,0,0,2,6,0,0	q4_0^2*q5_0^6
691	1,0,1,1,6,0,0	b4*q3_0*q4_0*q5_0^6
692	0,2,0,1,6,0,0	q2_0^2*q4_0*q5_0^6
693	2,1,0,1,6,0,0	b4^2*q2_0*q4_0*q5_0^6
694	4,0,0,1,6,0,0	b4^4*q4_0*q5_0^6
695	0,1,2,0,6,0,0	q2_0*q3_0^2*q5_0^6
696	2,0,2,0,6,0,0	b4^2*q3_0^2*q5_0^6
697	1,2,1,0,6,0,0	b4*q2_0^2*q3_0*q5_0^6
698	3,1,1,0,6,0,0	b4^3*q2_0*q3_0*q5_0^6
699	5,0,1,0,6,0,0	b4^5*q3_0*q5_0^6
700	0,4,0,0,6,0,0	q2_0^4*q5_0^6
701	2,3,0,0,6,0,0	b4^2*q2_0^3*q5_0^6
702	4,2,0,0,6,0,0	b4^4*q2_0^2*q5_0^6
703	6,1,0,0,6,0,0	b4^6*q2_0*q5_0^6
704	8,0,0,0,6,0,0	b4^8*q5_0^6
705	1,0,0,3,5,0,0	b4*q4_0^3*q5_0^5
706	0,1,1,2,5,0,0	q2_0*q3_0*q4_0^2*q5_0^5
707	2,0,1,2,5,0,0	b4^2*q3_0*q4_0^2*q5_0^5
708	1,2,0,2,5,0,0	b4*q2_0^2*q4_0^2*q5_0^5
709	3,1,0,2,5,0,0	b4^3*q2_0*q4_0^2*q5_0^5
710	5,0,0,2,5,0,0	b4^5*q4_0^2*q5_0^5
711	0,0,3,1,5,0,0	q3_0^3*q4_0*q5_0^5
712	1,1,2,1,5,0,0	b4*q2_0*q3_0^2*q4_0*q5_0^5
713	3,0,2,1,5,0,0	b4^3*q3_0^2*q4_0*q5_0^5
714	0,3,1,1,5,0,0	q2_0^3*q3_0*q4_0*q5_0^5
715	2,2,1,1,5,0,0	b4^2*q2_0^2*q3_0*q4_0*q5_0^5
716	4,1,1,1,5,0,0	b4^4*q2_0*q3_0*q4_0*q5_0^5
717	6,0,1,1,5,0,0	b4^6*q3_0*q4_0*q5_0^5
718	1,4,0,1,5,0,0	b4*q2_0^4*q4_0*q5_0^5
719	3,3,0,1,5,0,0	b4^3*q2_0^3*q4_0*q5_0^5
720	5,2,0,1,5,0,0	b4^5*q2_0^2*q4_0*q5_0^5
721	7,1,0,1,5,0,0	b4^7*q2_0*q4_0*q5_0^5
722	9,0,0,1,5,0,0	b4^9*q4_0*q5_0^5
723	1,0,4,0,5,0,0	b4*q3_0^4*q5_0^5
724	0,2,3,0,5,0,0	q2_0^2*q3_0^3*q5_0^5
725	2,1,3,0,5,0,0	b4^2*q2_0*q3_0^3*q5_0^5
726	4,0,3,0,5,0,0	b4^4*q3_0^3*q5_0^5
727	1,3,2,0,5,0,0	b4*q2_0^3*q3_0^2*q5_0^5
728	3,2,2,0,5,0,0	b4^3*q2_0^2*q3_0^2*q5_0^5
729	5,1,2,0,5,0,0	b4^5*q2_0*q3_0^2*q5_0^5
730	7,0,2,0,5,0,0	b4^7*q3_0^2*q5_0^5
731	0,5,1,0,5,0,0	q2_0^5*q3_0*q5_0^5
732	2,4,1,0,5,0,0	b4^2*q2_0^4*q3_0*q5_0^5
733	4,3,1,0,5,0,0	b4^4*q2_0^3*q3_0*q5_0^5
734	6,2,1,0,5,0,0	b4^6*q2_0^2*q3_0*q5_0^5
735	8,1,1,0,5,0,0	b4^8*q2_0*q3_0*q5_0^5
736	10,0,1,0,5,0,0	b4^10*q3_0*q5_0^5
737	1,6,0,0,5,0,0	b4*q2_0^6*q5_0^5
738	3,5,0,0,5,0,0	b4^3*q2_0^5*q5_0^5
739	5,4,0,0,5,0,0	b4^5*q2_0^4*q5_0^5
740	7,3,0,0,5,0,0	b4^7*q2_0^3*q5_0^5
741	9,2,0,0,5,0,0	b4^9*q2_0^2*q5_0^5
742	11,1,0,0,5,0,0	b4^11*q2_0*q5_0^5
743	13,0,0,0,5,0,0	b4^13*q5_0^5
744	0,1,0,4,4,0,0	q2_0*q4_0^4*q5_0^4
745	2,0,0,4,4,0,0	b4^2*q4_0^4*q5_0^4
746	0,0,2,3,4,0,0	q3_0^2*q4_0^3*q5_0^4
747	1,1,1,3,4,0,0	b4*q2_0*q3_0*q4_0^3*q5_0^4
748	3,0,1,3,4,0,0	b4^3*q3_0*q4_0^3*q5_0^4
749	0,3,0,3,4,0,0	q2_0^3*q4_0^3*q5_0^4
750	2,2,0,3,4,0,0	b4^2*q2_0^2*q4_0^3*q5_0^4
751	4,1,0,3,4,0,0	b4^4*q2_0*q4_0^3*q5_0^4
752	6,0,0,3,4,0,0	b4^6*q4_0^3*q5_0^4
753	1,0,3,2,4,0,0	b4*q3_0^3*q4_0^2*q5_0^4
754	0,2,2,2,4,0,0	q2_0^2*q3_0^2*q4_0^2*q5_0^4
755	2,1,2,2,4,0,0	b4^2*q2_0*q3_0^2*q4_0^2*q5_0^4
756	4,0,2,2,4,0,0	b4^4*q3_0^2*q4_0^2*q5_0^4
757	1,3,1,2,4,0,0	b4*q2_0^3*q3_0*q4_0^2*q5_0^4
758	3,2,1,2,4,0,0	b4^3*q2_0^2*q3_0*q4_0^2*q5_0^4
759	5,1,1,2,4,0,0	b4^5*q2_0*q3_0*q4_0^2*q5_0^4
760	7,0,1,2,4,0,0	b4^7*q3_0*q4_0^2*q5_0^4
761	0,5,0,2,4,0,0	q2_0^5*q4_0^2*q5_0^4
762	2,4,0,2,4,0,0	b4^2*q2_0^4*q4_0^2*q5_0^4
763	4,3,0,2,4,0,0	b4^4*q2_0^3*q4_0^2*q5_0^4
764	6,2,0,2,4,0,0	b4^6*q2_0^2*q4_0^2*q5_0^4
765	8,1,0,2,4,0,0	b4^8*q2_0*q4_0^2*q5_0^4
766	10,0,0,2,4,0,0	b4^10*q4_0^2*q5_0^4
767	0,1,4,1,4,0,0	q2_0*q3_0^4*q4_0*q5_0^4
768	2,0,4,1,4,0,0	b4^2*q3_0^4*q4_0*q5_0^4
769	1,2,3,1,4,0,0	b4*q2_0^2*q3_0^3*q4_0*q5_0^4
770	3,1,3,1,4,0,0	b4^3*q2_0*q3_0^3*q4_0*q5_0^4
771	5,0,3,1,4,0,0	b4^5*q3_0^3*q4_0*q5_0^4
772	0,4,2,1,4,0,0	q2_0^4*q3_0^2*q4_0*q5_0^4
773	2,3,2,1,4,0,0	b4^2*q2_0^3*q3_0^2*q4_0*q5_0^4
774	4,2,2,1,4,0,0	b4^4*q2_0^2*q3_0^2*q4_0*q5_0^4
775	6,1,2,1,4,0,0	b4^6*q2_0*q3_0^2*q4_0*q5_0^4
776	8,0,2,1,4,0,0	b4^8*q3_0^2*q4_0*q5_0^4
777	0,7,0,1,4,0,0	q2_0^7*q4_0*q5_0^4
778	0,0,6,0,4,0,0	q3_0^6*q5_0^4
779	0,3,4,0,4,0,0	q2_0^3*q3_0^4*q5_0^4
780	0,6,2,0,4,0,0	q2_0^6*q3_0^2*q5_0^4
781	0,9,0,0,4,0,0	q2_0^9*q5_0^4
782	0,0,1,5,3,0,0	q3_0*q4_0^5*q5_0^3
783	0,2,1,4,3,0,0	q2_0^2*q3_0*q4_0^4*q5_0^3
784	0,1,3,3,3,0,0	q2_0*q3_0^3*q4_0^3*q5_0^3
785	0,4,1,3,3,0,0	q2_0^4*q3_0*q4_0^3*q5_0^3
786	0,0,5,2,3,0,0	q3_0^5*q4_0^2*q5_0^3
787	0,3,3,2,3,0,0	q2_0^3*q3_0^3*q4_0^2*q5_0^3
788	0,6,1,2,3,0,0	q2_0^6*q3_0*q4_0^2*q5_0^3
789	0,2,5,1,3,0,0	q2_0^2*q3_0^5*q4_0*q5_0^3
790	0,5,3,1,3,0,0	q2_0^5*q3_0^3*q4_0*q5_0^3
791	0,0,0,7,2,0,0	q4_0^7*q5_0^2
792	0,0,4,4,2,0,0	q3_0^4*q4_0^4*q5_0^2
793	3,3,2,2,2,1,0	b4^3*q2_0^3*q3_0^2*q4_0^2*q5_0^2*q6_0
794	5,2,2,2,2,1,0	b4^5*q2_0^2*q3_0^2*q4_0^2*q5_0^2*q6_0
795	7,1,2,2,2,1,0	b4^7*q2_0*q3_0^2*q4_0^2*q5_0^2*q6_0
796	9,0,2,2,2,1,0	b4^9*q3_0^2*q4_0^2*q5_0^2*q6_0
797	0,6,1,2,2,1,0	q2_0^6*q3_0*q4_0^2*q5_0^2*q6_0
798	2,5,1,2,2,1,0	b4^2*q2_0^5*q3_0*q4_0^2*q5_0^2*q6_0
799	4,4,1,2,2,1,0	b4^4*q2_0^4*q3_0*q4_0^2*q5_0^2*q6_0
800	6,3,1,2,2,1,0	b4^6*q2_0^3*q3_0*q4_0^2*q5_0^2*q6_0
801	8,2,1,2,2,1,0	b4^8*q2_0^2*q3_0*q4_0^2*q5_0^2*q6_0
802	10,1,1,2,2,1,0	b4^10*q2_0*q3_0*q4_0^2*q5_0^2*q6_0
803	12,0,1,2,2,1,0	b4^12*q3_0*q4_0^2*q5_0^2*q6_0
804	1,7,0,2,2,1,0	b4*q2_0^7*q4_0^2*q5_0^2*q6_0
805	3,6,0,2,2,1,0	b4^3*q2_0^6*q4_0^2*q5_0^2*q6_0
806	5,5,0,2,2,1,0	b4^5*q2_0^5*q4_0^2*q5_0^2*q6_0
807	7,4,0,2,2,1,0	b4^7*q2_0^4*q4_0^2*q5_0^2*q6_0
808	9,3,0,2,2,1,0	b4^9*q2_0^3*q4_0^2*q5_0^2*q6_0
809	11,2,0,2,2,1,0	b4^11*q2_0^2*q4_0^2*q5_0^2*q6_0
810	13,1,0,2,2,1,0	b4^13*q2_0*q4_0^2*q5_0^2*q6_0
811	15,0,0,2,2,1,0	b4^15*q4_0^2*q5_0^2*q6_0
812	1,0,6,1,2,1,0	b4*q3_0^6*q4_0*q5_0^2*q6_0
813	0,2,5,1,2,1,0	q2_0^2*q3_0^5*q4_0*q5_0^2*q6_0
814	2,1,5,1,2,1,0	b4^2*q2_0*q3_0^5*q4_0*q5_0^2*q6_0
815	4,0,5,1,2,1,0	b4^4*q3_0^5*q4_0*q5_0^2*q6_0
816	1,3,4,1,2,1,0	b4*q2_0^3*q3_0^4*q4_0*q5_0^2*q6_0
817	3,2,4,1,2,1,0	b4^3*q2_0^2*q3_0^4*q4_0*q5_0^2*q6_0
818	5,1,4,1,2,1,0	b4^5*q2_0*q3_0^4*q4_0*q5_0^2*q6_0
819	7,0,4,1,2,1,0	b4^7*q3_0^4*q4_0*q5_0^2*q6_0
820	0,5,3,1,2,1,0	q2_0^5*q3_0^3*q4_0*q5_0^2*q6_0
821	2,4,3,1,2,1,0	b4^2*q2_0^4*q3_0^3*q4_0*q5_0^2*q6_0
822	4,3,3,1,2,1,0	b4^4*q2_0^3*q3_0^3*q4_0*q5_0^2*q6_0
823	6,2,3,1,2,1,0	b4^6*q2_0^2*q3_0^3*q4_0*q5_0^2*q6_0
824	8,1,3,1,2,1,0	b4^8*q2_0*q3_0^3*q4_0*q5_0^2*q6_0
825	10,0,3,1,2,1,0	b4^10*q3_0^3*q4_0*q5_0^2*q6_0
826	1,6,2,1,2,1,0	b4*q2_0^6*q3_0^2*q4_0*q5_0^2*q6_0
827	3,5,2,1,2,1,0	b4^3*q2_0^5*q3_0^2*q4_0*q5_0^2*q6_0
828	5,4,2,1,2,1,0	b4^5*q2_0^4*q3_0^2*q4_0*q5_0^2*q6_0
829	7,3,2,1,2,1,0	b4^7*q2_0^3*q3_0^2*q4_0*q5_0^2*q6_0
830	9,2,2,1,2,1,0	b4^9*q2_0^2*q3_0^2*q4_0*q5_0^2*q6_0
831	11,1,2,1,2,1,0	b4^11*q2_0*q3_0^2*q4_0*q5_0^2*q6_0
832	13,0,2,1,2,1,0	b4^13*q3_0^2*q4_0*q5_0^2*q6_0
833	0,8,1,1,2,1,0	q2_0^8*q3_0*q4_0*q5_0^2*q6_0
834	2,7,1,1,2,1,0	b4^2*q2_0^7*q3_0*q4_0*q5_0^2*q6_0
835	4,6,1,1,2,1,0	b4^4*q2_0^6*q3_0*q4_0*q5_0^2*q6_0
836	6,5,1,1,2,1,0	b4^6*q2_0^5*q3_0*q4_0*q5_0^2*q6_0
837	8,4,1,1,2,1,0	b4^8*q2_0^4*q3_0*q4_0*q5_0^2*q6_0
838	10,3,1,1,2,1,0	b4^10*q2_0^3*q3_0*q4_0*q5_0^2*q6_0
839	12,2,1,1,2,1,0	b4^12*q2_0^2*q3_0*q4_0*q5_0^2*q6_0
840	14,1,1,1,2,1,0	b4^14*q2_0*q3_0*q4_0*q5_0^2*q6_0
841	1,9,0,1,2,1,0	b4*q2_0^9*q4_0*q5_0^2*q6_0
842	3,8,0,1,2,1,0	b4^3*q2_0^8*q4_0*q5_0^2*q6_0
843	5,7,0,1,2,1,0	b4^5*q2_0^7*q4_0*q5_0^2*q6_0
844	7,6,0,1,2,1,0	b4^7*q2_0^6*q4_0*q5_0^2*q6_0
845	0,1,7,0,2,1,0	q2_0*q3_0^7*q5_0^2*q6_0
846	2,0,7,0,2,1,0	b4^2*q3_0^7*q5_0^2*q6_0
847	1,2,6,0,2,1,0	b4*q2_0^2*q3_0^6*q5_0^2*q6_0
848	3,1,6,0,2,1,0	b4^3*q2_0*q3_0^6*q5_0^2*q6_0
849	5,0,6,0,2,1,0	b4^5*q3_0^6*q5_0^2*q6_0
850	0,4,5,0,2,1,0	q2_0^4*q3_0^5*q5_0^2*q6_0
851	2,3,5,0,2,1,0	b4^2*q2_0^3*q3_0^5*q5_0^2*q6_0
852	4,2,5,0,2,1,0	b4^4*q2_0^2*q3_0^5*q5_0^2*q6_0
853	6,1,5,0,2,1,0	b4^6*q2_0*q3_0^5*q5_0^2*q6_0
854	8,0,5,0,2,1,0	b4^8*q3_0^5*q5_0^2*q6_0
855	1,5,4,0,2,1,0	b4*q2_0^5*q3_0^4*q5_0^2*q6_0
856	3,4,4,0,2,1,0	b4^3*q2_0^4*q3_0^4*q5_0^2*q6_0
857	5,3,4,0,2,1,0	b4^5*q2_0^3*q3_0^4*q5_0^2*q6_0
858	7,2,4,0,2,1,0	b4^7*q2_0^2*q3_0^4*q5_0^2*q6_0
859	9,1,4,0,2,1,0	b4^9*q2_0*q3_0^4*q5_0^2*q6_0
860	11,0,4,0,2,1,0	b4^11*q3_0^4*q5_0^2*q6_0
861	0,7,3,0,2,1,0	q2_0^7*q3_0^3*q5_0^2*q6_0
862	2,6,3,0,2,1,0	b4^2*q2_0^6*q3_0^3*q5_0^2*q6_0
863	4,5,3,0,2,1,0	b4^4*q2_0^5*q3_0^3*q5_0^2*q6_0
864	6,4,3,0,2,1,0	b4^6*q2_0^4*q3_0^3*q5_0^2*q6_0
865	8,3,3,0,2,1,0	b4^8*q2_0^3*q3_0^3*q5_0^2*q6_0
866	10,2,3,0,2,1,0	b4^10*q2_0^2*q3_0^3*q5_0^2*q6_0
867	12,1,3,0,2,1,0	b4^12*q2_0*q3_0^3*q5_0^2*q6_0
868	14,0,3,0,2,1,0	b4^14*q3_0^3*q5_0^2*q6_0
869	1,8,2,0,2,1,0	b4*q2_0^8*q3_0^2*q5_0^2*q6_0
870	0,0,0,7,1,1,0	q4_0^7*q5_0*q6_0
871	1,0,1,6,1,1,0	b4*q3_0*q4_0^6*q5_0*q6_0
872	0,2,0,6,1,1,0	q2_0^2*q4_0^6*q5_0*q6_0
873	2,1,0,6,1,1,0	b4^2*q2_0*q4_0^6*q5_0*q6_0
874	4,0,0,6,1,1,0	b4^4*q4_0^6*q5_0*q6_0
875	0,1,2,5,1,1,0	q2_0*q3_0^2*q4_0^5*q5_0*q6_0
876	2,0,2,5,1,1,0	b4^2*q3_0^2*q4_0^5*q5_0*q6_0
877	1,2,1,5,1,1,0	b4*q2_0^2*q3_0*q4_0^5*q5_0*q6_0
878	3,1,1,5,1,1,0	b4^3*q2_0*q3_0*q4_0^5*q5_0*q6_0
879	5,0,1,5,1,1,0	b4^5*q3_0*q4_0^5*q5_0*q6_0
880	0,4,0,5,1,1,0	q2_0^4*q4_0^5*q5_0*q6_0
881	2,3,0,5,1,1,0	b4^2*q2_0^3*q4_0^5*q5_0*q6_0
882	4,2,0,5,1,1,0	b4^4*q2_0^2*q4_0^5*q5_0*q6_0
883	6,1,0,5,1,1,0	b4^6*q2_0*q4_0^5*q5_0*q6_0
884	8,0,0,5,1,1,0	b4^8*q4_0^5*q5_0*q6_0
885	0,0,4,4,1,1,0	q3_0^4*q4_0^4*q5_0*q6_0
886	1,1,3,4,1,1,0	b4*q2_0*q3_0^3*q4_0^4*q5_0*q6_0
887	3,0,3,4,1,1,0	b4^3*q3_0^3*q4_0^4*q5_0*q6_0
888	0,3,2,4,1,1,0	q2_0^3*q3_0^2*q4_0^4*q5_0*q6_0
889	2,2,2,4,1,1,0	b4^2*q2_0^2*q3_0^2*q4_0^4*q5_0*q6_0
890	4,1,2,4,1,1,0	b4^4*q2_0*q3_0^2*q4_0^4*q5_0*q6_0
891	6,0,2,4,1,1,0	b4^6*q3_0^2*q4_0^4*q5_0*q6_0
892	1,4,1,4,1,1,0	b4*q2_0^4*q3_0*q4_0^4*q5_0*q6_0
893	3,3,1,4,1,1,0	b4^3*q2_0^3*q3_0*q4_0^4*q5_0*q6_0
894	5,2,1,4,1,1,0	b4^5*q2_0^2*q3_0*q4_0^4*q5_0*q6_0
895	7,1,1,4,1,1,0	b4^7*q2_0*q3_0*q4_0^4*q5_0*q6_0
896	9,0,1,4,1,1,0	b4^9*q3_0*q4_0^4*q5_0*q6_0
897	0,6,0,4,1,1,0	q2_0^6*q4_0^4*q5_0*q6_0
898	2,5,0,4,1,1,0	b4^2*q2_0^5*q4_0^4*q5_0*q6_0
899	4,4,0,4,1,1,0	b4^4*q2_0^4*q4_0^4*q5_0*q6_0
900	6,3,0,4,1,1,0	b4^6*q2_0^3*q4_0^4*q5_0*q6_0
901	8,2,0,4,1,1,0	b4^8*q2_0^2*q4_0^4*q5_0*q6_0
902	10,1,0,4,1,1,0	b4^10*q2_0*q4_0^4*q5_0*q6_0
903	12,0,0,4,1,1,0	b4^12*q4_0^4*q5_0*q6_0
904	1,0,5,3,1,1,0	b4*q3_0^5*q4_0^3*q5_0*q6_0
905	0,2,4,3,1,1,0	q2_0^2*q3_0^4*q4_0^3*q5_0*q6_0
906	2,1,4,3,1,1,0	b4^2*q2_0*q3_0^4*q4_0^3*q5_0*q6_0
907	4,0,4,3,1,1,0	b4^4*q3_0^4*q4_0^3*q5_0*q6_0
908	1,3,3,3,1,1,0	b4*q2_0^3*q3_0^3*q4_0^3*q5_0*q6_0
909	3,2,3,3,1,1,0	b4^3*q2_0^2*q3_0^3*q4_0^3*q5_0*q6_0
910	5,1,3,3,1,1,0	b4^5*q2_0*q3_0^3*q4_0^3*q5_0*q6_0
911	7,0,3,3,1,1,0	b4^7*q3_0^3*q4_0^3*q5_0*q6_0
912	0,5,2,3,1,1,0	q2_0^5*q3_0^2*q4_0^3*q5_0*q6_0
913	2,4,2,3,1,1,0	b4^2*q2_0^4*q3_0^2*q4_0^3*q5_0*q6_0
914	4,3,2,3,1,1,0	b4^4*q2_0^3*q3_0^2*q4_0^3*q5_0*q6_0
915	6,2,2,3,1,1,0	b4^6*q2_0^2*q3_0^2*q4_0^3*q5_0*q6_0
916	8,1,2,3,1,1,0	b4^8*q2_0*q3_0^2*q4_0^3*q5_0*q6_0
917	10,0,2,3,1,1,0	b4^10*q3_0^2*q4_0^3*q5_0*q6_0
918	1,6,1,3,1,1,0	b4*q2_0^6*q3_0*q4_0^3*q5_0*q6_0
919	3,5,1,3,1,1,0	b4^3*q2_0^5*q3_0*q4_0^3*q5_0*q6_0
920	5,4,1,3,1,1,0	b4^5*q2_0^4*q3_0*q4_0^3*q5_0*q6_0
921	7,3,1,3,1,1,0	b4^7*q2_0^3*q3_0*q4_0^3*q5_0*q6_0
922	9,2,1,3,1,1,0	b4^9*q2_0^2*q3_0*q4_0^3*q5_0*q6_0
923	11,1,1,3,1,1,0	b4^11*q2_0*q3_0*q4_0^3*q5_0*q6_0
924	0,0,0,1,7,0,0	q4_0*q5_0^7
925	0,2,0,0,7,0,0	q2_0^2*q5_0^7
926	0,1,1,1,6,0,0	q2_0*q3_0*q4_0*q5_0^6
927	0,0,3,0,6,0,0	q3_0^3*q5_0^6
928	0,3,1,0,6,0,0	q2_0^3*q3_0*q5_0^6
929	0,1,0,3,5,0,0	q2_0*q4_0^3*q5_0^5
930	0,0,2,2,5,0,0	q3_0^2*q4_0^2*q5_0^5
931	0,3,0,2,5,0,0	q2_0^3*q4_0^2*q5_0^5
932	0,2,2,1,5,0,0	q2_0^2*q3_0^2*q4_0*q5_0^5
933	0,5,0,1,5,0,0	q2_0^5*q4_0*q5_0^5
934	0,1,4,0,5,0,0	q2_0*q3_0^4*q5_0^5
935	0,4,2,0,5,0,0	q2_0^4*q3_0^2*q5_0^5
936	0,7,0,0,5,0,0	q2_0^7*q5_0^5
937	0,0,1,4,4,0,0	q3_0*q4_0^4*q5_0^4
938	0,2,1,3,4,0,0	q2_0^2*q3_0*q4_0^3*q5_0^4
939	0,1,3,2,4,0,0	q2_0*q3_0^3*q4_0^2*q5_0^4
940	0,4,1,2,4,0,0	q2_0^4*q3_0*q4_0^2*q5_0^4
941	0,0,5,1,4,0,0	q3_0^5*q4_0*q5_0^4
942	0,3,3,1,4,0,0	q2_0^3*q3_0^3*q4_0*q5_0^4
943	0,0,0,6,3,0,0	q4_0^6*q5_0^3
944	0,0,4,3,3,0,0	q3_0^4*q4_0^3*q5_0^3
945	1,2,0,1,5,1,0	b4*q2_0^2*q4_0*q5_0^5*q6_0
946	3,1,0,1,5,1,0	b4^3*q2_0*q4_0*q5_0^5*q6_0
947	5,0,0,1,5,1,0	b4^5*q4_0*q5_0^5*q6_0
948	0,0,3,0,5,1,0	q3_0^3*q5_0^5*q6_0
949	1,1,2,0,5,1,0	b4*q2_0*q3_0^2*q5_0^5*q6_0
950	3,0,2,0,5,1,0	b4^3*q3_0^2*q5_0^5*q6_0
951	0,3,1,0,5,1,0	q2_0^3*q3_0*q5_0^5*q6_0
952	2,2,1,0,5,1,0	b4^2*q2_0^2*q3_0*q5_0^5*q6_0
953	4,1,1,0,5,1,0	b4^4*q2_0*q3_0*q5_0^5*q6_0
954	6,0,1,0,5,1,0	b4^6*q3_0*q5_0^5*q6_0
955	1,4,0,0,5,1,0	b4*q2_0^4*q5_0^5*q6_0
956	3,3,0,0,5,1,0	b4^3*q2_0^3*q5_0^5*q6_0
957	5,2,0,0,5,1,0	b4^5*q2_0^2*q5_0^5*q6_0
958	7,1,0,0,5,1,0	b4^7*q2_0*q5_0^5*q6_0
959	9,0,0,0,5,1,0	b4^9*q5_0^5*q6_0
960	0,1,0,3,4,1,0	q2_0*q4_0^3*q5_0^4*q6_0
961	2,0,0,3,4,1,0	b4^2*q4_0^3*q5_0^4*q6_0
962	0,0,2,2,4,1,0	q3_0^2*q4_0^2*q5_0^4*q6_0
963	1,1,1,2,4,1,0	b4*q2_0*q3_0*q4_0^2*q5_0^4*q6_0
964	3,0,1,2,4,1,0	b4^3*q3_0*q4_0^2*q5_0^4*q6_0
965	0,3,0,2,4,1,0	q2_0^3*q4_0^2*q5_0^4*q6_0
966	2,2,0,2,4,1,0	b4^2*q2_0^2*q4_0^2*q5_0^4*q6_0
967	4,1,0,2,4,1,0	b4^4*q2_0*q4_0^2*q5_0^4*q6_0
968	6,0,0,2,4,1,0	b4^6*q4_0^2*q5_0^4*q6_0
969	1,0,3,1,4,1,0	b4*q3_0^3*q4_0*q5_0^4*q6_0
970	0,2,2,1,4,1,0	q2_0^2*q3_0^2*q4_0*q5_0^4*q6_0
971	2,1,2,1,4,1,0	b4^2*q2_0*q3_0^2*q4_0*q5_0^4*q6_0
972	4,0,2,1,4,1,0	b4^4*q3_0^2*q4_0*q5_0^4*q6_0
973	1,3,1,1,4,1,0	b4*q2_0^3*q3_0*q4_0*q5_0^4*q6_0
974	3,2,1,1,4,1,0	b4^3*q2_0^2*q3_0*q4_0*q5_0^4*q6_0
975	5,1,1,1,4,1,0	b4^5*q2_0*q3_0*q4_0*q5_0^4*q6_0
976	7,0,1,1,4,1,0	b4^7*q3_0*q4_0*q5_0^4*q6_0
977	0,5,0,1,4,1,0	q2_0^5*q4_0*q5_0^4*q6_0
978	2,4,0,1,4,1,0	b4^2*q2_0^4*q4_0*q5_0^4*q6_0
979	4,3,0,1,4,1,0	b4^4*q2_0^3*q4_0*q5_0^4*q6_0
980	6,2,0,1,4,1,0	b4^6*q2_0^2*q4_0*q5_0^4*q6_0
981	8,1,0,1,4,1,0	b4^8*q2_0*q4_0*q5_0^4*q6_0
982	10,0,0,1,4,1,0	b4^10*q4_0*q5_0^4*q6_0
983	0,1,4,0,4,1,0	q2_0*q3_0^4*q5_0^4*q6_0
984	2,0,4,0,4,1,0	b4^2*q3_0^4*q5_0^4*q6_0
985	1,2,3,0,4,1,0	b4*q2_0^2*q3_0^3*q5_0^4*q6_0
986	3,1,3,0,4,1,0	b4^3*q2_0*q3_0^3*q5_0^4*q6_0
987	5,0,3,0,4,1,0	b4^5*q3_0^3*q5_0^4*q6_0
988	0,4,2,0,4,1,0	q2_0^4*q3_0^2*q5_0^4*q6_0
989	2,3,2,0,4,1,0	b4^2*q2_0^3*q3_0^2*q5_0^4*q6_0
990	4,2,2,0,4,1,0	b4^4*q2_0^2*q3_0^2*q5_0^4*q6_0
991	6,1,2,0,4,1,0	b4^6*q2_0*q3_0^2*q5_0^4*q6_0
992	8,0,2,0,4,1,0	b4^8*q3_0^2*q5_0^4*q6_0
993	1,5,1,0,4,1,0	b4*q2_0^5*q3_0*q5_0^4*q6_0
994	3,4,1,0,4,1,0	b4^3*q2_0^4*q3_0*q5_0^4*q6_0
995	5,3,1,0,4,1,0	b4^5*q2_0^3*q3_0*q5_0^4*q6_0
996	7,2,1,0,4,1,0	b4^7*q2_0^2*q3_0*q5_0^4*q6_0
997	9,1,1,0,4,1,0	b4^9*q2_0*q3_0*q5_0^4*q6_0
998	11,0,1,0,4,1,0	b4^11*q3_0*q5_0^4*q6_0
999	0,7,0,0,4,1,0	q2_0^7*q5_0^4*q6_0
1000	2,6,0,0,4,1,0	b4^2*q2_0^6*q5_0^4*q6_0
1001	4,5,0,0,4,1,0	b4^4*q2_0^5*q5_0^4*q6_0
1002	6,4,0,0,4,1,0	b4^6*q2_0^4*q5_0^4*q6_0
1003	8,3,0,0,4,1,0	b4^8*q2_0^3*q5_0^4*q6_0
1004	10,2,0,0,4,1,0	b4^10*q2_0^2*q5_0^4*q6_0
1005	12,1,0,0,4,1,0	b4^12*q2_0*q5_0^4*q6_0
1006	14,0,0,0,4,1,0	b4^14*q5_0^4*q6_0
1007	0,0,1,4,3,1,0	q3_0*q4_0^4*q5_0^3*q6_0
1008	1,1,0,4,3,1,0	b4*q2_0*q4_0^4*q5_0^3*q6_0
1009	3,0,0,4,3,1,0	b4^3*q4_0^4*q5_0^3*q6_0
1010	1,0,2,3,3,1,0	b4*q3_0^2*q4_0^3*q5_0^3*q6_0
1011	0,2,1,3,3,1,0	q2_0^2*q3_0*q4_0^3*q5_0^3*q6_0
1012	2,1,1,3,3,1,0	b4^2*q2_0*q3_0*q4_0^3*q5_0^3*q6_0
1013	4,0,1,3,3,1,0	b4^4*q3_0*q4_0^3*q5_0^3*q6_0
1014	1,3,0,3,3,1,0	b4*q2_0^3*q4_0^3*q5_0^3*q6_0
1015	3,2,0,3,3,1,0	b4^3*q2_0^2*q4_0^3*q5_0^3*q6_0
1016	5,1,0,3,3,1,0	b4^5*q2_0*q4_0^3*q5_0^3*q6_0
1017	7,0,0,3,3,1,0	b4^7*q4_0^3*q5_0^3*q6_0
1018	0,1,3,2,3,1,0	q2_0*q3_0^3*q4_0^2*q5_0^3*q6_0
1019	2,0,3,2,3,1,0	b4^2*q3_0^3*q4_0^2*q5_0^3*q6_0
1020	1,2,2,2,3,1,0	b4*q2_0^2*q3_0^2*q4_0^2*q5_0^3*q6_0
1021	3,1,2,2,3,1,0	b4^3*q2_0*q3_0^2*q4_0^2*q5_0^3*q6_0
1022	5,0,2,2,3,1,0	b4^5*q3_0^2*q4_0^2*q5_0^3*q6_0
1023	0,4,1,2,3,1,0	q2_0^4*q3_0*q4_0^2*q5_0^3*q6_0
1024	2,3,1,2,3,1,0	b4^2*q2_0^3*q3_0*q4_0^2*q5_0^3*q6_0
1025	4,2,1,2,3,1,0	b4^4*q2_0^2*q3_0*q4_0^2*q5_0^3*q6_0
1026	6,1,1,2,3,1,0	b4^6*q2_0*q3_0*q4_0^2*q5_0^3*q6_0
1027	8,0,1,2,3,1,0	b4^8*q3_0*q4_0^2*q5_0^3*q6_0
1028	1,5,0,2,3,1,0	b4*q2_0^5*q4_0^2*q5_0^3*q6_0
1029	3,4,0,2,3,1,0	b4^3*q2_0^4*q4_0^2*q5_0^3*q6_0
1030	5,3,0,2,3,1,0	b4^5*q2_0^3*q4_0^2*q5_0^3*q6_0
1031	7,2,0,2,3,1,0	b4^7*q2_0^2*q4_0^2*q5_0^3*q6_0
1032	9,1,0,2,3,1,0	b4^9*q2_0*q4_0^2*q5_0^3*q6_0
1033	11,0,0,2,3,1,0	b4^11*q4_0^2*q5_0^3*q6_0
1034	0,0,5,1,3,1,0	q3_0^5*q4_0*q5_0^3*q6_0
1035	1,1,4,1,3,1,0	b4*q2_0*q3_0^4*q4_0*q5_0^3*q6_0
1036	3,0,4,1,3,1,0	b4^3*q3_0^4*q4_0*q5_0^3*q6_0
1037	0,3,3,1,3,1,0	q2_0^3*q3_0^3*q4_0*q5_0^3*q6_0
1038	2,2,3,1,3,1,0	b4^2*q2_0^2*q3_0^3*q4_0*q5_0^3*q6_0
1039	4,1,3,1,3,1,0	b4^4*q2_0*q3_0^3*q4_0*q5_0^3*q6_0
1040	6,0,3,1,3,1,0	b4^6*q3_0^3*q4_0*q5_0^3*q6_0
1041	1,4,2,1,3,1,0	b4*q2_0^4*q3_0^2*q4_0*q5_0^3*q6_0
1042	3,3,2,1,3,1,0	b4^3*q2_0^3*q3_0^2*q4_0*q5_0^3*q6_0
1043	5,2,2,1,3,1,0	b4^5*q2_0^2*q3_0^2*q4_0*q5_0^3*q6_0
1044	7,1,2,1,3,1,0	b4^7*q2_0*q3_0^2*q4_0*q5_0^3*q6_0
1045	9,0,2,1,3,1,0	b4^9*q3_0^2*q4_0*q5_0^3*q6_0
1046	0,6,1,1,3,1,0	q2_0^6*q3_0*q4_0*q5_0^3*q6_0
1047	2,5,1,1,3,1,0	b4^2*q2_0^5*q3_0*q4_0*q5_0^3*q6_0
1048	4,4,1,1,3,1,0	b4^4*q2_0^4*q3_0*q4_0*q5_0^3*q6_0
1049	6,3,1,1,3,1,0	b4^6*q2_0^3*q3_0*q4_0*q5_0^3*q6_0
1050	8,2,1,1,3,1,0	b4^8*q2_0^2*q3_0*q4_0*q5_0^3*q6_0
1051	10,1,1,1,3,1,0	b4^10*q2_0*q3_0*q4_0*q5_0^3*q6_0
1052	12,0,1,1,3,1,0	b4^12*q3_0*q4_0*q5_0^3*q6_0
1053	1,7,0,1,3,1,0	b4*q2_0^7*q4_0*q5_0^3*q6_0
1054	3,6,0,1,3,1,0	b4^3*q2_0^6*q4_0*q5_0^3*q6_0
1055	5,5,0,1,3,1,0	b4^5*q2_0^5*q4_0*q5_0^3*q6_0
1056	7,4,0,1,3,1,0	b4^7*q2_0^4*q4_0*q5_0^3*q6_0
1057	9,3,0,1,3,1,0	b4^9*q2_0^3*q4_0*q5_0^3*q6_0
1058	11,2,0,1,3,1,0	b4^11*q2_0^2*q4_0*q5_0^3*q6_0
1059	13,1,0,1,3,1,0	b4^13*q2_0*q4_0*q5_0^3*q6_0
1060	15,0,0,1,3,1,0	b4^15*q4_0*q5_0^3*q6_0
1061	1,0,6,0,3,1,0	b4*q3_0^6*q5_0^3*q6_0
1062	0,2,5,0,3,1,0	q2_0^2*q3_0^5*q5_0^3*q6_0
1063	2,1,5,0,3,1,0	b4^2*q2_0*q3_0^5*q5_0^3*q6_0
1064	4,0,5,0,3,1,0	b4^4*q3_0^5*q5_0^3*q6_0
1065	1,3,4,0,3,1,0	b4*q2_0^3*q3_0^4*q5_0^3*q6_0
1066	3,2,4,0,3,1,0	b4^3*q2_0^2*q3_0^4*q5_0^3*q6_0
1067	5,1,4,0,3,1,0	b4^5*q2_0*q3_0^4*q5_0^3*q6_0
1068	7,0,4,0,3,1,0	b4^7*q3_0^4*q5_0^3*q6_0
1069	0,5,3,0,3,1,0	q2_0^5*q3_0^3*q5_0^3*q6_0
1070	2,4,3,0,3,1,0	b4^2*q2_0^4*q3_0^3*q5_0^3*q6_0
1071	4,3,3,0,3,1,0	b4^4*q2_0^3*q3_0^3*q5_0^3*q6_0
1072	6,2,3,0,3,1,0	b4^6*q2_0^2*q3_0^3*q5_0^3*q6_0
1073	8,1,3,0,3,1,0	b4^8*q2_0*q3_0^3*q5_0^3*q6_0
1074	10,0,3,0,3,1,0	b4^10*q3_0^3*q5_0^3*q6_0
1075	1,6,2,0,3,1,0	b4*q2_0^6*q3_0^2*q5_0^3*q6_0
1076	3,5,2,0,3,1,0	b4^3*q2_0^5*q3_0^2*q5_0^3*q6_0
1077	5,4,2,0,3,1,0	b4^5*q2_0^4*q3_0^2*q5_0^3*q6_0
1078	7,3,2,0,3,1,0	b4^7*q2_0^3*q3_0^2*q5_0^3*q6_0
1079	9,2,2,0,3,1,0	b4^9*q2_0^2*q3_0^2*q5_0^3*q6_0
1080	11,1,2,0,3,1,0	b4^11*q2_0*q3_0^2*q5_0^3*q6_0
1081	13,0,2,0,3,1,0	b4^13*q3_0^2*q5_0^3*q6_0
1082	0,8,1,0,3,1,0	q2_0^8*q3_0*q5_0^3*q6_0
1083	2,7,1,0,3,1,0	b4^2*q2_0^7*q3_0*q5_0^3*q6_0
1084	4,6,1,0,3,1,0	b4^4*q2_0^6*q3_0*q5_0^3*q6_0
1085	6,5,1,0,3,1,0	b4^6*q2_0^5*q3_0*q5_0^3*q6_0
1086	8,4,1,0,3,1,0	b4^8*q2_0^4*q3_0*q5_0^3*q6_0
1087	10,3,1,0,3,1,0	b4^10*q2_0^3*q3_0*q5_0^3*q6_0
1088	12,2,1,0,3,1,0	b4^12*q2_0^2*q3_0*q5_0^3*q6_0
1089	14,1,1,0,3,1,0	b4^14*q2_0*q3_0*q5_0^3*q6_0
1090	1,9,0,0,3,1,0	b4*q2_0^9*q5_0^3*q6_0
1091	3,8,0,0,3,1,0	b4^3*q2_0^8*q5_0^3*q6_0
1092	5,7,0,0,3,1,0	b4^5*q2_0^7*q5_0^3*q6_0
1093	7,6,0,0,3,1,0	b4^7*q2_0^6*q5_0^3*q6_0
1094	0,0,0,6,2,1,0	q4_0^6*q5_0^2*q6_0
1095	1,0,1,5,2,1,0	b4*q3_0*q4_0^5*q5_0^2*q6_0
1096	0,2,0,5,2,1,0	q2_0^2*q4_0^5*q5_0^2*q6_0
1097	2,1,0,5,2,1,0	b4^2*q2_0*q4_0^5*q5_0^2*q6_0
1098	4,0,0,5,2,1,0	b4^4*q4_0^5*q5_0^2*q6_0
1099	0,1,2,4,2,1,0	q2_0*q3_0^2*q4_0^4*q5_0^2*q6_0
1100	2,0,2,4,2,1,0	b4^2*q3_0^2*q4_0^4*q5_0^2*q6_0
1101	1,2,1,4,2,1,0	b4*q2_0^2*q3_0*q4_0^4*q5_0^2*q6_0
1102	3,1,1,4,2,1,0	b4^3*q2_0*q3_0*q4_0^4*q5_0^2*q6_0
1103	5,0,1,4,2,1,0	b4^5*q3_0*q4_0^4*q5_0^2*q6_0
1104	0,4,0,4,2,1,0	q2_0^4*q4_0^4*q5_0^2*q6_0
1105	2,3,0,4,2,1,0	b4^2*q2_0^3*q4_0^4*q5_0^2*q6_0
1106	4,2,0,4,2,1,0	b4^4*q2_0^2*q4_0^4*q5_0^2*q6_0
1107	6,1,0,4,2,1,0	b4^6*q2_0*q4_0^4*q5_0^2*q6_0
1108	8,0,0,4,2,1,0	b4^8*q4_0^4*q5_0^2*q6_0
1109	0,0,4,3,2,1,0	q3_0^4*q4_0^3*q5_0^2*q6_0
1110	1,1,3,3,2,1,0	b4*q2_0*q3_0^3*q4_0^3*q5_0^2*q6_0
1111	3,0,3,3,2,1,0	b4^3*q3_0^3*q4_0^3*q5_0^2*q6_0
1112	0,3,2,3,2,1,0	q2_0^3*q3_0^2*q4_0^3*q5_0^2*q6_0
1113	2,2,2,3,2,1,0	b4^2*q2_0^2*q3_0^2*q4_0^3*q5_0^2*q6_0
1114	4,1,2,3,2,1,0	b4^4*q2_0*q3_0^2*q4_0^3*q5_0^2*q6_0
1115	6,0,2,3,2,1,0	b4^6*q3_0^2*q4_0^3*q5_0^2*q6_0
1116	1,4,1,3,2,1,0	b4*q2_0^4*q3_0*q4_0^3*q5_0^2*q6_0
1117	3,3,1,3,2,1,0	b4^3*q2_0^3*q3_0*q4_0^3*q5_0^2*q6_0
1118	5,2,1,3,2,1,0	b4^5*q2_0^2*q3_0*q4_0^3*q5_0^2*q6_0
1119	7,1,1,3,2,1,0	b4^7*q2_0*q3_0*q4_0^3*q5_0^2*q6_0
1120	9,0,1,3,2,1,0	b4^9*q3_0*q4_0^3*q5_0^2*q6_0
1121	0,6,0,3,2,1,0	q2_0^6*q4_0^3*q5_0^2*q6_0
1122	2,5,0,3,2,1,0	b4^2*q2_0^5*q4_0^3*q5_0^2*q6_0
1123	4,4,0,3,2,1,0	b4^4*q2_0^4*q4_0^3*q5_0^2*q6_0
1124	6,3,0,3,2,1,0	b4^6*q2_0^3*q4_0^3*q5_0^2*q6_0
1125	8,2,0,3,2,1,0	b4^8*q2_0^2*q4_0^3*q5_0^2*q6_0
1126	10,1,0,3,2,1,0	b4^10*q2_0*q4_0^3*q5_0^2*q6_0
1127	12,0,0,3,2,1,0	b4^12*q4_0^3*q5_0^2*q6_0
1128	1,0,5,2,2,1,0	b4*q3_0^5*q4_0^2*q5_0^2*q6_0
1129	0,2,4,2,2,1,0	q2_0^2*q3_0^4*q4_0^2*q5_0^2*q6_0
1130	2,1,4,2,2,1,0	b4^2*q2_0*q3_0^4*q4_0^2*q5_0^2*q6_0
1131	4,0,4,2,2,1,0	b4^4*q3_0^4*q4_0^2*q5_0^2*q6_0
1132	1,3,3,2,2,1,0	b4*q2_0^3*q3_0^3*q4_0^2*q5_0^2*q6_0
1133	3,2,3,2,2,1,0	b4^3*q2_0^2*q3_0^3*q4_0^2*q5_0^2*q6_0
1134	5,1,3,2,2,1,0	b4^5*q2_0*q3_0^3*q4_0^2*q5_0^2*q6_0
1135	7,0,3,2,2,1,0	b4^7*q3_0^3*q4_0^2*q5_0^2*q6_0
1136	0,5,2,2,2,1,0	q2_0^5*q3_0^2*q4_0^2*q5_0^2*q6_0
1137	2,4,2,2,2,1,0	b4^2*q2_0^4*q3_0^2*q4_0^2*q5_0^2*q6_0
1138	0,8,0,2,2,1,0	q2_0^8*q4_0^2*q5_0^2*q6_0
1139	0,1,6,1,2,1,0	q2_0*q3_0^6*q4_0*q5_0^2*q6_0
1140	0,4,4,1,2,1,0	q2_0^4*q3_0^4*q4_0*q5_0^2*q6_0
1141	0,7,2,1,2,1,0	q2_0^7*q3_0^2*q4_0*q5_0^2*q6_0
1142	0,10,0,1,2,1,0	q2_0^10*q4_0*q5_0^2*q6_0
1143	0,0,8,0,2,1,0	q3_0^8*q5_0^2*q6_0
1144	0,3,6,0,2,1,0	q2_0^3*q3_0^6*q5_0^2*q6_0
1145	0,6,4,0,2,1,0	q2_0^6*q3_0^4*q5_0^2*q6_0
1146	0,0,0,0,8,0,0	q5_0^8
1147	0,0,2,1,6,0,0	q3_0^2*q4_0*q5_0^6
1148	0,0,1,3,5,0,0	q3_0*q4_0^3*q5_0^5
1149	0,0,5,0,5,0,0	q3_0^5*q5_0^5
1150	0,0,0,5,4,0,0	q4_0^5*q5_0^4
1151	0,0,4,2,4,0,0	q3_0^4*q4_0^2*q5_0^4
1152	3,1,1,4,1,2,0	b4^3*q2_0*q3_0*q4_0^4*q5_0*q6_0^2
1153	5,0,1,4,1,2,0	b4^5*q3_0*q4_0^4*q5_0*q6_0^2
1154	0,4,0,4,1,2,0	q2_0^4*q4_0^4*q5_0*q6_0^2
1155	2,3,0,4,1,2,0	b4^2*q2_0^3*q4_0^4*q5_0*q6_0^2
1156	4,2,0,4,1,2,0	b4^4*q2_0^2*q4_0^4*q5_0*q6_0^2
1157	6,1,0,4,1,2,0	b4^6*q2_0*q4_0^4*q5_0*q6_0^2
1158	8,0,0,4,1,2,0	b4^8*q4_0^4*q5_0*q6_0^2
1159	0,0,4,3,1,2,0	q3_0^4*q4_0^3*q5_0*q6_0^2
1160	1,1,3,3,1,2,0	b4*q2_0*q3_0^3*q4_0^3*q5_0*q6_0^2
1161	3,0,3,3,1,2,0	b4^3*q3_0^3*q4_0^3*q5_0*q6_0^2
1162	0,3,2,3,1,2,0	q2_0^3*q3_0^2*q4_0^3*q5_0*q6_0^2
1163	2,2,2,3,1,2,0	b4^2*q2_0^2*q3_0^2*q4_0^3*q5_0*q6_0^2
1164	4,1,2,3,1,2,0	b4^4*q2_0*q3_0^2*q4_0^3*q5_0*q6_0^2
1165	6,0,2,3,1,2,0	b4^6*q3_0^2*q4_0^3*q5_0*q6_0^2
1166	1,4,1,3,1,2,0	b4*q2_0^4*q3_0*q4_0^3*q5_0*q6_0^2
1167	3,3,1,3,1,2,0	b4^3*q2_0^3*q3_0*q4_0^3*q5_0*q6_0^2
1168	5,2,1,3,1,2,0	b4^5*q2_0^2*q3_0*q4_0^3*q5_0*q6_0^2
1169	7,1,1,3,1,2,0	b4^7*q2_0*q3_0*q4_0^3*q5_0*q6_0^2
1170	9,0,1,3,1,2,0	b4^9*q3_0*q4_0^3*q5_0*q6_0^2
1171	0,6,0,3,1,2,0	q2_0^6*q4_0^3*q5_0*q6_0^2
1172	2,5,0,3,1,2,0	b4^2*q2_0^5*q4_0^3*q5_0*q6_0^2
1173	4,4,0,3,1,2,0	b4^4*q2_0^4*q4_0^3*q5_0*q6_0^2
1174	6,3,0,3,1,2,0	b4^6*q2_0^3*q4_0^3*q5_0*q6_0^2
1175	8,2,0,3,1,2,0	b4^8*q2_0^2*q4_0^3*q5_0*q6_0^2
1176	10,1,0,3,1,2,0	b4^10*q2_0*q4_0^3*q5_0*q6_0^2
1177	12,0,0,3,1,2,0	b4^12*q4_0^3*q5_0*q6_0^2
1178	1,0,5,2,1,2,0	b4*q3_0^5*q4_0^2*q5_0*q6_0^2
1179	0,2,4,2,1,2,0	q2_0^2*q3_0^4*q4_0^2*q5_0*q6_0^2
1180	2,1,4,2,1,2,0	b4^2*q2_0*q3_0^4*q4_0^2*q5_0*q6_0^2
1181	4,0,4,2,1,2,0	b4^4*q3_0^4*q4_0^2*q5_0*q6_0^2
1182	1,3,3,2,1,2,0	b4*q2_0^3*q3_0^3*q4_0^2*q5_0*q6_0^2
1183	3,2,3,2,1,2,0	b4^3*q2_0^2*q3_0^3*q4_0^2*q5_0*q6_0^2
1184	5,1,3,2,1,2,0	b4^5*q2_0*q3_0^3*q4_0^2*q5_0*q6_0^2
1185	7,0,3,2,1,2,0	b4^7*q3_0^3*q4_0^2*q5_0*q6_0^2
1186	0,5,2,2,1,2,0	q2_0^5*q3_0^2*q4_0^2*q5_0*q6_0^2
1187	2,4,2,2,1,2,0	b4^2*q2_0^4*q3_0^2*q4_0^2*q5_0*q6_0^2
1188	4,3,2,2,1,2,0	b4^4*q2_0^3*q3_0^2*q4_0^2*q5_0*q6_0^2
1189	6,2,2,2,1,2,0	b4^6*q2_0^2*q3_0^2*q4_0^2*q5_0*q6_0^2
1190	8,1,2,2,1,2,0	b4^8*q2_0*q3_0^2*q4_0^2*q5_0*q6_0^2
1191	10,0,2,2,1,2,0	b4^10*q3_0^2*q4_0^2*q5_0*q6_0^2
1192	1,6,1,2,1,2,0	b4*q2_0^6*q3_0*q4_0^2*q5_0*q6_0^2
1193	3,5,1,2,1,2,0	b4^3*q2_0^5*q3_0*q4_0^2*q5_0*q6_0^2
1194	5,4,1,2,1,2,0	b4^5*q2_0^4*q3_0*q4_0^2*q5_0*q6_0^2
1195	7,3,1,2,1,2,0	b4^7*q2_0^3*q3_0*q4_0^2*q5_0*q6_0^2
1196	9,2,1,2,1,2,0	b4^9*q2_0^2*q3_0*q4_0^2*q5_0*q6_0^2
1197	11,1,1,2,1,2,0	b4^11*q2_0*q3_0*q4_0^2*q5_0*q6_0^2
1198	13,0,1,2,1,2,0	b4^13*q3_0*q4_0^2*q5_0*q6_0^2
1199	0,8,0,2,1,2,0	q2_0^8*q4_0^2*q5_0*q6_0^2
1200	2,7,0,2,1,2,0	b4^2*q2_0^7*q4_0^2*q5_0*q6_0^2
1201	4,6,0,2,1,2,0	b4^4*q2_0^6*q4_0^2*q5_0*q6_0^2
1202	6,5,0,2,1,2,0	b4^6*q2_0^5*q4_0^2*q5_0*q6_0^2
1203	8,4,0,2,1,2,0	b4^8*q2_0^4*q4_0^2*q5_0*q6_0^2
1204	10,3,0,2,1,2,0	b4^10*q2_0^3*q4_0^2*q5_0*q6_0^2
1205	12,2,0,2,1,2,0	b4^12*q2_0^2*q4_0^2*q5_0*q6_0^2
1206	14,1,0,2,1,2,0	b4^14*q2_0*q4_0^2*q5_0*q6_0^2
1207	0,1,6,1,1,2,0	q2_0*q3_0^6*q4_0*q5_0*q6_0^2
1208	2,0,6,1,1,2,0	b4^2*q3_0^6*q4_0*q5_0*q6_0^2
1209	1,2,5,1,1,2,0	b4*q2_0^2*q3_0^5*q4_0*q5_0*q6_0^2
1210	3,1,5,1,1,2,0	b4^3*q2_0*q3_0^5*q4_0*q5_0*q6_0^2
1211	5,0,5,1,1,2,0	b4^5*q3_0^5*q4_0*q5_0*q6_0^2
1212	0,4,4,1,1,2,0	q2_0^4*q3_0^4*q4_0*q5_0*q6_0^2
1213	2,3,4,1,1,2,0	b4^2*q2_0^3*q3_0^4*q4_0*q5_0*q6_0^2
1214	4,2,4,1,1,2,0	b4^4*q2_0^2*q3_0^4*q4_0*q5_0*q6_0^2
1215	6,1,4,1,1,2,0	b4^6*q2_0*q3_0^4*q4_0*q5_0*q6_0^2
1216	8,0,4,1,1,2,0	b4^8*q3_0^4*q4_0*q5_0*q6_0^2
1217	1,5,3,1,1,2,0	b4*q2_0^5*q3_0^3*q4_0*q5_0*q6_0^2
1218	3,4,3,1,1,2,0	b4^3*q2_0^4*q3_0^3*q4_0*q5_0*q6_0^2
1219	5,3,3,1,1,2,0	b4^5*q2_0^3*q3_0^3*q4_0*q5_0*q6_0^2
1220	7,2,3,1,1,2,0	b4^7*q2_0^2*q3_0^3*q4_0*q5_0*q6_0^2
1221	9,1,3,1,1,2,0	b4^9*q2_0*q3_0^3*q4_0*q5_0*q6_0^2
1222	11,0,3,1,1,2,0	b4^11*q3_0^3*q4_0*q5_0*q6_0^2
1223	0,7,2,1,1,2,0	q2_0^7*q3_0^2*q4_0*q5_0*q6_0^2
1224	2,6,2,1,1,2,0	b4^2*q2_0^6*q3_0^2*q4_0*q5_0*q6_0^2
1225	4,5,2,1,1,2,0	b4^4*q2_0^5*q3_0^2*q4_0*q5_0*q6_0^2
1226	6,4,2,1,1,2,0	b4^6*q2_0^4*q3_0^2*q4_0*q5_0*q6_0^2
1227	8,3,2,1,1,2,0	b4^8*q2_0^3*q3_0^2*q4_0*q5_0*q6_0^2
1228	10,2,2,1,1,2,0	b4^10*q2_0^2*q3_0^2*q4_0*q5_0*q6_0^2
1229	12,1,2,1,1,2,0	b4^12*q2_0*q3_0^2*q4_0*q5_0*q6_0^2
1230	14,0,2,1,1,2,0	b4^14*q3_0^2*q4_0*q5_0*q6_0^2
1231	1,8,1,1,1,2,0	b4*q2_0^8*q3_0*q4_0*q5_0*q6_0^2
1232	3,7,1,1,1,2,0	b4^3*q2_0^7*q3_0*q4_0*q5_0*q6_0^2
1233	5,6,1,1,1,2,0	b4^5*q2_0^6*q3_0*q4_0*q5_0*q6_0^2
1234	7,5,1,1,1,2,0	b4^7*q2_0^5*q3_0*q4_0*q5_0*q6_0^2
1235	9,4,1,1,1,2,0	b4^9*q2_0^4*q3_0*q4_0*q5_0*q6_0^2
1236	11,3,1,1,1,2,0	b4^11*q2_0^3*q3_0*q4_0*q5_0*q6_0^2
1237	13,2,1,1,1,2,0	b4^13*q2_0^2*q3_0*q4_0*q5_0*q6_0^2
1238	0,10,0,1,1,2,0	q2_0^10*q4_0*q5_0*q6_0^2
1239	2,9,0,1,1,2,0	b4^2*q2_0^9*q4_0*q5_0*q6_0^2
1240	0,0,8,0,1,2,0	q3_0^8*q5_0*q6_0^2
1241	1,1,7,0,1,2,0	b4*q2_0*q3_0^7*q5_0*q6_0^2
1242	3,0,7,0,1,2,0	b4^3*q3_0^7*q5_0*q6_0^2
1243	0,3,6,0,1,2,0	q2_0^3*q3_0^6*q5_0*q6_0^2
1244	2,2,6,0,1,2,0	b4^2*q2_0^2*q3_0^6*q5_0*q6_0^2
1245	4,1,6,0,1,2,0	b4^4*q2_0*q3_0^6*q5_0*q6_0^2
1246	6,0,6,0,1,2,0	b4^6*q3_0^6*q5_0*q6_0^2
1247	1,4,5,0,1,2,0	b4*q2_0^4*q3_0^5*q5_0*q6_0^2
1248	3,3,5,0,1,2,0	b4^3*q2_0^3*q3_0^5*q5_0*q6_0^2
1249	5,2,5,0,1,2,0	b4^5*q2_0^2*q3_0^5*q5_0*q6_0^2
1250	7,1,5,0,1,2,0	b4^7*q2_0*q3_0^5*q5_0*q6_0^2
1251	9,0,5,0,1,2,0	b4^9*q3_0^5*q5_0*q6_0^2
1252	0,6,4,0,1,2,0	q2_0^6*q3_0^4*q5_0*q6_0^2
1253	2,5,4,0,1,2,0	b4^2*q2_0^5*q3_0^4*q5_0*q6_0^2
1254	4,4,4,0,1,2,0	b4^4*q2_0^4*q3_0^4*q5_0*q6_0^2
1255	6,3,4,0,1,2,0	b4^6*q2_0^3*q3_0^4*q5_0*q6_0^2
1256	8,2,4,0,1,2,0	b4^8*q2_0^2*q3_0^4*q5_0*q6_0^2
1257	10,1,4,0,1,2,0	b4^10*q2_0*q3_0^4*q5_0*q6_0^2
1258	12,0,4,0,1,2,0	b4^12*q3_0^4*q5_0*q6_0^2
1259	1,7,3,0,1,2,0	b4*q2_0^7*q3_0^3*q5_0*q6_0^2
1260	1,0,0,7,0,2,0	b4*q4_0^7*q6_0^2
1261	0,1,1,6,0,2,0	q2_0*q3_0*q4_0^6*q6_0^2
1262	2,0,1,6,0,2,0	b4^2*q3_0*q4_0^6*q6_0^2
1263	1,2,0,6,0,2,0	b4*q2_0^2*q4_0^6*q6_0^2
1264	3,1,0,6,0,2,0	b4^3*q2_0*q4_0^6*q6_0^2
1265	5,0,0,6,0,2,0	b4^5*q4_0^6*q6_0^2
1266	0,0,3,5,0,2,0	q3_0^3*q4_0^5*q6_0^2
1267	1,1,2,5,0,2,0	b4*q2_0*q3_0^2*q4_0^5*q6_0^2
1268	3,0,2,5,0,2,0	b4^3*q3_0^2*q4_0^5*q6_0^2
1269	0,3,1,5,0,2,0	q2_0^3*q3_0*q4_0^5*q6_0^2
1270	2,2,1,5,0,2,0	b4^2*q2_0^2*q3_0*q4_0^5*q6_0^2
1271	4,1,1,5,0,2,0	b4^4*q2_0*q3_0*q4_0^5*q6_0^2
1272	6,0,1,5,0,2,0	b4^6*q3_0*q4_0^5*q6_0^2
1273	1,4,0,5,0,2,0	b4*q2_0^4*q4_0^5*q6_0^2
1274	3,3,0,5,0,2,0	b4^3*q2_0^3*q4_0^5*q6_0^2
1275	5,2,0,5,0,2,0	b4^5*q2_0^2*q4_0^5*q6_0^2
1276	7,1,0,5,0,2,0	b4^7*q2_0*q4_0^5*q6_0^2
1277	9,0,0,5,0,2,0	b4^9*q4_0^5*q6_0^2
1278	1,0,4,4,0,2,0	b4*q3_0^4*q4_0^4*q6_0^2
1279	0,2,3,4,0,2,0	q2_0^2*q3_0^3*q4_0^4*q6_0^2
1280	2,1,3,4,0,2,0	b4^2*q2_0*q3_0^3*q4_0^4*q6_0^2
1281	4,0,3,4,0,2,0	b4^4*q3_0^3*q4_0^4*q6_0^2
1282	1,3,2,4,0,2,0	b4*q2_0^3*q3_0^2*q4_0^4*q6_0^2
1283	3,2,2,4,0,2,0	b4^3*q2_0^2*q3_0^2*q4_0^4*q6_0^2
1284	5,1,2,4,0,2,0	b4^5*q2_0*q3_0^2*q4_0^4*q6_0^2
1285	7,0,2,4,0,2,0	b4^7*q3_0^2*q4_0^4*q6_0^2
1286	0,5,1,4,0,2,0	q2_0^5*q3_0*q4_0^4*q6_0^2
1287	2,4,1,4,0,2,0	b4^2*q2_0^4*q3_0*q4_0^4*q6_0^2
1288	4,3,1,4,0,2,0	b4^4*q2_0^3*q3_0*q4_0^4*q6_0^2
1289	6,2,1,4,0,2,0	b4^6*q2_0^2*q3_0*q4_0^4*q6_0^2
1290	8,1,1,4,0,2,0	b4^8*q2_0*q3_0*q4_0^4*q6_0^2
1291	10,0,1,4,0,2,0	b4^10*q3_0*q4_0^4*q6_0^2
1292	1,6,0,4,0,2,0	b4*q2_0^6*q4_0^4*q6_0^2
1293	3,5,0,4,0,2,0	b4^3*q2_0^5*q4_0^4*q6_0^2
1294	5,4,0,4,0,2,0	b4^5*q2_0^4*q4_0^4*q6_0^2
1295	7,3,0,4,0,2,0	b4^7*q2_0^3*q4_0^4*q6_0^2
1296	9,2,0,4,0,2,0	b4^9*q2_0^2*q4_0^4*q6_0^2
1297	11,1,0,4,0,2,0	b4^11*q2_0*q4_0^4*q6_0^2
1298	13,0,0,4,0,2,0	b4^13*q4_0^4*q6_0^2
1299	0,1,5,3,0,2,0	q2_0*q3_0^5*q4_0^3*q6_0^2
1300	2,0,5,3,0,2,0	b4^2*q3_0^5*q4_0^3*q6_0^2
1301	1,2,4,3,0,2,0	b4*q2_0^2*q3_0^4*q4_0^3*q6_0^2
1302	3,1,4,3,0,2,0	b4^3*q2_0*q3_0^4*q4_0^3*q6_0^2
1303	5,0,4,3,0,2,0	b4^5*q3_0^4*q4_0^3*q6_0^2
1304	0,4,3,3,0,2,0	q2_0^4*q3_0^3*q4_0^3*q6_0^2
1305	2,3,3,3,0,2,0	b4^2*q2_0^3*q3_0^3*q4_0^3*q6_0^2
1306	4,2,3,3,0,2,0	b4^4*q2_0^2*q3_0^3*q4_0^3*q6_0^2
1307	6,1,3,3,0,2,0	b4^6*q2_0*q3_0^3*q4_0^3*q6_0^2
1308	8,0,3,3,0,2,0	b4^8*q3_0^3*q4_0^3*q6_0^2
1309	1,5,2,3,0,2,0	b4*q2_0^5*q3_0^2*q4_0^3*q6_0^2
1310	3,4,2,3,0,2,0	b4^3*q2_0^4*q3_0^2*q4_0^3*q6_0^2
1311	5,3,2,3,0,2,0	b4^5*q2_0^3*q3_0^2*q4_0^3*q6_0^2
1312	7,2,2,3,0,2,0	b4^7*q2_0^2*q3_0^2*q4_0^3*q6_0^2
1313	9,1,2,3,0,2,0	b4^9*q2_0*q3_0^2*q4_0^3*q6_0^2
1314	11,0,2,3,0,2,0	b4^11*q3_0^2*q4_0^3*q6_0^2
1315	0,7,1,3,0,2,0	q2_0^7*q3_0*q4_0^3*q6_0^2
1316	2,6,1,3,0,2,0	b4^2*q2_0^6*q3_0*q4_0^3*q6_0^2
1317	4,5,1,3,0,2,0	b4^4*q2_0^5*q3_0*q4_0^3*q6_0^2
1318	6,4,1,3,0,2,0	b4^6*q2_0^4*q3_0*q4_0^3*q6_0^2
1319	8,3,1,3,0,2,0	b4^8*q2_0^3*q3_0*q4_0^3*q6_0^2
1320	10,2,1,3,0,2,0	b4^10*q2_0^2*q3_0*q4_0^3*q6_0^2
1321	12,1,1,3,0,2,0	b4^12*q2_0*q3_0*q4_0^3*q6_0^2
1322	14,0,1,3,0,2,0	b4^14*q3_0*q4_0^3*q6_0^2
1323	1,8,0,3,0,2,0	b4*q2_0^8*q4_0^3*q6_0^2
1324	3,7,0,3,0,2,0	b4^3*q2_0^7*q4_0^3*q6_0^2
1325	5,6,0,3,0,2,0	b4^5*q2_0^6*q4_0^3*q6_0^2
1326	7,5,0,3,0,2,0	b4^7*q2_0^5*q4_0^3*q6_0^2
1327	9,4,0,3,0,2,0	b4^9*q2_0^4*q4_0^3*q6_0^2
1328	11,3,0,3,0,2,0	b4^11*q2_0^3*q4_0^3*q6_0^2
1329	13,2,0,3,0,2,0	b4^13*q2_0^2*q4_0^3*q6_0^2
1330	0,0,7,2,0,2,0	q3_0^7*q4_0^2*q6_0^2
1331	1,1,6,2,0,2,0	b4*q2_0*q3_0^6*q4_0^2*q6_0^2
1332	3,0,6,2,0,2,0	b4^3*q3_0^6*q4_0^2*q6_0^2
1333	0,3,5,2,0,2,0	q2_0^3*q3_0^5*q4_0^2*q6_0^2
1334	2,2,5,2,0,2,0	b4^2*q2_0^2*q3_0^5*q4_0^2*q6_0^2
1335	4,1,5,2,0,2,0	b4^4*q2_0*q3_0^5*q4_0^2*q6_0^2
1336	6,0,5,2,0,2,0	b4^6*q3_0^5*q4_0^2*q6_0^2
1337	0,0,0,0,7,1,0	q5_0^7*q6_0
1338	1,0,0,1,6,1,0	b4*q4_0*q5_0^6*q6_0
1339	0,1,1,0,6,1,0	q2_0*q3_0*q5_0^6*q6_0
1340	2,0,1,0,6,1,0	b4^2*q3_0*q5_0^6*q6_0
1341	1,2,0,0,6,1,0	b4*q2_0^2*q5_0^6*q6_0
1342	3,1,0,0,6,1,0	b4^3*q2_0*q5_0^6*q6_0
1343	5,0,0,0,6,1,0	b4^5*q5_0^6*q6_0
1344	0,1,0,2,5,1,0	q2_0*q4_0^2*q5_0^5*q6_0
1345	2,0,0,2,5,1,0	b4^2*q4_0^2*q5_0^5*q6_0
1346	0,0,2,1,5,1,0	q3_0^2*q4_0*q5_0^5*q6_0
1347	1,1,1,1,5,1,0	b4*q2_0*q3_0*q4_0*q5_0^5*q6_0
1348	3,0,1,1,5,1,0	b4^3*q3_0*q4_0*q5_0^5*q6_0
1349	0,3,0,1,5,1,0	q2_0^3*q4_0*q5_0^5*q6_0
1350	0,2,2,0,5,1,0	q2_0^2*q3_0^2*q5_0^5*q6_0
1351	0,5,0,0,5,1,0	q2_0^5*q5_0^5*q6_0
1352	0,0,1,3,4,1,0	q3_0*q4_0^3*q5_0^4*q6_0
1353	0,2,1,2,4,1,0	q2_0^2*q3_0*q4_0^2*q5_0^4*q6_0
1354	0,1,3,1,4,1,0	q2_0*q3_0^3*q4_0*q5_0^4*q6_0
1355	0,4,1,1,4,1,0	q2_0^4*q3_0*q4_0*q5_0^4*q6_0
1356	0,0,5,0,4,1,0	q3_0^5*q5_0^4*q6_0
1357	0,3,3,0,4,1,0	q2_0^3*q3_0^3*q5_0^4*q6_0
1358	0,6,1,0,4,1,0	q2_0^6*q3_0*q5_0^4*q6_0
1359	0,0,0,5,3,1,0	q4_0^5*q5_0^3*q6_0
1360	0,2,0,4,3,1,0	q2_0^2*q4_0^4*q5_0^3*q6_0
1361	0,1,2,3,3,1,0	q2_0*q3_0^2*q4_0^3*q5_0^3*q6_0
1362	0,4,0,3,3,1,0	q2_0^4*q4_0^3*q5_0^3*q6_0
1363	0,0,4,2,3,1,0	q3_0^4*q4_0^2*q5_0^3*q6_0
1364	0,3,2,2,3,1,0	q2_0^3*q3_0^2*q4_0^2*q5_0^3*q6_0
1365	0,6,0,2,3,1,0	q2_0^6*q4_0^2*q5_0^3*q6_0
1366	0,2,4,1,3,1,0	q2_0^2*q3_0^4*q4_0*q5_0^3*q6_0
1367	0,5,2,1,3,1,0	q2_0^5*q3_0^2*q4_0*q5_0^3*q6_0
1368	0,8,0,1,3,1,0	q2_0^8*q4_0*q5_0^3*q6_0
1369	0,1,6,0,3,1,0	q2_0*q3_0^6*q5_0^3*q6_0
1370	0,4,4,0,3,1,0	q2_0^4*q3_0^4*q5_0^3*q6_0
1371	0,7,2,0,3,1,0	q2_0^7*q3_0^2*q5_0^3*q6_0
1372	0,10,0,0,3,1,0	q2_0^10*q5_0^3*q6_0
1373	0,1,1,5,2,1,0	q2_0*q3_0*q4_0^5*q5_0^2*q6_0
1374	0,0,3,4,2,1,0	q3_0^3*q4_0^4*q5_0^2*q6_0
1375	0,3,1,4,2,1,0	q2_0^3*q3_0*q4_0^4*q5_0^2*q6_0
1376	0,2,3,3,2,1,0	q2_0^2*q3_0^3*q4_0^3*q5_0^2*q6_0
1377	0,5,1,3,2,1,0	q2_0^5*q3_0*q4_0^3*q5_0^2*q6_0
1378	0,0,0,4,5,0,0	q4_0^4*q5_0^5
1379	10,3,0,2,0,3,0	b4^10*q2_0^3*q4_0^2*q6_0^3
1380	12,2,0,2,0,3,0	b4^12*q2_0^2*q4_0^2*q6_0^3
1381	14,1,0,2,0,3,0	b4^14*q2_0*q4_0^2*q6_0^3
1382	0,1,6,1,0,3,0	q2_0*q3_0^6*q4_0*q6_0^3
1383	2,0,6,1,0,3,0	b4^2*q3_0^6*q4_0*q6_0^3
1384	1,2,5,1,0,3,0	b4*q2_0^2*q3_0^5*q4_0*q6_0^3
1385	3,1,5,1,0,3,0	b4^3*q2_0*q3_0^5*q4_0*q6_0^3
1386	5,0,5,1,0,3,0	b4^5*q3_0^5*q4_0*q6_0^3
1387	0,4,4,1,0,3,0	q2_0^4*q3_0^4*q4_0*q6_0^3
1388	2,3,4,1,0,3,0	b4^2*q2_0^3*q3_0^4*q4_0*q6_0^3
1389	4,2,4,1,0,3,0	b4^4*q2_0^2*q3_0^4*q4_0*q6_0^3
1390	6,1,4,1,0,3,0	b4^6*q2_0*q3_0^4*q4_0*q6_0^3
1391	8,0,4,1,0,3,0	b4^8*q3_0^4*q4_0*q6_0^3
1392	1,5,3,1,0,3,0	b4*q2_0^5*q3_0^3*q4_0*q6_0^3
1393	3,4,3,1,0,3,0	b4^3*q2_0^4*q3_0^3*q4_0*q6_0^3
1394	5,3,3,1,0,3,0	b4^5*q2_0^3*q3_0^3*q4_0*q6_0^3
1395	7,2,3,1,0,3,0	b4^7*q2_0^2*q3_0^3*q4_0*q6_0^3
1396	9,1,3,1,0,3,0	b4^9*q2_0*q3_0^3*q4_0*q6_0^3
1397	11,0,3,1,0,3,0	b4^11*q3_0^3*q4_0*q6_0^3
1398	0,7,2,1,0,3,0	q2_0^7*q3_0^2*q4_0*q6_0^3
1399	2,6,2,1,0,3,0	b4^2*q2_0^6*q3_0^2*q4_0*q6_0^3
1400	4,5,2,1,0,3,0	b4^4*q2_0^5*q3_0^2*q4_0*q6_0^3
1401	6,4,2,1,0,3,0	b4^6*q2_0^4*q3_0^2*q4_0*q6_0^3
1402	8,3,2,1,0,3,0	b4^8*q2_0^3*q3_0^2*q4_0*q6_0^3
1403	10,2,2,1,0,3,0	b4^10*q2_0^2*q3_0^2*q4_0*q6_0^3
1404	12,1,2,1,0,3,0	b4^12*q2_0*q3_0^2*q4_0*q6_0^3
1405	14,0,2,1,0,3,0	b4^14*q3_0^2*q4_0*q6_0^3
1406	1,8,1,1,0,3,0	b4*q2_0^8*q3_0*q4_0*q6_0^3
1407	3,7,1,1,0,3,0	b4^3*q2_0^7*q3_0*q4_0*q6_0^3
1408	5,6,1,1,0,3,0	b4^5*q2_0^6*q3_0*q4_0*q6_0^3
1409	7,5,1,1,0,3,0	b4^7*q2_0^5*q3_0*q4_0*q6_0^3
1410	9,4,1,1,0,3,0	b4^9*q2_0^4*q3_0*q4_0*q6_0^3
1411	11,3,1,1,0,3,0	b4^11*q2_0^3*q3_0*q4_0*q6_0^3
1412	13,2,1,1,0,3,0	b4^13*q2_0^2*q3_0*q4_0*q6_0^3
1413	0,10,0,1,0,3,0	q2_0^10*q4_0*q6_0^3
1414	2,9,0,1,0,3,0	b4^2*q2_0^9*q4_0*q6_0^3
1415	0,0,8,0,0,3,0	q3_0^8*q6_0^3
1416	1,1,7,0,0,3,0	b4*q2_0*q3_0^7*q6_0^3
1417	3,0,7,0,0,3,0	b4^3*q3_0^7*q6_0^3
1418	0,3,6,0,0,3,0	q2_0^3*q3_0^6*q6_0^3
1419	2,2,6,0,0,3,0	b4^2*q2_0^2*q3_0^6*q6_0^3
1420	4,1,6,0,0,3,0	b4^4*q2_0*q3_0^6*q6_0^3
1421	6,0,6,0,0,3,0	b4^6*q3_0^6*q6_0^3
1422	1,4,5,0,0,3,0	b4*q2_0^4*q3_0^5*q6_0^3
1423	3,3,5,0,0,3,0	b4^3*q2_0^3*q3_0^5*q6_0^3
1424	5,2,5,0,0,3,0	b4^5*q2_0^2*q3_0^5*q6_0^3
1425	7,1,5,0,0,3,0	b4^7*q2_0*q3_0^5*q6_0^3
1426	9,0,5,0,0,3,0	b4^9*q3_0^5*q6_0^3
1427	0,6,4,0,0,3,0	q2_0^6*q3_0^4*q6_0^3
1428	2,5,4,0,0,3,0	b4^2*q2_0^5*q3_0^4*q6_0^3
1429	4,4,4,0,0,3,0	b4^4*q2_0^4*q3_0^4*q6_0^3
1430	6,3,4,0,0,3,0	b4^6*q2_0^3*q3_0^4*q6_0^3
1431	8,2,4,0,0,3,0	b4^8*q2_0^2*q3_0^4*q6_0^3
1432	10,1,4,0,0,3,0	b4^10*q2_0*q3_0^4*q6_0^3
1433	12,0,4,0,0,3,0	b4^12*q3_0^4*q6_0^3
1434	1,7,3,0,0,3,0	b4*q2_0^7*q3_0^3*q6_0^3
1435	0,0,0,0,6,2,0	q5_0^6*q6_0^2
1436	1,0,0,1,5,2,0	b4*q4_0*q5_0^5*q6_0^2
1437	0,1,1,0,5,2,0	q2_0*q3_0*q5_0^5*q6_0^2
1438	2,0,1,0,5,2,0	b4^2*q3_0*q5_0^5*q6_0^2
1439	1,2,0,0,5,2,0	b4*q2_0^2*q5_0^5*q6_0^2
1440	3,1,0,0,5,2,0	b4^3*q2_0*q5_0^5*q6_0^2
1441	5,0,0,0,5,2,0	b4^5*q5_0^5*q6_0^2
1442	0,1,0,2,4,2,0	q2_0*q4_0^2*q5_0^4*q6_0^2
1443	2,0,0,2,4,2,0	b4^2*q4_0^2*q5_0^4*q6_0^2
1444	0,0,2,1,4,2,0	q3_0^2*q4_0*q5_0^4*q6_0^2
1445	1,1,1,1,4,2,0	b4*q2_0*q3_0*q4_0*q5_0^4*q6_0^2
1446	3,0,1,1,4,2,0	b4^3*q3_0*q4_0*q5_0^4*q6_0^2
1447	0,3,0,1,4,2,0	q2_0^3*q4_0*q5_0^4*q6_0^2
1448	2,2,0,1,4,2,0	b4^2*q2_0^2*q4_0*q5_0^4*q6_0^2
1449	4,1,0,1,4,2,0	b4^4*q2_0*q4_0*q5_0^4*q6_0^2
1450	6,0,0,1,4,2,0	b4^6*q4_0*q5_0^4*q6_0^2
1451	1,0,3,0,4,2,0	b4*q3_0^3*q5_0^4*q6_0^2
1452	0,2,2,0,4,2,0	q2_0^2*q3_0^2*q5_0^4*q6_0^2
1453	2,1,2,0,4,2,0	b4^2*q2_0*q3_0^2*q5_0^4*q6_0^2
1454	4,0,2,0,4,2,0	b4^4*q3_0^2*q5_0^4*q6_0^2
1455	1,3,1,0,4,2,0	b4*q2_0^3*q3_0*q5_0^4*q6_0^2
1456	3,2,1,0,4,2,0	b4^3*q2_0^2*q3_0*q5_0^4*q6_0^2
1457	5,1,1,0,4,2,0	b4^5*q2_0*q3_0*q5_0^4*q6_0^2
1458	7,0,1,0,4,2,0	b4^7*q3_0*q5_0^4*q6_0^2
1459	0,5,0,0,4,2,0	q2_0^5*q5_0^4*q6_0^2
1460	2,4,0,0,4,2,0	b4^2*q2_0^4*q5_0^4*q6_0^2
1461	4,3,0,0,4,2,0	b4^4*q2_0^3*q5_0^4*q6_0^2
1462	6,2,0,0,4,2,0	b4^6*q2_0^2*q5_0^4*q6_0^2
1463	8,1,0,0,4,2,0	b4^8*q2_0*q5_0^4*q6_0^2
1464	10,0,0,0,4,2,0	b4^10*q5_0^4*q6_0^2
1465	0,0,1,3,3,2,0	q3_0*q4_0^3*q5_0^3*q6_0^2
1466	1,1,0,3,3,2,0	b4*q2_0*q4_0^3*q5_0^3*q6_0^2
1467	3,0,0,3,3,2,0	b4^3*q4_0^3*q5_0^3*q6_0^2
1468	1,0,2,2,3,2,0	b4*q3_0^2*q4_0^2*q5_0^3*q6_0^2
1469	0,2,1,2,3,2,0	q2_0^2*q3_0*q4_0^2*q5_0^3*q6_0^2
1470	2,1,1,2,3,2,0	b4^2*q2_0*q3_0*q4_0^2*q5_0^3*q6_0^2
1471	4,0,1,2,3,2,0	b4^4*q3_0*q4_0^2*q5_0^3*q6_0^2
1472	1,3,0,2,3,2,0	b4*q2_0^3*q4_0^2*q5_0^3*q6_0^2
1473	3,2,0,2,3,2,0	b4^3*q2_0^2*q4_0^2*q5_0^3*q6_0^2
1474	5,1,0,2,3,2,0	b4^5*q2_0*q4_0^2*q5_0^3*q6_0^2
1475	7,0,0,2,3,2,0	b4^7*q4_0^2*q5_0^3*q6_0^2
1476	0,1,3,1,3,2,0	q2_0*q3_0^3*q4_0*q5_0^3*q6_0^2
1477	2,0,3,1,3,2,0	b4^2*q3_0^3*q4_0*q5_0^3*q6_0^2
1478	1,2,2,1,3,2,0	b4*q2_0^2*q3_0^2*q4_0*q5_0^3*q6_0^2
1479	3,1,2,1,3,2,0	b4^3*q2_0*q3_0^2*q4_0*q5_0^3*q6_0^2
1480	5,0,2,1,3,2,0	b4^5*q3_0^2*q4_0*q5_0^3*q6_0^2
1481	0,4,1,1,3,2,0	q2_0^4*q3_0*q4_0*q5_0^3*q6_0^2
1482	2,3,1,1,3,2,0	b4^2*q2_0^3*q3_0*q4_0*q5_0^3*q6_0^2
1483	4,2,1,1,3,2,0	b4^4*q2_0^2*q3_0*q4_0*q5_0^3*q6_0^2
1484	6,1,1,1,3,2,0	b4^6*q2_0*q3_0*q4_0*q5_0^3*q6_0^2
1485	8,0,1,1,3,2,0	b4^8*q3_0*q4_0*q5_0^3*q6_0^2
1486	1,5,0,1,3,2,0	b4*q2_0^5*q4_0*q5_0^3*q6_0^2
1487	3,4,0,1,3,2,0	b4^3*q2_0^4*q4_0*q5_0^3*q6_0^2
1488	5,3,0,1,3,2,0	b4^5*q2_0^3*q4_0*q5_0^3*q6_0^2
1489	7,2,0,1,3,2,0	b4^7*q2_0^2*q4_0*q5_0^3*q6_0^2
1490	9,1,0,1,3,2,0	b4^9*q2_0*q4_0*q5_0^3*q6_0^2
1491	11,0,0,1,3,2,0	b4^11*q4_0*q5_0^3*q6_0^2
1492	0,0,5,0,3,2,0	q3_0^5*q5_0^3*q6_0^2
1493	1,1,4,0,3,2,0	b4*q2_0*q3_0^4*q5_0^3*q6_0^2
1494	3,0,4,0,3,2,0	b4^3*q3_0^4*q5_0^3*q6_0^2
1495	0,3,3,0,3,2,0	q2_0^3*q3_0^3*q5_0^3*q6_0^2
1496	2,2,3,0,3,2,0	b4^2*q2_0^2*q3_0^3*q5_0^3*q6_0^2
1497	4,1,3,0,3,2,0	b4^4*q2_0*q3_0^3*q5_0^3*q6_0^2
1498	6,0,3,0,3,2,0	b4^6*q3_0^3*q5_0^3*q6_0^2
1499	1,4,2,0,3,2,0	b4*q2_0^4*q3_0^2*q5_0^3*q6_0^2
1500	3,3,2,0,3,2,0	b4^3*q2_0^3*q3_0^2*q5_0^3*q6_0^2
1501	5,2,2,0,3,2,0	b4^5*q2_0^2*q3_0^2*q5_0^3*q6_0^2
1502	7,1,2,0,3,2,0	b4^7*q2_0*q3_0^2*q5_0^3*q6_0^2
1503	9,0,2,0,3,2,0	b4^9*q3_0^2*q5_0^3*q6_0^2
1504	0,6,1,0,3,2,0	q2_0^6*q3_0*q5_0^3*q6_0^2
1505	2,5,1,0,3,2,0	b4^2*q2_0^5*q3_0*q5_0^3*q6_0^2
1506	4,4,1,0,3,2,0	b4^4*q2_0^4*q3_0*q5_0^3*q6_0^2
1507	6,3,1,0,3,2,0	b4^6*q2_0^3*q3_0*q5_0^3*q6_0^2
1508	8,2,1,0,3,2,0	b4^8*q2_0^2*q3_0*q5_0^3*q6_0^2
1509	10,1,1,0,3,2,0	b4^10*q2_0*q3_0*q5_0^3*q6_0^2
1510	12,0,1,0,3,2,0	b4^12*q3_0*q5_0^3*q6_0^2
1511	1,7,0,0,3,2,0	b4*q2_0^7*q5_0^3*q6_0^2
1512	3,6,0,0,3,2,0	b4^3*q2_0^6*q5_0^3*q6_0^2
1513	5,5,0,0,3,2,0	b4^5*q2_0^5*q5_0^3*q6_0^2
1514	7,4,0,0,3,2,0	b4^7*q2_0^4*q5_0^3*q6_0^2
1515	9,3,0,0,3,2,0	b4^9*q2_0^3*q5_0^3*q6_0^2
1516	11,2,0,0,3,2,0	b4^11*q2_0^2*q5_0^3*q6_0^2
1517	13,1,0,0,3,2,0	b4^13*q2_0*q5_0^3*q6_0^2
1518	15,0,0,0,3,2,0	b4^15*q5_0^3*q6_0^2
1519	0,0,0,5,2,2,0	q4_0^5*q5_0^2*q6_0^2
1520	1,0,1,4,2,2,0	b4*q3_0*q4_0^4*q5_0^2*q6_0^2
1521	0,2,0,4,2,2,0	q2_0^2*q4_0^4*q5_0^2*q6_0^2
1522	2,1,0,4,2,2,0	b4^2*q2_0*q4_0^4*q5_0^2*q6_0^2
1523	4,0,0,4,2,2,0	b4^4*q4_0^4*q5_0^2*q6_0^2
1524	0,1,2,3,2,2,0	q2_0*q3_0^2*q4_0^3*q5_0^2*q6_0^2
1525	2,0,2,3,2,2,0	b4^2*q3_0^2*q4_0^3*q5_0^2*q6_0^2
1526	1,2,1,3,2,2,0	b4*q2_0^2*q3_0*q4_0^3*q5_0^2*q6_0^2
1527	3,1,1,3,2,2,0	b4^3*q2_0*q3_0*q4_0^3*q5_0^2*q6_0^2
1528	5,0,1,3,2,2,0	b4^5*q3_0*q4_0^3*q5_0^2*q6_0^2
1529	0,4,0,3,2,2,0	q2_0^4*q4_0^3*q5_0^2*q6_0^2
1530	2,3,0,3,2,2,0	b4^2*q2_0^3*q4_0^3*q5_0^2*q6_0^2
1531	4,2,0,3,2,2,0	b4^4*q2_0^2*q4_0^3*q5_0^2*q6_0^2
1532	6,1,0,3,2,2,0	b4^6*q2_0*q4_0^3*q5_0^2*q6_0^2
1533	8,0,0,3,2,2,0	b4^8*q4_0^3*q5_0^2*q6_0^2
1534	0,0,4,2,2,2,0	q3_0^4*q4_0^2*q5_0^2*q6_0^2
1535	1,1,3,2,2,2,0	b4*q2_0*q3_0^3*q4_0^2*q5_0^2*q6_0^2
1536	3,0,3,2,2,2,0	b4^3*q3_0^3*q4_0^2*q5_0^2*q6_0^2
1537	0,3,2,2,2,2,0	q2_0^3*q3_0^2*q4_0^2*q5_0^2*q6_0^2
1538	2,2,2,2,2,2,0	b4^2*q2_0^2*q3_0^2*q4_0^2*q5_0^2*q6_0^2
1539	4,1,2,2,2,2,0	b4^4*q2_0*q3_0^2*q4_0^2*q5_0^2*q6_0^2
1540	6,0,2,2,2,2,0	b4^6*q3_0^2*q4_0^2*q5_0^2*q6_0^2
1541	1,4,1,2,2,2,0	b4*q2_0^4*q3_0*q4_0^2*q5_0^2*q6_0^2
1542	3,3,1,2,2,2,0	b4^3*q2_0^3*q3_0*q4_0^2*q5_0^2*q6_0^2
1543	5,2,1,2,2,2,0	b4^5*q2_0^2*q3_0*q4_0^2*q5_0^2*q6_0^2
1544	7,1,1,2,2,2,0	b4^7*q2_0*q3_0*q4_0^2*q5_0^2*q6_0^2
1545	9,0,1,2,2,2,0	b4^9*q3_0*q4_0^2*q5_0^2*q6_0^2
1546	0,6,0,2,2,2,0	q2_0^6*q4_0^2*q5_0^2*q6_0^2
1547	2,5,0,2,2,2,0	b4^2*q2_0^5*q4_0^2*q5_0^2*q6_0^2
1548	4,4,0,2,2,2,0	b4^4*q2_0^4*q4_0^2*q5_0^2*q6_0^2
1549	6,3,0,2,2,2,0	b4^6*q2_0^3*q4_0^2*q5_0^2*q6_0^2
1550	8,2,0,2,2,2,0	b4^8*q2_0^2*q4_0^2*q5_0^2*q6_0^2
1551	10,1,0,2,2,2,0	b4^10*q2_0*q4_0^2*q5_0^2*q6_0^2
1552	12,0,0,2,2,2,0	b4^12*q4_0^2*q5_0^2*q6_0^2
1553	1,0,5,1,2,2,0	b4*q3_0^5*q4_0*q5_0^2*q6_0^2
1554	0,2,4,1,2,2,0	q2_0^2*q3_0^4*q4_0*q5_0^2*q6_0^2
1555	2,1,4,1,2,2,0	b4^2*q2_0*q3_0^4*q4_0*q5_0^2*q6_0^2
1556	4,0,4,1,2,2,0	b4^4*q3_0^4*q4_0*q5_0^2*q6_0^2
1557	1,3,3,1,2,2,0	b4*q2_0^3*q3_0^3*q4_0*q5_0^2*q6_0^2
1558	3,2,3,1,2,2,0	b4^3*q2_0^2*q3_0^3*q4_0*q5_0^2*q6_0^2
1559	5,1,3,1,2,2,0	b4^5*q2_0*q3_0^3*q4_0*q5_0^2*q6_0^2
1560	7,0,3,1,2,2,0	b4^7*q3_0^3*q4_0*q5_0^2*q6_0^2
1561	0,5,2,1,2,2,0	q2_0^5*q3_0^2*q4_0*q5_0^2*q6_0^2
1562	2,4,2,1,2,2,0	b4^2*q2_0^4*q3_0^2*q4_0*q5_0^2*q6_0^2
1563	4,3,2,1,2,2,0	b4^4*q2_0^3*q3_0^2*q4_0*q5_0^2*q6_0^2
1564	6,2,2,1,2,2,0	b4^6*q2_0^2*q3_0^2*q4_0*q5_0^2*q6_0^2
1565	8,1,2,1,2,2,0	b4^8*q2_0*q3_0^2*q4_0*q5_0^2*q6_0^2
1566	10,0,2,1,2,2,0	b4^10*q3_0^2*q4_0*q5_0^2*q6_0^2
1567	1,6,1,1,2,2,0	b4*q2_0^6*q3_0*q4_0*q5_0^2*q6_0^2
1568	3,5,1,1,2,2,0	b4^3*q2_0^5*q3_0*q4_0*q5_0^2*q6_0^2
1569	5,4,1,1,2,2,0	b4^5*q2_0^4*q3_0*q4_0*q5_0^2*q6_0^2
1570	7,3,1,1,2,2,0	b4^7*q2_0^3*q3_0*q4_0*q5_0^2*q6_0^2
1571	9,2,1,1,2,2,0	b4^9*q2_0^2*q3_0*q4_0*q5_0^2*q6_0^2
1572	11,1,1,1,2,2,0	b4^11*q2_0*q3_0*q4_0*q5_0^2*q6_0^2
1573	13,0,1,1,2,2,0	b4^13*q3_0*q4_0*q5_0^2*q6_0^2
1574	0,8,0,1,2,2,0	q2_0^8*q4_0*q5_0^2*q6_0^2
1575	2,7,0,1,2,2,0	b4^2*q2_0^7*q4_0*q5_0^2*q6_0^2
1576	4,6,0,1,2,2,0	b4^4*q2_0^6*q4_0*q5_0^2*q6_0^2
1577	6,5,0,1,2,2,0	b4^6*q2_0^5*q4_0*q5_0^2*q6_0^2
1578	8,4,0,1,2,2,0	b4^8*q2_0^4*q4_0*q5_0^2*q6_0^2
1579	10,3,0,1,2,2,0	b4^10*q2_0^3*q4_0*q5_0^2*q6_0^2
1580	12,2,0,1,2,2,0	b4^12*q2_0^2*q4_0*q5_0^2*q6_0^2
1581	14,1,0,1,2,2,0	b4^14*q2_0*q4_0*q5_0^2*q6_0^2
1582	0,1,6,0,2,2,0	q2_0*q3_0^6*q5_0^2*q6_0^2
1583	2,0,6,0,2,2,0	b4^2*q3_0^6*q5_0^2*q6_0^2
1584	1,2,5,0,2,2,0	b4*q2_0^2*q3_0^5*q5_0^2*q6_0^2
1585	3,1,5,0,2,2,0	b4^3*q2_0*q3_0^5*q5_0^2*q6_0^2
1586	5,0,5,0,2,2,0	b4^5*q3_0^5*q5_0^2*q6_0^2
1587	0,4,4,0,2,2,0	q2_0^4*q3_0^4*q5_0^2*q6_0^2
1588	2,3,4,0,2,2,0	b4^2*q2_0^3*q3_0^4*q5_0^2*q6_0^2
1589	4,2,4,0,2,2,0	b4^4*q2_0^2*q3_0^4*q5_0^2*q6_0^2
1590	6,1,4,0,2,2,0	b4^6*q2_0*q3_0^4*q5_0^2*q6_0^2
1591	8,0,4,0,2,2,0	b4^8*q3_0^4*q5_0^2*q6_0^2
1592	1,5,3,0,2,2,0	b4*q2_0^5*q3_0^3*q5_0^2*q6_0^2
1593	3,4,3,0,2,2,0	b4^3*q2_0^4*q3_0^3*q5_0^2*q6_0^2
1594	5,3,3,0,2,2,0	b4^5*q2_0^3*q3_0^3*q5_0^2*q6_0^2
1595	7,2,3,0,2,2,0	b4^7*q2_0^2*q3_0^3*q5_0^2*q6_0^2
1596	9,1,3,0,2,2,0	b4^9*q2_0*q3_0^3*q5_0^2*q6_0^2
1597	11,0,3,0,2,2,0	b4^11*q3_0^3*q5_0^2*q6_0^2
1598	0,7,2,0,2,2,0	q2_0^7*q3_0^2*q5_0^2*q6_0^2
1599	2,6,2,0,2,2,0	b4^2*q2_0^6*q3_0^2*q5_0^2*q6_0^2
1600	4,5,2,0,2,2,0	b4^4*q2_0^5*q3_0^2*q5_0^2*q6_0^2
1601	6,4,2,0,2,2,0	b4^6*q2_0^4*q3_0^2*q5_0^2*q6_0^2
1602	8,3,2,0,2,2,0	b4^8*q2_0^3*q3_0^2*q5_0^2*q6_0^2
1603	10,2,2,0,2,2,0	b4^10*q2_0^2*q3_0^2*q5_0^2*q6_0^2
1604	12,1,2,0,2,2,0	b4^12*q2_0*q3_0^2*q5_0^2*q6_0^2
1605	14,0,2,0,2,2,0	b4^14*q3_0^2*q5_0^2*q6_0^2
1606	1,8,1,0,2,2,0	b4*q2_0^8*q3_0*q5_0^2*q6_0^2
1607	3,7,1,0,2,2,0	b4^3*q2_0^7*q3_0*q5_0^2*q6_0^2
1608	5,6,1,0,2,2,0	b4^5*q2_0^6*q3_0*q5_0^2*q6_0^2
1609	7,5,1,0,2,2,0	b4^7*q2_0^5*q3_0*q5_0^2*q6_0^2
1610	9,4,1,0,2,2,0	b4^9*q2_0^4*q3_0*q5_0^2*q6_0^2
1611	11,3,1,0,2,2,0	b4^11*q2_0^3*q3_0*q5_0^2*q6_0^2
1612	13,2,1,0,2,2,0	b4^13*q2_0^2*q3_0*q5_0^2*q6_0^2
1613	0,10,0,0,2,2,0	q2_0^10*q5_0^2*q6_0^2
1614	2,9,0,0,2,2,0	b4^2*q2_0^9*q5_0^2*q6_0^2
1615	1,0,0,6,1,2,0	b4*q4_0^6*q5_0*q6_0^2
1616	0,1,1,5,1,2,0	q2_0*q3_0*q4_0^5*q5_0*q6_0^2
1617	2,0,1,5,1,2,0	b4^2*q3_0*q4_0^5*q5_0*q6_0^2
1618	1,2,0,5,1,2,0	b4*q2_0^2*q4_0^5*q5_0*q6_0^2
1619	3,1,0,5,1,2,0	b4^3*q2_0*q4_0^5*q5_0*q6_0^2
1620	5,0,0,5,1,2,0	b4^5*q4_0^5*q5_0*q6_0^2
1621	0,0,3,4,1,2,0	q3_0^3*q4_0^4*q5_0*q6_0^2
1622	1,1,2,4,1,2,0	b4*q2_0*q3_0^2*q4_0^4*q5_0*q6_0^2
1623	3,0,2,4,1,2,0	b4^3*q3_0^2*q4_0^4*q5_0*q6_0^2
1624	0,3,1,4,1,2,0	q2_0^3*q3_0*q4_0^4*q5_0*q6_0^2
1625	2,2,1,4,1,2,0	b4^2*q2_0^2*q3_0*q4_0^4*q5_0*q6_0^2
1626	0,2,3,3,1,2,0	q2_0^2*q3_0^3*q4_0^3*q5_0*q6_0^2
1627	0,5,1,3,1,2,0	q2_0^5*q3_0*q4_0^3*q5_0*q6_0^2
1628	0,1,5,2,1,2,0	q2_0*q3_0^5*q4_0^2*q5_0*q6_0^2
1629	0,4,3,2,1,2,0	q2_0^4*q3_0^3*q4_0^2*q5_0*q6_0^2
1630	0,7,1,2,1,2,0	q2_0^7*q3_0*q4_0^2*q5_0*q6_0^2
1631	0,0,7,1,1,2,0	q3_0^7*q4_0*q5_0*q6_0^2
1632	0,3,5,1,1,2,0	q2_0^3*q3_0^5*q4_0*q5_0*q6_0^2
1633	0,6,3,1,1,2,0	q2_0^6*q3_0^3*q4_0*q5_0*q6_0^2
1634	0,9,1,1,1,2,0	q2_0^9*q3_0*q4_0*q5_0*q6_0^2
1635	0,2,7,0,1,2,0	q2_0^2*q3_0^7*q5_0*q6_0^2
1636	0,5,5,0,1,2,0	q2_0^5*q3_0^5*q5_0*q6_0^2
1637	0,1,0,7,0,2,0	q2_0*q4_0^7*q6_0^2
1638	0,0,2,6,0,2,0	q3_0^2*q4_0^6*q6_0^2
1639	0,3,0,6,0,2,0	q2_0^3*q4_0^6*q6_0^2
1640	0,2,2,5,0,2,0	q2_0^2*q3_0^2*q4_0^5*q6_0^2
1641	0,5,0,5,0,2,0	q2_0^5*q4_0^5*q6_0^2
1642	0,1,4,4,0,2,0	q2_0*q3_0^4*q4_0^4*q6_0^2
1643	0,4,2,4,0,2,0	q2_0^4*q3_0^2*q4_0^4*q6_0^2
1644	0,7,0,4,0,2,0	q2_0^7*q4_0^4*q6_0^2
1645	0,0,6,3,0,2,0	q3_0^6*q4_0^3*q6_0^2
1646	0,3,4,3,0,2,0	q2_0^3*q3_0^4*q4_0^3*q6_0^2
1647	0,1,0,1,6,1,0	q2_0*q4_0*q5_0^6*q6_0
1648	0,0,2,0,6,1,0	q3_0^2*q5_0^6*q6_0
1649	0,3,0,0,6,1,0	q2_0^3*q5_0^6*q6_0
1650	0,0,1,2,5,1,0	q3_0*q4_0^2*q5_0^5*q6_0
1651	0,2,1,1,5,1,0	q2_0^2*q3_0*q4_0*q5_0^5*q6_0
1652	0,0,0,4,4,1,0	q4_0^4*q5_0^4*q6_0
1653	0,0,4,1,4,1,0	q3_0^4*q4_0*q5_0^4*q6_0
1654	0,0,3,3,3,1,0	q3_0^3*q4_0^3*q5_0^3*q6_0
1655	6,2,3,0,0,4,0	b4^6*q2_0^2*q3_0^3*q6_0^4
1656	8,1,3,0,0,4,0	b4^8*q2_0*q3_0^3*q6_0^4
1657	10,0,3,0,0,4,0	b4^10*q3_0^3*q6_0^4
1658	1,6,2,0,0,4,0	b4*q2_0^6*q3_0^2*q6_0^4
1659	3,5,2,0,0,4,0	b4^3*q2_0^5*q3_0^2*q6_0^4
1660	5,4,2,0,0,4,0	b4^5*q2_0^4*q3_0^2*q6_0^4
1661	7,3,2,0,0,4,0	b4^7*q2_0^3*q3_0^2*q6_0^4
1662	9,2,2,0,0,4,0	b4^9*q2_0^2*q3_0^2*q6_0^4
1663	11,1,2,0,0,4,0	b4^11*q2_0*q3_0^2*q6_0^4
1664	13,0,2,0,0,4,0	b4^13*q3_0^2*q6_0^4
1665	0,8,1,0,0,4,0	q2_0^8*q3_0*q6_0^4
1666	2,7,1,0,0,4,0	b4^2*q2_0^7*q3_0*q6_0^4
1667	4,6,1,0,0,4,0	b4^4*q2_0^6*q3_0*q6_0^4
1668	6,5,1,0,0,4,0	b4^6*q2_0^5*q3_0*q6_0^4
1669	8,4,1,0,0,4,0	b4^8*q2_0^4*q3_0*q6_0^4
1670	10,3,1,0,0,4,0	b4^10*q2_0^3*q3_0*q6_0^4
1671	12,2,1,0,0,4,0	b4^12*q2_0^2*q3_0*q6_0^4
1672	14,1,1,0,0,4,0	b4^14*q2_0*q3_0*q6_0^4
1673	1,9,0,0,0,4,0	b4*q2_0^9*q6_0^4
1674	3,8,0,0,0,4,0	b4^3*q2_0^8*q6_0^4
1675	5,7,0,0,0,4,0	b4^5*q2_0^7*q6_0^4
1676	7,6,0,0,0,4,0	b4^7*q2_0^6*q6_0^4
1677	0,0,0,0,5,3,0	q5_0^5*q6_0^3
1678	1,0,0,1,4,3,0	b4*q4_0*q5_0^4*q6_0^3
1679	0,1,1,0,4,3,0	q2_0*q3_0*q5_0^4*q6_0^3
1680	2,0,1,0,4,3,0	b4^2*q3_0*q5_0^4*q6_0^3
1681	1,2,0,0,4,3,0	b4*q2_0^2*q5_0^4*q6_0^3
1682	3,1,0,0,4,3,0	b4^3*q2_0*q5_0^4*q6_0^3
1683	5,0,0,0,4,3,0	b4^5*q5_0^4*q6_0^3
1684	0,1,0,2,3,3,0	q2_0*q4_0^2*q5_0^3*q6_0^3
1685	2,0,0,2,3,3,0	b4^2*q4_0^2*q5_0^3*q6_0^3
1686	0,0,2,1,3,3,0	q3_0^2*q4_0*q5_0^3*q6_0^3
1687	1,1,1,1,3,3,0	b4*q2_0*q3_0*q4_0*q5_0^3*q6_0^3
1688	3,0,1,1,3,3,0	b4^3*q3_0*q4_0*q5_0^3*q6_0^3
1689	0,3,0,1,3,3,0	q2_0^3*q4_0*q5_0^3*q6_0^3
1690	2,2,0,1,3,3,0	b4^2*q2_0^2*q4_0*q5_0^3*q6_0^3
1691	4,1,0,1,3,3,0	b4^4*q2_0*q4_0*q5_0^3*q6_0^3
1692	6,0,0,1,3,3,0	b4^6*q4_0*q5_0^3*q6_0^3
1693	1,0,3,0,3,3,0	b4*q3_0^3*q5_0^3*q6_0^3
1694	0,2,2,0,3,3,0	q2_0^2*q3_0^2*q5_0^3*q6_0^3
1695	2,1,2,0,3,3,0	b4^2*q2_0*q3_0^2*q5_0^3*q6_0^3
1696	4,0,2,0,3,3,0	b4^4*q3_0^2*q5_0^3*q6_0^3
1697	1,3,1,0,3,3,0	b4*q2_0^3*q3_0*q5_0^3*q6_0^3
1698	3,2,1,0,3,3,0	b4^3*q2_0^2*q3_0*q5_0^3*q6_0^3
1699	5,1,1,0,3,3,0	b4^5*q2_0*q3_0*q5_0^3*q6_0^3
1700	7,0,1,0,3,3,0	b4^7*q3_0*q5_0^3*q6_0^3
1701	0,5,0,0,3,3,0	q2_0^5*q5_0^3*q6_0^3
1702	2,4,0,0,3,3,0	b4^2*q2_0^4*q5_0^3*q6_0^3
1703	4,3,0,0,3,3,0	b4^4*q2_0^3*q5_0^3*q6_0^3
1704	6,2,0,0,3,3,0	b4^6*q2_0^2*q5_0^3*q6_0^3
1705	8,1,0,0,3,3,0	b4^8*q2_0*q5_0^3*q6_0^3
1706	10,0,0,0,3,3,0	b4^10*q5_0^3*q6_0^3
1707	0,0,1,3,2,3,0	q3_0*q4_0^3*q5_0^2*q6_0^3
1708	1,1,0,3,2,3,0	b4*q2_0*q4_0^3*q5_0^2*q6_0^3
1709	3,0,0,3,2,3,0	b4^3*q4_0^3*q5_0^2*q6_0^3
1710	1,0,2,2,2,3,0	b4*q3_0^2*q4_0^2*q5_0^2*q6_0^3
1711	0,2,1,2,2,3,0	q2_0^2*q3_0*q4_0^2*q5_0^2*q6_0^3
1712	2,1,1,2,2,3,0	b4^2*q2_0*q3_0*q4_0^2*q5_0^2*q6_0^3
1713	4,0,1,2,2,3,0	b4^4*q3_0*q4_0^2*q5_0^2*q6_0^3
1714	1,3,0,2,2,3,0	b4*q2_0^3*q4_0^2*q5_0^2*q6_0^3
1715	3,2,0,2,2,3,0	b4^3*q2_0^2*q4_0^2*q5_0^2*q6_0^3
1716	5,1,0,2,2,3,0	b4^5*q2_0*q4_0^2*q5_0^2*q6_0^3
1717	7,0,0,2,2,3,0	b4^7*q4_0^2*q5_0^2*q6_0^3
1718	0,1,3,1,2,3,0	q2_0*q3_0^3*q4_0*q5_0^2*q6_0^3
1719	2,0,3,1,2,3,0	b4^2*q3_0^3*q4_0*q5_0^2*q6_0^3
1720	1,2,2,1,2,3,0	b4*q2_0^2*q3_0^2*q4_0*q5_0^2*q6_0^3
1721	3,1,2,1,2,3,0	b4^3*q2_0*q3_0^2*q4_0*q5_0^2*q6_0^3
1722	5,0,2,1,2,3,0	b4^5*q3_0^2*q4_0*q5_0^2*q6_0^3
1723	0,4,1,1,2,3,0	q2_0^4*q3_0*q4_0*q5_0^2*q6_0^3
1724	2,3,1,1,2,3,0	b4^2*q2_0^3*q3_0*q4_0*q5_0^2*q6_0^3
1725	4,2,1,1,2,3,0	b4^4*q2_0^2*q3_0*q4_0*q5_0^2*q6_0^3
1726	6,1,1,1,2,3,0	b4^6*q2_0*q3_0*q4_0*q5_0^2*q6_0^3
1727	8,0,1,1,2,3,0	b4^8*q3_0*q4_0*q5_0^2*q6_0^3
1728	1,5,0,1,2,3,0	b4*q2_0^5*q4_0*q5_0^2*q6_0^3
1729	3,4,0,1,2,3,0	b4^3*q2_0^4*q4_0*q5_0^2*q6_0^3
1730	5,3,0,1,2,3,0	b4^5*q2_0^3*q4_0*q5_0^2*q6_0^3
1731	7,2,0,1,2,3,0	b4^7*q2_0^2*q4_0*q5_0^2*q6_0^3
1732	9,1,0,1,2,3,0	b4^9*q2_0*q4_0*q5_0^2*q6_0^3
1733	11,0,0,1,2,3,0	b4^11*q4_0*q5_0^2*q6_0^3
1734	0,0,5,0,2,3,0	q3_0^5*q5_0^2*q6_0^3
1735	1,1,4,0,2,3,0	b4*q2_0*q3_0^4*q5_0^2*q6_0^3
1736	3,0,4,0,2,3,0	b4^3*q3_0^4*q5_0^2*q6_0^3
1737	0,3,3,0,2,3,0	q2_0^3*q3_0^3*q5_0^2*q6_0^3
1738	2,2,3,0,2,3,0	b4^2*q2_0^2*q3_0^3*q5_0^2*q6_0^3
1739	4,1,3,0,2,3,0	b4^4*q2_0*q3_0^3*q5_0^2*q6_0^3
1740	6,0,3,0,2,3,0	b4^6*q3_0^3*q5_0^2*q6_0^3
1741	1,4,2,0,2,3,0	b4*q2_0^4*q3_0^2*q5_0^2*q6_0^3
1742	3,3,2,0,2,3,0	b4^3*q2_0^3*q3_0^2*q5_0^2*q6_0^3
1743	5,2,2,0,2,3,0	b4^5*q2_0^2*q3_0^2*q5_0^2*q6_0^3
1744	7,1,2,0,2,3,0	b4^7*q2_0*q3_0^2*q5_0^2*q6_0^3
1745	9,0,2,0,2,3,0	b4^9*q3_0^2*q5_0^2*q6_0^3
1746	0,6,1,0,2,3,0	q2_0^6*q3_0*q5_0^2*q6_0^3
1747	2,5,1,0,2,3,0	b4^2*q2_0^5*q3_0*q5_0^2*q6_0^3
1748	4,4,1,0,2,3,0	b4^4*q2_0^4*q3_0*q5_0^2*q6_0^3
1749	6,3,1,0,2,3,0	b4^6*q2_0^3*q3_0*q5_0^2*q6_0^3
1750	8,2,1,0,2,3,0	b4^8*q2_0^2*q3_0*q5_0^2*q6_0^3
1751	10,1,1,0,2,3,0	b4^10*q2_0*q3_0*q5_0^2*q6_0^3
1752	12,0,1,0,2,3,0	b4^12*q3_0*q5_0^2*q6_0^3
1753	1,7,0,0,2,3,0	b4*q2_0^7*q5_0^2*q6_0^3
1754	3,6,0,0,2,3,0	b4^3*q2_0^6*q5_0^2*q6_0^3
1755	5,5,0,0,2,3,0	b4^5*q2_0^5*q5_0^2*q6_0^3
1756	7,4,0,0,2,3,0	b4^7*q2_0^4*q5_0^2*q6_0^3
1757	9,3,0,0,2,3,0	b4^9*q2_0^3*q5_0^2*q6_0^3
1758	11,2,0,0,2,3,0	b4^11*q2_0^2*q5_0^2*q6_0^3
1759	13,1,0,0,2,3,0	b4^13*q2_0*q5_0^2*q6_0^3
1760	15,0,0,0,2,3,0	b4^15*q5_0^2*q6_0^3
1761	0,0,0,5,1,3,0	q4_0^5*q5_0*q6_0^3
1762	1,0,1,4,1,3,0	b4*q3_0*q4_0^4*q5_0*q6_0^3
1763	0,2,0,4,1,3,0	q2_0^2*q4_0^4*q5_0*q6_0^3
1764	2,1,0,4,1,3,0	b4^2*q2_0*q4_0^4*q5_0*q6_0^3
1765	4,0,0,4,1,3,0	b4^4*q4_0^4*q5_0*q6_0^3
1766	0,1,2,3,1,3,0	q2_0*q3_0^2*q4_0^3*q5_0*q6_0^3
1767	2,0,2,3,1,3,0	b4^2*q3_0^2*q4_0^3*q5_0*q6_0^3
1768	1,2,1,3,1,3,0	b4*q2_0^2*q3_0*q4_0^3*q5_0*q6_0^3
1769	3,1,1,3,1,3,0	b4^3*q2_0*q3_0*q4_0^3*q5_0*q6_0^3
1770	5,0,1,3,1,3,0	b4^5*q3_0*q4_0^3*q5_0*q6_0^3
1771	0,4,0,3,1,3,0	q2_0^4*q4_0^3*q5_0*q6_0^3
1772	2,3,0,3,1,3,0	b4^2*q2_0^3*q4_0^3*q5_0*q6_0^3
1773	4,2,0,3,1,3,0	b4^4*q2_0^2*q4_0^3*q5_0*q6_0^3
1774	6,1,0,3,1,3,0	b4^6*q2_0*q4_0^3*q5_0*q6_0^3
1775	8,0,0,3,1,3,0	b4^8*q4_0^3*q5_0*q6_0^3
1776	0,0,4,2,1,3,0	q3_0^4*q4_0^2*q5_0*q6_0^3
1777	1,1,3,2,1,3,0	b4*q2_0*q3_0^3*q4_0^2*q5_0*q6_0^3
1778	3,0,3,2,1,3,0	b4^3*q3_0^3*q4_0^2*q5_0*q6_0^3
1779	0,3,2,2,1,3,0	q2_0^3*q3_0^2*q4_0^2*q5_0*q6_0^3
1780	2,2,2,2,1,3,0	b4^2*q2_0^2*q3_0^2*q4_0^2*q5_0*q6_0^3
1781	4,1,2,2,1,3,0	b4^4*q2_0*q3_0^2*q4_0^2*q5_0*q6_0^3
1782	6,0,2,2,1,3,0	b4^6*q3_0^2*q4_0^2*q5_0*q6_0^3
1783	1,4,1,2,1,3,0	b4*q2_0^4*q3_0*q4_0^2*q5_0*q6_0^3
1784	3,3,1,2,1,3,0	b4^3*q2_0^3*q3_0*q4_0^2*q5_0*q6_0^3
1785	5,2,1,2,1,3,0	b4^5*q2_0^2*q3_0*q4_0^2*q5_0*q6_0^3
1786	7,1,1,2,1,3,0	b4^7*q2_0*q3_0*q4_0^2*q5_0*q6_0^3
1787	9,0,1,2,1,3,0	b4^9*q3_0*q4_0^2*q5_0*q6_0^3
1788	0,6,0,2,1,3,0	q2_0^6*q4_0^2*q5_0*q6_0^3
1789	2,5,0,2,1,3,0	b4^2*q2_0^5*q4_0^2*q5_0*q6_0^3
1790	4,4,0,2,1,3,0	b4^4*q2_0^4*q4_0^2*q5_0*q6_0^3
1791	6,3,0,2,1,3,0	b4^6*q2_0^3*q4_0^2*q5_0*q6_0^3
1792	8,2,0,2,1,3,0	b4^8*q2_0^2*q4_0^2*q5_0*q6_0^3
1793	10,1,0,2,1,3,0	b4^10*q2_0*q4_0^2*q5_0*q6_0^3
1794	12,0,0,2,1,3,0	b4^12*q4_0^2*q5_0*q6_0^3
1795	1,0,5,1,1,3,0	b4*q3_0^5*q4_0*q5_0*q6_0^3
1796	0,2,4,1,1,3,0	q2_0^2*q3_0^4*q4_0*q5_0*q6_0^3
1797	2,1,4,1,1,3,0	b4^2*q2_0*q3_0^4*q4_0*q5_0*q6_0^3
1798	4,0,4,1,1,3,0	b4^4*q3_0^4*q4_0*q5_0*q6_0^3
1799	1,3,3,1,1,3,0	b4*q2_0^3*q3_0^3*q4_0*q5_0*q6_0^3
1800	3,2,3,1,1,3,0	b4^3*q2_0^2*q3_0^3*q4_0*q5_0*q6_0^3
1801	5,1,3,1,1,3,0	b4^5*q2_0*q3_0^3*q4_0*q5_0*q6_0^3
1802	7,0,3,1,1,3,0	b4^7*q3_0^3*q4_0*q5_0*q6_0^3
1803	0,5,2,1,1,3,0	q2_0^5*q3_0^2*q4_0*q5_0*q6_0^3
1804	2,4,2,1,1,3,0	b4^2*q2_0^4*q3_0^2*q4_0*q5_0*q6_0^3
1805	4,3,2,1,1,3,0	b4^4*q2_0^3*q3_0^2*q4_0*q5_0*q6_0^3
1806	6,2,2,1,1,3,0	b4^6*q2_0^2*q3_0^2*q4_0*q5_0*q6_0^3
1807	8,1,2,1,1,3,0	b4^8*q2_0*q3_0^2*q4_0*q5_0*q6_0^3
1808	10,0,2,1,1,3,0	b4^10*q3_0^2*q4_0*q5_0*q6_0^3
1809	1,6,1,1,1,3,0	b4*q2_0^6*q3_0*q4_0*q5_0*q6_0^3
1810	3,5,1,1,1,3,0	b4^3*q2_0^5*q3_0*q4_0*q5_0*q6_0^3
1811	5,4,1,1,1,3,0	b4^5*q2_0^4*q3_0*q4_0*q5_0*q6_0^3
1812	7,3,1,1,1,3,0	b4^7*q2_0^3*q3_0*q4_0*q5_0*q6_0^3
1813	9,2,1,1,1,3,0	b4^9*q2_0^2*q3_0*q4_0*q5_0*q6_0^3
1814	11,1,1,1,1,3,0	b4^11*q2_0*q3_0*q4_0*q5_0*q6_0^3
1815	13,0,1,1,1,3,0	b4^13*q3_0*q4_0*q5_0*q6_0^3
1816	0,8,0,1,1,3,0	q2_0^8*q4_0*q5_0*q6_0^3
1817	2,7,0,1,1,3,0	b4^2*q2_0^7*q4_0*q5_0*q6_0^3
1818	4,6,0,1,1,3,0	b4^4*q2_0^6*q4_0*q5_0*q6_0^3
1819	6,5,0,1,1,3,0	b4^6*q2_0^5*q4_0*q5_0*q6_0^3
1820	8,4,0,1,1,3,0	b4^8*q2_0^4*q4_0*q5_0*q6_0^3
1821	10,3,0,1,1,3,0	b4^10*q2_0^3*q4_0*q5_0*q6_0^3
1822	12,2,0,1,1,3,0	b4^12*q2_0^2*q4_0*q5_0*q6_0^3
1823	14,1,0,1,1,3,0	b4^14*q2_0*q4_0*q5_0*q6_0^3
1824	0,1,6,0,1,3,0	q2_0*q3_0^6*q5_0*q6_0^3
1825	2,0,6,0,1,3,0	b4^2*q3_0^6*q5_0*q6_0^3
1826	1,2,5,0,1,3,0	b4*q2_0^2*q3_0^5*q5_0*q6_0^3
1827	3,1,5,0,1,3,0	b4^3*q2_0*q3_0^5*q5_0*q6_0^3
1828	5,0,5,0,1,3,0	b4^5*q3_0^5*q5_0*q6_0^3
1829	0,4,4,0,1,3,0	q2_0^4*q3_0^4*q5_0*q6_0^3
1830	2,3,4,0,1,3,0	b4^2*q2_0^3*q3_0^4*q5_0*q6_0^3
1831	4,2,4,0,1,3,0	b4^4*q2_0^2*q3_0^4*q5_0*q6_0^3
1832	6,1,4,0,1,3,0	b4^6*q2_0*q3_0^4*q5_0*q6_0^3
1833	8,0,4,0,1,3,0	b4^8*q3_0^4*q5_0*q6_0^3
1834	1,5,3,0,1,3,0	b4*q2_0^5*q3_0^3*q5_0*q6_0^3
1835	3,4,3,0,1,3,0	b4^3*q2_0^4*q3_0^3*q5_0*q6_0^3
1836	5,3,3,0,1,3,0	b4^5*q2_0^3*q3_0^3*q5_0*q6_0^3
1837	7,2,3,0,1,3,0	b4^7*q2_0^2*q3_0^3*q5_0*q6_0^3
1838	9,1,3,0,1,3,0	b4^9*q2_0*q3_0^3*q5_0*q6_0^3
1839	11,0,3,0,1,3,0	b4^11*q3_0^3*q5_0*q6_0^3
1840	0,7,2,0,1,3,0	q2_0^7*q3_0^2*q5_0*q6_0^3
1841	2,6,2,0,1,3,0	b4^2*q2_0^6*q3_0^2*q5_0*q6_0^3
1842	4,5,2,0,1,3,0	b4^4*q2_0^5*q3_0^2*q5_0*q6_0^3
1843	6,4,2,0,1,3,0	b4^6*q2_0^4*q3_0^2*q5_0*q6_0^3
1844	8,3,2,0,1,3,0	b4^8*q2_0^3*q3_0^2*q5_0*q6_0^3
1845	10,2,2,0,1,3,0	b4^10*q2_0^2*q3_0^2*q5_0*q6_0^3
1846	12,1,2,0,1,3,0	b4^12*q2_0*q3_0^2*q5_0*q6_0^3
1847	14,0,2,0,1,3,0	b4^14*q3_0^2*q5_0*q6_0^3
1848	1,8,1,0,1,3,0	b4*q2_0^8*q3_0*q5_0*q6_0^3
1849	3,7,1,0,1,3,0	b4^3*q2_0^7*q3_0*q5_0*q6_0^3
1850	5,6,1,0,1,3,0	b4^5*q2_0^6*q3_0*q5_0*q6_0^3
1851	7,5,1,0,1,3,0	b4^7*q2_0^5*q3_0*q5_0*q6_0^3
1852	9,4,1,0,1,3,0	b4^9*q2_0^4*q3_0*q5_0*q6_0^3
1853	11,3,1,0,1,3,0	b4^11*q2_0^3*q3_0*q5_0*q6_0^3
1854	13,2,1,0,1,3,0	b4^13*q2_0^2*q3_0*q5_0*q6_0^3
1855	0,10,0,0,1,3,0	q2_0^10*q5_0*q6_0^3
1856	2,9,0,0,1,3,0	b4^2*q2_0^9*q5_0*q6_0^3
1857	1,0,0,6,0,3,0	b4*q4_0^6*q6_0^3
1858	0,1,1,5,0,3,0	q2_0*q3_0*q4_0^5*q6_0^3
1859	2,0,1,5,0,3,0	b4^2*q3_0*q4_0^5*q6_0^3
1860	1,2,0,5,0,3,0	b4*q2_0^2*q4_0^5*q6_0^3
1861	3,1,0,5,0,3,0	b4^3*q2_0*q4_0^5*q6_0^3
1862	5,0,0,5,0,3,0	b4^5*q4_0^5*q6_0^3
1863	0,0,3,4,0,3,0	q3_0^3*q4_0^4*q6_0^3
1864	1,1,2,4,0,3,0	b4*q2_0*q3_0^2*q4_0^4*q6_0^3
1865	3,0,2,4,0,3,0	b4^3*q3_0^2*q4_0^4*q6_0^3
1866	0,3,1,4,0,3,0	q2_0^3*q3_0*q4_0^4*q6_0^3
1867	2,2,1,4,0,3,0	b4^2*q2_0^2*q3_0*q4_0^4*q6_0^3
1868	4,1,1,4,0,3,0	b4^4*q2_0*q3_0*q4_0^4*q6_0^3
1869	6,0,1,4,0,3,0	b4^6*q3_0*q4_0^4*q6_0^3
1870	1,4,0,4,0,3,0	b4*q2_0^4*q4_0^4*q6_0^3
1871	3,3,0,4,0,3,0	b4^3*q2_0^3*q4_0^4*q6_0^3
1872	5,2,0,4,0,3,0	b4^5*q2_0^2*q4_0^4*q6_0^3
1873	7,1,0,4,0,3,0	b4^7*q2_0*q4_0^4*q6_0^3
1874	9,0,0,4,0,3,0	b4^9*q4_0^4*q6_0^3
1875	1,0,4,3,0,3,0	b4*q3_0^4*q4_0^3*q6_0^3
1876	0,2,3,3,0,3,0	q2_0^2*q3_0^3*q4_0^3*q6_0^3
1877	2,1,3,3,0,3,0	b4^2*q2_0*q3_0^3*q4_0^3*q6_0^3
1878	4,0,3,3,0,3,0	b4^4*q3_0^3*q4_0^3*q6_0^3
1879	1,3,2,3,0,3,0	b4*q2_0^3*q3_0^2*q4_0^3*q6_0^3
1880	3,2,2,3,0,3,0	b4^3*q2_0^2*q3_0^2*q4_0^3*q6_0^3
1881	5,1,2,3,0,3,0	b4^5*q2_0*q3_0^2*q4_0^3*q6_0^3
1882	7,0,2,3,0,3,0	b4^7*q3_0^2*q4_0^3*q6_0^3
1883	0,5,1,3,0,3,0	q2_0^5*q3_0*q4_0^3*q6_0^3
1884	2,4,1,3,0,3,0	b4^2*q2_0^4*q3_0*q4_0^3*q6_0^3
1885	4,3,1,3,0,3,0	b4^4*q2_0^3*q3_0*q4_0^3*q6_0^3
1886	6,2,1,3,0,3,0	b4^6*q2_0^2*q3_0*q4_0^3*q6_0^3
1887	8,1,1,3,0,3,0	b4^8*q2_0*q3_0*q4_0^3*q6_0^3
1888	10,0,1,3,0,3,0	b4^10*q3_0*q4_0^3*q6_0^3
1889	1,6,0,3,0,3,0	b4*q2_0^6*q4_0^3*q6_0^3
1890	3,5,0,3,0,3,0	b4^3*q2_0^5*q4_0^3*q6_0^3
1891	5,4,0,3,0,3,0	b4^5*q2_0^4*q4_0^3*q6_0^3
1892	7,3,0,3,0,3,0	b4^7*q2_0^3*q4_0^3*q6_0^3
1893	9,2,0,3,0,3,0	b4^9*q2_0^2*q4_0^3*q6_0^3
1894	11,1,0,3,0,3,0	b4^11*q2_0*q4_0^3*q6_0^3
1895	13,0,0,3,0,3,0	b4^13*q4_0^3*q6_0^3
1896	0,1,5,2,0,3,0	q2_0*q3_0^5*q4_0^2*q6_0^3
1897	2,0,5,2,0,3,0	b4^2*q3_0^5*q4_0^2*q6_0^3
1898	1,2,4,2,0,3,0	b4*q2_0^2*q3_0^4*q4_0^2*q6_0^3
1899	3,1,4,2,0,3,0	b4^3*q2_0*q3_0^4*q4_0^2*q6_0^3
1900	5,0,4,2,0,3,0	b4^5*q3_0^4*q4_0^2*q6_0^3
1901	0,4,3,2,0,3,0	q2_0^4*q3_0^3*q4_0^2*q6_0^3
1902	2,3,3,2,0,3,0	b4^2*q2_0^3*q3_0^3*q4_0^2*q6_0^3
1903	4,2,3,2,0,3,0	b4^4*q2_0^2*q3_0^3*q4_0^2*q6_0^3
1904	6,1,3,2,0,3,0	b4^6*q2_0*q3_0^3*q4_0^2*q6_0^3
1905	8,0,3,2,0,3,0	b4^8*q3_0^3*q4_0^2*q6_0^3
1906	1,5,2,2,0,3,0	b4*q2_0^5*q3_0^2*q4_0^2*q6_0^3
1907	3,4,2,2,0,3,0	b4^3*q2_0^4*q3_0^2*q4_0^2*q6_0^3
1908	5,3,2,2,0,3,0	b4^5*q2_0^3*q3_0^2*q4_0^2*q6_0^3
1909	7,2,2,2,0,3,0	b4^7*q2_0^2*q3_0^2*q4_0^2*q6_0^3
1910	9,1,2,2,0,3,0	b4^9*q2_0*q3_0^2*q4_0^2*q6_0^3
1911	11,0,2,2,0,3,0	b4^11*q3_0^2*q4_0^2*q6_0^3
1912	0,7,1,2,0,3,0	q2_0^7*q3_0*q4_0^2*q6_0^3
1913	2,6,1,2,0,3,0	b4^2*q2_0^6*q3_0*q4_0^2*q6_0^3
1914	4,5,1,2,0,3,0	b4^4*q2_0^5*q3_0*q4_0^2*q6_0^3
1915	6,4,1,2,0,3,0	b4^6*q2_0^4*q3_0*q4_0^2*q6_0^3
1916	8,3,1,2,0,3,0	b4^8*q2_0^3*q3_0*q4_0^2*q6_0^3
1917	10,2,1,2,0,3,0	b4^10*q2_0^2*q3_0*q4_0^2*q6_0^3
1918	12,1,1,2,0,3,0	b4^12*q2_0*q3_0*q4_0^2*q6_0^3
1919	14,0,1,2,0,3,0	b4^14*q3_0*q4_0^2*q6_0^3
1920	1,8,0,2,0,3,0	b4*q2_0^8*q4_0^2*q6_0^3
1921	3,7,0,2,0,3,0	b4^3*q2_0^7*q4_0^2*q6_0^3
1922	5,6,0,2,0,3,0	b4^5*q2_0^6*q4_0^2*q6_0^3
1923	7,5,0,2,0,3,0	b4^7*q2_0^5*q4_0^2*q6_0^3
1924	9,4,0,2,0,3,0	b4^9*q2_0^4*q4_0^2*q6_0^3
1925	0,0,7,1,0,3,0	q3_0^7*q4_0*q6_0^3
1926	0,3,5,1,0,3,0	q2_0^3*q3_0^5*q4_0*q6_0^3
1927	0,6,3,1,0,3,0	q2_0^6*q3_0^3*q4_0*q6_0^3
1928	0,9,1,1,0,3,0	q2_0^9*q3_0*q4_0*q6_0^3
1929	0,2,7,0,0,3,0	q2_0^2*q3_0^7*q6_0^3
1930	0,5,5,0,0,3,0	q2_0^5*q3_0^5*q6_0^3
1931	0,1,0,1,5,2,0	q2_0*q4_0*q5_0^5*q6_0^2
1932	0,0,2,0,5,2,0	q3_0^2*q5_0^5*q6_0^2
1933	0,3,0,0,5,2,0	q2_0^3*q5_0^5*q6_0^2
1934	0,0,1,2,4,2,0	q3_0*q4_0^2*q5_0^4*q6_0^2
1935	0,2,1,1,4,2,0	q2_0^2*q3_0*q4_0*q5_0^4*q6_0^2
1936	0,1,3,0,4,2,0	q2_0*q3_0^3*q5_0^4*q6_0^2
1937	0,4,1,0,4,2,0	q2_0^4*q3_0*q5_0^4*q6_0^2
1938	0,0,0,4,3,2,0	q4_0^4*q5_0^3*q6_0^2
1939	0,2,0,3,3,2,0	q2_0^2*q4_0^3*q5_0^3*q6_0^2
1940	0,1,2,2,3,2,0	q2_0*q3_0^2*q4_0^2*q5_0^3*q6_0^2
1941	0,4,0,2,3,2,0	q2_0^4*q4_0^2*q5_0^3*q6_0^2
1942	0,0,4,1,3,2,0	q3_0^4*q4_0*q5_0^3*q6_0^2
1943	0,3,2,1,3,2,0	q2_0^3*q3_0^2*q4_0*q5_0^3*q6_0^2
1944	0,6,0,1,3,2,0	q2_0^6*q4_0*q5_0^3*q6_0^2
1945	0,2,4,0,3,2,0	q2_0^2*q3_0^4*q5_0^3*q6_0^2
1946	0,5,2,0,3,2,0	q2_0^5*q3_0^2*q5_0^3*q6_0^2
1947	0,8,0,0,3,2,0	q2_0^8*q5_0^3*q6_0^2
1948	0,1,1,4,2,2,0	q2_0*q3_0*q4_0^4*q5_0^2*q6_0^2
1949	0,0,3,3,2,2,0	q3_0^3*q4_0^3*q5_0^2*q6_0^2
1950	0,3,1,3,2,2,0	q2_0^3*q3_0*q4_0^3*q5_0^2*q6_0^2
1951	0,2,3,2,2,2,0	q2_0^2*q3_0^3*q4_0^2*q5_0^2*q6_0^2
1952	0,5,1,2,2,2,0	q2_0^5*q3_0*q4_0^2*q5_0^2*q6_0^2
1953	0,1,5,1,2,2,0	q2_0*q3_0^5*q4_0*q5_0^2*q6_0^2
1954	0,4,3,1,2,2,0	q2_0^4*q3_0^3*q4_0*q5_0^2*q6_0^2
1955	0,7,1,1,2,2,0	q2_0^7*q3_0*q4_0*q5_0^2*q6_0^2
1956	0,0,7,0,2,2,0	q3_0^7*q5_0^2*q6_0^2
1957	0,3,5,0,2,2,0	q2_0^3*q3_0^5*q5_0^2*q6_0^2
1958	0,6,3,0,2,2,0	q2_0^6*q3_0^3*q5_0^2*q6_0^2
1959	0,9,1,0,2,2,0	q2_0^9*q3_0*q5_0^2*q6_0^2
1960	0,1,0,6,1,2,0	q2_0*q4_0^6*q5_0*q6_0^2
1961	0,0,2,5,1,2,0	q3_0^2*q4_0^5*q5_0*q6_0^2
1962	0,3,0,5,1,2,0	q2_0^3*q4_0^5*q5_0*q6_0^2
1963	0,2,2,4,1,2,0	q2_0^2*q3_0^2*q4_0^4*q5_0*q6_0^2
1964	0,0,6,2,1,2,0	q3_0^6*q4_0^2*q5_0*q6_0^2
1965	0,0,1,7,0,2,0	q3_0*q4_0^7*q6_0^2
1966	0,0,5,4,0,2,0	q3_0^5*q4_0^4*q6_0^2
1967	0,0,1,1,6,1,0	q3_0*q4_0*q5_0^6*q6_0
1968	0,0,0,3,5,1,0	q4_0^3*q5_0^5*q6_0
1969	5,1,2,2,3,0,1	b4^5*q2_0*q3_0^2*q4_0^2*q5_0^3*b3
1970	7,0,2,2,3,0,1	b4^7*q3_0^2*q4_0^2*q5_0^3*b3
1971	0,5,1,2,3,0,1	q2_0^5*q3_0*q4_0^2*q5_0^3*b3
1972	2,4,1,2,3,0,1	b4^2*q2_0^4*q3_0*q4_0^2*q5_0^3*b3
1973	4,3,1,2,3,0,1	b4^4*q2_0^3*q3_0*q4_0^2*q5_0^3*b3
1974	6,2,1,2,3,0,1	b4^6*q2_0^2*q3_0*q4_0^2*q5_0^3*b3
1975	8,1,1,2,3,0,1	b4^8*q2_0*q3_0*q4_0^2*q5_0^3*b3
1976	10,0,1,2,3,0,1	b4^10*q3_0*q4_0^2*q5_0^3*b3
1977	1,6,0,2,3,0,1	b4*q2_0^6*q4_0^2*q5_0^3*b3
1978	3,5,0,2,3,0,1	b4^3*q2_0^5*q4_0^2*q5_0^3*b3
1979	5,4,0,2,3,0,1	b4^5*q2_0^4*q4_0^2*q5_0^3*b3
1980	7,3,0,2,3,0,1	b4^7*q2_0^3*q4_0^2*q5_0^3*b3
1981	9,2,0,2,3,0,1	b4^9*q2_0^2*q4_0^2*q5_0^3*b3
1982	11,1,0,2,3,0,1	b4^11*q2_0*q4_0^2*q5_0^3*b3
1983	13,0,0,2,3,0,1	b4^13*q4_0^2*q5_0^3*b3
1984	0,1,5,1,3,0,1	q2_0*q3_0^5*q4_0*q5_0^3*b3
1985	2,0,5,1,3,0,1	b4^2*q3_0^5*q4_0*q5_0^3*b3
1986	1,2,4,1,3,0,1	b4*q2_0^2*q3_0^4*q4_0*q5_0^3*b3
1987	3,1,4,1,3,0,1	b4^3*q2_0*q3_0^4*q4_0*q5_0^3*b3
1988	5,0,4,1,3,0,1	b4^5*q3_0^4*q4_0*q5_0^3*b3
1989	0,4,3,1,3,0,1	q2_0^4*q3_0^3*q4_0*q5_0^3*b3
1990	2,3,3,1,3,0,1	b4^2*q2_0^3*q3_0^3*q4_0*q5_0^3*b3
1991	4,2,3,1,3,0,1	b4^4*q2_0^2*q3_0^3*q4_0*q5_0^3*b3
1992	6,1,3,1,3,0,1	b4^6*q2_0*q3_0^3*q4_0*q5_0^3*b3
1993	8,0,3,1,3,0,1	b4^8*q3_0^3*q4_0*q5_0^3*b3
1994	1,5,2,1,3,0,1	b4*q2_0^5*q3_0^2*q4_0*q5_0^3*b3
1995	3,4,2,1,3,0,1	b4^3*q2_0^4*q3_0^2*q4_0*q5_0^3*b3
1996	5,3,2,1,3,0,1	b4^5*q2_0^3*q3_0^2*q4_0*q5_0^3*b3
1997	0,1,0,0,0,7,0	q2_0*q6_0^7
1998	2,0,0,0,0,7,0	b4^2*q6_0^7
1999	0,0,1,0,1,6,0	q3_0*q5_0*q6_0^6
2000	1,1,0,0,1,6,0	b4*q2_0*q5_0*q6_0^6
2001	3,0,0,0,1,6,0	b4^3*q5_0*q6_0^6
2002	0,0,0,2,0,6,0	q4_0^2*q6_0^6
2003	1,0,1,1,0,6,0	b4*q3_0*q4_0*q6_0^6
2004	0,2,0,1,0,6,0	q2_0^2*q4_0*q6_0^6
2005	2,1,0,1,0,6,0	b4^2*q2_0*q4_0*q6_0^6
2006	4,0,0,1,0,6,0	b4^4*q4_0*q6_0^6
2007	0,1,2,0,0,6,0	q2_0*q3_0^2*q6_0^6
2008	2,0,2,0,0,6,0	b4^2*q3_0^2*q6_0^6
2009	1,2,1,0,0,6,0	b4*q2_0^2*q3_0*q6_0^6
2010	3,1,1,0,0,6,0	b4^3*q2_0*q3_0*q6_0^6
2011	5,0,1,0,0,6,0	b4^5*q3_0*q6_0^6
2012	0,4,0,0,0,6,0	q2_0^4*q6_0^6
2013	2,3,0,0,0,6,0	b4^2*q2_0^3*q6_0^6
2014	4,2,0,0,0,6,0	b4^4*q2_0^2*q6_0^6
2015	6,1,0,0,0,6,0	b4^6*q2_0*q6_0^6
2016	8,0,0,0,0,6,0	b4^8*q6_0^6
2017	0,0,0,1,2,5,0	q4_0*q5_0^2*q6_0^5
2018	1,0,1,0,2,5,0	b4*q3_0*q5_0^2*q6_0^5
2019	0,2,0,0,2,5,0	q2_0^2*q5_0^2*q6_0^5
2020	2,1,0,0,2,5,0	b4^2*q2_0*q5_0^2*q6_0^5
2021	4,0,0,0,2,5,0	b4^4*q5_0^2*q6_0^5
2022	1,0,0,2,1,5,0	b4*q4_0^2*q5_0*q6_0^5
2023	0,1,1,1,1,5,0	q2_0*q3_0*q4_0*q5_0*q6_0^5
2024	2,0,1,1,1,5,0	b4^2*q3_0*q4_0*q5_0*q6_0^5
2025	1,2,0,1,1,5,0	b4*q2_0^2*q4_0*q5_0*q6_0^5
2026	3,1,0,1,1,5,0	b4^3*q2_0*q4_0*q5_0*q6_0^5
2027	5,0,0,1,1,5,0	b4^5*q4_0*q5_0*q6_0^5
2028	0,0,3,0,1,5,0	q3_0^3*q5_0*q6_0^5
2029	1,1,2,0,1,5,0	b4*q2_0*q3_0^2*q5_0*q6_0^5
2030	3,0,2,0,1,5,0	b4^3*q3_0^2*q5_0*q6_0^5
2031	0,3,1,0,1,5,0	q2_0^3*q3_0*q5_0*q6_0^5
2032	2,2,1,0,1,5,0	b4^2*q2_0^2*q3_0*q5_0*q6_0^5
2033	4,1,1,0,1,5,0	b4^4*q2_0*q3_0*q5_0*q6_0^5
2034	6,0,1,0,1,5,0	b4^6*q3_0*q5_0*q6_0^5
2035	1,4,0,0,1,5,0	b4*q2_0^4*q5_0*q6_0^5
2036	3,3,0,0,1,5,0	b4^3*q2_0^3*q5_0*q6_0^5
2037	5,2,0,0,1,5,0	b4^5*q2_0^2*q5_0*q6_0^5
2038	7,1,0,0,1,5,0	b4^7*q2_0*q5_0*q6_0^5
2039	9,0,0,0,1,5,0	b4^9*q5_0*q6_0^5
2040	0,1,0,3,0,5,0	q2_0*q4_0^3*q6_0^5
2041	2,0,0,3,0,5,0	b4^2*q4_0^3*q6_0^5
2042	0,0,2,2,0,5,0	q3_0^2*q4_0^2*q6_0^5
2043	1,1,1,2,0,5,0	b4*q2_0*q3_0*q4_0^2*q6_0^5
2044	3,0,1,2,0,5,0	b4^3*q3_0*q4_0^2*q6_0^5
2045	0,3,0,2,0,5,0	q2_0^3*q4_0^2*q6_0^5
2046	2,2,0,2,0,5,0	b4^2*q2_0^2*q4_0^2*q6_0^5
2047	4,1,0,2,0,5,0	b4^4*q2_0*q4_0^2*q6_0^5
2048	6,0,0,2,0,5,0	b4^6*q4_0^2*q6_0^5
2049	1,0,3,1,0,5,0	b4*q3_0^3*q4_0*q6_0^5
2050	0,2,2,1,0,5,0	q2_0^2*q3_0^2*q4_0*q6_0^5
2051	2,1,2,1,0,5,0	b4^2*q2_0*q3_0^2*q4_0*q6_0^5
2052	4,0,2,1,0,5,0	b4^4*q3_0^2*q4_0*q6_0^5
2053	1,3,1,1,0,5,0	b4*q2_0^3*q3_0*q4_0*q6_0^5
2054	3,2,1,1,0,5,0	b4^3*q2_0^2*q3_0*q4_0*q6_0^5
2055	5,1,1,1,0,5,0	b4^5*q2_0*q3_0*q4_0*q6_0^5
2056	7,0,1,1,0,5,0	b4^7*q3_0*q4_0*q6_0^5
2057	0,5,0,1,0,5,0	q2_0^5*q4_0*q6_0^5
2058	2,4,0,1,0,5,0	b4^2*q2_0^4*q4_0*q6_0^5
2059	4,3,0,1,0,5,0	b4^4*q2_0^3*q4_0*q6_0^5
2060	6,2,0,1,0,5,0	b4^6*q2_0^2*q4_0*q6_0^5
2061	8,1,0,1,0,5,0	b4^8*q2_0*q4_0*q6_0^5
2062	10,0,0,1,0,5,0	b4^10*q4_0*q6_0^5
2063	0,1,4,0,0,5,0	q2_0*q3_0^4*q6_0^5
2064	2,0,4,0,0,5,0	b4^2*q3_0^4*q6_0^5
2065	1,2,3,0,0,5,0	b4*q2_0^2*q3_0^3*q6_0^5
2066	3,1,3,0,0,5,0	b4^3*q2_0*q3_0^3*q6_0^5
2067	5,0,3,0,0,5,0	b4^5*q3_0^3*q6_0^5
2068	0,4,2,0,0,5,0	q2_0^4*q3_0^2*q6_0^5
2069	2,3,2,0,0,5,0	b4^2*q2_0^3*q3_0^2*q6_0^5
2070	4,2,2,0,0,5,0	b4^4*q2_0^2*q3_0^2*q6_0^5
2071	6,1,2,0,0,5,0	b4^6*q2_0*q3_0^2*q6_0^5
2072	8,0,2,0,0,5,0	b4^8*q3_0^2*q6_0^5
2073	1,5,1,0,0,5,0	b4*q2_0^5*q3_0*q6_0^5
2074	3,4,1,0,0,5,0	b4^3*q2_0^4*q3_0*q6_0^5
2075	5,3,1,0,0,5,0	b4^5*q2_0^3*q3_0*q6_0^5
2076	7,2,1,0,0,5,0	b4^7*q2_0^2*q3_0*q6_0^5
2077	9,1,1,0,0,5,0	b4^9*q2_0*q3_0*q6_0^5
2078	11,0,1,0,0,5,0	b4^11*q3_0*q6_0^5
2079	0,7,0,0,0,5,0	q2_0^7*q6_0^5
2080	2,6,0,0,0,5,0	b4^2*q2_0^6*q6_0^5
2081	4,5,0,0,0,5,0	b4^4*q2_0^5*q6_0^5
2082	6,4,0,0,0,5,0	b4^6*q2_0^4*q6_0^5
2083	8,3,0,0,0,5,0	b4^8*q2_0^3*q6_0^5
2084	10,2,0,0,0,5,0	b4^10*q2_0^2*q6_0^5
2085	12,1,0,0,0,5,0	b4^12*q2_0*q6_0^5
2086	14,0,0,0,0,5,0	b4^14*q6_0^5
2087	0,0,0,0,4,4,0	q5_0^4*q6_0^4
2088	1,0,0,1,3,4,0	b4*q4_0*q5_0^3*q6_0^4
2089	0,1,1,0,3,4,0	q2_0*q3_0*q5_0^3*q6_0^4
2090	2,0,1,0,3,4,0	b4^2*q3_0*q5_0^3*q6_0^4
2091	1,2,0,0,3,4,0	b4*q2_0^2*q5_0^3*q6_0^4
2092	3,1,0,0,3,4,0	b4^3*q2_0*q5_0^3*q6_0^4
2093	5,0,0,0,3,4,0	b4^5*q5_0^3*q6_0^4
2094	0,1,0,2,2,4,0	q2_0*q4_0^2*q5_0^2*q6_0^4
2095	2,0,0,2,2,4,0	b4^2*q4_0^2*q5_0^2*q6_0^4
2096	0,0,2,1,2,4,0	q3_0^2*q4_0*q5_0^2*q6_0^4
2097	1,1,1,1,2,4,0	b4*q2_0*q3_0*q4_0*q5_0^2*q6_0^4
2098	3,0,1,1,2,4,0	b4^3*q3_0*q4_0*q5_0^2*q6_0^4
2099	0,3,0,1,2,4,0	q2_0^3*q4_0*q5_0^2*q6_0^4
2100	2,2,0,1,2,4,0	b4^2*q2_0^2*q4_0*q5_0^2*q6_0^4
2101	4,1,0,1,2,4,0	b4^4*q2_0*q4_0*q5_0^2*q6_0^4
2102	6,0,0,1,2,4,0	b4^6*q4_0*q5_0^2*q6_0^4
2103	1,0,3,0,2,4,0	b4*q3_0^3*q5_0^2*q6_0^4
2104	0,2,2,0,2,4,0	q2_0^2*q3_0^2*q5_0^2*q6_0^4
2105	2,1,2,0,2,4,0	b4^2*q2_0*q3_0^2*q5_0^2*q6_0^4
2106	4,0,2,0,2,4,0	b4^4*q3_0^2*q5_0^2*q6_0^4
2107	1,3,1,0,2,4,0	b4*q2_0^3*q3_0*q5_0^2*q6_0^4
2108	3,2,1,0,2,4,0	b4^3*q2_0^2*q3_0*q5_0^2*q6_0^4
2109	5,1,1,0,2,4,0	b4^5*q2_0*q3_0*q5_0^2*q6_0^4
2110	7,0,1,0,2,4,0	b4^7*q3_0*q5_0^2*q6_0^4
2111	0,5,0,0,2,4,0	q2_0^5*q5_0^2*q6_0^4
2112	2,4,0,0,2,4,0	b4^2*q2_0^4*q5_0^2*q6_0^4
2113	4,3,0,0,2,4,0	b4^4*q2_0^3*q5_0^2*q6_0^4
2114	6,2,0,0,2,4,0	b4^6*q2_0^2*q5_0^2*q6_0^4
2115	8,1,0,0,2,4,0	b4^8*q2_0*q5_0^2*q6_0^4
2116	10,0,0,0,2,4,0	b4^10*q5_0^2*q6_0^4
2117	0,0,1,3,1,4,0	q3_0*q4_0^3*q5_0*q6_0^4
2118	1,1,0,3,1,4,0	b4*q2_0*q4_0^3*q5_0*q6_0^4
2119	3,0,0,3,1,4,0	b4^3*q4_0^3*q5_0*q6_0^4
2120	1,0,2,2,1,4,0	b4*q3_0^2*q4_0^2*q5_0*q6_0^4
2121	0,2,1,2,1,4,0	q2_0^2*q3_0*q4_0^2*q5_0*q6_0^4
2122	2,1,1,2,1,4,0	b4^2*q2_0*q3_0*q4_0^2*q5_0*q6_0^4
2123	4,0,1,2,1,4,0	b4^4*q3_0*q4_0^2*q5_0*q6_0^4
2124	1,3,0,2,1,4,0	b4*q2_0^3*q4_0^2*q5_0*q6_0^4
2125	3,2,0,2,1,4,0	b4^3*q2_0^2*q4_0^2*q5_0*q6_0^4
2126	5,1,0,2,1,4,0	b4^5*q2_0*q4_0^2*q5_0*q6_0^4
2127	7,0,0,2,1,4,0	b4^7*q4_0^2*q5_0*q6_0^4
2128	0,1,3,1,1,4,0	q2_0*q3_0^3*q4_0*q5_0*q6_0^4
2129	2,0,3,1,1,4,0	b4^2*q3_0^3*q4_0*q5_0*q6_0^4
2130	1,2,2,1,1,4,0	b4*q2_0^2*q3_0^2*q4_0*q5_0*q6_0^4
2131	3,1,2,1,1,4,0	b4^3*q2_0*q3_0^2*q4_0*q5_0*q6_0^4
2132	5,0,2,1,1,4,0	b4^5*q3_0^2*q4_0*q5_0*q6_0^4
2133	0,4,1,1,1,4,0	q2_0^4*q3_0*q4_0*q5_0*q6_0^4
2134	2,3,1,1,1,4,0	b4^2*q2_0^3*q3_0*q4_0*q5_0*q6_0^4
2135	4,2,1,1,1,4,0	b4^4*q2_0^2*q3_0*q4_0*q5_0*q6_0^4
2136	6,1,1,1,1,4,0	b4^6*q2_0*q3_0*q4_0*q5_0*q6_0^4
2137	8,0,1,1,1,4,0	b4^8*q3_0*q4_0*q5_0*q6_0^4
2138	1,5,0,1,1,4,0	b4*q2_0^5*q4_0*q5_0*q6_0^4
2139	3,4,0,1,1,4,0	b4^3*q2_0^4*q4_0*q5_0*q6_0^4
2140	5,3,0,1,1,4,0	b4^5*q2_0^3*q4_0*q5_0*q6_0^4
2141	7,2,0,1,1,4,0	b4^7*q2_0^2*q4_0*q5_0*q6_0^4
2142	9,1,0,1,1,4,0	b4^9*q2_0*q4_0*q5_0*q6_0^4
2143	11,0,0,1,1,4,0	b4^11*q4_0*q5_0*q6_0^4
2144	0,0,5,0,1,4,0	q3_0^5*q5_0*q6_0^4
2145	1,1,4,0,1,4,0	b4*q2_0*q3_0^4*q5_0*q6_0^4
2146	3,0,4,0,1,4,0	b4^3*q3_0^4*q5_0*q6_0^4
2147	0,3,3,0,1,4,0	q2_0^3*q3_0^3*q5_0*q6_0^4
2148	2,2,3,0,1,4,0	b4^2*q2_0^2*q3_0^3*q5_0*q6_0^4
2149	4,1,3,0,1,4,0	b4^4*q2_0*q3_0^3*q5_0*q6_0^4
2150	6,0,3,0,1,4,0	b4^6*q3_0^3*q5_0*q6_0^4
2151	1,4,2,0,1,4,0	b4*q2_0^4*q3_0^2*q5_0*q6_0^4
2152	3,3,2,0,1,4,0	b4^3*q2_0^3*q3_0^2*q5_0*q6_0^4
2153	5,2,2,0,1,4,0	b4^5*q2_0^2*q3_0^2*q5_0*q6_0^4
2154	7,1,2,0,1,4,0	b4^7*q2_0*q3_0^2*q5_0*q6_0^4
2155	9,0,2,0,1,4,0	b4^9*q3_0^2*q5_0*q6_0^4
2156	0,6,1,0,1,4,0	q2_0^6*q3_0*q5_0*q6_0^4
2157	2,5,1,0,1,4,0	b4^2*q2_0^5*q3_0*q5_0*q6_0^4
2158	4,4,1,0,1,4,0	b4^4*q2_0^4*q3_0*q5_0*q6_0^4
2159	6,3,1,0,1,4,0	b4^6*q2_0^3*q3_0*q5_0*q6_0^4
2160	8,2,1,0,1,4,0	b4^8*q2_0^2*q3_0*q5_0*q6_0^4
2161	10,1,1,0,1,4,0	b4^10*q2_0*q3_0*q5_0*q6_0^4
2162	12,0,1,0,1,4,0	b4^12*q3_0*q5_0*q6_0^4
2163	1,7,0,0,1,4,0	b4*q2_0^7*q5_0*q6_0^4
2164	3,6,0,0,1,4,0	b4^3*q2_0^6*q5_0*q6_0^4
2165	5,5,0,0,1,4,0	b4^5*q2_0^5*q5_0*q6_0^4
2166	7,4,0,0,1,4,0	b4^7*q2_0^4*q5_0*q6_0^4
2167	9,3,0,0,1,4,0	b4^9*q2_0^3*q5_0*q6_0^4
2168	11,2,0,0,1,4,0	b4^11*q2_0^2*q5_0*q6_0^4
2169	13,1,0,0,1,4,0	b4^13*q2_0*q5_0*q6_0^4
2170	15,0,0,0,1,4,0	b4^15*q5_0*q6_0^4
2171	0,0,0,5,0,4,0	q4_0^5*q6_0^4
2172	1,0,1,4,0,4,0	b4*q3_0*q4_0^4*q6_0^4
2173	0,2,0,4,0,4,0	q2_0^2*q4_0^4*q6_0^4
2174	2,1,0,4,0,4,0	b4^2*q2_0*q4_0^4*q6_0^4
2175	4,0,0,4,0,4,0	b4^4*q4_0^4*q6_0^4
2176	0,1,2,3,0,4,0	q2_0*q3_0^2*q4_0^3*q6_0^4
2177	2,0,2,3,0,4,0	b4^2*q3_0^2*q4_0^3*q6_0^4
2178	1,2,1,3,0,4,0	b4*q2_0^2*q3_0*q4_0^3*q6_0^4
2179	3,1,1,3,0,4,0	b4^3*q2_0*q3_0*q4_0^3*q6_0^4
2180	5,0,1,3,0,4,0	b4^5*q3_0*q4_0^3*q6_0^4
2181	0,4,0,3,0,4,0	q2_0^4*q4_0^3*q6_0^4
2182	2,3,0,3,0,4,0	b4^2*q2_0^3*q4_0^3*q6_0^4
2183	4,2,0,3,0,4,0	b4^4*q2_0^2*q4_0^3*q6_0^4
2184	6,1,0,3,0,4,0	b4^6*q2_0*q4_0^3*q6_0^4
2185	8,0,0,3,0,4,0	b4^8*q4_0^3*q6_0^4
2186	0,0,4,2,0,4,0	q3_0^4*q4_0^2*q6_0^4
2187	1,1,3,2,0,4,0	b4*q2_0*q3_0^3*q4_0^2*q6_0^4
2188	3,0,3,2,0,4,0	b4^3*q3_0^3*q4_0^2*q6_0^4
2189	0,3,2,2,0,4,0	q2_0^3*q3_0^2*q4_0^2*q6_0^4
2190	2,2,2,2,0,4,0	b4^2*q2_0^2*q3_0^2*q4_0^2*q6_0^4
2191	4,1,2,2,0,4,0	b4^4*q2_0*q3_0^2*q4_0^2*q6_0^4
2192	6,0,2,2,0,4,0	b4^6*q3_0^2*q4_0^2*q6_0^4
2193	1,4,1,2,0,4,0	b4*q2_0^4*q3_0*q4_0^2*q6_0^4
2194	3,3,1,2,0,4,0	b4^3*q2_0^3*q3_0*q4_0^2*q6_0^4
2195	5,2,1,2,0,4,0	b4^5*q2_0^2*q3_0*q4_0^2*q6_0^4
2196	7,1,1,2,0,4,0	b4^7*q2_0*q3_0*q4_0^2*q6_0^4
2197	9,0,1,2,0,4,0	b4^9*q3_0*q4_0^2*q6_0^4
2198	0,6,0,2,0,4,0	q2_0^6*q4_0^2*q6_0^4
2199	2,5,0,2,0,4,0	b4^2*q2_0^5*q4_0^2*q6_0^4
2200	4,4,0,2,0,4,0	b4^4*q2_0^4*q4_0^2*q6_0^4
2201	6,3,0,2,0,4,0	b4^6*q2_0^3*q4_0^2*q6_0^4
2202	8,2,0,2,0,4,0	b4^8*q2_0^2*q4_0^2*q6_0^4
2203	10,1,0,2,0,4,0	b4^10*q2_0*q4_0^2*q6_0^4
2204	12,0,0,2,0,4,0	b4^12*q4_0^2*q6_0^4
2205	1,0,5,1,0,4,0	b4*q3_0^5*q4_0*q6_0^4
2206	0,2,4,1,0,4,0	q2_0^2*q3_0^4*q4_0*q6_0^4
2207	2,1,4,1,0,4,0	b4^2*q2_0*q3_0^4*q4_0*q6_0^4
2208	4,0,4,1,0,4,0	b4^4*q3_0^4*q4_0*q6_0^4
2209	1,3,3,1,0,4,0	b4*q2_0^3*q3_0^3*q4_0*q6_0^4
2210	3,2,3,1,0,4,0	b4^3*q2_0^2*q3_0^3*q4_0*q6_0^4
2211	5,1,3,1,0,4,0	b4^5*q2_0*q3_0^3*q4_0*q6_0^4
2212	7,0,3,1,0,4,0	b4^7*q3_0^3*q4_0*q6_0^4
2213	0,5,2,1,0,4,0	q2_0^5*q3_0^2*q4_0*q6_0^4
2214	2,4,2,1,0,4,0	b4^2*q2_0^4*q3_0^2*q4_0*q6_0^4
2215	4,3,2,1,0,4,0	b4^4*q2_0^3*q3_0^2*q4_0*q6_0^4
2216	6,2,2,1,0,4,0	b4^6*q2_0^2*q3_0^2*q4_0*q6_0^4
2217	8,1,2,1,0,4,0	b4^8*q2_0*q3_0^2*q4_0*q6_0^4
2218	10,0,2,1,0,4,0	b4^10*q3_0^2*q4_0*q6_0^4
2219	1,6,1,1,0,4,0	b4*q2_0^6*q3_0*q4_0*q6_0^4
2220	3,5,1,1,0,4,0	b4^3*q2_0^5*q3_0*q4_0*q6_0^4
2221	5,4,1,1,0,4,0	b4^5*q2_0^4*q3_0*q4_0*q6_0^4
2222	7,3,1,1,0,4,0	b4^7*q2_0^3*q3_0*q4_0*q6_0^4
2223	9,2,1,1,0,4,0	b4^9*q2_0^2*q3_0*q4_0*q6_0^4
2224	11,1,1,1,0,4,0	b4^11*q2_0*q3_0*q4_0*q6_0^4
2225	13,0,1,1,0,4,0	b4^13*q3_0*q4_0*q6_0^4
2226	0,8,0,1,0,4,0	q2_0^8*q4_0*q6_0^4
2227	2,7,0,1,0,4,0	b4^2*q2_0^7*q4_0*q6_0^4
2228	4,6,0,1,0,4,0	b4^4*q2_0^6*q4_0*q6_0^4
2229	6,5,0,1,0,4,0	b4^6*q2_0^5*q4_0*q6_0^4
2230	8,4,0,1,0,4,0	b4^8*q2_0^4*q4_0*q6_0^4
2231	10,3,0,1,0,4,0	b4^10*q2_0^3*q4_0*q6_0^4
2232	12,2,0,1,0,4,0	b4^12*q2_0^2*q4_0*q6_0^4
2233	14,1,0,1,0,4,0	b4^14*q2_0*q4_0*q6_0^4
2234	0,1,6,0,0,4,0	q2_0*q3_0^6*q6_0^4
2235	2,0,6,0,0,4,0	b4^2*q3_0^6*q6_0^4
2236	1,2,5,0,0,4,0	b4*q2_0^2*q3_0^5*q6_0^4
2237	3,1,5,0,0,4,0	b4^3*q2_0*q3_0^5*q6_0^4
2238	5,0,5,0,0,4,0	b4^5*q3_0^5*q6_0^4
2239	0,4,4,0,0,4,0	q2_0^4*q3_0^4*q6_0^4
2240	2,3,4,0,0,4,0	b4^2*q2_0^3*q3_0^4*q6_0^4
2241	4,2,4,0,0,4,0	b4^4*q2_0^2*q3_0^4*q6_0^4
2242	6,1,4,0,0,4,0	b4^6*q2_0*q3_0^4*q6_0^4
2243	8,0,4,0,0,4,0	b4^8*q3_0^4*q6_0^4
2244	1,5,3,0,0,4,0	b4*q2_0^5*q3_0^3*q6_0^4
2245	3,4,3,0,0,4,0	b4^3*q2_0^4*q3_0^3*q6_0^4
2246	5,3,3,0,0,4,0	b4^5*q2_0^3*q3_0^3*q6_0^4
2247	0,7,2,0,0,4,0	q2_0^7*q3_0^2*q6_0^4
2248	0,10,0,0,0,4,0	q2_0^10*q6_0^4
2249	0,1,0,1,4,3,0	q2_0*q4_0*q5_0^4*q6_0^3
2250	0,0,2,0,4,3,0	q3_0^2*q5_0^4*q6_0^3
2251	0,3,0,0,4,3,0	q2_0^3*q5_0^4*q6_0^3
2252	0,0,1,2,3,3,0	q3_0*q4_0^2*q5_0^3*q6_0^3
2253	0,2,1,1,3,3,0	q2_0^2*q3_0*q4_0*q5_0^3*q6_0^3
2254	0,1,3,0,3,3,0	q2_0*q3_0^3*q5_0^3*q6_0^3
2255	0,4,1,0,3,3,0	q2_0^4*q3_0*q5_0^3*q6_0^3
2256	0,0,0,4,2,3,0	q4_0^4*q5_0^2*q6_0^3
2257	0,2,0,3,2,3,0	q2_0^2*q4_0^3*q5_0^2*q6_0^3
2258	0,1,2,2,2,3,0	q2_0*q3_0^2*q4_0^2*q5_0^2*q6_0^3
2259	0,4,0,2,2,3,0	q2_0^4*q4_0^2*q5_0^2*q6_0^3
2260	0,0,4,1,2,3,0	q3_0^4*q4_0*q5_0^2*q6_0^3
2261	0,3,2,1,2,3,0	q2_0^3*q3_0^2*q4_0*q5_0^2*q6_0^3
2262	0,6,0,1,2,3,0	q2_0^6*q4_0*q5_0^2*q6_0^3
2263	0,2,4,0,2,3,0	q2_0^2*q3_0^4*q5_0^2*q6_0^3
2264	0,5,2,0,2,3,0	q2_0^5*q3_0^2*q5_0^2*q6_0^3
2265	0,8,0,0,2,3,0	q2_0^8*q5_0^2*q6_0^3
2266	0,1,1,4,1,3,0	q2_0*q3_0*q4_0^4*q5_0*q6_0^3
2267	0,0,3,3,1,3,0	q3_0^3*q4_0^3*q5_0*q6_0^3
2268	0,3,1,3,1,3,0	q2_0^3*q3_0*q4_0^3*q5_0*q6_0^3
2269	0,2,3,2,1,3,0	q2_0^2*q3_0^3*q4_0^2*q5_0*q6_0^3
2270	0,5,1,2,1,3,0	q2_0^5*q3_0*q4_0^2*q5_0*q6_0^3
2271	0,1,5,1,1,3,0	q2_0*q3_0^5*q4_0*q5_0*q6_0^3
2272	0,4,3,1,1,3,0	q2_0^4*q3_0^3*q4_0*q5_0*q6_0^3
2273	0,7,1,1,1,3,0	q2_0^7*q3_0*q4_0*q5_0*q6_0^3
2274	0,0,7,0,1,3,0	q3_0^7*q5_0*q6_0^3
2275	0,3,5,0,1,3,0	q2_0^3*q3_0^5*q5_0*q6_0^3
2276	0,6,3,0,1,3,0	q2_0^6*q3_0^3*q5_0*q6_0^3
2277	0,9,1,0,1,3,0	q2_0^9*q3_0*q5_0*q6_0^3
2278	0,1,0,6,0,3,0	q2_0*q4_0^6*q6_0^3
2279	0,0,2,5,0,3,0	q3_0^2*q4_0^5*q6_0^3
2280	0,3,0,5,0,3,0	q2_0^3*q4_0^5*q6_0^3
2281	0,2,2,4,0,3,0	q2_0^2*q3_0^2*q4_0^4*q6_0^3
2282	0,5,0,4,0,3,0	q2_0^5*q4_0^4*q6_0^3
2283	0,1,4,3,0,3,0	q2_0*q3_0^4*q4_0^3*q6_0^3
2284	0,4,2,3,0,3,0	q2_0^4*q3_0^2*q4_0^3*q6_0^3
2285	0,7,0,3,0,3,0	q2_0^7*q4_0^3*q6_0^3
2286	0,0,6,2,0,3,0	q3_0^6*q4_0^2*q6_0^3
2287	0,3,4,2,0,3,0	q2_0^3*q3_0^4*q4_0^2*q6_0^3
2288	0,6,2,2,0,3,0	q2_0^6*q3_0^2*q4_0^2*q6_0^3
2289	0,9,0,2,0,3,0	q2_0^9*q4_0^2*q6_0^3
2290	0,0,1,1,5,2,0	q3_0*q4_0*q5_0^5*q6_0^2
2291	0,0,0,3,4,2,0	q4_0^3*q5_0^4*q6_0^2
2292	0,0,4,0,4,2,0	q3_0^4*q5_0^4*q6_0^2
2293	0,0,3,2,3,2,0	q3_0^3*q4_0^2*q5_0^3*q6_0^2
2294	0,0,2,4,2,2,0	q3_0^2*q4_0^4*q5_0^2*q6_0^2
2295	0,0,6,1,2,2,0	q3_0^6*q4_0*q5_0^2*q6_0^2
2296	0,0,1,6,1,2,0	q3_0*q4_0^6*q5_0*q6_0^2
2297	3,3,0,3,2,1,1	b4^3*q2_0^3*q4_0^3*q5_0^2*q6_0*b3
2298	5,2,0,3,2,1,1	b4^5*q2_0^2*q4_0^3*q5_0^2*q6_0*b3
2299	7,1,0,3,2,1,1	b4^7*q2_0*q4_0^3*q5_0^2*q6_0*b3
2300	9,0,0,3,2,1,1	b4^9*q4_0^3*q5_0^2*q6_0*b3
2301	1,0,4,2,2,1,1	b4*q3_0^4*q4_0^2*q5_0^2*q6_0*b3
2302	0,2,3,2,2,1,1	q2_0^2*q3_0^3*q4_0^2*q5_0^2*q6_0*b3
2303	2,1,3,2,2,1,1	b4^2*q2_0*q3_0^3*q4_0^2*q5_0^2*q6_0*b3
2304	4,0,3,2,2,1,1	b4^4*q3_0^3*q4_0^2*q5_0^2*q6_0*b3
2305	1,3,2,2,2,1,1	b4*q2_0^3*q3_0^2*q4_0^2*q5_0^2*q6_0*b3
2306	3,2,2,2,2,1,1	b4^3*q2_0^2*q3_0^2*q4_0^2*q5_0^2*q6_0*b3
2307	5,1,2,2,2,1,1	b4^5*q2_0*q3_0^2*q4_0^2*q5_0^2*q6_0*b3
2308	7,0,2,2,2,1,1	b4^7*q3_0^2*q4_0^2*q5_0^2*q6_0*b3
2309	0,5,1,2,2,1,1	q2_0^5*q3_0*q4_0^2*q5_0^2*q6_0*b3
2310	2,4,1,2,2,1,1	b4^2*q2_0^4*q3_0*q4_0^2*q5_0^2*q6_0*b3
2311	4,3,1,2,2,1,1	b4^4*q2_0^3*q3_0*q4_0^2*q5_0^2*q6_0*b3
2312	6,2,1,2,2,1,1	b4^6*q2_0^2*q3_0*q4_0^2*q5_0^2*q6_0*b3
2313	8,1,1,2,2,1,1	b4^8*q2_0*q3_0*q4_0^2*q5_0^2*q6_0*b3
2314	10,0,1,2,2,1,1	b4^10*q3_0*q4_0^2*q5_0^2*q6_0*b3
2315	1,6,0,2,2,1,1	b4*q2_0^6*q4_0^2*q5_0^2*q6_0*b3
2316	3,5,0,2,2,1,1	b4^3*q2_0^5*q4_0^2*q5_0^2*q6_0*b3
2317	5,4,0,2,2,1,1	b4^5*q2_0^4*q4_0^2*q5_0^2*q6_0*b3
2318	7,3,0,2,2,1,1	b4^7*q2_0^3*q4_0^2*q5_0^2*q6_0*b3
2319	9,2,0,2,2,1,1	b4^9*q2_0^2*q4_0^2*q5_0^2*q6_0*b3
2320	11,1,0,2,2,1,1	b4^11*q2_0*q4_0^2*q5_0^2*q6_0*b3
2321	13,0,0,2,2,1,1	b4^13*q4_0^2*q5_0^2*q6_0*b3
2322	0,1,5,1,2,1,1	q2_0*q3_0^5*q4_0*q5_0^2*q6_0*b3
2323	2,0,5,1,2,1,1	b4^2*q3_0^5*q4_0*q5_0^2*q6_0*b3
2324	1,2,4,1,2,1,1	b4*q2_0^2*q3_0^4*q4_0*q5_0^2*q6_0*b3
2325	3,1,4,1,2,1,1	b4^3*q2_0*q3_0^4*q4_0*q5_0^2*q6_0*b3
2326	5,0,4,1,2,1,1	b4^5*q3_0^4*q4_0*q5_0^2*q6_0*b3
2327	0,4,3,1,2,1,1	q2_0^4*q3_0^3*q4_0*q5_0^2*q6_0*b3
2328	2,3,3,1,2,1,1	b4^2*q2_0^3*q3_0^3*q4_0*q5_0^2*q6_0*b3
2329	4,2,3,1,2,1,1	b4^4*q2_0^2*q3_0^3*q4_0*q5_0^2*q6_0*b3
2330	6,1,3,1,2,1,1	b4^6*q2_0*q3_0^3*q4_0*q5_0^2*q6_0*b3
2331	8,0,3,1,2,1,1	b4^8*q3_0^3*q4_0*q5_0^2*q6_0*b3
2332	1,5,2,1,2,1,1	b4*q2_0^5*q3_0^2*q4_0*q5_0^2*q6_0*b3
2333	3,4,2,1,2,1,1	b4^3*q2_0^4*q3_0^2*q4_0*q5_0^2*q6_0*b3
2334	5,3,2,1,2,1,1	b4^5*q2_0^3*q3_0^2*q4_0*q5_0^2*q6_0*b3
2335	7,2,2,1,2,1,1	b4^7*q2_0^2*q3_0^2*q4_0*q5_0^2*q6_0*b3
2336	9,1,2,1,2,1,1	b4^9*q2_0*q3_0^2*q4_0*q5_0^2*q6_0*b3
2337	11,0,2,1,2,1,1	b4^11*q3_0^2*q4_0*q5_0^2*q6_0*b3
2338	0,7,1,1,2,1,1	q2_0^7*q3_0*q4_0*q5_0^2*q6_0*b3
2339	2,6,1,1,2,1,1	b4^2*q2_0^6*q3_0*q4_0*q5_0^2*q6_0*b3
2340	4,5,1,1,2,1,1	b4^4*q2_0^5*q3_0*q4_0*q5_0^2*q6_0*b3
2341	6,4,1,1,2,1,1	b4^6*q2_0^4*q3_0*q4_0*q5_0^2*q6_0*b3
2342	8,3,1,1,2,1,1	b4^8*q2_0^3*q3_0*q4_0*q5_0^2*q6_0*b3
2343	10,2,1,1,2,1,1	b4^10*q2_0^2*q3_0*q4_0*q5_0^2*q6_0*b3
2344	12,1,1,1,2,1,1	b4^12*q2_0*q3_0*q4_0*q5_0^2*q6_0*b3
2345	14,0,1,1,2,1,1	b4^14*q3_0*q4_0*q5_0^2*q6_0*b3
2346	1,8,0,1,2,1,1	b4*q2_0^8*q4_0*q5_0^2*q6_0*b3
2347	3,7,0,1,2,1,1	b4^3*q2_0^7*q4_0*q5_0^2*q6_0*b3
2348	5,6,0,1,2,1,1	b4^5*q2_0^6*q4_0*q5_0^2*q6_0*b3
2349	7,5,0,1,2,1,1	b4^7*q2_0^5*q4_0*q5_0^2*q6_0*b3
2350	9,4,0,1,2,1,1	b4^9*q2_0^4*q4_0*q5_0^2*q6_0*b3
2351	11,3,0,1,2,1,1	b4^11*q2_0^3*q4_0*q5_0^2*q6_0*b3
2352	13,2,0,1,2,1,1	b4^13*q2_0^2*q4_0*q5_0^2*q6_0*b3
2353	0,0,7,0,2,1,1	q3_0^7*q5_0^2*q6_0*b3
2354	1,1,6,0,2,1,1	b4*q2_0*q3_0^6*q5_0^2*q6_0*b3
2355	3,0,6,0,2,1,1	b4^3*q3_0^6*q5_0^2*q6_0*b3
2356	0,3,5,0,2,1,1	q2_0^3*q3_0^5*q5_0^2*q6_0*b3
2357	2,2,5,0,2,1,1	b4^2*q2_0^2*q3_0^5*q5_0^2*q6_0*b3
2358	4,1,5,0,2,1,1	b4^4*q2_0*q3_0^5*q5_0^2*q6_0*b3
2359	6,0,5,0,2,1,1	b4^6*q3_0^5*q5_0^2*q6_0*b3
2360	1,4,4,0,2,1,1	b4*q2_0^4*q3_0^4*q5_0^2*q6_0*b3
2361	3,3,4,0,2,1,1	b4^3*q2_0^3*q3_0^4*q5_0^2*q6_0*b3
2362	5,2,4,0,2,1,1	b4^5*q2_0^2*q3_0^4*q5_0^2*q6_0*b3
2363	7,1,4,0,2,1,1	b4^7*q2_0*q3_0^4*q5_0^2*q6_0*b3
2364	9,0,4,0,2,1,1	b4^9*q3_0^4*q5_0^2*q6_0*b3
2365	0,6,3,0,2,1,1	q2_0^6*q3_0^3*q5_0^2*q6_0*b3
2366	2,5,3,0,2,1,1	b4^2*q2_0^5*q3_0^3*q5_0^2*q6_0*b3
2367	4,4,3,0,2,1,1	b4^4*q2_0^4*q3_0^3*q5_0^2*q6_0*b3
2368	6,3,3,0,2,1,1	b4^6*q2_0^3*q3_0^3*q5_0^2*q6_0*b3
2369	8,2,3,0,2,1,1	b4^8*q2_0^2*q3_0^3*q5_0^2*q6_0*b3
2370	10,1,3,0,2,1,1	b4^10*q2_0*q3_0^3*q5_0^2*q6_0*b3
2371	12,0,3,0,2,1,1	b4^12*q3_0^3*q5_0^2*q6_0*b3
2372	1,7,2,0,2,1,1	b4*q2_0^7*q3_0^2*q5_0^2*q6_0*b3
2373	3,6,2,0,2,1,1	b4^3*q2_0^6*q3_0^2*q5_0^2*q6_0*b3
2374	5,5,2,0,2,1,1	b4^5*q2_0^5*q3_0^2*q5_0^2*q6_0*b3
2375	7,4,2,0,2,1,1	b4^7*q2_0^4*q3_0^2*q5_0^2*q6_0*b3
2376	9,3,2,0,2,1,1	b4^9*q2_0^3*q3_0^2*q5_0^2*q6_0*b3
2377	11,2,2,0,2,1,1	b4^11*q2_0^2*q3_0^2*q5_0^2*q6_0*b3
2378	13,1,2,0,2,1,1	b4^13*q2_0*q3_0^2*q5_0^2*q6_0*b3
2379	15,0,2,0,2,1,1	b4^15*q3_0^2*q5_0^2*q6_0*b3
2380	0,9,1,0,2,1,1	q2_0^9*q3_0*q5_0^2*q6_0*b3
2381	2,8,1,0,2,1,1	b4^2*q2_0^8*q3_0*q5_0^2*q6_0*b3
2382	4,7,1,0,2,1,1	b4^4*q2_0^7*q3_0*q5_0^2*q6_0*b3
2383	6,6,1,0,2,1,1	b4^6*q2_0^6*q3_0*q5_0^2*q6_0*b3
2384	8,5,1,0,2,1,1	b4^8*q2_0^5*q3_0*q5_0^2*q6_0*b3
2385	0,1,0,6,1,1,1	q2_0*q4_0^6*q5_0*q6_0*b3
2386	2,0,0,6,1,1,1	b4^2*q4_0^6*q5_0*q6_0*b3
2387	0,0,2,5,1,1,1	q3_0^2*q4_0^5*q5_0*q6_0*b3
2388	1,1,1,5,1,1,1	b4*q2_0*q3_0*q4_0^5*q5_0*q6_0*b3
2389	3,0,1,5,1,1,1	b4^3*q3_0*q4_0^5*q5_0*q6_0*b3
2390	0,3,0,5,1,1,1	q2_0^3*q4_0^5*q5_0*q6_0*b3
2391	2,2,0,5,1,1,1	b4^2*q2_0^2*q4_0^5*q5_0*q6_0*b3
2392	4,1,0,5,1,1,1	b4^4*q2_0*q4_0^5*q5_0*q6_0*b3
2393	6,0,0,5,1,1,1	b4^6*q4_0^5*q5_0*q6_0*b3
2394	1,0,3,4,1,1,1	b4*q3_0^3*q4_0^4*q5_0*q6_0*b3
2395	0,2,2,4,1,1,1	q2_0^2*q3_0^2*q4_0^4*q5_0*q6_0*b3
2396	2,1,2,4,1,1,1	b4^2*q2_0*q3_0^2*q4_0^4*q5_0*q6_0*b3
2397	4,0,2,4,1,1,1	b4^4*q3_0^2*q4_0^4*q5_0*q6_0*b3
2398	1,3,1,4,1,1,1	b4*q2_0^3*q3_0*q4_0^4*q5_0*q6_0*b3
2399	3,2,1,4,1,1,1	b4^3*q2_0^2*q3_0*q4_0^4*q5_0*q6_0*b3
2400	5,1,1,4,1,1,1	b4^5*q2_0*q3_0*q4_0^4*q5_0*q6_0*b3
2401	7,0,1,4,1,1,1	b4^7*q3_0*q4_0^4*q5_0*q6_0*b3
2402	0,5,0,4,1,1,1	q2_0^5*q4_0^4*q5_0*q6_0*b3
2403	2,4,0,4,1,1,1	b4^2*q2_0^4*q4_0^4*q5_0*q6_0*b3
2404	4,3,0,4,1,1,1	b4^4*q2_0^3*q4_0^4*q5_0*q6_0*b3
2405	6,2,0,4,1,1,1	b4^6*q2_0^2*q4_0^4*q5_0*q6_0*b3
2406	8,1,0,4,1,1,1	b4^8*q2_0*q4_0^4*q5_0*q6_0*b3
2407	10,0,0,4,1,1,1	b4^10*q4_0^4*q5_0*q6_0*b3
2408	0,1,4,3,1,1,1	q2_0*q3_0^4*q4_0^3*q5_0*q6_0*b3
2409	2,0,4,3,1,1,1	b4^2*q3_0^4*q4_0^3*q5_0*q6_0*b3
2410	1,2,3,3,1,1,1	b4*q2_0^2*q3_0^3*q4_0^3*q5_0*q6_0*b3
2411	3,1,3,3,1,1,1	b4^3*q2_0*q3_0^3*q4_0^3*q5_0*q6_0*b3
2412	5,0,3,3,1,1,1	b4^5*q3_0^3*q4_0^3*q5_0*q6_0*b3
2413	0,4,2,3,1,1,1	q2_0^4*q3_0^2*q4_0^3*q5_0*q6_0*b3
2414	2,3,2,3,1,1,1	b4^2*q2_0^3*q3_0^2*q4_0^3*q5_0*q6_0*b3
2415	4,2,2,3,1,1,1	b4^4*q2_0^2*q3_0^2*q4_0^3*q5_0*q6_0*b3
2416	6,1,2,3,1,1,1	b4^6*q2_0*q3_0^2*q4_0^3*q5_0*q6_0*b3
2417	8,0,2,3,1,1,1	b4^8*q3_0^2*q4_0^3*q5_0*q6_0*b3
2418	1,5,1,3,1,1,1	b4*q2_0^5*q3_0*q4_0^3*q5_0*q6_0*b3
2419	3,4,1,3,1,1,1	b4^3*q2_0^4*q3_0*q4_0^3*q5_0*q6_0*b3
2420	5,3,1,3,1,1,1	b4^5*q2_0^3*q3_0*q4_0^3*q5_0*q6_0*b3
2421	7,2,1,3,1,1,1	b4^7*q2_0^2*q3_0*q4_0^3*q5_0*q6_0*b3
2422	9,1,1,3,1,1,1	b4^9*q2_0*q3_0*q4_0^3*q5_0*q6_0*b3
2423	11,0,1,3,1,1,1	b4^11*q3_0*q4_0^3*q5_0*q6_0*b3
2424	0,7,0,3,1,1,1	q2_0^7*q4_0^3*q5_0*q6_0*b3
2425	2,6,0,3,1,1,1	b4^2*q2_0^6*q4_0^3*q5_0*q6_0*b3
2426	4,5,0,3,1,1,1	b4^4*q2_0^5*q4_0^3*q5_0*q6_0*b3
2427	6,4,0,3,1,1,1	b4^6*q2_0^4*q4_0^3*q5_0*q6_0*b3
2428	8,3,0,3,1,1,1	b4^8*q2_0^3*q4_0^3*q5_0*q6_0*b3
2429	10,2,0,3,1,1,1	b4^10*q2_0^2*q4_0^3*q5_0*q6_0*b3
2430	12,1,0,3,1,1,1	b4^12*q2_0*q4_0^3*q5_0*q6_0*b3
2431	14,0,0,3,1,1,1	b4^14*q4_0^3*q5_0*q6_0*b3
2432	0,0,6,2,1,1,1	q3_0^6*q4_0^2*q5_0*q6_0*b3
2433	1,1,5,2,1,1,1	b4*q2_0*q3_0^5*q4_0^2*q5_0*q6_0*b3
2434	3,0,5,2,1,1,1	b4^3*q3_0^5*q4_0^2*q5_0*q6_0*b3
2435	0,3,4,2,1,1,1	q2_0^3*q3_0^4*q4_0^2*q5_0*q6_0*b3
2436	2,2,4,2,1,1,1	b4^2*q2_0^2*q3_0^4*q4_0^2*q5_0*q6_0*b3
2437	4,1,4,2,1,1,1	b4^4*q2_0*q3_0^4*q4_0^2*q5_0*q6_0*b3
2438	6,0,4,2,1,1,1	b4^6*q3_0^4*q4_0^2*q5_0*q6_0*b3
2439	1,4,3,2,1,1,1	b4*q2_0^4*q3_0^3*q4_0^2*q5_0*q6_0*b3
2440	3,3,3,2,1,1,1	b4^3*q2_0^3*q3_0^3*q4_0^2*q5_0*q6_0*b3
2441	5,2,3,2,1,1,1	b4^5*q2_0^2*q3_0^3*q4_0^2*q5_0*q6_0*b3
2442	7,1,3,2,1,1,1	b4^7*q2_0*q3_0^3*q4_0^2*q5_0*q6_0*b3
2443	9,0,3,2,1,1,1	b4^9*q3_0^3*q4_0^2*q5_0*q6_0*b3
2444	0,6,2,2,1,1,1	q2_0^6*q3_0^2*q4_0^2*q5_0*q6_0*b3
2445	2,5,2,2,1,1,1	b4^2*q2_0^5*q3_0^2*q4_0^2*q5_0*q6_0*b3
2446	4,4,2,2,1,1,1	b4^4*q2_0^4*q3_0^2*q4_0^2*q5_0*q6_0*b3
2447	6,3,2,2,1,1,1	b4^6*q2_0^3*q3_0^2*q4_0^2*q5_0*q6_0*b3
2448	8,2,2,2,1,1,1	b4^8*q2_0^2*q3_0^2*q4_0^2*q5_0*q6_0*b3
2449	10,1,2,2,1,1,1	b4^10*q2_0*q3_0^2*q4_0^2*q5_0*q6_0*b3
2450	12,0,2,2,1,1,1	b4^12*q3_0^2*q4_0^2*q5_0*q6_0*b3
2451	1,7,1,2,1,1,1	b4*q2_0^7*q3_0*q4_0^2*q5_0*q6_0*b3
2452	3,6,1,2,1,1,1	b4^3*q2_0^6*q3_0*q4_0^2*q5_0*q6_0*b3
2453	5,5,1,2,1,1,1	b4^5*q2_0^5*q3_0*q4_0^2*q5_0*q6_0*b3
2454	7,4,1,2,1,1,1	b4^7*q2_0^4*q3_0*q4_0^2*q5_0*q6_0*b3
2455	9,3,1,2,1,1,1	b4^9*q2_0^3*q3_0*q4_0^2*q5_0*q6_0*b3
2456	11,2,1,2,1,1,1	b4^11*q2_0^2*q3_0*q4_0^2*q5_0*q6_0*b3
2457	13,1,1,2,1,1,1	b4^13*q2_0*q3_0*q4_0^2*q5_0*q6_0*b3
2458	15,0,1,2,1,1,1	b4^15*q3_0*q4_0^2*q5_0*q6_0*b3
2459	0,9,0,2,1,1,1	q2_0^9*q4_0^2*q5_0*q6_0*b3
2460	2,8,0,2,1,1,1	b4^2*q2_0^8*q4_0^2*q5_0*q6_0*b3
2461	4,7,0,2,1,1,1	b4^4*q2_0^7*q4_0^2*q5_0*q6_0*b3
2462	6,6,0,2,1,1,1	b4^6*q2_0^6*q4_0^2*q5_0*q6_0*b3
2463	8,5,0,2,1,1,1	b4^8*q2_0^5*q4_0^2*q5_0*q6_0*b3
2464	10,4,0,2,1,1,1	b4^10*q2_0^4*q4_0^2*q5_0*q6_0*b3
2465	1,0,7,1,1,1,1	b4*q3_0^7*q4_0*q5_0*q6_0*b3
2466	0,2,6,1,1,1,1	q2_0^2*q3_0^6*q4_0*q5_0*q6_0*b3
2467	2,1,6,1,1,1,1	b4^2*q2_0*q3_0^6*q4_0*q5_0*q6_0*b3
2468	4,0,6,1,1,1,1	b4^4*q3_0^6*q4_0*q5_0*q6_0*b3
2469	1,3,5,1,1,1,1	b4*q2_0^3*q3_0^5*q4_0*q5_0*q6_0*b3
2470	3,2,5,1,1,1,1	b4^3*q2_0^2*q3_0^5*q4_0*q5_0*q6_0*b3
2471	5,1,5,1,1,1,1	b4^5*q2_0*q3_0^5*q4_0*q5_0*q6_0*b3
2472	7,0,5,1,1,1,1	b4^7*q3_0^5*q4_0*q5_0*q6_0*b3
2473	0,5,4,1,1,1,1	q2_0^5*q3_0^4*q4_0*q5_0*q6_0*b3
2474	2,4,4,1,1,1,1	b4^2*q2_0^4*q3_0^4*q4_0*q5_0*q6_0*b3
2475	4,3,4,1,1,1,1	b4^4*q2_0^3*q3_0^4*q4_0*q5_0*q6_0*b3
2476	6,2,4,1,1,1,1	b4^6*q2_0^2*q3_0^4*q4_0*q5_0*q6_0*b3
2477	8,1,4,1,1,1,1	b4^8*q2_0*q3_0^4*q4_0*q5_0*q6_0*b3
2478	10,0,4,1,1,1,1	b4^10*q3_0^4*q4_0*q5_0*q6_0*b3
2479	1,6,3,1,1,1,1	b4*q2_0^6*q3_0^3*q4_0*q5_0*q6_0*b3
2480	3,5,3,1,1,1,1	b4^3*q2_0^5*q3_0^3*q4_0*q5_0*q6_0*b3
2481	5,4,3,1,1,1,1	b4^5*q2_0^4*q3_0^3*q4_0*q5_0*q6_0*b3
2482	7,3,3,1,1,1,1	b4^7*q2_0^3*q3_0^3*q4_0*q5_0*q6_0*b3
2483	9,2,3,1,1,1,1	b4^9*q2_0^2*q3_0^3*q4_0*q5_0*q6_0*b3
2484	11,1,3,1,1,1,1	b4^11*q2_0*q3_0^3*q4_0*q5_0*q6_0*b3
2485	13,0,3,1,1,1,1	b4^13*q3_0^3*q4_0*q5_0*q6_0*b3
2486	0,8,2,1,1,1,1	q2_0^8*q3_0^2*q4_0*q5_0*q6_0*b3
2487	2,7,2,1,1,1,1	b4^2*q2_0^7*q3_0^2*q4_0*q5_0*q6_0*b3
2488	4,6,2,1,1,1,1	b4^4*q2_0^6*q3_0^2*q4_0*q5_0*q6_0*b3
2489	6,5,2,1,1,1,1	b4^6*q2_0^5*q3_0^2*q4_0*q5_0*q6_0*b3
2490	8,4,2,1,1,1,1	b4^8*q2_0^4*q3_0^2*q4_0*q5_0*q6_0*b3
2491	10,3,2,1,1,1,1	b4^10*q2_0^3*q3_0^2*q4_0*q5_0*q6_0*b3
2492	12,2,2,1,1,1,1	b4^12*q2_0^2*q3_0^2*q4_0*q5_0*q6_0*b3
2493	14,1,2,1,1,1,1	b4^14*q2_0*q3_0^2*q4_0*q5_0*q6_0*b3
2494	0,1,8,0,1,1,1	q2_0*q3_0^8*q5_0*q6_0*b3
2495	2,0,8,0,1,1,1	b4^2*q3_0^8*q5_0*q6_0*b3
2496	1,2,7,0,1,1,1	b4*q2_0^2*q3_0^7*q5_0*q6_0*b3
2497	0,0,1,7,0,1,1	q3_0*q4_0^7*q6_0*b3
2498	1,1,0,7,0,1,1	b4*q2_0*q4_0^7*q6_0*b3
2499	3,0,0,7,0,1,1	b4^3*q4_0^7*q6_0*b3
2500	1,0,2,6,0,1,1	b4*q3_0^2*q4_0^6*q6_0*b3
2501	0,2,1,6,0,1,1	q2_0^2*q3_0*q4_0^6*q6_0*b3
2502	2,1,1,6,0,1,1	b4^2*q2_0*q3_0*q4_0^6*q6_0*b3
2503	4,0,1,6,0,1,1	b4^4*q3_0*q4_0^6*q6_0*b3
2504	1,3,0,6,0,1,1	b4*q2_0^3*q4_0^6*q6_0*b3
2505	3,2,0,6,0,1,1	b4^3*q2_0^2*q4_0^6*q6_0*b3
2506	5,1,0,6,0,1,1	b4^5*q2_0*q4_0^6*q6_0*b3
2507	7,0,0,6,0,1,1	b4^7*q4_0^6*q6_0*b3
2508	0,1,3,5,0,1,1	q2_0*q3_0^3*q4_0^5*q6_0*b3
2509	2,0,3,5,0,1,1	b4^2*q3_0^3*q4_0^5*q6_0*b3
2510	1,2,2,5,0,1,1	b4*q2_0^2*q3_0^2*q4_0^5*q6_0*b3
2511	3,1,2,5,0,1,1	b4^3*q2_0*q3_0^2*q4_0^5*q6_0*b3
2512	5,0,2,5,0,1,1	b4^5*q3_0^2*q4_0^5*q6_0*b3
2513	0,4,1,5,0,1,1	q2_0^4*q3_0*q4_0^5*q6_0*b3
2514	2,3,1,5,0,1,1	b4^2*q2_0^3*q3_0*q4_0^5*q6_0*b3
2515	4,2,1,5,0,1,1	b4^4*q2_0^2*q3_0*q4_0^5*q6_0*b3
2516	6,1,1,5,0,1,1	b4^6*q2_0*q3_0*q4_0^5*q6_0*b3
2517	8,0,1,5,0,1,1	b4^8*q3_0*q4_0^5*q6_0*b3
2518	1,5,0,5,0,1,1	b4*q2_0^5*q4_0^5*q6_0*b3
2519	3,4,0,5,0,1,1	b4^3*q2_0^4*q4_0^5*q6_0*b3
2520	5,3,0,5,0,1,1	b4^5*q2_0^3*q4_0^5*q6_0*b3
2521	7,2,0,5,0,1,1	b4^7*q2_0^2*q4_0^5*q6_0*b3
2522	9,1,0,5,0,1,1	b4^9*q2_0*q4_0^5*q6_0*b3
2523	11,0,0,5,0,1,1	b4^11*q4_0^5*q6_0*b3
2524	0,0,5,4,0,1,1	q3_0^5*q4_0^4*q6_0*b3
2525	1,1,4,4,0,1,1	b4*q2_0*q3_0^4*q4_0^4*q6_0*b3
2526	3,0,4,4,0,1,1	b4^3*q3_0^4*q4_0^4*q6_0*b3
2527	0,1,0,0,7,0,1	q2_0*q5_0^7*b3
2528	2,0,0,0,7,0,1	b4^2*q5_0^7*b3
2529	0,0,1,1,6,0,1	q3_0*q4_0*q5_0^6*b3
2530	1,1,0,1,6,0,1	b4*q2_0*q4_0*q5_0^6*b3
2531	3,0,0,1,6,0,1	b4^3*q4_0*q5_0^6*b3
2532	1,0,2,0,6,0,1	b4*q3_0^2*q5_0^6*b3
2533	0,2,1,0,6,0,1	q2_0^2*q3_0*q5_0^6*b3
2534	2,1,1,0,6,0,1	b4^2*q2_0*q3_0*q5_0^6*b3
2535	4,0,1,0,6,0,1	b4^4*q3_0*q5_0^6*b3
2536	1,3,0,0,6,0,1	b4*q2_0^3*q5_0^6*b3
2537	3,2,0,0,6,0,1	b4^3*q2_0^2*q5_0^6*b3
2538	5,1,0,0,6,0,1	b4^5*q2_0*q5_0^6*b3
2539	7,0,0,0,6,0,1	b4^7*q5_0^6*b3
2540	0,0,0,3,5,0,1	q4_0^3*q5_0^5*b3
2541	1,0,1,2,5,0,1	b4*q3_0*q4_0^2*q5_0^5*b3
2542	0,2,0,2,5,0,1	q2_0^2*q4_0^2*q5_0^5*b3
2543	2,1,0,2,5,0,1	b4^2*q2_0*q4_0^2*q5_0^5*b3
2544	4,0,0,2,5,0,1	b4^4*q4_0^2*q5_0^5*b3
2545	0,1,2,1,5,0,1	q2_0*q3_0^2*q4_0*q5_0^5*b3
2546	2,0,2,1,5,0,1	b4^2*q3_0^2*q4_0*q5_0^5*b3
2547	1,2,1,1,5,0,1	b4*q2_0^2*q3_0*q4_0*q5_0^5*b3
2548	3,1,1,1,5,0,1	b4^3*q2_0*q3_0*q4_0*q5_0^5*b3
2549	5,0,1,1,5,0,1	b4^5*q3_0*q4_0*q5_0^5*b3
2550	0,4,0,1,5,0,1	q2_0^4*q4_0*q5_0^5*b3
2551	2,3,0,1,5,0,1	b4^2*q2_0^3*q4_0*q5_0^5*b3
2552	4,2,0,1,5,0,1	b4^4*q2_0^2*q4_0*q5_0^5*b3
2553	6,1,0,1,5,0,1	b4^6*q2_0*q4_0*q5_0^5*b3
2554	8,0,0,1,5,0,1	b4^8*q4_0*q5_0^5*b3
2555	0,0,4,0,5,0,1	q3_0^4*q5_0^5*b3
2556	1,1,3,0,5,0,1	b4*q2_0*q3_0^3*q5_0^5*b3
2557	3,0,3,0,5,0,1	b4^3*q3_0^3*q5_0^5*b3
2558	0,3,2,0,5,0,1	q2_0^3*q3_0^2*q5_0^5*b3
2559	2,2,2,0,5,0,1	b4^2*q2_0^2*q3_0^2*q5_0^5*b3
2560	4,1,2,0,5,0,1	b4^4*q2_0*q3_0^2*q5_0^5*b3
2561	6,0,2,0,5,0,1	b4^6*q3_0^2*q5_0^5*b3
2562	1,4,1,0,5,0,1	b4*q2_0^4*q3_0*q5_0^5*b3
2563	3,3,1,0,5,0,1	b4^3*q2_0^3*q3_0*q5_0^5*b3
2564	5,2,1,0,5,0,1	b4^5*q2_0^2*q3_0*q5_0^5*b3
2565	7,1,1,0,5,0,1	b4^7*q2_0*q3_0*q5_0^5*b3
2566	9,0,1,0,5,0,1	b4^9*q3_0*q5_0^5*b3
2567	0,6,0,0,5,0,1	q2_0^6*q5_0^5*b3
2568	2,5,0,0,5,0,1	b4^2*q2_0^5*q5_0^5*b3
2569	4,4,0,0,5,0,1	b4^4*q2_0^4*q5_0^5*b3
2570	6,3,0,0,5,0,1	b4^6*q2_0^3*q5_0^5*b3
2571	8,2,0,0,5,0,1	b4^8*q2_0^2*q5_0^5*b3
2572	10,1,0,0,5,0,1	b4^10*q2_0*q5_0^5*b3
2573	12,0,0,0,5,0,1	b4^12*q5_0^5*b3
2574	1,0,0,4,4,0,1	b4*q4_0^4*q5_0^4*b3
2575	0,1,1,3,4,0,1	q2_0*q3_0*q4_0^3*q5_0^4*b3
2576	2,0,1,3,4,0,1	b4^2*q3_0*q4_0^3*q5_0^4*b3
2577	1,2,0,3,4,0,1	b4*q2_0^2*q4_0^3*q5_0^4*b3
2578	3,1,0,3,4,0,1	b4^3*q2_0*q4_0^3*q5_0^4*b3
2579	5,0,0,3,4,0,1	b4^5*q4_0^3*q5_0^4*b3
2580	0,0,3,2,4,0,1	q3_0^3*q4_0^2*q5_0^4*b3
2581	1,1,2,2,4,0,1	b4*q2_0*q3_0^2*q4_0^2*q5_0^4*b3
2582	3,0,2,2,4,0,1	b4^3*q3_0^2*q4_0^2*q5_0^4*b3
2583	0,3,1,2,4,0,1	q2_0^3*q3_0*q4_0^2*q5_0^4*b3
2584	2,2,1,2,4,0,1	b4^2*q2_0^2*q3_0*q4_0^2*q5_0^4*b3
2585	4,1,1,2,4,0,1	b4^4*q2_0*q3_0*q4_0^2*q5_0^4*b3
2586	6,0,1,2,4,0,1	b4^6*q3_0*q4_0^2*q5_0^4*b3
2587	1,4,0,2,4,0,1	b4*q2_0^4*q4_0^2*q5_0^4*b3
2588	3,3,0,2,4,0,1	b4^3*q2_0^3*q4_0^2*q5_0^4*b3
2589	5,2,0,2,4,0,1	b4^5*q2_0^2*q4_0^2*q5_0^4*b3
2590	7,1,0,2,4,0,1	b4^7*q2_0*q4_0^2*q5_0^4*b3
2591	9,0,0,2,4,0,1	b4^9*q4_0^2*q5_0^4*b3
2592	1,0,4,1,4,0,1	b4*q3_0^4*q4_0*q5_0^4*b3
2593	0,2,3,1,4,0,1	q2_0^2*q3_0^3*q4_0*q5_0^4*b3
2594	2,1,3,1,4,0,1	b4^2*q2_0*q3_0^3*q4_0*q5_0^4*b3
2595	4,0,3,1,4,0,1	b4^4*q3_0^3*q4_0*q5_0^4*b3
2596	1,3,2,1,4,0,1	b4*q2_0^3*q3_0^2*q4_0*q5_0^4*b3
2597	3,2,2,1,4,0,1	b4^3*q2_0^2*q3_0^2*q4_0*q5_0^4*b3
2598	5,1,2,1,4,0,1	b4^5*q2_0*q3_0^2*q4_0*q5_0^4*b3
2599	7,0,2,1,4,0,1	b4^7*q3_0^2*q4_0*q5_0^4*b3
2600	0,0,1,0,0,7,0	q3_0*q6_0^7
2601	0,0,0,1,1,6,0	q4_0*q5_0*q6_0^6
2602	0,2,0,0,1,6,0	q2_0^2*q5_0*q6_0^6
2603	0,1,1,1,0,6,0	q2_0*q3_0*q4_0*q6_0^6
2604	0,0,3,0,0,6,0	q3_0^3*q6_0^6
2605	0,3,1,0,0,6,0	q2_0^3*q3_0*q6_0^6
2606	0,0,0,0,3,5,0	q5_0^3*q6_0^5
2607	0,1,1,0,2,5,0	q2_0*q3_0*q5_0^2*q6_0^5
2608	0,1,0,2,1,5,0	q2_0*q4_0^2*q5_0*q6_0^5
2609	0,0,2,1,1,5,0	q3_0^2*q4_0*q5_0*q6_0^5
2610	0,3,0,1,1,5,0	q2_0^3*q4_0*q5_0*q6_0^5
2611	0,2,2,0,1,5,0	q2_0^2*q3_0^2*q5_0*q6_0^5
2612	0,5,0,0,1,5,0	q2_0^5*q5_0*q6_0^5
2613	0,0,1,3,0,5,0	q3_0*q4_0^3*q6_0^5
2614	0,2,1,2,0,5,0	q2_0^2*q3_0*q4_0^2*q6_0^5
2615	0,1,3,1,0,5,0	q2_0*q3_0^3*q4_0*q6_0^5
2616	0,4,1,1,0,5,0	q2_0^4*q3_0*q4_0*q6_0^5
2617	0,0,5,0,0,5,0	q3_0^5*q6_0^5
2618	0,3,3,0,0,5,0	q2_0^3*q3_0^3*q6_0^5
2619	0,6,1,0,0,5,0	q2_0^6*q3_0*q6_0^5
2620	0,1,0,1,3,4,0	q2_0*q4_0*q5_0^3*q6_0^4
2621	0,0,2,0,3,4,0	q3_0^2*q5_0^3*q6_0^4
2622	0,3,0,0,3,4,0	q2_0^3*q5_0^3*q6_0^4
2623	0,0,1,2,2,4,0	q3_0*q4_0^2*q5_0^2*q6_0^4
2624	0,2,1,1,2,4,0	q2_0^2*q3_0*q4_0*q5_0^2*q6_0^4
2625	0,1,3,0,2,4,0	q2_0*q3_0^3*q5_0^2*q6_0^4
2626	0,4,1,0,2,4,0	q2_0^4*q3_0*q5_0^2*q6_0^4
2627	0,0,0,4,1,4,0	q4_0^4*q5_0*q6_0^4
2628	0,2,0,3,1,4,0	q2_0^2*q4_0^3*q5_0*q6_0^4
2629	0,1,2,2,1,4,0	q2_0*q3_0^2*q4_0^2*q5_0*q6_0^4
2630	0,4,0,2,1,4,0	q2_0^4*q4_0^2*q5_0*q6_0^4
2631	0,0,4,1,1,4,0	q3_0^4*q4_0*q5_0*q6_0^4
2632	0,3,2,1,1,4,0	q2_0^3*q3_0^2*q4_0*q5_0*q6_0^4
2633	0,6,0,1,1,4,0	q2_0^6*q4_0*q5_0*q6_0^4
2634	0,2,4,0,1,4,0	q2_0^2*q3_0^4*q5_0*q6_0^4
2635	0,5,2,0,1,4,0	q2_0^5*q3_0^2*q5_0*q6_0^4
2636	0,8,0,0,1,4,0	q2_0^8*q5_0*q6_0^4
2637	0,1,1,4,0,4,0	q2_0*q3_0*q4_0^4*q6_0^4
2638	0,0,3,3,0,4,0	q3_0^3*q4_0^3*q6_0^4
2639	0,3,1,3,0,4,0	q2_0^3*q3_0*q4_0^3*q6_0^4
2640	0,2,3,2,0,4,0	q2_0^2*q3_0^3*q4_0^2*q6_0^4
2641	0,5,1,2,0,4,0	q2_0^5*q3_0*q4_0^2*q6_0^4
2642	0,1,5,1,0,4,0	q2_0*q3_0^5*q4_0*q6_0^4
2643	0,4,3,1,0,4,0	q2_0^4*q3_0^3*q4_0*q6_0^4
2644	0,7,1,1,0,4,0	q2_0^7*q3_0*q4_0*q6_0^4
2645	0,0,7,0,0,4,0	q3_0^7*q6_0^4
2646	0,3,5,0,0,4,0	q2_0^3*q3_0^5*q6_0^4
2647	0,6,3,0,0,4,0	q2_0^6*q3_0^3*q6_0^4
2648	0,0,1,1,4,3,0	q3_0*q4_0*q5_0^4*q6_0^3
2649	0,0,0,3,3,3,0	q4_0^3*q5_0^3*q6_0^3
2650	0,0,4,0,3,3,0	q3_0^4*q5_0^3*q6_0^3
2651	0,0,3,2,2,3,0	q3_0^3*q4_0^2*q5_0^2*q6_0^3
2652	0,0,2,4,1,3,0	q3_0^2*q4_0^4*q5_0*q6_0^3
2653	0,0,6,1,1,3,0	q3_0^6*q4_0*q5_0*q6_0^3
2654	0,0,1,6,0,3,0	q3_0*q4_0^6*q6_0^3
2655	0,0,5,3,0,3,0	q3_0^5*q4_0^3*q6_0^3
2656	0,0,0,2,5,2,0	q4_0^2*q5_0^5*q6_0^2
2657	4,1,0,0,4,2,1	b4^4*q2_0*q5_0^4*q6_0^2*b3
2658	6,0,0,0,4,2,1	b4^6*q5_0^4*q6_0^2*b3
2659	0,0,1,2,3,2,1	q3_0*q4_0^2*q5_0^3*q6_0^2*b3
2660	1,1,0,2,3,2,1	b4*q2_0*q4_0^2*q5_0^3*q6_0^2*b3
2661	3,0,0,2,3,2,1	b4^3*q4_0^2*q5_0^3*q6_0^2*b3
2662	1,0,2,1,3,2,1	b4*q3_0^2*q4_0*q5_0^3*q6_0^2*b3
2663	0,2,1,1,3,2,1	q2_0^2*q3_0*q4_0*q5_0^3*q6_0^2*b3
2664	2,1,1,1,3,2,1	b4^2*q2_0*q3_0*q4_0*q5_0^3*q6_0^2*b3
2665	4,0,1,1,3,2,1	b4^4*q3_0*q4_0*q5_0^3*q6_0^2*b3
2666	1,3,0,1,3,2,1	b4*q2_0^3*q4_0*q5_0^3*q6_0^2*b3
2667	3,2,0,1,3,2,1	b4^3*q2_0^2*q4_0*q5_0^3*q6_0^2*b3
2668	5,1,0,1,3,2,1	b4^5*q2_0*q4_0*q5_0^3*q6_0^2*b3
2669	7,0,0,1,3,2,1	b4^7*q4_0*q5_0^3*q6_0^2*b3
2670	0,1,3,0,3,2,1	q2_0*q3_0^3*q5_0^3*q6_0^2*b3
2671	2,0,3,0,3,2,1	b4^2*q3_0^3*q5_0^3*q6_0^2*b3
2672	1,2,2,0,3,2,1	b4*q2_0^2*q3_0^2*q5_0^3*q6_0^2*b3
2673	3,1,2,0,3,2,1	b4^3*q2_0*q3_0^2*q5_0^3*q6_0^2*b3
2674	5,0,2,0,3,2,1	b4^5*q3_0^2*q5_0^3*q6_0^2*b3
2675	0,4,1,0,3,2,1	q2_0^4*q3_0*q5_0^3*q6_0^2*b3
2676	2,3,1,0,3,2,1	b4^2*q2_0^3*q3_0*q5_0^3*q6_0^2*b3
2677	4,2,1,0,3,2,1	b4^4*q2_0^2*q3_0*q5_0^3*q6_0^2*b3
2678	6,1,1,0,3,2,1	b4^6*q2_0*q3_0*q5_0^3*q6_0^2*b3
2679	8,0,1,0,3,2,1	b4^8*q3_0*q5_0^3*q6_0^2*b3
2680	1,5,0,0,3,2,1	b4*q2_0^5*q5_0^3*q6_0^2*b3
2681	3,4,0,0,3,2,1	b4^3*q2_0^4*q5_0^3*q6_0^2*b3
2682	5,3,0,0,3,2,1	b4^5*q2_0^3*q5_0^3*q6_0^2*b3
2683	7,2,0,0,3,2,1	b4^7*q2_0^2*q5_0^3*q6_0^2*b3
2684	9,1,0,0,3,2,1	b4^9*q2_0*q5_0^3*q6_0^2*b3
2685	11,0,0,0,3,2,1	b4^11*q5_0^3*q6_0^2*b3
2686	0,0,0,4,2,2,1	q4_0^4*q5_0^2*q6_0^2*b3
2687	1,0,1,3,2,2,1	b4*q3_0*q4_0^3*q5_0^2*q6_0^2*b3
2688	0,2,0,3,2,2,1	q2_0^2*q4_0^3*q5_0^2*q6_0^2*b3
2689	2,1,0,3,2,2,1	b4^2*q2_0*q4_0^3*q5_0^2*q6_0^2*b3
2690	4,0,0,3,2,2,1	b4^4*q4_0^3*q5_0^2*q6_0^2*b3
2691	0,1,2,2,2,2,1	q2_0*q3_0^2*q4_0^2*q5_0^2*q6_0^2*b3
2692	2,0,2,2,2,2,1	b4^2*q3_0^2*q4_0^2*q5_0^2*q6_0^2*b3
2693	1,2,1,2,2,2,1	b4*q2_0^2*q3_0*q4_0^2*q5_0^2*q6_0^2*b3
2694	3,1,1,2,2,2,1	b4^3*q2_0*q3_0*q4_0^2*q5_0^2*q6_0^2*b3
2695	5,0,1,2,2,2,1	b4^5*q3_0*q4_0^2*q5_0^2*q6_0^2*b3
2696	0,4,0,2,2,2,1	q2_0^4*q4_0^2*q5_0^2*q6_0^2*b3
2697	2,3,0,2,2,2,1	b4^2*q2_0^3*q4_0^2*q5_0^2*q6_0^2*b3
2698	4,2,0,2,2,2,1	b4^4*q2_0^2*q4_0^2*q5_0^2*q6_0^2*b3
2699	6,1,0,2,2,2,1	b4^6*q2_0*q4_0^2*q5_0^2*q6_0^2*b3
2700	8,0,0,2,2,2,1	b4^8*q4_0^2*q5_0^2*q6_0^2*b3
2701	0,0,4,1,2,2,1	q3_0^4*q4_0*q5_0^2*q6_0^2*b3
2702	1,1,3,1,2,2,1	b4*q2_0*q3_0^3*q4_0*q5_0^2*q6_0^2*b3
2703	3,0,3,1,2,2,1	b4^3*q3_0^3*q4_0*q5_0^2*q6_0^2*b3
2704	0,3,2,1,2,2,1	q2_0^3*q3_0^2*q4_0*q5_0^2*q6_0^2*b3
2705	2,2,2,1,2,2,1	b4^2*q2_0^2*q3_0^2*q4_0*q5_0^2*q6_0^2*b3
2706	4,1,2,1,2,2,1	b4^4*q2_0*q3_0^2*q4_0*q5_0^2*q6_0^2*b3
2707	6,0,2,1,2,2,1	b4^6*q3_0^2*q4_0*q5_0^2*q6_0^2*b3
2708	1,4,1,1,2,2,1	b4*q2_0^4*q3_0*q4_0*q5_0^2*q6_0^2*b3
2709	3,3,1,1,2,2,1	b4^3*q2_0^3*q3_0*q4_0*q5_0^2*q6_0^2*b3
2710	5,2,1,1,2,2,1	b4^5*q2_0^2*q3_0*q4_0*q5_0^2*q6_0^2*b3
2711	7,1,1,1,2,2,1	b4^7*q2_0*q3_0*q4_0*q5_0^2*q6_0^2*b3
2712	9,0,1,1,2,2,1	b4^9*q3_0*q4_0*q5_0^2*q6_0^2*b3
2713	0,6,0,1,2,2,1	q2_0^6*q4_0*q5_0^2*q6_0^2*b3
2714	2,5,0,1,2,2,1	b4^2*q2_0^5*q4_0*q5_0^2*q6_0^2*b3
2715	4,4,0,1,2,2,1	b4^4*q2_0^4*q4_0*q5_0^2*q6_0^2*b3
2716	6,3,0,1,2,2,1	b4^6*q2_0^3*q4_0*q5_0^2*q6_0^2*b3
2717	8,2,0,1,2,2,1	b4^8*q2_0^2*q4_0*q5_0^2*q6_0^2*b3
2718	10,1,0,1,2,2,1	b4^10*q2_0*q4_0*q5_0^2*q6_0^2*b3
2719	12,0,0,1,2,2,1	b4^12*q4_0*q5_0^2*q6_0^2*b3
2720	1,0,5,0,2,2,1	b4*q3_0^5*q5_0^2*q6_0^2*b3
2721	0,2,4,0,2,2,1	q2_0^2*q3_0^4*q5_0^2*q6_0^2*b3
2722	2,1,4,0,2,2,1	b4^2*q2_0*q3_0^4*q5_0^2*q6_0^2*b3
2723	4,0,4,0,2,2,1	b4^4*q3_0^4*q5_0^2*q6_0^2*b3
2724	1,3,3,0,2,2,1	b4*q2_0^3*q3_0^3*q5_0^2*q6_0^2*b3
2725	3,2,3,0,2,2,1	b4^3*q2_0^2*q3_0^3*q5_0^2*q6_0^2*b3
2726	5,1,3,0,2,2,1	b4^5*q2_0*q3_0^3*q5_0^2*q6_0^2*b3
2727	7,0,3,0,2,2,1	b4^7*q3_0^3*q5_0^2*q6_0^2*b3
2728	0,5,2,0,2,2,1	q2_0^5*q3_0^2*q5_0^2*q6_0^2*b3
2729	2,4,2,0,2,2,1	b4^2*q2_0^4*q3_0^2*q5_0^2*q6_0^2*b3
2730	4,3,2,0,2,2,1	b4^4*q2_0^3*q3_0^2*q5_0^2*q6_0^2*b3
2731	6,2,2,0,2,2,1	b4^6*q2_0^2*q3_0^2*q5_0^2*q6_0^2*b3
2732	8,1,2,0,2,2,1	b4^8*q2_0*q3_0^2*q5_0^2*q6_0^2*b3
2733	10,0,2,0,2,2,1	b4^10*q3_0^2*q5_0^2*q6_0^2*b3
2734	1,6,1,0,2,2,1	b4*q2_0^6*q3_0*q5_0^2*q6_0^2*b3
2735	3,5,1,0,2,2,1	b4^3*q2_0^5*q3_0*q5_0^2*q6_0^2*b3
2736	5,4,1,0,2,2,1	b4^5*q2_0^4*q3_0*q5_0^2*q6_0^2*b3
2737	7,3,1,0,2,2,1	b4^7*q2_0^3*q3_0*q5_0^2*q6_0^2*b3
2738	9,2,1,0,2,2,1	b4^9*q2_0^2*q3_0*q5_0^2*q6_0^2*b3
2739	11,1,1,0,2,2,1	b4^11*q2_0*q3_0*q5_0^2*q6_0^2*b3
2740	13,0,1,0,2,2,1	b4^13*q3_0*q5_0^2*q6_0^2*b3
2741	0,8,0,0,2,2,1	q2_0^8*q5_0^2*q6_0^2*b3
2742	2,7,0,0,2,2,1	b4^2*q2_0^7*q5_0^2*q6_0^2*b3
2743	4,6,0,0,2,2,1	b4^4*q2_0^6*q5_0^2*q6_0^2*b3
2744	6,5,0,0,2,2,1	b4^6*q2_0^5*q5_0^2*q6_0^2*b3
2745	8,4,0,0,2,2,1	b4^8*q2_0^4*q5_0^2*q6_0^2*b3
2746	10,3,0,0,2,2,1	b4^10*q2_0^3*q5_0^2*q6_0^2*b3
2747	12,2,0,0,2,2,1	b4^12*q2_0^2*q5_0^2*q6_0^2*b3
2748	14,1,0,0,2,2,1	b4^14*q2_0*q5_0^2*q6_0^2*b3
2749	1,0,0,5,1,2,1	b4*q4_0^5*q5_0*q6_0^2*b3
2750	0,1,1,4,1,2,1	q2_0*q3_0*q4_0^4*q5_0*q6_0^2*b3
2751	2,0,1,4,1,2,1	b4^2*q3_0*q4_0^4*q5_0*q6_0^2*b3
2752	1,2,0,4,1,2,1	b4*q2_0^2*q4_0^4*q5_0*q6_0^2*b3
2753	3,1,0,4,1,2,1	b4^3*q2_0*q4_0^4*q5_0*q6_0^2*b3
2754	5,0,0,4,1,2,1	b4^5*q4_0^4*q5_0*q6_0^2*b3
2755	0,0,3,3,1,2,1	q3_0^3*q4_0^3*q5_0*q6_0^2*b3
2756	1,1,2,3,1,2,1	b4*q2_0*q3_0^2*q4_0^3*q5_0*q6_0^2*b3
2757	3,0,2,3,1,2,1	b4^3*q3_0^2*q4_0^3*q5_0*q6_0^2*b3
2758	0,3,1,3,1,2,1	q2_0^3*q3_0*q4_0^3*q5_0*q6_0^2*b3
2759	2,2,1,3,1,2,1	b4^2*q2_0^2*q3_0*q4_0^3*q5_0*q6_0^2*b3
2760	4,1,1,3,1,2,1	b4^4*q2_0*q3_0*q4_0^3*q5_0*q6_0^2*b3
2761	6,0,1,3,1,2,1	b4^6*q3_0*q4_0^3*q5_0*q6_0^2*b3
2762	1,4,0,3,1,2,1	b4*q2_0^4*q4_0^3*q5_0*q6_0^2*b3
2763	3,3,0,3,1,2,1	b4^3*q2_0^3*q4_0^3*q5_0*q6_0^2*b3
2764	5,2,0,3,1,2,1	b4^5*q2_0^2*q4_0^3*q5_0*q6_0^2*b3
2765	7,1,0,3,1,2,1	b4^7*q2_0*q4_0^3*q5_0*q6_0^2*b3
2766	9,0,0,3,1,2,1	b4^9*q4_0^3*q5_0*q6_0^2*b3
2767	1,0,4,2,1,2,1	b4*q3_0^4*q4_0^2*q5_0*q6_0^2*b3
2768	0,2,3,2,1,2,1	q2_0^2*q3_0^3*q4_0^2*q5_0*q6_0^2*b3
2769	2,1,3,2,1,2,1	b4^2*q2_0*q3_0^3*q4_0^2*q5_0*q6_0^2*b3
2770	4,0,3,2,1,2,1	b4^4*q3_0^3*q4_0^2*q5_0*q6_0^2*b3
2771	1,3,2,2,1,2,1	b4*q2_0^3*q3_0^2*q4_0^2*q5_0*q6_0^2*b3
2772	3,2,2,2,1,2,1	b4^3*q2_0^2*q3_0^2*q4_0^2*q5_0*q6_0^2*b3
2773	5,1,2,2,1,2,1	b4^5*q2_0*q3_0^2*q4_0^2*q5_0*q6_0^2*b3
2774	7,0,2,2,1,2,1	b4^7*q3_0^2*q4_0^2*q5_0*q6_0^2*b3
2775	0,5,1,2,1,2,1	q2_0^5*q3_0*q4_0^2*q5_0*q6_0^2*b3
2776	2,4,1,2,1,2,1	b4^2*q2_0^4*q3_0*q4_0^2*q5_0*q6_0^2*b3
2777	4,3,1,2,1,2,1	b4^4*q2_0^3*q3_0*q4_0^2*q5_0*q6_0^2*b3
2778	6,2,1,2,1,2,1	b4^6*q2_0^2*q3_0*q4_0^2*q5_0*q6_0^2*b3
2779	8,1,1,2,1,2,1	b4^8*q2_0*q3_0*q4_0^2*q5_0*q6_0^2*b3
2780	10,0,1,2,1,2,1	b4^10*q3_0*q4_0^2*q5_0*q6_0^2*b3
2781	1,6,0,2,1,2,1	b4*q2_0^6*q4_0^2*q5_0*q6_0^2*b3
2782	3,5,0,2,1,2,1	b4^3*q2_0^5*q4_0^2*q5_0*q6_0^2*b3
2783	5,4,0,2,1,2,1	b4^5*q2_0^4*q4_0^2*q5_0*q6_0^2*b3
2784	7,3,0,2,1,2,1	b4^7*q2_0^3*q4_0^2*q5_0*q6_0^2*b3
2785	9,2,0,2,1,2,1	b4^9*q2_0^2*q4_0^2*q5_0*q6_0^2*b3
2786	11,1,0,2,1,2,1	b4^11*q2_0*q4_0^2*q5_0*q6_0^2*b3
2787	13,0,0,2,1,2,1	b4^13*q4_0^2*q5_0*q6_0^2*b3
2788	0,1,5,1,1,2,1	q2_0*q3_0^5*q4_0*q5_0*q6_0^2*b3
2789	2,0,5,1,1,2,1	b4^2*q3_0^5*q4_0*q5_0*q6_0^2*b3
2790	1,2,4,1,1,2,1	b4*q2_0^2*q3_0^4*q4_0*q5_0*q6_0^2*b3
2791	3,1,4,1,1,2,1	b4^3*q2_0*q3_0^4*q4_0*q5_0*q6_0^2*b3
2792	5,0,4,1,1,2,1	b4^5*q3_0^4*q4_0*q5_0*q6_0^2*b3
2793	0,4,3,1,1,2,1	q2_0^4*q3_0^3*q4_0*q5_0*q6_0^2*b3
2794	2,3,3,1,1,2,1	b4^2*q2_0^3*q3_0^3*q4_0*q5_0*q6_0^2*b3
2795	4,2,3,1,1,2,1	b4^4*q2_0^2*q3_0^3*q4_0*q5_0*q6_0^2*b3
2796	6,1,3,1,1,2,1	b4^6*q2_0*q3_0^3*q4_0*q5_0*q6_0^2*b3
2797	8,0,3,1,1,2,1	b4^8*q3_0^3*q4_0*q5_0*q6_0^2*b3
2798	1,5,2,1,1,2,1	b4*q2_0^5*q3_0^2*q4_0*q5_0*q6_0^2*b3
2799	3,4,2,1,1,2,1	b4^3*q2_0^4*q3_0^2*q4_0*q5_0*q6_0^2*b3
2800	5,3,2,1,1,2,1	b4^5*q2_0^3*q3_0^2*q4_0*q5_0*q6_0^2*b3
2801	7,2,2,1,1,2,1	b4^7*q2_0^2*q3_0^2*q4_0*q5_0*q6_0^2*b3
2802	9,1,2,1,1,2,1	b4^9*q2_0*q3_0^2*q4_0*q5_0*q6_0^2*b3
2803	11,0,2,1,1,2,1	b4^11*q3_0^2*q4_0*q5_0*q6_0^2*b3
2804	0,7,1,1,1,2,1	q2_0^7*q3_0*q4_0*q5_0*q6_0^2*b3
2805	2,6,1,1,1,2,1	b4^2*q2_0^6*q3_0*q4_0*q5_0*q6_0^2*b3
2806	4,5,1,1,1,2,1	b4^4*q2_0^5*q3_0*q4_0*q5_0*q6_0^2*b3
2807	6,4,1,1,1,2,1	b4^6*q2_0^4*q3_0*q4_0*q5_0*q6_0^2*b3
2808	8,3,1,1,1,2,1	b4^8*q2_0^3*q3_0*q4_0*q5_0*q6_0^2*b3
2809	10,2,1,1,1,2,1	b4^10*q2_0^2*q3_0*q4_0*q5_0*q6_0^2*b3
2810	12,1,1,1,1,2,1	b4^12*q2_0*q3_0*q4_0*q5_0*q6_0^2*b3
2811	14,0,1,1,1,2,1	b4^14*q3_0*q4_0*q5_0*q6_0^2*b3
2812	1,8,0,1,1,2,1	b4*q2_0^8*q4_0*q5_0*q6_0^2*b3
2813	3,7,0,1,1,2,1	b4^3*q2_0^7*q4_0*q5_0*q6_0^2*b3
2814	5,6,0,1,1,2,1	b4^5*q2_0^6*q4_0*q5_0*q6_0^2*b3
2815	7,5,0,1,1,2,1	b4^7*q2_0^5*q4_0*q5_0*q6_0^2*b3
2816	9,4,0,1,1,2,1	b4^9*q2_0^4*q4_0*q5_0*q6_0^2*b3
2817	11,3,0,1,1,2,1	b4^11*q2_0^3*q4_0*q5_0*q6_0^2*b3
2818	13,2,0,1,1,2,1	b4^13*q2_0^2*q4_0*q5_0*q6_0^2*b3
2819	0,0,7,0,1,2,1	q3_0^7*q5_0*q6_0^2*b3
2820	1,1,6,0,1,2,1	b4*q2_0*q3_0^6*q5_0*q6_0^2*b3
2821	3,0,6,0,1,2,1	b4^3*q3_0^6*q5_0*q6_0^2*b3
2822	0,3,5,0,1,2,1	q2_0^3*q3_0^5*q5_0*q6_0^2*b3
2823	2,2,5,0,1,2,1	b4^2*q2_0^2*q3_0^5*q5_0*q6_0^2*b3
2824	4,1,5,0,1,2,1	b4^4*q2_0*q3_0^5*q5_0*q6_0^2*b3
2825	6,0,5,0,1,2,1	b4^6*q3_0^5*q5_0*q6_0^2*b3
2826	1,4,4,0,1,2,1	b4*q2_0^4*q3_0^4*q5_0*q6_0^2*b3
2827	3,3,4,0,1,2,1	b4^3*q2_0^3*q3_0^4*q5_0*q6_0^2*b3
2828	5,2,4,0,1,2,1	b4^5*q2_0^2*q3_0^4*q5_0*q6_0^2*b3
2829	7,1,4,0,1,2,1	b4^7*q2_0*q3_0^4*q5_0*q6_0^2*b3
2830	9,0,4,0,1,2,1	b4^9*q3_0^4*q5_0*q6_0^2*b3
2831	0,6,3,0,1,2,1	q2_0^6*q3_0^3*q5_0*q6_0^2*b3
2832	2,5,3,0,1,2,1	b4^2*q2_0^5*q3_0^3*q5_0*q6_0^2*b3
2833	4,4,3,0,1,2,1	b4^4*q2_0^4*q3_0^3*q5_0*q6_0^2*b3
2834	6,3,3,0,1,2,1	b4^6*q2_0^3*q3_0^3*q5_0*q6_0^2*b3
2835	8,2,3,0,1,2,1	b4^8*q2_0^2*q3_0^3*q5_0*q6_0^2*b3
2836	10,1,3,0,1,2,1	b4^10*q2_0*q3_0^3*q5_0*q6_0^2*b3
2837	12,0,3,0,1,2,1	b4^12*q3_0^3*q5_0*q6_0^2*b3
2838	1,7,2,0,1,2,1	b4*q2_0^7*q3_0^2*q5_0*q6_0^2*b3
2839	3,6,2,0,1,2,1	b4^3*q2_0^6*q3_0^2*q5_0*q6_0^2*b3
2840	5,5,2,0,1,2,1	b4^5*q2_0^5*q3_0^2*q5_0*q6_0^2*b3
2841	7,4,2,0,1,2,1	b4^7*q2_0^4*q3_0^2*q5_0*q6_0^2*b3
2842	9,3,2,0,1,2,1	b4^9*q2_0^3*q3_0^2*q5_0*q6_0^2*b3
2843	11,2,2,0,1,2,1	b4^11*q2_0^2*q3_0^2*q5_0*q6_0^2*b3
2844	13,1,2,0,1,2,1	b4^13*q2_0*q3_0^2*q5_0*q6_0^2*b3
2845	15,0,2,0,1,2,1	b4^15*q3_0^2*q5_0*q6_0^2*b3
2846	0,9,1,0,1,2,1	q2_0^9*q3_0*q5_0*q6_0^2*b3
2847	2,8,1,0,1,2,1	b4^2*q2_0^8*q3_0*q5_0*q6_0^2*b3
2848	4,7,1,0,1,2,1	b4^4*q2_0^7*q3_0*q5_0*q6_0^2*b3
2849	6,6,1,0,1,2,1	b4^6*q2_0^6*q3_0*q5_0*q6_0^2*b3
2850	8,5,1,0,1,2,1	b4^8*q2_0^5*q3_0*q5_0*q6_0^2*b3
2851	0,1,0,6,0,2,1	q2_0*q4_0^6*q6_0^2*b3
2852	2,0,0,6,0,2,1	b4^2*q4_0^6*q6_0^2*b3
2853	0,0,2,5,0,2,1	q3_0^2*q4_0^5*q6_0^2*b3
2854	1,1,1,5,0,2,1	b4*q2_0*q3_0*q4_0^5*q6_0^2*b3
2855	3,0,1,5,0,2,1	b4^3*q3_0*q4_0^5*q6_0^2*b3
2856	0,3,0,5,0,2,1	q2_0^3*q4_0^5*q6_0^2*b3
2857	2,2,0,5,0,2,1	b4^2*q2_0^2*q4_0^5*q6_0^2*b3
2858	4,1,0,5,0,2,1	b4^4*q2_0*q4_0^5*q6_0^2*b3
2859	6,0,0,5,0,2,1	b4^6*q4_0^5*q6_0^2*b3
2860	1,0,3,4,0,2,1	b4*q3_0^3*q4_0^4*q6_0^2*b3
2861	0,2,2,4,0,2,1	q2_0^2*q3_0^2*q4_0^4*q6_0^2*b3
2862	2,1,2,4,0,2,1	b4^2*q2_0*q3_0^2*q4_0^4*q6_0^2*b3
2863	4,0,2,4,0,2,1	b4^4*q3_0^2*q4_0^4*q6_0^2*b3
2864	1,3,1,4,0,2,1	b4*q2_0^3*q3_0*q4_0^4*q6_0^2*b3
2865	3,2,1,4,0,2,1	b4^3*q2_0^2*q3_0*q4_0^4*q6_0^2*b3
2866	5,1,1,4,0,2,1	b4^5*q2_0*q3_0*q4_0^4*q6_0^2*b3
2867	7,0,1,4,0,2,1	b4^7*q3_0*q4_0^4*q6_0^2*b3
2868	0,5,0,4,0,2,1	q2_0^5*q4_0^4*q6_0^2*b3
2869	2,4,0,4,0,2,1	b4^2*q2_0^4*q4_0^4*q6_0^2*b3
2870	4,3,0,4,0,2,1	b4^4*q2_0^3*q4_0^4*q6_0^2*b3
2871	6,2,0,4,0,2,1	b4^6*q2_0^2*q4_0^4*q6_0^2*b3
2872	8,1,0,4,0,2,1	b4^8*q2_0*q4_0^4*q6_0^2*b3
2873	10,0,0,4,0,2,1	b4^10*q4_0^4*q6_0^2*b3
2874	0,1,4,3,0,2,1	q2_0*q3_0^4*q4_0^3*q6_0^2*b3
2875	2,0,4,3,0,2,1	b4^2*q3_0^4*q4_0^3*q6_0^2*b3
2876	1,2,3,3,0,2,1	b4*q2_0^2*q3_0^3*q4_0^3*q6_0^2*b3
2877	3,1,3,3,0,2,1	b4^3*q2_0*q3_0^3*q4_0^3*q6_0^2*b3
2878	5,0,3,3,0,2,1	b4^5*q3_0^3*q4_0^3*q6_0^2*b3
2879	0,4,2,3,0,2,1	q2_0^4*q3_0^2*q4_0^3*q6_0^2*b3
2880	2,3,2,3,0,2,1	b4^2*q2_0^3*q3_0^2*q4_0^3*q6_0^2*b3
2881	4,2,2,3,0,2,1	b4^4*q2_0^2*q3_0^2*q4_0^3*q6_0^2*b3
2882	6,1,2,3,0,2,1	b4^6*q2_0*q3_0^2*q4_0^3*q6_0^2*b3
2883	8,0,2,3,0,2,1	b4^8*q3_0^2*q4_0^3*q6_0^2*b3
2884	1,5,1,3,0,2,1	b4*q2_0^5*q3_0*q4_0^3*q6_0^2*b3
2885	3,4,1,3,0,2,1	b4^3*q2_0^4*q3_0*q4_0^3*q6_0^2*b3
2886	5,3,1,3,0,2,1	b4^5*q2_0^3*q3_0*q4_0^3*q6_0^2*b3
2887	7,2,1,3,0,2,1	b4^7*q2_0^2*q3_0*q4_0^3*q6_0^2*b3
2888	9,1,1,3,0,2,1	b4^9*q2_0*q3_0*q4_0^3*q6_0^2*b3
2889	11,0,1,3,0,2,1	b4^11*q3_0*q4_0^3*q6_0^2*b3
2890	0,7,0,3,0,2,1	q2_0^7*q4_0^3*q6_0^2*b3
2891	2,6,0,3,0,2,1	b4^2*q2_0^6*q4_0^3*q6_0^2*b3
2892	4,5,0,3,0,2,1	b4^4*q2_0^5*q4_0^3*q6_0^2*b3
2893	6,4,0,3,0,2,1	b4^6*q2_0^4*q4_0^3*q6_0^2*b3
2894	8,3,0,3,0,2,1	b4^8*q2_0^3*q4_0^3*q6_0^2*b3
2895	10,2,0,3,0,2,1	b4^10*q2_0^2*q4_0^3*q6_0^2*b3
2896	12,1,0,3,0,2,1	b4^12*q2_0*q4_0^3*q6_0^2*b3
2897	14,0,0,3,0,2,1	b4^14*q4_0^3*q6_0^2*b3
2898	0,0,6,2,0,2,1	q3_0^6*q4_0^2*q6_0^2*b3
2899	1,1,5,2,0,2,1	b4*q2_0*q3_0^5*q4_0^2*q6_0^2*b3
2900	3,0,5,2,0,2,1	b4^3*q3_0^5*q4_0^2*q6_0^2*b3
2901	0,3,4,2,0,2,1	q2_0^3*q3_0^4*q4_0^2*q6_0^2*b3
2902	2,2,4,2,0,2,1	b4^2*q2_0^2*q3_0^4*q4_0^2*q6_0^2*b3
2903	4,1,4,2,0,2,1	b4^4*q2_0*q3_0^4*q4_0^2*q6_0^2*b3
2904	6,0,4,2,0,2,1	b4^6*q3_0^4*q4_0^2*q6_0^2*b3
2905	1,4,3,2,0,2,1	b4*q2_0^4*q3_0^3*q4_0^2*q6_0^2*b3
2906	3,3,3,2,0,2,1	b4^3*q2_0^3*q3_0^3*q4_0^2*q6_0^2*b3
2907	5,2,3,2,0,2,1	b4^5*q2_0^2*q3_0^3*q4_0^2*q6_0^2*b3
2908	7,1,3,2,0,2,1	b4^7*q2_0*q3_0^3*q4_0^2*q6_0^2*b3
2909	9,0,3,2,0,2,1	b4^9*q3_0^3*q4_0^2*q6_0^2*b3
2910	0,6,2,2,0,2,1	q2_0^6*q3_0^2*q4_0^2*q6_0^2*b3
2911	2,5,2,2,0,2,1	b4^2*q2_0^5*q3_0^2*q4_0^2*q6_0^2*b3
2912	4,4,2,2,0,2,1	b4^4*q2_0^4*q3_0^2*q4_0^2*q6_0^2*b3
2913	6,3,2,2,0,2,1	b4^6*q2_0^3*q3_0^2*q4_0^2*q6_0^2*b3
2914	8,2,2,2,0,2,1	b4^8*q2_0^2*q3_0^2*q4_0^2*q6_0^2*b3
2915	10,1,2,2,0,2,1	b4^10*q2_0*q3_0^2*q4_0^2*q6_0^2*b3
2916	12,0,2,2,0,2,1	b4^12*q3_0^2*q4_0^2*q6_0^2*b3
2917	1,7,1,2,0,2,1	b4*q2_0^7*q3_0*q4_0^2*q6_0^2*b3
2918	3,6,1,2,0,2,1	b4^3*q2_0^6*q3_0*q4_0^2*q6_0^2*b3
2919	5,5,1,2,0,2,1	b4^5*q2_0^5*q3_0*q4_0^2*q6_0^2*b3
2920	7,4,1,2,0,2,1	b4^7*q2_0^4*q3_0*q4_0^2*q6_0^2*b3
2921	9,3,1,2,0,2,1	b4^9*q2_0^3*q3_0*q4_0^2*q6_0^2*b3
2922	11,2,1,2,0,2,1	b4^11*q2_0^2*q3_0*q4_0^2*q6_0^2*b3
2923	13,1,1,2,0,2,1	b4^13*q2_0*q3_0*q4_0^2*q6_0^2*b3
2924	15,0,1,2,0,2,1	b4^15*q3_0*q4_0^2*q6_0^2*b3
2925	0,9,0,2,0,2,1	q2_0^9*q4_0^2*q6_0^2*b3
2926	2,8,0,2,0,2,1	b4^2*q2_0^8*q4_0^2*q6_0^2*b3
2927	4,7,0,2,0,2,1	b4^4*q2_0^7*q4_0^2*q6_0^2*b3
2928	6,6,0,2,0,2,1	b4^6*q2_0^6*q4_0^2*q6_0^2*b3
2929	8,5,0,2,0,2,1	b4^8*q2_0^5*q4_0^2*q6_0^2*b3
2930	10,4,0,2,0,2,1	b4^10*q2_0^4*q4_0^2*q6_0^2*b3
2931	1,0,7,1,0,2,1	b4*q3_0^7*q4_0*q6_0^2*b3
2932	0,2,6,1,0,2,1	q2_0^2*q3_0^6*q4_0*q6_0^2*b3
2933	2,1,6,1,0,2,1	b4^2*q2_0*q3_0^6*q4_0*q6_0^2*b3
2934	4,0,6,1,0,2,1	b4^4*q3_0^6*q4_0*q6_0^2*b3
2935	1,3,5,1,0,2,1	b4*q2_0^3*q3_0^5*q4_0*q6_0^2*b3
2936	3,2,5,1,0,2,1	b4^3*q2_0^2*q3_0^5*q4_0*q6_0^2*b3
2937	5,1,5,1,0,2,1	b4^5*q2_0*q3_0^5*q4_0*q6_0^2*b3
2938	7,0,5,1,0,2,1	b4^7*q3_0^5*q4_0*q6_0^2*b3
2939	0,5,4,1,0,2,1	q2_0^5*q3_0^4*q4_0*q6_0^2*b3
2940	2,4,4,1,0,2,1	b4^2*q2_0^4*q3_0^4*q4_0*q6_0^2*b3
2941	4,3,4,1,0,2,1	b4^4*q2_0^3*q3_0^4*q4_0*q6_0^2*b3
2942	6,2,4,1,0,2,1	b4^6*q2_0^2*q3_0^4*q4_0*q6_0^2*b3
2943	8,1,4,1,0,2,1	b4^8*q2_0*q3_0^4*q4_0*q6_0^2*b3
2944	10,0,4,1,0,2,1	b4^10*q3_0^4*q4_0*q6_0^2*b3
2945	1,6,3,1,0,2,1	b4*q2_0^6*q3_0^3*q4_0*q6_0^2*b3
2946	3,5,3,1,0,2,1	b4^3*q2_0^5*q3_0^3*q4_0*q6_0^2*b3
2947	5,4,3,1,0,2,1	b4^5*q2_0^4*q3_0^3*q4_0*q6_0^2*b3
2948	7,3,3,1,0,2,1	b4^7*q2_0^3*q3_0^3*q4_0*q6_0^2*b3
2949	9,2,3,1,0,2,1	b4^9*q2_0^2*q3_0^3*q4_0*q6_0^2*b3
2950	11,1,3,1,0,2,1	b4^11*q2_0*q3_0^3*q4_0*q6_0^2*b3
2951	13,0,3,1,0,2,1	b4^13*q3_0^3*q4_0*q6_0^2*b3
2952	0,8,2,1,0,2,1	q2_0^8*q3_0^2*q4_0*q6_0^2*b3
2953	2,7,2,1,0,2,1	b4^2*q2_0^7*q3_0^2*q4_0*q6_0^2*b3
2954	4,6,2,1,0,2,1	b4^4*q2_0^6*q3_0^2*q4_0*q6_0^2*b3
2955	6,5,2,1,0,2,1	b4^6*q2_0^5*q3_0^2*q4_0*q6_0^2*b3
2956	8,4,2,1,0,2,1	b4^8*q2_0^4*q3_0^2*q4_0*q6_0^2*b3
2957	10,3,2,1,0,2,1	b4^10*q2_0^3*q3_0^2*q4_0*q6_0^2*b3
2958	12,2,2,1,0,2,1	b4^12*q2_0^2*q3_0^2*q4_0*q6_0^2*b3
2959	14,1,2,1,0,2,1	b4^14*q2_0*q3_0^2*q4_0*q6_0^2*b3
2960	0,1,8,0,0,2,1	q2_0*q3_0^8*q6_0^2*b3
2961	2,0,8,0,0,2,1	b4^2*q3_0^8*q6_0^2*b3
2962	1,2,7,0,0,2,1	b4*q2_0^2*q3_0^7*q6_0^2*b3
2963	0,1,0,0,6,1,1	q2_0*q5_0^6*q6_0*b3
2964	2,0,0,0,6,1,1	b4^2*q5_0^6*q6_0*b3
2965	0,0,1,1,5,1,1	q3_0*q4_0*q5_0^5*q6_0*b3
2966	1,1,0,1,5,1,1	b4*q2_0*q4_0*q5_0^5*q6_0*b3
2967	3,0,0,1,5,1,1	b4^3*q4_0*q5_0^5*q6_0*b3
2968	1,0,2,0,5,1,1	b4*q3_0^2*q5_0^5*q6_0*b3
2969	0,2,1,0,5,1,1	q2_0^2*q3_0*q5_0^5*q6_0*b3
2970	2,1,1,0,5,1,1	b4^2*q2_0*q3_0*q5_0^5*q6_0*b3
2971	4,0,1,0,5,1,1	b4^4*q3_0*q5_0^5*q6_0*b3
2972	1,3,0,0,5,1,1	b4*q2_0^3*q5_0^5*q6_0*b3
2973	3,2,0,0,5,1,1	b4^3*q2_0^2*q5_0^5*q6_0*b3
2974	5,1,0,0,5,1,1	b4^5*q2_0*q5_0^5*q6_0*b3
2975	7,0,0,0,5,1,1	b4^7*q5_0^5*q6_0*b3
2976	0,0,0,3,4,1,1	q4_0^3*q5_0^4*q6_0*b3
2977	1,0,1,2,4,1,1	b4*q3_0*q4_0^2*q5_0^4*q6_0*b3
2978	0,2,0,2,4,1,1	q2_0^2*q4_0^2*q5_0^4*q6_0*b3
2979	2,1,0,2,4,1,1	b4^2*q2_0*q4_0^2*q5_0^4*q6_0*b3
2980	4,0,0,2,4,1,1	b4^4*q4_0^2*q5_0^4*q6_0*b3
2981	0,1,2,1,4,1,1	q2_0*q3_0^2*q4_0*q5_0^4*q6_0*b3
2982	2,0,2,1,4,1,1	b4^2*q3_0^2*q4_0*q5_0^4*q6_0*b3
2983	1,2,1,1,4,1,1	b4*q2_0^2*q3_0*q4_0*q5_0^4*q6_0*b3
2984	3,1,1,1,4,1,1	b4^3*q2_0*q3_0*q4_0*q5_0^4*q6_0*b3
2985	5,0,1,1,4,1,1	b4^5*q3_0*q4_0*q5_0^4*q6_0*b3
2986	0,4,0,1,4,1,1	q2_0^4*q4_0*q5_0^4*q6_0*b3
2987	2,3,0,1,4,1,1	b4^2*q2_0^3*q4_0*q5_0^4*q6_0*b3
2988	4,2,0,1,4,1,1	b4^4*q2_0^2*q4_0*q5_0^4*q6_0*b3
2989	6,1,0,1,4,1,1	b4^6*q2_0*q4_0*q5_0^4*q6_0*b3
2990	8,0,0,1,4,1,1	b4^8*q4_0*q5_0^4*q6_0*b3
2991	0,0,4,0,4,1,1	q3_0^4*q5_0^4*q6_0*b3
2992	1,1,3,0,4,1,1	b4*q2_0*q3_0^3*q5_0^4*q6_0*b3
2993	3,0,3,0,4,1,1	b4^3*q3_0^3*q5_0^4*q6_0*b3
2994	0,3,2,0,4,1,1	q2_0^3*q3_0^2*q5_0^4*q6_0*b3
2995	2,2,2,0,4,1,1	b4^2*q2_0^2*q3_0^2*q5_0^4*q6_0*b3
2996	4,1,2,0,4,1,1	b4^4*q2_0*q3_0^2*q5_0^4*q6_0*b3
2997	6,0,2,0,4,1,1	b4^6*q3_0^2*q5_0^4*q6_0*b3
2998	1,4,1,0,4,1,1	b4*q2_0^4*q3_0*q5_0^4*q6_0*b3
2999	3,3,1,0,4,1,1	b4^3*q2_0^3*q3_0*q5_0^4*q6_0*b3
3000	5,2,1,0,4,1,1	b4^5*q2_0^2*q3_0*q5_0^4*q6_0*b3
3001	7,1,1,0,4,1,1	b4^7*q2_0*q3_0*q5_0^4*q6_0*b3
3002	9,0,1,0,4,1,1	b4^9*q3_0*q5_0^4*q6_0*b3
3003	0,6,0,0,4,1,1	q2_0^6*q5_0^4*q6_0*b3
3004	2,5,0,0,4,1,1	b4^2*q2_0^5*q5_0^4*q6_0*b3
3005	4,4,0,0,4,1,1	b4^4*q2_0^4*q5_0^4*q6_0*b3
3006	6,3,0,0,4,1,1	b4^6*q2_0^3*q5_0^4*q6_0*b3
3007	8,2,0,0,4,1,1	b4^8*q2_0^2*q5_0^4*q6_0*b3
3008	10,1,0,0,4,1,1	b4^10*q2_0*q5_0^4*q6_0*b3
3009	12,0,0,0,4,1,1	b4^12*q5_0^4*q6_0*b3
3010	1,0,0,4,3,1,1	b4*q4_0^4*q5_0^3*q6_0*b3
3011	0,1,1,3,3,1,1	q2_0*q3_0*q4_0^3*q5_0^3*q6_0*b3
3012	2,0,1,3,3,1,1	b4^2*q3_0*q4_0^3*q5_0^3*q6_0*b3
3013	1,2,0,3,3,1,1	b4*q2_0^2*q4_0^3*q5_0^3*q6_0*b3
3014	3,1,0,3,3,1,1	b4^3*q2_0*q4_0^3*q5_0^3*q6_0*b3
3015	5,0,0,3,3,1,1	b4^5*q4_0^3*q5_0^3*q6_0*b3
3016	0,0,3,2,3,1,1	q3_0^3*q4_0^2*q5_0^3*q6_0*b3
3017	1,1,2,2,3,1,1	b4*q2_0*q3_0^2*q4_0^2*q5_0^3*q6_0*b3
3018	3,0,2,2,3,1,1	b4^3*q3_0^2*q4_0^2*q5_0^3*q6_0*b3
3019	0,3,1,2,3,1,1	q2_0^3*q3_0*q4_0^2*q5_0^3*q6_0*b3
3020	2,2,1,2,3,1,1	b4^2*q2_0^2*q3_0*q4_0^2*q5_0^3*q6_0*b3
3021	4,1,1,2,3,1,1	b4^4*q2_0*q3_0*q4_0^2*q5_0^3*q6_0*b3
3022	6,0,1,2,3,1,1	b4^6*q3_0*q4_0^2*q5_0^3*q6_0*b3
3023	1,4,0,2,3,1,1	b4*q2_0^4*q4_0^2*q5_0^3*q6_0*b3
3024	3,3,0,2,3,1,1	b4^3*q2_0^3*q4_0^2*q5_0^3*q6_0*b3
3025	5,2,0,2,3,1,1	b4^5*q2_0^2*q4_0^2*q5_0^3*q6_0*b3
3026	7,1,0,2,3,1,1	b4^7*q2_0*q4_0^2*q5_0^3*q6_0*b3
3027	9,0,0,2,3,1,1	b4^9*q4_0^2*q5_0^3*q6_0*b3
3028	1,0,4,1,3,1,1	b4*q3_0^4*q4_0*q5_0^3*q6_0*b3
3029	0,2,3,1,3,1,1	q2_0^2*q3_0^3*q4_0*q5_0^3*q6_0*b3
3030	2,1,3,1,3,1,1	b4^2*q2_0*q3_0^3*q4_0*q5_0^3*q6_0*b3
3031	4,0,3,1,3,1,1	b4^4*q3_0^3*q4_0*q5_0^3*q6_0*b3
3032	1,3,2,1,3,1,1	b4*q2_0^3*q3_0^2*q4_0*q5_0^3*q6_0*b3
3033	3,2,2,1,3,1,1	b4^3*q2_0^2*q3_0^2*q4_0*q5_0^3*q6_0*b3
3034	5,1,2,1,3,1,1	b4^5*q2_0*q3_0^2*q4_0*q5_0^3*q6_0*b3
3035	7,0,2,1,3,1,1	b4^7*q3_0^2*q4_0*q5_0^3*q6_0*b3
3036	0,5,1,1,3,1,1	q2_0^5*q3_0*q4_0*q5_0^3*q6_0*b3
3037	2,4,1,1,3,1,1	b4^2*q2_0^4*q3_0*q4_0*q5_0^3*q6_0*b3
3038	4,3,1,1,3,1,1	b4^4*q2_0^3*q3_0*q4_0*q5_0^3*q6_0*b3
3039	6,2,1,1,3,1,1	b4^6*q2_0^2*q3_0*q4_0*q5_0^3*q6_0*b3
3040	8,1,1,1,3,1,1	b4^8*q2_0*q3_0*q4_0*q5_0^3*q6_0*b3
3041	10,0,1,1,3,1,1	b4^10*q3_0*q4_0*q5_0^3*q6_0*b3
3042	1,6,0,1,3,1,1	b4*q2_0^6*q4_0*q5_0^3*q6_0*b3
3043	3,5,0,1,3,1,1	b4^3*q2_0^5*q4_0*q5_0^3*q6_0*b3
3044	5,4,0,1,3,1,1	b4^5*q2_0^4*q4_0*q5_0^3*q6_0*b3
3045	7,3,0,1,3,1,1	b4^7*q2_0^3*q4_0*q5_0^3*q6_0*b3
3046	9,2,0,1,3,1,1	b4^9*q2_0^2*q4_0*q5_0^3*q6_0*b3
3047	11,1,0,1,3,1,1	b4^11*q2_0*q4_0*q5_0^3*q6_0*b3
3048	13,0,0,1,3,1,1	b4^13*q4_0*q5_0^3*q6_0*b3
3049	0,1,5,0,3,1,1	q2_0*q3_0^5*q5_0^3*q6_0*b3
3050	2,0,5,0,3,1,1	b4^2*q3_0^5*q5_0^3*q6_0*b3
3051	1,2,4,0,3,1,1	b4*q2_0^2*q3_0^4*q5_0^3*q6_0*b3
3052	3,1,4,0,3,1,1	b4^3*q2_0*q3_0^4*q5_0^3*q6_0*b3
3053	5,0,4,0,3,1,1	b4^5*q3_0^4*q5_0^3*q6_0*b3
3054	0,4,3,0,3,1,1	q2_0^4*q3_0^3*q5_0^3*q6_0*b3
3055	2,3,3,0,3,1,1	b4^2*q2_0^3*q3_0^3*q5_0^3*q6_0*b3
3056	4,2,3,0,3,1,1	b4^4*q2_0^2*q3_0^3*q5_0^3*q6_0*b3
3057	6,1,3,0,3,1,1	b4^6*q2_0*q3_0^3*q5_0^3*q6_0*b3
3058	8,0,3,0,3,1,1	b4^8*q3_0^3*q5_0^3*q6_0*b3
3059	1,5,2,0,3,1,1	b4*q2_0^5*q3_0^2*q5_0^3*q6_0*b3
3060	3,4,2,0,3,1,1	b4^3*q2_0^4*q3_0^2*q5_0^3*q6_0*b3
3061	5,3,2,0,3,1,1	b4^5*q2_0^3*q3_0^2*q5_0^3*q6_0*b3
3062	7,2,2,0,3,1,1	b4^7*q2_0^2*q3_0^2*q5_0^3*q6_0*b3
3063	9,1,2,0,3,1,1	b4^9*q2_0*q3_0^2*q5_0^3*q6_0*b3
3064	11,0,2,0,3,1,1	b4^11*q3_0^2*q5_0^3*q6_0*b3
3065	0,7,1,0,3,1,1	q2_0^7*q3_0*q5_0^3*q6_0*b3
3066	2,6,1,0,3,1,1	b4^2*q2_0^6*q3_0*q5_0^3*q6_0*b3
3067	4,5,1,0,3,1,1	b4^4*q2_0^5*q3_0*q5_0^3*q6_0*b3
3068	6,4,1,0,3,1,1	b4^6*q2_0^4*q3_0*q5_0^3*q6_0*b3
3069	8,3,1,0,3,1,1	b4^8*q2_0^3*q3_0*q5_0^3*q6_0*b3
3070	10,2,1,0,3,1,1	b4^10*q2_0^2*q3_0*q5_0^3*q6_0*b3
3071	12,1,1,0,3,1,1	b4^12*q2_0*q3_0*q5_0^3*q6_0*b3
3072	14,0,1,0,3,1,1	b4^14*q3_0*q5_0^3*q6_0*b3
3073	1,8,0,0,3,1,1	b4*q2_0^8*q5_0^3*q6_0*b3
3074	3,7,0,0,3,1,1	b4^3*q2_0^7*q5_0^3*q6_0*b3
3075	5,6,0,0,3,1,1	b4^5*q2_0^6*q5_0^3*q6_0*b3
3076	7,5,0,0,3,1,1	b4^7*q2_0^5*q5_0^3*q6_0*b3
3077	9,4,0,0,3,1,1	b4^9*q2_0^4*q5_0^3*q6_0*b3
3078	11,3,0,0,3,1,1	b4^11*q2_0^3*q5_0^3*q6_0*b3
3079	13,2,0,0,3,1,1	b4^13*q2_0^2*q5_0^3*q6_0*b3
3080	0,1,0,5,2,1,1	q2_0*q4_0^5*q5_0^2*q6_0*b3
3081	2,0,0,5,2,1,1	b4^2*q4_0^5*q5_0^2*q6_0*b3
3082	0,0,2,4,2,1,1	q3_0^2*q4_0^4*q5_0^2*q6_0*b3
3083	1,1,1,4,2,1,1	b4*q2_0*q3_0*q4_0^4*q5_0^2*q6_0*b3
3084	3,0,1,4,2,1,1	b4^3*q3_0*q4_0^4*q5_0^2*q6_0*b3
3085	0,3,0,4,2,1,1	q2_0^3*q4_0^4*q5_0^2*q6_0*b3
3086	2,2,0,4,2,1,1	b4^2*q2_0^2*q4_0^4*q5_0^2*q6_0*b3
3087	4,1,0,4,2,1,1	b4^4*q2_0*q4_0^4*q5_0^2*q6_0*b3
3088	6,0,0,4,2,1,1	b4^6*q4_0^4*q5_0^2*q6_0*b3
3089	1,0,3,3,2,1,1	b4*q3_0^3*q4_0^3*q5_0^2*q6_0*b3
3090	0,2,2,3,2,1,1	q2_0^2*q3_0^2*q4_0^3*q5_0^2*q6_0*b3
3091	2,1,2,3,2,1,1	b4^2*q2_0*q3_0^2*q4_0^3*q5_0^2*q6_0*b3
3092	4,0,2,3,2,1,1	b4^4*q3_0^2*q4_0^3*q5_0^2*q6_0*b3
3093	1,3,1,3,2,1,1	b4*q2_0^3*q3_0*q4_0^3*q5_0^2*q6_0*b3
3094	3,2,1,3,2,1,1	b4^3*q2_0^2*q3_0*q4_0^3*q5_0^2*q6_0*b3
3095	5,1,1,3,2,1,1	b4^5*q2_0*q3_0*q4_0^3*q5_0^2*q6_0*b3
3096	7,0,1,3,2,1,1	b4^7*q3_0*q4_0^3*q5_0^2*q6_0*b3
3097	0,5,0,3,2,1,1	q2_0^5*q4_0^3*q5_0^2*q6_0*b3
3098	2,4,0,3,2,1,1	b4^2*q2_0^4*q4_0^3*q5_0^2*q6_0*b3
3099	0,1,4,2,2,1,1	q2_0*q3_0^4*q4_0^2*q5_0^2*q6_0*b3
3100	0,4,2,2,2,1,1	q2_0^4*q3_0^2*q4_0^2*q5_0^2*q6_0*b3
3101	0,7,0,2,2,1,1	q2_0^7*q4_0^2*q5_0^2*q6_0*b3
3102	0,0,6,1,2,1,1	q3_0^6*q4_0*q5_0^2*q6_0*b3
3103	0,3,4,1,2,1,1	q2_0^3*q3_0^4*q4_0*q5_0^2*q6_0*b3
3104	0,6,2,1,2,1,1	q2_0^6*q3_0^2*q4_0*q5_0^2*q6_0*b3
3105	0,9,0,1,2,1,1	q2_0^9*q4_0*q5_0^2*q6_0*b3
3106	0,2,6,0,2,1,1	q2_0^2*q3_0^6*q5_0^2*q6_0*b3
3107	0,5,4,0,2,1,1	q2_0^5*q3_0^4*q5_0^2*q6_0*b3
3108	0,8,2,0,2,1,1	q2_0^8*q3_0^2*q5_0^2*q6_0*b3
3109	0,0,1,6,1,1,1	q3_0*q4_0^6*q5_0*q6_0*b3
3110	0,2,1,5,1,1,1	q2_0^2*q3_0*q4_0^5*q5_0*q6_0*b3
3111	0,1,3,4,1,1,1	q2_0*q3_0^3*q4_0^4*q5_0*q6_0*b3
3112	0,4,1,4,1,1,1	q2_0^4*q3_0*q4_0^4*q5_0*q6_0*b3
3113	0,0,5,3,1,1,1	q3_0^5*q4_0^3*q5_0*q6_0*b3
3114	0,3,3,3,1,1,1	q2_0^3*q3_0^3*q4_0^3*q5_0*q6_0*b3
3115	0,6,1,3,1,1,1	q2_0^6*q3_0*q4_0^3*q5_0*q6_0*b3
3116	0,2,5,2,1,1,1	q2_0^2*q3_0^5*q4_0^2*q5_0*q6_0*b3
3117	0,5,3,2,1,1,1	q2_0^5*q3_0^3*q4_0^2*q5_0*q6_0*b3
3118	0,8,1,2,1,1,1	q2_0^8*q3_0*q4_0^2*q5_0*q6_0*b3
3119	0,0,0,1,0,7,0	q4_0*q6_0^7
3120	0,0,0,0,2,6,0	q5_0^2*q6_0^6
3121	0,0,2,1,0,6,0	q3_0^2*q4_0*q6_0^6
3122	0,0,2,0,2,5,0	q3_0^2*q5_0^2*q6_0^5
3123	0,0,1,2,1,5,0	q3_0*q4_0^2*q5_0*q6_0^5
3124	0,0,0,4,0,5,0	q4_0^4*q6_0^5
3125	0,0,4,1,0,5,0	q3_0^4*q4_0*q6_0^5
3126	0,0,1,1,3,4,0	q3_0*q4_0*q5_0^3*q6_0^4
3127	0,0,0,3,2,4,0	q4_0^3*q5_0^2*q6_0^4
3128	0,0,4,0,2,4,0	q3_0^4*q5_0^2*q6_0^4
3129	0,0,3,2,1,4,0	q3_0^3*q4_0^2*q5_0*q6_0^4
3130	0,0,2,4,0,4,0	q3_0^2*q4_0^4*q6_0^4
3131	0,0,6,1,0,4,0	q3_0^6*q4_0*q6_0^4
3132	0,0,0,2,4,3,0	q4_0^2*q5_0^4*q6_0^3
3133	0,0,0,7,0,3,0	q4_0^7*q6_0^3
3134	13,1,2,0,2,0,2	b4^13*q2_0*q3_0^2*q5_0^2*b3^2
3135	15,0,2,0,2,0,2	b4^15*q3_0^2*q5_0^2*b3^2
3136	0,9,1,0,2,0,2	q2_0^9*q3_0*q5_0^2*b3^2
3137	2,8,1,0,2,0,2	b4^2*q2_0^8*q3_0*q5_0^2*b3^2
3138	4,7,1,0,2,0,2	b4^4*q2_0^7*q3_0*q5_0^2*b3^2
3139	6,6,1,0,2,0,2	b4^6*q2_0^6*q3_0*q5_0^2*b3^2
3140	8,5,1,0,2,0,2	b4^8*q2_0^5*q3_0*q5_0^2*b3^2
3141	0,1,0,6,1,0,2	q2_0*q4_0^6*q5_0*b3^2
3142	2,0,0,6,1,0,2	b4^2*q4_0^6*q5_0*b3^2
3143	0,0,2,5,1,0,2	q3_0^2*q4_0^5*q5_0*b3^2
3144	1,1,1,5,1,0,2	b4*q2_0*q3_0*q4_0^5*q5_0*b3^2
3145	3,0,1,5,1,0,2	b4^3*q3_0*q4_0^5*q5_0*b3^2
3146	0,3,0,5,1,0,2	q2_0^3*q4_0^5*q5_0*b3^2
3147	2,2,0,5,1,0,2	b4^2*q2_0^2*q4_0^5*q5_0*b3^2
3148	4,1,0,5,1,0,2	b4^4*q2_0*q4_0^5*q5_0*b3^2
3149	6,0,0,5,1,0,2	b4^6*q4_0^5*q5_0*b3^2
3150	1,0,3,4,1,0,2	b4*q3_0^3*q4_0^4*q5_0*b3^2
3151	0,2,2,4,1,0,2	q2_0^2*q3_0^2*q4_0^4*q5_0*b3^2
3152	2,1,2,4,1,0,2	b4^2*q2_0*q3_0^2*q4_0^4*q5_0*b3^2
3153	4,0,2,4,1,0,2	b4^4*q3_0^2*q4_0^4*q5_0*b3^2
3154	1,3,1,4,1,0,2	b4*q2_0^3*q3_0*q4_0^4*q5_0*b3^2
3155	3,2,1,4,1,0,2	b4^3*q2_0^2*q3_0*q4_0^4*q5_0*b3^2
3156	5,1,1,4,1,0,2	b4^5*q2_0*q3_0*q4_0^4*q5_0*b3^2
3157	7,0,1,4,1,0,2	b4^7*q3_0*q4_0^4*q5_0*b3^2
3158	0,5,0,4,1,0,2	q2_0^5*q4_0^4*q5_0*b3^2
3159	2,4,0,4,1,0,2	b4^2*q2_0^4*q4_0^4*q5_0*b3^2
3160	4,3,0,4,1,0,2	b4^4*q2_0^3*q4_0^4*q5_0*b3^2
3161	6,2,0,4,1,0,2	b4^6*q2_0^2*q4_0^4*q5_0*b3^2
3162	8,1,0,4,1,0,2	b4^8*q2_0*q4_0^4*q5_0*b3^2
3163	10,0,0,4,1,0,2	b4^10*q4_0^4*q5_0*b3^2
3164	0,1,4,3,1,0,2	q2_0*q3_0^4*q4_0^3*q5_0*b3^2
3165	2,0,4,3,1,0,2	b4^2*q3_0^4*q4_0^3*q5_0*b3^2
3166	1,2,3,3,1,0,2	b4*q2_0^2*q3_0^3*q4_0^3*q5_0*b3^2
3167	3,1,3,3,1,0,2	b4^3*q2_0*q3_0^3*q4_0^3*q5_0*b3^2
3168	5,0,3,3,1,0,2	b4^5*q3_0^3*q4_0^3*q5_0*b3^2
3169	0,4,2,3,1,0,2	q2_0^4*q3_0^2*q4_0^3*q5_0*b3^2
3170	2,3,2,3,1,0,2	b4^2*q2_0^3*q3_0^2*q4_0^3*q5_0*b3^2
3171	4,2,2,3,1,0,2	b4^4*q2_0^2*q3_0^2*q4_0^3*q5_0*b3^2
3172	6,1,2,3,1,0,2	b4^6*q2_0*q3_0^2*q4_0^3*q5_0*b3^2
3173	8,0,2,3,1,0,2	b4^8*q3_0^2*q4_0^3*q5_0*b3^2
3174	1,5,1,3,1,0,2	b4*q2_0^5*q3_0*q4_0^3*q5_0*b3^2
3175	3,4,1,3,1,0,2	b4^3*q2_0^4*q3_0*q4_0^3*q5_0*b3^2
3176	5,3,1,3,1,0,2	b4^5*q2_0^3*q3_0*q4_0^3*q5_0*b3^2
3177	7,2,1,3,1,0,2	b4^7*q2_0^2*q3_0*q4_0^3*q5_0*b3^2
3178	9,1,1,3,1,0,2	b4^9*q2_0*q3_0*q4_0^3*q5_0*b3^2
3179	11,0,1,3,1,0,2	b4^11*q3_0*q4_0^3*q5_0*b3^2
3180	0,7,0,3,1,0,2	q2_0^7*q4_0^3*q5_0*b3^2
3181	2,6,0,3,1,0,2	b4^2*q2_0^6*q4_0^3*q5_0*b3^2
3182	4,5,0,3,1,0,2	b4^4*q2_0^5*q4_0^3*q5_0*b3^2
3183	6,4,0,3,1,0,2	b4^6*q2_0^4*q4_0^3*q5_0*b3^2
3184	8,3,0,3,1,0,2	b4^8*q2_0^3*q4_0^3*q5_0*b3^2
3185	10,2,0,3,1,0,2	b4^10*q2_0^2*q4_0^3*q5_0*b3^2
3186	12,1,0,3,1,0,2	b4^12*q2_0*q4_0^3*q5_0*b3^2
3187	14,0,0,3,1,0,2	b4^14*q4_0^3*q5_0*b3^2
3188	0,0,6,2,1,0,2	q3_0^6*q4_0^2*q5_0*b3^2
3189	1,1,5,2,1,0,2	b4*q2_0*q3_0^5*q4_0^2*q5_0*b3^2
3190	3,0,5,2,1,0,2	b4^3*q3_0^5*q4_0^2*q5_0*b3^2
3191	0,3,4,2,1,0,2	q2_0^3*q3_0^4*q4_0^2*q5_0*b3^2
3192	2,2,4,2,1,0,2	b4^2*q2_0^2*q3_0^4*q4_0^2*q5_0*b3^2
3193	4,1,4,2,1,0,2	b4^4*q2_0*q3_0^4*q4_0^2*q5_0*b3^2
3194	6,0,4,2,1,0,2	b4^6*q3_0^4*q4_0^2*q5_0*b3^2
3195	1,4,3,2,1,0,2	b4*q2_0^4*q3_0^3*q4_0^2*q5_0*b3^2
3196	3,3,3,2,1,0,2	b4^3*q2_0^3*q3_0^3*q4_0^2*q5_0*b3^2
3197	5,2,3,2,1,0,2	b4^5*q2_0^2*q3_0^3*q4_0^2*q5_0*b3^2
3198	7,1,3,2,1,0,2	b4^7*q2_0*q3_0^3*q4_0^2*q5_0*b3^2
3199	9,0,3,2,1,0,2	b4^9*q3_0^3*q4_0^2*q5_0*b3^2
3200	0,6,2,2,1,0,2	q2_0^6*q3_0^2*q4_0^2*q5_0*b3^2
3201	2,5,2,2,1,0,2	b4^2*q2_0^5*q3_0^2*q4_0^2*q5_0*b3^2
3202	4,4,2,2,1,0,2	b4^4*q2_0^4*q3_0^2*q4_0^2*q5_0*b3^2
3203	6,3,2,2,1,0,2	b4^6*q2_0^3*q3_0^2*q4_0^2*q5_0*b3^2
3204	8,2,2,2,1,0,2	b4^8*q2_0^2*q3_0^2*q4_0^2*q5_0*b3^2
3205	10,1,2,2,1,0,2	b4^10*q2_0*q3_0^2*q4_0^2*q5_0*b3^2
3206	12,0,2,2,1,0,2	b4^12*q3_0^2*q4_0^2*q5_0*b3^2
3207	1,7,1,2,1,0,2	b4*q2_0^7*q3_0*q4_0^2*q5_0*b3^2
3208	3,6,1,2,1,0,2	b4^3*q2_0^6*q3_0*q4_0^2*q5_0*b3^2
3209	5,5,1,2,1,0,2	b4^5*q2_0^5*q3_0*q4_0^2*q5_0*b3^2
3210	7,4,1,2,1,0,2	b4^7*q2_0^4*q3_0*q4_0^2*q5_0*b3^2
3211	9,3,1,2,1,0,2	b4^9*q2_0^3*q3_0*q4_0^2*q5_0*b3^2
3212	11,2,1,2,1,0,2	b4^11*q2_0^2*q3_0*q4_0^2*q5_0*b3^2
3213	13,1,1,2,1,0,2	b4^13*q2_0*q3_0*q4_0^2*q5_0*b3^2
3214	15,0,1,2,1,0,2	b4^15*q3_0*q4_0^2*q5_0*b3^2
3215	0,9,0,2,1,0,2	q2_0^9*q4_0^2*q5_0*b3^2
3216	2,8,0,2,1,0,2	b4^2*q2_0^8*q4_0^2*q5_0*b3^2
3217	4,7,0,2,1,0,2	b4^4*q2_0^7*q4_0^2*q5_0*b3^2
3218	6,6,0,2,1,0,2	b4^6*q2_0^6*q4_0^2*q5_0*b3^2
3219	8,5,0,2,1,0,2	b4^8*q2_0^5*q4_0^2*q5_0*b3^2
3220	10,4,0,2,1,0,2	b4^10*q2_0^4*q4_0^2*q5_0*b3^2
3221	1,0,7,1,1,0,2	b4*q3_0^7*q4_0*q5_0*b3^2
3222	0,2,6,1,1,0,2	q2_0^2*q3_0^6*q4_0*q5_0*b3^2
3223	2,1,6,1,1,0,2	b4^2*q2_0*q3_0^6*q4_0*q5_0*b3^2
3224	4,0,6,1,1,0,2	b4^4*q3_0^6*q4_0*q5_0*b3^2
3225	1,3,5,1,1,0,2	b4*q2_0^3*q3_0^5*q4_0*q5_0*b3^2
3226	3,2,5,1,1,0,2	b4^3*q2_0^2*q3_0^5*q4_0*q5_0*b3^2
3227	5,1,5,1,1,0,2	b4^5*q2_0*q3_0^5*q4_0*q5_0*b3^2
3228	7,0,5,1,1,0,2	b4^7*q3_0^5*q4_0*q5_0*b3^2
3229	0,5,4,1,1,0,2	q2_0^5*q3_0^4*q4_0*q5_0*b3^2
3230	2,4,4,1,1,0,2	b4^2*q2_0^4*q3_0^4*q4_0*q5_0*b3^2
3231	4,3,4,1,1,0,2	b4^4*q2_0^3*q3_0^4*q4_0*q5_0*b3^2
3232	6,2,4,1,1,0,2	b4^6*q2_0^2*q3_0^4*q4_0*q5_0*b3^2
3233	8,1,4,1,1,0,2	b4^8*q2_0*q3_0^4*q4_0*q5_0*b3^2
3234	10,0,4,1,1,0,2	b4^10*q3_0^4*q4_0*q5_0*b3^2
3235	1,6,3,1,1,0,2	b4*q2_0^6*q3_0^3*q4_0*q5_0*b3^2
3236	3,5,3,1,1,0,2	b4^3*q2_0^5*q3_0^3*q4_0*q5_0*b3^2
3237	5,4,3,1,1,0,2	b4^5*q2_0^4*q3_0^3*q4_0*q5_0*b3^2
3238	7,3,3,1,1,0,2	b4^7*q2_0^3*q3_0^3*q4_0*q5_0*b3^2
3239	9,2,3,1,1,0,2	b4^9*q2_0^2*q3_0^3*q4_0*q5_0*b3^2
3240	11,1,3,1,1,0,2	b4^11*q2_0*q3_0^3*q4_0*q5_0*b3^2
3241	13,0,3,1,1,0,2	b4^13*q3_0^3*q4_0*q5_0*b3^2
3242	0,8,2,1,1,0,2	q2_0^8*q3_0^2*q4_0*q5_0*b3^2
3243	2,7,2,1,1,0,2	b4^2*q2_0^7*q3_0^2*q4_0*q5_0*b3^2
3244	4,6,2,1,1,0,2	b4^4*q2_0^6*q3_0^2*q4_0*q5_0*b3^2
3245	6,5,2,1,1,0,2	b4^6*q2_0^5*q3_0^2*q4_0*q5_0*b3^2
3246	8,4,2,1,1,0,2	b4^8*q2_0^4*q3_0^2*q4_0*q5_0*b3^2
3247	10,3,2,1,1,0,2	b4^10*q2_0^3*q3_0^2*q4_0*q5_0*b3^2
3248	12,2,2,1,1,0,2	b4^12*q2_0^2*q3_0^2*q4_0*q5_0*b3^2
3249	14,1,2,1,1,0,2	b4^14*q2_0*q3_0^2*q4_0*q5_0*b3^2
3250	0,1,8,0,1,0,2	q2_0*q3_0^8*q5_0*b3^2
3251	2,0,8,0,1,0,2	b4^2*q3_0^8*q5_0*b3^2
3252	1,2,7,0,1,0,2	b4*q2_0^2*q3_0^7*q5_0*b3^2
3253	0,0,1,7,0,0,2	q3_0*q4_0^7*b3^2
3254	1,1,0,7,0,0,2	b4*q2_0*q4_0^7*b3^2
3255	3,0,0,7,0,0,2	b4^3*q4_0^7*b3^2
3256	1,0,2,6,0,0,2	b4*q3_0^2*q4_0^6*b3^2
3257	0,2,1,6,0,0,2	q2_0^2*q3_0*q4_0^6*b3^2
3258	2,1,1,6,0,0,2	b4^2*q2_0*q3_0*q4_0^6*b3^2
3259	4,0,1,6,0,0,2	b4^4*q3_0*q4_0^6*b3^2
3260	1,3,0,6,0,0,2	b4*q2_0^3*q4_0^6*b3^2
3261	3,2,0,6,0,0,2	b4^3*q2_0^2*q4_0^6*b3^2
3262	5,1,0,6,0,0,2	b4^5*q2_0*q4_0^6*b3^2
3263	7,0,0,6,0,0,2	b4^7*q4_0^6*b3^2
3264	0,1,3,5,0,0,2	q2_0*q3_0^3*q4_0^5*b3^2
3265	2,0,3,5,0,0,2	b4^2*q3_0^3*q4_0^5*b3^2
3266	1,2,2,5,0,0,2	b4*q2_0^2*q3_0^2*q4_0^5*b3^2
3267	3,1,2,5,0,0,2	b4^3*q2_0*q3_0^2*q4_0^5*b3^2
3268	5,0,2,5,0,0,2	b4^5*q3_0^2*q4_0^5*b3^2
3269	0,4,1,5,0,0,2	q2_0^4*q3_0*q4_0^5*b3^2
3270	2,3,1,5,0,0,2	b4^2*q2_0^3*q3_0*q4_0^5*b3^2
3271	4,2,1,5,0,0,2	b4^4*q2_0^2*q3_0*q4_0^5*b3^2
3272	6,1,1,5,0,0,2	b4^6*q2_0*q3_0*q4_0^5*b3^2
3273	8,0,1,5,0,0,2	b4^8*q3_0*q4_0^5*b3^2
3274	1,5,0,5,0,0,2	b4*q2_0^5*q4_0^5*b3^2
3275	3,4,0,5,0,0,2	b4^3*q2_0^4*q4_0^5*b3^2
3276	5,3,0,5,0,0,2	b4^5*q2_0^3*q4_0^5*b3^2
3277	7,2,0,5,0,0,2	b4^7*q2_0^2*q4_0^5*b3^2
3278	9,1,0,5,0,0,2	b4^9*q2_0*q4_0^5*b3^2
3279	11,0,0,5,0,0,2	b4^11*q4_0^5*b3^2
3280	0,0,5,4,0,0,2	q3_0^5*q4_0^4*b3^2
3281	1,1,4,4,0,0,2	b4*q2_0*q3_0^4*q4_0^4*b3^2
3282	3,0,4,4,0,0,2	b4^3*q3_0^4*q4_0^4*b3^2
3283	0,0,1,0,0,6,1	q3_0*q6_0^6*b3
3284	1,1,0,0,0,6,1	b4*q2_0*q6_0^6*b3
3285	3,0,0,0,0,6,1	b4^3*q6_0^6*b3
3286	0,0,0,1,1,5,1	q4_0*q5_0*q6_0^5*b3
3287	1,0,1,0,1,5,1	b4*q3_0*q5_0*q6_0^5*b3
3288	0,2,0,0,1,5,1	q2_0^2*q5_0*q6_0^5*b3
3289	2,1,0,0,1,5,1	b4^2*q2_0*q5_0*q6_0^5*b3
3290	4,0,0,0,1,5,1	b4^4*q5_0*q6_0^5*b3
3291	1,0,0,2,0,5,1	b4*q4_0^2*q6_0^5*b3
3292	0,1,1,1,0,5,1	q2_0*q3_0*q4_0*q6_0^5*b3
3293	2,0,1,1,0,5,1	b4^2*q3_0*q4_0*q6_0^5*b3
3294	1,2,0,1,0,5,1	b4*q2_0^2*q4_0*q6_0^5*b3
3295	3,1,0,1,0,5,1	b4^3*q2_0*q4_0*q6_0^5*b3
3296	5,0,0,1,0,5,1	b4^5*q4_0*q6_0^5*b3
3297	0,0,3,0,0,5,1	q3_0^3*q6_0^5*b3
3298	1,1,2,0,0,5,1	b4*q2_0*q3_0^2*q6_0^5*b3
3299	3,0,2,0,0,5,1	b4^3*q3_0^2*q6_0^5*b3
3300	0,3,1,0,0,5,1	q2_0^3*q3_0*q6_0^5*b3
3301	2,2,1,0,0,5,1	b4^2*q2_0^2*q3_0*q6_0^5*b3
3302	4,1,1,0,0,5,1	b4^4*q2_0*q3_0*q6_0^5*b3
3303	6,0,1,0,0,5,1	b4^6*q3_0*q6_0^5*b3
3304	1,4,0,0,0,5,1	b4*q2_0^4*q6_0^5*b3
3305	3,3,0,0,0,5,1	b4^3*q2_0^3*q6_0^5*b3
3306	5,2,0,0,0,5,1	b4^5*q2_0^2*q6_0^5*b3
3307	7,1,0,0,0,5,1	b4^7*q2_0*q6_0^5*b3
3308	9,0,0,0,0,5,1	b4^9*q6_0^5*b3
3309	0,0,0,0,3,4,1	q5_0^3*q6_0^4*b3
3310	1,0,0,1,2,4,1	b4*q4_0*q5_0^2*q6_0^4*b3
3311	0,1,1,0,2,4,1	q2_0*q3_0*q5_0^2*q6_0^4*b3
3312	2,0,1,0,2,4,1	b4^2*q3_0*q5_0^2*q6_0^4*b3
3313	1,2,0,0,2,4,1	b4*q2_0^2*q5_0^2*q6_0^4*b3
3314	3,1,0,0,2,4,1	b4^3*q2_0*q5_0^2*q6_0^4*b3
3315	5,0,0,0,2,4,1	b4^5*q5_0^2*q6_0^4*b3
3316	0,1,0,2,1,4,1	q2_0*q4_0^2*q5_0*q6_0^4*b3
3317	2,0,0,2,1,4,1	b4^2*q4_0^2*q5_0*q6_0^4*b3
3318	0,0,2,1,1,4,1	q3_0^2*q4_0*q5_0*q6_0^4*b3
3319	1,1,1,1,1,4,1	b4*q2_0*q3_0*q4_0*q5_0*q6_0^4*b3
3320	3,0,1,1,1,4,1	b4^3*q3_0*q4_0*q5_0*q6_0^4*b3
3321	0,3,0,1,1,4,1	q2_0^3*q4_0*q5_0*q6_0^4*b3
3322	2,2,0,1,1,4,1	b4^2*q2_0^2*q4_0*q5_0*q6_0^4*b3
3323	4,1,0,1,1,4,1	b4^4*q2_0*q4_0*q5_0*q6_0^4*b3
3324	6,0,0,1,1,4,1	b4^6*q4_0*q5_0*q6_0^4*b3
3325	1,0,3,0,1,4,1	b4*q3_0^3*q5_0*q6_0^4*b3
3326	0,2,2,0,1,4,1	q2_0^2*q3_0^2*q5_0*q6_0^4*b3
3327	2,1,2,0,1,4,1	b4^2*q2_0*q3_0^2*q5_0*q6_0^4*b3
3328	4,0,2,0,1,4,1	b4^4*q3_0^2*q5_0*q6_0^4*b3
3329	1,3,1,0,1,4,1	b4*q2_0^3*q3_0*q5_0*q6_0^4*b3
3330	3,2,1,0,1,4,1	b4^3*q2_0^2*q3_0*q5_0*q6_0^4*b3
3331	5,1,1,0,1,4,1	b4^5*q2_0*q3_0*q5_0*q6_0^4*b3
3332	7,0,1,0,1,4,1	b4^7*q3_0*q5_0*q6_0^4*b3
3333	0,5,0,0,1,4,1	q2_0^5*q5_0*q6_0^4*b3
3334	2,4,0,0,1,4,1	b4^2*q2_0^4*q5_0*q6_0^4*b3
3335	4,3,0,0,1,4,1	b4^4*q2_0^3*q5_0*q6_0^4*b3
3336	6,2,0,0,1,4,1	b4^6*q2_0^2*q5_0*q6_0^4*b3
3337	8,1,0,0,1,4,1	b4^8*q2_0*q5_0*q6_0^4*b3
3338	10,0,0,0,1,4,1	b4^10*q5_0*q6_0^4*b3
3339	0,0,1,3,0,4,1	q3_0*q4_0^3*q6_0^4*b3
3340	1,1,0,3,0,4,1	b4*q2_0*q4_0^3*q6_0^4*b3
3341	3,0,0,3,0,4,1	b4^3*q4_0^3*q6_0^4*b3
3342	1,0,2,2,0,4,1	b4*q3_0^2*q4_0^2*q6_0^4*b3
3343	0,2,1,2,0,4,1	q2_0^2*q3_0*q4_0^2*q6_0^4*b3
3344	2,1,1,2,0,4,1	b4^2*q2_0*q3_0*q4_0^2*q6_0^4*b3
3345	4,0,1,2,0,4,1	b4^4*q3_0*q4_0^2*q6_0^4*b3
3346	1,3,0,2,0,4,1	b4*q2_0^3*q4_0^2*q6_0^4*b3
3347	3,2,0,2,0,4,1	b4^3*q2_0^2*q4_0^2*q6_0^4*b3
3348	5,1,0,2,0,4,1	b4^5*q2_0*q4_0^2*q6_0^4*b3
3349	7,0,0,2,0,4,1	b4^7*q4_0^2*q6_0^4*b3
3350	0,1,3,1,0,4,1	q2_0*q3_0^3*q4_0*q6_0^4*b3
3351	2,0,3,1,0,4,1	b4^2*q3_0^3*q4_0*q6_0^4*b3
3352	1,2,2,1,0,4,1	b4*q2_0^2*q3_0^2*q4_0*q6_0^4*b3
3353	3,1,2,1,0,4,1	b4^3*q2_0*q3_0^2*q4_0*q6_0^4*b3
3354	5,0,2,1,0,4,1	b4^5*q3_0^2*q4_0*q6_0^4*b3
3355	0,4,1,1,0,4,1	q2_0^4*q3_0*q4_0*q6_0^4*b3
3356	2,3,1,1,0,4,1	b4^2*q2_0^3*q3_0*q4_0*q6_0^4*b3
3357	4,2,1,1,0,4,1	b4^4*q2_0^2*q3_0*q4_0*q6_0^4*b3
3358	6,1,1,1,0,4,1	b4^6*q2_0*q3_0*q4_0*q6_0^4*b3
3359	8,0,1,1,0,4,1	b4^8*q3_0*q4_0*q6_0^4*b3
3360	1,5,0,1,0,4,1	b4*q2_0^5*q4_0*q6_0^4*b3
3361	3,4,0,1,0,4,1	b4^3*q2_0^4*q4_0*q6_0^4*b3
3362	5,3,0,1,0,4,1	b4^5*q2_0^3*q4_0*q6_0^4*b3
3363	7,2,0,1,0,4,1	b4^7*q2_0^2*q4_0*q6_0^4*b3
3364	9,1,0,1,0,4,1	b4^9*q2_0*q4_0*q6_0^4*b3
3365	11,0,0,1,0,4,1	b4^11*q4_0*q6_0^4*b3
3366	0,0,5,0,0,4,1	q3_0^5*q6_0^4*b3
3367	1,1,4,0,0,4,1	b4*q2_0*q3_0^4*q6_0^4*b3
3368	3,0,4,0,0,4,1	b4^3*q3_0^4*q6_0^4*b3
3369	0,3,3,0,0,4,1	q2_0^3*q3_0^3*q6_0^4*b3
3370	2,2,3,0,0,4,1	b4^2*q2_0^2*q3_0^3*q6_0^4*b3
3371	4,1,3,0,0,4,1	b4^4*q2_0*q3_0^3*q6_0^4*b3
3372	6,0,3,0,0,4,1	b4^6*q3_0^3*q6_0^4*b3
3373	1,4,2,0,0,4,1	b4*q2_0^4*q3_0^2*q6_0^4*b3
3374	3,3,2,0,0,4,1	b4^3*q2_0^3*q3_0^2*q6_0^4*b3
3375	5,2,2,0,0,4,1	b4^5*q2_0^2*q3_0^2*q6_0^4*b3
3376	7,1,2,0,0,4,1	b4^7*q2_0*q3_0^2*q6_0^4*b3
3377	9,0,2,0,0,4,1	b4^9*q3_0^2*q6_0^4*b3
3378	0,6,1,0,0,4,1	q2_0^6*q3_0*q6_0^4*b3
3379	2,5,1,0,0,4,1	b4^2*q2_0^5*q3_0*q6_0^4*b3
3380	4,4,1,0,0,4,1	b4^4*q2_0^4*q3_0*q6_0^4*b3
3381	6,3,1,0,0,4,1	b4^6*q2_0^3*q3_0*q6_0^4*b3
3382	8,2,1,0,0,4,1	b4^8*q2_0^2*q3_0*q6_0^4*b3
3383	10,1,1,0,0,4,1	b4^10*q2_0*q3_0*q6_0^4*b3
3384	12,0,1,0,0,4,1	b4^12*q3_0*q6_0^4*b3
3385	1,7,0,0,0,4,1	b4*q2_0^7*q6_0^4*b3
3386	3,6,0,0,0,4,1	b4^3*q2_0^6*q6_0^4*b3
3387	5,5,0,0,0,4,1	b4^5*q2_0^5*q6_0^4*b3
3388	7,4,0,0,0,4,1	b4^7*q2_0^4*q6_0^4*b3
3389	9,3,0,0,0,4,1	b4^9*q2_0^3*q6_0^4*b3
3390	11,2,0,0,0,4,1	b4^11*q2_0^2*q6_0^4*b3
3391	13,1,0,0,0,4,1	b4^13*q2_0*q6_0^4*b3
3392	15,0,0,0,0,4,1	b4^15*q6_0^4*b3
3393	1,0,0,0,4,3,1	b4*q5_0^4*q6_0^3*b3
3394	0,1,0,1,3,3,1	q2_0*q4_0*q5_0^3*q6_0^3*b3
3395	2,0,0,1,3,3,1	b4^2*q4_0*q5_0^3*q6_0^3*b3
3396	0,0,2,0,3,3,1	q3_0^2*q5_0^3*q6_0^3*b3
3397	1,1,1,0,3,3,1	b4*q2_0*q3_0*q5_0^3*q6_0^3*b3
3398	3,0,1,0,3,3,1	b4^3*q3_0*q5_0^3*q6_0^3*b3
3399	0,3,0,0,3,3,1	q2_0^3*q5_0^3*q6_0^3*b3
3400	2,2,0,0,3,3,1	b4^2*q2_0^2*q5_0^3*q6_0^3*b3
3401	4,1,0,0,3,3,1	b4^4*q2_0*q5_0^3*q6_0^3*b3
3402	6,0,0,0,3,3,1	b4^6*q5_0^3*q6_0^3*b3
3403	0,0,1,2,2,3,1	q3_0*q4_0^2*q5_0^2*q6_0^3*b3
3404	1,1,0,2,2,3,1	b4*q2_0*q4_0^2*q5_0^2*q6_0^3*b3
3405	3,0,0,2,2,3,1	b4^3*q4_0^2*q5_0^2*q6_0^3*b3
3406	1,0,2,1,2,3,1	b4*q3_0^2*q4_0*q5_0^2*q6_0^3*b3
3407	0,2,1,1,2,3,1	q2_0^2*q3_0*q4_0*q5_0^2*q6_0^3*b3
3408	2,1,1,1,2,3,1	b4^2*q2_0*q3_0*q4_0*q5_0^2*q6_0^3*b3
3409	4,0,1,1,2,3,1	b4^4*q3_0*q4_0*q5_0^2*q6_0^3*b3
3410	1,3,0,1,2,3,1	b4*q2_0^3*q4_0*q5_0^2*q6_0^3*b3
3411	3,2,0,1,2,3,1	b4^3*q2_0^2*q4_0*q5_0^2*q6_0^3*b3
3412	5,1,0,1,2,3,1	b4^5*q2_0*q4_0*q5_0^2*q6_0^3*b3
3413	7,0,0,1,2,3,1	b4^7*q4_0*q5_0^2*q6_0^3*b3
3414	0,1,3,0,2,3,1	q2_0*q3_0^3*q5_0^2*q6_0^3*b3
3415	2,0,3,0,2,3,1	b4^2*q3_0^3*q5_0^2*q6_0^3*b3
3416	1,2,2,0,2,3,1	b4*q2_0^2*q3_0^2*q5_0^2*q6_0^3*b3
3417	3,1,2,0,2,3,1	b4^3*q2_0*q3_0^2*q5_0^2*q6_0^3*b3
3418	5,0,2,0,2,3,1	b4^5*q3_0^2*q5_0^2*q6_0^3*b3
3419	0,4,1,0,2,3,1	q2_0^4*q3_0*q5_0^2*q6_0^3*b3
3420	2,3,1,0,2,3,1	b4^2*q2_0^3*q3_0*q5_0^2*q6_0^3*b3
3421	4,2,1,0,2,3,1	b4^4*q2_0^2*q3_0*q5_0^2*q6_0^3*b3
3422	6,1,1,0,2,3,1	b4^6*q2_0*q3_0*q5_0^2*q6_0^3*b3
3423	8,0,1,0,2,3,1	b4^8*q3_0*q5_0^2*q6_0^3*b3
3424	1,5,0,0,2,3,1	b4*q2_0^5*q5_0^2*q6_0^3*b3
3425	3,4,0,0,2,3,1	b4^3*q2_0^4*q5_0^2*q6_0^3*b3
3426	5,3,0,0,2,3,1	b4^5*q2_0^3*q5_0^2*q6_0^3*b3
3427	7,2,0,0,2,3,1	b4^7*q2_0^2*q5_0^2*q6_0^3*b3
3428	9,1,0,0,2,3,1	b4^9*q2_0*q5_0^2*q6_0^3*b3
3429	11,0,0,0,2,3,1	b4^11*q5_0^2*q6_0^3*b3
3430	0,0,0,4,1,3,1	q4_0^4*q5_0*q6_0^3*b3
3431	1,0,1,3,1,3,1	b4*q3_0*q4_0^3*q5_0*q6_0^3*b3
3432	0,2,0,3,1,3,1	q2_0^2*q4_0^3*q5_0*q6_0^3*b3
3433	2,1,0,3,1,3,1	b4^2*q2_0*q4_0^3*q5_0*q6_0^3*b3
3434	4,0,0,3,1,3,1	b4^4*q4_0^3*q5_0*q6_0^3*b3
3435	0,1,2,2,1,3,1	q2_0*q3_0^2*q4_0^2*q5_0*q6_0^3*b3
3436	2,0,2,2,1,3,1	b4^2*q3_0^2*q4_0^2*q5_0*q6_0^3*b3
3437	1,2,1,2,1,3,1	b4*q2_0^2*q3_0*q4_0^2*q5_0*q6_0^3*b3
3438	3,1,1,2,1,3,1	b4^3*q2_0*q3_0*q4_0^2*q5_0*q6_0^3*b3
3439	5,0,1,2,1,3,1	b4^5*q3_0*q4_0^2*q5_0*q6_0^3*b3
3440	0,4,0,2,1,3,1	q2_0^4*q4_0^2*q5_0*q6_0^3*b3
3441	2,3,0,2,1,3,1	b4^2*q2_0^3*q4_0^2*q5_0*q6_0^3*b3
3442	4,2,0,2,1,3,1	b4^4*q2_0^2*q4_0^2*q5_0*q6_0^3*b3
3443	6,1,0,2,1,3,1	b4^6*q2_0*q4_0^2*q5_0*q6_0^3*b3
3444	8,0,0,2,1,3,1	b4^8*q4_0^2*q5_0*q6_0^3*b3
3445	0,0,4,1,1,3,1	q3_0^4*q4_0*q5_0*q6_0^3*b3
3446	1,1,3,1,1,3,1	b4*q2_0*q3_0^3*q4_0*q5_0*q6_0^3*b3
3447	3,0,3,1,1,3,1	b4^3*q3_0^3*q4_0*q5_0*q6_0^3*b3
3448	0,3,2,1,1,3,1	q2_0^3*q3_0^2*q4_0*q5_0*q6_0^3*b3
3449	2,2,2,1,1,3,1	b4^2*q2_0^2*q3_0^2*q4_0*q5_0*q6_0^3*b3
3450	4,1,2,1,1,3,1	b4^4*q2_0*q3_0^2*q4_0*q5_0*q6_0^3*b3
3451	6,0,2,1,1,3,1	b4^6*q3_0^2*q4_0*q5_0*q6_0^3*b3
3452	1,4,1,1,1,3,1	b4*q2_0^4*q3_0*q4_0*q5_0*q6_0^3*b3
3453	3,3,1,1,1,3,1	b4^3*q2_0^3*q3_0*q4_0*q5_0*q6_0^3*b3
3454	5,2,1,1,1,3,1	b4^5*q2_0^2*q3_0*q4_0*q5_0*q6_0^3*b3
3455	7,1,1,1,1,3,1	b4^7*q2_0*q3_0*q4_0*q5_0*q6_0^3*b3
3456	9,0,1,1,1,3,1	b4^9*q3_0*q4_0*q5_0*q6_0^3*b3
3457	0,6,0,1,1,3,1	q2_0^6*q4_0*q5_0*q6_0^3*b3
3458	2,5,0,1,1,3,1	b4^2*q2_0^5*q4_0*q5_0*q6_0^3*b3
3459	4,4,0,1,1,3,1	b4^4*q2_0^4*q4_0*q5_0*q6_0^3*b3
3460	6,3,0,1,1,3,1	b4^6*q2_0^3*q4_0*q5_0*q6_0^3*b3
3461	8,2,0,1,1,3,1	b4^8*q2_0^2*q4_0*q5_0*q6_0^3*b3
3462	10,1,0,1,1,3,1	b4^10*q2_0*q4_0*q5_0*q6_0^3*b3
3463	12,0,0,1,1,3,1	b4^12*q4_0*q5_0*q6_0^3*b3
3464	1,0,5,0,1,3,1	b4*q3_0^5*q5_0*q6_0^3*b3
3465	0,2,4,0,1,3,1	q2_0^2*q3_0^4*q5_0*q6_0^3*b3
3466	2,1,4,0,1,3,1	b4^2*q2_0*q3_0^4*q5_0*q6_0^3*b3
3467	4,0,4,0,1,3,1	b4^4*q3_0^4*q5_0*q6_0^3*b3
3468	1,3,3,0,1,3,1	b4*q2_0^3*q3_0^3*q5_0*q6_0^3*b3
3469	3,2,3,0,1,3,1	b4^3*q2_0^2*q3_0^3*q5_0*q6_0^3*b3
3470	5,1,3,0,1,3,1	b4^5*q2_0*q3_0^3*q5_0*q6_0^3*b3
3471	7,0,3,0,1,3,1	b4^7*q3_0^3*q5_0*q6_0^3*b3
3472	0,5,2,0,1,3,1	q2_0^5*q3_0^2*q5_0*q6_0^3*b3
3473	2,4,2,0,1,3,1	b4^2*q2_0^4*q3_0^2*q5_0*q6_0^3*b3
3474	4,3,2,0,1,3,1	b4^4*q2_0^3*q3_0^2*q5_0*q6_0^3*b3
3475	6,2,2,0,1,3,1	b4^6*q2_0^2*q3_0^2*q5_0*q6_0^3*b3
3476	8,1,2,0,1,3,1	b4^8*q2_0*q3_0^2*q5_0*q6_0^3*b3
3477	10,0,2,0,1,3,1	b4^10*q3_0^2*q5_0*q6_0^3*b3
3478	1,6,1,0,1,3,1	b4*q2_0^6*q3_0*q5_0*q6_0^3*b3
3479	3,5,1,0,1,3,1	b4^3*q2_0^5*q3_0*q5_0*q6_0^3*b3
3480	5,4,1,0,1,3,1	b4^5*q2_0^4*q3_0*q5_0*q6_0^3*b3
3481	7,3,1,0,1,3,1	b4^7*q2_0^3*q3_0*q5_0*q6_0^3*b3
3482	9,2,1,0,1,3,1	b4^9*q2_0^2*q3_0*q5_0*q6_0^3*b3
3483	11,1,1,0,1,3,1	b4^11*q2_0*q3_0*q5_0*q6_0^3*b3
3484	13,0,1,0,1,3,1	b4^13*q3_0*q5_0*q6_0^3*b3
3485	0,8,0,0,1,3,1	q2_0^8*q5_0*q6_0^3*b3
3486	2,7,0,0,1,3,1	b4^2*q2_0^7*q5_0*q6_0^3*b3
3487	4,6,0,0,1,3,1	b4^4*q2_0^6*q5_0*q6_0^3*b3
3488	6,5,0,0,1,3,1	b4^6*q2_0^5*q5_0*q6_0^3*b3
3489	8,4,0,0,1,3,1	b4^8*q2_0^4*q5_0*q6_0^3*b3
3490	10,3,0,0,1,3,1	b4^10*q2_0^3*q5_0*q6_0^3*b3
3491	12,2,0,0,1,3,1	b4^12*q2_0^2*q5_0*q6_0^3*b3
3492	14,1,0,0,1,3,1	b4^14*q2_0*q5_0*q6_0^3*b3
3493	1,0,0,5,0,3,1	b4*q4_0^5*q6_0^3*b3
3494	0,1,1,4,0,3,1	q2_0*q3_0*q4_0^4*q6_0^3*b3
3495	2,0,1,4,0,3,1	b4^2*q3_0*q4_0^4*q6_0^3*b3
3496	1,2,0,4,0,3,1	b4*q2_0^2*q4_0^4*q6_0^3*b3
3497	3,1,0,4,0,3,1	b4^3*q2_0*q4_0^4*q6_0^3*b3
3498	5,0,0,4,0,3,1	b4^5*q4_0^4*q6_0^3*b3
3499	0,0,3,3,0,3,1	q3_0^3*q4_0^3*q6_0^3*b3
3500	1,1,2,3,0,3,1	b4*q2_0*q3_0^2*q4_0^3*q6_0^3*b3
3501	3,0,2,3,0,3,1	b4^3*q3_0^2*q4_0^3*q6_0^3*b3
3502	0,3,1,3,0,3,1	q2_0^3*q3_0*q4_0^3*q6_0^3*b3
3503	2,2,1,3,0,3,1	b4^2*q2_0^2*q3_0*q4_0^3*q6_0^3*b3
3504	4,1,1,3,0,3,1	b4^4*q2_0*q3_0*q4_0^3*q6_0^3*b3
3505	6,0,1,3,0,3,1	b4^6*q3_0*q4_0^3*q6_0^3*b3
3506	1,4,0,3,0,3,1	b4*q2_0^4*q4_0^3*q6_0^3*b3
3507	3,3,0,3,0,3,1	b4^3*q2_0^3*q4_0^3*q6_0^3*b3
3508	5,2,0,3,0,3,1	b4^5*q2_0^2*q4_0^3*q6_0^3*b3
3509	7,1,0,3,0,3,1	b4^7*q2_0*q4_0^3*q6_0^3*b3
3510	9,0,0,3,0,3,1	b4^9*q4_0^3*q6_0^3*b3
3511	1,0,4,2,0,3,1	b4*q3_0^4*q4_0^2*q6_0^3*b3
3512	0,2,3,2,0,3,1	q2_0^2*q3_0^3*q4_0^2*q6_0^3*b3
3513	2,1,3,2,0,3,1	b4^2*q2_0*q3_0^3*q4_0^2*q6_0^3*b3
3514	4,0,3,2,0,3,1	b4^4*q3_0^3*q4_0^2*q6_0^3*b3
3515	1,3,2,2,0,3,1	b4*q2_0^3*q3_0^2*q4_0^2*q6_0^3*b3
3516	3,2,2,2,0,3,1	b4^3*q2_0^2*q3_0^2*q4_0^2*q6_0^3*b3
3517	5,1,2,2,0,3,1	b4^5*q2_0*q3_0^2*q4_0^2*q6_0^3*b3
3518	7,0,2,2,0,3,1	b4^7*q3_0^2*q4_0^2*q6_0^3*b3
3519	0,5,1,2,0,3,1	q2_0^5*q3_0*q4_0^2*q6_0^3*b3
3520	2,4,1,2,0,3,1	b4^2*q2_0^4*q3_0*q4_0^2*q6_0^3*b3
3521	4,3,1,2,0,3,1	b4^4*q2_0^3*q3_0*q4_0^2*q6_0^3*b3
3522	6,2,1,2,0,3,1	b4^6*q2_0^2*q3_0*q4_0^2*q6_0^3*b3
3523	8,1,1,2,0,3,1	b4^8*q2_0*q3_0*q4_0^2*q6_0^3*b3
3524	10,0,1,2,0,3,1	b4^10*q3_0*q4_0^2*q6_0^3*b3
3525	1,6,0,2,0,3,1	b4*q2_0^6*q4_0^2*q6_0^3*b3
3526	3,5,0,2,0,3,1	b4^3*q2_0^5*q4_0^2*q6_0^3*b3
3527	5,4,0,2,0,3,1	b4^5*q2_0^4*q4_0^2*q6_0^3*b3
3528	7,3,0,2,0,3,1	b4^7*q2_0^3*q4_0^2*q6_0^3*b3
3529	9,2,0,2,0,3,1	b4^9*q2_0^2*q4_0^2*q6_0^3*b3
3530	11,1,0,2,0,3,1	b4^11*q2_0*q4_0^2*q6_0^3*b3
3531	13,0,0,2,0,3,1	b4^13*q4_0^2*q6_0^3*b3
3532	0,1,5,1,0,3,1	q2_0*q3_0^5*q4_0*q6_0^3*b3
3533	2,0,5,1,0,3,1	b4^2*q3_0^5*q4_0*q6_0^3*b3
3534	1,2,4,1,0,3,1	b4*q2_0^2*q3_0^4*q4_0*q6_0^3*b3
3535	3,1,4,1,0,3,1	b4^3*q2_0*q3_0^4*q4_0*q6_0^3*b3
3536	5,0,4,1,0,3,1	b4^5*q3_0^4*q4_0*q6_0^3*b3
3537	0,4,3,1,0,3,1	q2_0^4*q3_0^3*q4_0*q6_0^3*b3
3538	2,3,3,1,0,3,1	b4^2*q2_0^3*q3_0^3*q4_0*q6_0^3*b3
3539	4,2,3,1,0,3,1	b4^4*q2_0^2*q3_0^3*q4_0*q6_0^3*b3
3540	6,1,3,1,0,3,1	b4^6*q2_0*q3_0^3*q4_0*q6_0^3*b3
3541	8,0,3,1,0,3,1	b4^8*q3_0^3*q4_0*q6_0^3*b3
3542	1,5,2,1,0,3,1	b4*q2_0^5*q3_0^2*q4_0*q6_0^3*b3
3543	3,4,2,1,0,3,1	b4^3*q2_0^4*q3_0^2*q4_0*q6_0^3*b3
3544	5,3,2,1,0,3,1	b4^5*q2_0^3*q3_0^2*q4_0*q6_0^3*b3
3545	7,2,2,1,0,3,1	b4^7*q2_0^2*q3_0^2*q4_0*q6_0^3*b3
3546	9,1,2,1,0,3,1	b4^9*q2_0*q3_0^2*q4_0*q6_0^3*b3
3547	11,0,2,1,0,3,1	b4^11*q3_0^2*q4_0*q6_0^3*b3
3548	0,7,1,1,0,3,1	q2_0^7*q3_0*q4_0*q6_0^3*b3
3549	2,6,1,1,0,3,1	b4^2*q2_0^6*q3_0*q4_0*q6_0^3*b3
3550	4,5,1,1,0,3,1	b4^4*q2_0^5*q3_0*q4_0*q6_0^3*b3
3551	6,4,1,1,0,3,1	b4^6*q2_0^4*q3_0*q4_0*q6_0^3*b3
3552	8,3,1,1,0,3,1	b4^8*q2_0^3*q3_0*q4_0*q6_0^3*b3
3553	10,2,1,1,0,3,1	b4^10*q2_0^2*q3_0*q4_0*q6_0^3*b3
3554	12,1,1,1,0,3,1	b4^12*q2_0*q3_0*q4_0*q6_0^3*b3
3555	14,0,1,1,0,3,1	b4^14*q3_0*q4_0*q6_0^3*b3
3556	1,8,0,1,0,3,1	b4*q2_0^8*q4_0*q6_0^3*b3
3557	3,7,0,1,0,3,1	b4^3*q2_0^7*q4_0*q6_0^3*b3
3558	5,6,0,1,0,3,1	b4^5*q2_0^6*q4_0*q6_0^3*b3
3559	7,5,0,1,0,3,1	b4^7*q2_0^5*q4_0*q6_0^3*b3
3560	9,4,0,1,0,3,1	b4^9*q2_0^4*q4_0*q6_0^3*b3
3561	11,3,0,1,0,3,1	b4^11*q2_0^3*q4_0*q6_0^3*b3
3562	13,2,0,1,0,3,1	b4^13*q2_0^2*q4_0*q6_0^3*b3
3563	0,0,7,0,0,3,1	q3_0^7*q6_0^3*b3
3564	1,1,6,0,0,3,1	b4*q2_0*q3_0^6*q6_0^3*b3
3565	3,0,6,0,0,3,1	b4^3*q3_0^6*q6_0^3*b3
3566	0,3,5,0,0,3,1	q2_0^3*q3_0^5*q6_0^3*b3
3567	2,2,5,0,0,3,1	b4^2*q2_0^2*q3_0^5*q6_0^3*b3
3568	4,1,5,0,0,3,1	b4^4*q2_0*q3_0^5*q6_0^3*b3
3569	6,0,5,0,0,3,1	b4^6*q3_0^5*q6_0^3*b3
3570	1,4,4,0,0,3,1	b4*q2_0^4*q3_0^4*q6_0^3*b3
3571	3,3,4,0,0,3,1	b4^3*q2_0^3*q3_0^4*q6_0^3*b3
3572	5,2,4,0,0,3,1	b4^5*q2_0^2*q3_0^4*q6_0^3*b3
3573	7,1,4,0,0,3,1	b4^7*q2_0*q3_0^4*q6_0^3*b3
3574	9,0,4,0,0,3,1	b4^9*q3_0^4*q6_0^3*b3
3575	0,6,3,0,0,3,1	q2_0^6*q3_0^3*q6_0^3*b3
3576	2,5,3,0,0,3,1	b4^2*q2_0^5*q3_0^3*q6_0^3*b3
3577	4,4,3,0,0,3,1	b4^4*q2_0^4*q3_0^3*q6_0^3*b3
3578	6,3,3,0,0,3,1	b4^6*q2_0^3*q3_0^3*q6_0^3*b3
3579	8,2,3,0,0,3,1	b4^8*q2_0^2*q3_0^3*q6_0^3*b3
3580	10,1,3,0,0,3,1	b4^10*q2_0*q3_0^3*q6_0^3*b3
3581	12,0,3,0,0,3,1	b4^12*q3_0^3*q6_0^3*b3
3582	1,7,2,0,0,3,1	b4*q2_0^7*q3_0^2*q6_0^3*b3
3583	3,6,2,0,0,3,1	b4^3*q2_0^6*q3_0^2*q6_0^3*b3
3584	5,5,2,0,0,3,1	b4^5*q2_0^5*q3_0^2*q6_0^3*b3
3585	7,4,2,0,0,3,1	b4^7*q2_0^4*q3_0^2*q6_0^3*b3
3586	9,3,2,0,0,3,1	b4^9*q2_0^3*q3_0^2*q6_0^3*b3
3587	11,2,2,0,0,3,1	b4^11*q2_0^2*q3_0^2*q6_0^3*b3
3588	13,1,2,0,0,3,1	b4^13*q2_0*q3_0^2*q6_0^3*b3
3589	15,0,2,0,0,3,1	b4^15*q3_0^2*q6_0^3*b3
3590	0,9,1,0,0,3,1	q2_0^9*q3_0*q6_0^3*b3
3591	2,8,1,0,0,3,1	b4^2*q2_0^8*q3_0*q6_0^3*b3
3592	4,7,1,0,0,3,1	b4^4*q2_0^7*q3_0*q6_0^3*b3
3593	6,6,1,0,0,3,1	b4^6*q2_0^6*q3_0*q6_0^3*b3
3594	8,5,1,0,0,3,1	b4^8*q2_0^5*q3_0*q6_0^3*b3
3595	0,1,0,0,5,2,1	q2_0*q5_0^5*q6_0^2*b3
3596	2,0,0,0,5,2,1	b4^2*q5_0^5*q6_0^2*b3
3597	0,0,1,1,4,2,1	q3_0*q4_0*q5_0^4*q6_0^2*b3
3598	1,1,0,1,4,2,1	b4*q2_0*q4_0*q5_0^4*q6_0^2*b3
3599	3,0,0,1,4,2,1	b4^3*q4_0*q5_0^4*q6_0^2*b3
3600	1,0,2,0,4,2,1	b4*q3_0^2*q5_0^4*q6_0^2*b3
3601	0,2,1,0,4,2,1	q2_0^2*q3_0*q5_0^4*q6_0^2*b3
3602	2,1,1,0,4,2,1	b4^2*q2_0*q3_0*q5_0^4*q6_0^2*b3
3603	4,0,1,0,4,2,1	b4^4*q3_0*q5_0^4*q6_0^2*b3
3604	1,3,0,0,4,2,1	b4*q2_0^3*q5_0^4*q6_0^2*b3
3605	3,2,0,0,4,2,1	b4^3*q2_0^2*q5_0^4*q6_0^2*b3
3606	0,0,0,3,3,2,1	q4_0^3*q5_0^3*q6_0^2*b3
3607	0,2,0,2,3,2,1	q2_0^2*q4_0^2*q5_0^3*q6_0^2*b3
3608	0,1,2,1,3,2,1	q2_0*q3_0^2*q4_0*q5_0^3*q6_0^2*b3
3609	0,4,0,1,3,2,1	q2_0^4*q4_0*q5_0^3*q6_0^2*b3
3610	0,0,4,0,3,2,1	q3_0^4*q5_0^3*q6_0^2*b3
3611	0,3,2,0,3,2,1	q2_0^3*q3_0^2*q5_0^3*q6_0^2*b3
3612	0,6,0,0,3,2,1	q2_0^6*q5_0^3*q6_0^2*b3
3613	0,1,1,3,2,2,1	q2_0*q3_0*q4_0^3*q5_0^2*q6_0^2*b3
3614	0,0,3,2,2,2,1	q3_0^3*q4_0^2*q5_0^2*q6_0^2*b3
3615	0,3,1,2,2,2,1	q2_0^3*q3_0*q4_0^2*q5_0^2*q6_0^2*b3
3616	0,2,3,1,2,2,1	q2_0^2*q3_0^3*q4_0*q5_0^2*q6_0^2*b3
3617	0,5,1,1,2,2,1	q2_0^5*q3_0*q4_0*q5_0^2*q6_0^2*b3
3618	0,1,5,0,2,2,1	q2_0*q3_0^5*q5_0^2*q6_0^2*b3
3619	0,4,3,0,2,2,1	q2_0^4*q3_0^3*q5_0^2*q6_0^2*b3
3620	0,7,1,0,2,2,1	q2_0^7*q3_0*q5_0^2*q6_0^2*b3
3621	0,1,0,5,1,2,1	q2_0*q4_0^5*q5_0*q6_0^2*b3
3622	0,0,2,4,1,2,1	q3_0^2*q4_0^4*q5_0*q6_0^2*b3
3623	0,3,0,4,1,2,1	q2_0^3*q4_0^4*q5_0*q6_0^2*b3
3624	0,2,2,3,1,2,1	q2_0^2*q3_0^2*q4_0^3*q5_0*q6_0^2*b3
3625	0,5,0,3,1,2,1	q2_0^5*q4_0^3*q5_0*q6_0^2*b3
3626	0,1,4,2,1,2,1	q2_0*q3_0^4*q4_0^2*q5_0*q6_0^2*b3
3627	0,4,2,2,1,2,1	q2_0^4*q3_0^2*q4_0^2*q5_0*q6_0^2*b3
3628	0,7,0,2,1,2,1	q2_0^7*q4_0^2*q5_0*q6_0^2*b3
3629	0,0,6,1,1,2,1	q3_0^6*q4_0*q5_0*q6_0^2*b3
3630	0,3,4,1,1,2,1	q2_0^3*q3_0^4*q4_0*q5_0*q6_0^2*b3
3631	0,6,2,1,1,2,1	q2_0^6*q3_0^2*q4_0*q5_0*q6_0^2*b3
3632	0,9,0,1,1,2,1	q2_0^9*q4_0*q5_0*q6_0^2*b3
3633	0,2,6,0,1,2,1	q2_0^2*q3_0^6*q5_0*q6_0^2*b3
3634	0,5,4,0,1,2,1	q2_0^5*q3_0^4*q5_0*q6_0^2*b3
3635	0,8,2,0,1,2,1	q2_0^8*q3_0^2*q5_0*q6_0^2*b3
3636	0,0,1,6,0,2,1	q3_0*q4_0^6*q6_0^2*b3
3637	0,2,1,5,0,2,1	q2_0^2*q3_0*q4_0^5*q6_0^2*b3
3638	0,1,3,4,0,2,1	q2_0*q3_0^3*q4_0^4*q6_0^2*b3
3639	0,4,1,4,0,2,1	q2_0^4*q3_0*q4_0^4*q6_0^2*b3
3640	0,0,5,3,0,2,1	q3_0^5*q4_0^3*q6_0^2*b3
3641	0,3,3,3,0,2,1	q2_0^3*q3_0^3*q4_0^3*q6_0^2*b3
3642	0,6,1,3,0,2,1	q2_0^6*q3_0*q4_0^3*q6_0^2*b3
3643	0,2,5,2,0,2,1	q2_0^2*q3_0^5*q4_0^2*q6_0^2*b3
3644	0,5,3,2,0,2,1	q2_0^5*q3_0^3*q4_0^2*q6_0^2*b3
3645	0,8,1,2,0,2,1	q2_0^8*q3_0*q4_0^2*q6_0^2*b3
3646	0,1,7,1,0,2,1	q2_0*q3_0^7*q4_0*q6_0^2*b3
3647	0,4,5,1,0,2,1	q2_0^4*q3_0^5*q4_0*q6_0^2*b3
3648	0,7,3,1,0,2,1	q2_0^7*q3_0^3*q4_0*q6_0^2*b3
3649	0,0,1,0,6,1,1	q3_0*q5_0^6*q6_0*b3
3650	0,0,0,2,5,1,1	q4_0^2*q5_0^5*q6_0*b3
3651	0,2,0,1,5,1,1	q2_0^2*q4_0*q5_0^5*q6_0*b3
3652	0,1,2,0,5,1,1	q2_0*q3_0^2*q5_0^5*q6_0*b3
3653	0,4,0,0,5,1,1	q2_0^4*q5_0^5*q6_0*b3
3654	0,1,1,2,4,1,1	q2_0*q3_0*q4_0^2*q5_0^4*q6_0*b3
3655	0,0,3,1,4,1,1	q3_0^3*q4_0*q5_0^4*q6_0*b3
3656	0,3,1,1,4,1,1	q2_0^3*q3_0*q4_0*q5_0^4*q6_0*b3
3657	0,2,3,0,4,1,1	q2_0^2*q3_0^3*q5_0^4*q6_0*b3
3658	0,5,1,0,4,1,1	q2_0^5*q3_0*q5_0^4*q6_0*b3
3659	0,1,0,4,3,1,1	q2_0*q4_0^4*q5_0^3*q6_0*b3
3660	0,0,2,3,3,1,1	q3_0^2*q4_0^3*q5_0^3*q6_0*b3
3661	0,3,0,3,3,1,1	q2_0^3*q4_0^3*q5_0^3*q6_0*b3
3662	0,2,2,2,3,1,1	q2_0^2*q3_0^2*q4_0^2*q5_0^3*q6_0*b3
3663	0,5,0,2,3,1,1	q2_0^5*q4_0^2*q5_0^3*q6_0*b3
3664	0,1,4,1,3,1,1	q2_0*q3_0^4*q4_0*q5_0^3*q6_0*b3
3665	0,4,2,1,3,1,1	q2_0^4*q3_0^2*q4_0*q5_0^3*q6_0*b3
3666	0,7,0,1,3,1,1	q2_0^7*q4_0*q5_0^3*q6_0*b3
3667	0,0,6,0,3,1,1	q3_0^6*q5_0^3*q6_0*b3
3668	0,3,4,0,3,1,1	q2_0^3*q3_0^4*q5_0^3*q6_0*b3
3669	0,6,2,0,3,1,1	q2_0^6*q3_0^2*q5_0^3*q6_0*b3
3670	0,9,0,0,3,1,1	q2_0^9*q5_0^3*q6_0*b3
3671	0,0,1,5,2,1,1	q3_0*q4_0^5*q5_0^2*q6_0*b3
3672	0,2,1,4,2,1,1	q2_0^2*q3_0*q4_0^4*q5_0^2*q6_0*b3
3673	0,1,3,3,2,1,1	q2_0*q3_0^3*q4_0^3*q5_0^2*q6_0*b3
3674	0,4,1,3,2,1,1	q2_0^4*q3_0*q4_0^3*q5_0^2*q6_0*b3
3675	0,0,5,2,2,1,1	q3_0^5*q4_0^2*q5_0^2*q6_0*b3
3676	0,0,0,0,1,7,0	q5_0*q6_0^7
3677	0,0,0,3,1,5,0	q4_0^3*q5_0*q6_0^5
3678	0,0,0,2,3,4,0	q4_0^2*q5_0^3*q6_0^4
3679	3,0,0,2,3,1,2	b4^3*q4_0^2*q5_0^3*q6_0*b3^2
3680	1,0,2,1,3,1,2	b4*q3_0^2*q4_0*q5_0^3*q6_0*b3^2
3681	0,2,1,1,3,1,2	q2_0^2*q3_0*q4_0*q5_0^3*q6_0*b3^2
3682	2,1,1,1,3,1,2	b4^2*q2_0*q3_0*q4_0*q5_0^3*q6_0*b3^2
3683	4,0,1,1,3,1,2	b4^4*q3_0*q4_0*q5_0^3*q6_0*b3^2
3684	1,3,0,1,3,1,2	b4*q2_0^3*q4_0*q5_0^3*q6_0*b3^2
3685	3,2,0,1,3,1,2	b4^3*q2_0^2*q4_0*q5_0^3*q6_0*b3^2
3686	5,1,0,1,3,1,2	b4^5*q2_0*q4_0*q5_0^3*q6_0*b3^2
3687	7,0,0,1,3,1,2	b4^7*q4_0*q5_0^3*q6_0*b3^2
3688	0,1,3,0,3,1,2	q2_0*q3_0^3*q5_0^3*q6_0*b3^2
3689	2,0,3,0,3,1,2	b4^2*q3_0^3*q5_0^3*q6_0*b3^2
3690	1,2,2,0,3,1,2	b4*q2_0^2*q3_0^2*q5_0^3*q6_0*b3^2
3691	3,1,2,0,3,1,2	b4^3*q2_0*q3_0^2*q5_0^3*q6_0*b3^2
3692	5,0,2,0,3,1,2	b4^5*q3_0^2*q5_0^3*q6_0*b3^2
3693	0,4,1,0,3,1,2	q2_0^4*q3_0*q5_0^3*q6_0*b3^2
3694	2,3,1,0,3,1,2	b4^2*q2_0^3*q3_0*q5_0^3*q6_0*b3^2
3695	4,2,1,0,3,1,2	b4^4*q2_0^2*q3_0*q5_0^3*q6_0*b3^2
3696	6,1,1,0,3,1,2	b4^6*q2_0*q3_0*q5_0^3*q6_0*b3^2
3697	8,0,1,0,3,1,2	b4^8*q3_0*q5_0^3*q6_0*b3^2
3698	1,5,0,0,3,1,2	b4*q2_0^5*q5_0^3*q6_0*b3^2
3699	3,4,0,0,3,1,2	b4^3*q2_0^4*q5_0^3*q6_0*b3^2
3700	5,3,0,0,3,1,2	b4^5*q2_0^3*q5_0^3*q6_0*b3^2
3701	7,2,0,0,3,1,2	b4^7*q2_0^2*q5_0^3*q6_0*b3^2
3702	9,1,0,0,3,1,2	b4^9*q2_0*q5_0^3*q6_0*b3^2
3703	11,0,0,0,3,1,2	b4^11*q5_0^3*q6_0*b3^2
3704	0,0,0,4,2,1,2	q4_0^4*q5_0^2*q6_0*b3^2
3705	1,0,1,3,2,1,2	b4*q3_0*q4_0^3*q5_0^2*q6_0*b3^2
3706	0,2,0,3,2,1,2	q2_0^2*q4_0^3*q5_0^2*q6_0*b3^2
3707	2,1,0,3,2,1,2	b4^2*q2_0*q4_0^3*q5_0^2*q6_0*b3^2
3708	4,0,0,3,2,1,2	b4^4*q4_0^3*q5_0^2*q6_0*b3^2
3709	0,1,2,2,2,1,2	q2_0*q3_0^2*q4_0^2*q5_0^2*q6_0*b3^2
3710	2,0,2,2,2,1,2	b4^2*q3_0^2*q4_0^2*q5_0^2*q6_0*b3^2
3711	1,2,1,2,2,1,2	b4*q2_0^2*q3_0*q4_0^2*q5_0^2*q6_0*b3^2
3712	3,1,1,2,2,1,2	b4^3*q2_0*q3_0*q4_0^2*q5_0^2*q6_0*b3^2
3713	5,0,1,2,2,1,2	b4^5*q3_0*q4_0^2*q5_0^2*q6_0*b3^2
3714	0,4,0,2,2,1,2	q2_0^4*q4_0^2*q5_0^2*q6_0*b3^2
3715	2,3,0,2,2,1,2	b4^2*q2_0^3*q4_0^2*q5_0^2*q6_0*b3^2
3716	4,2,0,2,2,1,2	b4^4*q2_0^2*q4_0^2*q5_0^2*q6_0*b3^2
3717	6,1,0,2,2,1,2	b4^6*q2_0*q4_0^2*q5_0^2*q6_0*b3^2
3718	8,0,0,2,2,1,2	b4^8*q4_0^2*q5_0^2*q6_0*b3^2
3719	0,0,4,1,2,1,2	q3_0^4*q4_0*q5_0^2*q6_0*b3^2
3720	1,1,3,1,2,1,2	b4*q2_0*q3_0^3*q4_0*q5_0^2*q6_0*b3^2
3721	3,0,3,1,2,1,2	b4^3*q3_0^3*q4_0*q5_0^2*q6_0*b3^2
3722	0,3,2,1,2,1,2	q2_0^3*q3_0^2*q4_0*q5_0^2*q6_0*b3^2
3723	2,2,2,1,2,1,2	b4^2*q2_0^2*q3_0^2*q4_0*q5_0^2*q6_0*b3^2
3724	4,1,2,1,2,1,2	b4^4*q2_0*q3_0^2*q4_0*q5_0^2*q6_0*b3^2
3725	6,0,2,1,2,1,2	b4^6*q3_0^2*q4_0*q5_0^2*q6_0*b3^2
3726	1,4,1,1,2,1,2	b4*q2_0^4*q3_0*q4_0*q5_0^2*q6_0*b3^2
3727	3,3,1,1,2,1,2	b4^3*q2_0^3*q3_0*q4_0*q5_0^2*q6_0*b3^2
3728	5,2,1,1,2,1,2	b4^5*q2_0^2*q3_0*q4_0*q5_0^2*q6_0*b3^2
3729	7,1,1,1,2,1,2	b4^7*q2_0*q3_0*q4_0*q5_0^2*q6_0*b3^2
3730	9,0,1,1,2,1,2	b4^9*q3_0*q4_0*q5_0^2*q6_0*b3^2
3731	0,6,0,1,2,1,2	q2_0^6*q4_0*q5_0^2*q6_0*b3^2
3732	2,5,0,1,2,1,2	b4^2*q2_0^5*q4_0*q5_0^2*q6_0*b3^2
3733	4,4,0,1,2,1,2	b4^4*q2_0^4*q4_0*q5_0^2*q6_0*b3^2
3734	6,3,0,1,2,1,2	b4^6*q2_0^3*q4_0*q5_0^2*q6_0*b3^2
3735	8,2,0,1,2,1,2	b4^8*q2_0^2*q4_0*q5_0^2*q6_0*b3^2
3736	10,1,0,1,2,1,2	b4^10*q2_0*q4_0*q5_0^2*q6_0*b3^2
3737	12,0,0,1,2,1,2	b4^12*q4_0*q5_0^2*q6_0*b3^2
3738	1,0,5,0,2,1,2	b4*q3_0^5*q5_0^2*q6_0*b3^2
3739	0,2,4,0,2,1,2	q2_0^2*q3_0^4*q5_0^2*q6_0*b3^2
3740	2,1,4,0,2,1,2	b4^2*q2_0*q3_0^4*q5_0^2*q6_0*b3^2
3741	4,0,4,0,2,1,2	b4^4*q3_0^4*q5_0^2*q6_0*b3^2
3742	1,3,3,0,2,1,2	b4*q2_0^3*q3_0^3*q5_0^2*q6_0*b3^2
3743	3,2,3,0,2,1,2	b4^3*q2_0^2*q3_0^3*q5_0^2*q6_0*b3^2
3744	5,1,3,0,2,1,2	b4^5*q2_0*q3_0^3*q5_0^2*q6_0*b3^2
3745	7,0,3,0,2,1,2	b4^7*q3_0^3*q5_0^2*q6_0*b3^2
3746	0,5,2,0,2,1,2	q2_0^5*q3_0^2*q5_0^2*q6_0*b3^2
3747	2,4,2,0,2,1,2	b4^2*q2_0^4*q3_0^2*q5_0^2*q6_0*b3^2
3748	4,3,2,0,2,1,2	b4^4*q2_0^3*q3_0^2*q5_0^2*q6_0*b3^2
3749	6,2,2,0,2,1,2	b4^6*q2_0^2*q3_0^2*q5_0^2*q6_0*b3^2
3750	8,1,2,0,2,1,2	b4^8*q2_0*q3_0^2*q5_0^2*q6_0*b3^2
3751	10,0,2,0,2,1,2	b4^10*q3_0^2*q5_0^2*q6_0*b3^2
3752	1,6,1,0,2,1,2	b4*q2_0^6*q3_0*q5_0^2*q6_0*b3^2
3753	3,5,1,0,2,1,2	b4^3*q2_0^5*q3_0*q5_0^2*q6_0*b3^2
3754	5,4,1,0,2,1,2	b4^5*q2_0^4*q3_0*q5_0^2*q6_0*b3^2
3755	7,3,1,0,2,1,2	b4^7*q2_0^3*q3_0*q5_0^2*q6_0*b3^2
3756	9,2,1,0,2,1,2	b4^9*q2_0^2*q3_0*q5_0^2*q6_0*b3^2
3757	11,1,1,0,2,1,2	b4^11*q2_0*q3_0*q5_0^2*q6_0*b3^2
3758	13,0,1,0,2,1,2	b4^13*q3_0*q5_0^2*q6_0*b3^2
3759	0,8,0,0,2,1,2	q2_0^8*q5_0^2*q6_0*b3^2
3760	2,7,0,0,2,1,2	b4^2*q2_0^7*q5_0^2*q6_0*b3^2
3761	4,6,0,0,2,1,2	b4^4*q2_0^6*q5_0^2*q6_0*b3^2
3762	6,5,0,0,2,1,2	b4^6*q2_0^5*q5_0^2*q6_0*b3^2
3763	8,4,0,0,2,1,2	b4^8*q2_0^4*q5_0^2*q6_0*b3^2
3764	10,3,0,0,2,1,2	b4^10*q2_0^3*q5_0^2*q6_0*b3^2
3765	12,2,0,0,2,1,2	b4^12*q2_0^2*q5_0^2*q6_0*b3^2
3766	14,1,0,0,2,1,2	b4^14*q2_0*q5_0^2*q6_0*b3^2
3767	1,0,0,5,1,1,2	b4*q4_0^5*q5_0*q6_0*b3^2
3768	0,1,1,4,1,1,2	q2_0*q3_0*q4_0^4*q5_0*q6_0*b3^2
3769	2,0,1,4,1,1,2	b4^2*q3_0*q4_0^4*q5_0*q6_0*b3^2
3770	1,2,0,4,1,1,2	b4*q2_0^2*q4_0^4*q5_0*q6_0*b3^2
3771	3,1,0,4,1,1,2	b4^3*q2_0*q4_0^4*q5_0*q6_0*b3^2
3772	5,0,0,4,1,1,2	b4^5*q4_0^4*q5_0*q6_0*b3^2
3773	0,0,3,3,1,1,2	q3_0^3*q4_0^3*q5_0*q6_0*b3^2
3774	1,1,2,3,1,1,2	b4*q2_0*q3_0^2*q4_0^3*q5_0*q6_0*b3^2
3775	3,0,2,3,1,1,2	b4^3*q3_0^2*q4_0^3*q5_0*q6_0*b3^2
3776	0,3,1,3,1,1,2	q2_0^3*q3_0*q4_0^3*q5_0*q6_0*b3^2
3777	2,2,1,3,1,1,2	b4^2*q2_0^2*q3_0*q4_0^3*q5_0*q6_0*b3^2
3778	4,1,1,3,1,1,2	b4^4*q2_0*q3_0*q4_0^3*q5_0*q6_0*b3^2
3779	6,0,1,3,1,1,2	b4^6*q3_0*q4_0^3*q5_0*q6_0*b3^2
3780	1,4,0,3,1,1,2	b4*q2_0^4*q4_0^3*q5_0*q6_0*b3^2
3781	3,3,0,3,1,1,2	b4^3*q2_0^3*q4_0^3*q5_0*q6_0*b3^2
3782	5,2,0,3,1,1,2	b4^5*q2_0^2*q4_0^3*q5_0*q6_0*b3^2
3783	7,1,0,3,1,1,2	b4^7*q2_0*q4_0^3*q5_0*q6_0*b3^2
3784	9,0,0,3,1,1,2	b4^9*q4_0^3*q5_0*q6_0*b3^2
3785	1,0,4,2,1,1,2	b4*q3_0^4*q4_0^2*q5_0*q6_0*b3^2
3786	0,2,3,2,1,1,2	q2_0^2*q3_0^3*q4_0^2*q5_0*q6_0*b3^2
3787	2,1,3,2,1,1,2	b4^2*q2_0*q3_0^3*q4_0^2*q5_0*q6_0*b3^2
3788	4,0,3,2,1,1,2	b4^4*q3_0^3*q4_0^2*q5_0*q6_0*b3^2
3789	1,3,2,2,1,1,2	b4*q2_0^3*q3_0^2*q4_0^2*q5_0*q6_0*b3^2
3790	3,2,2,2,1,1,2	b4^3*q2_0^2*q3_0^2*q4_0^2*q5_0*q6_0*b3^2
3791	5,1,2,2,1,1,2	b4^5*q2_0*q3_0^2*q4_0^2*q5_0*q6_0*b3^2
3792	7,0,2,2,1,1,2	b4^7*q3_0^2*q4_0^2*q5_0*q6_0*b3^2
3793	0,5,1,2,1,1,2	q2_0^5*q3_0*q4_0^2*q5_0*q6_0*b3^2
3794	2,4,1,2,1,1,2	b4^2*q2_0^4*q3_0*q4_0^2*q5_0*q6_0*b3^2
3795	4,3,1,2,1,1,2	b4^4*q2_0^3*q3_0*q4_0^2*q5_0*q6_0*b3^2
3796	6,2,1,2,1,1,2	b4^6*q2_0^2*q3_0*q4_0^2*q5_0*q6_0*b3^2
3797	8,1,1,2,1,1,2	b4^8*q2_0*q3_0*q4_0^2*q5_0*q6_0*b3^2
3798	10,0,1,2,1,1,2	b4^10*q3_0*q4_0^2*q5_0*q6_0*b3^2
3799	1,6,0,2,1,1,2	b4*q2_0^6*q4_0^2*q5_0*q6_0*b3^2
3800	3,5,0,2,1,1,2	b4^3*q2_0^5*q4_0^2*q5_0*q6_0*b3^2
3801	5,4,0,2,1,1,2	b4^5*q2_0^4*q4_0^2*q5_0*q6_0*b3^2
3802	7,3,0,2,1,1,2	b4^7*q2_0^3*q4_0^2*q5_0*q6_0*b3^2
3803	9,2,0,2,1,1,2	b4^9*q2_0^2*q4_0^2*q5_0*q6_0*b3^2
3804	11,1,0,2,1,1,2	b4^11*q2_0*q4_0^2*q5_0*q6_0*b3^2
3805	13,0,0,2,1,1,2	b4^13*q4_0^2*q5_0*q6_0*b3^2
3806	0,1,5,1,1,1,2	q2_0*q3_0^5*q4_0*q5_0*q6_0*b3^2
3807	2,0,5,1,1,1,2	b4^2*q3_0^5*q4_0*q5_0*q6_0*b3^2
3808	1,2,4,1,1,1,2	b4*q2_0^2*q3_0^4*q4_0*q5_0*q6_0*b3^2
3809	3,1,4,1,1,1,2	b4^3*q2_0*q3_0^4*q4_0*q5_0*q6_0*b3^2
3810	5,0,4,1,1,1,2	b4^5*q3_0^4*q4_0*q5_0*q6_0*b3^2
3811	0,4,3,1,1,1,2	q2_0^4*q3_0^3*q4_0*q5_0*q6_0*b3^2
3812	2,3,3,1,1,1,2	b4^2*q2_0^3*q3_0^3*q4_0*q5_0*q6_0*b3^2
3813	4,2,3,1,1,1,2	b4^4*q2_0^2*q3_0^3*q4_0*q5_0*q6_0*b3^2
3814	6,1,3,1,1,1,2	b4^6*q2_0*q3_0^3*q4_0*q5_0*q6_0*b3^2
3815	8,0,3,1,1,1,2	b4^8*q3_0^3*q4_0*q5_0*q6_0*b3^2
3816	1,5,2,1,1,1,2	b4*q2_0^5*q3_0^2*q4_0*q5_0*q6_0*b3^2
3817	3,4,2,1,1,1,2	b4^3*q2_0^4*q3_0^2*q4_0*q5_0*q6_0*b3^2
3818	5,3,2,1,1,1,2	b4^5*q2_0^3*q3_0^2*q4_0*q5_0*q6_0*b3^2
3819	7,2,2,1,1,1,2	b4^7*q2_0^2*q3_0^2*q4_0*q5_0*q6_0*b3^2
3820	9,1,2,1,1,1,2	b4^9*q2_0*q3_0^2*q4_0*q5_0*q6_0*b3^2
3821	11,0,2,1,1,1,2	b4^11*q3_0^2*q4_0*q5_0*q6_0*b3^2
3822	0,7,1,1,1,1,2	q2_0^7*q3_0*q4_0*q5_0*q6_0*b3^2
3823	2,6,1,1,1,1,2	b4^2*q2_0^6*q3_0*q4_0*q5_0*q6_0*b3^2
3824	4,5,1,1,1,1,2	b4^4*q2_0^5*q3_0*q4_0*q5_0*q6_0*b3^2
3825	6,4,1,1,1,1,2	b4^6*q2_0^4*q3_0*q4_0*q5_0*q6_0*b3^2
3826	8,3,1,1,1,1,2	b4^8*q2_0^3*q3_0*q4_0*q5_0*q6_0*b3^2
3827	10,2,1,1,1,1,2	b4^10*q2_0^2*q3_0*q4_0*q5_0*q6_0*b3^2
3828	12,1,1,1,1,1,2	b4^12*q2_0*q3_0*q4_0*q5_0*q6_0*b3^2
3829	14,0,1,1,1,1,2	b4^14*q3_0*q4_0*q5_0*q6_0*b3^2
3830	1,8,0,1,1,1,2	b4*q2_0^8*q4_0*q5_0*q6_0*b3^2
3831	3,7,0,1,1,1,2	b4^3*q2_0^7*q4_0*q5_0*q6_0*b3^2
3832	5,6,0,1,1,1,2	b4^5*q2_0^6*q4_0*q5_0*q6_0*b3^2
3833	7,5,0,1,1,1,2	b4^7*q2_0^5*q4_0*q5_0*q6_0*b3^2
3834	9,4,0,1,1,1,2	b4^9*q2_0^4*q4_0*q5_0*q6_0*b3^2
3835	11,3,0,1,1,1,2	b4^11*q2_0^3*q4_0*q5_0*q6_0*b3^2
3836	13,2,0,1,1,1,2	b4^13*q2_0^2*q4_0*q5_0*q6_0*b3^2
3837	0,0,7,0,1,1,2	q3_0^7*q5_0*q6_0*b3^2
3838	1,1,6,0,1,1,2	b4*q2_0*q3_0^6*q5_0*q6_0*b3^2
3839	3,0,6,0,1,1,2	b4^3*q3_0^6*q5_0*q6_0*b3^2
3840	0,3,5,0,1,1,2	q2_0^3*q3_0^5*q5_0*q6_0*b3^2
3841	2,2,5,0,1,1,2	b4^2*q2_0^2*q3_0^5*q5_0*q6_0*b3^2
3842	4,1,5,0,1,1,2	b4^4*q2_0*q3_0^5*q5_0*q6_0*b3^2
3843	6,0,5,0,1,1,2	b4^6*q3_0^5*q5_0*q6_0*b3^2
3844	1,4,4,0,1,1,2	b4*q2_0^4*q3_0^4*q5_0*q6_0*b3^2
3845	3,3,4,0,1,1,2	b4^3*q2_0^3*q3_0^4*q5_0*q6_0*b3^2
3846	5,2,4,0,1,1,2	b4^5*q2_0^2*q3_0^4*q5_0*q6_0*b3^2
3847	7,1,4,0,1,1,2	b4^7*q2_0*q3_0^4*q5_0*q6_0*b3^2
3848	9,0,4,0,1,1,2	b4^9*q3_0^4*q5_0*q6_0*b3^2
3849	0,6,3,0,1,1,2	q2_0^6*q3_0^3*q5_0*q6_0*b3^2
3850	2,5,3,0,1,1,2	b4^2*q2_0^5*q3_0^3*q5_0*q6_0*b3^2
3851	4,4,3,0,1,1,2	b4^4*q2_0^4*q3_0^3*q5_0*q6_0*b3^2
3852	6,3,3,0,1,1,2	b4^6*q2_0^3*q3_0^3*q5_0*q6_0*b3^2
3853	8,2,3,0,1,1,2	b4^8*q2_0^2*q3_0^3*q5_0*q6_0*b3^2
3854	10,1,3,0,1,1,2	b4^10*q2_0*q3_0^3*q5_0*q6_0*b3^2
3855	12,0,3,0,1,1,2	b4^12*q3_0^3*q5_0*q6_0*b3^2
3856	1,7,2,0,1,1,2	b4*q2_0^7*q3_0^2*q5_0*q6_0*b3^2
3857	3,6,2,0,1,1,2	b4^3*q2_0^6*q3_0^2*q5_0*q6_0*b3^2
3858	5,5,2,0,1,1,2	b4^5*q2_0^5*q3_0^2*q5_0*q6_0*b3^2
3859	7,4,2,0,1,1,2	b4^7*q2_0^4*q3_0^2*q5_0*q6_0*b3^2
3860	9,3,2,0,1,1,2	b4^9*q2_0^3*q3_0^2*q5_0*q6_0*b3^2
3861	11,2,2,0,1,1,2	b4^11*q2_0^2*q3_0^2*q5_0*q6_0*b3^2
3862	13,1,2,0,1,1,2	b4^13*q2_0*q3_0^2*q5_0*q6_0*b3^2
3863	15,0,2,0,1,1,2	b4^15*q3_0^2*q5_0*q6_0*b3^2
3864	0,9,1,0,1,1,2	q2_0^9*q3_0*q5_0*q6_0*b3^2
3865	2,8,1,0,1,1,2	b4^2*q2_0^8*q3_0*q5_0*q6_0*b3^2
3866	4,7,1,0,1,1,2	b4^4*q2_0^7*q3_0*q5_0*q6_0*b3^2
3867	6,6,1,0,1,1,2	b4^6*q2_0^6*q3_0*q5_0*q6_0*b3^2
3868	8,5,1,0,1,1,2	b4^8*q2_0^5*q3_0*q5_0*q6_0*b3^2
3869	0,1,0,6,0,1,2	q2_0*q4_0^6*q6_0*b3^2
3870	2,0,0,6,0,1,2	b4^2*q4_0^6*q6_0*b3^2
3871	0,0,2,5,0,1,2	q3_0^2*q4_0^5*q6_0*b3^2
3872	1,1,1,5,0,1,2	b4*q2_0*q3_0*q4_0^5*q6_0*b3^2
3873	3,0,1,5,0,1,2	b4^3*q3_0*q4_0^5*q6_0*b3^2
3874	0,3,0,5,0,1,2	q2_0^3*q4_0^5*q6_0*b3^2
3875	2,2,0,5,0,1,2	b4^2*q2_0^2*q4_0^5*q6_0*b3^2
3876	4,1,0,5,0,1,2	b4^4*q2_0*q4_0^5*q6_0*b3^2
3877	6,0,0,5,0,1,2	b4^6*q4_0^5*q6_0*b3^2
3878	1,0,3,4,0,1,2	b4*q3_0^3*q4_0^4*q6_0*b3^2
3879	0,2,2,4,0,1,2	q2_0^2*q3_0^2*q4_0^4*q6_0*b3^2
3880	2,1,2,4,0,1,2	b4^2*q2_0*q3_0^2*q4_0^4*q6_0*b3^2
3881	4,0,2,4,0,1,2	b4^4*q3_0^2*q4_0^4*q6_0*b3^2
3882	1,3,1,4,0,1,2	b4*q2_0^3*q3_0*q4_0^4*q6_0*b3^2
3883	3,2,1,4,0,1,2	b4^3*q2_0^2*q3_0*q4_0^4*q6_0*b3^2
3884	5,1,1,4,0,1,2	b4^5*q2_0*q3_0*q4_0^4*q6_0*b3^2
3885	7,0,1,4,0,1,2	b4^7*q3_0*q4_0^4*q6_0*b3^2
3886	0,5,0,4,0,1,2	q2_0^5*q4_0^4*q6_0*b3^2
3887	2,4,0,4,0,1,2	b4^2*q2_0^4*q4_0^4*q6_0*b3^2
3888	4,3,0,4,0,1,2	b4^4*q2_0^3*q4_0^4*q6_0*b3^2
3889	6,2,0,4,0,1,2	b4^6*q2_0^2*q4_0^4*q6_0*b3^2
3890	8,1,0,4,0,1,2	b4^8*q2_0*q4_0^4*q6_0*b3^2
3891	10,0,0,4,0,1,2	b4^10*q4_0^4*q6_0*b3^2
3892	0,1,4,3,0,1,2	q2_0*q3_0^4*q4_0^3*q6_0*b3^2
3893	2,0,4,3,0,1,2	b4^2*q3_0^4*q4_0^3*q6_0*b3^2
3894	1,2,3,3,0,1,2	b4*q2_0^2*q3_0^3*q4_0^3*q6_0*b3^2
3895	3,1,3,3,0,1,2	b4^3*q2_0*q3_0^3*q4_0^3*q6_0*b3^2
3896	5,0,3,3,0,1,2	b4^5*q3_0^3*q4_0^3*q6_0*b3^2
3897	0,4,2,3,0,1,2	q2_0^4*q3_0^2*q4_0^3*q6_0*b3^2
3898	2,3,2,3,0,1,2	b4^2*q2_0^3*q3_0^2*q4_0^3*q6_0*b3^2
3899	4,2,2,3,0,1,2	b4^4*q2_0^2*q3_0^2*q4_0^3*q6_0*b3^2
3900	6,1,2,3,0,1,2	b4^6*q2_0*q3_0^2*q4_0^3*q6_0*b3^2
3901	8,0,2,3,0,1,2	b4^8*q3_0^2*q4_0^3*q6_0*b3^2
3902	1,5,1,3,0,1,2	b4*q2_0^5*q3_0*q4_0^3*q6_0*b3^2
3903	3,4,1,3,0,1,2	b4^3*q2_0^4*q3_0*q4_0^3*q6_0*b3^2
3904	5,3,1,3,0,1,2	b4^5*q2_0^3*q3_0*q4_0^3*q6_0*b3^2
3905	7,2,1,3,0,1,2	b4^7*q2_0^2*q3_0*q4_0^3*q6_0*b3^2
3906	9,1,1,3,0,1,2	b4^9*q2_0*q3_0*q4_0^3*q6_0*b3^2
3907	11,0,1,3,0,1,2	b4^11*q3_0*q4_0^3*q6_0*b3^2
3908	0,7,0,3,0,1,2	q2_0^7*q4_0^3*q6_0*b3^2
3909	2,6,0,3,0,1,2	b4^2*q2_0^6*q4_0^3*q6_0*b3^2
3910	4,5,0,3,0,1,2	b4^4*q2_0^5*q4_0^3*q6_0*b3^2
3911	6,4,0,3,0,1,2	b4^6*q2_0^4*q4_0^3*q6_0*b3^2
3912	8,3,0,3,0,1,2	b4^8*q2_0^3*q4_0^3*q6_0*b3^2
3913	10,2,0,3,0,1,2	b4^10*q2_0^2*q4_0^3*q6_0*b3^2
3914	12,1,0,3,0,1,2	b4^12*q2_0*q4_0^3*q6_0*b3^2
3915	14,0,0,3,0,1,2	b4^14*q4_0^3*q6_0*b3^2
3916	0,0,6,2,0,1,2	q3_0^6*q4_0^2*q6_0*b3^2
3917	1,1,5,2,0,1,2	b4*q2_0*q3_0^5*q4_0^2*q6_0*b3^2
3918	3,0,5,2,0,1,2	b4^3*q3_0^5*q4_0^2*q6_0*b3^2
3919	0,3,4,2,0,1,2	q2_0^3*q3_0^4*q4_0^2*q6_0*b3^2
3920	2,2,4,2,0,1,2	b4^2*q2_0^2*q3_0^4*q4_0^2*q6_0*b3^2
3921	4,1,4,2,0,1,2	b4^4*q2_0*q3_0^4*q4_0^2*q6_0*b3^2
3922	6,0,4,2,0,1,2	b4^6*q3_0^4*q4_0^2*q6_0*b3^2
3923	1,4,3,2,0,1,2	b4*q2_0^4*q3_0^3*q4_0^2*q6_0*b3^2
3924	3,3,3,2,0,1,2	b4^3*q2_0^3*q3_0^3*q4_0^2*q6_0*b3^2
3925	5,2,3,2,0,1,2	b4^5*q2_0^2*q3_0^3*q4_0^2*q6_0*b3^2
3926	7,1,3,2,0,1,2	b4^7*q2_0*q3_0^3*q4_0^2*q6_0*b3^2
3927	9,0,3,2,0,1,2	b4^9*q3_0^3*q4_0^2*q6_0*b3^2
3928	0,6,2,2,0,1,2	q2_0^6*q3_0^2*q4_0^2*q6_0*b3^2
3929	2,5,2,2,0,1,2	b4^2*q2_0^5*q3_0^2*q4_0^2*q6_0*b3^2
3930	4,4,2,2,0,1,2	b4^4*q2_0^4*q3_0^2*q4_0^2*q6_0*b3^2
3931	6,3,2,2,0,1,2	b4^6*q2_0^3*q3_0^2*q4_0^2*q6_0*b3^2
3932	8,2,2,2,0,1,2	b4^8*q2_0^2*q3_0^2*q4_0^2*q6_0*b3^2
3933	10,1,2,2,0,1,2	b4^10*q2_0*q3_0^2*q4_0^2*q6_0*b3^2
3934	12,0,2,2,0,1,2	b4^12*q3_0^2*q4_0^2*q6_0*b3^2
3935	1,7,1,2,0,1,2	b4*q2_0^7*q3_0*q4_0^2*q6_0*b3^2
3936	3,6,1,2,0,1,2	b4^3*q2_0^6*q3_0*q4_0^2*q6_0*b3^2
3937	5,5,1,2,0,1,2	b4^5*q2_0^5*q3_0*q4_0^2*q6_0*b3^2
3938	7,4,1,2,0,1,2	b4^7*q2_0^4*q3_0*q4_0^2*q6_0*b3^2
3939	9,3,1,2,0,1,2	b4^9*q2_0^3*q3_0*q4_0^2*q6_0*b3^2
3940	11,2,1,2,0,1,2	b4^11*q2_0^2*q3_0*q4_0^2*q6_0*b3^2
3941	13,1,1,2,0,1,2	b4^13*q2_0*q3_0*q4_0^2*q6_0*b3^2
3942	15,0,1,2,0,1,2	b4^15*q3_0*q4_0^2*q6_0*b3^2
3943	0,9,0,2,0,1,2	q2_0^9*q4_0^2*q6_0*b3^2
3944	2,8,0,2,0,1,2	b4^2*q2_0^8*q4_0^2*q6_0*b3^2
3945	4,7,0,2,0,1,2	b4^4*q2_0^7*q4_0^2*q6_0*b3^2
3946	6,6,0,2,0,1,2	b4^6*q2_0^6*q4_0^2*q6_0*b3^2
3947	8,5,0,2,0,1,2	b4^8*q2_0^5*q4_0^2*q6_0*b3^2
3948	10,4,0,2,0,1,2	b4^10*q2_0^4*q4_0^2*q6_0*b3^2
3949	1,0,7,1,0,1,2	b4*q3_0^7*q4_0*q6_0*b3^2
3950	0,2,6,1,0,1,2	q2_0^2*q3_0^6*q4_0*q6_0*b3^2
3951	2,1,6,1,0,1,2	b4^2*q2_0*q3_0^6*q4_0*q6_0*b3^2
3952	4,0,6,1,0,1,2	b4^4*q3_0^6*q4_0*q6_0*b3^2
3953	1,3,5,1,0,1,2	b4*q2_0^3*q3_0^5*q4_0*q6_0*b3^2
3954	3,2,5,1,0,1,2	b4^3*q2_0^2*q3_0^5*q4_0*q6_0*b3^2
3955	5,1,5,1,0,1,2	b4^5*q2_0*q3_0^5*q4_0*q6_0*b3^2
3956	7,0,5,1,0,1,2	b4^7*q3_0^5*q4_0*q6_0*b3^2
3957	0,5,4,1,0,1,2	q2_0^5*q3_0^4*q4_0*q6_0*b3^2
3958	2,4,4,1,0,1,2	b4^2*q2_0^4*q3_0^4*q4_0*q6_0*b3^2
3959	4,3,4,1,0,1,2	b4^4*q2_0^3*q3_0^4*q4_0*q6_0*b3^2
3960	6,2,4,1,0,1,2	b4^6*q2_0^2*q3_0^4*q4_0*q6_0*b3^2
3961	8,1,4,1,0,1,2	b4^8*q2_0*q3_0^4*q4_0*q6_0*b3^2
3962	10,0,4,1,0,1,2	b4^10*q3_0^4*q4_0*q6_0*b3^2
3963	1,6,3,1,0,1,2	b4*q2_0^6*q3_0^3*q4_0*q6_0*b3^2
3964	3,5,3,1,0,1,2	b4^3*q2_0^5*q3_0^3*q4_0*q6_0*b3^2
3965	5,4,3,1,0,1,2	b4^5*q2_0^4*q3_0^3*q4_0*q6_0*b3^2
3966	7,3,3,1,0,1,2	b4^7*q2_0^3*q3_0^3*q4_0*q6_0*b3^2
3967	9,2,3,1,0,1,2	b4^9*q2_0^2*q3_0^3*q4_0*q6_0*b3^2
3968	11,1,3,1,0,1,2	b4^11*q2_0*q3_0^3*q4_0*q6_0*b3^2
3969	13,0,3,1,0,1,2	b4^13*q3_0^3*q4_0*q6_0*b3^2
3970	0,8,2,1,0,1,2	q2_0^8*q3_0^2*q4_0*q6_0*b3^2
3971	2,7,2,1,0,1,2	b4^2*q2_0^7*q3_0^2*q4_0*q6_0*b3^2
3972	4,6,2,1,0,1,2	b4^4*q2_0^6*q3_0^2*q4_0*q6_0*b3^2
3973	6,5,2,1,0,1,2	b4^6*q2_0^5*q3_0^2*q4_0*q6_0*b3^2
3974	8,4,2,1,0,1,2	b4^8*q2_0^4*q3_0^2*q4_0*q6_0*b3^2
3975	10,3,2,1,0,1,2	b4^10*q2_0^3*q3_0^2*q4_0*q6_0*b3^2
3976	12,2,2,1,0,1,2	b4^12*q2_0^2*q3_0^2*q4_0*q6_0*b3^2
3977	14,1,2,1,0,1,2	b4^14*q2_0*q3_0^2*q4_0*q6_0*b3^2
3978	0,1,8,0,0,1,2	q2_0*q3_0^8*q6_0*b3^2
3979	2,0,8,0,0,1,2	b4^2*q3_0^8*q6_0*b3^2
3980	1,2,7,0,0,1,2	b4*q2_0^2*q3_0^7*q6_0*b3^2
3981	0,1,0,0,6,0,2	q2_0*q5_0^6*b3^2
3982	2,0,0,0,6,0,2	b4^2*q5_0^6*b3^2
3983	0,0,1,1,5,0,2	q3_0*q4_0*q5_0^5*b3^2
3984	1,1,0,1,5,0,2	b4*q2_0*q4_0*q5_0^5*b3^2
3985	3,0,0,1,5,0,2	b4^3*q4_0*q5_0^5*b3^2
3986	1,0,2,0,5,0,2	b4*q3_0^2*q5_0^5*b3^2
3987	0,2,1,0,5,0,2	q2_0^2*q3_0*q5_0^5*b3^2
3988	2,1,1,0,5,0,2	b4^2*q2_0*q3_0*q5_0^5*b3^2
3989	4,0,1,0,5,0,2	b4^4*q3_0*q5_0^5*b3^2
3990	1,3,0,0,5,0,2	b4*q2_0^3*q5_0^5*b3^2
3991	3,2,0,0,5,0,2	b4^3*q2_0^2*q5_0^5*b3^2
3992	5,1,0,0,5,0,2	b4^5*q2_0*q5_0^5*b3^2
3993	7,0,0,0,5,0,2	b4^7*q5_0^5*b3^2
3994	0,0,0,3,4,0,2	q4_0^3*q5_0^4*b3^2
3995	1,0,1,2,4,0,2	b4*q3_0*q4_0^2*q5_0^4*b3^2
3996	0,2,0,2,4,0,2	q2_0^2*q4_0^2*q5_0^4*b3^2
3997	2,1,0,2,4,0,2	b4^2*q2_0*q4_0^2*q5_0^4*b3^2
3998	4,0,0,2,4,0,2	b4^4*q4_0^2*q5_0^4*b3^2
3999	0,1,2,1,4,0,2	q2_0*q3_0^2*q4_0*q5_0^4*b3^2
4000	2,0,2,1,4,0,2	b4^2*q3_0^2*q4_0*q5_0^4*b3^2
4001	1,2,1,1,4,0,2	b4*q2_0^2*q3_0*q4_0*q5_0^4*b3^2
4002	3,1,1,1,4,0,2	b4^3*q2_0*q3_0*q4_0*q5_0^4*b3^2
4003	5,0,1,1,4,0,2	b4^5*q3_0*q4_0*q5_0^4*b3^2
4004	0,4,0,1,4,0,2	q2_0^4*q4_0*q5_0^4*b3^2
4005	2,3,0,1,4,0,2	b4^2*q2_0^3*q4_0*q5_0^4*b3^2
4006	4,2,0,1,4,0,2	b4^4*q2_0^2*q4_0*q5_0^4*b3^2
4007	6,1,0,1,4,0,2	b4^6*q2_0*q4_0*q5_0^4*b3^2
4008	8,0,0,1,4,0,2	b4^8*q4_0*q5_0^4*b3^2
4009	0,0,4,0,4,0,2	q3_0^4*q5_0^4*b3^2
4010	1,1,3,0,4,0,2	b4*q2_0*q3_0^3*q5_0^4*b3^2
4011	3,0,3,0,4,0,2	b4^3*q3_0^3*q5_0^4*b3^2
4012	0,3,2,0,4,0,2	q2_0^3*q3_0^2*q5_0^4*b3^2
4013	2,2,2,0,4,0,2	b4^2*q2_0^2*q3_0^2*q5_0^4*b3^2
4014	4,1,2,0,4,0,2	b4^4*q2_0*q3_0^2*q5_0^4*b3^2
4015	6,0,2,0,4,0,2	b4^6*q3_0^2*q5_0^4*b3^2
4016	1,4,1,0,4,0,2	b4*q2_0^4*q3_0*q5_0^4*b3^2
4017	3,3,1,0,4,0,2	b4^3*q2_0^3*q3_0*q5_0^4*b3^2
4018	5,2,1,0,4,0,2	b4^5*q2_0^2*q3_0*q5_0^4*b3^2
4019	7,1,1,0,4,0,2	b4^7*q2_0*q3_0*q5_0^4*b3^2
4020	9,0,1,0,4,0,2	b4^9*q3_0*q5_0^4*b3^2
4021	0,6,0,0,4,0,2	q2_0^6*q5_0^4*b3^2
4022	2,5,0,0,4,0,2	b4^2*q2_0^5*q5_0^4*b3^2
4023	4,4,0,0,4,0,2	b4^4*q2_0^4*q5_0^4*b3^2
4024	6,3,0,0,4,0,2	b4^6*q2_0^3*q5_0^4*b3^2
4025	8,2,0,0,4,0,2	b4^8*q2_0^2*q5_0^4*b3^2
4026	10,1,0,0,4,0,2	b4^10*q2_0*q5_0^4*b3^2
4027	12,0,0,0,4,0,2	b4^12*q5_0^4*b3^2
4028	1,0,0,4,3,0,2	b4*q4_0^4*q5_0^3*b3^2
4029	0,1,1,3,3,0,2	q2_0*q3_0*q4_0^3*q5_0^3*b3^2
4030	2,0,1,3,3,0,2	b4^2*q3_0*q4_0^3*q5_0^3*b3^2
4031	1,2,0,3,3,0,2	b4*q2_0^2*q4_0^3*q5_0^3*b3^2
4032	3,1,0,3,3,0,2	b4^3*q2_0*q4_0^3*q5_0^3*b3^2
4033	5,0,0,3,3,0,2	b4^5*q4_0^3*q5_0^3*b3^2
4034	0,0,3,2,3,0,2	q3_0^3*q4_0^2*q5_0^3*b3^2
4035	1,1,2,2,3,0,2	b4*q2_0*q3_0^2*q4_0^2*q5_0^3*b3^2
4036	3,0,2,2,3,0,2	b4^3*q3_0^2*q4_0^2*q5_0^3*b3^2
4037	0,3,1,2,3,0,2	q2_0^3*q3_0*q4_0^2*q5_0^3*b3^2
4038	2,2,1,2,3,0,2	b4^2*q2_0^2*q3_0*q4_0^2*q5_0^3*b3^2
4039	4,1,1,2,3,0,2	b4^4*q2_0*q3_0*q4_0^2*q5_0^3*b3^2
4040	6,0,1,2,3,0,2	b4^6*q3_0*q4_0^2*q5_0^3*b3^2
4041	1,4,0,2,3,0,2	b4*q2_0^4*q4_0^2*q5_0^3*b3^2
4042	3,3,0,2,3,0,2	b4^3*q2_0^3*q4_0^2*q5_0^3*b3^2
4043	5,2,0,2,3,0,2	b4^5*q2_0^2*q4_0^2*q5_0^3*b3^2
4044	7,1,0,2,3,0,2	b4^7*q2_0*q4_0^2*q5_0^3*b3^2
4045	9,0,0,2,3,0,2	b4^9*q4_0^2*q5_0^3*b3^2
4046	1,0,4,1,3,0,2	b4*q3_0^4*q4_0*q5_0^3*b3^2
4047	0,2,3,1,3,0,2	q2_0^2*q3_0^3*q4_0*q5_0^3*b3^2
4048	2,1,3,1,3,0,2	b4^2*q2_0*q3_0^3*q4_0*q5_0^3*b3^2
4049	4,0,3,1,3,0,2	b4^4*q3_0^3*q4_0*q5_0^3*b3^2
4050	1,3,2,1,3,0,2	b4*q2_0^3*q3_0^2*q4_0*q5_0^3*b3^2
4051	3,2,2,1,3,0,2	b4^3*q2_0^2*q3_0^2*q4_0*q5_0^3*b3^2
4052	5,1,2,1,3,0,2	b4^5*q2_0*q3_0^2*q4_0*q5_0^3*b3^2
4053	7,0,2,1,3,0,2	b4^7*q3_0^2*q4_0*q5_0^3*b3^2
4054	0,5,1,1,3,0,2	q2_0^5*q3_0*q4_0*q5_0^3*b3^2
4055	2,4,1,1,3,0,2	b4^2*q2_0^4*q3_0*q4_0*q5_0^3*b3^2
4056	4,3,1,1,3,0,2	b4^4*q2_0^3*q3_0*q4_0*q5_0^3*b3^2
4057	6,2,1,1,3,0,2	b4^6*q2_0^2*q3_0*q4_0*q5_0^3*b3^2
4058	8,1,1,1,3,0,2	b4^8*q2_0*q3_0*q4_0*q5_0^3*b3^2
4059	10,0,1,1,3,0,2	b4^10*q3_0*q4_0*q5_0^3*b3^2
4060	1,6,0,1,3,0,2	b4*q2_0^6*q4_0*q5_0^3*b3^2
4061	3,5,0,1,3,0,2	b4^3*q2_0^5*q4_0*q5_0^3*b3^2
4062	5,4,0,1,3,0,2	b4^5*q2_0^4*q4_0*q5_0^3*b3^2
4063	7,3,0,1,3,0,2	b4^7*q2_0^3*q4_0*q5_0^3*b3^2
4064	9,2,0,1,3,0,2	b4^9*q2_0^2*q4_0*q5_0^3*b3^2
4065	11,1,0,1,3,0,2	b4^11*q2_0*q4_0*q5_0^3*b3^2
4066	13,0,0,1,3,0,2	b4^13*q4_0*q5_0^3*b3^2
4067	0,1,5,0,3,0,2	q2_0*q3_0^5*q5_0^3*b3^2
4068	2,0,5,0,3,0,2	b4^2*q3_0^5*q5_0^3*b3^2
4069	1,2,4,0,3,0,2	b4*q2_0^2*q3_0^4*q5_0^3*b3^2
4070	3,1,4,0,3,0,2	b4^3*q2_0*q3_0^4*q5_0^3*b3^2
4071	5,0,4,0,3,0,2	b4^5*q3_0^4*q5_0^3*b3^2
4072	0,4,3,0,3,0,2	q2_0^4*q3_0^3*q5_0^3*b3^2
4073	2,3,3,0,3,0,2	b4^2*q2_0^3*q3_0^3*q5_0^3*b3^2
4074	4,2,3,0,3,0,2	b4^4*q2_0^2*q3_0^3*q5_0^3*b3^2
4075	6,1,3,0,3,0,2	b4^6*q2_0*q3_0^3*q5_0^3*b3^2
4076	8,0,3,0,3,0,2	b4^8*q3_0^3*q5_0^3*b3^2
4077	1,5,2,0,3,0,2	b4*q2_0^5*q3_0^2*q5_0^3*b3^2
4078	3,4,2,0,3,0,2	b4^3*q2_0^4*q3_0^2*q5_0^3*b3^2
4079	5,3,2,0,3,0,2	b4^5*q2_0^3*q3_0^2*q5_0^3*b3^2
4080	7,2,2,0,3,0,2	b4^7*q2_0^2*q3_0^2*q5_0^3*b3^2
4081	9,1,2,0,3,0,2	b4^9*q2_0*q3_0^2*q5_0^3*b3^2
4082	11,0,2,0,3,0,2	b4^11*q3_0^2*q5_0^3*b3^2
4083	0,7,1,0,3,0,2	q2_0^7*q3_0*q5_0^3*b3^2
4084	2,6,1,0,3,0,2	b4^2*q2_0^6*q3_0*q5_0^3*b3^2
4085	4,5,1,0,3,0,2	b4^4*q2_0^5*q3_0*q5_0^3*b3^2
4086	6,4,1,0,3,0,2	b4^6*q2_0^4*q3_0*q5_0^3*b3^2
4087	8,3,1,0,3,0,2	b4^8*q2_0^3*q3_0*q5_0^3*b3^2
4088	10,2,1,0,3,0,2	b4^10*q2_0^2*q3_0*q5_0^3*b3^2
4089	12,1,1,0,3,0,2	b4^12*q2_0*q3_0*q5_0^3*b3^2
4090	14,0,1,0,3,0,2	b4^14*q3_0*q5_0^3*b3^2
4091	1,8,0,0,3,0,2	b4*q2_0^8*q5_0^3*b3^2
4092	3,7,0,0,3,0,2	b4^3*q2_0^7*q5_0^3*b3^2
4093	5,6,0,0,3,0,2	b4^5*q2_0^6*q5_0^3*b3^2
4094	7,5,0,0,3,0,2	b4^7*q2_0^5*q5_0^3*b3^2
4095	9,4,0,0,3,0,2	b4^9*q2_0^4*q5_0^3*b3^2
4096	11,3,0,0,3,0,2	b4^11*q2_0^3*q5_0^3*b3^2
4097	13,2,0,0,3,0,2	b4^13*q2_0^2*q5_0^3*b3^2
4098	0,1,0,5,2,0,2	q2_0*q4_0^5*q5_0^2*b3^2
4099	2,0,0,5,2,0,2	b4^2*q4_0^5*q5_0^2*b3^2
4100	0,0,2,4,2,0,2	q3_0^2*q4_0^4*q5_0^2*b3^2
4101	1,1,1,4,2,0,2	b4*q2_0*q3_0*q4_0^4*q5_0^2*b3^2
4102	3,0,1,4,2,0,2	b4^3*q3_0*q4_0^4*q5_0^2*b3^2
4103	0,3,0,4,2,0,2	q2_0^3*q4_0^4*q5_0^2*b3^2
4104	2,2,0,4,2,0,2	b4^2*q2_0^2*q4_0^4*q5_0^2*b3^2
4105	4,1,0,4,2,0,2	b4^4*q2_0*q4_0^4*q5_0^2*b3^2
4106	6,0,0,4,2,0,2	b4^6*q4_0^4*q5_0^2*b3^2
4107	1,0,3,3,2,0,2	b4*q3_0^3*q4_0^3*q5_0^2*b3^2
4108	0,2,2,3,2,0,2	q2_0^2*q3_0^2*q4_0^3*q5_0^2*b3^2
4109	2,1,2,3,2,0,2	b4^2*q2_0*q3_0^2*q4_0^3*q5_0^2*b3^2
4110	4,0,2,3,2,0,2	b4^4*q3_0^2*q4_0^3*q5_0^2*b3^2
4111	1,3,1,3,2,0,2	b4*q2_0^3*q3_0*q4_0^3*q5_0^2*b3^2
4112	3,2,1,3,2,0,2	b4^3*q2_0^2*q3_0*q4_0^3*q5_0^2*b3^2
4113	5,1,1,3,2,0,2	b4^5*q2_0*q3_0*q4_0^3*q5_0^2*b3^2
4114	7,0,1,3,2,0,2	b4^7*q3_0*q4_0^3*q5_0^2*b3^2
4115	0,5,0,3,2,0,2	q2_0^5*q4_0^3*q5_0^2*b3^2
4116	2,4,0,3,2,0,2	b4^2*q2_0^4*q4_0^3*q5_0^2*b3^2
4117	4,3,0,3,2,0,2	b4^4*q2_0^3*q4_0^3*q5_0^2*b3^2
4118	6,2,0,3,2,0,2	b4^6*q2_0^2*q4_0^3*q5_0^2*b3^2
4119	8,1,0,3,2,0,2	b4^8*q2_0*q4_0^3*q5_0^2*b3^2
4120	10,0,0,3,2,0,2	b4^10*q4_0^3*q5_0^2*b3^2
4121	0,1,4,2,2,0,2	q2_0*q3_0^4*q4_0^2*q5_0^2*b3^2
4122	2,0,4,2,2,0,2	b4^2*q3_0^4*q4_0^2*q5_0^2*b3^2
4123	1,2,3,2,2,0,2	b4*q2_0^2*q3_0^3*q4_0^2*q5_0^2*b3^2
4124	3,1,3,2,2,0,2	b4^3*q2_0*q3_0^3*q4_0^2*q5_0^2*b3^2
4125	5,0,3,2,2,0,2	b4^5*q3_0^3*q4_0^2*q5_0^2*b3^2
4126	0,4,2,2,2,0,2	q2_0^4*q3_0^2*q4_0^2*q5_0^2*b3^2
4127	2,3,2,2,2,0,2	b4^2*q2_0^3*q3_0^2*q4_0^2*q5_0^2*b3^2
4128	4,2,2,2,2,0,2	b4^4*q2_0^2*q3_0^2*q4_0^2*q5_0^2*b3^2
4129	6,1,2,2,2,0,2	b4^6*q2_0*q3_0^2*q4_0^2*q5_0^2*b3^2
4130	8,0,2,2,2,0,2	b4^8*q3_0^2*q4_0^2*q5_0^2*b3^2
4131	1,5,1,2,2,0,2	b4*q2_0^5*q3_0*q4_0^2*q5_0^2*b3^2
4132	3,4,1,2,2,0,2	b4^3*q2_0^4*q3_0*q4_0^2*q5_0^2*b3^2
4133	5,3,1,2,2,0,2	b4^5*q2_0^3*q3_0*q4_0^2*q5_0^2*b3^2
4134	7,2,1,2,2,0,2	b4^7*q2_0^2*q3_0*q4_0^2*q5_0^2*b3^2
4135	9,1,1,2,2,0,2	b4^9*q2_0*q3_0*q4_0^2*q5_0^2*b3^2
4136	11,0,1,2,2,0,2	b4^11*q3_0*q4_0^2*q5_0^2*b3^2
4137	0,7,0,2,2,0,2	q2_0^7*q4_0^2*q5_0^2*b3^2
4138	2,6,0,2,2,0,2	b4^2*q2_0^6*q4_0^2*q5_0^2*b3^2
4139	4,5,0,2,2,0,2	b4^4*q2_0^5*q4_0^2*q5_0^2*b3^2
4140	6,4,0,2,2,0,2	b4^6*q2_0^4*q4_0^2*q5_0^2*b3^2
4141	8,3,0,2,2,0,2	b4^8*q2_0^3*q4_0^2*q5_0^2*b3^2
4142	10,2,0,2,2,0,2	b4^10*q2_0^2*q4_0^2*q5_0^2*b3^2
4143	12,1,0,2,2,0,2	b4^12*q2_0*q4_0^2*q5_0^2*b3^2
4144	14,0,0,2,2,0,2	b4^14*q4_0^2*q5_0^2*b3^2
4145	0,0,6,1,2,0,2	q3_0^6*q4_0*q5_0^2*b3^2
4146	1,1,5,1,2,0,2	b4*q2_0*q3_0^5*q4_0*q5_0^2*b3^2
4147	3,0,5,1,2,0,2	b4^3*q3_0^5*q4_0*q5_0^2*b3^2
4148	0,3,4,1,2,0,2	q2_0^3*q3_0^4*q4_0*q5_0^2*b3^2
4149	2,2,4,1,2,0,2	b4^2*q2_0^2*q3_0^4*q4_0*q5_0^2*b3^2
4150	4,1,4,1,2,0,2	b4^4*q2_0*q3_0^4*q4_0*q5_0^2*b3^2
4151	6,0,4,1,2,0,2	b4^6*q3_0^4*q4_0*q5_0^2*b3^2
4152	1,4,3,1,2,0,2	b4*q2_0^4*q3_0^3*q4_0*q5_0^2*b3^2
4153	3,3,3,1,2,0,2	b4^3*q2_0^3*q3_0^3*q4_0*q5_0^2*b3^2
4154	5,2,3,1,2,0,2	b4^5*q2_0^2*q3_0^3*q4_0*q5_0^2*b3^2
4155	7,1,3,1,2,0,2	b4^7*q2_0*q3_0^3*q4_0*q5_0^2*b3^2
4156	9,0,3,1,2,0,2	b4^9*q3_0^3*q4_0*q5_0^2*b3^2
4157	0,6,2,1,2,0,2	q2_0^6*q3_0^2*q4_0*q5_0^2*b3^2
4158	2,5,2,1,2,0,2	b4^2*q2_0^5*q3_0^2*q4_0*q5_0^2*b3^2
4159	4,4,2,1,2,0,2	b4^4*q2_0^4*q3_0^2*q4_0*q5_0^2*b3^2
4160	6,3,2,1,2,0,2	b4^6*q2_0^3*q3_0^2*q4_0*q5_0^2*b3^2
4161	8,2,2,1,2,0,2	b4^8*q2_0^2*q3_0^2*q4_0*q5_0^2*b3^2
4162	10,1,2,1,2,0,2	b4^10*q2_0*q3_0^2*q4_0*q5_0^2*b3^2
4163	12,0,2,1,2,0,2	b4^12*q3_0^2*q4_0*q5_0^2*b3^2
4164	1,7,1,1,2,0,2	b4*q2_0^7*q3_0*q4_0*q5_0^2*b3^2
4165	3,6,1,1,2,0,2	b4^3*q2_0^6*q3_0*q4_0*q5_0^2*b3^2
4166	5,5,1,1,2,0,2	b4^5*q2_0^5*q3_0*q4_0*q5_0^2*b3^2
4167	7,4,1,1,2,0,2	b4^7*q2_0^4*q3_0*q4_0*q5_0^2*b3^2
4168	9,3,1,1,2,0,2	b4^9*q2_0^3*q3_0*q4_0*q5_0^2*b3^2
4169	11,2,1,1,2,0,2	b4^11*q2_0^2*q3_0*q4_0*q5_0^2*b3^2
4170	13,1,1,1,2,0,2	b4^13*q2_0*q3_0*q4_0*q5_0^2*b3^2
4171	15,0,1,1,2,0,2	b4^15*q3_0*q4_0*q5_0^2*b3^2
4172	0,9,0,1,2,0,2	q2_0^9*q4_0*q5_0^2*b3^2
4173	2,8,0,1,2,0,2	b4^2*q2_0^8*q4_0*q5_0^2*b3^2
4174	4,7,0,1,2,0,2	b4^4*q2_0^7*q4_0*q5_0^2*b3^2
4175	6,6,0,1,2,0,2	b4^6*q2_0^6*q4_0*q5_0^2*b3^2
4176	8,5,0,1,2,0,2	b4^8*q2_0^5*q4_0*q5_0^2*b3^2
4177	10,4,0,1,2,0,2	b4^10*q2_0^4*q4_0*q5_0^2*b3^2
4178	1,0,7,0,2,0,2	b4*q3_0^7*q5_0^2*b3^2
4179	0,2,6,0,2,0,2	q2_0^2*q3_0^6*q5_0^2*b3^2
4180	2,1,6,0,2,0,2	b4^2*q2_0*q3_0^6*q5_0^2*b3^2
4181	4,0,6,0,2,0,2	b4^4*q3_0^6*q5_0^2*b3^2
4182	1,3,5,0,2,0,2	b4*q2_0^3*q3_0^5*q5_0^2*b3^2
4183	3,2,5,0,2,0,2	b4^3*q2_0^2*q3_0^5*q5_0^2*b3^2
4184	5,1,5,0,2,0,2	b4^5*q2_0*q3_0^5*q5_0^2*b3^2
4185	7,0,5,0,2,0,2	b4^7*q3_0^5*q5_0^2*b3^2
4186	0,5,4,0,2,0,2	q2_0^5*q3_0^4*q5_0^2*b3^2
4187	2,4,4,0,2,0,2	b4^2*q2_0^4*q3_0^4*q5_0^2*b3^2
4188	4,3,4,0,2,0,2	b4^4*q2_0^3*q3_0^4*q5_0^2*b3^2
4189	6,2,4,0,2,0,2	b4^6*q2_0^2*q3_0^4*q5_0^2*b3^2
4190	8,1,4,0,2,0,2	b4^8*q2_0*q3_0^4*q5_0^2*b3^2
4191	10,0,4,0,2,0,2	b4^10*q3_0^4*q5_0^2*b3^2
4192	1,6,3,0,2,0,2	b4*q2_0^6*q3_0^3*q5_0^2*b3^2
4193	3,5,3,0,2,0,2	b4^3*q2_0^5*q3_0^3*q5_0^2*b3^2
4194	5,4,3,0,2,0,2	b4^5*q2_0^4*q3_0^3*q5_0^2*b3^2
4195	7,3,3,0,2,0,2	b4^7*q2_0^3*q3_0^3*q5_0^2*b3^2
4196	9,2,3,0,2,0,2	b4^9*q2_0^2*q3_0^3*q5_0^2*b3^2
4197	11,1,3,0,2,0,2	b4^11*q2_0*q3_0^3*q5_0^2*b3^2
4198	13,0,3,0,2,0,2	b4^13*q3_0^3*q5_0^2*b3^2
4199	0,8,2,0,2,0,2	q2_0^8*q3_0^2*q5_0^2*b3^2
4200	2,7,2,0,2,0,2	b4^2*q2_0^7*q3_0^2*q5_0^2*b3^2
4201	4,6,2,0,2,0,2	b4^4*q2_0^6*q3_0^2*q5_0^2*b3^2
4202	6,5,2,0,2,0,2	b4^6*q2_0^5*q3_0^2*q5_0^2*b3^2
4203	8,4,2,0,2,0,2	b4^8*q2_0^4*q3_0^2*q5_0^2*b3^2
4204	10,3,2,0,2,0,2	b4^10*q2_0^3*q3_0^2*q5_0^2*b3^2
4205	12,2,2,0,2,0,2	b4^12*q2_0^2*q3_0^2*q5_0^2*b3^2
4206	0,0,1,6,1,0,2	q3_0*q4_0^6*q5_0*b3^2
4207	0,2,1,5,1,0,2	q2_0^2*q3_0*q4_0^5*q5_0*b3^2
4208	0,1,3,4,1,0,2	q2_0*q3_0^3*q4_0^4*q5_0*b3^2
4209	0,4,1,4,1,0,2	q2_0^4*q3_0*q4_0^4*q5_0*b3^2
4210	0,0,5,3,1,0,2	q3_0^5*q4_0^3*q5_0*b3^2
4211	0,3,3,3,1,0,2	q2_0^3*q3_0^3*q4_0^3*q5_0*b3^2
4212	0,6,1,3,1,0,2	q2_0^6*q3_0*q4_0^3*q5_0*b3^2
4213	0,2,5,2,1,0,2	q2_0^2*q3_0^5*q4_0^2*q5_0*b3^2
4214	0,5,3,2,1,0,2	q2_0^5*q3_0^3*q4_0^2*q5_0*b3^2
4215	0,8,1,2,1,0,2	q2_0^8*q3_0*q4_0^2*q5_0*b3^2
4216	0,1,7,1,1,0,2	q2_0*q3_0^7*q4_0*q5_0*b3^2
4217	0,4,5,1,1,0,2	q2_0^4*q3_0^5*q4_0*q5_0*b3^2
4218	0,0,0,1,0,6,1	q4_0*q6_0^6*b3
4219	0,2,0,0,0,6,1	q2_0^2*q6_0^6*b3
4220	0,0,0,0,2,5,1	q5_0^2*q6_0^5*b3
4221	0,1,1,0,1,5,1	q2_0*q3_0*q5_0*q6_0^5*b3
4222	0,1,0,2,0,5,1	q2_0*q4_0^2*q6_0^5*b3
4223	0,0,2,1,0,5,1	q3_0^2*q4_0*q6_0^5*b3
4224	0,3,0,1,0,5,1	q2_0^3*q4_0*q6_0^5*b3
4225	0,2,2,0,0,5,1	q2_0^2*q3_0^2*q6_0^5*b3
4226	0,5,0,0,0,5,1	q2_0^5*q6_0^5*b3
4227	0,1,0,1,2,4,1	q2_0*q4_0*q5_0^2*q6_0^4*b3
4228	0,0,2,0,2,4,1	q3_0^2*q5_0^2*q6_0^4*b3
4229	0,3,0,0,2,4,1	q2_0^3*q5_0^2*q6_0^4*b3
4230	0,0,1,2,1,4,1	q3_0*q4_0^2*q5_0*q6_0^4*b3
4231	0,2,1,1,1,4,1	q2_0^2*q3_0*q4_0*q5_0*q6_0^4*b3
4232	0,1,3,0,1,4,1	q2_0*q3_0^3*q5_0*q6_0^4*b3
4233	0,4,1,0,1,4,1	q2_0^4*q3_0*q5_0*q6_0^4*b3
4234	0,0,0,4,0,4,1	q4_0^4*q6_0^4*b3
4235	0,2,0,3,0,4,1	q2_0^2*q4_0^3*q6_0^4*b3
4236	0,1,2,2,0,4,1	q2_0*q3_0^2*q4_0^2*q6_0^4*b3
4237	0,4,0,2,0,4,1	q2_0^4*q4_0^2*q6_0^4*b3
4238	0,0,4,1,0,4,1	q3_0^4*q4_0*q6_0^4*b3
4239	0,3,2,1,0,4,1	q2_0^3*q3_0^2*q4_0*q6_0^4*b3
4240	0,6,0,1,0,4,1	q2_0^6*q4_0*q6_0^4*b3
4241	0,2,4,0,0,4,1	q2_0^2*q3_0^4*q6_0^4*b3
4242	0,5,2,0,0,4,1	q2_0^5*q3_0^2*q6_0^4*b3
4243	0,8,0,0,0,4,1	q2_0^8*q6_0^4*b3
4244	0,1,0,0,4,3,1	q2_0*q5_0^4*q6_0^3*b3
4245	0,0,1,1,3,3,1	q3_0*q4_0*q5_0^3*q6_0^3*b3
4246	0,2,1,0,3,3,1	q2_0^2*q3_0*q5_0^3*q6_0^3*b3
4247	0,0,0,3,2,3,1	q4_0^3*q5_0^2*q6_0^3*b3
4248	0,2,0,2,2,3,1	q2_0^2*q4_0^2*q5_0^2*q6_0^3*b3
4249	0,1,2,1,2,3,1	q2_0*q3_0^2*q4_0*q5_0^2*q6_0^3*b3
4250	0,4,0,1,2,3,1	q2_0^4*q4_0*q5_0^2*q6_0^3*b3
4251	0,0,4,0,2,3,1	q3_0^4*q5_0^2*q6_0^3*b3
4252	0,3,2,0,2,3,1	q2_0^3*q3_0^2*q5_0^2*q6_0^3*b3
4253	0,6,0,0,2,3,1	q2_0^6*q5_0^2*q6_0^3*b3
4254	0,1,1,3,1,3,1	q2_0*q3_0*q4_0^3*q5_0*q6_0^3*b3
4255	0,0,3,2,1,3,1	q3_0^3*q4_0^2*q5_0*q6_0^3*b3
4256	0,3,1,2,1,3,1	q2_0^3*q3_0*q4_0^2*q5_0*q6_0^3*b3
4257	0,2,3,1,1,3,1	q2_0^2*q3_0^3*q4_0*q5_0*q6_0^3*b3
4258	0,5,1,1,1,3,1	q2_0^5*q3_0*q4_0*q5_0*q6_0^3*b3
4259	0,1,5,0,1,3,1	q2_0*q3_0^5*q5_0*q6_0^3*b3
4260	0,4,3,0,1,3,1	q2_0^4*q3_0^3*q5_0*q6_0^3*b3
4261	0,7,1,0,1,3,1	q2_0^7*q3_0*q5_0*q6_0^3*b3
4262	0,1,0,5,0,3,1	q2_0*q4_0^5*q6_0^3*b3
4263	0,0,2,4,0,3,1	q3_0^2*q4_0^4*q6_0^3*b3
4264	0,3,0,4,0,3,1	q2_0^3*q4_0^4*q6_0^3*b3
4265	0,2,2,3,0,3,1	q2_0^2*q3_0^2*q4_0^3*q6_0^3*b3
4266	0,5,0,3,0,3,1	q2_0^5*q4_0^3*q6_0^3*b3
4267	0,1,4,2,0,3,1	q2_0*q3_0^4*q4_0^2*q6_0^3*b3
4268	0,4,2,2,0,3,1	q2_0^4*q3_0^2*q4_0^2*q6_0^3*b3
4269	0,7,0,2,0,3,1	q2_0^7*q4_0^2*q6_0^3*b3
4270	0,0,6,1,0,3,1	q3_0^6*q4_0*q6_0^3*b3
4271	0,3,4,1,0,3,1	q2_0^3*q3_0^4*q4_0*q6_0^3*b3
4272	0,6,2,1,0,3,1	q2_0^6*q3_0^2*q4_0*q6_0^3*b3
4273	0,9,0,1,0,3,1	q2_0^9*q4_0*q6_0^3*b3
4274	0,2,6,0,0,3,1	q2_0^2*q3_0^6*q6_0^3*b3
4275	0,5,4,0,0,3,1	q2_0^5*q3_0^4*q6_0^3*b3
4276	0,8,2,0,0,3,1	q2_0^8*q3_0^2*q6_0^3*b3
4277	0,0,1,0,5,2,1	q3_0*q5_0^5*q6_0^2*b3
4278	0,0,0,2,4,2,1	q4_0^2*q5_0^4*q6_0^2*b3
4279	0,2,0,1,4,2,1	q2_0^2*q4_0*q5_0^4*q6_0^2*b3
4280	0,1,2,0,4,2,1	q2_0*q3_0^2*q5_0^4*q6_0^2*b3
4281	0,4,0,0,4,2,1	q2_0^4*q5_0^4*q6_0^2*b3
4282	0,0,3,1,3,2,1	q3_0^3*q4_0*q5_0^3*q6_0^2*b3
4283	0,0,2,3,2,2,1	q3_0^2*q4_0^3*q5_0^2*q6_0^2*b3
4284	0,0,6,0,2,2,1	q3_0^6*q5_0^2*q6_0^2*b3
4285	0,0,1,5,1,2,1	q3_0*q4_0^5*q5_0*q6_0^2*b3
4286	0,0,5,2,1,2,1	q3_0^5*q4_0^2*q5_0*q6_0^2*b3
4287	0,0,0,7,0,2,1	q4_0^7*q6_0^2*b3
4288	0,0,4,4,0,2,1	q3_0^4*q4_0^4*q6_0^2*b3
4289	0,0,0,1,6,1,1	q4_0*q5_0^6*q6_0*b3
4290	0,0,0,0,0,8,0	q6_0^8
4291	3,4,0,1,2,0,3	b4^3*q2_0^4*q4_0*q5_0^2*b3^3
4292	5,3,0,1,2,0,3	b4^5*q2_0^3*q4_0*q5_0^2*b3^3
4293	7,2,0,1,2,0,3	b4^7*q2_0^2*q4_0*q5_0^2*b3^3
4294	9,1,0,1,2,0,3	b4^9*q2_0*q4_0*q5_0^2*b3^3
4295	11,0,0,1,2,0,3	b4^11*q4_0*q5_0^2*b3^3
4296	0,0,5,0,2,0,3	q3_0^5*q5_0^2*b3^3
4297	1,1,4,0,2,0,3	b4*q2_0*q3_0^4*q5_0^2*b3^3
4298	3,0,4,0,2,0,3	b4^3*q3_0^4*q5_0^2*b3^3
4299	0,3,3,0,2,0,3	q2_0^3*q3_0^3*q5_0^2*b3^3
4300	2,2,3,0,2,0,3	b4^2*q2_0^2*q3_0^3*q5_0^2*b3^3
4301	4,1,3,0,2,0,3	b4^4*q2_0*q3_0^3*q5_0^2*b3^3
4302	6,0,3,0,2,0,3	b4^6*q3_0^3*q5_0^2*b3^3
4303	1,4,2,0,2,0,3	b4*q2_0^4*q3_0^2*q5_0^2*b3^3
4304	3,3,2,0,2,0,3	b4^3*q2_0^3*q3_0^2*q5_0^2*b3^3
4305	5,2,2,0,2,0,3	b4^5*q2_0^2*q3_0^2*q5_0^2*b3^3
4306	7,1,2,0,2,0,3	b4^7*q2_0*q3_0^2*q5_0^2*b3^3
4307	9,0,2,0,2,0,3	b4^9*q3_0^2*q5_0^2*b3^3
4308	0,6,1,0,2,0,3	q2_0^6*q3_0*q5_0^2*b3^3
4309	2,5,1,0,2,0,3	b4^2*q2_0^5*q3_0*q5_0^2*b3^3
4310	4,4,1,0,2,0,3	b4^4*q2_0^4*q3_0*q5_0^2*b3^3
4311	6,3,1,0,2,0,3	b4^6*q2_0^3*q3_0*q5_0^2*b3^3
4312	8,2,1,0,2,0,3	b4^8*q2_0^2*q3_0*q5_0^2*b3^3
4313	10,1,1,0,2,0,3	b4^10*q2_0*q3_0*q5_0^2*b3^3
4314	12,0,1,0,2,0,3	b4^12*q3_0*q5_0^2*b3^3
4315	1,7,0,0,2,0,3	b4*q2_0^7*q5_0^2*b3^3
4316	3,6,0,0,2,0,3	b4^3*q2_0^6*q5_0^2*b3^3
4317	5,5,0,0,2,0,3	b4^5*q2_0^5*q5_0^2*b3^3
4318	7,4,0,0,2,0,3	b4^7*q2_0^4*q5_0^2*b3^3
4319	9,3,0,0,2,0,3	b4^9*q2_0^3*q5_0^2*b3^3
4320	11,2,0,0,2,0,3	b4^11*q2_0^2*q5_0^2*b3^3
4321	13,1,0,0,2,0,3	b4^13*q2_0*q5_0^2*b3^3
4322	15,0,0,0,2,0,3	b4^15*q5_0^2*b3^3
4323	0,0,0,5,1,0,3	q4_0^5*q5_0*b3^3
4324	1,0,1,4,1,0,3	b4*q3_0*q4_0^4*q5_0*b3^3
4325	0,2,0,4,1,0,3	q2_0^2*q4_0^4*q5_0*b3^3
4326	2,1,0,4,1,0,3	b4^2*q2_0*q4_0^4*q5_0*b3^3
4327	4,0,0,4,1,0,3	b4^4*q4_0^4*q5_0*b3^3
4328	0,1,2,3,1,0,3	q2_0*q3_0^2*q4_0^3*q5_0*b3^3
4329	2,0,2,3,1,0,3	b4^2*q3_0^2*q4_0^3*q5_0*b3^3
4330	1,2,1,3,1,0,3	b4*q2_0^2*q3_0*q4_0^3*q5_0*b3^3
4331	3,1,1,3,1,0,3	b4^3*q2_0*q3_0*q4_0^3*q5_0*b3^3
4332	5,0,1,3,1,0,3	b4^5*q3_0*q4_0^3*q5_0*b3^3
4333	0,4,0,3,1,0,3	q2_0^4*q4_0^3*q5_0*b3^3
4334	2,3,0,3,1,0,3	b4^2*q2_0^3*q4_0^3*q5_0*b3^3
4335	4,2,0,3,1,0,3	b4^4*q2_0^2*q4_0^3*q5_0*b3^3
4336	6,1,0,3,1,0,3	b4^6*q2_0*q4_0^3*q5_0*b3^3
4337	8,0,0,3,1,0,3	b4^8*q4_0^3*q5_0*b3^3
4338	0,0,4,2,1,0,3	q3_0^4*q4_0^2*q5_0*b3^3
4339	1,1,3,2,1,0,3	b4*q2_0*q3_0^3*q4_0^2*q5_0*b3^3
4340	3,0,3,2,1,0,3	b4^3*q3_0^3*q4_0^2*q5_0*b3^3
4341	0,3,2,2,1,0,3	q2_0^3*q3_0^2*q4_0^2*q5_0*b3^3
4342	2,2,2,2,1,0,3	b4^2*q2_0^2*q3_0^2*q4_0^2*q5_0*b3^3
4343	4,1,2,2,1,0,3	b4^4*q2_0*q3_0^2*q4_0^2*q5_0*b3^3
4344	6,0,2,2,1,0,3	b4^6*q3_0^2*q4_0^2*q5_0*b3^3
4345	1,4,1,2,1,0,3	b4*q2_0^4*q3_0*q4_0^2*q5_0*b3^3
4346	3,3,1,2,1,0,3	b4^3*q2_0^3*q3_0*q4_0^2*q5_0*b3^3
4347	5,2,1,2,1,0,3	b4^5*q2_0^2*q3_0*q4_0^2*q5_0*b3^3
4348	7,1,1,2,1,0,3	b4^7*q2_0*q3_0*q4_0^2*q5_0*b3^3
4349	9,0,1,2,1,0,3	b4^9*q3_0*q4_0^2*q5_0*b3^3
4350	0,6,0,2,1,0,3	q2_0^6*q4_0^2*q5_0*b3^3
4351	2,5,0,2,1,0,3	b4^2*q2_0^5*q4_0^2*q5_0*b3^3
4352	4,4,0,2,1,0,3	b4^4*q2_0^4*q4_0^2*q5_0*b3^3
4353	6,3,0,2,1,0,3	b4^6*q2_0^3*q4_0^2*q5_0*b3^3
4354	8,2,0,2,1,0,3	b4^8*q2_0^2*q4_0^2*q5_0*b3^3
4355	10,1,0,2,1,0,3	b4^10*q2_0*q4_0^2*q5_0*b3^3
4356	12,0,0,2,1,0,3	b4^12*q4_0^2*q5_0*b3^3
4357	1,0,5,1,1,0,3	b4*q3_0^5*q4_0*q5_0*b3^3
4358	0,2,4,1,1,0,3	q2_0^2*q3_0^4*q4_0*q5_0*b3^3
4359	2,1,4,1,1,0,3	b4^2*q2_0*q3_0^4*q4_0*q5_0*b3^3
4360	4,0,4,1,1,0,3	b4^4*q3_0^4*q4_0*q5_0*b3^3
4361	1,3,3,1,1,0,3	b4*q2_0^3*q3_0^3*q4_0*q5_0*b3^3
4362	3,2,3,1,1,0,3	b4^3*q2_0^2*q3_0^3*q4_0*q5_0*b3^3
4363	5,1,3,1,1,0,3	b4^5*q2_0*q3_0^3*q4_0*q5_0*b3^3
4364	7,0,3,1,1,0,3	b4^7*q3_0^3*q4_0*q5_0*b3^3
4365	0,5,2,1,1,0,3	q2_0^5*q3_0^2*q4_0*q5_0*b3^3
4366	2,4,2,1,1,0,3	b4^2*q2_0^4*q3_0^2*q4_0*q5_0*b3^3
4367	4,3,2,1,1,0,3	b4^4*q2_0^3*q3_0^2*q4_0*q5_0*b3^3
4368	6,2,2,1,1,0,3	b4^6*q2_0^2*q3_0^2*q4_0*q5_0*b3^3
4369	8,1,2,1,1,0,3	b4^8*q2_0*q3_0^2*q4_0*q5_0*b3^3
4370	10,0,2,1,1,0,3	b4^10*q3_0^2*q4_0*q5_0*b3^3
4371	1,6,1,1,1,0,3	b4*q2_0^6*q3_0*q4_0*q5_0*b3^3
4372	3,5,1,1,1,0,3	b4^3*q2_0^5*q3_0*q4_0*q5_0*b3^3
4373	5,4,1,1,1,0,3	b4^5*q2_0^4*q3_0*q4_0*q5_0*b3^3
4374	7,3,1,1,1,0,3	b4^7*q2_0^3*q3_0*q4_0*q5_0*b3^3
4375	9,2,1,1,1,0,3	b4^9*q2_0^2*q3_0*q4_0*q5_0*b3^3
4376	11,1,1,1,1,0,3	b4^11*q2_0*q3_0*q4_0*q5_0*b3^3
4377	13,0,1,1,1,0,3	b4^13*q3_0*q4_0*q5_0*b3^3
4378	0,8,0,1,1,0,3	q2_0^8*q4_0*q5_0*b3^3
4379	2,7,0,1,1,0,3	b4^2*q2_0^7*q4_0*q5_0*b3^3
4380	4,6,0,1,1,0,3	b4^4*q2_0^6*q4_0*q5_0*b3^3
4381	6,5,0,1,1,0,3	b4^6*q2_0^5*q4_0*q5_0*b3^3
4382	8,4,0,1,1,0,3	b4^8*q2_0^4*q4_0*q5_0*b3^3
4383	10,3,0,1,1,0,3	b4^10*q2_0^3*q4_0*q5_0*b3^3
4384	12,2,0,1,1,0,3	b4^12*q2_0^2*q4_0*q5_0*b3^3
4385	14,1,0,1,1,0,3	b4^14*q2_0*q4_0*q5_0*b3^3
4386	0,1,6,0,1,0,3	q2_0*q3_0^6*q5_0*b3^3
4387	2,0,6,0,1,0,3	b4^2*q3_0^6*q5_0*b3^3
4388	1,2,5,0,1,0,3	b4*q2_0^2*q3_0^5*q5_0*b3^3
4389	3,1,5,0,1,0,3	b4^3*q2_0*q3_0^5*q5_0*b3^3
4390	5,0,5,0,1,0,3	b4^5*q3_0^5*q5_0*b3^3
4391	0,4,4,0,1,0,3	q2_0^4*q3_0^4*q5_0*b3^3
4392	2,3,4,0,1,0,3	b4^2*q2_0^3*q3_0^4*q5_0*b3^3
4393	4,2,4,0,1,0,3	b4^4*q2_0^2*q3_0^4*q5_0*b3^3
4394	6,1,4,0,1,0,3	b4^6*q2_0*q3_0^4*q5_0*b3^3
4395	8,0,4,0,1,0,3	b4^8*q3_0^4*q5_0*b3^3
4396	1,5,3,0,1,0,3	b4*q2_0^5*q3_0^3*q5_0*b3^3
4397	3,4,3,0,1,0,3	b4^3*q2_0^4*q3_0^3*q5_0*b3^3
4398	5,3,3,0,1,0,3	b4^5*q2_0^3*q3_0^3*q5_0*b3^3
4399	7,2,3,0,1,0,3	b4^7*q2_0^2*q3_0^3*q5_0*b3^3
4400	9,1,3,0,1,0,3	b4^9*q2_0*q3_0^3*q5_0*b3^3
4401	11,0,3,0,1,0,3	b4^11*q3_0^3*q5_0*b3^3
4402	0,7,2,0,1,0,3	q2_0^7*q3_0^2*q5_0*b3^3
4403	2,6,2,0,1,0,3	b4^2*q2_0^6*q3_0^2*q5_0*b3^3
4404	4,5,2,0,1,0,3	b4^4*q2_0^5*q3_0^2*q5_0*b3^3
4405	6,4,2,0,1,0,3	b4^6*q2_0^4*q3_0^2*q5_0*b3^3
4406	8,3,2,0,1,0,3	b4^8*q2_0^3*q3_0^2*q5_0*b3^3
4407	10,2,2,0,1,0,3	b4^10*q2_0^2*q3_0^2*q5_0*b3^3
4408	12,1,2,0,1,0,3	b4^12*q2_0*q3_0^2*q5_0*b3^3
4409	14,0,2,0,1,0,3	b4^14*q3_0^2*q5_0*b3^3
4410	1,8,1,0,1,0,3	b4*q2_0^8*q3_0*q5_0*b3^3
4411	3,7,1,0,1,0,3	b4^3*q2_0^7*q3_0*q5_0*b3^3
4412	5,6,1,0,1,0,3	b4^5*q2_0^6*q3_0*q5_0*b3^3
4413	7,5,1,0,1,0,3	b4^7*q2_0^5*q3_0*q5_0*b3^3
4414	9,4,1,0,1,0,3	b4^9*q2_0^4*q3_0*q5_0*b3^3
4415	11,3,1,0,1,0,3	b4^11*q2_0^3*q3_0*q5_0*b3^3
4416	13,2,1,0,1,0,3	b4^13*q2_0^2*q3_0*q5_0*b3^3
4417	0,10,0,0,1,0,3	q2_0^10*q5_0*b3^3
4418	2,9,0,0,1,0,3	b4^2*q2_0^9*q5_0*b3^3
4419	1,0,0,6,0,0,3	b4*q4_0^6*b3^3
4420	0,1,1,5,0,0,3	q2_0*q3_0*q4_0^5*b3^3
4421	2,0,1,5,0,0,3	b4^2*q3_0*q4_0^5*b3^3
4422	1,2,0,5,0,0,3	b4*q2_0^2*q4_0^5*b3^3
4423	3,1,0,5,0,0,3	b4^3*q2_0*q4_0^5*b3^3
4424	5,0,0,5,0,0,3	b4^5*q4_0^5*b3^3
4425	0,0,3,4,0,0,3	q3_0^3*q4_0^4*b3^3
4426	1,1,2,4,0,0,3	b4*q2_0*q3_0^2*q4_0^4*b3^3
4427	3,0,2,4,0,0,3	b4^3*q3_0^2*q4_0^4*b3^3
4428	0,3,1,4,0,0,3	q2_0^3*q3_0*q4_0^4*b3^3
4429	2,2,1,4,0,0,3	b4^2*q2_0^2*q3_0*q4_0^4*b3^3
4430	4,1,1,4,0,0,3	b4^4*q2_0*q3_0*q4_0^4*b3^3
4431	6,0,1,4,0,0,3	b4^6*q3_0*q4_0^4*b3^3
4432	1,4,0,4,0,0,3	b4*q2_0^4*q4_0^4*b3^3
4433	3,3,0,4,0,0,3	b4^3*q2_0^3*q4_0^4*b3^3
4434	5,2,0,4,0,0,3	b4^5*q2_0^2*q4_0^4*b3^3
4435	7,1,0,4,0,0,3	b4^7*q2_0*q4_0^4*b3^3
4436	9,0,0,4,0,0,3	b4^9*q4_0^4*b3^3
4437	1,0,4,3,0,0,3	b4*q3_0^4*q4_0^3*b3^3
4438	0,2,3,3,0,0,3	q2_0^2*q3_0^3*q4_0^3*b3^3
4439	2,1,3,3,0,0,3	b4^2*q2_0*q3_0^3*q4_0^3*b3^3
4440	4,0,3,3,0,0,3	b4^4*q3_0^3*q4_0^3*b3^3
4441	1,3,2,3,0,0,3	b4*q2_0^3*q3_0^2*q4_0^3*b3^3
4442	3,2,2,3,0,0,3	b4^3*q2_0^2*q3_0^2*q4_0^3*b3^3
4443	5,1,2,3,0,0,3	b4^5*q2_0*q3_0^2*q4_0^3*b3^3
4444	7,0,2,3,0,0,3	b4^7*q3_0^2*q4_0^3*b3^3
4445	0,5,1,3,0,0,3	q2_0^5*q3_0*q4_0^3*b3^3
4446	2,4,1,3,0,0,3	b4^2*q2_0^4*q3_0*q4_0^3*b3^3
4447	4,3,1,3,0,0,3	b4^4*q2_0^3*q3_0*q4_0^3*b3^3
4448	6,2,1,3,0,0,3	b4^6*q2_0^2*q3_0*q4_0^3*b3^3
4449	8,1,1,3,0,0,3	b4^8*q2_0*q3_0*q4_0^3*b3^3
4450	10,0,1,3,0,0,3	b4^10*q3_0*q4_0^3*b3^3
4451	1,6,0,3,0,0,3	b4*q2_0^6*q4_0^3*b3^3
4452	3,5,0,3,0,0,3	b4^3*q2_0^5*q4_0^3*b3^3
4453	5,4,0,3,0,0,3	b4^5*q2_0^4*q4_0^3*b3^3
4454	7,3,0,3,0,0,3	b4^7*q2_0^3*q4_0^3*b3^3
4455	9,2,0,3,0,0,3	b4^9*q2_0^2*q4_0^3*b3^3
4456	11,1,0,3,0,0,3	b4^11*q2_0*q4_0^3*b3^3
4457	13,0,0,3,0,0,3	b4^13*q4_0^3*b3^3
4458	0,1,5,2,0,0,3	q2_0*q3_0^5*q4_0^2*b3^3
4459	2,0,5,2,0,0,3	b4^2*q3_0^5*q4_0^2*b3^3
4460	1,2,4,2,0,0,3	b4*q2_0^2*q3_0^4*q4_0^2*b3^3
4461	3,1,4,2,0,0,3	b4^3*q2_0*q3_0^4*q4_0^2*b3^3
4462	5,0,4,2,0,0,3	b4^5*q3_0^4*q4_0^2*b3^3
4463	0,4,3,2,0,0,3	q2_0^4*q3_0^3*q4_0^2*b3^3
4464	2,3,3,2,0,0,3	b4^2*q2_0^3*q3_0^3*q4_0^2*b3^3
4465	4,2,3,2,0,0,3	b4^4*q2_0^2*q3_0^3*q4_0^2*b3^3
4466	6,1,3,2,0,0,3	b4^6*q2_0*q3_0^3*q4_0^2*b3^3
4467	8,0,3,2,0,0,3	b4^8*q3_0^3*q4_0^2*b3^3
4468	1,5,2,2,0,0,3	b4*q2_0^5*q3_0^2*q4_0^2*b3^3
4469	3,4,2,2,0,0,3	b4^3*q2_0^4*q3_0^2*q4_0^2*b3^3
4470	5,3,2,2,0,0,3	b4^5*q2_0^3*q3_0^2*q4_0^2*b3^3
4471	7,2,2,2,0,0,3	b4^7*q2_0^2*q3_0^2*q4_0^2*b3^3
4472	9,1,2,2,0,0,3	b4^9*q2_0*q3_0^2*q4_0^2*b3^3
4473	11,0,2,2,0,0,3	b4^11*q3_0^2*q4_0^2*b3^3
4474	0,7,1,2,0,0,3	q2_0^7*q3_0*q4_0^2*b3^3
4475	2,6,1,2,0,0,3	b4^2*q2_0^6*q3_0*q4_0^2*b3^3
4476	4,5,1,2,0,0,3	b4^4*q2_0^5*q3_0*q4_0^2*b3^3
4477	6,4,1,2,0,0,3	b4^6*q2_0^4*q3_0*q4_0^2*b3^3
4478	8,3,1,2,0,0,3	b4^8*q2_0^3*q3_0*q4_0^2*b3^3
4479	10,2,1,2,0,0,3	b4^10*q2_0^2*q3_0*q4_0^2*b3^3
4480	12,1,1,2,0,0,3	b4^12*q2_0*q3_0*q4_0^2*b3^3
4481	14,0,1,2,0,0,3	b4^14*q3_0*q4_0^2*b3^3
4482	1,8,0,2,0,0,3	b4*q2_0^8*q4_0^2*b3^3
4483	3,7,0,2,0,0,3	b4^3*q2_0^7*q4_0^2*b3^3
4484	5,6,0,2,0,0,3	b4^5*q2_0^6*q4_0^2*b3^3
4485	7,5,0,2,0,0,3	b4^7*q2_0^5*q4_0^2*b3^3
4486	9,4,0,2,0,0,3	b4^9*q2_0^4*q4_0^2*b3^3
4487	11,3,0,2,0,0,3	b4^11*q2_0^3*q4_0^2*b3^3
4488	13,2,0,2,0,0,3	b4^13*q2_0^2*q4_0^2*b3^3
4489	0,0,7,1,0,0,3	q3_0^7*q4_0*b3^3
4490	1,1,6,1,0,0,3	b4*q2_0*q3_0^6*q4_0*b3^3
4491	3,0,6,1,0,0,3	b4^3*q3_0^6*q4_0*b3^3
4492	0,3,5,1,0,0,3	q2_0^3*q3_0^5*q4_0*b3^3
4493	2,2,5,1,0,0,3	b4^2*q2_0^2*q3_0^5*q4_0*b3^3
4494	4,1,5,1,0,0,3	b4^4*q2_0*q3_0^5*q4_0*b3^3
4495	6,0,5,1,0,0,3	b4^6*q3_0^5*q4_0*b3^3
4496	1,4,4,1,0,0,3	b4*q2_0^4*q3_0^4*q4_0*b3^3
4497	3,3,4,1,0,0,3	b4^3*q2_0^3*q3_0^4*q4_0*b3^3
4498	5,2,4,1,0,0,3	b4^5*q2_0^2*q3_0^4*q4_0*b3^3
4499	7,1,4,1,0,0,3	b4^7*q2_0*q3_0^4*q4_0*b3^3
4500	9,0,4,1,0,0,3	b4^9*q3_0^4*q4_0*b3^3
4501	0,6,3,1,0,0,3	q2_0^6*q3_0^3*q4_0*b3^3
4502	2,5,3,1,0,0,3	b4^2*q2_0^5*q3_0^3*q4_0*b3^3
4503	4,4,3,1,0,0,3	b4^4*q2_0^4*q3_0^3*q4_0*b3^3
4504	6,3,3,1,0,0,3	b4^6*q2_0^3*q3_0^3*q4_0*b3^3
4505	8,2,3,1,0,0,3	b4^8*q2_0^2*q3_0^3*q4_0*b3^3
4506	10,1,3,1,0,0,3	b4^10*q2_0*q3_0^3*q4_0*b3^3
4507	12,0,3,1,0,0,3	b4^12*q3_0^3*q4_0*b3^3
4508	1,7,2,1,0,0,3	b4*q2_0^7*q3_0^2*q4_0*b3^3
4509	3,6,2,1,0,0,3	b4^3*q2_0^6*q3_0^2*q4_0*b3^3
4510	5,5,2,1,0,0,3	b4^5*q2_0^5*q3_0^2*q4_0*b3^3
4511	7,4,2,1,0,0,3	b4^7*q2_0^4*q3_0^2*q4_0*b3^3
4512	9,3,2,1,0,0,3	b4^9*q2_0^3*q3_0^2*q4_0*b3^3
4513	11,2,2,1,0,0,3	b4^11*q2_0^2*q3_0^2*q4_0*b3^3
4514	13,1,2,1,0,0,3	b4^13*q2_0*q3_0^2*q4_0*b3^3
4515	15,0,2,1,0,0,3	b4^15*q3_0^2*q4_0*b3^3
4516	0,9,1,1,0,0,3	q2_0^9*q3_0*q4_0*b3^3
4517	2,8,1,1,0,0,3	b4^2*q2_0^8*q3_0*q4_0*b3^3
4518	4,7,1,1,0,0,3	b4^4*q2_0^7*q3_0*q4_0*b3^3
4519	6,6,1,1,0,0,3	b4^6*q2_0^6*q3_0*q4_0*b3^3
4520	8,5,1,1,0,0,3	b4^8*q2_0^5*q3_0*q4_0*b3^3
4521	1,0,8,0,0,0,3	b4*q3_0^8*b3^3
4522	0,2,7,0,0,0,3	q2_0^2*q3_0^7*b3^3
4523	2,1,7,0,0,0,3	b4^2*q2_0*q3_0^7*b3^3
4524	4,0,7,0,0,0,3	b4^4*q3_0^7*b3^3
4525	1,3,6,0,0,0,3	b4*q2_0^3*q3_0^6*b3^3
4526	3,2,6,0,0,0,3	b4^3*q2_0^2*q3_0^6*b3^3
4527	5,1,6,0,0,0,3	b4^5*q2_0*q3_0^6*b3^3
4528	7,0,6,0,0,0,3	b4^7*q3_0^6*b3^3
4529	0,5,5,0,0,0,3	q2_0^5*q3_0^5*b3^3
4530	2,4,5,0,0,0,3	b4^2*q2_0^4*q3_0^5*b3^3
4531	4,3,5,0,0,0,3	b4^4*q2_0^3*q3_0^5*b3^3
4532	6,2,5,0,0,0,3	b4^6*q2_0^2*q3_0^5*b3^3
4533	0,0,1,0,0,5,2	q3_0*q6_0^5*b3^2
4534	1,1,0,0,0,5,2	b4*q2_0*q6_0^5*b3^2
4535	3,0,0,0,0,5,2	b4^3*q6_0^5*b3^2
4536	0,0,0,1,1,4,2	q4_0*q5_0*q6_0^4*b3^2
4537	1,0,1,0,1,4,2	b4*q3_0*q5_0*q6_0^4*b3^2
4538	0,2,0,0,1,4,2	q2_0^2*q5_0*q6_0^4*b3^2
4539	2,1,0,0,1,4,2	b4^2*q2_0*q5_0*q6_0^4*b3^2
4540	4,0,0,0,1,4,2	b4^4*q5_0*q6_0^4*b3^2
4541	1,0,0,2,0,4,2	b4*q4_0^2*q6_0^4*b3^2
4542	0,1,1,1,0,4,2	q2_0*q3_0*q4_0*q6_0^4*b3^2
4543	2,0,1,1,0,4,2	b4^2*q3_0*q4_0*q6_0^4*b3^2
4544	1,2,0,1,0,4,2	b4*q2_0^2*q4_0*q6_0^4*b3^2
4545	3,1,0,1,0,4,2	b4^3*q2_0*q4_0*q6_0^4*b3^2
4546	5,0,0,1,0,4,2	b4^5*q4_0*q6_0^4*b3^2
4547	0,0,3,0,0,4,2	q3_0^3*q6_0^4*b3^2
4548	1,1,2,0,0,4,2	b4*q2_0*q3_0^2*q6_0^4*b3^2
4549	3,0,2,0,0,4,2	b4^3*q3_0^2*q6_0^4*b3^2
4550	0,3,1,0,0,4,2	q2_0^3*q3_0*q6_0^4*b3^2
4551	2,2,1,0,0,4,2	b4^2*q2_0^2*q3_0*q6_0^4*b3^2
4552	4,1,1,0,0,4,2	b4^4*q2_0*q3_0*q6_0^4*b3^2
4553	6,0,1,0,0,4,2	b4^6*q3_0*q6_0^4*b3^2
4554	1,4,0,0,0,4,2	b4*q2_0^4*q6_0^4*b3^2
4555	3,3,0,0,0,4,2	b4^3*q2_0^3*q6_0^4*b3^2
4556	5,2,0,0,0,4,2	b4^5*q2_0^2*q6_0^4*b3^2
4557	7,1,0,0,0,4,2	b4^7*q2_0*q6_0^4*b3^2
4558	9,0,0,0,0,4,2	b4^9*q6_0^4*b3^2
4559	0,0,0,0,3,3,2	q5_0^3*q6_0^3*b3^2
4560	1,0,0,1,2,3,2	b4*q4_0*q5_0^2*q6_0^3*b3^2
4561	0,1,1,0,2,3,2	q2_0*q3_0*q5_0^2*q6_0^3*b3^2
4562	2,0,1,0,2,3,2	b4^2*q3_0*q5_0^2*q6_0^3*b3^2
4563	1,2,0,0,2,3,2	b4*q2_0^2*q5_0^2*q6_0^3*b3^2
4564	3,1,0,0,2,3,2	b4^3*q2_0*q5_0^2*q6_0^3*b3^2
4565	5,0,0,0,2,3,2	b4^5*q5_0^2*q6_0^3*b3^2
4566	0,1,0,2,1,3,2	q2_0*q4_0^2*q5_0*q6_0^3*b3^2
4567	2,0,0,2,1,3,2	b4^2*q4_0^2*q5_0*q6_0^3*b3^2
4568	0,0,2,1,1,3,2	q3_0^2*q4_0*q5_0*q6_0^3*b3^2
4569	1,1,1,1,1,3,2	b4*q2_0*q3_0*q4_0*q5_0*q6_0^3*b3^2
4570	3,0,1,1,1,3,2	b4^3*q3_0*q4_0*q5_0*q6_0^3*b3^2
4571	0,3,0,1,1,3,2	q2_0^3*q4_0*q5_0*q6_0^3*b3^2
4572	2,2,0,1,1,3,2	b4^2*q2_0^2*q4_0*q5_0*q6_0^3*b3^2
4573	4,1,0,1,1,3,2	b4^4*q2_0*q4_0*q5_0*q6_0^3*b3^2
4574	6,0,0,1,1,3,2	b4^6*q4_0*q5_0*q6_0^3*b3^2
4575	1,0,3,0,1,3,2	b4*q3_0^3*q5_0*q6_0^3*b3^2
4576	0,2,2,0,1,3,2	q2_0^2*q3_0^2*q5_0*q6_0^3*b3^2
4577	2,1,2,0,1,3,2	b4^2*q2_0*q3_0^2*q5_0*q6_0^3*b3^2
4578	4,0,2,0,1,3,2	b4^4*q3_0^2*q5_0*q6_0^3*b3^2
4579	1,3,1,0,1,3,2	b4*q2_0^3*q3_0*q5_0*q6_0^3*b3^2
4580	3,2,1,0,1,3,2	b4^3*q2_0^2*q3_0*q5_0*q6_0^3*b3^2
4581	5,1,1,0,1,3,2	b4^5*q2_0*q3_0*q5_0*q6_0^3*b3^2
4582	7,0,1,0,1,3,2	b4^7*q3_0*q5_0*q6_0^3*b3^2
4583	0,5,0,0,1,3,2	q2_0^5*q5_0*q6_0^3*b3^2
4584	2,4,0,0,1,3,2	b4^2*q2_0^4*q5_0*q6_0^3*b3^2
4585	4,3,0,0,1,3,2	b4^4*q2_0^3*q5_0*q6_0^3*b3^2
4586	6,2,0,0,1,3,2	b4^6*q2_0^2*q5_0*q6_0^3*b3^2
4587	8,1,0,0,1,3,2	b4^8*q2_0*q5_0*q6_0^3*b3^2
4588	10,0,0,0,1,3,2	b4^10*q5_0*q6_0^3*b3^2
4589	0,0,1,3,0,3,2	q3_0*q4_0^3*q6_0^3*b3^2
4590	1,1,0,3,0,3,2	b4*q2_0*q4_0^3*q6_0^3*b3^2
4591	3,0,0,3,0,3,2	b4^3*q4_0^3*q6_0^3*b3^2
4592	1,0,2,2,0,3,2	b4*q3_0^2*q4_0^2*q6_0^3*b3^2
4593	0,2,1,2,0,3,2	q2_0^2*q3_0*q4_0^2*q6_0^3*b3^2
4594	2,1,1,2,0,3,2	b4^2*q2_0*q3_0*q4_0^2*q6_0^3*b3^2
4595	4,0,1,2,0,3,2	b4^4*q3_0*q4_0^2*q6_0^3*b3^2
4596	1,3,0,2,0,3,2	b4*q2_0^3*q4_0^2*q6_0^3*b3^2
4597	3,2,0,2,0,3,2	b4^3*q2_0^2*q4_0^2*q6_0^3*b3^2
4598	5,1,0,2,0,3,2	b4^5*q2_0*q4_0^2*q6_0^3*b3^2
4599	7,0,0,2,0,3,2	b4^7*q4_0^2*q6_0^3*b3^2
4600	0,1,3,1,0,3,2	q2_0*q3_0^3*q4_0*q6_0^3*b3^2
4601	2,0,3,1,0,3,2	b4^2*q3_0^3*q4_0*q6_0^3*b3^2
4602	1,2,2,1,0,3,2	b4*q2_0^2*q3_0^2*q4_0*q6_0^3*b3^2
4603	3,1,2,1,0,3,2	b4^3*q2_0*q3_0^2*q4_0*q6_0^3*b3^2
4604	5,0,2,1,0,3,2	b4^5*q3_0^2*q4_0*q6_0^3*b3^2
4605	0,4,1,1,0,3,2	q2_0^4*q3_0*q4_0*q6_0^3*b3^2
4606	2,3,1,1,0,3,2	b4^2*q2_0^3*q3_0*q4_0*q6_0^3*b3^2
4607	4,2,1,1,0,3,2	b4^4*q2_0^2*q3_0*q4_0*q6_0^3*b3^2
4608	6,1,1,1,0,3,2	b4^6*q2_0*q3_0*q4_0*q6_0^3*b3^2
4609	8,0,1,1,0,3,2	b4^8*q3_0*q4_0*q6_0^3*b3^2
4610	1,5,0,1,0,3,2	b4*q2_0^5*q4_0*q6_0^3*b3^2
4611	3,4,0,1,0,3,2	b4^3*q2_0^4*q4_0*q6_0^3*b3^2
4612	5,3,0,1,0,3,2	b4^5*q2_0^3*q4_0*q6_0^3*b3^2
4613	7,2,0,1,0,3,2	b4^7*q2_0^2*q4_0*q6_0^3*b3^2
4614	9,1,0,1,0,3,2	b4^9*q2_0*q4_0*q6_0^3*b3^2
4615	11,0,0,1,0,3,2	b4^11*q4_0*q6_0^3*b3^2
4616	0,0,5,0,0,3,2	q3_0^5*q6_0^3*b3^2
4617	1,1,4,0,0,3,2	b4*q2_0*q3_0^4*q6_0^3*b3^2
4618	3,0,4,0,0,3,2	b4^3*q3_0^4*q6_0^3*b3^2
4619	0,3,3,0,0,3,2	q2_0^3*q3_0^3*q6_0^3*b3^2
4620	2,2,3,0,0,3,2	b4^2*q2_0^2*q3_0^3*q6_0^3*b3^2
4621	4,1,3,0,0,3,2	b4^4*q2_0*q3_0^3*q6_0^3*b3^2
4622	6,0,3,0,0,3,2	b4^6*q3_0^3*q6_0^3*b3^2
4623	1,4,2,0,0,3,2	b4*q2_0^4*q3_0^2*q6_0^3*b3^2
4624	3,3,2,0,0,3,2	b4^3*q2_0^3*q3_0^2*q6_0^3*b3^2
4625	5,2,2,0,0,3,2	b4^5*q2_0^2*q3_0^2*q6_0^3*b3^2
4626	7,1,2,0,0,3,2	b4^7*q2_0*q3_0^2*q6_0^3*b3^2
4627	9,0,2,0,0,3,2	b4^9*q3_0^2*q6_0^3*b3^2
4628	0,6,1,0,0,3,2	q2_0^6*q3_0*q6_0^3*b3^2
4629	2,5,1,0,0,3,2	b4^2*q2_0^5*q3_0*q6_0^3*b3^2
4630	4,4,1,0,0,3,2	b4^4*q2_0^4*q3_0*q6_0^3*b3^2
4631	6,3,1,0,0,3,2	b4^6*q2_0^3*q3_0*q6_0^3*b3^2
4632	8,2,1,0,0,3,2	b4^8*q2_0^2*q3_0*q6_0^3*b3^2
4633	10,1,1,0,0,3,2	b4^10*q2_0*q3_0*q6_0^3*b3^2
4634	12,0,1,0,0,3,2	b4^12*q3_0*q6_0^3*b3^2
4635	1,7,0,0,0,3,2	b4*q2_0^7*q6_0^3*b3^2
4636	3,6,0,0,0,3,2	b4^3*q2_0^6*q6_0^3*b3^2
4637	5,5,0,0,0,3,2	b4^5*q2_0^5*q6_0^3*b3^2
4638	7,4,0,0,0,3,2	b4^7*q2_0^4*q6_0^3*b3^2
4639	9,3,0,0,0,3,2	b4^9*q2_0^3*q6_0^3*b3^2
4640	11,2,0,0,0,3,2	b4^11*q2_0^2*q6_0^3*b3^2
4641	13,1,0,0,0,3,2	b4^13*q2_0*q6_0^3*b3^2
4642	15,0,0,0,0,3,2	b4^15*q6_0^3*b3^2
4643	1,0,0,0,4,2,2	b4*q5_0^4*q6_0^2*b3^2
4644	0,1,0,1,3,2,2	q2_0*q4_0*q5_0^3*q6_0^2*b3^2
4645	2,0,0,1,3,2,2	b4^2*q4_0*q5_0^3*q6_0^2*b3^2
4646	0,0,2,0,3,2,2	q3_0^2*q5_0^3*q6_0^2*b3^2
4647	1,1,1,0,3,2,2	b4*q2_0*q3_0*q5_0^3*q6_0^2*b3^2
4648	3,0,1,0,3,2,2	b4^3*q3_0*q5_0^3*q6_0^2*b3^2
4649	0,3,0,0,3,2,2	q2_0^3*q5_0^3*q6_0^2*b3^2
4650	2,2,0,0,3,2,2	b4^2*q2_0^2*q5_0^3*q6_0^2*b3^2
4651	4,1,0,0,3,2,2	b4^4*q2_0*q5_0^3*q6_0^2*b3^2
4652	6,0,0,0,3,2,2	b4^6*q5_0^3*q6_0^2*b3^2
4653	0,0,1,2,2,2,2	q3_0*q4_0^2*q5_0^2*q6_0^2*b3^2
4654	1,1,0,2,2,2,2	b4*q2_0*q4_0^2*q5_0^2*q6_0^2*b3^2
4655	3,0,0,2,2,2,2	b4^3*q4_0^2*q5_0^2*q6_0^2*b3^2
4656	1,0,2,1,2,2,2	b4*q3_0^2*q4_0*q5_0^2*q6_0^2*b3^2
4657	0,2,1,1,2,2,2	q2_0^2*q3_0*q4_0*q5_0^2*q6_0^2*b3^2
4658	2,1,1,1,2,2,2	b4^2*q2_0*q3_0*q4_0*q5_0^2*q6_0^2*b3^2
4659	4,0,1,1,2,2,2	b4^4*q3_0*q4_0*q5_0^2*q6_0^2*b3^2
4660	1,3,0,1,2,2,2	b4*q2_0^3*q4_0*q5_0^2*q6_0^2*b3^2
4661	3,2,0,1,2,2,2	b4^3*q2_0^2*q4_0*q5_0^2*q6_0^2*b3^2
4662	5,1,0,1,2,2,2	b4^5*q2_0*q4_0*q5_0^2*q6_0^2*b3^2
4663	7,0,0,1,2,2,2	b4^7*q4_0*q5_0^2*q6_0^2*b3^2
4664	0,1,3,0,2,2,2	q2_0*q3_0^3*q5_0^2*q6_0^2*b3^2
4665	2,0,3,0,2,2,2	b4^2*q3_0^3*q5_0^2*q6_0^2*b3^2
4666	1,2,2,0,2,2,2	b4*q2_0^2*q3_0^2*q5_0^2*q6_0^2*b3^2
4667	3,1,2,0,2,2,2	b4^3*q2_0*q3_0^2*q5_0^2*q6_0^2*b3^2
4668	5,0,2,0,2,2,2	b4^5*q3_0^2*q5_0^2*q6_0^2*b3^2
4669	0,4,1,0,2,2,2	q2_0^4*q3_0*q5_0^2*q6_0^2*b3^2
4670	2,3,1,0,2,2,2	b4^2*q2_0^3*q3_0*q5_0^2*q6_0^2*b3^2
4671	4,2,1,0,2,2,2	b4^4*q2_0^2*q3_0*q5_0^2*q6_0^2*b3^2
4672	6,1,1,0,2,2,2	b4^6*q2_0*q3_0*q5_0^2*q6_0^2*b3^2
4673	8,0,1,0,2,2,2	b4^8*q3_0*q5_0^2*q6_0^2*b3^2
4674	1,5,0,0,2,2,2	b4*q2_0^5*q5_0^2*q6_0^2*b3^2
4675	3,4,0,0,2,2,2	b4^3*q2_0^4*q5_0^2*q6_0^2*b3^2
4676	5,3,0,0,2,2,2	b4^5*q2_0^3*q5_0^2*q6_0^2*b3^2
4677	7,2,0,0,2,2,2	b4^7*q2_0^2*q5_0^2*q6_0^2*b3^2
4678	9,1,0,0,2,2,2	b4^9*q2_0*q5_0^2*q6_0^2*b3^2
4679	11,0,0,0,2,2,2	b4^11*q5_0^2*q6_0^2*b3^2
4680	0,0,0,4,1,2,2	q4_0^4*q5_0*q6_0^2*b3^2
4681	1,0,1,3,1,2,2	b4*q3_0*q4_0^3*q5_0*q6_0^2*b3^2
4682	0,2,0,3,1,2,2	q2_0^2*q4_0^3*q5_0*q6_0^2*b3^2
4683	2,1,0,3,1,2,2	b4^2*q2_0*q4_0^3*q5_0*q6_0^2*b3^2
4684	4,0,0,3,1,2,2	b4^4*q4_0^3*q5_0*q6_0^2*b3^2
4685	0,1,2,2,1,2,2	q2_0*q3_0^2*q4_0^2*q5_0*q6_0^2*b3^2
4686	2,0,2,2,1,2,2	b4^2*q3_0^2*q4_0^2*q5_0*q6_0^2*b3^2
4687	1,2,1,2,1,2,2	b4*q2_0^2*q3_0*q4_0^2*q5_0*q6_0^2*b3^2
4688	3,1,1,2,1,2,2	b4^3*q2_0*q3_0*q4_0^2*q5_0*q6_0^2*b3^2
4689	5,0,1,2,1,2,2	b4^5*q3_0*q4_0^2*q5_0*q6_0^2*b3^2
4690	0,4,0,2,1,2,2	q2_0^4*q4_0^2*q5_0*q6_0^2*b3^2
4691	2,3,0,2,1,2,2	b4^2*q2_0^3*q4_0^2*q5_0*q6_0^2*b3^2
4692	4,2,0,2,1,2,2	b4^4*q2_0^2*q4_0^2*q5_0*q6_0^2*b3^2
4693	6,1,0,2,1,2,2	b4^6*q2_0*q4_0^2*q5_0*q6_0^2*b3^2
4694	8,0,0,2,1,2,2	b4^8*q4_0^2*q5_0*q6_0^2*b3^2
4695	0,0,4,1,1,2,2	q3_0^4*q4_0*q5_0*q6_0^2*b3^2
4696	1,1,3,1,1,2,2	b4*q2_0*q3_0^3*q4_0*q5_0*q6_0^2*b3^2
4697	3,0,3,1,1,2,2	b4^3*q3_0^3*q4_0*q5_0*q6_0^2*b3^2
4698	0,3,2,1,1,2,2	q2_0^3*q3_0^2*q4_0*q5_0*q6_0^2*b3^2
4699	2,2,2,1,1,2,2	b4^2*q2_0^2*q3_0^2*q4_0*q5_0*q6_0^2*b3^2
4700	4,1,2,1,1,2,2	b4^4*q2_0*q3_0^2*q4_0*q5_0*q6_0^2*b3^2
4701	6,0,2,1,1,2,2	b4^6*q3_0^2*q4_0*q5_0*q6_0^2*b3^2
4702	1,4,1,1,1,2,2	b4*q2_0^4*q3_0*q4_0*q5_0*q6_0^2*b3^2
4703	3,3,1,1,1,2,2	b4^3*q2_0^3*q3_0*q4_0*q5_0*q6_0^2*b3^2
4704	5,2,1,1,1,2,2	b4^5*q2_0^2*q3_0*q4_0*q5_0*q6_0^2*b3^2
4705	7,1,1,1,1,2,2	b4^7*q2_0*q3_0*q4_0*q5_0*q6_0^2*b3^2
4706	9,0,1,1,1,2,2	b4^9*q3_0*q4_0*q5_0*q6_0^2*b3^2
4707	0,6,0,1,1,2,2	q2_0^6*q4_0*q5_0*q6_0^2*b3^2
4708	2,5,0,1,1,2,2	b4^2*q2_0^5*q4_0*q5_0*q6_0^2*b3^2
4709	4,4,0,1,1,2,2	b4^4*q2_0^4*q4_0*q5_0*q6_0^2*b3^2
4710	6,3,0,1,1,2,2	b4^6*q2_0^3*q4_0*q5_0*q6_0^2*b3^2
4711	8,2,0,1,1,2,2	b4^8*q2_0^2*q4_0*q5_0*q6_0^2*b3^2
4712	10,1,0,1,1,2,2	b4^10*q2_0*q4_0*q5_0*q6_0^2*b3^2
4713	12,0,0,1,1,2,2	b4^12*q4_0*q5_0*q6_0^2*b3^2
4714	1,0,5,0,1,2,2	b4*q3_0^5*q5_0*q6_0^2*b3^2
4715	0,2,4,0,1,2,2	q2_0^2*q3_0^4*q5_0*q6_0^2*b3^2
4716	2,1,4,0,1,2,2	b4^2*q2_0*q3_0^4*q5_0*q6_0^2*b3^2
4717	4,0,4,0,1,2,2	b4^4*q3_0^4*q5_0*q6_0^2*b3^2
4718	1,3,3,0,1,2,2	b4*q2_0^3*q3_0^3*q5_0*q6_0^2*b3^2
4719	3,2,3,0,1,2,2	b4^3*q2_0^2*q3_0^3*q5_0*q6_0^2*b3^2
4720	5,1,3,0,1,2,2	b4^5*q2_0*q3_0^3*q5_0*q6_0^2*b3^2
4721	7,0,3,0,1,2,2	b4^7*q3_0^3*q5_0*q6_0^2*b3^2
4722	0,5,2,0,1,2,2	q2_0^5*q3_0^2*q5_0*q6_0^2*b3^2
4723	2,4,2,0,1,2,2	b4^2*q2_0^4*q3_0^2*q5_0*q6_0^2*b3^2
4724	4,3,2,0,1,2,2	b4^4*q2_0^3*q3_0^2*q5_0*q6_0^2*b3^2
4725	6,2,2,0,1,2,2	b4^6*q2_0^2*q3_0^2*q5_0*q6_0^2*b3^2
4726	8,1,2,0,1,2,2	b4^8*q2_0*q3_0^2*q5_0*q6_0^2*b3^2
4727	10,0,2,0,1,2,2	b4^10*q3_0^2*q5_0*q6_0^2*b3^2
4728	1,6,1,0,1,2,2	b4*q2_0^6*q3_0*q5_0*q6_0^2*b3^2
4729	3,5,1,0,1,2,2	b4^3*q2_0^5*q3_0*q5_0*q6_0^2*b3^2
4730	5,4,1,0,1,2,2	b4^5*q2_0^4*q3_0*q5_0*q6_0^2*b3^2
4731	7,3,1,0,1,2,2	b4^7*q2_0^3*q3_0*q5_0*q6_0^2*b3^2
4732	9,2,1,0,1,2,2	b4^9*q2_0^2*q3_0*q5_0*q6_0^2*b3^2
4733	11,1,1,0,1,2,2	b4^11*q2_0*q3_0*q5_0*q6_0^2*b3^2
4734	13,0,1,0,1,2,2	b4^13*q3_0*q5_0*q6_0^2*b3^2
4735	0,8,0,0,1,2,2	q2_0^8*q5_0*q6_0^2*b3^2
4736	2,7,0,0,1,2,2	b4^2*q2_0^7*q5_0*q6_0^2*b3^2
4737	4,6,0,0,1,2,2	b4^4*q2_0^6*q5_0*q6_0^2*b3^2
4738	6,5,0,0,1,2,2	b4^6*q2_0^5*q5_0*q6_0^2*b3^2
4739	8,4,0,0,1,2,2	b4^8*q2_0^4*q5_0*q6_0^2*b3^2
4740	10,3,0,0,1,2,2	b4^10*q2_0^3*q5_0*q6_0^2*b3^2
4741	12,2,0,0,1,2,2	b4^12*q2_0^2*q5_0*q6_0^2*b3^2
4742	14,1,0,0,1,2,2	b4^14*q2_0*q5_0*q6_0^2*b3^2
4743	1,0,0,5,0,2,2	b4*q4_0^5*q6_0^2*b3^2
4744	0,1,1,4,0,2,2	q2_0*q3_0*q4_0^4*q6_0^2*b3^2
4745	2,0,1,4,0,2,2	b4^2*q3_0*q4_0^4*q6_0^2*b3^2
4746	1,2,0,4,0,2,2	b4*q2_0^2*q4_0^4*q6_0^2*b3^2
4747	3,1,0,4,0,2,2	b4^3*q2_0*q4_0^4*q6_0^2*b3^2
4748	5,0,0,4,0,2,2	b4^5*q4_0^4*q6_0^2*b3^2
4749	0,0,3,3,0,2,2	q3_0^3*q4_0^3*q6_0^2*b3^2
4750	1,1,2,3,0,2,2	b4*q2_0*q3_0^2*q4_0^3*q6_0^2*b3^2
4751	3,0,2,3,0,2,2	b4^3*q3_0^2*q4_0^3*q6_0^2*b3^2
4752	0,3,1,3,0,2,2	q2_0^3*q3_0*q4_0^3*q6_0^2*b3^2
4753	2,2,1,3,0,2,2	b4^2*q2_0^2*q3_0*q4_0^3*q6_0^2*b3^2
4754	4,1,1,3,0,2,2	b4^4*q2_0*q3_0*q4_0^3*q6_0^2*b3^2
4755	6,0,1,3,0,2,2	b4^6*q3_0*q4_0^3*q6_0^2*b3^2
4756	1,4,0,3,0,2,2	b4*q2_0^4*q4_0^3*q6_0^2*b3^2
4757	3,3,0,3,0,2,2	b4^3*q2_0^3*q4_0^3*q6_0^2*b3^2
4758	5,2,0,3,0,2,2	b4^5*q2_0^2*q4_0^3*q6_0^2*b3^2
4759	7,1,0,3,0,2,2	b4^7*q2_0*q4_0^3*q6_0^2*b3^2
4760	9,0,0,3,0,2,2	b4^9*q4_0^3*q6_0^2*b3^2
4761	1,0,4,2,0,2,2	b4*q3_0^4*q4_0^2*q6_0^2*b3^2
4762	0,2,3,2,0,2,2	q2_0^2*q3_0^3*q4_0^2*q6_0^2*b3^2
4763	2,1,3,2,0,2,2	b4^2*q2_0*q3_0^3*q4_0^2*q6_0^2*b3^2
4764	4,0,3,2,0,2,2	b4^4*q3_0^3*q4_0^2*q6_0^2*b3^2
4765	1,3,2,2,0,2,2	b4*q2_0^3*q3_0^2*q4_0^2*q6_0^2*b3^2
4766	3,2,2,2,0,2,2	b4^3*q2_0^2*q3_0^2*q4_0^2*q6_0^2*b3^2
4767	5,1,2,2,0,2,2	b4^5*q2_0*q3_0^2*q4_0^2*q6_0^2*b3^2
4768	7,0,2,2,0,2,2	b4^7*q3_0^2*q4_0^2*q6_0^2*b3^2
4769	0,5,1,2,0,2,2	q2_0^5*q3_0*q4_0^2*q6_0^2*b3^2
4770	2,4,1,2,0,2,2	b4^2*q2_0^4*q3_0*q4_0^2*q6_0^2*b3^2
4771	4,3,1,2,0,2,2	b4^4*q2_0^3*q3_0*q4_0^2*q6_0^2*b3^2
4772	6,2,1,2,0,2,2	b4^6*q2_0^2*q3_0*q4_0^2*q6_0^2*b3^2
4773	8,1,1,2,0,2,2	b4^8*q2_0*q3_0*q4_0^2*q6_0^2*b3^2
4774	10,0,1,2,0,2,2	b4^10*q3_0*q4_0^2*q6_0^2*b3^2
4775	1,6,0,2,0,2,2	b4*q2_0^6*q4_0^2*q6_0^2*b3^2
4776	3,5,0,2,0,2,2	b4^3*q2_0^5*q4_0^2*q6_0^2*b3^2
4777	5,4,0,2,0,2,2	b4^5*q2_0^4*q4_0^2*q6_0^2*b3^2
4778	7,3,0,2,0,2,2	b4^7*q2_0^3*q4_0^2*q6_0^2*b3^2
4779	9,2,0,2,0,2,2	b4^9*q2_0^2*q4_0^2*q6_0^2*b3^2
4780	11,1,0,2,0,2,2	b4^11*q2_0*q4_0^2*q6_0^2*b3^2
4781	13,0,0,2,0,2,2	b4^13*q4_0^2*q6_0^2*b3^2
4782	0,1,5,1,0,2,2	q2_0*q3_0^5*q4_0*q6_0^2*b3^2
4783	2,0,5,1,0,2,2	b4^2*q3_0^5*q4_0*q6_0^2*b3^2
4784	1,2,4,1,0,2,2	b4*q2_0^2*q3_0^4*q4_0*q6_0^2*b3^2
4785	3,1,4,1,0,2,2	b4^3*q2_0*q3_0^4*q4_0*q6_0^2*b3^2
4786	5,0,4,1,0,2,2	b4^5*q3_0^4*q4_0*q6_0^2*b3^2
4787	0,4,3,1,0,2,2	q2_0^4*q3_0^3*q4_0*q6_0^2*b3^2
4788	2,3,3,1,0,2,2	b4^2*q2_0^3*q3_0^3*q4_0*q6_0^2*b3^2
4789	4,2,3,1,0,2,2	b4^4*q2_0^2*q3_0^3*q4_0*q6_0^2*b3^2
4790	6,1,3,1,0,2,2	b4^6*q2_0*q3_0^3*q4_0*q6_0^2*b3^2
4791	8,0,3,1,0,2,2	b4^8*q3_0^3*q4_0*q6_0^2*b3^2
4792	1,5,2,1,0,2,2	b4*q2_0^5*q3_0^2*q4_0*q6_0^2*b3^2
4793	3,4,2,1,0,2,2	b4^3*q2_0^4*q3_0^2*q4_0*q6_0^2*b3^2
4794	5,3,2,1,0,2,2	b4^5*q2_0^3*q3_0^2*q4_0*q6_0^2*b3^2
4795	7,2,2,1,0,2,2	b4^7*q2_0^2*q3_0^2*q4_0*q6_0^2*b3^2
4796	9,1,2,1,0,2,2	b4^9*q2_0*q3_0^2*q4_0*q6_0^2*b3^2
4797	11,0,2,1,0,2,2	b4^11*q3_0^2*q4_0*q6_0^2*b3^2
4798	0,7,1,1,0,2,2	q2_0^7*q3_0*q4_0*q6_0^2*b3^2
4799	2,6,1,1,0,2,2	b4^2*q2_0^6*q3_0*q4_0*q6_0^2*b3^2
4800	4,5,1,1,0,2,2	b4^4*q2_0^5*q3_0*q4_0*q6_0^2*b3^2
4801	6,4,1,1,0,2,2	b4^6*q2_0^4*q3_0*q4_0*q6_0^2*b3^2
4802	8,3,1,1,0,2,2	b4^8*q2_0^3*q3_0*q4_0*q6_0^2*b3^2
4803	10,2,1,1,0,2,2	b4^10*q2_0^2*q3_0*q4_0*q6_0^2*b3^2
4804	12,1,1,1,0,2,2	b4^12*q2_0*q3_0*q4_0*q6_0^2*b3^2
4805	14,0,1,1,0,2,2	b4^14*q3_0*q4_0*q6_0^2*b3^2
4806	1,8,0,1,0,2,2	b4*q2_0^8*q4_0*q6_0^2*b3^2
4807	3,7,0,1,0,2,2	b4^3*q2_0^7*q4_0*q6_0^2*b3^2
4808	5,6,0,1,0,2,2	b4^5*q2_0^6*q4_0*q6_0^2*b3^2
4809	7,5,0,1,0,2,2	b4^7*q2_0^5*q4_0*q6_0^2*b3^2
4810	9,4,0,1,0,2,2	b4^9*q2_0^4*q4_0*q6_0^2*b3^2
4811	11,3,0,1,0,2,2	b4^11*q2_0^3*q4_0*q6_0^2*b3^2
4812	13,2,0,1,0,2,2	b4^13*q2_0^2*q4_0*q6_0^2*b3^2
4813	0,0,7,0,0,2,2	q3_0^7*q6_0^2*b3^2
4814	1,1,6,0,0,2,2	b4*q2_0*q3_0^6*q6_0^2*b3^2
4815	3,0,6,0,0,2,2	b4^3*q3_0^6*q6_0^2*b3^2
4816	0,3,5,0,0,2,2	q2_0^3*q3_0^5*q6_0^2*b3^2
4817	2,2,5,0,0,2,2	b4^2*q2_0^2*q3_0^5*q6_0^2*b3^2
4818	4,1,5,0,0,2,2	b4^4*q2_0*q3_0^5*q6_0^2*b3^2
4819	6,0,5,0,0,2,2	b4^6*q3_0^5*q6_0^2*b3^2
4820	1,4,4,0,0,2,2	b4*q2_0^4*q3_0^4*q6_0^2*b3^2
4821	3,3,4,0,0,2,2	b4^3*q2_0^3*q3_0^4*q6_0^2*b3^2
4822	5,2,4,0,0,2,2	b4^5*q2_0^2*q3_0^4*q6_0^2*b3^2
4823	7,1,4,0,0,2,2	b4^7*q2_0*q3_0^4*q6_0^2*b3^2
4824	9,0,4,0,0,2,2	b4^9*q3_0^4*q6_0^2*b3^2
4825	0,6,3,0,0,2,2	q2_0^6*q3_0^3*q6_0^2*b3^2
4826	2,5,3,0,0,2,2	b4^2*q2_0^5*q3_0^3*q6_0^2*b3^2
4827	4,4,3,0,0,2,2	b4^4*q2_0^4*q3_0^3*q6_0^2*b3^2
4828	6,3,3,0,0,2,2	b4^6*q2_0^3*q3_0^3*q6_0^2*b3^2
4829	8,2,3,0,0,2,2	b4^8*q2_0^2*q3_0^3*q6_0^2*b3^2
4830	10,1,3,0,0,2,2	b4^10*q2_0*q3_0^3*q6_0^2*b3^2
4831	12,0,3,0,0,2,2	b4^12*q3_0^3*q6_0^2*b3^2
4832	1,7,2,0,0,2,2	b4*q2_0^7*q3_0^2*q6_0^2*b3^2
4833	3,6,2,0,0,2,2	b4^3*q2_0^6*q3_0^2*q6_0^2*b3^2
4834	5,5,2,0,0,2,2	b4^5*q2_0^5*q3_0^2*q6_0^2*b3^2
4835	7,4,2,0,0,2,2	b4^7*q2_0^4*q3_0^2*q6_0^2*b3^2
4836	9,3,2,0,0,2,2	b4^9*q2_0^3*q3_0^2*q6_0^2*b3^2
4837	11,2,2,0,0,2,2	b4^11*q2_0^2*q3_0^2*q6_0^2*b3^2
4838	13,1,2,0,0,2,2	b4^13*q2_0*q3_0^2*q6_0^2*b3^2
4839	15,0,2,0,0,2,2	b4^15*q3_0^2*q6_0^2*b3^2
4840	0,9,1,0,0,2,2	q2_0^9*q3_0*q6_0^2*b3^2
4841	2,8,1,0,0,2,2	b4^2*q2_0^8*q3_0*q6_0^2*b3^2
4842	4,7,1,0,0,2,2	b4^4*q2_0^7*q3_0*q6_0^2*b3^2
4843	6,6,1,0,0,2,2	b4^6*q2_0^6*q3_0*q6_0^2*b3^2
4844	8,5,1,0,0,2,2	b4^8*q2_0^5*q3_0*q6_0^2*b3^2
4845	0,1,0,0,5,1,2	q2_0*q5_0^5*q6_0*b3^2
4846	2,0,0,0,5,1,2	b4^2*q5_0^5*q6_0*b3^2
4847	0,0,1,1,4,1,2	q3_0*q4_0*q5_0^4*q6_0*b3^2
4848	1,1,0,1,4,1,2	b4*q2_0*q4_0*q5_0^4*q6_0*b3^2
4849	3,0,0,1,4,1,2	b4^3*q4_0*q5_0^4*q6_0*b3^2
4850	1,0,2,0,4,1,2	b4*q3_0^2*q5_0^4*q6_0*b3^2
4851	0,2,1,0,4,1,2	q2_0^2*q3_0*q5_0^4*q6_0*b3^2
4852	2,1,1,0,4,1,2	b4^2*q2_0*q3_0*q5_0^4*q6_0*b3^2
4853	4,0,1,0,4,1,2	b4^4*q3_0*q5_0^4*q6_0*b3^2
4854	1,3,0,0,4,1,2	b4*q2_0^3*q5_0^4*q6_0*b3^2
4855	3,2,0,0,4,1,2	b4^3*q2_0^2*q5_0^4*q6_0*b3^2
4856	5,1,0,0,4,1,2	b4^5*q2_0*q5_0^4*q6_0*b3^2
4857	7,0,0,0,4,1,2	b4^7*q5_0^4*q6_0*b3^2
4858	0,0,0,3,3,1,2	q4_0^3*q5_0^3*q6_0*b3^2
4859	1,0,1,2,3,1,2	b4*q3_0*q4_0^2*q5_0^3*q6_0*b3^2
4860	0,2,0,2,3,1,2	q2_0^2*q4_0^2*q5_0^3*q6_0*b3^2
4861	2,1,0,2,3,1,2	b4^2*q2_0*q4_0^2*q5_0^3*q6_0*b3^2
4862	0,1,2,1,3,1,2	q2_0*q3_0^2*q4_0*q5_0^3*q6_0*b3^2
4863	0,4,0,1,3,1,2	q2_0^4*q4_0*q5_0^3*q6_0*b3^2
4864	0,0,4,0,3,1,2	q3_0^4*q5_0^3*q6_0*b3^2
4865	0,3,2,0,3,1,2	q2_0^3*q3_0^2*q5_0^3*q6_0*b3^2
4866	0,6,0,0,3,1,2	q2_0^6*q5_0^3*q6_0*b3^2
4867	0,1,1,3,2,1,2	q2_0*q3_0*q4_0^3*q5_0^2*q6_0*b3^2
4868	0,0,3,2,2,1,2	q3_0^3*q4_0^2*q5_0^2*q6_0*b3^2
4869	0,3,1,2,2,1,2	q2_0^3*q3_0*q4_0^2*q5_0^2*q6_0*b3^2
4870	0,2,3,1,2,1,2	q2_0^2*q3_0^3*q4_0*q5_0^2*q6_0*b3^2
4871	0,5,1,1,2,1,2	q2_0^5*q3_0*q4_0*q5_0^2*q6_0*b3^2
4872	0,1,5,0,2,1,2	q2_0*q3_0^5*q5_0^2*q6_0*b3^2
4873	0,4,3,0,2,1,2	q2_0^4*q3_0^3*q5_0^2*q6_0*b3^2
4874	0,7,1,0,2,1,2	q2_0^7*q3_0*q5_0^2*q6_0*b3^2
4875	0,1,0,5,1,1,2	q2_0*q4_0^5*q5_0*q6_0*b3^2
4876	0,0,2,4,1,1,2	q3_0^2*q4_0^4*q5_0*q6_0*b3^2
4877	0,3,0,4,1,1,2	q2_0^3*q4_0^4*q5_0*q6_0*b3^2
4878	0,2,2,3,1,1,2	q2_0^2*q3_0^2*q4_0^3*q5_0*q6_0*b3^2
4879	0,5,0,3,1,1,2	q2_0^5*q4_0^3*q5_0*q6_0*b3^2
4880	0,1,4,2,1,1,2	q2_0*q3_0^4*q4_0^2*q5_0*q6_0*b3^2
4881	0,4,2,2,1,1,2	q2_0^4*q3_0^2*q4_0^2*q5_0*q6_0*b3^2
4882	0,7,0,2,1,1,2	q2_0^7*q4_0^2*q5_0*q6_0*b3^2
4883	0,0,6,1,1,1,2	q3_0^6*q4_0*q5_0*q6_0*b3^2
4884	0,3,4,1,1,1,2	q2_0^3*q3_0^4*q4_0*q5_0*q6_0*b3^2
4885	0,6,2,1,1,1,2	q2_0^6*q3_0^2*q4_0*q5_0*q6_0*b3^2
4886	0,9,0,1,1,1,2	q2_0^9*q4_0*q5_0*q6_0*b3^2
4887	0,2,6,0,1,1,2	q2_0^2*q3_0^6*q5_0*q6_0*b3^2
4888	0,5,4,0,1,1,2	q2_0^5*q3_0^4*q5_0*q6_0*b3^2
4889	0,8,2,0,1,1,2	q2_0^8*q3_0^2*q5_0*q6_0*b3^2
4890	0,0,1,6,0,1,2	q3_0*q4_0^6*q6_0*b3^2
4891	0,2,1,5,0,1,2	q2_0^2*q3_0*q4_0^5*q6_0*b3^2
4892	0,1,3,4,0,1,2	q2_0*q3_0^3*q4_0^4*q6_0*b3^2
4893	0,4,1,4,0,1,2	q2_0^4*q3_0*q4_0^4*q6_0*b3^2
4894	0,0,5,3,0,1,2	q3_0^5*q4_0^3*q6_0*b3^2
4895	0,3,3,3,0,1,2	q2_0^3*q3_0^3*q4_0^3*q6_0*b3^2
4896	0,6,1,3,0,1,2	q2_0^6*q3_0*q4_0^3*q6_0*b3^2
4897	0,2,5,2,0,1,2	q2_0^2*q3_0^5*q4_0^2*q6_0*b3^2
4898	0,5,3,2,0,1,2	q2_0^5*q3_0^3*q4_0^2*q6_0*b3^2
4899	0,8,1,2,0,1,2	q2_0^8*q3_0*q4_0^2*q6_0*b3^2
4900	0,1,7,1,0,1,2	q2_0*q3_0^7*q4_0*q6_0*b3^2
4901	0,4,5,1,0,1,2	q2_0^4*q3_0^5*q4_0*q6_0*b3^2
4902	0,7,3,1,0,1,2	q2_0^7*q3_0^3*q4_0*q6_0*b3^2
4903	0,0,1,0,6,0,2	q3_0*q5_0^6*b3^2
4904	0,0,0,2,5,0,2	q4_0^2*q5_0^5*b3^2
4905	0,2,0,1,5,0,2	q2_0^2*q4_0*q5_0^5*b3^2
4906	0,1,2,0,5,0,2	q2_0*q3_0^2*q5_0^5*b3^2
4907	0,4,0,0,5,0,2	q2_0^4*q5_0^5*b3^2
4908	0,1,1,2,4,0,2	q2_0*q3_0*q4_0^2*q5_0^4*b3^2
4909	0,0,3,1,4,0,2	q3_0^3*q4_0*q5_0^4*b3^2
4910	0,3,1,1,4,0,2	q2_0^3*q3_0*q4_0*q5_0^4*b3^2
4911	0,2,3,0,4,0,2	q2_0^2*q3_0^3*q5_0^4*b3^2
4912	0,5,1,0,4,0,2	q2_0^5*q3_0*q5_0^4*b3^2
4913	0,1,0,4,3,0,2	q2_0*q4_0^4*q5_0^3*b3^2
4914	0,0,2,3,3,0,2	q3_0^2*q4_0^3*q5_0^3*b3^2
4915	0,3,0,3,3,0,2	q2_0^3*q4_0^3*q5_0^3*b3^2
4916	0,2,2,2,3,0,2	q2_0^2*q3_0^2*q4_0^2*q5_0^3*b3^2
4917	0,5,0,2,3,0,2	q2_0^5*q4_0^2*q5_0^3*b3^2
4918	0,1,4,1,3,0,2	q2_0*q3_0^4*q4_0*q5_0^3*b3^2
4919	0,4,2,1,3,0,2	q2_0^4*q3_0^2*q4_0*q5_0^3*b3^2
4920	0,7,0,1,3,0,2	q2_0^7*q4_0*q5_0^3*b3^2
4921	0,0,6,0,3,0,2	q3_0^6*q5_0^3*b3^2
4922	0,3,4,0,3,0,2	q2_0^3*q3_0^4*q5_0^3*b3^2
4923	0,6,2,0,3,0,2	q2_0^6*q3_0^2*q5_0^3*b3^2
4924	0,9,0,0,3,0,2	q2_0^9*q5_0^3*b3^2
4925	0,0,1,5,2,0,2	q3_0*q4_0^5*q5_0^2*b3^2
4926	0,2,1,4,2,0,2	q2_0^2*q3_0*q4_0^4*q5_0^2*b3^2
4927	0,1,3,3,2,0,2	q2_0*q3_0^3*q4_0^3*q5_0^2*b3^2
4928	0,4,1,3,2,0,2	q2_0^4*q3_0*q4_0^3*q5_0^2*b3^2
4929	0,0,5,2,2,0,2	q3_0^5*q4_0^2*q5_0^2*b3^2
4930	0,3,3,2,2,0,2	q2_0^3*q3_0^3*q4_0^2*q5_0^2*b3^2
4931	0,6,1,2,2,0,2	q2_0^6*q3_0*q4_0^2*q5_0^2*b3^2
4932	0,2,5,1,2,0,2	q2_0^2*q3_0^5*q4_0*q5_0^2*b3^2
4933	0,5,3,1,2,0,2	q2_0^5*q3_0^3*q4_0*q5_0^2*b3^2
4934	0,8,1,1,2,0,2	q2_0^8*q3_0*q4_0*q5_0^2*b3^2
4935	0,1,7,0,2,0,2	q2_0*q3_0^7*q5_0^2*b3^2
4936	0,4,5,0,2,0,2	q2_0^4*q3_0^5*q5_0^2*b3^2
4937	0,7,3,0,2,0,2	q2_0^7*q3_0^3*q5_0^2*b3^2
4938	0,0,0,7,1,0,2	q4_0^7*q5_0*b3^2
4939	0,0,4,4,1,0,2	q3_0^4*q4_0^4*q5_0*b3^2
4940	0,0,0,0,1,6,1	q5_0*q6_0^6*b3
4941	0,0,2,0,1,5,1	q3_0^2*q5_0*q6_0^5*b3
4942	0,0,1,2,0,5,1	q3_0*q4_0^2*q6_0^5*b3
4943	0,0,1,1,2,4,1	q3_0*q4_0*q5_0^2*q6_0^4*b3
4944	0,0,0,3,1,4,1	q4_0^3*q5_0*q6_0^4*b3
4945	0,0,4,0,1,4,1	q3_0^4*q5_0*q6_0^4*b3
4946	0,0,3,2,0,4,1	q3_0^3*q4_0^2*q6_0^4*b3
4947	0,0,1,0,4,3,1	q3_0*q5_0^4*q6_0^3*b3
4948	0,0,0,2,3,3,1	q4_0^2*q5_0^3*q6_0^3*b3
4949	0,0,3,1,2,3,1	q3_0^3*q4_0*q5_0^2*q6_0^3*b3
4950	0,0,2,3,1,3,1	q3_0^2*q4_0^3*q5_0*q6_0^3*b3
4951	0,0,6,0,1,3,1	q3_0^6*q5_0*q6_0^3*b3
4952	0,0,1,5,0,3,1	q3_0*q4_0^5*q6_0^3*b3
4953	0,0,5,2,0,3,1	q3_0^5*q4_0^2*q6_0^3*b3
4954	0,0,0,1,5,2,1	q4_0*q5_0^5*q6_0^2*b3
4955	0,0,3,0,4,2,1	q3_0^3*q5_0^4*q6_0^2*b3
4956	0,0,0,6,1,2,1	q4_0^6*q5_0*q6_0^2*b3
4957	0,1,0,0,0,0,6	q2_0*b3^6
4958	2,0,0,0,0,0,6	b4^2*b3^6
4959	0,0,0,1,0,1,5	q4_0*q6_0*b3^5
4960	1,0,1,0,0,1,5	b4*q3_0*q6_0*b3^5
4961	0,2,0,0,0,1,5	q2_0^2*q6_0*b3^5
4962	2,1,0,0,0,1,5	b4^2*q2_0*q6_0*b3^5
4963	4,0,0,0,0,1,5	b4^4*q6_0*b3^5
4964	0,0,0,0,2,0,5	q5_0^2*b3^5
4965	1,0,0,1,1,0,5	b4*q4_0*q5_0*b3^5
4966	0,1,1,0,1,0,5	q2_0*q3_0*q5_0*b3^5
4967	2,0,1,0,1,0,5	b4^2*q3_0*q5_0*b3^5
4968	1,2,0,0,1,0,5	b4*q2_0^2*q5_0*b3^5
4969	3,1,0,0,1,0,5	b4^3*q2_0*q5_0*b3^5
4970	5,0,0,0,1,0,5	b4^5*q5_0*b3^5
4971	0,1,0,2,0,0,5	q2_0*q4_0^2*b3^5
4972	2,0,0,2,0,0,5	b4^2*q4_0^2*b3^5
4973	0,0,2,1,0,0,5	q3_0^2*q4_0*b3^5
4974	1,1,1,1,0,0,5	b4*q2_0*q3_0*q4_0*b3^5
4975	3,0,1,1,0,0,5	b4^3*q3_0*q4_0*b3^5
4976	0,3,0,1,0,0,5	q2_0^3*q4_0*b3^5
4977	2,2,0,1,0,0,5	b4^2*q2_0^2*q4_0*b3^5
4978	4,1,0,1,0,0,5	b4^4*q2_0*q4_0*b3^5
4979	6,0,0,1,0,0,5	b4^6*q4_0*b3^5
4980	1,0,3,0,0,0,5	b4*q3_0^3*b3^5
4981	0,2,2,0,0,0,5	q2_0^2*q3_0^2*b3^5
4982	2,1,2,0,0,0,5	b4^2*q2_0*q3_0^2*b3^5
4983	4,0,2,0,0,0,5	b4^4*q3_0^2*b3^5
4984	1,3,1,0,0,0,5	b4*q2_0^3*q3_0*b3^5
4985	3,2,1,0,0,0,5	b4^3*q2_0^2*q3_0*b3^5
4986	5,1,1,0,0,0,5	b4^5*q2_0*q3_0*b3^5
4987	7,0,1,0,0,0,5	b4^7*q3_0*b3^5
4988	0,5,0,0,0,0,5	q2_0^5*b3^5
4989	2,4,0,0,0,0,5	b4^2*q2_0^4*b3^5
4990	4,3,0,0,0,0,5	b4^4*q2_0^3*b3^5
4991	6,2,0,0,0,0,5	b4^6*q2_0^2*b3^5
4992	8,1,0,0,0,0,5	b4^8*q2_0*b3^5
4993	10,0,0,0,0,0,5	b4^10*b3^5
4994	0,0,0,0,0,3,4	q6_0^3*b3^4
4995	1,0,0,0,1,2,4	b4*q5_0*q6_0^2*b3^4
4996	0,1,0,1,0,2,4	q2_0*q4_0*q6_0^2*b3^4
4997	2,0,0,1,0,2,4	b4^2*q4_0*q6_0^2*b3^4
4998	0,0,2,0,0,2,4	q3_0^2*q6_0^2*b3^4
4999	1,1,1,0,0,2,4	b4*q2_0*q3_0*q6_0^2*b3^4
5000	3,0,1,0,0,2,4	b4^3*q3_0*q6_0^2*b3^4
5001	0,3,0,0,0,2,4	q2_0^3*q6_0^2*b3^4
5002	2,2,0,0,0,2,4	b4^2*q2_0^2*q6_0^2*b3^4
5003	4,1,0,0,0,2,4	b4^4*q2_0*q6_0^2*b3^4
5004	6,0,0,0,0,2,4	b4^6*q6_0^2*b3^4
5005	0,1,0,0,2,1,4	q2_0*q5_0^2*q6_0*b3^4
5006	2,0,0,0,2,1,4	b4^2*q5_0^2*q6_0*b3^4
5007	0,0,1,1,1,1,4	q3_0*q4_0*q5_0*q6_0*b3^4
5008	1,1,0,1,1,1,4	b4*q2_0*q4_0*q5_0*q6_0*b3^4
5009	3,0,0,1,1,1,4	b4^3*q4_0*q5_0*q6_0*b3^4
5010	1,0,2,0,1,1,4	b4*q3_0^2*q5_0*q6_0*b3^4
5011	0,2,1,0,1,1,4	q2_0^2*q3_0*q5_0*q6_0*b3^4
5012	2,1,1,0,1,1,4	b4^2*q2_0*q3_0*q5_0*q6_0*b3^4
5013	4,0,1,0,1,1,4	b4^4*q3_0*q5_0*q6_0*b3^4
5014	1,3,0,0,1,1,4	b4*q2_0^3*q5_0*q6_0*b3^4
5015	3,2,0,0,1,1,4	b4^3*q2_0^2*q5_0*q6_0*b3^4
5016	5,1,0,0,1,1,4	b4^5*q2_0*q5_0*q6_0*b3^4
5017	7,0,0,0,1,1,4	b4^7*q5_0*q6_0*b3^4
5018	0,0,0,3,0,1,4	q4_0^3*q6_0*b3^4
5019	1,0,1,2,0,1,4	b4*q3_0*q4_0^2*q6_0*b3^4
5020	0,2,0,2,0,1,4	q2_0^2*q4_0^2*q6_0*b3^4
5021	2,1,0,2,0,1,4	b4^2*q2_0*q4_0^2*q6_0*b3^4
5022	4,0,0,2,0,1,4	b4^4*q4_0^2*q6_0*b3^4
5023	0,1,2,1,0,1,4	q2_0*q3_0^2*q4_0*q6_0*b3^4
5024	2,0,2,1,0,1,4	b4^2*q3_0^2*q4_0*q6_0*b3^4
5025	1,2,1,1,0,1,4	b4*q2_0^2*q3_0*q4_0*q6_0*b3^4
5026	3,1,1,1,0,1,4	b4^3*q2_0*q3_0*q4_0*q6_0*b3^4
5027	5,0,1,1,0,1,4	b4^5*q3_0*q4_0*q6_0*b3^4
5028	0,4,0,1,0,1,4	q2_0^4*q4_0*q6_0*b3^4
5029	2,3,0,1,0,1,4	b4^2*q2_0^3*q4_0*q6_0*b3^4
5030	4,2,0,1,0,1,4	b4^4*q2_0^2*q4_0*q6_0*b3^4
5031	6,1,0,1,0,1,4	b4^6*q2_0*q4_0*q6_0*b3^4
5032	8,0,0,1,0,1,4	b4^8*q4_0*q6_0*b3^4
5033	0,0,4,0,0,1,4	q3_0^4*q6_0*b3^4
5034	1,1,3,0,0,1,4	b4*q2_0*q3_0^3*q6_0*b3^4
5035	3,0,3,0,0,1,4	b4^3*q3_0^3*q6_0*b3^4
5036	0,3,2,0,0,1,4	q2_0^3*q3_0^2*q6_0*b3^4
5037	2,2,2,0,0,1,4	b4^2*q2_0^2*q3_0^2*q6_0*b3^4
5038	4,1,2,0,0,1,4	b4^4*q2_0*q3_0^2*q6_0*b3^4
5039	6,0,2,0,0,1,4	b4^6*q3_0^2*q6_0*b3^4
5040	1,4,1,0,0,1,4	b4*q2_0^4*q3_0*q6_0*b3^4
5041	3,3,1,0,0,1,4	b4^3*q2_0^3*q3_0*q6_0*b3^4
5042	5,2,1,0,0,1,4	b4^5*q2_0^2*q3_0*q6_0*b3^4
5043	7,1,1,0,0,1,4	b4^7*q2_0*q3_0*q6_0*b3^4
5044	9,0,1,0,0,1,4	b4^9*q3_0*q6_0*b3^4
5045	0,6,0,0,0,1,4	q2_0^6*q6_0*b3^4
5046	2,5,0,0,0,1,4	b4^2*q2_0^5*q6_0*b3^4
5047	4,4,0,0,0,1,4	b4^4*q2_0^4*q6_0*b3^4
5048	6,3,0,0,0,1,4	b4^6*q2_0^3*q6_0*b3^4
5049	8,2,0,0,0,1,4	b4^8*q2_0^2*q6_0*b3^4
5050	10,1,0,0,0,1,4	b4^10*q2_0*q6_0*b3^4
5051	12,0,0,0,0,1,4	b4^12*q6_0*b3^4
5052	0,0,1,0,3,0,4	q3_0*q5_0^3*b3^4
5053	1,1,0,0,3,0,4	b4*q2_0*q5_0^3*b3^4
5054	3,0,0,0,3,0,4	b4^3*q5_0^3*b3^4
5055	0,0,0,2,2,0,4	q4_0^2*q5_0^2*b3^4
5056	1,0,1,1,2,0,4	b4*q3_0*q4_0*q5_0^2*b3^4
5057	0,2,0,1,2,0,4	q2_0^2*q4_0*q5_0^2*b3^4
5058	2,1,0,1,2,0,4	b4^2*q2_0*q4_0*q5_0^2*b3^4
5059	4,0,0,1,2,0,4	b4^4*q4_0*q5_0^2*b3^4
5060	0,1,2,0,2,0,4	q2_0*q3_0^2*q5_0^2*b3^4
5061	2,0,2,0,2,0,4	b4^2*q3_0^2*q5_0^2*b3^4
5062	1,2,1,0,2,0,4	b4*q2_0^2*q3_0*q5_0^2*b3^4
5063	3,1,1,0,2,0,4	b4^3*q2_0*q3_0*q5_0^2*b3^4
5064	5,0,1,0,2,0,4	b4^5*q3_0*q5_0^2*b3^4
5065	0,4,0,0,2,0,4	q2_0^4*q5_0^2*b3^4
5066	2,3,0,0,2,0,4	b4^2*q2_0^3*q5_0^2*b3^4
5067	4,2,0,0,2,0,4	b4^4*q2_0^2*q5_0^2*b3^4
5068	6,1,0,0,2,0,4	b4^6*q2_0*q5_0^2*b3^4
5069	8,0,0,0,2,0,4	b4^8*q5_0^2*b3^4
5070	1,0,0,3,1,0,4	b4*q4_0^3*q5_0*b3^4
5071	0,1,1,2,1,0,4	q2_0*q3_0*q4_0^2*q5_0*b3^4
5072	2,0,1,2,1,0,4	b4^2*q3_0*q4_0^2*q5_0*b3^4
5073	1,2,0,2,1,0,4	b4*q2_0^2*q4_0^2*q5_0*b3^4
5074	3,1,0,2,1,0,4	b4^3*q2_0*q4_0^2*q5_0*b3^4
5075	5,0,0,2,1,0,4	b4^5*q4_0^2*q5_0*b3^4
5076	0,0,3,1,1,0,4	q3_0^3*q4_0*q5_0*b3^4
5077	1,1,2,1,1,0,4	b4*q2_0*q3_0^2*q4_0*q5_0*b3^4
5078	3,0,2,1,1,0,4	b4^3*q3_0^2*q4_0*q5_0*b3^4
5079	0,3,1,1,1,0,4	q2_0^3*q3_0*q4_0*q5_0*b3^4
5080	2,2,1,1,1,0,4	b4^2*q2_0^2*q3_0*q4_0*q5_0*b3^4
5081	4,1,1,1,1,0,4	b4^4*q2_0*q3_0*q4_0*q5_0*b3^4
5082	6,0,1,1,1,0,4	b4^6*q3_0*q4_0*q5_0*b3^4
5083	1,4,0,1,1,0,4	b4*q2_0^4*q4_0*q5_0*b3^4
5084	3,3,0,1,1,0,4	b4^3*q2_0^3*q4_0*q5_0*b3^4
5085	5,2,0,1,1,0,4	b4^5*q2_0^2*q4_0*q5_0*b3^4
5086	7,1,0,1,1,0,4	b4^7*q2_0*q4_0*q5_0*b3^4
5087	9,0,0,1,1,0,4	b4^9*q4_0*q5_0*b3^4
5088	1,0,4,0,1,0,4	b4*q3_0^4*q5_0*b3^4
5089	0,2,3,0,1,0,4	q2_0^2*q3_0^3*q5_0*b3^4
5090	2,1,3,0,1,0,4	b4^2*q2_0*q3_0^3*q5_0*b3^4
5091	4,0,3,0,1,0,4	b4^4*q3_0^3*q5_0*b3^4
5092	1,3,2,0,1,0,4	b4*q2_0^3*q3_0^2*q5_0*b3^4
5093	3,2,2,0,1,0,4	b4^3*q2_0^2*q3_0^2*q5_0*b3^4
5094	5,1,2,0,1,0,4	b4^5*q2_0*q3_0^2*q5_0*b3^4
5095	7,0,2,0,1,0,4	b4^7*q3_0^2*q5_0*b3^4
5096	0,5,1,0,1,0,4	q2_0^5*q3_0*q5_0*b3^4
5097	2,4,1,0,1,0,4	b4^2*q2_0^4*q3_0*q5_0*b3^4
5098	4,3,1,0,1,0,4	b4^4*q2_0^3*q3_0*q5_0*b3^4
5099	6,2,1,0,1,0,4	b4^6*q2_0^2*q3_0*q5_0*b3^4
5100	8,1,1,0,1,0,4	b4^8*q2_0*q3_0*q5_0*b3^4
5101	10,0,1,0,1,0,4	b4^10*q3_0*q5_0*b3^4
5102	1,6,0,0,1,0,4	b4*q2_0^6*q5_0*b3^4
5103	3,5,0,0,1,0,4	b4^3*q2_0^5*q5_0*b3^4
5104	5,4,0,0,1,0,4	b4^5*q2_0^4*q5_0*b3^4
5105	7,3,0,0,1,0,4	b4^7*q2_0^3*q5_0*b3^4
5106	9,2,0,0,1,0,4	b4^9*q2_0^2*q5_0*b3^4
5107	11,1,0,0,1,0,4	b4^11*q2_0*q5_0*b3^4
5108	13,0,0,0,1,0,4	b4^13*q5_0*b3^4
5109	0,1,0,4,0,0,4	q2_0*q4_0^4*b3^4
5110	2,0,0,4,0,0,4	b4^2*q4_0^4*b3^4
5111	0,0,2,3,0,0,4	q3_0^2*q4_0^3*b3^4
5112	1,1,1,3,0,0,4	b4*q2_0*q3_0*q4_0^3*b3^4
5113	3,0,1,3,0,0,4	b4^3*q3_0*q4_0^3*b3^4
5114	0,3,0,3,0,0,4	q2_0^3*q4_0^3*b3^4
5115	2,2,0,3,0,0,4	b4^2*q2_0^2*q4_0^3*b3^4
5116	4,1,0,3,0,0,4	b4^4*q2_0*q4_0^3*b3^4
5117	6,0,0,3,0,0,4	b4^6*q4_0^3*b3^4
5118	1,0,3,2,0,0,4	b4*q3_0^3*q4_0^2*b3^4
5119	0,2,2,2,0,0,4	q2_0^2*q3_0^2*q4_0^2*b3^4
5120	2,1,2,2,0,0,4	b4^2*q2_0*q3_0^2*q4_0^2*b3^4
5121	4,0,2,2,0,0,4	b4^4*q3_0^2*q4_0^2*b3^4
5122	1,3,1,2,0,0,4	b4*q2_0^3*q3_0*q4_0^2*b3^4
5123	3,2,1,2,0,0,4	b4^3*q2_0^2*q3_0*q4_0^2*b3^4
5124	5,1,1,2,0,0,4	b4^5*q2_0*q3_0*q4_0^2*b3^4
5125	7,0,1,2,0,0,4	b4^7*q3_0*q4_0^2*b3^4
5126	0,5,0,2,0,0,4	q2_0^5*q4_0^2*b3^4
5127	2,4,0,2,0,0,4	b4^2*q2_0^4*q4_0^2*b3^4
5128	4,3,0,2,0,0,4	b4^4*q2_0^3*q4_0^2*b3^4
5129	6,2,0,2,0,0,4	b4^6*q2_0^2*q4_0^2*b3^4
5130	8,1,0,2,0,0,4	b4^8*q2_0*q4_0^2*b3^4
5131	10,0,0,2,0,0,4	b4^10*q4_0^2*b3^4
5132	0,1,4,1,0,0,4	q2_0*q3_0^4*q4_0*b3^4
5133	2,0,4,1,0,0,4	b4^2*q3_0^4*q4_0*b3^4
5134	1,2,3,1,0,0,4	b4*q2_0^2*q3_0^3*q4_0*b3^4
5135	3,1,3,1,0,0,4	b4^3*q2_0*q3_0^3*q4_0*b3^4
5136	5,0,3,1,0,0,4	b4^5*q3_0^3*q4_0*b3^4
5137	0,4,2,1,0,0,4	q2_0^4*q3_0^2*q4_0*b3^4
5138	2,3,2,1,0,0,4	b4^2*q2_0^3*q3_0^2*q4_0*b3^4
5139	4,2,2,1,0,0,4	b4^4*q2_0^2*q3_0^2*q4_0*b3^4
5140	6,1,2,1,0,0,4	b4^6*q2_0*q3_0^2*q4_0*b3^4
5141	8,0,2,1,0,0,4	b4^8*q3_0^2*q4_0*b3^4
5142	1,5,1,1,0,0,4	b4*q2_0^5*q3_0*q4_0*b3^4
5143	3,4,1,1,0,0,4	b4^3*q2_0^4*q3_0*q4_0*b3^4
5144	5,3,1,1,0,0,4	b4^5*q2_0^3*q3_0*q4_0*b3^4
5145	7,2,1,1,0,0,4	b4^7*q2_0^2*q3_0*q4_0*b3^4
5146	9,1,1,1,0,0,4	b4^9*q2_0*q3_0*q4_0*b3^4
5147	11,0,1,1,0,0,4	b4^11*q3_0*q4_0*b3^4
5148	0,7,0,1,0,0,4	q2_0^7*q4_0*b3^4
5149	2,6,0,1,0,0,4	b4^2*q2_0^6*q4_0*b3^4
5150	4,5,0,1,0,0,4	b4^4*q2_0^5*q4_0*b3^4
5151	6,4,0,1,0,0,4	b4^6*q2_0^4*q4_0*b3^4
5152	8,3,0,1,0,0,4	b4^8*q2_0^3*q4_0*b3^4
5153	10,2,0,1,0,0,4	b4^10*q2_0^2*q4_0*b3^4
5154	12,1,0,1,0,0,4	b4^12*q2_0*q4_0*b3^4
5155	14,0,0,1,0,0,4	b4^14*q4_0*b3^4
5156	0,0,6,0,0,0,4	q3_0^6*b3^4
5157	1,1,5,0,0,0,4	b4*q2_0*q3_0^5*b3^4
5158	3,0,5,0,0,0,4	b4^3*q3_0^5*b3^4
5159	0,3,4,0,0,0,4	q2_0^3*q3_0^4*b3^4
5160	2,2,4,0,0,0,4	b4^2*q2_0^2*q3_0^4*b3^4
5161	4,1,4,0,0,0,4	b4^4*q2_0*q3_0^4*b3^4
5162	6,0,4,0,0,0,4	b4^6*q3_0^4*b3^4
5163	1,4,3,0,0,0,4	b4*q2_0^4*q3_0^3*b3^4
5164	3,3,3,0,0,0,4	b4^3*q2_0^3*q3_0^3*b3^4
5165	5,2,3,0,0,0,4	b4^5*q2_0^2*q3_0^3*b3^4
5166	7,1,3,0,0,0,4	b4^7*q2_0*q3_0^3*b3^4
5167	9,0,3,0,0,0,4	b4^9*q3_0^3*b3^4
5168	0,6,2,0,0,0,4	q2_0^6*q3_0^2*b3^4
5169	2,5,2,0,0,0,4	b4^2*q2_0^5*q3_0^2*b3^4
5170	4,4,2,0,0,0,4	b4^4*q2_0^4*q3_0^2*b3^4
5171	6,3,2,0,0,0,4	b4^6*q2_0^3*q3_0^2*b3^4
5172	8,2,2,0,0,0,4	b4^8*q2_0^2*q3_0^2*b3^4
5173	10,1,2,0,0,0,4	b4^10*q2_0*q3_0^2*b3^4
5174	12,0,2,0,0,0,4	b4^12*q3_0^2*b3^4
5175	1,7,1,0,0,0,4	b4*q2_0^7*q3_0*b3^4
5176	3,6,1,0,0,0,4	b4^3*q2_0^6*q3_0*b3^4
5177	5,5,1,0,0,0,4	b4^5*q2_0^5*q3_0*b3^4
5178	7,4,1,0,0,0,4	b4^7*q2_0^4*q3_0*b3^4
5179	9,3,1,0,0,0,4	b4^9*q2_0^3*q3_0*b3^4
5180	11,2,1,0,0,0,4	b4^11*q2_0^2*q3_0*b3^4
5181	13,1,1,0,0,0,4	b4^13*q2_0*q3_0*b3^4
5182	15,0,1,0,0,0,4	b4^15*q3_0*b3^4
5183	0,9,0,0,0,0,4	q2_0^9*b3^4
5184	2,8,0,0,0,0,4	b4^2*q2_0^8*b3^4
5185	4,7,0,0,0,0,4	b4^4*q2_0^7*b3^4
5186	6,6,0,0,0,0,4	b4^6*q2_0^6*b3^4
5187	8,5,0,0,0,0,4	b4^8*q2_0^5*b3^4
5188	10,4,0,0,0,0,4	b4^10*q2_0^4*b3^4
5189	0,1,0,0,0,4,3	q2_0*q6_0^4*b3^3
5190	2,0,0,0,0,4,3	b4^2*q6_0^4*b3^3
5191	0,0,1,0,1,3,3	q3_0*q5_0*q6_0^3*b3^3
5192	1,1,0,0,1,3,3	b4*q2_0*q5_0*q6_0^3*b3^3
5193	3,0,0,0,1,3,3	b4^3*q5_0*q6_0^3*b3^3
5194	0,0,0,2,0,3,3	q4_0^2*q6_0^3*b3^3
5195	1,0,1,1,0,3,3	b4*q3_0*q4_0*q6_0^3*b3^3
5196	0,2,0,1,0,3,3	q2_0^2*q4_0*q6_0^3*b3^3
5197	2,1,0,1,0,3,3	b4^2*q2_0*q4_0*q6_0^3*b3^3
5198	4,0,0,1,0,3,3	b4^4*q4_0*q6_0^3*b3^3
5199	0,1,2,0,0,3,3	q2_0*q3_0^2*q6_0^3*b3^3
5200	2,0,2,0,0,3,3	b4^2*q3_0^2*q6_0^3*b3^3
5201	1,2,1,0,0,3,3	b4*q2_0^2*q3_0*q6_0^3*b3^3
5202	3,1,1,0,0,3,3	b4^3*q2_0*q3_0*q6_0^3*b3^3
5203	5,0,1,0,0,3,3	b4^5*q3_0*q6_0^3*b3^3
5204	0,4,0,0,0,3,3	q2_0^4*q6_0^3*b3^3
5205	2,3,0,0,0,3,3	b4^2*q2_0^3*q6_0^3*b3^3
5206	4,2,0,0,0,3,3	b4^4*q2_0^2*q6_0^3*b3^3
5207	6,1,0,0,0,3,3	b4^6*q2_0*q6_0^3*b3^3
5208	8,0,0,0,0,3,3	b4^8*q6_0^3*b3^3
5209	0,0,0,1,2,2,3	q4_0*q5_0^2*q6_0^2*b3^3
5210	1,0,1,0,2,2,3	b4*q3_0*q5_0^2*q6_0^2*b3^3
5211	0,2,0,0,2,2,3	q2_0^2*q5_0^2*q6_0^2*b3^3
5212	2,1,0,0,2,2,3	b4^2*q2_0*q5_0^2*q6_0^2*b3^3
5213	4,0,0,0,2,2,3	b4^4*q5_0^2*q6_0^2*b3^3
5214	1,0,0,2,1,2,3	b4*q4_0^2*q5_0*q6_0^2*b3^3
5215	0,1,1,1,1,2,3	q2_0*q3_0*q4_0*q5_0*q6_0^2*b3^3
5216	2,0,1,1,1,2,3	b4^2*q3_0*q4_0*q5_0*q6_0^2*b3^3
5217	1,2,0,1,1,2,3	b4*q2_0^2*q4_0*q5_0*q6_0^2*b3^3
5218	3,1,0,1,1,2,3	b4^3*q2_0*q4_0*q5_0*q6_0^2*b3^3
5219	5,0,0,1,1,2,3	b4^5*q4_0*q5_0*q6_0^2*b3^3
5220	0,0,3,0,1,2,3	q3_0^3*q5_0*q6_0^2*b3^3
5221	1,1,2,0,1,2,3	b4*q2_0*q3_0^2*q5_0*q6_0^2*b3^3
5222	3,0,2,0,1,2,3	b4^3*q3_0^2*q5_0*q6_0^2*b3^3
5223	0,3,1,0,1,2,3	q2_0^3*q3_0*q5_0*q6_0^2*b3^3
5224	2,2,1,0,1,2,3	b4^2*q2_0^2*q3_0*q5_0*q6_0^2*b3^3
5225	4,1,1,0,1,2,3	b4^4*q2_0*q3_0*q5_0*q6_0^2*b3^3
5226	6,0,1,0,1,2,3	b4^6*q3_0*q5_0*q6_0^2*b3^3
5227	1,4,0,0,1,2,3	b4*q2_0^4*q5_0*q6_0^2*b3^3
5228	3,3,0,0,1,2,3	b4^3*q2_0^3*q5_0*q6_0^2*b3^3
5229	5,2,0,0,1,2,3	b4^5*q2_0^2*q5_0*q6_0^2*b3^3
5230	7,1,0,0,1,2,3	b4^7*q2_0*q5_0*q6_0^2*b3^3
5231	9,0,0,0,1,2,3	b4^9*q5_0*q6_0^2*b3^3
5232	0,1,0,3,0,2,3	q2_0*q4_0^3*q6_0^2*b3^3
5233	2,0,0,3,0,2,3	b4^2*q4_0^3*q6_0^2*b3^3
5234	0,0,2,2,0,2,3	q3_0^2*q4_0^2*q6_0^2*b3^3
5235	1,1,1,2,0,2,3	b4*q2_0*q3_0*q4_0^2*q6_0^2*b3^3
5236	3,0,1,2,0,2,3	b4^3*q3_0*q4_0^2*q6_0^2*b3^3
5237	0,3,0,2,0,2,3	q2_0^3*q4_0^2*q6_0^2*b3^3
5238	2,2,0,2,0,2,3	b4^2*q2_0^2*q4_0^2*q6_0^2*b3^3
5239	4,1,0,2,0,2,3	b4^4*q2_0*q4_0^2*q6_0^2*b3^3
5240	6,0,0,2,0,2,3	b4^6*q4_0^2*q6_0^2*b3^3
5241	1,0,3,1,0,2,3	b4*q3_0^3*q4_0*q6_0^2*b3^3
5242	0,2,2,1,0,2,3	q2_0^2*q3_0^2*q4_0*q6_0^2*b3^3
5243	2,1,2,1,0,2,3	b4^2*q2_0*q3_0^2*q4_0*q6_0^2*b3^3
5244	4,0,2,1,0,2,3	b4^4*q3_0^2*q4_0*q6_0^2*b3^3
5245	1,3,1,1,0,2,3	b4*q2_0^3*q3_0*q4_0*q6_0^2*b3^3
5246	3,2,1,1,0,2,3	b4^3*q2_0^2*q3_0*q4_0*q6_0^2*b3^3
5247	5,1,1,1,0,2,3	b4^5*q2_0*q3_0*q4_0*q6_0^2*b3^3
5248	7,0,1,1,0,2,3	b4^7*q3_0*q4_0*q6_0^2*b3^3
5249	0,5,0,1,0,2,3	q2_0^5*q4_0*q6_0^2*b3^3
5250	2,4,0,1,0,2,3	b4^2*q2_0^4*q4_0*q6_0^2*b3^3
5251	4,3,0,1,0,2,3	b4^4*q2_0^3*q4_0*q6_0^2*b3^3
5252	6,2,0,1,0,2,3	b4^6*q2_0^2*q4_0*q6_0^2*b3^3
5253	8,1,0,1,0,2,3	b4^8*q2_0*q4_0*q6_0^2*b3^3
5254	10,0,0,1,0,2,3	b4^10*q4_0*q6_0^2*b3^3
5255	0,1,4,0,0,2,3	q2_0*q3_0^4*q6_0^2*b3^3
5256	2,0,4,0,0,2,3	b4^2*q3_0^4*q6_0^2*b3^3
5257	1,2,3,0,0,2,3	b4*q2_0^2*q3_0^3*q6_0^2*b3^3
5258	3,1,3,0,0,2,3	b4^3*q2_0*q3_0^3*q6_0^2*b3^3
5259	5,0,3,0,0,2,3	b4^5*q3_0^3*q6_0^2*b3^3
5260	0,4,2,0,0,2,3	q2_0^4*q3_0^2*q6_0^2*b3^3
5261	2,3,2,0,0,2,3	b4^2*q2_0^3*q3_0^2*q6_0^2*b3^3
5262	4,2,2,0,0,2,3	b4^4*q2_0^2*q3_0^2*q6_0^2*b3^3
5263	6,1,2,0,0,2,3	b4^6*q2_0*q3_0^2*q6_0^2*b3^3
5264	8,0,2,0,0,2,3	b4^8*q3_0^2*q6_0^2*b3^3
5265	1,5,1,0,0,2,3	b4*q2_0^5*q3_0*q6_0^2*b3^3
5266	3,4,1,0,0,2,3	b4^3*q2_0^4*q3_0*q6_0^2*b3^3
5267	5,3,1,0,0,2,3	b4^5*q2_0^3*q3_0*q6_0^2*b3^3
5268	7,2,1,0,0,2,3	b4^7*q2_0^2*q3_0*q6_0^2*b3^3
5269	9,1,1,0,0,2,3	b4^9*q2_0*q3_0*q6_0^2*b3^3
5270	11,0,1,0,0,2,3	b4^11*q3_0*q6_0^2*b3^3
5271	0,7,0,0,0,2,3	q2_0^7*q6_0^2*b3^3
5272	2,6,0,0,0,2,3	b4^2*q2_0^6*q6_0^2*b3^3
5273	4,5,0,0,0,2,3	b4^4*q2_0^5*q6_0^2*b3^3
5274	6,4,0,0,0,2,3	b4^6*q2_0^4*q6_0^2*b3^3
5275	8,3,0,0,0,2,3	b4^8*q2_0^3*q6_0^2*b3^3
5276	10,2,0,0,0,2,3	b4^10*q2_0^2*q6_0^2*b3^3
5277	12,1,0,0,0,2,3	b4^12*q2_0*q6_0^2*b3^3
5278	14,0,0,0,0,2,3	b4^14*q6_0^2*b3^3
5279	0,0,0,0,4,1,3	q5_0^4*q6_0*b3^3
5280	1,0,0,1,3,1,3	b4*q4_0*q5_0^3*q6_0*b3^3
5281	0,1,1,0,3,1,3	q2_0*q3_0*q5_0^3*q6_0*b3^3
5282	2,0,1,0,3,1,3	b4^2*q3_0*q5_0^3*q6_0*b3^3
5283	1,2,0,0,3,1,3	b4*q2_0^2*q5_0^3*q6_0*b3^3
5284	3,1,0,0,3,1,3	b4^3*q2_0*q5_0^3*q6_0*b3^3
5285	5,0,0,0,3,1,3	b4^5*q5_0^3*q6_0*b3^3
5286	0,1,0,2,2,1,3	q2_0*q4_0^2*q5_0^2*q6_0*b3^3
5287	2,0,0,2,2,1,3	b4^2*q4_0^2*q5_0^2*q6_0*b3^3
5288	0,0,2,1,2,1,3	q3_0^2*q4_0*q5_0^2*q6_0*b3^3
5289	1,1,1,1,2,1,3	b4*q2_0*q3_0*q4_0*q5_0^2*q6_0*b3^3
5290	3,0,1,1,2,1,3	b4^3*q3_0*q4_0*q5_0^2*q6_0*b3^3
5291	0,3,0,1,2,1,3	q2_0^3*q4_0*q5_0^2*q6_0*b3^3
5292	2,2,0,1,2,1,3	b4^2*q2_0^2*q4_0*q5_0^2*q6_0*b3^3
5293	4,1,0,1,2,1,3	b4^4*q2_0*q4_0*q5_0^2*q6_0*b3^3
5294	6,0,0,1,2,1,3	b4^6*q4_0*q5_0^2*q6_0*b3^3
5295	1,0,3,0,2,1,3	b4*q3_0^3*q5_0^2*q6_0*b3^3
5296	0,2,2,0,2,1,3	q2_0^2*q3_0^2*q5_0^2*q6_0*b3^3
5297	2,1,2,0,2,1,3	b4^2*q2_0*q3_0^2*q5_0^2*q6_0*b3^3
5298	4,0,2,0,2,1,3	b4^4*q3_0^2*q5_0^2*q6_0*b3^3
5299	1,3,1,0,2,1,3	b4*q2_0^3*q3_0*q5_0^2*q6_0*b3^3
5300	3,2,1,0,2,1,3	b4^3*q2_0^2*q3_0*q5_0^2*q6_0*b3^3
5301	5,1,1,0,2,1,3	b4^5*q2_0*q3_0*q5_0^2*q6_0*b3^3
5302	7,0,1,0,2,1,3	b4^7*q3_0*q5_0^2*q6_0*b3^3
5303	0,5,0,0,2,1,3	q2_0^5*q5_0^2*q6_0*b3^3
5304	2,4,0,0,2,1,3	b4^2*q2_0^4*q5_0^2*q6_0*b3^3
5305	4,3,0,0,2,1,3	b4^4*q2_0^3*q5_0^2*q6_0*b3^3
5306	6,2,0,0,2,1,3	b4^6*q2_0^2*q5_0^2*q6_0*b3^3
5307	8,1,0,0,2,1,3	b4^8*q2_0*q5_0^2*q6_0*b3^3
5308	10,0,0,0,2,1,3	b4^10*q5_0^2*q6_0*b3^3
5309	0,0,1,3,1,1,3	q3_0*q4_0^3*q5_0*q6_0*b3^3
5310	1,1,0,3,1,1,3	b4*q2_0*q4_0^3*q5_0*q6_0*b3^3
5311	3,0,0,3,1,1,3	b4^3*q4_0^3*q5_0*q6_0*b3^3
5312	1,0,2,2,1,1,3	b4*q3_0^2*q4_0^2*q5_0*q6_0*b3^3
5313	0,2,1,2,1,1,3	q2_0^2*q3_0*q4_0^2*q5_0*q6_0*b3^3
5314	2,1,1,2,1,1,3	b4^2*q2_0*q3_0*q4_0^2*q5_0*q6_0*b3^3
5315	4,0,1,2,1,1,3	b4^4*q3_0*q4_0^2*q5_0*q6_0*b3^3
5316	1,3,0,2,1,1,3	b4*q2_0^3*q4_0^2*q5_0*q6_0*b3^3
5317	3,2,0,2,1,1,3	b4^3*q2_0^2*q4_0^2*q5_0*q6_0*b3^3
5318	5,1,0,2,1,1,3	b4^5*q2_0*q4_0^2*q5_0*q6_0*b3^3
5319	7,0,0,2,1,1,3	b4^7*q4_0^2*q5_0*q6_0*b3^3
5320	0,1,3,1,1,1,3	q2_0*q3_0^3*q4_0*q5_0*q6_0*b3^3
5321	2,0,3,1,1,1,3	b4^2*q3_0^3*q4_0*q5_0*q6_0*b3^3
5322	1,2,2,1,1,1,3	b4*q2_0^2*q3_0^2*q4_0*q5_0*q6_0*b3^3
5323	3,1,2,1,1,1,3	b4^3*q2_0*q3_0^2*q4_0*q5_0*q6_0*b3^3
5324	5,0,2,1,1,1,3	b4^5*q3_0^2*q4_0*q5_0*q6_0*b3^3
5325	0,4,1,1,1,1,3	q2_0^4*q3_0*q4_0*q5_0*q6_0*b3^3
5326	2,3,1,1,1,1,3	b4^2*q2_0^3*q3_0*q4_0*q5_0*q6_0*b3^3
5327	4,2,1,1,1,1,3	b4^4*q2_0^2*q3_0*q4_0*q5_0*q6_0*b3^3
5328	6,1,1,1,1,1,3	b4^6*q2_0*q3_0*q4_0*q5_0*q6_0*b3^3
5329	8,0,1,1,1,1,3	b4^8*q3_0*q4_0*q5_0*q6_0*b3^3
5330	1,5,0,1,1,1,3	b4*q2_0^5*q4_0*q5_0*q6_0*b3^3
5331	3,4,0,1,1,1,3	b4^3*q2_0^4*q4_0*q5_0*q6_0*b3^3
5332	5,3,0,1,1,1,3	b4^5*q2_0^3*q4_0*q5_0*q6_0*b3^3
5333	7,2,0,1,1,1,3	b4^7*q2_0^2*q4_0*q5_0*q6_0*b3^3
5334	9,1,0,1,1,1,3	b4^9*q2_0*q4_0*q5_0*q6_0*b3^3
5335	11,0,0,1,1,1,3	b4^11*q4_0*q5_0*q6_0*b3^3
5336	0,0,5,0,1,1,3	q3_0^5*q5_0*q6_0*b3^3
5337	1,1,4,0,1,1,3	b4*q2_0*q3_0^4*q5_0*q6_0*b3^3
5338	3,0,4,0,1,1,3	b4^3*q3_0^4*q5_0*q6_0*b3^3
5339	0,3,3,0,1,1,3	q2_0^3*q3_0^3*q5_0*q6_0*b3^3
5340	2,2,3,0,1,1,3	b4^2*q2_0^2*q3_0^3*q5_0*q6_0*b3^3
5341	4,1,3,0,1,1,3	b4^4*q2_0*q3_0^3*q5_0*q6_0*b3^3
5342	6,0,3,0,1,1,3	b4^6*q3_0^3*q5_0*q6_0*b3^3
5343	1,4,2,0,1,1,3	b4*q2_0^4*q3_0^2*q5_0*q6_0*b3^3
5344	3,3,2,0,1,1,3	b4^3*q2_0^3*q3_0^2*q5_0*q6_0*b3^3
5345	5,2,2,0,1,1,3	b4^5*q2_0^2*q3_0^2*q5_0*q6_0*b3^3
5346	7,1,2,0,1,1,3	b4^7*q2_0*q3_0^2*q5_0*q6_0*b3^3
5347	9,0,2,0,1,1,3	b4^9*q3_0^2*q5_0*q6_0*b3^3
5348	0,6,1,0,1,1,3	q2_0^6*q3_0*q5_0*q6_0*b3^3
5349	2,5,1,0,1,1,3	b4^2*q2_0^5*q3_0*q5_0*q6_0*b3^3
5350	4,4,1,0,1,1,3	b4^4*q2_0^4*q3_0*q5_0*q6_0*b3^3
5351	6,3,1,0,1,1,3	b4^6*q2_0^3*q3_0*q5_0*q6_0*b3^3
5352	8,2,1,0,1,1,3	b4^8*q2_0^2*q3_0*q5_0*q6_0*b3^3
5353	10,1,1,0,1,1,3	b4^10*q2_0*q3_0*q5_0*q6_0*b3^3
5354	12,0,1,0,1,1,3	b4^12*q3_0*q5_0*q6_0*b3^3
5355	1,7,0,0,1,1,3	b4*q2_0^7*q5_0*q6_0*b3^3
5356	3,6,0,0,1,1,3	b4^3*q2_0^6*q5_0*q6_0*b3^3
5357	5,5,0,0,1,1,3	b4^5*q2_0^5*q5_0*q6_0*b3^3
5358	7,4,0,0,1,1,3	b4^7*q2_0^4*q5_0*q6_0*b3^3
5359	9,3,0,0,1,1,3	b4^9*q2_0^3*q5_0*q6_0*b3^3
5360	11,2,0,0,1,1,3	b4^11*q2_0^2*q5_0*q6_0*b3^3
5361	13,1,0,0,1,1,3	b4^13*q2_0*q5_0*q6_0*b3^3
5362	15,0,0,0,1,1,3	b4^15*q5_0*q6_0*b3^3
5363	0,0,0,5,0,1,3	q4_0^5*q6_0*b3^3
5364	1,0,1,4,0,1,3	b4*q3_0*q4_0^4*q6_0*b3^3
5365	0,2,0,4,0,1,3	q2_0^2*q4_0^4*q6_0*b3^3
5366	2,1,0,4,0,1,3	b4^2*q2_0*q4_0^4*q6_0*b3^3
5367	4,0,0,4,0,1,3	b4^4*q4_0^4*q6_0*b3^3
5368	0,1,2,3,0,1,3	q2_0*q3_0^2*q4_0^3*q6_0*b3^3
5369	2,0,2,3,0,1,3	b4^2*q3_0^2*q4_0^3*q6_0*b3^3
5370	1,2,1,3,0,1,3	b4*q2_0^2*q3_0*q4_0^3*q6_0*b3^3
5371	3,1,1,3,0,1,3	b4^3*q2_0*q3_0*q4_0^3*q6_0*b3^3
5372	5,0,1,3,0,1,3	b4^5*q3_0*q4_0^3*q6_0*b3^3
5373	0,4,0,3,0,1,3	q2_0^4*q4_0^3*q6_0*b3^3
5374	2,3,0,3,0,1,3	b4^2*q2_0^3*q4_0^3*q6_0*b3^3
5375	4,2,0,3,0,1,3	b4^4*q2_0^2*q4_0^3*q6_0*b3^3
5376	6,1,0,3,0,1,3	b4^6*q2_0*q4_0^3*q6_0*b3^3
5377	8,0,0,3,0,1,3	b4^8*q4_0^3*q6_0*b3^3
5378	0,0,4,2,0,1,3	q3_0^4*q4_0^2*q6_0*b3^3
5379	1,1,3,2,0,1,3	b4*q2_0*q3_0^3*q4_0^2*q6_0*b3^3
5380	3,0,3,2,0,1,3	b4^3*q3_0^3*q4_0^2*q6_0*b3^3
5381	0,3,2,2,0,1,3	q2_0^3*q3_0^2*q4_0^2*q6_0*b3^3
5382	2,2,2,2,0,1,3	b4^2*q2_0^2*q3_0^2*q4_0^2*q6_0*b3^3
5383	4,1,2,2,0,1,3	b4^4*q2_0*q3_0^2*q4_0^2*q6_0*b3^3
5384	6,0,2,2,0,1,3	b4^6*q3_0^2*q4_0^2*q6_0*b3^3
5385	1,4,1,2,0,1,3	b4*q2_0^4*q3_0*q4_0^2*q6_0*b3^3
5386	3,3,1,2,0,1,3	b4^3*q2_0^3*q3_0*q4_0^2*q6_0*b3^3
5387	5,2,1,2,0,1,3	b4^5*q2_0^2*q3_0*q4_0^2*q6_0*b3^3
5388	7,1,1,2,0,1,3	b4^7*q2_0*q3_0*q4_0^2*q6_0*b3^3
5389	9,0,1,2,0,1,3	b4^9*q3_0*q4_0^2*q6_0*b3^3
5390	0,6,0,2,0,1,3	q2_0^6*q4_0^2*q6_0*b3^3
5391	2,5,0,2,0,1,3	b4^2*q2_0^5*q4_0^2*q6_0*b3^3
5392	4,4,0,2,0,1,3	b4^4*q2_0^4*q4_0^2*q6_0*b3^3
5393	6,3,0,2,0,1,3	b4^6*q2_0^3*q4_0^2*q6_0*b3^3
5394	8,2,0,2,0,1,3	b4^8*q2_0^2*q4_0^2*q6_0*b3^3
5395	10,1,0,2,0,1,3	b4^10*q2_0*q4_0^2*q6_0*b3^3
5396	12,0,0,2,0,1,3	b4^12*q4_0^2*q6_0*b3^3
5397	1,0,5,1,0,1,3	b4*q3_0^5*q4_0*q6_0*b3^3
5398	0,2,4,1,0,1,3	q2_0^2*q3_0^4*q4_0*q6_0*b3^3
5399	2,1,4,1,0,1,3	b4^2*q2_0*q3_0^4*q4_0*q6_0*b3^3
5400	4,0,4,1,0,1,3	b4^4*q3_0^4*q4_0*q6_0*b3^3
5401	1,3,3,1,0,1,3	b4*q2_0^3*q3_0^3*q4_0*q6_0*b3^3
5402	3,2,3,1,0,1,3	b4^3*q2_0^2*q3_0^3*q4_0*q6_0*b3^3
5403	5,1,3,1,0,1,3	b4^5*q2_0*q3_0^3*q4_0*q6_0*b3^3
5404	7,0,3,1,0,1,3	b4^7*q3_0^3*q4_0*q6_0*b3^3
5405	0,5,2,1,0,1,3	q2_0^5*q3_0^2*q4_0*q6_0*b3^3
5406	2,4,2,1,0,1,3	b4^2*q2_0^4*q3_0^2*q4_0*q6_0*b3^3
5407	4,3,2,1,0,1,3	b4^4*q2_0^3*q3_0^2*q4_0*q6_0*b3^3
5408	6,2,2,1,0,1,3	b4^6*q2_0^2*q3_0^2*q4_0*q6_0*b3^3
5409	8,1,2,1,0,1,3	b4^8*q2_0*q3_0^2*q4_0*q6_0*b3^3
5410	10,0,2,1,0,1,3	b4^10*q3_0^2*q4_0*q6_0*b3^3
5411	1,6,1,1,0,1,3	b4*q2_0^6*q3_0*q4_0*q6_0*b3^3
5412	3,5,1,1,0,1,3	b4^3*q2_0^5*q3_0*q4_0*q6_0*b3^3
5413	5,4,1,1,0,1,3	b4^5*q2_0^4*q3_0*q4_0*q6_0*b3^3
5414	7,3,1,1,0,1,3	b4^7*q2_0^3*q3_0*q4_0*q6_0*b3^3
5415	9,2,1,1,0,1,3	b4^9*q2_0^2*q3_0*q4_0*q6_0*b3^3
5416	11,1,1,1,0,1,3	b4^11*q2_0*q3_0*q4_0*q6_0*b3^3
5417	13,0,1,1,0,1,3	b4^13*q3_0*q4_0*q6_0*b3^3
5418	0,8,0,1,0,1,3	q2_0^8*q4_0*q6_0*b3^3
5419	2,7,0,1,0,1,3	b4^2*q2_0^7*q4_0*q6_0*b3^3
5420	4,6,0,1,0,1,3	b4^4*q2_0^6*q4_0*q6_0*b3^3
5421	6,5,0,1,0,1,3	b4^6*q2_0^5*q4_0*q6_0*b3^3
5422	8,4,0,1,0,1,3	b4^8*q2_0^4*q4_0*q6_0*b3^3
5423	10,3,0,1,0,1,3	b4^10*q2_0^3*q4_0*q6_0*b3^3
5424	12,2,0,1,0,1,3	b4^12*q2_0^2*q4_0*q6_0*b3^3
5425	14,1,0,1,0,1,3	b4^14*q2_0*q4_0*q6_0*b3^3
5426	0,1,6,0,0,1,3	q2_0*q3_0^6*q6_0*b3^3
5427	2,0,6,0,0,1,3	b4^2*q3_0^6*q6_0*b3^3
5428	1,2,5,0,0,1,3	b4*q2_0^2*q3_0^5*q6_0*b3^3
5429	3,1,5,0,0,1,3	b4^3*q2_0*q3_0^5*q6_0*b3^3
5430	5,0,5,0,0,1,3	b4^5*q3_0^5*q6_0*b3^3
5431	0,4,4,0,0,1,3	q2_0^4*q3_0^4*q6_0*b3^3
5432	2,3,4,0,0,1,3	b4^2*q2_0^3*q3_0^4*q6_0*b3^3
5433	4,2,4,0,0,1,3	b4^4*q2_0^2*q3_0^4*q6_0*b3^3
5434	6,1,4,0,0,1,3	b4^6*q2_0*q3_0^4*q6_0*b3^3
5435	8,0,4,0,0,1,3	b4^8*q3_0^4*q6_0*b3^3
5436	1,5,3,0,0,1,3	b4*q2_0^5*q3_0^3*q6_0*b3^3
5437	3,4,3,0,0,1,3	b4^3*q2_0^4*q3_0^3*q6_0*b3^3
5438	5,3,3,0,0,1,3	b4^5*q2_0^3*q3_0^3*q6_0*b3^3
5439	7,2,3,0,0,1,3	b4^7*q2_0^2*q3_0^3*q6_0*b3^3
5440	9,1,3,0,0,1,3	b4^9*q2_0*q3_0^3*q6_0*b3^3
5441	11,0,3,0,0,1,3	b4^11*q3_0^3*q6_0*b3^3
5442	0,7,2,0,0,1,3	q2_0^7*q3_0^2*q6_0*b3^3
5443	2,6,2,0,0,1,3	b4^2*q2_0^6*q3_0^2*q6_0*b3^3
5444	4,5,2,0,0,1,3	b4^4*q2_0^5*q3_0^2*q6_0*b3^3
5445	6,4,2,0,0,1,3	b4^6*q2_0^4*q3_0^2*q6_0*b3^3
5446	8,3,2,0,0,1,3	b4^8*q2_0^3*q3_0^2*q6_0*b3^3
5447	10,2,2,0,0,1,3	b4^10*q2_0^2*q3_0^2*q6_0*b3^3
5448	12,1,2,0,0,1,3	b4^12*q2_0*q3_0^2*q6_0*b3^3
5449	14,0,2,0,0,1,3	b4^14*q3_0^2*q6_0*b3^3
5450	1,8,1,0,0,1,3	b4*q2_0^8*q3_0*q6_0*b3^3
5451	3,7,1,0,0,1,3	b4^3*q2_0^7*q3_0*q6_0*b3^3
5452	5,6,1,0,0,1,3	b4^5*q2_0^6*q3_0*q6_0*b3^3
5453	7,5,1,0,0,1,3	b4^7*q2_0^5*q3_0*q6_0*b3^3
5454	9,4,1,0,0,1,3	b4^9*q2_0^4*q3_0*q6_0*b3^3
5455	11,3,1,0,0,1,3	b4^11*q2_0^3*q3_0*q6_0*b3^3
5456	13,2,1,0,0,1,3	b4^13*q2_0^2*q3_0*q6_0*b3^3
5457	0,10,0,0,0,1,3	q2_0^10*q6_0*b3^3
5458	2,9,0,0,0,1,3	b4^2*q2_0^9*q6_0*b3^3
5459	1,0,0,0,5,0,3	b4*q5_0^5*b3^3
5460	0,1,0,1,4,0,3	q2_0*q4_0*q5_0^4*b3^3
5461	2,0,0,1,4,0,3	b4^2*q4_0*q5_0^4*b3^3
5462	0,0,2,0,4,0,3	q3_0^2*q5_0^4*b3^3
5463	1,1,1,0,4,0,3	b4*q2_0*q3_0*q5_0^4*b3^3
5464	3,0,1,0,4,0,3	b4^3*q3_0*q5_0^4*b3^3
5465	0,3,0,0,4,0,3	q2_0^3*q5_0^4*b3^3
5466	2,2,0,0,4,0,3	b4^2*q2_0^2*q5_0^4*b3^3
5467	4,1,0,0,4,0,3	b4^4*q2_0*q5_0^4*b3^3
5468	6,0,0,0,4,0,3	b4^6*q5_0^4*b3^3
5469	0,0,1,2,3,0,3	q3_0*q4_0^2*q5_0^3*b3^3
5470	1,1,0,2,3,0,3	b4*q2_0*q4_0^2*q5_0^3*b3^3
5471	3,0,0,2,3,0,3	b4^3*q4_0^2*q5_0^3*b3^3
5472	1,0,2,1,3,0,3	b4*q3_0^2*q4_0*q5_0^3*b3^3
5473	0,2,1,1,3,0,3	q2_0^2*q3_0*q4_0*q5_0^3*b3^3
5474	2,1,1,1,3,0,3	b4^2*q2_0*q3_0*q4_0*q5_0^3*b3^3
5475	4,0,1,1,3,0,3	b4^4*q3_0*q4_0*q5_0^3*b3^3
5476	1,3,0,1,3,0,3	b4*q2_0^3*q4_0*q5_0^3*b3^3
5477	3,2,0,1,3,0,3	b4^3*q2_0^2*q4_0*q5_0^3*b3^3
5478	5,1,0,1,3,0,3	b4^5*q2_0*q4_0*q5_0^3*b3^3
5479	7,0,0,1,3,0,3	b4^7*q4_0*q5_0^3*b3^3
5480	0,1,3,0,3,0,3	q2_0*q3_0^3*q5_0^3*b3^3
5481	2,0,3,0,3,0,3	b4^2*q3_0^3*q5_0^3*b3^3
5482	1,2,2,0,3,0,3	b4*q2_0^2*q3_0^2*q5_0^3*b3^3
5483	3,1,2,0,3,0,3	b4^3*q2_0*q3_0^2*q5_0^3*b3^3
5484	5,0,2,0,3,0,3	b4^5*q3_0^2*q5_0^3*b3^3
5485	0,4,1,0,3,0,3	q2_0^4*q3_0*q5_0^3*b3^3
5486	2,3,1,0,3,0,3	b4^2*q2_0^3*q3_0*q5_0^3*b3^3
5487	4,2,1,0,3,0,3	b4^4*q2_0^2*q3_0*q5_0^3*b3^3
5488	6,1,1,0,3,0,3	b4^6*q2_0*q3_0*q5_0^3*b3^3
5489	8,0,1,0,3,0,3	b4^8*q3_0*q5_0^3*b3^3
5490	1,5,0,0,3,0,3	b4*q2_0^5*q5_0^3*b3^3
5491	3,4,0,0,3,0,3	b4^3*q2_0^4*q5_0^3*b3^3
5492	5,3,0,0,3,0,3	b4^5*q2_0^3*q5_0^3*b3^3
5493	7,2,0,0,3,0,3	b4^7*q2_0^2*q5_0^3*b3^3
5494	9,1,0,0,3,0,3	b4^9*q2_0*q5_0^3*b3^3
5495	11,0,0,0,3,0,3	b4^11*q5_0^3*b3^3
5496	0,0,0,4,2,0,3	q4_0^4*q5_0^2*b3^3
5497	1,0,1,3,2,0,3	b4*q3_0*q4_0^3*q5_0^2*b3^3
5498	0,2,0,3,2,0,3	q2_0^2*q4_0^3*q5_0^2*b3^3
5499	2,1,0,3,2,0,3	b4^2*q2_0*q4_0^3*q5_0^2*b3^3
5500	4,0,0,3,2,0,3	b4^4*q4_0^3*q5_0^2*b3^3
5501	0,1,2,2,2,0,3	q2_0*q3_0^2*q4_0^2*q5_0^2*b3^3
5502	2,0,2,2,2,0,3	b4^2*q3_0^2*q4_0^2*q5_0^2*b3^3
5503	1,2,1,2,2,0,3	b4*q2_0^2*q3_0*q4_0^2*q5_0^2*b3^3
5504	3,1,1,2,2,0,3	b4^3*q2_0*q3_0*q4_0^2*q5_0^2*b3^3
5505	5,0,1,2,2,0,3	b4^5*q3_0*q4_0^2*q5_0^2*b3^3
5506	0,4,0,2,2,0,3	q2_0^4*q4_0^2*q5_0^2*b3^3
5507	2,3,0,2,2,0,3	b4^2*q2_0^3*q4_0^2*q5_0^2*b3^3
5508	4,2,0,2,2,0,3	b4^4*q2_0^2*q4_0^2*q5_0^2*b3^3
5509	6,1,0,2,2,0,3	b4^6*q2_0*q4_0^2*q5_0^2*b3^3
5510	8,0,0,2,2,0,3	b4^8*q4_0^2*q5_0^2*b3^3
5511	0,0,4,1,2,0,3	q3_0^4*q4_0*q5_0^2*b3^3
5512	1,1,3,1,2,0,3	b4*q2_0*q3_0^3*q4_0*q5_0^2*b3^3
5513	3,0,3,1,2,0,3	b4^3*q3_0^3*q4_0*q5_0^2*b3^3
5514	0,3,2,1,2,0,3	q2_0^3*q3_0^2*q4_0*q5_0^2*b3^3
5515	2,2,2,1,2,0,3	b4^2*q2_0^2*q3_0^2*q4_0*q5_0^2*b3^3
5516	4,1,2,1,2,0,3	b4^4*q2_0*q3_0^2*q4_0*q5_0^2*b3^3
5517	6,0,2,1,2,0,3	b4^6*q3_0^2*q4_0*q5_0^2*b3^3
5518	1,4,1,1,2,0,3	b4*q2_0^4*q3_0*q4_0*q5_0^2*b3^3
5519	3,3,1,1,2,0,3	b4^3*q2_0^3*q3_0*q4_0*q5_0^2*b3^3
5520	5,2,1,1,2,0,3	b4^5*q2_0^2*q3_0*q4_0*q5_0^2*b3^3
5521	7,1,1,1,2,0,3	b4^7*q2_0*q3_0*q4_0*q5_0^2*b3^3
5522	9,0,1,1,2,0,3	b4^9*q3_0*q4_0*q5_0^2*b3^3
5523	0,6,0,1,2,0,3	q2_0^6*q4_0*q5_0^2*b3^3
5524	2,5,0,1,2,0,3	b4^2*q2_0^5*q4_0*q5_0^2*b3^3
5525	0,2,4,0,2,0,3	q2_0^2*q3_0^4*q5_0^2*b3^3
5526	0,5,2,0,2,0,3	q2_0^5*q3_0^2*q5_0^2*b3^3
5527	0,8,0,0,2,0,3	q2_0^8*q5_0^2*b3^3
5528	0,1,1,4,1,0,3	q2_0*q3_0*q4_0^4*q5_0*b3^3
5529	0,0,3,3,1,0,3	q3_0^3*q4_0^3*q5_0*b3^3
5530	0,3,1,3,1,0,3	q2_0^3*q3_0*q4_0^3*q5_0*b3^3
5531	0,2,3,2,1,0,3	q2_0^2*q3_0^3*q4_0^2*q5_0*b3^3
5532	0,5,1,2,1,0,3	q2_0^5*q3_0*q4_0^2*q5_0*b3^3
5533	0,1,5,1,1,0,3	q2_0*q3_0^5*q4_0*q5_0*b3^3
5534	0,4,3,1,1,0,3	q2_0^4*q3_0^3*q4_0*q5_0*b3^3
5535	0,7,1,1,1,0,3	q2_0^7*q3_0*q4_0*q5_0*b3^3
5536	0,0,7,0,1,0,3	q3_0^7*q5_0*b3^3
5537	0,3,5,0,1,0,3	q2_0^3*q3_0^5*q5_0*b3^3
5538	0,6,3,0,1,0,3	q2_0^6*q3_0^3*q5_0*b3^3
5539	0,9,1,0,1,0,3	q2_0^9*q3_0*q5_0*b3^3
5540	0,1,0,6,0,0,3	q2_0*q4_0^6*b3^3
5541	0,0,2,5,0,0,3	q3_0^2*q4_0^5*b3^3
5542	0,3,0,5,0,0,3	q2_0^3*q4_0^5*b3^3
5543	0,2,2,4,0,0,3	q2_0^2*q3_0^2*q4_0^4*b3^3
5544	0,5,0,4,0,0,3	q2_0^5*q4_0^4*b3^3
5545	0,1,4,3,0,0,3	q2_0*q3_0^4*q4_0^3*b3^3
5546	0,4,2,3,0,0,3	q2_0^4*q3_0^2*q4_0^3*b3^3
5547	0,7,0,3,0,0,3	q2_0^7*q4_0^3*b3^3
5548	0,0,6,2,0,0,3	q3_0^6*q4_0^2*b3^3
5549	0,3,4,2,0,0,3	q2_0^3*q3_0^4*q4_0^2*b3^3
5550	0,6,2,2,0,0,3	q2_0^6*q3_0^2*q4_0^2*b3^3
5551	0,9,0,2,0,0,3	q2_0^9*q4_0^2*b3^3
5552	0,2,6,1,0,0,3	q2_0^2*q3_0^6*q4_0*b3^3
5553	0,5,4,1,0,0,3	q2_0^5*q3_0^4*q4_0*b3^3
5554	0,8,2,1,0,0,3	q2_0^8*q3_0^2*q4_0*b3^3
5555	0,1,8,0,0,0,3	q2_0*q3_0^8*b3^3
5556	0,0,0,1,0,5,2	q4_0*q6_0^5*b3^2
5557	0,2,0,0,0,5,2	q2_0^2*q6_0^5*b3^2
5558	0,0,0,0,2,4,2	q5_0^2*q6_0^4*b3^2
5559	0,1,1,0,1,4,2	q2_0*q3_0*q5_0*q6_0^4*b3^2
5560	0,1,0,2,0,4,2	q2_0*q4_0^2*q6_0^4*b3^2
5561	0,0,2,1,0,4,2	q3_0^2*q4_0*q6_0^4*b3^2
5562	0,3,0,1,0,4,2	q2_0^3*q4_0*q6_0^4*b3^2
5563	0,2,2,0,0,4,2	q2_0^2*q3_0^2*q6_0^4*b3^2
5564	0,5,0,0,0,4,2	q2_0^5*q6_0^4*b3^2
5565	0,1,0,1,2,3,2	q2_0*q4_0*q5_0^2*q6_0^3*b3^2
5566	0,0,2,0,2,3,2	q3_0^2*q5_0^2*q6_0^3*b3^2
5567	0,3,0,0,2,3,2	q2_0^3*q5_0^2*q6_0^3*b3^2
5568	0,0,1,2,1,3,2	q3_0*q4_0^2*q5_0*q6_0^3*b3^2
5569	0,2,1,1,1,3,2	q2_0^2*q3_0*q4_0*q5_0*q6_0^3*b3^2
5570	0,1,3,0,1,3,2	q2_0*q3_0^3*q5_0*q6_0^3*b3^2
5571	0,4,1,0,1,3,2	q2_0^4*q3_0*q5_0*q6_0^3*b3^2
5572	0,0,0,4,0,3,2	q4_0^4*q6_0^3*b3^2
5573	0,2,0,3,0,3,2	q2_0^2*q4_0^3*q6_0^3*b3^2
5574	0,1,2,2,0,3,2	q2_0*q3_0^2*q4_0^2*q6_0^3*b3^2
5575	0,4,0,2,0,3,2	q2_0^4*q4_0^2*q6_0^3*b3^2
5576	0,0,4,1,0,3,2	q3_0^4*q4_0*q6_0^3*b3^2
5577	0,3,2,1,0,3,2	q2_0^3*q3_0^2*q4_0*q6_0^3*b3^2
5578	0,6,0,1,0,3,2	q2_0^6*q4_0*q6_0^3*b3^2
5579	0,2,4,0,0,3,2	q2_0^2*q3_0^4*q6_0^3*b3^2
5580	0,5,2,0,0,3,2	q2_0^5*q3_0^2*q6_0^3*b3^2
5581	0,8,0,0,0,3,2	q2_0^8*q6_0^3*b3^2
5582	0,1,0,0,4,2,2	q2_0*q5_0^4*q6_0^2*b3^2
5583	0,0,1,1,3,2,2	q3_0*q4_0*q5_0^3*q6_0^2*b3^2
5584	0,2,1,0,3,2,2	q2_0^2*q3_0*q5_0^3*q6_0^2*b3^2
5585	0,0,0,3,2,2,2	q4_0^3*q5_0^2*q6_0^2*b3^2
5586	0,2,0,2,2,2,2	q2_0^2*q4_0^2*q5_0^2*q6_0^2*b3^2
5587	0,1,2,1,2,2,2	q2_0*q3_0^2*q4_0*q5_0^2*q6_0^2*b3^2
5588	0,4,0,1,2,2,2	q2_0^4*q4_0*q5_0^2*q6_0^2*b3^2
5589	0,0,4,0,2,2,2	q3_0^4*q5_0^2*q6_0^2*b3^2
5590	0,3,2,0,2,2,2	q2_0^3*q3_0^2*q5_0^2*q6_0^2*b3^2
5591	0,6,0,0,2,2,2	q2_0^6*q5_0^2*q6_0^2*b3^2
5592	0,1,1,3,1,2,2	q2_0*q3_0*q4_0^3*q5_0*q6_0^2*b3^2
5593	0,0,3,2,1,2,2	q3_0^3*q4_0^2*q5_0*q6_0^2*b3^2
5594	0,3,1,2,1,2,2	q2_0^3*q3_0*q4_0^2*q5_0*q6_0^2*b3^2
5595	0,2,3,1,1,2,2	q2_0^2*q3_0^3*q4_0*q5_0*q6_0^2*b3^2
5596	0,5,1,1,1,2,2	q2_0^5*q3_0*q4_0*q5_0*q6_0^2*b3^2
5597	0,1,5,0,1,2,2	q2_0*q3_0^5*q5_0*q6_0^2*b3^2
5598	0,4,3,0,1,2,2	q2_0^4*q3_0^3*q5_0*q6_0^2*b3^2
5599	0,7,1,0,1,2,2	q2_0^7*q3_0*q5_0*q6_0^2*b3^2
5600	0,1,0,5,0,2,2	q2_0*q4_0^5*q6_0^2*b3^2
5601	0,0,2,4,0,2,2	q3_0^2*q4_0^4*q6_0^2*b3^2
5602	0,3,0,4,0,2,2	q2_0^3*q4_0^4*q6_0^2*b3^2
5603	0,2,2,3,0,2,2	q2_0^2*q3_0^2*q4_0^3*q6_0^2*b3^2
5604	0,5,0,3,0,2,2	q2_0^5*q4_0^3*q6_0^2*b3^2
5605	0,1,4,2,0,2,2	q2_0*q3_0^4*q4_0^2*q6_0^2*b3^2
5606	0,4,2,2,0,2,2	q2_0^4*q3_0^2*q4_0^2*q6_0^2*b3^2
5607	0,7,0,2,0,2,2	q2_0^7*q4_0^2*q6_0^2*b3^2
5608	0,0,6,1,0,2,2	q3_0^6*q4_0*q6_0^2*b3^2
5609	0,3,4,1,0,2,2	q2_0^3*q3_0^4*q4_0*q6_0^2*b3^2
5610	0,6,2,1,0,2,2	q2_0^6*q3_0^2*q4_0*q6_0^2*b3^2
5611	0,9,0,1,0,2,2	q2_0^9*q4_0*q6_0^2*b3^2
5612	0,2,6,0,0,2,2	q2_0^2*q3_0^6*q6_0^2*b3^2
5613	0,5,4,0,0,2,2	q2_0^5*q3_0^4*q6_0^2*b3^2
5614	0,8,2,0,0,2,2	q2_0^8*q3_0^2*q6_0^2*b3^2
5615	0,0,1,0,5,1,2	q3_0*q5_0^5*q6_0*b3^2
5616	0,0,0,2,4,1,2	q4_0^2*q5_0^4*q6_0*b3^2
5617	0,2,0,1,4,1,2	q2_0^2*q4_0*q5_0^4*q6_0*b3^2
5618	0,1,2,0,4,1,2	q2_0*q3_0^2*q5_0^4*q6_0*b3^2
5619	0,4,0,0,4,1,2	q2_0^4*q5_0^4*q6_0*b3^2
5620	0,1,1,2,3,1,2	q2_0*q3_0*q4_0^2*q5_0^3*q6_0*b3^2
5621	0,0,3,1,3,1,2	q3_0^3*q4_0*q5_0^3*q6_0*b3^2
5622	0,0,2,3,2,1,2	q3_0^2*q4_0^3*q5_0^2*q6_0*b3^2
5623	0,0,6,0,2,1,2	q3_0^6*q5_0^2*q6_0*b3^2
5624	0,0,1,5,1,1,2	q3_0*q4_0^5*q5_0*q6_0*b3^2
5625	0,0,5,2,1,1,2	q3_0^5*q4_0^2*q5_0*q6_0*b3^2
5626	0,0,0,7,0,1,2	q4_0^7*q6_0*b3^2
5627	0,0,4,4,0,1,2	q3_0^4*q4_0^4*q6_0*b3^2
5628	0,0,0,1,6,0,2	q4_0*q5_0^6*b3^2
5629	0,0,3,0,5,0,2	q3_0^3*q5_0^5*b3^2
5630	0,0,2,2,4,0,2	q3_0^2*q4_0^2*q5_0^4*b3^2
5631	0,0,1,4,3,0,2	q3_0*q4_0^4*q5_0^3*b3^2
5632	0,0,5,1,3,0,2	q3_0^5*q4_0*q5_0^3*b3^2
5633	0,0,0,6,2,0,2	q4_0^6*q5_0^2*b3^2
5634	0,0,4,3,2,0,2	q3_0^4*q4_0^3*q5_0^2*b3^2
5635	0,0,8,0,2,0,2	q3_0^8*q5_0^2*b3^2
5636	0,0,0,0,0,7,1	q6_0^7*b3
5637	0,0,0,3,0,5,1	q4_0^3*q6_0^5*b3
5638	0,0,0,2,2,4,1	q4_0^2*q5_0^2*q6_0^4*b3
5639	0,0,0,1,4,3,1	q4_0*q5_0^4*q6_0^3*b3
5640	0,0,0,6,0,3,1	q4_0^6*q6_0^3*b3
5641	0,0,1,0,0,0,6	q3_0*b3^6
5642	0,0,0,0,1,1,5	q5_0*q6_0*b3^5
5643	0,1,1,0,0,1,5	q2_0*q3_0*q6_0*b3^5
5644	0,1,0,1,1,0,5	q2_0*q4_0*q5_0*b3^5
5645	0,0,2,0,1,0,5	q3_0^2*q5_0*b3^5
5646	0,3,0,0,1,0,5	q2_0^3*q5_0*b3^5
5647	0,0,1,2,0,0,5	q3_0*q4_0^2*b3^5
5648	0,2,1,1,0,0,5	q2_0^2*q3_0*q4_0*b3^5
5649	0,1,3,0,0,0,5	q2_0*q3_0^3*b3^5
5650	0,4,1,0,0,0,5	q2_0^4*q3_0*b3^5
5651	0,1,0,0,1,2,4	q2_0*q5_0*q6_0^2*b3^4
5652	0,0,1,1,0,2,4	q3_0*q4_0*q6_0^2*b3^4
5653	0,2,1,0,0,2,4	q2_0^2*q3_0*q6_0^2*b3^4
5654	0,0,1,0,2,1,4	q3_0*q5_0^2*q6_0*b3^4
5655	0,0,0,2,1,1,4	q4_0^2*q5_0*q6_0*b3^4
5656	0,2,0,1,1,1,4	q2_0^2*q4_0*q5_0*q6_0*b3^4
5657	0,1,2,0,1,1,4	q2_0*q3_0^2*q5_0*q6_0*b3^4
5658	0,4,0,0,1,1,4	q2_0^4*q5_0*q6_0*b3^4
5659	0,1,1,2,0,1,4	q2_0*q3_0*q4_0^2*q6_0*b3^4
5660	0,0,3,1,0,1,4	q3_0^3*q4_0*q6_0*b3^4
5661	0,3,1,1,0,1,4	q2_0^3*q3_0*q4_0*q6_0*b3^4
5662	0,2,3,0,0,1,4	q2_0^2*q3_0^3*q6_0*b3^4
5663	0,5,1,0,0,1,4	q2_0^5*q3_0*q6_0*b3^4
5664	0,0,0,1,3,0,4	q4_0*q5_0^3*b3^4
5665	0,2,0,0,3,0,4	q2_0^2*q5_0^3*b3^4
5666	0,1,1,1,2,0,4	q2_0*q3_0*q4_0*q5_0^2*b3^4
5667	0,0,3,0,2,0,4	q3_0^3*q5_0^2*b3^4
5668	0,3,1,0,2,0,4	q2_0^3*q3_0*q5_0^2*b3^4
5669	0,1,0,3,1,0,4	q2_0*q4_0^3*q5_0*b3^4
5670	0,0,2,2,1,0,4	q3_0^2*q4_0^2*q5_0*b3^4
5671	0,3,0,2,1,0,4	q2_0^3*q4_0^2*q5_0*b3^4
5672	0,2,2,1,1,0,4	q2_0^2*q3_0^2*q4_0*q5_0*b3^4
5673	0,5,0,1,1,0,4	q2_0^5*q4_0*q5_0*b3^4
5674	0,1,4,0,1,0,4	q2_0*q3_0^4*q5_0*b3^4
5675	0,4,2,0,1,0,4	q2_0^4*q3_0^2*q5_0*b3^4
5676	0,7,0,0,1,0,4	q2_0^7*q5_0*b3^4
5677	0,0,1,4,0,0,4	q3_0*q4_0^4*b3^4
5678	0,2,1,3,0,0,4	q2_0^2*q3_0*q4_0^3*b3^4
5679	0,1,3,2,0,0,4	q2_0*q3_0^3*q4_0^2*b3^4
5680	0,4,1,2,0,0,4	q2_0^4*q3_0*q4_0^2*b3^4
5681	0,0,5,1,0,0,4	q3_0^5*q4_0*b3^4
5682	0,3,3,1,0,0,4	q2_0^3*q3_0^3*q4_0*b3^4
5683	0,6,1,1,0,0,4	q2_0^6*q3_0*q4_0*b3^4
5684	0,2,5,0,0,0,4	q2_0^2*q3_0^5*b3^4
5685	0,5,3,0,0,0,4	q2_0^5*q3_0^3*b3^4
5686	0,8,1,0,0,0,4	q2_0^8*q3_0*b3^4
5687	0,0,1,0,0,4,3	q3_0*q6_0^4*b3^3
5688	0,0,0,1,1,3,3	q4_0*q5_0*q6_0^3*b3^3
5689	0,2,0,0,1,3,3	q2_0^2*q5_0*q6_0^3*b3^3
5690	0,1,1,1,0,3,3	q2_0*q3_0*q4_0*q6_0^3*b3^3
5691	0,0,3,0,0,3,3	q3_0^3*q6_0^3*b3^3
5692	0,3,1,0,0,3,3	q2_0^3*q3_0*q6_0^3*b3^3
5693	0,0,0,0,3,2,3	q5_0^3*q6_0^2*b3^3
5694	0,1,1,0,2,2,3	q2_0*q3_0*q5_0^2*q6_0^2*b3^3
5695	0,1,0,2,1,2,3	q2_0*q4_0^2*q5_0*q6_0^2*b3^3
5696	0,0,2,1,1,2,3	q3_0^2*q4_0*q5_0*q6_0^2*b3^3
5697	0,3,0,1,1,2,3	q2_0^3*q4_0*q5_0*q6_0^2*b3^3
5698	0,2,2,0,1,2,3	q2_0^2*q3_0^2*q5_0*q6_0^2*b3^3
5699	0,5,0,0,1,2,3	q2_0^5*q5_0*q6_0^2*b3^3
5700	0,0,1,3,0,2,3	q3_0*q4_0^3*q6_0^2*b3^3
5701	0,2,1,2,0,2,3	q2_0^2*q3_0*q4_0^2*q6_0^2*b3^3
5702	0,1,3,1,0,2,3	q2_0*q3_0^3*q4_0*q6_0^2*b3^3
5703	0,4,1,1,0,2,3	q2_0^4*q3_0*q4_0*q6_0^2*b3^3
5704	0,0,5,0,0,2,3	q3_0^5*q6_0^2*b3^3
5705	0,3,3,0,0,2,3	q2_0^3*q3_0^3*q6_0^2*b3^3
5706	0,6,1,0,0,2,3	q2_0^6*q3_0*q6_0^2*b3^3
5707	0,1,0,1,3,1,3	q2_0*q4_0*q5_0^3*q6_0*b3^3
5708	0,0,2,0,3,1,3	q3_0^2*q5_0^3*q6_0*b3^3
5709	0,3,0,0,3,1,3	q2_0^3*q5_0^3*q6_0*b3^3
5710	0,0,1,2,2,1,3	q3_0*q4_0^2*q5_0^2*q6_0*b3^3
5711	0,2,1,1,2,1,3	q2_0^2*q3_0*q4_0*q5_0^2*q6_0*b3^3
5712	0,1,3,0,2,1,3	q2_0*q3_0^3*q5_0^2*q6_0*b3^3
5713	0,4,1,0,2,1,3	q2_0^4*q3_0*q5_0^2*q6_0*b3^3
5714	0,0,0,4,1,1,3	q4_0^4*q5_0*q6_0*b3^3
5715	0,2,0,3,1,1,3	q2_0^2*q4_0^3*q5_0*q6_0*b3^3
5716	0,1,2,2,1,1,3	q2_0*q3_0^2*q4_0^2*q5_0*q6_0*b3^3
5717	0,4,0,2,1,1,3	q2_0^4*q4_0^2*q5_0*q6_0*b3^3
5718	0,0,4,1,1,1,3	q3_0^4*q4_0*q5_0*q6_0*b3^3
5719	0,3,2,1,1,1,3	q2_0^3*q3_0^2*q4_0*q5_0*q6_0*b3^3
5720	0,6,0,1,1,1,3	q2_0^6*q4_0*q5_0*q6_0*b3^3
5721	0,2,4,0,1,1,3	q2_0^2*q3_0^4*q5_0*q6_0*b3^3
5722	0,5,2,0,1,1,3	q2_0^5*q3_0^2*q5_0*q6_0*b3^3
5723	0,8,0,0,1,1,3	q2_0^8*q5_0*q6_0*b3^3
5724	0,1,1,4,0,1,3	q2_0*q3_0*q4_0^4*q6_0*b3^3
5725	0,0,3,3,0,1,3	q3_0^3*q4_0^3*q6_0*b3^3
5726	0,3,1,3,0,1,3	q2_0^3*q3_0*q4_0^3*q6_0*b3^3
5727	0,2,3,2,0,1,3	q2_0^2*q3_0^3*q4_0^2*q6_0*b3^3
5728	0,5,1,2,0,1,3	q2_0^5*q3_0*q4_0^2*q6_0*b3^3
5729	0,1,5,1,0,1,3	q2_0*q3_0^5*q4_0*q6_0*b3^3
5730	0,4,3,1,0,1,3	q2_0^4*q3_0^3*q4_0*q6_0*b3^3
5731	0,7,1,1,0,1,3	q2_0^7*q3_0*q4_0*q6_0*b3^3
5732	0,0,7,0,0,1,3	q3_0^7*q6_0*b3^3
5733	0,3,5,0,0,1,3	q2_0^3*q3_0^5*q6_0*b3^3
5734	0,6,3,0,0,1,3	q2_0^6*q3_0^3*q6_0*b3^3
5735	0,9,1,0,0,1,3	q2_0^9*q3_0*q6_0*b3^3
5736	0,1,0,0,5,0,3	q2_0*q5_0^5*b3^3
5737	0,0,1,1,4,0,3	q3_0*q4_0*q5_0^4*b3^3
5738	0,2,1,0,4,0,3	q2_0^2*q3_0*q5_0^4*b3^3
5739	0,0,0,3,3,0,3	q4_0^3*q5_0^3*b3^3
5740	0,2,0,2,3,0,3	q2_0^2*q4_0^2*q5_0^3*b3^3
5741	0,1,2,1,3,0,3	q2_0*q3_0^2*q4_0*q5_0^3*b3^3
5742	0,4,0,1,3,0,3	q2_0^4*q4_0*q5_0^3*b3^3
5743	0,0,4,0,3,0,3	q3_0^4*q5_0^3*b3^3
5744	0,3,2,0,3,0,3	q2_0^3*q3_0^2*q5_0^3*b3^3
5745	0,6,0,0,3,0,3	q2_0^6*q5_0^3*b3^3
5746	0,1,1,3,2,0,3	q2_0*q3_0*q4_0^3*q5_0^2*b3^3
5747	0,0,3,2,2,0,3	q3_0^3*q4_0^2*q5_0^2*b3^3
5748	0,3,1,2,2,0,3	q2_0^3*q3_0*q4_0^2*q5_0^2*b3^3
5749	0,2,3,1,2,0,3	q2_0^2*q3_0^3*q4_0*q5_0^2*b3^3
5750	0,5,1,1,2,0,3	q2_0^5*q3_0*q4_0*q5_0^2*b3^3
5751	0,0,2,4,1,0,3	q3_0^2*q4_0^4*q5_0*b3^3
5752	0,0,6,1,1,0,3	q3_0^6*q4_0*q5_0*b3^3
5753	0,0,1,6,0,0,3	q3_0*q4_0^6*b3^3
5754	0,0,5,3,0,0,3	q3_0^5*q4_0^3*b3^3
5755	0,0,0,0,1,5,2	q5_0*q6_0^5*b3^2
5756	0,0,2,0,1,4,2	q3_0^2*q5_0*q6_0^4*b3^2
5757	0,0,1,2,0,4,2	q3_0*q4_0^2*q6_0^4*b3^2
5758	0,0,1,1,2,3,2	q3_0*q4_0*q5_0^2*q6_0^3*b3^2
5759	0,0,0,3,1,3,2	q4_0^3*q5_0*q6_0^3*b3^2
5760	0,0,4,0,1,3,2	q3_0^4*q5_0*q6_0^3*b3^2
5761	0,0,3,2,0,3,2	q3_0^3*q4_0^2*q6_0^3*b3^2
5762	0,0,1,0,4,2,2	q3_0*q5_0^4*q6_0^2*b3^2
5763	0,0,0,2,3,2,2	q4_0^2*q5_0^3*q6_0^2*b3^2
5764	0,0,3,1,2,2,2	q3_0^3*q4_0*q5_0^2*q6_0^2*b3^2
5765	0,0,2,3,1,2,2	q3_0^2*q4_0^3*q5_0*q6_0^2*b3^2
5766	0,0,6,0,1,2,2	q3_0^6*q5_0*q6_0^2*b3^2
5767	0,0,1,5,0,2,2	q3_0*q4_0^5*q6_0^2*b3^2
5768	0,0,5,2,0,2,2	q3_0^5*q4_0^2*q6_0^2*b3^2
5769	0,0,0,1,5,1,2	q4_0*q5_0^5*q6_0*b3^2
5770	0,0,3,0,4,1,2	q3_0^3*q5_0^4*q6_0*b3^2
5771	0,0,2,2,3,1,2	q3_0^2*q4_0^2*q5_0^3*q6_0*b3^2
5772	0,0,0,6,1,1,2	q4_0^6*q5_0*q6_0*b3^2
5773	0,0,0,0,7,0,2	q5_0^7*b3^2
5774	0,0,0,5,3,0,2	q4_0^5*q5_0^3*b3^2
5775	0,0,0,1,0,0,6	q4_0*b3^6
5776	0,0,0,0,0,2,5	q6_0^2*b3^5
5777	0,0,2,0,0,1,5	q3_0^2*q6_0*b3^5
5778	0,0,1,1,1,0,5	q3_0*q4_0*q5_0*b3^5
5779	0,0,0,3,0,0,5	q4_0^3*b3^5
5780	0,0,4,0,0,0,5	q3_0^4*b3^5
5781	0,0,1,0,1,2,4	q3_0*q5_0*q6_0^2*b3^4
5782	0,0,0,2,0,2,4	q4_0^2*q6_0^2*b3^4
5783	0,0,0,1,2,1,4	q4_0*q5_0^2*q6_0*b3^4
5784	0,0,3,0,1,1,4	q3_0^3*q5_0*q6_0*b3^4
5785	0,0,2,2,0,1,4	q3_0^2*q4_0^2*q6_0*b3^4
5786	0,0,0,0,4,0,4	q5_0^4*b3^4
5787	0,0,2,1,2,0,4	q3_0^2*q4_0*q5_0^2*b3^4
5788	0,0,1,3,1,0,4	q3_0*q4_0^3*q5_0*b3^4
5789	0,0,5,0,1,0,4	q3_0^5*q5_0*b3^4
5790	0,0,0,5,0,0,4	q4_0^5*b3^4
5791	0,0,4,2,0,0,4	q3_0^4*q4_0^2*b3^4
5792	0,0,0,1,0,4,3	q4_0*q6_0^4*b3^3
5793	0,0,0,0,2,3,3	q5_0^2*q6_0^3*b3^3
5794	0,0,2,1,0,3,3	q3_0^2*q4_0*q6_0^3*b3^3
5795	0,0,2,0,2,2,3	q3_0^2*q5_0^2*q6_0^2*b3^3
5796	0,0,1,2,1,2,3	q3_0*q4_0^2*q5_0*q6_0^2*b3^3
5797	0,0,0,4,0,2,3	q4_0^4*q6_0^2*b3^3
5798	0,0,4,1,0,2,3	q3_0^4*q4_0*q6_0^2*b3^3
5799	0,0,1,1,3,1,3	q3_0*q4_0*q5_0^3*q6_0*b3^3
5800	0,0,0,3,2,1,3	q4_0^3*q5_0^2*q6_0*b3^3
5801	0,0,4,0,2,1,3	q3_0^4*q5_0^2*q6_0*b3^3
5802	0,0,3,2,1,1,3	q3_0^3*q4_0^2*q5_0*q6_0*b3^3
5803	0,0,2,4,0,1,3	q3_0^2*q4_0^4*q6_0*b3^3
5804	0,0,6,1,0,1,3	q3_0^6*q4_0*q6_0*b3^3
5805	0,0,1,0,5,0,3	q3_0*q5_0^5*b3^3
5806	0,0,0,2,4,0,3	q4_0^2*q5_0^4*b3^3
5807	0,0,3,1,3,0,3	q3_0^3*q4_0*q5_0^3*b3^3
5808	0,0,2,3,2,0,3	q3_0^2*q4_0^3*q5_0^2*b3^3
5809	0,0,0,7,0,0,3	q4_0^7*b3^3
5810	0,0,0,0,0,6,2	q6_0^6*b3^2
5811	0,0,0,3,0,4,2	q4_0^3*q6_0^4*b3^2
5812	0,0,0,2,2,3,2	q4_0^2*q5_0^2*q6_0^3*b3^2
5813	0,0,0,1,4,2,2	q4_0*q5_0^4*q6_0^2*b3^2
5814	0,0,0,6,0,2,2	q4_0^6*q6_0^2*b3^2
5815	0,0,0,0,6,1,2	q5_0^6*q6_0*b3^2
5816	0,0,0,0,1,0,6	q5_0*b3^6
5817	0,0,0,2,1,0,5	q4_0^2*q5_0*b3^5
5818	0,0,0,1,1,2,4	q4_0*q5_0*q6_0^2*b3^4
5819	0,0,0,0,3,1,4	q5_0^3*q6_0*b3^4
5820	0,0,0,4,1,0,4	q4_0^4*q5_0*b3^4
5821	0,0,0,0,1,4,3	q5_0*q6_0^4*b3^3
5822	0,0,0,3,1,2,3	q4_0^3*q5_0*q6_0^2*b3^3
5823	0,0,0,2,3,1,3	q4_0^2*q5_0^3*q6_0*b3^3
5824	0,0,0,1,5,0,3	q4_0*q5_0^5*b3^3
5825	0,0,0,0,5,2,2	q5_0^5*q6_0^2*b3^2
5826	0,0,0,0,0,1,6	q6_0*b3^6
5827	0,0,0,0,2,2,4	q5_0^2*q6_0^2*b3^4
5828	0,0,0,0,0,5,3	q6_0^5*b3^3
5829	0,0,0,0,6,0,3	q5_0^6*b3^3
5830	0,0,0,0,0,0,7	b3^7
