row|col|normal_form
1|fixture
2|fixture
3|fixture
4|fixture
5|fixture
6|fixture
7|fixture
8|fixture
9|fixture
10|fixture
11|fixture
12|fixture
13|fixture
14|fixture
15|fixture
16|fixture
17|fixture
18|fixture
19|fixture
20|fixture
21|fixture
22|fixture
23|fixture
24|fixture
25|fixture
26|fixture
27|fixture
28|fixture
29|fixture
30|fixture
31|fixture
32|fixture
33|fixture
34|fixture
35|fixture
36|fixture
37|fixture
38|fixture
39|fixture
40|fixture
41|fixture
42|fixture
43|fixture
44|fixture
45|fixture
46|fixture
47|fixture
48|fixture
49|fixture
50|fixture
51|fixture
52|fixture
53|fixture
54|fixture
55|fixture
56|fixture
57|fixture
58|fixture
59|fixture
60|fixture
61|fixture
62|fixture
63|fixture
64|fixture
65|fixture
66|fixture
67|fixture
68|fixture
69|fixture
70|fixture
71|fixture
72|fixture
73|fixture
74|fixture
75|fixture
76|fixture
77|fixture
78|fixture
79|fixture
80|fixture
81|fixture
82|fixture
83|fixture
84|fixture
85|fixture
86|fixture
87|fixture
88|fixture
89|fixture
90|fixture
91|fixture
92|fixture
93|fixture
94|fixture
95|fixture
96|fixture
97|fixture
98|fixture
99|fixture
100|fixture
101|fixture
102|fixture
103|fixture
104|fixture
105|fixture
106|fixture
107|fixture
108|fixture
109|fixture
110|fixture
111|fixture
112|fixture
113|fixture
114|fixture
115|fixture
116|fixture
117|fixture
118|fixture
119|fixture
120|fixture
121|fixture
122|fixture
123|fixture
124|fixture
125|fixture
126|fixture
127|fixture
128|fixture
129|fixture
130|fixture
131|fixture
132|fixture
133|fixture
134|fixture
135|fixture
136|fixture
137|fixture
138|fixture
139|fixture
140|fixture
141|fixture
142|fixture
143|fixture
144|fixture
145|fixture
146|fixture
147|fixture
148|fixture
149|fixture
150|fixture
151|fixture
152|fixture
153|fixture
154|fixture
155|fixture
156|fixture
157|fixture
158|fixture
159|fixture
160|fixture
161|fixture
162|fixture
163|fixture
164|fixture
165|fixture
166|fixture
167|fixture
168|fixture
169|fixture
170|fixture
171|fixture
172|fixture
173|fixture
174|fixture
175|fixture
176|fixture
177|fixture
178|fixture
179|fixture
180|fixture
181|fixture
182|fixture
183|fixture
184|fixture
185|fixture
186|fixture
187|fixture
188|fixture
189|fixture
190|fixture
191|fixture
192|fixture
193|fixture
194|fixture
195|fixture
196|fixture
197|fixture
198|fixture
199|fixture
200|fixture
201|fixture
202|fixture
203|fixture
204|fixture
205|fixture
206|fixture
207|fixture
208|fixture
209|fixture
210|fixture
211|fixture
212|fixture
213|fixture
214|fixture
215|fixture
216|fixture
217|fixture
218|fixture
219|fixture
220|fixture
221|fixture
222|fixture
223|fixture
224|fixture
225|fixture
226|fixture
227|fixture
228|fixture
229|fixture
230|fixture
231|fixture
232|fixture
233|fixture
234|fixture
235|fixture
236|fixture
237|fixture
238|fixture
239|fixture
240|fixture
241|fixture
242|fixture
243|fixture
244|fixture
245|fixture
246|fixture
247|fixture
248|fixture
249|fixture
250|fixture
251|fixture
252|fixture
253|fixture
254|fixture
255|fixture
256|fixture
257|fixture
258|fixture
259|fixture
260|fixture
261|fixture
262|fixture
263|fixture
264|fixture
265|fixture
266|fixture
267|fixture
268|fixture
269|fixture
270|fixture
271|fixture
272|fixture
273|fixture
274|fixture
275|fixture
276|fixture
277|fixture
278|fixture
279|fixture
280|fixture
281|fixture
282|fixture
283|fixture
284|fixture
285|fixture
286|fixture
287|fixture
288|fixture
289|fixture
290|fixture
291|fixture
292|fixture
293|fixture
294|fixture
295|fixture
296|fixture
297|fixture
298|fixture
299|fixture
300|fixture
301|fixture
302|fixture
303|fixture
304|fixture
305|fixture
306|fixture
307|fixture
308|fixture
309|fixture
310|fixture
311|fixture
312|fixture
313|fixture
314|fixture
315|fixture
316|fixture
317|fixture
318|fixture
319|fixture
320|fixture
321|fixture
322|fixture
323|fixture
324|fixture
325|fixture
326|fixture
327|fixture
328|fixture
329|fixture
330|fixture
331|fixture
332|fixture
333|fixture
334|fixture
335|fixture
336|fixture
337|fixture
338|fixture
339|fixture
340|fixture
341|fixture
342|fixture
343|fixture
344|fixture
345|fixture
346|fixture
347|fixture
348|fixture
349|fixture
350|fixture
351|fixture
352|fixture
353|fixture
354|fixture
355|fixture
356|fixture
357|fixture
358|fixture
359|fixture
360|fixture
361|fixture
362|fixture
363|fixture
364|fixture
365|fixture
366|fixture
367|fixture
368|fixture
369|fixture
370|fixture
371|fixture
372|fixture
373|fixture
374|fixture
375|fixture
376|fixture
377|fixture
378|fixture
379|fixture
380|fixture
381|fixture
382|fixture
383|fixture
384|fixture
385|fixture
386|fixture
387|fixture
388|fixture
389|fixture
390|fixture
391|fixture
392|fixture
393|fixture
394|fixture
395|fixture
396|fixture
397|fixture
398|fixture
399|fixture
400|fixture
401|fixture
402|fixture
403|fixture
404|fixture
405|fixture
406|fixture
407|fixture
408|fixture
409|fixture
410|fixture
411|fixture
412|fixture
413|fixture
414|fixture
415|fixture
416|fixture
417|fixture
418|fixture
419|fixture
420|fixture
421|fixture
422|fixture
423|fixture
424|fixture
425|fixture
426|fixture
427|fixture
428|fixture
429|fixture
430|fixture
431|fixture
432|fixture
433|fixture
434|fixture
435|fixture
436|fixture
437|fixture
438|fixture
439|fixture
440|fixture
441|fixture
442|fixture
443|fixture
444|fixture
445|fixture
446|fixture
447|fixture
448|fixture
449|fixture
450|fixture
451|fixture
452|fixture
453|fixture
454|fixture
455|fixture
456|fixture
457|fixture
458|fixture
459|fixture
460|fixture
461|fixture
462|fixture
463|fixture
464|fixture
465|fixture
466|fixture
467|fixture
468|fixture
469|fixture
470|fixture
471|fixture
472|fixture
473|fixture
474|fixture
475|fixture
476|fixture
477|fixture
478|fixture
479|fixture
480|fixture
481|fixture
482|fixture
483|fixture
484|fixture
485|fixture
486|fixture
487|fixture
488|fixture
489|fixture
490|fixture
491|fixture
492|fixture
493|fixture
494|fixture
495|fixture
496|fixture
497|fixture
498|fixture
499|fixture
500|fixture
501|fixture
502|fixture
503|fixture
504|fixture
505|fixture
506|fixture
507|fixture
508|fixture
509|fixture
510|fixture
511|fixture
512|fixture
513|fixture
514|fixture
515|fixture
516|fixture
517|fixture
518|fixture
519|fixture
520|fixture
521|fixture
522|fixture
523|fixture
524|fixture
525|fixture
526|fixture
527|fixture
528|fixture
529|fixture
530|fixture
531|fixture
532|fixture
533|fixture
534|fixture
535|fixture
536|fixture
537|fixture
538|fixture
539|fixture
540|fixture
541|fixture
542|fixture
543|fixture
544|fixture
545|fixture
546|fixture
547|fixture
548|fixture
549|fixture
550|fixture
551|fixture
552|fixture
553|fixture
554|fixture
555|fixture
556|fixture
557|fixture
558|fixture
559|fixture
560|fixture
561|fixture
562|fixture
563|fixture
564|fixture
565|fixture
566|fixture
567|fixture
568|fixture
569|fixture
570|fixture
571|fixture
572|fixture
573|fixture
574|fixture
575|fixture
576|fixture
577|fixture
578|fixture
579|fixture
580|fixture
581|fixture
582|fixture
583|fixture
584|fixture
585|fixture
586|fixture
587|fixture
588|fixture
589|fixture
590|fixture
591|fixture
592|fixture
593|fixture
594|fixture
595|fixture
596|fixture
597|fixture
598|fixture
599|fixture
600|fixture
601|fixture
602|fixture
603|fixture
604|fixture
605|fixture
606|fixture
607|fixture
608|fixture
609|fixture
610|fixture
611|fixture
612|fixture
613|fixture
614|fixture
615|fixture
616|fixture
617|fixture
618|fixture
619|fixture
620|fixture
621|fixture
622|fixture
623|fixture
624|fixture
625|fixture
626|fixture
627|fixture
628|fixture
629|fixture
630|fixture
631|fixture
632|fixture
633|fixture
634|fixture
635|fixture
636|fixture
637|fixture
638|fixture
639|fixture
640|fixture
641|fixture
642|fixture
643|fixture
644|fixture
645|fixture
646|fixture
647|fixture
648|fixture
649|fixture
650|fixture
651|fixture
652|fixture
653|fixture
654|fixture
655|fixture
656|fixture
657|fixture
658|fixture
659|fixture
660|fixture
661|fixture
662|fixture
663|fixture
664|fixture
665|fixture
666|fixture
667|fixture
668|fixture
669|fixture
670|fixture
671|fixture
672|fixture
673|fixture
674|fixture
675|fixture
676|fixture
677|fixture
678|fixture
679|fixture
680|fixture
681|fixture
682|fixture
683|fixture
684|fixture
685|fixture
686|fixture
687|fixture
688|fixture
689|fixture
690|fixture
691|fixture
692|fixture
693|fixture
694|fixture
695|fixture
696|fixture
697|fixture
698|fixture
699|fixture
700|fixture
701|fixture
702|fixture
703|fixture
704|fixture
705|fixture
706|fixture
707|fixture
708|fixture
709|fixture
710|fixture
711|fixture
712|fixture
713|fixture
714|fixture
715|fixture
716|fixture
717|fixture
718|fixture
719|fixture
720|fixture
721|fixture
722|fixture
723|fixture
724|fixture
725|fixture
726|fixture
727|fixture
728|fixture
729|fixture
730|fixture
731|fixture
732|fixture
733|fixture
734|fixture
735|fixture
736|fixture
737|fixture
738|fixture
739|fixture
740|fixture
741|fixture
742|fixture
743|fixture
744|fixture
745|fixture
746|fixture
747|fixture
748|fixture
749|fixture
750|fixture
751|fixture
752|fixture
753|fixture
754|fixture
755|fixture
756|fixture
757|fixture
758|fixture
759|fixture
760|fixture
761|fixture
762|fixture
763|fixture
764|fixture
765|fixture
766|fixture
767|fixture
768|fixture
769|fixture
770|fixture
771|fixture
772|fixture
773|fixture
774|fixture
775|fixture
776|fixture
777|fixture
778|fixture
779|fixture
780|fixture
781|fixture
782|fixture
783|fixture
784|fixture
785|fixture
786|fixture
787|fixture
788|fixture
789|fixture
790|fixture
791|fixture
792|fixture
793|fixture
794|fixture
795|fixture
796|fixture
797|fixture
798|fixture
799|fixture
800|fixture
801|fixture
802|fixture
803|fixture
804|fixture
805|fixture
806|fixture
807|fixture
808|fixture
809|fixture
810|fixture
811|fixture
812|fixture
813|fixture
814|fixture
815|fixture
816|fixture
817|fixture
818|fixture
819|fixture
820|fixture
821|fixture
822|fixture
823|fixture
824|fixture
825|fixture
826|fixture
827|fixture
828|fixture
829|fixture
830|fixture
831|fixture
832|fixture
833|fixture
834|fixture
835|fixture
836|fixture
837|fixture
838|fixture
839|fixture
840|fixture
841|fixture
842|fixture
843|fixture
844|fixture
845|fixture
846|fixture
847|fixture
848|fixture
849|fixture
850|fixture
851|fixture
852|fixture
853|fixture
854|fixture
855|fixture
856|fixture
857|fixture
858|fixture
859|fixture
860|fixture
861|fixture
862|fixture
863|fixture
864|fixture
865|fixture
866|fixture
867|fixture
868|fixture
869|fixture
870|fixture
871|fixture
872|fixture
873|fixture
874|fixture
875|fixture
876|fixture
877|fixture
878|fixture
879|fixture
880|fixture
881|fixture
882|fixture
883|fixture
884|fixture
885|fixture
886|fixture
887|fixture
888|fixture
889|fixture
890|fixture
891|fixture
892|fixture
893|fixture
894|fixture
895|fixture
896|fixture
897|fixture
898|fixture
899|fixture
900|fixture
901|fixture
902|fixture
903|fixture
904|fixture
905|fixture
906|fixture
907|fixture
908|fixture
909|fixture
910|fixture
911|fixture
912|fixture
913|fixture
914|fixture
915|fixture
916|fixture
917|fixture
918|fixture
919|fixture
920|fixture
921|fixture
922|fixture
923|fixture
924|fixture
925|fixture
926|fixture
927|fixture
928|fixture
929|fixture
930|fixture
931|fixture
932|fixture
933|fixture
934|fixture
935|fixture
936|fixture
937|fixture
938|fixture
939|fixture
940|fixture
941|fixture
942|fixture
943|fixture
944|fixture
945|fixture
946|fixture
947|fixture
948|fixture
949|fixture
950|fixture
951|fixture
952|fixture
953|fixture
954|fixture
955|fixture
956|fixture
957|fixture
958|fixture
959|fixture
960|fixture
961|fixture
962|fixture
963|fixture
964|fixture
965|fixture
966|fixture
967|fixture
968|fixture
969|fixture
970|fixture
971|fixture
972|fixture
973|fixture
974|fixture
975|fixture
976|fixture
977|fixture
978|fixture
979|fixture
980|fixture
981|fixture
982|fixture
983|fixture
984|fixture
985|fixture
986|fixture
987|fixture
988|fixture
989|fixture
990|fixture
991|fixture
992|fixture
993|fixture
994|fixture
995|fixture
996|fixture
997|fixture
998|fixture
999|fixture
1000|fixture
1001|fixture
1002|fixture
1003|fixture
1004|fixture
1005|fixture
1006|fixture
1007|fixture
1008|fixture
1009|fixture
1010|fixture
1011|fixture
1012|fixture
1013|fixture
1014|fixture
1015|fixture
1016|fixture
1017|fixture
1018|fixture
1019|fixture
1020|fixture
1021|fixture
1022|fixture
1023|fixture
1024|fixture
1025|fixture
1026|fixture
1027|fixture
1028|fixture
1029|fixture
1030|fixture
1031|fixture
1032|fixture
1033|fixture
1034|fixture
1035|fixture
1036|fixture
1037|fixture
1038|fixture
1039|fixture
1040|fixture
1041|fixture
1042|fixture
1043|fixture
1044|fixture
1045|fixture
1046|fixture
1047|fixture
1048|fixture
1049|fixture
1050|fixture
1051|fixture
1052|fixture
1053|fixture
1054|fixture
1055|fixture
1056|fixture
1057|fixture
1058|fixture
1059|fixture
1060|fixture
1061|fixture
1062|fixture
1063|fixture
1064|fixture
1065|fixture
1066|fixture
1067|fixture
1068|fixture
1069|fixture
1070|fixture
1071|fixture
1072|fixture
1073|fixture
1074|fixture
1075|fixture
1076|fixture
1077|fixture
1078|fixture
1079|fixture
1080|fixture
1081|fixture
1082|fixture
1083|fixture
1084|fixture
1085|fixture
1086|fixture
1087|fixture
1088|fixture
1089|fixture
1090|fixture
1091|fixture
1092|fixture
1093|fixture
1094|fixture
1095|fixture
1096|fixture
1097|fixture
1098|fixture
1099|fixture
1100|fixture
1101|fixture
1102|fixture
1103|fixture
1104|fixture
1105|fixture
1106|fixture
1107|fixture
1108|fixture
1109|fixture
1110|fixture
1111|fixture
1112|fixture
1113|fixture
1114|fixture
1115|fixture
1116|fixture
1117|fixture
1118|fixture
1119|fixture
1120|fixture
1121|fixture
1122|fixture
1123|fixture
1124|fixture
1125|fixture
1126|fixture
1127|fixture
1128|fixture
1129|fixture
1130|fixture
1131|fixture
1132|fixture
1133|fixture
1134|fixture
1135|fixture
1136|fixture
1137|fixture
1138|fixture
1139|fixture
1140|fixture
1141|fixture
1142|fixture
1143|fixture
1144|fixture
1145|fixture
1146|fixture
1147|fixture
1148|fixture
1149|fixture
1150|fixture
1151|fixture
1152|fixture
1153|fixture
1154|fixture
1155|fixture
1156|fixture
1157|fixture
1158|fixture
1159|fixture
1160|fixture
1161|fixture
1162|fixture
1163|fixture
1164|fixture
1165|fixture
1166|fixture
1167|fixture
1168|fixture
1169|fixture
1170|fixture
1171|fixture
1172|fixture
1173|fixture
1174|fixture
1175|fixture
1176|fixture
1177|fixture
1178|fixture
1179|fixture
1180|fixture
1181|fixture
1182|fixture
1183|fixture
1184|fixture
1185|fixture
1186|fixture
1187|fixture
1188|fixture
1189|fixture
1190|fixture
1191|fixture
1192|fixture
1193|fixture
1194|fixture
1195|fixture
1196|fixture
1197|fixture
1198|fixture
1199|fixture
1200|fixture
1201|fixture
1202|fixture
1203|fixture
1204|fixture
1205|fixture
1206|fixture
1207|fixture
1208|fixture
1209|fixture
1210|fixture
1211|fixture
1212|fixture
1213|fixture
1214|fixture
1215|fixture
1216|fixture
1217|fixture
1218|fixture
1219|fixture
1220|fixture
1221|fixture
1222|fixture
1223|fixture
1224|fixture
1225|fixture
1226|fixture
1227|fixture
1228|fixture
1229|fixture
1230|fixture
1231|fixture
1232|fixture
1233|fixture
1234|fixture
1235|fixture
1236|fixture
1237|fixture
1238|fixture
1239|fixture
1240|fixture
1241|fixture
1242|fixture
1243|fixture
1244|fixture
1245|fixture
1246|fixture
1247|fixture
1248|fixture
1249|fixture
1250|fixture
1251|fixture
1252|fixture
1253|fixture
1254|fixture
1255|fixture
1256|fixture
1257|fixture
1258|fixture
1259|fixture
1260|fixture
1261|fixture
1262|fixture
1263|fixture
1264|fixture
1265|fixture
1266|fixture
1267|fixture
1268|fixture
1269|fixture
1270|fixture
1271|fixture
1272|fixture
1273|fixture
1274|fixture
1275|fixture
1276|fixture
1277|fixture
1278|fixture
1279|fixture
1280|fixture
1281|fixture
1282|fixture
1283|fixture
1284|fixture
1285|fixture
1286|fixture
1287|fixture
1288|fixture
1289|fixture
1290|fixture
1291|fixture
1292|fixture
1293|fixture
1294|fixture
1295|fixture
1296|fixture
1297|fixture
1298|fixture
1299|fixture
1300|fixture
1301|fixture
1302|fixture
1303|fixture
1304|fixture
1305|fixture
1306|fixture
1307|fixture
1308|fixture
1309|fixture
1310|fixture
1311|fixture
1312|fixture
1313|fixture
1314|fixture
1315|fixture
1316|fixture
1317|fixture
1318|fixture
1319|fixture
1320|fixture
1321|fixture
1322|fixture
1323|fixture
1324|fixture
1325|fixture
1326|fixture
1327|fixture
1328|fixture
1329|fixture
1330|fixture
1331|fixture
1332|fixture
1333|fixture
1334|fixture
1335|fixture
1336|fixture
1337|fixture
1338|fixture
1339|fixture
1340|fixture
1341|fixture
1342|fixture
1343|fixture
1344|fixture
1345|fixture
1346|fixture
1347|fixture
1348|fixture
1349|fixture
1350|fixture
1351|fixture
1352|fixture
1353|fixture
1354|fixture
1355|fixture
1356|fixture
1357|fixture
1358|fixture
1359|fixture
1360|fixture
1361|fixture
1362|fixture
1363|fixture
1364|fixture
1365|fixture
1366|fixture
1367|fixture
1368|fixture
1369|fixture
1370|fixture
1371|fixture
1372|fixture
1373|fixture
1374|fixture
1375|fixture
1376|fixture
1377|fixture
1378|fixture
1379|fixture
1380|fixture
1381|fixture
1382|fixture
1383|fixture
1384|fixture
1385|fixture
1386|fixture
1387|fixture
1388|fixture
1389|fixture
1390|fixture
1391|fixture
1392|fixture
1393|fixture
1394|fixture
1395|fixture
1396|fixture
1397|fixture
1398|fixture
1399|fixture
1400|fixture
1401|fixture
1402|fixture
1403|fixture
1404|fixture
1405|fixture
1406|fixture
1407|fixture
1408|fixture
1409|fixture
1410|fixture
1411|fixture
1412|fixture
1413|fixture
1414|fixture
1415|fixture
1416|fixture
1417|fixture
1418|fixture
1419|fixture
1420|fixture
1421|fixture
1422|fixture
1423|fixture
1424|fixture
1425|fixture
1426|fixture
1427|fixture
1428|fixture
1429|fixture
1430|fixture
1431|fixture
1432|fixture
1433|fixture
1434|fixture
1435|fixture
1436|fixture
1437|fixture
1438|fixture
1439|fixture
1440|fixture
1441|fixture
1442|fixture
1443|fixture
1444|fixture
1445|fixture
1446|fixture
1447|fixture
1448|fixture
1449|fixture
1450|fixture
1451|fixture
1452|fixture
1453|fixture
1454|fixture
1455|fixture
1456|fixture
1457|fixture
1458|fixture
1459|fixture
1460|fixture
1461|fixture
1462|fixture
1463|fixture
1464|fixture
1465|fixture
1466|fixture
1467|fixture
1468|fixture
1469|fixture
1470|fixture
1471|fixture
1472|fixture
1473|fixture
1474|fixture
1475|fixture
1476|fixture
1477|fixture
1478|fixture
1479|fixture
1480|fixture
1481|fixture
1482|fixture
1483|fixture
1484|fixture
1485|fixture
1486|fixture
1487|fixture
1488|fixture
1489|fixture
1490|fixture
1491|fixture
1492|fixture
1493|fixture
1494|fixture
1495|fixture
1496|fixture
1497|fixture
1498|fixture
1499|fixture
1500|fixture
1501|fixture
1502|fixture
1503|fixture
1504|fixture
1505|fixture
1506|fixture
1507|fixture
1508|fixture
1509|fixture
1510|fixture
1511|fixture
1512|fixture
1513|fixture
1514|fixture
1515|fixture
1516|fixture
1517|fixture
1518|fixture
1519|fixture
1520|fixture
1521|fixture
1522|fixture
1523|fixture
1524|fixture
1525|fixture
1526|fixture
1527|fixture
1528|fixture
1529|fixture
1530|fixture
1531|fixture
1532|fixture
1533|fixture
1534|fixture
1535|fixture
1536|fixture
1537|fixture
1538|fixture
1539|fixture
1540|fixture
1541|fixture
1542|fixture
1543|fixture
1544|fixture
1545|fixture
1546|fixture
1547|fixture
1548|fixture
1549|fixture
1550|fixture
1551|fixture
1552|fixture
1553|fixture
1554|fixture
1555|fixture
1556|fixture
1557|fixture
1558|fixture
1559|fixture
1560|fixture
1561|fixture
1562|fixture
1563|fixture
1564|fixture
1565|fixture
1566|fixture
1567|fixture
1568|fixture
1569|fixture
1570|fixture
1571|fixture
1572|fixture
1573|fixture
1574|fixture
1575|fixture
1576|fixture
1577|fixture
1578|fixture
1579|fixture
1580|fixture
1581|fixture
1582|fixture
1583|fixture
1584|fixture
1585|fixture
1586|fixture
1587|fixture
1588|fixture
1589|fixture
1590|fixture
1591|fixture
1592|fixture
1593|fixture
1594|fixture
1595|fixture
1596|fixture
1597|fixture
1598|fixture
1599|fixture
1600|fixture
1601|fixture
1602|fixture
1603|fixture
1604|fixture
1605|fixture
1606|fixture
1607|fixture
1608|fixture
1609|fixture
1610|fixture
1611|fixture
1612|fixture
1613|fixture
1614|fixture
1615|fixture
1616|fixture
1617|fixture
1618|fixture
1619|fixture
1620|fixture
1621|fixture
1622|fixture
1623|fixture
1624|fixture
1625|fixture
1626|fixture
1627|fixture
1628|fixture
1629|fixture
1630|fixture
1631|fixture
1632|fixture
1633|fixture
1634|fixture
1635|fixture
1636|fixture
1637|fixture
1638|fixture
1639|fixture
1640|fixture
1641|fixture
1642|fixture
1643|fixture
1644|fixture
1645|fixture
1646|fixture
1647|fixture
1648|fixture
1649|fixture
1650|fixture
1651|fixture
1652|fixture
1653|fixture
1654|fixture
1655|fixture
1656|fixture
1657|fixture
1658|fixture
1659|fixture
1660|fixture
1661|fixture
1662|fixture
1663|fixture
1664|fixture
1665|fixture
1666|fixture
1667|fixture
1668|fixture
1669|fixture
1670|fixture
1671|fixture
1672|fixture
1673|fixture
1674|fixture
1675|fixture
1676|fixture
1677|fixture
1678|fixture
1679|fixture
1680|fixture
1681|fixture
1682|fixture
1683|fixture
1684|fixture
1685|fixture
1686|fixture
1687|fixture
1688|fixture
1689|fixture
1690|fixture
1691|fixture
1692|fixture
1693|fixture
1694|fixture
1695|fixture
1696|fixture
1697|fixture
1698|fixture
1699|fixture
1700|fixture
1701|fixture
1702|fixture
1703|fixture
1704|fixture
1705|fixture
1706|fixture
1707|fixture
1708|fixture
1709|fixture
1710|fixture
1711|fixture
1712|fixture
1713|fixture
1714|fixture
1715|fixture
1716|fixture
1717|fixture
1718|fixture
1719|fixture
1720|fixture
1721|fixture
1722|fixture
1723|fixture
1724|fixture
1725|fixture
1726|fixture
1727|fixture
1728|fixture
1729|fixture
1730|fixture
1731|fixture
1732|fixture
1733|fixture
1734|fixture
1735|fixture
1736|fixture
1737|fixture
1738|fixture
1739|fixture
1740|fixture
1741|fixture
1742|fixture
1743|fixture
1744|fixture
1745|fixture
1746|fixture
1747|fixture
1748|fixture
1749|fixture
1750|fixture
1751|fixture
1752|fixture
1753|fixture
1754|fixture
1755|fixture
1756|fixture
1757|fixture
1758|fixture
1759|fixture
1760|fixture
1761|fixture
1762|fixture
1763|fixture
1764|fixture
1765|fixture
1766|fixture
1767|fixture
1768|fixture
1769|fixture
1770|fixture
1771|fixture
1772|fixture
1773|fixture
1774|fixture
1775|fixture
1776|fixture
1777|fixture
1778|fixture
1779|fixture
1780|fixture
1781|fixture
1782|fixture
1783|fixture
1784|fixture
1785|fixture
1786|fixture
1787|fixture
1788|fixture
1789|fixture
1790|fixture
1791|fixture
1792|fixture
1793|fixture
1794|fixture
1795|fixture
1796|fixture
1797|fixture
1798|fixture
1799|fixture
1800|fixture
1801|fixture
1802|fixture
1803|fixture
1804|fixture
1805|fixture
1806|fixture
1807|fixture
1808|fixture
1809|fixture
1810|fixture
1811|fixture
1812|fixture
1813|fixture
1814|fixture
1815|fixture
1816|fixture
1817|fixture
1818|fixture
1819|fixture
1820|fixture
1821|fixture
1822|fixture
1823|fixture
1824|fixture
1825|fixture
1826|fixture
1827|fixture
1828|fixture
1829|fixture
1830|fixture
1831|fixture
1832|fixture
1833|fixture
1834|fixture
1835|fixture
1836|fixture
1837|fixture
1838|fixture
1839|fixture
1840|fixture
1841|fixture
1842|fixture
1843|fixture
1844|fixture
1845|fixture
1846|fixture
1847|fixture
1848|fixture
1849|fixture
1850|fixture
1851|fixture
1852|fixture
1853|fixture
1854|fixture
1855|fixture
1856|fixture
1857|fixture
1858|fixture
1859|fixture
1860|fixture
1861|fixture
1862|fixture
1863|fixture
1864|fixture
1865|fixture
1866|fixture
1867|fixture
1868|fixture
1869|fixture
1870|fixture
1871|fixture
1872|fixture
1873|fixture
1874|fixture
1875|fixture
1876|fixture
1877|fixture
1878|fixture
1879|fixture
1880|fixture
1881|fixture
1882|fixture
1883|fixture
1884|fixture
1885|fixture
1886|fixture
1887|fixture
1888|fixture
1889|fixture
1890|fixture
1891|fixture
1892|fixture
1893|fixture
1894|fixture
1895|fixture
1896|fixture
1897|fixture
1898|fixture
1899|fixture
1900|fixture
1901|fixture
1902|fixture
1903|fixture
1904|fixture
1905|fixture
1906|fixture
1907|fixture
1908|fixture
1909|fixture
1910|fixture
1911|fixture
1912|fixture
1913|fixture
1914|fixture
1915|fixture
1916|fixture
1917|fixture
1918|fixture
1919|fixture
1920|fixture
1921|fixture
1922|fixture
1923|fixture
1924|fixture
1925|fixture
1926|fixture
1927|fixture
1928|fixture
1929|fixture
1930|fixture
1931|fixture
1932|fixture
1933|fixture
1934|fixture
1935|fixture
1936|fixture
1937|fixture
1938|fixture
1939|fixture
1940|fixture
1941|fixture
1942|fixture
1943|fixture
1944|fixture
1945|fixture
1946|fixture
1947|fixture
1948|fixture
1949|fixture
1950|fixture
1951|fixture
1952|fixture
1953|fixture
1954|fixture
1955|fixture
1956|fixture
1957|fixture
1958|fixture
1959|fixture
1960|fixture
1961|fixture
1962|fixture
1963|fixture
1964|fixture
1965|fixture
1966|fixture
1967|fixture
1968|fixture
1969|fixture
1970|fixture
1971|fixture
1972|fixture
1973|fixture
1974|fixture
1975|fixture
1976|fixture
1977|fixture
1978|fixture
1979|fixture
1980|fixture
1981|fixture
1982|fixture
1983|fixture
1984|fixture
1985|fixture
1986|fixture
1987|fixture
1988|fixture
1989|fixture
1990|fixture
1991|fixture
1992|fixture
1993|fixture
1994|fixture
1995|fixture
1996|fixture
1997|fixture
1998|fixture
1999|fixture
2000|fixture
2001|fixture
2002|fixture
2003|fixture
2004|fixture
2005|fixture
2006|fixture
2007|fixture
2008|fixture
2009|fixture
2010|fixture
2011|fixture
2012|fixture
2013|fixture
2014|fixture
2015|fixture
2016|fixture
2017|fixture
2018|fixture
2019|fixture
2020|fixture
2021|fixture
2022|fixture
2023|fixture
2024|fixture
2025|fixture
2026|fixture
2027|fixture
2028|fixture
2029|fixture
2030|fixture
2031|fixture
2032|fixture
2033|fixture
2034|fixture
2035|fixture
2036|fixture
2037|fixture
2038|fixture
2039|fixture
2040|fixture
2041|fixture
2042|fixture
2043|fixture
2044|fixture
2045|fixture
2046|fixture
2047|fixture
2048|fixture
2049|fixture
2050|fixture
2051|fixture
2052|fixture
2053|fixture
2054|fixture
2055|fixture
2056|fixture
2057|fixture
2058|fixture
2059|fixture
2060|fixture
2061|fixture
2062|fixture
2063|fixture
2064|fixture
2065|fixture
2066|fixture
2067|fixture
2068|fixture
2069|fixture
2070|fixture
2071|fixture
2072|fixture
2073|fixture
2074|fixture
2075|fixture
2076|fixture
2077|fixture
2078|fixture
2079|fixture
2080|fixture
2081|fixture
2082|fixture
2083|fixture
2084|fixture
2085|fixture
2086|fixture
2087|fixture
2088|fixture
2089|fixture
2090|fixture
2091|fixture
2092|fixture
2093|fixture
2094|fixture
2095|fixture
2096|fixture
2097|fixture
2098|fixture
2099|fixture
2100|fixture
2101|fixture
2102|fixture
2103|fixture
2104|fixture
2105|fixture
2106|fixture
2107|fixture
2108|fixture
2109|fixture
2110|fixture
2111|fixture
2112|fixture
2113|fixture
2114|fixture
2115|fixture
2116|fixture
2117|fixture
2118|fixture
2119|fixture
2120|fixture
2121|fixture
2122|fixture
2123|fixture
2124|fixture
2125|fixture
2126|fixture
2127|fixture
2128|fixture
2129|fixture
2130|fixture
2131|fixture
2132|fixture
2133|fixture
2134|fixture
2135|fixture
2136|fixture
2137|fixture
2138|fixture
2139|fixture
2140|fixture
2141|fixture
2142|fixture
2143|fixture
2144|fixture
2145|fixture
2146|fixture
2147|fixture
2148|fixture
2149|fixture
2150|fixture
2151|fixture
2152|fixture
2153|fixture
2154|fixture
2155|fixture
2156|fixture
2157|fixture
2158|fixture
2159|fixture
2160|fixture
2161|fixture
2162|fixture
2163|fixture
2164|fixture
2165|fixture
2166|fixture
2167|fixture
2168|fixture
2169|fixture
2170|fixture
2171|fixture
2172|fixture
2173|fixture
2174|fixture
2175|fixture
2176|fixture
2177|fixture
2178|fixture
2179|fixture
2180|fixture
2181|fixture
2182|fixture
2183|fixture
2184|fixture
2185|fixture
2186|fixture
2187|fixture
2188|fixture
2189|fixture
2190|fixture
2191|fixture
2192|fixture
2193|fixture
2194|fixture
2195|fixture
2196|fixture
2197|fixture
2198|fixture
2199|fixture
2200|fixture
2201|fixture
2202|fixture
2203|fixture
2204|fixture
2205|fixture
2206|fixture
2207|fixture
2208|fixture
2209|fixture
2210|fixture
2211|fixture
2212|fixture
2213|fixture
2214|fixture
2215|fixture
2216|fixture
2217|fixture
2218|fixture
2219|fixture
2220|fixture
2221|fixture
2222|fixture
2223|fixture
2224|fixture
2225|fixture
2226|fixture
2227|fixture
2228|fixture
2229|fixture
2230|fixture
2231|fixture
2232|fixture
2233|fixture
2234|fixture
2235|fixture
2236|fixture
2237|fixture
2238|fixture
2239|fixture
2240|fixture
2241|fixture
2242|fixture
2243|fixture
2244|fixture
2245|fixture
2246|fixture
2247|fixture
2248|fixture
2249|fixture
2250|fixture
2251|fixture
2252|fixture
2253|fixture
2254|fixture
2255|fixture
2256|fixture
2257|fixture
2258|fixture
2259|fixture
2260|fixture
2261|fixture
2262|fixture
2263|fixture
2264|fixture
2265|fixture
2266|fixture
2267|fixture
2268|fixture
2269|fixture
2270|fixture
2271|fixture
2272|fixture
2273|fixture
2274|fixture
2275|fixture
2276|fixture
2277|fixture
2278|fixture
2279|fixture
2280|fixture
2281|fixture
2282|fixture
2283|fixture
2284|fixture
2285|fixture
2286|fixture
2287|fixture
2288|fixture
2289|fixture
2290|fixture
2291|fixture
2292|fixture
2293|fixture
2294|fixture
2295|fixture
2296|fixture
2297|fixture
2298|fixture
2299|fixture
2300|fixture
2301|fixture
2302|fixture
2303|fixture
2304|fixture
2305|fixture
2306|fixture
2307|fixture
2308|fixture
2309|fixture
2310|fixture
2311|fixture
2312|fixture
2313|fixture
2314|fixture
2315|fixture
2316|fixture
2317|fixture
2318|fixture
2319|fixture
2320|fixture
2321|fixture
2322|fixture
2323|fixture
2324|fixture
2325|fixture
2326|fixture
2327|fixture
2328|fixture
2329|fixture
2330|fixture
2331|fixture
2332|fixture
2333|fixture
2334|fixture
2335|fixture
2336|fixture
2337|fixture
2338|fixture
2339|fixture
2340|fixture
2341|fixture
2342|fixture
2343|fixture
2344|fixture
2345|fixture
2346|fixture
2347|fixture
2348|fixture
2349|fixture
2350|fixture
2351|fixture
2352|fixture
2353|fixture
2354|fixture
2355|fixture
2356|fixture
2357|fixture
2358|fixture
2359|fixture
2360|fixture
2361|fixture
2362|fixture
2363|fixture
2364|fixture
2365|fixture
2366|fixture
2367|fixture
2368|fixture
2369|fixture
2370|fixture
2371|fixture
2372|fixture
2373|fixture
2374|fixture
2375|fixture
2376|fixture
2377|fixture
2378|fixture
2379|fixture
2380|fixture
2381|fixture
2382|fixture
2383|fixture
2384|fixture
2385|fixture
2386|fixture
2387|fixture
2388|fixture
2389|fixture
2390|fixture
2391|fixture
2392|fixture
2393|fixture
2394|fixture
2395|fixture
2396|fixture
2397|fixture
2398|fixture
2399|fixture
2400|fixture
2401|fixture
2402|fixture
2403|fixture
2404|fixture
2405|fixture
2406|fixture
2407|fixture
2408|fixture
2409|fixture
2410|fixture
2411|fixture
2412|fixture
2413|fixture
2414|fixture
2415|fixture
2416|fixture
2417|fixture
2418|fixture
2419|fixture
2420|fixture
2421|fixture
2422|fixture
2423|fixture
2424|fixture
2425|fixture
2426|fixture
2427|fixture
2428|fixture
2429|fixture
2430|fixture
2431|fixture
2432|fixture
2433|fixture
2434|fixture
2435|fixture
2436|fixture
2437|fixture
2438|fixture
2439|fixture
2440|fixture
2441|fixture
2442|fixture
2443|fixture
2444|fixture
2445|fixture
2446|fixture
2447|fixture
2448|fixture
2449|fixture
2450|fixture
2451|fixture
2452|fixture
2453|fixture
2454|fixture
2455|fixture
2456|fixture
2457|fixture
2458|fixture
2459|fixture
2460|fixture
2461|fixture
2462|fixture
2463|fixture
2464|fixture
2465|fixture
2466|fixture
2467|fixture
2468|fixture
2469|fixture
2470|fixture
2471|fixture
2472|fixture
2473|fixture
2474|fixture
2475|fixture
2476|fixture
2477|fixture
2478|fixture
2479|fixture
2480|fixture
2481|fixture
2482|fixture
2483|fixture
2484|fixture
2485|fixture
2486|fixture
2487|fixture
2488|fixture
2489|fixture
2490|fixture
2491|fixture
2492|fixture
2493|fixture
2494|fixture
2495|fixture
2496|fixture
2497|fixture
2498|fixture
2499|fixture
2500|fixture
2501|fixture
2502|fixture
2503|fixture
2504|fixture
2505|fixture
2506|fixture
2507|fixture
2508|fixture
2509|fixture
2510|fixture
2511|fixture
2512|fixture
2513|fixture
2514|fixture
2515|fixture
2516|fixture
2517|fixture
2518|fixture
2519|fixture
2520|fixture
2521|fixture
2522|fixture
2523|fixture
2524|fixture
2525|fixture
2526|fixture
2527|fixture
2528|fixture
2529|fixture
2530|fixture
2531|fixture
2532|fixture
2533|fixture
2534|fixture
2535|fixture
2536|fixture
2537|fixture
2538|fixture
2539|fixture
2540|fixture
2541|fixture
2542|fixture
2543|fixture
2544|fixture
2545|fixture
2546|fixture
2547|fixture
2548|fixture
2549|fixture
2550|fixture
2551|fixture
2552|fixture
2553|fixture
2554|fixture
2555|fixture
2556|fixture
2557|fixture
2558|fixture
2559|fixture
2560|fixture
2561|fixture
2562|fixture
2563|fixture
2564|fixture
2565|fixture
2566|fixture
2567|fixture
2568|fixture
2569|fixture
2570|fixture
2571|fixture
2572|fixture
2573|fixture
2574|fixture
2575|fixture
2576|fixture
2577|fixture
2578|fixture
2579|fixture
2580|fixture
2581|fixture
2582|fixture
2583|fixture
2584|fixture
2585|fixture
2586|fixture
2587|fixture
2588|fixture
2589|fixture
2590|fixture
2591|fixture
2592|fixture
2593|fixture
2594|fixture
2595|fixture
2596|fixture
2597|fixture
2598|fixture
2599|fixture
2600|fixture
2601|fixture
2602|fixture
2603|fixture
2604|fixture
2605|fixture
2606|fixture
2607|fixture
2608|fixture
2609|fixture
2610|fixture
2611|fixture
2612|fixture
2613|fixture
2614|fixture
2615|fixture
2616|fixture
2617|fixture
2618|fixture
2619|fixture
2620|fixture
2621|fixture
2622|fixture
2623|fixture
2624|fixture
2625|fixture
2626|fixture
2627|fixture
2628|fixture
2629|fixture
2630|fixture
2631|fixture
2632|fixture
2633|fixture
2634|fixture
2635|fixture
2636|fixture
2637|fixture
2638|fixture
2639|fixture
2640|fixture
2641|fixture
2642|fixture
2643|fixture
2644|fixture
2645|fixture
2646|fixture
2647|fixture
2648|fixture
2649|fixture
2650|fixture
2651|fixture
2652|fixture
2653|fixture
2654|fixture
2655|fixture
2656|fixture
2657|fixture
2658|fixture
2659|fixture
2660|fixture
2661|fixture
2662|fixture
2663|fixture
2664|fixture
2665|fixture
2666|fixture
2667|fixture
2668|fixture
2669|fixture
2670|fixture
2671|fixture
2672|fixture
2673|fixture
2674|fixture
2675|fixture
2676|fixture
2677|fixture
2678|fixture
2679|fixture
2680|fixture
2681|fixture
2682|fixture
2683|fixture
2684|fixture
2685|fixture
2686|fixture
2687|fixture
2688|fixture
2689|fixture
2690|fixture
2691|fixture
2692|fixture
2693|fixture
2694|fixture
2695|fixture
2696|fixture
2697|fixture
2698|fixture
2699|fixture
2700|fixture
2701|fixture
2702|fixture
2703|fixture
2704|fixture
2705|fixture
2706|fixture
2707|fixture
2708|fixture
2709|fixture
2710|fixture
2711|fixture
2712|fixture
2713|fixture
2714|fixture
2715|fixture
2716|fixture
2717|fixture
2718|fixture
2719|fixture
2720|fixture
2721|fixture
2722|fixture
2723|fixture
2724|fixture
2725|fixture
2726|fixture
2727|fixture
2728|fixture
2729|fixture
2730|fixture
2731|fixture
2732|fixture
2733|fixture
2734|fixture
2735|fixture
2736|fixture
2737|fixture
2738|fixture
2739|fixture
2740|fixture
2741|fixture
2742|fixture
2743|fixture
2744|fixture
2745|fixture
2746|fixture
2747|fixture
2748|fixture
2749|fixture
2750|fixture
2751|fixture
2752|fixture
2753|fixture
2754|fixture
2755|fixture
2756|fixture
2757|fixture
2758|fixture
2759|fixture
2760|fixture
2761|fixture
2762|fixture
2763|fixture
2764|fixture
2765|fixture
2766|fixture
2767|fixture
2768|fixture
2769|fixture
2770|fixture
2771|fixture
2772|fixture
2773|fixture
2774|fixture
2775|fixture
2776|fixture
2777|fixture
2778|fixture
2779|fixture
2780|fixture
2781|fixture
2782|fixture
2783|fixture
2784|fixture
2785|fixture
2786|fixture
2787|fixture
2788|fixture
2789|fixture
2790|fixture
2791|fixture
2792|fixture
2793|fixture
2794|fixture
2795|fixture
2796|fixture
2797|fixture
2798|fixture
2799|fixture
2800|fixture
2801|fixture
2802|fixture
2803|fixture
2804|fixture
2805|fixture
2806|fixture
2807|fixture
2808|fixture
2809|fixture
2810|fixture
2811|fixture
2812|fixture
2813|fixture
2814|fixture
2815|fixture
2816|fixture
2817|fixture
2818|fixture
2819|fixture
2820|fixture
2821|fixture
2822|fixture
2823|fixture
2824|fixture
2825|fixture
2826|fixture
2827|fixture
2828|fixture
2829|fixture
2830|fixture
2831|fixture
2832|fixture
2833|fixture
2834|fixture
2835|fixture
2836|fixture
2837|fixture
2838|fixture
2839|fixture
2840|fixture
2841|fixture
2842|fixture
2843|fixture
2844|fixture
2845|fixture
2846|fixture
2847|fixture
2848|fixture
2849|fixture
2850|fixture
2851|fixture
2852|fixture
2853|fixture
2854|fixture
2855|fixture
2856|fixture
2857|fixture
2858|fixture
2859|fixture
2860|fixture
2861|fixture
2862|fixture
2863|fixture
2864|fixture
2865|fixture
2866|fixture
2867|fixture
2868|fixture
2869|fixture
2870|fixture
2871|fixture
2872|fixture
2873|fixture
2874|fixture
2875|fixture
2876|fixture
2877|fixture
2878|fixture
2879|fixture
2880|fixture
2881|fixture
2882|fixture
2883|fixture
2884|fixture
2885|fixture
2886|fixture
2887|fixture
2888|fixture
2889|fixture
2890|fixture
2891|fixture
2892|fixture
2893|fixture
2894|fixture
2895|fixture
2896|fixture
2897|fixture
2898|fixture
2899|fixture
2900|fixture
2901|fixture
2902|fixture
2903|fixture
2904|fixture
2905|fixture
2906|fixture
2907|fixture
2908|fixture
2909|fixture
2910|fixture
2911|fixture
2912|fixture
2913|fixture
2914|fixture
2915|fixture
2916|fixture
2917|fixture
2918|fixture
2919|fixture
2920|fixture
2921|fixture
2922|fixture
2923|fixture
2924|fixture
2925|fixture
2926|fixture
2927|fixture
2928|fixture
2929|fixture
2930|fixture
2931|fixture
2932|fixture
2933|fixture
2934|fixture
2935|fixture
2936|fixture
2937|fixture
2938|fixture
2939|fixture
2940|fixture
2941|fixture
2942|fixture
2943|fixture
2944|fixture
2945|fixture
2946|fixture
2947|fixture
2948|fixture
2949|fixture
2950|fixture
2951|fixture
2952|fixture
2953|fixture
2954|fixture
2955|fixture
2956|fixture
2957|fixture
2958|fixture
2959|fixture
2960|fixture
2961|fixture
2962|fixture
2963|fixture
2964|fixture
2965|fixture
2966|fixture
2967|fixture
2968|fixture
2969|fixture
2970|fixture
2971|fixture
2972|fixture
2973|fixture
2974|fixture
2975|fixture
2976|fixture
2977|fixture
2978|fixture
2979|fixture
2980|fixture
2981|fixture
2982|fixture
2983|fixture
2984|fixture
2985|fixture
2986|fixture
2987|fixture
2988|fixture
2989|fixture
2990|fixture
2991|fixture
2992|fixture
2993|fixture
2994|fixture
2995|fixture
2996|fixture
2997|fixture
2998|fixture
2999|fixture
3000|fixture
3001|fixture
3002|fixture
3003|fixture
3004|fixture
3005|fixture
3006|fixture
3007|fixture
3008|fixture
3009|fixture
3010|fixture
3011|fixture
3012|fixture
3013|fixture
3014|fixture
3015|fixture
3016|fixture
3017|fixture
3018|fixture
3019|fixture
3020|fixture
3021|fixture
3022|fixture
3023|fixture
3024|fixture
3025|fixture
3026|fixture
3027|fixture
3028|fixture
3029|fixture
3030|fixture
3031|fixture
3032|fixture
3033|fixture
3034|fixture
3035|fixture
3036|fixture
3037|fixture
3038|fixture
3039|fixture
3040|fixture
3041|fixture
3042|fixture
3043|fixture
3044|fixture
3045|fixture
3046|fixture
3047|fixture
3048|fixture
3049|fixture
3050|fixture
3051|fixture
3052|fixture
3053|fixture
3054|fixture
3055|fixture
3056|fixture
3057|fixture
3058|fixture
3059|fixture
3060|fixture
3061|fixture
3062|fixture
3063|fixture
3064|fixture
3065|fixture
3066|fixture
3067|fixture
3068|fixture
3069|fixture
3070|fixture
3071|fixture
3072|fixture
3073|fixture
3074|fixture
3075|fixture
3076|fixture
3077|fixture
3078|fixture
3079|fixture
3080|fixture
3081|fixture
3082|fixture
3083|fixture
3084|fixture
3085|fixture
3086|fixture
3087|fixture
3088|fixture
3089|fixture
3090|fixture
3091|fixture
3092|fixture
3093|fixture
3094|fixture
3095|fixture
3096|fixture
3097|fixture
3098|fixture
3099|fixture
3100|fixture
3101|fixture
3102|fixture
3103|fixture
3104|fixture
3105|fixture
3106|fixture
3107|fixture
3108|fixture
3109|fixture
3110|fixture
3111|fixture
3112|fixture
3113|fixture
3114|fixture
3115|fixture
3116|fixture
3117|fixture
3118|fixture
3119|fixture
3120|fixture
3121|fixture
3122|fixture
3123|fixture
3124|fixture
3125|fixture
3126|fixture
3127|fixture
3128|fixture
3129|fixture
3130|fixture
3131|fixture
3132|fixture
3133|fixture
3134|fixture
3135|fixture
3136|fixture
3137|fixture
3138|fixture
3139|fixture
3140|fixture
3141|fixture
3142|fixture
3143|fixture
3144|fixture
3145|fixture
3146|fixture
3147|fixture
3148|fixture
3149|fixture
3150|fixture
3151|fixture
3152|fixture
3153|fixture
3154|fixture
3155|fixture
3156|fixture
3157|fixture
3158|fixture
3159|fixture
3160|fixture
3161|fixture
3162|fixture
3163|fixture
3164|fixture
3165|fixture
3166|fixture
3167|fixture
3168|fixture
3169|fixture
3170|fixture
3171|fixture
3172|fixture
3173|fixture
3174|fixture
3175|fixture
3176|fixture
3177|fixture
3178|fixture
3179|fixture
3180|fixture
3181|fixture
3182|fixture
3183|fixture
3184|fixture
3185|fixture
3186|fixture
3187|fixture
3188|fixture
3189|fixture
3190|fixture
3191|fixture
3192|fixture
3193|fixture
3194|fixture
3195|fixture
3196|fixture
3197|fixture
3198|fixture
3199|fixture
3200|fixture
3201|fixture
3202|fixture
3203|fixture
3204|fixture
3205|fixture
3206|fixture
3207|fixture
3208|fixture
3209|fixture
3210|fixture
3211|fixture
3212|fixture
3213|fixture
3214|fixture
3215|fixture
3216|fixture
3217|fixture
3218|fixture
3219|fixture
3220|fixture
3221|fixture
3222|fixture
3223|fixture
3224|fixture
3225|fixture
3226|fixture
3227|fixture
3228|fixture
3229|fixture
3230|fixture
3231|fixture
3232|fixture
3233|fixture
3234|fixture
3235|fixture
3236|fixture
3237|fixture
3238|fixture
3239|fixture
3240|fixture
3241|fixture
3242|fixture
3243|fixture
3244|fixture
3245|fixture
3246|fixture
3247|fixture
3248|fixture
3249|fixture
3250|fixture
3251|fixture
3252|fixture
3253|fixture
3254|fixture
3255|fixture
3256|fixture
3257|fixture
3258|fixture
3259|fixture
3260|fixture
3261|fixture
3262|fixture
3263|fixture
3264|fixture
3265|fixture
3266|fixture
3267|fixture
3268|fixture
3269|fixture
3270|fixture
3271|fixture
3272|fixture
3273|fixture
3274|fixture
3275|fixture
3276|fixture
3277|fixture
3278|fixture
3279|fixture
3280|fixture
3281|fixture
3282|fixture
3283|fixture
3284|fixture
3285|fixture
3286|fixture
3287|fixture
3288|fixture
3289|fixture
3290|fixture
3291|fixture
3292|fixture
3293|fixture
3294|fixture
3295|fixture
3296|fixture
3297|fixture
3298|fixture
3299|fixture
3300|fixture
3301|fixture
3302|fixture
3303|fixture
3304|fixture
3305|fixture
3306|fixture
3307|fixture
3308|fixture
3309|fixture
3310|fixture
3311|fixture
3312|fixture
3313|fixture
3314|fixture
3315|fixture
3316|fixture
3317|fixture
3318|fixture
3319|fixture
3320|fixture
3321|fixture
3322|fixture
3323|fixture
3324|fixture
3325|fixture
3326|fixture
3327|fixture
3328|fixture
3329|fixture
3330|fixture
3331|fixture
3332|fixture
3333|fixture
3334|fixture
3335|fixture
3336|fixture
3337|fixture
3338|fixture
3339|fixture
3340|fixture
3341|fixture
3342|fixture
3343|fixture
3344|fixture
3345|fixture
3346|fixture
3347|fixture
3348|fixture
3349|fixture
3350|fixture
3351|fixture
3352|fixture
3353|fixture
3354|fixture
3355|fixture
3356|fixture
3357|fixture
3358|fixture
3359|fixture
3360|fixture
3361|fixture
3362|fixture
3363|fixture
3364|fixture
3365|fixture
3366|fixture
3367|fixture
3368|fixture
3369|fixture
3370|fixture
3371|fixture
3372|fixture
3373|fixture
3374|fixture
3375|fixture
3376|fixture
3377|fixture
3378|fixture
3379|fixture
3380|fixture
3381|fixture
3382|fixture
3383|fixture
3384|fixture
3385|fixture
3386|fixture
3387|fixture
3388|fixture
3389|fixture
3390|fixture
3391|fixture
3392|fixture
3393|fixture
3394|fixture
3395|fixture
3396|fixture
3397|fixture
3398|fixture
3399|fixture
3400|fixture
3401|fixture
3402|fixture
3403|fixture
3404|fixture
3405|fixture
3406|fixture
3407|fixture
3408|fixture
3409|fixture
3410|fixture
3411|fixture
3412|fixture
3413|fixture
3414|fixture
3415|fixture
3416|fixture
3417|fixture
3418|fixture
3419|fixture
3420|fixture
3421|fixture
3422|fixture
3423|fixture
3424|fixture
3425|fixture
3426|fixture
3427|fixture
3428|fixture
3429|fixture
3430|fixture
3431|fixture
3432|fixture
3433|fixture
3434|fixture
3435|fixture
3436|fixture
3437|fixture
3438|fixture
3439|fixture
3440|fixture
3441|fixture
3442|fixture
3443|fixture
3444|fixture
3445|fixture
3446|fixture
3447|fixture
3448|fixture
3449|fixture
3450|fixture
3451|fixture
3452|fixture
3453|fixture
3454|fixture
3455|fixture
3456|fixture
3457|fixture
3458|fixture
3459|fixture
3460|fixture
3461|fixture
3462|fixture
3463|fixture
3464|fixture
3465|fixture
3466|fixture
3467|fixture
3468|fixture
3469|fixture
3470|fixture
3471|fixture
3472|fixture
3473|fixture
3474|fixture
3475|fixture
3476|fixture
3477|fixture
3478|fixture
3479|fixture
3480|fixture
3481|fixture
3482|fixture
3483|fixture
3484|fixture
3485|fixture
3486|fixture
3487|fixture
3488|fixture
3489|fixture
3490|fixture
3491|fixture
3492|fixture
3493|fixture
3494|fixture
3495|fixture
3496|fixture
3497|fixture
3498|fixture
3499|fixture
3500|fixture
3501|fixture
3502|fixture
3503|fixture
3504|fixture
3505|fixture
3506|fixture
3507|fixture
3508|fixture
3509|fixture
3510|fixture
3511|fixture
3512|fixture
3513|fixture
3514|fixture
3515|fixture
3516|fixture
3517|fixture
3518|fixture
3519|fixture
3520|fixture
3521|fixture
3522|fixture
3523|fixture
3524|fixture
3525|fixture
3526|fixture
3527|fixture
3528|fixture
3529|fixture
3530|fixture
3531|fixture
3532|fixture
3533|fixture
3534|fixture
3535|fixture
3536|fixture
3537|fixture
3538|fixture
3539|fixture
3540|fixture
3541|fixture
3542|fixture
3543|fixture
3544|fixture
3545|fixture
3546|fixture
3547|fixture
3548|fixture
3549|fixture
3550|fixture
3551|fixture
3552|fixture
3553|fixture
3554|fixture
3555|fixture
3556|fixture
3557|fixture
3558|fixture
3559|fixture
3560|fixture
3561|fixture
3562|fixture
3563|fixture
3564|fixture
3565|fixture
3566|fixture
3567|fixture
3568|fixture
3569|fixture
3570|fixture
3571|fixture
3572|fixture
3573|fixture
3574|fixture
3575|fixture
3576|fixture
3577|fixture
3578|fixture
3579|fixture
3580|fixture
3581|fixture
3582|fixture
3583|fixture
3584|fixture
3585|fixture
3586|fixture
3587|fixture
3588|fixture
3589|fixture
3590|fixture
3591|fixture
3592|fixture
3593|fixture
3594|fixture
3595|fixture
3596|fixture
3597|fixture
3598|fixture
3599|fixture
3600|fixture
3601|fixture
3602|fixture
3603|fixture
3604|fixture
3605|fixture
3606|fixture
3607|fixture
3608|fixture
3609|fixture
3610|fixture
3611|fixture
3612|fixture
3613|fixture
3614|fixture
3615|fixture
3616|fixture
3617|fixture
3618|fixture
3619|fixture
3620|fixture
3621|fixture
3622|fixture
3623|fixture
3624|fixture
3625|fixture
3626|fixture
3627|fixture
3628|fixture
3629|fixture
3630|fixture
3631|fixture
3632|fixture
3633|fixture
3634|fixture
3635|fixture
3636|fixture
3637|fixture
3638|fixture
3639|fixture
3640|fixture
3641|fixture
3642|fixture
3643|fixture
3644|fixture
3645|fixture
3646|fixture
3647|fixture
3648|fixture
3649|fixture
3650|fixture
3651|fixture
3652|fixture
3653|fixture
3654|fixture
3655|fixture
3656|fixture
3657|fixture
3658|fixture
3659|fixture
3660|fixture
3661|fixture
3662|fixture
3663|fixture
3664|fixture
3665|fixture
3666|fixture
3667|fixture
3668|fixture
3669|fixture
3670|fixture
3671|fixture
3672|fixture
3673|fixture
3674|fixture
3675|fixture
3676|fixture
3677|fixture
3678|fixture
3679|fixture
3680|fixture
3681|fixture
3682|fixture
3683|fixture
3684|fixture
3685|fixture
3686|fixture
3687|fixture
3688|fixture
3689|fixture
3690|fixture
3691|fixture
3692|fixture
3693|fixture
3694|fixture
3695|fixture
3696|fixture
3697|fixture
3698|fixture
3699|fixture
3700|fixture
3701|fixture
3702|fixture
3703|fixture
3704|fixture
3705|fixture
3706|fixture
3707|fixture
3708|fixture
3709|fixture
3710|fixture
3711|fixture
3712|fixture
3713|fixture
3714|fixture
3715|fixture
3716|fixture
3717|fixture
3718|fixture
3719|fixture
3720|fixture
3721|fixture
3722|fixture
3723|fixture
3724|fixture
3725|fixture
3726|fixture
3727|fixture
3728|fixture
3729|fixture
3730|fixture
3731|fixture
3732|fixture
3733|fixture
3734|fixture
3735|fixture
3736|fixture
3737|fixture
3738|fixture
3739|fixture
3740|fixture
3741|fixture
3742|fixture
3743|fixture
3744|fixture
3745|fixture
3746|fixture
3747|fixture
3748|fixture
3749|fixture
3750|fixture
3751|fixture
3752|fixture
3753|fixture
3754|fixture
3755|fixture
3756|fixture
3757|fixture
3758|fixture
3759|fixture
3760|fixture
3761|fixture
3762|fixture
3763|fixture
3764|fixture
3765|fixture
3766|fixture
3767|fixture
3768|fixture
3769|fixture
3770|fixture
3771|fixture
3772|fixture
3773|fixture
3774|fixture
3775|fixture
3776|fixture
3777|fixture
3778|fixture
3779|fixture
3780|fixture
3781|fixture
3782|fixture
3783|fixture
3784|fixture
3785|fixture
3786|fixture
3787|fixture
3788|fixture
3789|fixture
3790|fixture
3791|fixture
3792|fixture
3793|fixture
3794|fixture
3795|fixture
3796|fixture
3797|fixture
3798|fixture
3799|fixture
3800|fixture
3801|fixture
3802|fixture
3803|fixture
3804|fixture
3805|fixture
3806|fixture
3807|fixture
3808|fixture
3809|fixture
3810|fixture
3811|fixture
3812|fixture
3813|fixture
3814|fixture
3815|fixture
3816|fixture
3817|fixture
3818|fixture
3819|fixture
3820|fixture
3821|fixture
3822|fixture
3823|fixture
3824|fixture
3825|fixture
3826|fixture
3827|fixture
3828|fixture
3829|fixture
3830|fixture
3831|fixture
3832|fixture
3833|fixture
3834|fixture
3835|fixture
3836|fixture
3837|fixture
3838|fixture
3839|fixture
3840|fixture
3841|fixture
3842|fixture
3843|fixture
3844|fixture
3845|fixture
3846|fixture
3847|fixture
3848|fixture
3849|fixture
3850|fixture
3851|fixture
3852|fixture
3853|fixture
3854|fixture
3855|fixture
3856|fixture
3857|fixture
3858|fixture
3859|fixture
3860|fixture
3861|fixture
3862|fixture
3863|fixture
3864|fixture
3865|fixture
3866|fixture
3867|fixture
3868|fixture
3869|fixture
3870|fixture
3871|fixture
3872|fixture
3873|fixture
3874|fixture
3875|fixture
3876|fixture
3877|fixture
3878|fixture
3879|fixture
3880|fixture
3881|fixture
3882|fixture
3883|fixture
3884|fixture
3885|fixture
3886|fixture
3887|fixture
3888|fixture
3889|fixture
3890|fixture
3891|fixture
3892|fixture
3893|fixture
3894|fixture
3895|fixture
3896|fixture
3897|fixture
3898|fixture
3899|fixture
3900|fixture
3901|fixture
3902|fixture
3903|fixture
3904|fixture
3905|fixture
3906|fixture
3907|fixture
3908|fixture
3909|fixture
3910|fixture
3911|fixture
3912|fixture
3913|fixture
3914|fixture
3915|fixture
3916|fixture
3917|fixture
3918|fixture
3919|fixture
3920|fixture
3921|fixture
3922|fixture
3923|fixture
3924|fixture
3925|fixture
3926|fixture
3927|fixture
3928|fixture
3929|fixture
3930|fixture
3931|fixture
3932|fixture
3933|fixture
3934|fixture
3935|fixture
3936|fixture
3937|fixture
3938|fixture
3939|fixture
3940|fixture
3941|fixture
3942|fixture
3943|fixture
3944|fixture
3945|fixture
3946|fixture
3947|fixture
3948|fixture
3949|fixture
3950|fixture
3951|fixture
3952|fixture
3953|fixture
3954|fixture
3955|fixture
3956|fixture
3957|fixture
3958|fixture
3959|fixture
3960|fixture
3961|fixture
3962|fixture
3963|fixture
3964|fixture
3965|fixture
3966|fixture
3967|fixture
3968|fixture
3969|fixture
3970|fixture
3971|fixture
3972|fixture
3973|fixture
3974|fixture
3975|fixture
3976|fixture
3977|fixture
3978|fixture
3979|fixture
3980|fixture
3981|fixture
3982|fixture
3983|fixture
3984|fixture
3985|fixture
3986|fixture
3987|fixture
3988|fixture
3989|fixture
3990|fixture
3991|fixture
3992|fixture
3993|fixture
3994|fixture
3995|fixture
3996|fixture
3997|fixture
3998|fixture
3999|fixture
4000|fixture
4001|fixture
4002|fixture
4003|fixture
4004|fixture
4005|fixture
4006|fixture
4007|fixture
4008|fixture
4009|fixture
4010|fixture
4011|fixture
4012|fixture
4013|fixture
4014|fixture
4015|fixture
4016|fixture
4017|fixture
4018|fixture
4019|fixture
4020|fixture
4021|fixture
4022|fixture
4023|fixture
4024|fixture
4025|fixture
4026|fixture
4027|fixture
4028|fixture
4029|fixture
4030|fixture
4031|fixture
4032|fixture
4033|fixture
4034|fixture
4035|fixture
4036|fixture
4037|fixture
4038|fixture
4039|fixture
4040|fixture
4041|fixture
4042|fixture
4043|fixture
4044|fixture
4045|fixture
4046|fixture
4047|fixture
4048|fixture
4049|fixture
4050|fixture
4051|fixture
4052|fixture
4053|fixture
4054|fixture
4055|fixture
4056|fixture
4057|fixture
4058|fixture
4059|fixture
4060|fixture
4061|fixture
4062|fixture
4063|fixture
4064|fixture
4065|fixture
4066|fixture
4067|fixture
4068|fixture
4069|fixture
4070|fixture
4071|fixture
4072|fixture
4073|fixture
4074|fixture
4075|fixture
4076|fixture
4077|fixture
4078|fixture
4079|fixture
4080|fixture
4081|fixture
4082|fixture
4083|fixture
4084|fixture
4085|fixture
4086|fixture
4087|fixture
4088|fixture
4089|fixture
4090|fixture
4091|fixture
4092|fixture
4093|fixture
4094|fixture
4095|fixture
4096|fixture
4097|fixture
4098|fixture
4099|fixture
4100|fixture
4101|fixture
4102|fixture
4103|fixture
4104|fixture
4105|fixture
4106|fixture
4107|fixture
4108|fixture
4109|fixture
4110|fixture
4111|fixture
4112|fixture
4113|fixture
4114|fixture
4115|fixture
4116|fixture
4117|fixture
4118|fixture
4119|fixture
4120|fixture
4121|fixture
4122|fixture
4123|fixture
4124|fixture
4125|fixture
4126|fixture
4127|fixture
4128|fixture
4129|fixture
4130|fixture
4131|fixture
4132|fixture
4133|fixture
4134|fixture
4135|fixture
4136|fixture
4137|fixture
4138|fixture
4139|fixture
4140|fixture
4141|fixture
4142|fixture
4143|fixture
4144|fixture
4145|fixture
4146|fixture
4147|fixture
4148|fixture
4149|fixture
4150|fixture
4151|fixture
4152|fixture
4153|fixture
4154|fixture
4155|fixture
4156|fixture
4157|fixture
4158|fixture
4159|fixture
4160|fixture
4161|fixture
4162|fixture
4163|fixture
4164|fixture
4165|fixture
4166|fixture
4167|fixture
4168|fixture
4169|fixture
4170|fixture
4171|fixture
4172|fixture
4173|fixture
4174|fixture
4175|fixture
4176|fixture
4177|fixture
4178|fixture
4179|fixture
4180|fixture
4181|fixture
4182|fixture
4183|fixture
4184|fixture
4185|fixture
4186|fixture
4187|fixture
4188|fixture
4189|fixture
4190|fixture
4191|fixture
4192|fixture
4193|fixture
4194|fixture
4195|fixture
4196|fixture
4197|fixture
4198|fixture
4199|fixture
4200|fixture
4201|fixture
4202|fixture
4203|fixture
4204|fixture
4205|fixture
4206|fixture
4207|fixture
4208|fixture
4209|fixture
4210|fixture
4211|fixture
4212|fixture
4213|fixture
4214|fixture
4215|fixture
4216|fixture
4217|fixture
4218|fixture
4219|fixture
4220|fixture
4221|fixture
4222|fixture
4223|fixture
4224|fixture
4225|fixture
4226|fixture
4227|fixture
4228|fixture
4229|fixture
4230|fixture
4231|fixture
4232|fixture
4233|fixture
4234|fixture
4235|fixture
4236|fixture
4237|fixture
4238|fixture
4239|fixture
4240|fixture
4241|fixture
4242|fixture
4243|fixture
4244|fixture
4245|fixture
4246|fixture
4247|fixture
4248|fixture
4249|fixture
4250|fixture
4251|fixture
4252|fixture
4253|fixture
4254|fixture
4255|fixture
4256|fixture
4257|fixture
4258|fixture
4259|fixture
4260|fixture
4261|fixture
4262|fixture
4263|fixture
4264|fixture
4265|fixture
4266|fixture
4267|fixture
4268|fixture
4269|fixture
4270|fixture
4271|fixture
4272|fixture
4273|fixture
4274|fixture
4275|fixture
4276|fixture
4277|fixture
4278|fixture
4279|fixture
4280|fixture
4281|fixture
4282|fixture
4283|fixture
4284|fixture
4285|fixture
4286|fixture
4287|fixture
4288|fixture
4289|fixture
4290|fixture
4291|fixture
4292|fixture
4293|fixture
4294|fixture
4295|fixture
4296|fixture
4297|fixture
4298|fixture
4299|fixture
4300|fixture
4301|fixture
4302|fixture
4303|fixture
4304|fixture
4305|fixture
4306|fixture
4307|fixture
4308|fixture
4309|fixture
4310|fixture
4311|fixture
4312|fixture
4313|fixture
4314|fixture
4315|fixture
4316|fixture
4317|fixture
4318|fixture
4319|fixture
4320|fixture
4321|fixture
4322|fixture
4323|fixture
4324|fixture
4325|fixture
4326|fixture
4327|fixture
4328|fixture
4329|fixture
4330|fixture
4331|fixture
4332|fixture
4333|fixture
4334|fixture
4335|fixture
4336|fixture
4337|fixture
4338|fixture
4339|fixture
4340|fixture
4341|fixture
4342|fixture
4343|fixture
4344|fixture
4345|fixture
4346|fixture
4347|fixture
4348|fixture
4349|fixture
4350|fixture
4351|fixture
4352|fixture
4353|fixture
4354|fixture
4355|fixture
4356|fixture
4357|fixture
4358|fixture
4359|fixture
4360|fixture
4361|fixture
4362|fixture
4363|fixture
4364|fixture
4365|fixture
4366|fixture
4367|fixture
4368|fixture
4369|fixture
4370|fixture
4371|fixture
4372|fixture
4373|fixture
4374|fixture
4375|fixture
4376|fixture
4377|fixture
4378|fixture
4379|fixture
4380|fixture
4381|fixture
4382|fixture
4383|fixture
4384|fixture
4385|fixture
4386|fixture
4387|fixture
4388|fixture
4389|fixture
4390|fixture
4391|fixture
4392|fixture
4393|fixture
4394|fixture
4395|fixture
4396|fixture
4397|fixture
4398|fixture
4399|fixture
4400|fixture
4401|fixture
4402|fixture
4403|fixture
4404|fixture
4405|fixture
4406|fixture
4407|fixture
4408|fixture
4409|fixture
4410|fixture
4411|fixture
4412|fixture
4413|fixture
4414|fixture
4415|fixture
4416|fixture
4417|fixture
4418|fixture
4419|fixture
4420|fixture
4421|fixture
4422|fixture
4423|fixture
4424|fixture
4425|fixture
4426|fixture
4427|fixture
4428|fixture
4429|fixture
4430|fixture
4431|fixture
4432|fixture
4433|fixture
4434|fixture
4435|fixture
4436|fixture
4437|fixture
4438|fixture
4439|fixture
4440|fixture
4441|fixture
4442|fixture
4443|fixture
4444|fixture
4445|fixture
4446|fixture
4447|fixture
4448|fixture
4449|fixture
4450|fixture
4451|fixture
4452|fixture
4453|fixture
4454|fixture
4455|fixture
4456|fixture
4457|fixture
4458|fixture
4459|fixture
4460|fixture
4461|fixture
4462|fixture
4463|fixture
4464|fixture
4465|fixture
4466|fixture
4467|fixture
4468|fixture
4469|fixture
4470|fixture
4471|fixture
4472|fixture
4473|fixture
4474|fixture
4475|fixture
4476|fixture
4477|fixture
4478|fixture
4479|fixture
4480|fixture
4481|fixture
4482|fixture
4483|fixture
4484|fixture
4485|fixture
4486|fixture
4487|fixture
4488|fixture
4489|fixture
4490|fixture
4491|fixture
4492|fixture
4493|fixture
4494|fixture
4495|fixture
4496|fixture
4497|fixture
4498|fixture
4499|fixture
4500|fixture
4501|fixture
4502|fixture
4503|fixture
4504|fixture
4505|fixture
4506|fixture
4507|fixture
4508|fixture
4509|fixture
4510|fixture
4511|fixture
4512|fixture
4513|fixture
4514|fixture
4515|fixture
4516|fixture
4517|fixture
4518|fixture
4519|fixture
4520|fixture
4521|fixture
4522|fixture
4523|fixture
4524|fixture
4525|fixture
4526|fixture
4527|fixture
4528|fixture
4529|fixture
4530|fixture
4531|fixture
4532|fixture
4533|fixture
4534|fixture
4535|fixture
4536|fixture
4537|fixture
4538|fixture
4539|fixture
4540|fixture
4541|fixture
4542|fixture
4543|fixture
4544|fixture
4545|fixture
4546|fixture
4547|fixture
4548|fixture
4549|fixture
4550|fixture
4551|fixture
4552|fixture
4553|fixture
4554|fixture
4555|fixture
4556|fixture
4557|fixture
4558|fixture
4559|fixture
4560|fixture
4561|fixture
4562|fixture
4563|fixture
4564|fixture
4565|fixture
4566|fixture
4567|fixture
4568|fixture
4569|fixture
4570|fixture
4571|fixture
4572|fixture
4573|fixture
4574|fixture
4575|fixture
4576|fixture
4577|fixture
4578|fixture
4579|fixture
4580|fixture
4581|fixture
4582|fixture
4583|fixture
4584|fixture
4585|fixture
4586|fixture
4587|fixture
4588|fixture
4589|fixture
4590|fixture
4591|fixture
4592|fixture
4593|fixture
4594|fixture
4595|fixture
4596|fixture
4597|fixture
4598|fixture
4599|fixture
4600|fixture
4601|fixture
4602|fixture
4603|fixture
4604|fixture
4605|fixture
4606|fixture
4607|fixture
4608|fixture
4609|fixture
4610|fixture
4611|fixture
4612|fixture
4613|fixture
4614|fixture
4615|fixture
4616|fixture
4617|fixture
4618|fixture
4619|fixture
4620|fixture
4621|fixture
4622|fixture
4623|fixture
4624|fixture
4625|fixture
4626|fixture
4627|fixture
4628|fixture
4629|fixture
4630|fixture
4631|fixture
4632|fixture
4633|fixture
4634|fixture
4635|fixture
4636|fixture
4637|fixture
4638|fixture
4639|fixture
4640|fixture
4641|fixture
4642|fixture
4643|fixture
4644|fixture
4645|fixture
4646|fixture
4647|fixture
4648|fixture
4649|fixture
4650|fixture
4651|fixture
4652|fixture
4653|fixture
4654|fixture
4655|fixture
4656|fixture
4657|fixture
4658|fixture
4659|fixture
4660|fixture
4661|fixture
4662|fixture
4663|fixture
4664|fixture
4665|fixture
4666|fixture
4667|fixture
4668|fixture
4669|fixture
4670|fixture
4671|fixture
4672|fixture
4673|fixture
4674|fixture
4675|fixture
4676|fixture
4677|fixture
4678|fixture
4679|fixture
4680|fixture
4681|fixture
4682|fixture
4683|fixture
4684|fixture
4685|fixture
4686|fixture
4687|fixture
4688|fixture
4689|fixture
4690|fixture
4691|fixture
4692|fixture
4693|fixture
4694|fixture
4695|fixture
4696|fixture
4697|fixture
4698|fixture
4699|fixture
4700|fixture
4701|fixture
4702|fixture
4703|fixture
4704|fixture
4705|fixture
4706|fixture
4707|fixture
4708|fixture
4709|fixture
4710|fixture
4711|fixture
4712|fixture
4713|fixture
4714|fixture
4715|fixture
4716|fixture
4717|fixture
4718|fixture
4719|fixture
4720|fixture
4721|fixture
4722|fixture
4723|fixture
4724|fixture
4725|fixture
4726|fixture
4727|fixture
4728|fixture
4729|fixture
4730|fixture
4731|fixture
4732|fixture
4733|fixture
4734|fixture
4735|fixture
4736|fixture
4737|fixture
4738|fixture
4739|fixture
4740|fixture
4741|fixture
4742|fixture
4743|fixture
4744|fixture
4745|fixture
4746|fixture
4747|fixture
4748|fixture
4749|fixture
4750|fixture
4751|fixture
4752|fixture
4753|fixture
4754|fixture
4755|fixture
4756|fixture
4757|fixture
4758|fixture
4759|fixture
4760|fixture
4761|fixture
4762|fixture
4763|fixture
4764|fixture
4765|fixture
4766|fixture
4767|fixture
4768|fixture
4769|fixture
4770|fixture
4771|fixture
4772|fixture
4773|fixture
4774|fixture
4775|fixture
4776|fixture
4777|fixture
4778|fixture
4779|fixture
4780|fixture
4781|fixture
4782|fixture
4783|fixture
4784|fixture
4785|fixture
4786|fixture
4787|fixture
4788|fixture
4789|fixture
4790|fixture
4791|fixture
4792|fixture
4793|fixture
4794|fixture
4795|fixture
4796|fixture
4797|fixture
4798|fixture
4799|fixture
4800|fixture
4801|fixture
4802|fixture
4803|fixture
4804|fixture
4805|fixture
4806|fixture
4807|fixture
4808|fixture
4809|fixture
4810|fixture
4811|fixture
4812|fixture
4813|fixture
4814|fixture
4815|fixture
4816|fixture
4817|fixture
4818|fixture
4819|fixture
4820|fixture
4821|fixture
4822|fixture
4823|fixture
4824|fixture
4825|fixture
4826|fixture
4827|fixture
4828|fixture
4829|fixture
4830|fixture
4831|fixture
4832|fixture
4833|fixture
4834|fixture
4835|fixture
4836|fixture
4837|fixture
4838|fixture
4839|fixture
4840|fixture
4841|fixture
4842|fixture
4843|fixture
4844|fixture
4845|fixture
4846|fixture
4847|fixture
4848|fixture
4849|fixture
4850|fixture
4851|fixture
4852|fixture
4853|fixture
4854|fixture
4855|fixture
4856|fixture
4857|fixture
4858|fixture
4859|fixture
4860|fixture
4861|fixture
4862|fixture
4863|fixture
4864|fixture
4865|fixture
4866|fixture
4867|fixture
4868|fixture
4869|fixture
4870|fixture
4871|fixture
4872|fixture
4873|fixture
4874|fixture
4875|fixture
4876|fixture
4877|fixture
4878|fixture
4879|fixture
4880|fixture
4881|fixture
4882|fixture
4883|fixture
4884|fixture
4885|fixture
4886|fixture
4887|fixture
4888|fixture
4889|fixture
4890|fixture
4891|fixture
4892|fixture
4893|fixture
4894|fixture
4895|fixture
4896|fixture
4897|fixture
4898|fixture
4899|fixture
4900|fixture
4901|fixture
4902|fixture
4903|fixture
4904|fixture
4905|fixture
4906|fixture
4907|fixture
4908|fixture
4909|fixture
4910|fixture
4911|fixture
4912|fixture
4913|fixture
4914|fixture
4915|fixture
4916|fixture
4917|fixture
4918|fixture
4919|fixture
4920|fixture
4921|fixture
4922|fixture
4923|fixture
4924|fixture
4925|fixture
4926|fixture
4927|fixture
4928|fixture
4929|fixture
4930|fixture
4931|fixture
4932|fixture
4933|fixture
4934|fixture
4935|fixture
4936|fixture
4937|fixture
4938|fixture
4939|fixture
4940|fixture
4941|fixture
4942|fixture
4943|fixture
4944|fixture
4945|fixture
4946|fixture
4947|fixture
4948|fixture
4949|fixture
4950|fixture
4951|fixture
4952|fixture
4953|fixture
4954|fixture
4955|fixture
4956|fixture
4957|fixture
4958|fixture
4959|fixture
4960|fixture
4961|fixture
4962|fixture
4963|fixture
4964|fixture
4965|fixture
4966|fixture
4967|fixture
4968|fixture
4969|fixture
4970|fixture
4971|fixture
4972|fixture
4973|fixture
4974|fixture
4975|fixture
4976|fixture
4977|fixture
4978|fixture
4979|fixture
4980|fixture
4981|fixture
4982|fixture
4983|fixture
4984|fixture
4985|fixture
4986|fixture
4987|fixture
4988|fixture
4989|fixture
4990|fixture
4991|fixture
4992|fixture
4993|fixture
4994|fixture
4995|fixture
4996|fixture
4997|fixture
4998|fixture
4999|fixture
5000|fixture
5001|fixture
5002|fixture
5003|fixture
5004|fixture
5005|fixture
5006|fixture
5007|fixture
5008|fixture
5009|fixture
5010|fixture
5011|fixture
5012|fixture
5013|fixture
5014|fixture
5015|fixture
5016|fixture
5017|fixture
5018|fixture
5019|fixture
5020|fixture
5021|fixture
5022|fixture
5023|fixture
5024|fixture
5025|fixture
5026|fixture
5027|fixture
5028|fixture
5029|fixture
5030|fixture
5031|fixture
5032|fixture
5033|fixture
5034|fixture
5035|fixture
5036|fixture
5037|fixture
5038|fixture
5039|fixture
5040|fixture
5041|fixture
5042|fixture
5043|fixture
5044|fixture
5045|fixture
5046|fixture
5047|fixture
5048|fixture
5049|fixture
5050|fixture
5051|fixture
5052|fixture
5053|fixture
5054|fixture
5055|fixture
5056|fixture
5057|fixture
5058|fixture
5059|fixture
5060|fixture
5061|fixture
5062|fixture
5063|fixture
5064|fixture
5065|fixture
5066|fixture
5067|fixture
5068|fixture
5069|fixture
5070|fixture
5071|fixture
5072|fixture
5073|fixture
5074|fixture
5075|fixture
5076|fixture
5077|fixture
5078|fixture
5079|fixture
5080|fixture
5081|fixture
5082|fixture
5083|fixture
5084|fixture
5085|fixture
5086|fixture
5087|fixture
5088|fixture
5089|fixture
5090|fixture
5091|fixture
5092|fixture
5093|fixture
5094|fixture
5095|fixture
5096|fixture
5097|fixture
5098|fixture
5099|fixture
5100|fixture
5101|fixture
5102|fixture
5103|fixture
5104|fixture
5105|fixture
5106|fixture
5107|fixture
5108|fixture
5109|fixture
5110|fixture
5111|fixture
5112|fixture
5113|fixture
5114|fixture
5115|fixture
5116|fixture
5117|fixture
5118|fixture
5119|fixture
5120|fixture
5121|fixture
5122|fixture
5123|fixture
5124|fixture
5125|fixture
5126|fixture
5127|fixture
5128|fixture
5129|fixture
5130|fixture
5131|fixture
5132|fixture
5133|fixture
5134|fixture
5135|fixture
5136|fixture
5137|fixture
5138|fixture
5139|fixture
5140|fixture
5141|fixture
5142|fixture
5143|fixture
5144|fixture
5145|fixture
5146|fixture
5147|fixture
5148|fixture
5149|fixture
5150|fixture
5151|fixture
5152|fixture
5153|fixture
5154|fixture
5155|fixture
5156|fixture
5157|fixture
5158|fixture
5159|fixture
5160|fixture
5161|fixture
5162|fixture
5163|fixture
5164|fixture
5165|fixture
5166|fixture
5167|fixture
5168|fixture
5169|fixture
5170|fixture
5171|fixture
5172|fixture
5173|fixture
5174|fixture
5175|fixture
5176|fixture
5177|fixture
5178|fixture
5179|fixture
5180|fixture
5181|fixture
5182|fixture
5183|fixture
5184|fixture
5185|fixture
5186|fixture
5187|fixture
5188|fixture
5189|fixture
5190|fixture
5191|fixture
5192|fixture
5193|fixture
5194|fixture
5195|fixture
5196|fixture
5197|fixture
5198|fixture
5199|fixture
5200|fixture
5201|fixture
5202|fixture
5203|fixture
5204|fixture
5205|fixture
5206|fixture
5207|fixture
5208|fixture
5209|fixture
5210|fixture
5211|fixture
5212|fixture
5213|fixture
5214|fixture
5215|fixture
5216|fixture
5217|fixture
5218|fixture
5219|fixture
5220|fixture
5221|fixture
5222|fixture
5223|fixture
5224|fixture
5225|fixture
5226|fixture
5227|fixture
5228|fixture
5229|fixture
5230|fixture
5231|fixture
5232|fixture
5233|fixture
5234|fixture
5235|fixture
5236|fixture
5237|fixture
5238|fixture
5239|fixture
5240|fixture
5241|fixture
5242|fixture
5243|fixture
5244|fixture
5245|fixture
5246|fixture
5247|fixture
5248|fixture
5249|fixture
5250|fixture
5251|fixture
5252|fixture
5253|fixture
5254|fixture
5255|fixture
5256|fixture
5257|fixture
5258|fixture
5259|fixture
5260|fixture
5261|fixture
5262|fixture
5263|fixture
5264|fixture
5265|fixture
5266|fixture
5267|fixture
5268|fixture
5269|fixture
5270|fixture
5271|fixture
5272|fixture
5273|fixture
5274|fixture
5275|fixture
5276|fixture
5277|fixture
5278|fixture
5279|fixture
5280|fixture
5281|fixture
5282|fixture
5283|fixture
5284|fixture
5285|fixture
5286|fixture
5287|fixture
5288|fixture
5289|fixture
5290|fixture
5291|fixture
5292|fixture
5293|fixture
5294|fixture
5295|fixture
5296|fixture
5297|fixture
5298|fixture
5299|fixture
5300|fixture
5301|fixture
5302|fixture
5303|fixture
5304|fixture
5305|fixture
5306|fixture
5307|fixture
5308|fixture
5309|fixture
5310|fixture
5311|fixture
5312|fixture
5313|fixture
5314|fixture
5315|fixture
5316|fixture
5317|fixture
5318|fixture
5319|fixture
5320|fixture
5321|fixture
5322|fixture
5323|fixture
5324|fixture
5325|fixture
5326|fixture
5327|fixture
5328|fixture
5329|fixture
5330|fixture
5331|fixture
5332|fixture
5333|fixture
5334|fixture
5335|fixture
5336|fixture
5337|fixture
5338|fixture
5339|fixture
5340|fixture
5341|fixture
5342|fixture
5343|fixture
5344|fixture
5345|fixture
5346|fixture
5347|fixture
5348|fixture
5349|fixture
5350|fixture
5351|fixture
5352|fixture
5353|fixture
5354|fixture
5355|fixture
5356|fixture
5357|fixture
5358|fixture
5359|fixture
5360|fixture
5361|fixture
5362|fixture
5363|fixture
5364|fixture
5365|fixture
5366|fixture
5367|fixture
5368|fixture
5369|fixture
5370|fixture
5371|fixture
5372|fixture
5373|fixture
5374|fixture
5375|fixture
5376|fixture
5377|fixture
5378|fixture
5379|fixture
5380|fixture
5381|fixture
5382|fixture
5383|fixture
5384|fixture
5385|fixture
5386|fixture
5387|fixture
5388|fixture
5389|fixture
5390|fixture
5391|fixture
5392|fixture
5393|fixture
5394|fixture
5395|fixture
5396|fixture
5397|fixture
5398|fixture
5399|fixture
5400|fixture
5401|fixture
5402|fixture
5403|fixture
5404|fixture
5405|fixture
5406|fixture
5407|fixture
5408|fixture
5409|fixture
5410|fixture
5411|fixture
5412|fixture
5413|fixture
5414|fixture
5415|fixture
5416|fixture
5417|fixture
5418|fixture
5419|fixture
5420|fixture
5421|fixture
5422|fixture
5423|fixture
5424|fixture
5425|fixture
5426|fixture
5427|fixture
5428|fixture
5429|fixture
5430|fixture
5431|fixture
5432|fixture
5433|fixture
5434|fixture
5435|fixture
5436|fixture
5437|fixture
5438|fixture
5439|fixture
5440|fixture
5441|fixture
5442|fixture
5443|fixture
5444|fixture
5445|fixture
5446|fixture
5447|fixture
5448|fixture
5449|fixture
5450|fixture
5451|fixture
5452|fixture
5453|fixture
5454|fixture
5455|fixture
5456|fixture
5457|fixture
5458|fixture
5459|fixture
5460|fixture
5461|fixture
5462|fixture
5463|fixture
5464|fixture
5465|fixture
5466|fixture
5467|fixture
5468|fixture
5469|fixture
5470|fixture
5471|fixture
5472|fixture
5473|fixture
5474|fixture
5475|fixture
5476|fixture
5477|fixture
5478|fixture
5479|fixture
5480|fixture
5481|fixture
5482|fixture
5483|fixture
5484|fixture
5485|fixture
5486|fixture
5487|fixture
5488|fixture
5489|fixture
5490|fixture
5491|fixture
5492|fixture
5493|fixture
5494|fixture
5495|fixture
5496|fixture
5497|fixture
5498|fixture
5499|fixture
5500|fixture
5501|fixture
5502|fixture
5503|fixture
5504|fixture
5505|fixture
5506|fixture
5507|fixture
5508|fixture
5509|fixture
5510|fixture
5511|fixture
5512|fixture
5513|fixture
5514|fixture
5515|fixture
5516|fixture
5517|fixture
5518|fixture
5519|fixture
5520|fixture
5521|fixture
5522|fixture
5523|fixture
5524|fixture
5525|fixture
5526|fixture
5527|fixture
5528|fixture
5529|fixture
5530|fixture
5531|fixture
5532|fixture
5533|fixture
5534|fixture
5535|fixture
5536|fixture
5537|fixture
5538|fixture
5539|fixture
5540|fixture
5541|fixture
5542|fixture
5543|fixture
5544|fixture
5545|fixture
5546|fixture
5547|fixture
5548|fixture
5549|fixture
5550|fixture
5551|fixture
5552|fixture
5553|fixture
5554|fixture
5555|fixture
5556|fixture
5557|fixture
5558|fixture
5559|fixture
5560|fixture
5561|fixture
5562|fixture
5563|fixture
5564|fixture
5565|fixture
5566|fixture
5567|fixture
5568|fixture
5569|fixture
5570|fixture
5571|fixture
5572|fixture
5573|fixture
5574|fixture
5575|fixture
5576|fixture
5577|fixture
5578|fixture
5579|fixture
5580|fixture
5581|fixture
5582|fixture
5583|fixture
5584|fixture
5585|fixture
5586|fixture
5587|fixture
5588|fixture
5589|fixture
5590|fixture
5591|fixture
5592|fixture
5593|fixture
5594|fixture
5595|fixture
5596|fixture
5597|fixture
5598|fixture
5599|fixture
5600|fixture
5601|fixture
5602|fixture
5603|fixture
5604|fixture
5605|fixture
5606|fixture
5607|fixture
5608|fixture
5609|fixture
5610|fixture
5611|fixture
5612|fixture
5613|fixture
5614|fixture
5615|fixture
5616|fixture
5617|fixture
5618|fixture
5619|fixture
5620|fixture
5621|fixture
5622|fixture
5623|fixture
5624|fixture
5625|fixture
5626|fixture
5627|fixture
5628|fixture
5629|fixture
5630|fixture
5631|fixture
5632|fixture
5633|fixture
5634|fixture
5635|fixture
5636|fixture
5637|fixture
5638|fixture
5639|fixture
5640|fixture
5641|fixture
5642|fixture
5643|fixture
5644|fixture
5645|fixture
5646|fixture
5647|fixture
5648|fixture
5649|fixture
5650|fixture
5651|fixture
5652|fixture
5653|fixture
5654|fixture
5655|fixture
5656|fixture
5657|fixture
5658|fixture
5659|fixture
5660|fixture
5661|fixture
5662|fixture
5663|fixture
5664|fixture
5665|fixture
5666|fixture
5667|fixture
5668|fixture
5669|fixture
5670|fixture
5671|fixture
5672|fixture
5673|fixture
5674|fixture
5675|fixture
5676|fixture
5677|fixture
5678|fixture
5679|fixture
5680|fixture
5681|fixture
5682|fixture
5683|fixture
5684|fixture
5685|fixture
5686|fixture
5687|fixture
5688|fixture
5689|fixture
5690|fixture
5691|fixture
5692|fixture
5693|fixture
5694|fixture
5695|fixture
5696|fixture
5697|fixture
5698|fixture
5699|fixture
5700|fixture
5701|fixture
5702|fixture
5703|fixture
5704|fixture
5705|fixture
5706|fixture
5707|fixture
5708|fixture
5709|fixture
5710|fixture
5711|fixture
5712|fixture
5713|fixture
5714|fixture
5715|fixture
5716|fixture
5717|fixture
5718|fixture
5719|fixture
5720|fixture
5721|fixture
5722|fixture
5723|fixture
5724|fixture
5725|fixture
5726|fixture
5727|fixture
5728|fixture
5729|fixture
5730|fixture
5731|fixture
5732|fixture
5733|fixture
5734|fixture
5735|fixture
5736|fixture
5737|fixture
5738|fixture
5739|fixture
5740|fixture
5741|fixture
5742|fixture
5743|fixture
5744|fixture
5745|fixture
5746|fixture
5747|fixture
5748|fixture
5749|fixture
5750|fixture
5751|fixture
5752|fixture
5753|fixture
5754|fixture
5755|fixture
5756|fixture
5757|fixture
5758|fixture
5759|fixture
5760|fixture
5761|fixture
5762|fixture
5763|fixture
5764|fixture
5765|fixture
5766|fixture
5767|fixture
5768|fixture
5769|fixture
5770|fixture
5771|fixture
5772|fixture
5773|fixture
5774|fixture
5775|fixture
5776|fixture
5777|fixture
5778|fixture
5779|fixture
5780|fixture
5781|fixture
5782|fixture
5783|fixture
5784|fixture
5785|fixture
5786|fixture
5787|fixture
5788|fixture
5789|fixture
5790|fixture
5791|fixture
5792|fixture
5793|fixture
5794|fixture
5795|fixture
5796|fixture
5797|fixture
5798|fixture
5799|fixture
5800|fixture
5801|fixture
5802|fixture
5803|fixture
5804|fixture
5805|fixture
5806|fixture
5807|fixture
5808|fixture
5809|fixture
5810|fixture
5811|fixture
5812|fixture
5813|fixture
5814|fixture
5815|fixture
5816|fixture
5817|fixture
5818|fixture
5819|fixture
5820|fixture
5821|fixture
5822|fixture
5823|fixture
5824|fixture
5825|fixture
5826|fixture
5827|fixture
5828|fixture
5829|fixture
5830|fixture
5831|fixture
5832|fixture
5833|fixture
5834|fixture
5835|fixture
5836|fixture
5837|fixture
5838|fixture
5839|fixture
5840|fixture
5841|fixture
5842|fixture
5843|fixture
5844|fixture
5845|fixture
5846|fixture
5847|fixture
5848|fixture
5849|fixture
5850|fixture
5851|fixture
5852|fixture
5853|fixture
5854|fixture
5855|fixture
5856|fixture
5857|fixture
5858|fixture
5859|fixture
5860|fixture
5861|fixture
5862|fixture
5863|fixture
5864|fixture
5865|fixture
5866|fixture
5867|fixture
5868|fixture
5869|fixture
5870|fixture
5871|fixture
5872|fixture
5873|fixture
5874|fixture
5875|fixture
5876|fixture
5877|fixture
5878|fixture
5879|fixture
5880|fixture
5881|fixture
5882|fixture
5883|fixture
5884|fixture
5885|fixture
5886|fixture
5887|fixture
5888|fixture
5889|fixture
5890|fixture
5891|fixture
5892|fixture
5893|fixture
5894|fixture
5895|fixture
5896|fixture
5897|fixture
5898|fixture
5899|fixture
5900|fixture
5901|fixture
5902|fixture
5903|fixture
5904|fixture
5905|fixture
5906|fixture
5907|fixture
5908|fixture
5909|fixture
5910|fixture
5911|fixture
5912|fixture
5913|fixture
5914|fixture
5915|fixture
5916|fixture
5917|fixture
5918|fixture
5919|fixture
5920|fixture
5921|fixture
5922|fixture
5923|fixture
5924|fixture
5925|fixture
5926|fixture
5927|fixture
5928|fixture
5929|fixture
5930|fixture
5931|fixture
5932|fixture
5933|fixture
5934|fixture
5935|fixture
5936|fixture
5937|fixture
5938|fixture
5939|fixture
5940|fixture
5941|fixture
5942|fixture
5943|fixture
5944|fixture
5945|fixture
5946|fixture
5947|fixture
5948|fixture
5949|fixture
5950|fixture
5951|fixture
5952|fixture
5953|fixture
5954|fixture
5955|fixture
5956|fixture
5957|fixture
5958|fixture
5959|fixture
5960|fixture
5961|fixture
5962|fixture
5963|fixture
5964|fixture
5965|fixture
5966|fixture
5967|fixture
5968|fixture
5969|fixture
5970|fixture
5971|fixture
5972|fixture
5973|fixture
5974|fixture
5975|fixture
5976|fixture
5977|fixture
5978|fixture
5979|fixture
5980|fixture
5981|fixture
5982|fixture
5983|fixture
5984|fixture
5985|fixture
5986|fixture
5987|fixture
5988|fixture
5989|fixture
5990|fixture
5991|fixture
5992|fixture
5993|fixture
5994|fixture
5995|fixture
5996|fixture
5997|fixture
5998|fixture
5999|fixture
6000|fixture
6001|fixture
6002|fixture
6003|fixture
6004|fixture
6005|fixture
6006|fixture
6007|fixture
6008|fixture
6009|fixture
6010|fixture
6011|fixture
6012|fixture
6013|fixture
6014|fixture
6015|fixture
6016|fixture
6017|fixture
6018|fixture
6019|fixture
6020|fixture
6021|fixture
6022|fixture
6023|fixture
6024|fixture
6025|fixture
6026|fixture
6027|fixture
6028|fixture
6029|fixture
6030|fixture
6031|fixture
6032|fixture
6033|fixture
6034|fixture
6035|fixture
6036|fixture
6037|fixture
6038|fixture
6039|fixture
6040|fixture
6041|fixture
6042|fixture
6043|fixture
6044|fixture
6045|fixture
6046|fixture
6047|fixture
6048|fixture
6049|fixture
6050|fixture
6051|fixture
6052|fixture
6053|fixture
6054|fixture
6055|fixture
6056|fixture
6057|fixture
6058|fixture
6059|fixture
6060|fixture
6061|fixture
6062|fixture
6063|fixture
6064|fixture
6065|fixture
6066|fixture
6067|fixture
6068|fixture
6069|fixture
6070|fixture
6071|fixture
6072|fixture
6073|fixture
6074|fixture
6075|fixture
6076|fixture
6077|fixture
6078|fixture
6079|fixture
6080|fixture
6081|fixture
6082|fixture
6083|fixture
6084|fixture
6085|fixture
6086|fixture
6087|fixture
6088|fixture
6089|fixture
6090|fixture
6091|fixture
6092|fixture
6093|fixture
6094|fixture
6095|fixture
6096|fixture
6097|fixture
6098|fixture
6099|fixture
6100|fixture
6101|fixture
6102|fixture
6103|fixture
6104|fixture
6105|fixture
6106|fixture
6107|fixture
6108|fixture
6109|fixture
6110|fixture
6111|fixture
6112|fixture
6113|fixture
6114|fixture
6115|fixture
6116|fixture
6117|fixture
6118|fixture
6119|fixture
6120|fixture
6121|fixture
6122|fixture
6123|fixture
6124|fixture
6125|fixture
6126|fixture
6127|fixture
6128|fixture
6129|fixture
6130|fixture
6131|fixture
6132|fixture
6133|fixture
6134|fixture
6135|fixture
6136|fixture
6137|fixture
6138|fixture
6139|fixture
6140|fixture
6141|fixture
6142|fixture
6143|fixture
6144|fixture
6145|fixture
6146|fixture
6147|fixture
6148|fixture
6149|fixture
6150|fixture
6151|fixture
6152|fixture
6153|fixture
6154|fixture
6155|fixture
6156|fixture
6157|fixture
6158|fixture
6159|fixture
6160|fixture
6161|fixture
6162|fixture
6163|fixture
6164|fixture
6165|fixture
6166|fixture
6167|fixture
6168|fixture
6169|fixture
6170|fixture
6171|fixture
6172|fixture
6173|fixture
6174|fixture
6175|fixture
6176|fixture
6177|fixture
6178|fixture
6179|fixture
6180|fixture
6181|fixture
6182|fixture
6183|fixture
6184|fixture
6185|fixture
6186|fixture
6187|fixture
6188|fixture
6189|fixture
6190|fixture
6191|fixture
6192|fixture
6193|fixture
6194|fixture
6195|fixture
6196|fixture
6197|fixture
6198|fixture
6199|fixture
6200|fixture
6201|fixture
6202|fixture
6203|fixture
6204|fixture
6205|fixture
6206|fixture
6207|fixture
6208|fixture
6209|fixture
6210|fixture
6211|fixture
6212|fixture
6213|fixture
6214|fixture
6215|fixture
6216|fixture
6217|fixture
6218|fixture
6219|fixture
6220|fixture
6221|fixture
6222|fixture
6223|fixture
6224|fixture
6225|fixture
6226|fixture
6227|fixture
6228|fixture
6229|fixture
6230|fixture
6231|fixture
6232|fixture
6233|fixture
6234|fixture
6235|fixture
6236|fixture
6237|fixture
6238|fixture
6239|fixture
6240|fixture
6241|fixture
6242|fixture
6243|fixture
6244|fixture
6245|fixture
6246|fixture
6247|fixture
6248|fixture
6249|fixture
6250|fixture
6251|fixture
6252|fixture
6253|fixture
6254|fixture
6255|fixture
6256|fixture
6257|fixture
6258|fixture
6259|fixture
6260|fixture
6261|fixture
6262|fixture
6263|fixture
6264|fixture
6265|fixture
6266|fixture
6267|fixture
6268|fixture
6269|fixture
6270|fixture
6271|fixture
6272|fixture
6273|fixture
6274|fixture
6275|fixture
6276|fixture
6277|fixture
6278|fixture
6279|fixture
6280|fixture
6281|fixture
6282|fixture
6283|fixture
6284|fixture
6285|fixture
6286|fixture
6287|fixture
6288|fixture
6289|fixture
6290|fixture
6291|fixture
6292|fixture
6293|fixture
6294|fixture
6295|fixture
6296|fixture
6297|fixture
6298|fixture
6299|fixture
6300|fixture
6301|fixture
6302|fixture
6303|fixture
6304|fixture
6305|fixture
6306|fixture
6307|fixture
6308|fixture
6309|fixture
6310|fixture
6311|fixture
6312|fixture
6313|fixture
6314|fixture
6315|fixture
6316|fixture
6317|fixture
6318|fixture
6319|fixture
6320|fixture
6321|fixture
6322|fixture
6323|fixture
6324|fixture
6325|fixture
6326|fixture
6327|fixture
6328|fixture
6329|fixture
6330|fixture
6331|fixture
6332|fixture
6333|fixture
6334|fixture
6335|fixture
6336|fixture
6337|fixture
6338|fixture
6339|fixture
6340|fixture
6341|fixture
6342|fixture
6343|fixture
6344|fixture
6345|fixture
6346|fixture
6347|fixture
6348|fixture
6349|fixture
6350|fixture
6351|fixture
6352|fixture
6353|fixture
6354|fixture
6355|fixture
6356|fixture
6357|fixture
6358|fixture
6359|fixture
6360|fixture
6361|fixture
6362|fixture
6363|fixture
6364|fixture
6365|fixture
6366|fixture
6367|fixture
6368|fixture
6369|fixture
6370|fixture
6371|fixture
6372|fixture
6373|fixture
6374|fixture
6375|fixture
6376|fixture
6377|fixture
6378|fixture
6379|fixture
6380|fixture
6381|fixture
6382|fixture
6383|fixture
6384|fixture
6385|fixture
6386|fixture
6387|fixture
6388|fixture
6389|fixture
6390|fixture
6391|fixture
6392|fixture
6393|fixture
6394|fixture
6395|fixture
6396|fixture
6397|fixture
6398|fixture
6399|fixture
6400|fixture
6401|fixture
6402|fixture
6403|fixture
6404|fixture
6405|fixture
6406|fixture
6407|fixture
6408|fixture
6409|fixture
6410|fixture
6411|fixture
6412|fixture
6413|fixture
6414|fixture
6415|fixture
6416|fixture
6417|fixture
6418|fixture
6419|fixture
6420|fixture
6421|fixture
6422|fixture
6423|fixture
6424|fixture
6425|fixture
6426|fixture
6427|fixture
6428|fixture
6429|fixture
6430|fixture
6431|fixture
6432|fixture
6433|fixture
6434|fixture
6435|fixture
6436|fixture
6437|fixture
6438|fixture
6439|fixture
6440|fixture
6441|fixture
6442|fixture
6443|fixture
6444|fixture
6445|fixture
6446|fixture
6447|fixture
6448|fixture
6449|fixture
6450|fixture
6451|fixture
6452|fixture
6453|fixture
6454|fixture
6455|fixture
6456|fixture
6457|fixture
6458|fixture
6459|fixture
6460|fixture
6461|fixture
6462|fixture
6463|fixture
6464|fixture
6465|fixture
6466|fixture
6467|fixture
6468|fixture
6469|fixture
6470|fixture
6471|fixture
6472|fixture
6473|fixture
6474|fixture
6475|fixture
6476|fixture
6477|fixture
6478|fixture
6479|fixture
6480|fixture
6481|fixture
6482|fixture
6483|fixture
6484|fixture
6485|fixture
6486|fixture
6487|fixture
6488|fixture
6489|fixture
6490|fixture
6491|fixture
6492|fixture
6493|fixture
6494|fixture
6495|fixture
6496|fixture
6497|fixture
6498|fixture
6499|fixture
6500|fixture
6501|fixture
6502|fixture
6503|fixture
6504|fixture
6505|fixture
6506|fixture
6507|fixture
6508|fixture
6509|fixture
6510|fixture
6511|fixture
6512|fixture
6513|fixture
6514|fixture
6515|fixture
6516|fixture
6517|fixture
6518|fixture
6519|fixture
6520|fixture
6521|fixture
6522|fixture
6523|fixture
6524|fixture
6525|fixture
6526|fixture
6527|fixture
6528|fixture
6529|fixture
6530|fixture
6531|fixture
6532|fixture
6533|fixture
6534|fixture
6535|fixture
6536|fixture
6537|fixture
6538|fixture
6539|fixture
6540|fixture
6541|fixture
6542|fixture
6543|fixture
6544|fixture
6545|fixture
6546|fixture
6547|fixture
6548|fixture
6549|fixture
6550|fixture
6551|fixture
6552|fixture
6553|fixture
6554|fixture
6555|fixture
6556|fixture
6557|fixture
6558|fixture
6559|fixture
6560|fixture
6561|fixture
6562|fixture
6563|fixture
6564|fixture
6565|fixture
6566|fixture
6567|fixture
6568|fixture
6569|fixture
6570|fixture
6571|fixture
6572|fixture
6573|fixture
6574|fixture
6575|fixture
6576|fixture
6577|fixture
6578|fixture
6579|fixture
6580|fixture
6581|fixture
6582|fixture
6583|fixture
6584|fixture
6585|fixture
6586|fixture
6587|fixture
6588|fixture
6589|fixture
6590|fixture
6591|fixture
6592|fixture
6593|fixture
6594|fixture
6595|fixture
6596|fixture
6597|fixture
6598|fixture
6599|fixture
6600|fixture
6601|fixture
6602|fixture
6603|fixture
6604|fixture
6605|fixture
6606|fixture
6607|fixture
6608|fixture
6609|fixture
6610|fixture
6611|fixture
6612|fixture
6613|fixture
6614|fixture
6615|fixture
6616|fixture
6617|fixture
6618|fixture
6619|fixture
6620|fixture
6621|fixture
6622|fixture
6623|fixture
6624|fixture
6625|fixture
6626|fixture
6627|fixture
6628|fixture
6629|fixture
6630|fixture
6631|fixture
6632|fixture
6633|fixture
6634|fixture
6635|fixture
6636|fixture
6637|fixture
6638|fixture
6639|fixture
6640|fixture
6641|fixture
6642|fixture
6643|fixture
6644|fixture
6645|fixture
6646|fixture
6647|fixture
6648|fixture
6649|fixture
6650|fixture
6651|fixture
6652|fixture
6653|fixture
6654|fixture
6655|fixture
6656|fixture
6657|fixture
6658|fixture
6659|fixture
6660|fixture
6661|fixture
6662|fixture
6663|fixture
6664|fixture
6665|fixture
6666|fixture
6667|fixture
6668|fixture
6669|fixture
6670|fixture
6671|fixture
6672|fixture
6673|fixture
6674|fixture
6675|fixture
6676|fixture
6677|fixture
6678|fixture
6679|fixture
6680|fixture
6681|fixture
6682|fixture
6683|fixture
6684|fixture
6685|fixture
6686|fixture
6687|fixture
6688|fixture
6689|fixture
6690|fixture
6691|fixture
6692|fixture
6693|fixture
6694|fixture
6695|fixture
6696|fixture
6697|fixture
6698|fixture
6699|fixture
6700|fixture
6701|fixture
6702|fixture
6703|fixture
6704|fixture
6705|fixture
6706|fixture
6707|fixture
6708|fixture
6709|fixture
6710|fixture
6711|fixture
6712|fixture
6713|fixture
6714|fixture
6715|fixture
6716|fixture
6717|fixture
6718|fixture
6719|fixture
6720|fixture
6721|fixture
6722|fixture
6723|fixture
6724|fixture
6725|fixture
6726|fixture
6727|fixture
6728|fixture
6729|fixture
6730|fixture
6731|fixture
6732|fixture
6733|fixture
6734|fixture
6735|fixture
6736|fixture
6737|fixture
6738|fixture
6739|fixture
6740|fixture
6741|fixture
6742|fixture
6743|fixture
6744|fixture
6745|fixture
6746|fixture
6747|fixture
6748|fixture
6749|fixture
6750|fixture
6751|fixture
6752|fixture
6753|fixture
6754|fixture
6755|fixture
6756|fixture
6757|fixture
6758|fixture
6759|fixture
6760|fixture
6761|fixture
6762|fixture
6763|fixture
6764|fixture
6765|fixture
6766|fixture
6767|fixture
6768|fixture
6769|fixture
6770|fixture
6771|fixture
6772|fixture
6773|fixture
6774|fixture
6775|fixture
6776|fixture
6777|fixture
6778|fixture
6779|fixture
6780|fixture
6781|fixture
6782|fixture
6783|fixture
6784|fixture
6785|fixture
6786|fixture
6787|fixture
6788|fixture
6789|fixture
6790|fixture
6791|fixture
6792|fixture
6793|fixture
6794|fixture
6795|fixture
6796|fixture
6797|fixture
6798|fixture
6799|fixture
6800|fixture
6801|fixture
6802|fixture
6803|fixture
6804|fixture
6805|fixture
6806|fixture
6807|fixture
6808|fixture
6809|fixture
6810|fixture
6811|fixture
6812|fixture
6813|fixture
6814|fixture
6815|fixture
6816|fixture
6817|fixture
6818|fixture
6819|fixture
6820|fixture
6821|fixture
6822|fixture
6823|fixture
6824|fixture
6825|fixture
6826|fixture
6827|fixture
6828|fixture
6829|fixture
6830|fixture
6831|fixture
6832|fixture
6833|fixture
6834|fixture
6835|fixture
6836|fixture
6837|fixture
6838|fixture
6839|fixture
6840|fixture
6841|fixture
6842|fixture
6843|fixture
6844|fixture
6845|fixture
6846|fixture
6847|fixture
6848|fixture
6849|fixture
6850|fixture
6851|fixture
6852|fixture
6853|fixture
6854|fixture
6855|fixture
6856|fixture
6857|fixture
6858|fixture
6859|fixture
6860|fixture
6861|fixture
6862|fixture
6863|fixture
6864|fixture
6865|fixture
6866|fixture
6867|fixture
6868|fixture
6869|fixture
6870|fixture
6871|fixture
6872|fixture
6873|fixture
6874|fixture
6875|fixture
6876|fixture
6877|fixture
6878|fixture
6879|fixture
6880|fixture
6881|fixture
6882|fixture
6883|fixture
6884|fixture
6885|fixture
6886|fixture
6887|fixture
6888|fixture
6889|fixture
6890|fixture
6891|fixture
6892|fixture
6893|fixture
6894|fixture
6895|fixture
6896|fixture
6897|fixture
6898|fixture
6899|fixture
6900|fixture
6901|fixture
6902|fixture
6903|fixture
6904|fixture
6905|fixture
6906|fixture
6907|fixture
6908|fixture
6909|fixture
6910|fixture
6911|fixture
6912|fixture
6913|fixture
6914|fixture
6915|fixture
6916|fixture
6917|fixture
6918|fixture
6919|fixture
6920|fixture
6921|fixture
6922|fixture
6923|fixture
6924|fixture
6925|fixture
6926|fixture
6927|fixture
6928|fixture
6929|fixture
6930|fixture
6931|fixture
6932|fixture
6933|fixture
6934|fixture
6935|fixture
6936|fixture
6937|fixture
6938|fixture
6939|fixture
6940|fixture
6941|fixture
6942|fixture
6943|fixture
6944|fixture
6945|fixture
6946|fixture
6947|fixture
6948|fixture
6949|fixture
6950|fixture
6951|fixture
6952|fixture
6953|fixture
6954|fixture
6955|fixture
6956|fixture
6957|fixture
6958|fixture
6959|fixture
6960|fixture
6961|fixture
6962|fixture
6963|fixture
6964|fixture
6965|fixture
6966|fixture
6967|fixture
6968|fixture
6969|fixture
6970|fixture
6971|fixture
6972|fixture
6973|fixture
6974|fixture
6975|fixture
6976|fixture
6977|fixture
6978|fixture
6979|fixture
6980|fixture
6981|fixture
6982|fixture
6983|fixture
6984|fixture
6985|fixture
6986|fixture
6987|fixture
6988|fixture
6989|fixture
6990|fixture
6991|fixture
6992|fixture
6993|fixture
6994|fixture
6995|fixture
6996|fixture
6997|fixture
6998|fixture
6999|fixture
7000|fixture
7001|fixture
7002|fixture
7003|fixture
7004|fixture
7005|fixture
7006|fixture
7007|fixture
7008|fixture
7009|fixture
7010|fixture
7011|fixture
7012|fixture
7013|fixture
7014|fixture
7015|fixture
7016|fixture
7017|fixture
7018|fixture
7019|fixture
7020|fixture
7021|fixture
7022|fixture
7023|fixture
7024|fixture
7025|fixture
7026|fixture
7027|fixture
7028|fixture
7029|fixture
7030|fixture
7031|fixture
7032|fixture
7033|fixture
7034|fixture
7035|fixture
7036|fixture
7037|fixture
7038|fixture
7039|fixture
7040|fixture
7041|fixture
7042|fixture
7043|fixture
7044|fixture
7045|fixture
7046|fixture
7047|fixture
7048|fixture
7049|fixture
7050|fixture
7051|fixture
7052|fixture
7053|fixture
7054|fixture
7055|fixture
7056|fixture
7057|fixture
7058|fixture
7059|fixture
7060|fixture
7061|fixture
7062|fixture
7063|fixture
7064|fixture
7065|fixture
7066|fixture
7067|fixture
7068|fixture
7069|fixture
7070|fixture
7071|fixture
7072|fixture
7073|fixture
7074|fixture
7075|fixture
7076|fixture
7077|fixture
7078|fixture
7079|fixture
7080|fixture
7081|fixture
7082|fixture
7083|fixture
7084|fixture
7085|fixture
7086|fixture
7087|fixture
7088|fixture
7089|fixture
7090|fixture
7091|fixture
7092|fixture
7093|fixture
7094|fixture
7095|fixture
7096|fixture
7097|fixture
7098|fixture
7099|fixture
7100|fixture
7101|fixture
7102|fixture
7103|fixture
7104|fixture
7105|fixture
7106|fixture
7107|fixture
7108|fixture
7109|fixture
7110|fixture
7111|fixture
7112|fixture
7113|fixture
7114|fixture
7115|fixture
7116|fixture
7117|fixture
7118|fixture
7119|fixture
7120|fixture
7121|fixture
7122|fixture
7123|fixture
7124|fixture
7125|fixture
7126|fixture
7127|fixture
7128|fixture
7129|fixture
7130|fixture
7131|fixture
7132|fixture
7133|fixture
7134|fixture
7135|fixture
7136|fixture
7137|fixture
7138|fixture
7139|fixture
7140|fixture
7141|fixture
7142|fixture
7143|fixture
7144|fixture
7145|fixture
7146|fixture
7147|fixture
7148|fixture
7149|fixture
7150|fixture
7151|fixture
7152|fixture
7153|fixture
7154|fixture
7155|fixture
7156|fixture
7157|fixture
7158|fixture
7159|fixture
7160|fixture
7161|fixture
7162|fixture
7163|fixture
7164|fixture
7165|fixture
7166|fixture
7167|fixture
7168|fixture
7169|fixture
7170|fixture
7171|fixture
7172|fixture
7173|fixture
7174|fixture
7175|fixture
7176|fixture
7177|fixture
7178|fixture
7179|fixture
7180|fixture
7181|fixture
7182|fixture
7183|fixture
7184|fixture
7185|fixture
7186|fixture
7187|fixture
7188|fixture
7189|fixture
7190|fixture
7191|fixture
7192|fixture
7193|fixture
7194|fixture
7195|fixture
7196|fixture
7197|fixture
7198|fixture
7199|fixture
7200|fixture
7201|fixture
7202|fixture
7203|fixture
7204|fixture
7205|fixture
7206|fixture
7207|fixture
7208|fixture
7209|fixture
7210|fixture
7211|fixture
7212|fixture
7213|fixture
7214|fixture
7215|fixture
7216|fixture
7217|fixture
7218|fixture
7219|fixture
7220|fixture
7221|fixture
7222|fixture
7223|fixture
7224|fixture
7225|fixture
7226|fixture
7227|fixture
7228|fixture
7229|fixture
7230|fixture
7231|fixture
7232|fixture
7233|fixture
7234|fixture
7235|fixture
7236|fixture
7237|fixture
7238|fixture
7239|fixture
7240|fixture
7241|fixture
7242|fixture
7243|fixture
7244|fixture
7245|fixture
7246|fixture
7247|fixture
7248|fixture
7249|fixture
7250|fixture
7251|fixture
7252|fixture
7253|fixture
7254|fixture
7255|fixture
7256|fixture
7257|fixture
7258|fixture
7259|fixture
7260|fixture
7261|fixture
7262|fixture
7263|fixture
7264|fixture
7265|fixture
7266|fixture
7267|fixture
7268|fixture
7269|fixture
7270|fixture
7271|fixture
7272|fixture
7273|fixture
7274|fixture
7275|fixture
7276|fixture
7277|fixture
7278|fixture
7279|fixture
7280|fixture
7281|fixture
7282|fixture
7283|fixture
7284|fixture
7285|fixture
7286|fixture
7287|fixture
7288|fixture
7289|fixture
7290|fixture
7291|fixture
7292|fixture
7293|fixture
7294|fixture
7295|fixture
7296|fixture
7297|fixture
7298|fixture
7299|fixture
7300|fixture
7301|fixture
7302|fixture
7303|fixture
7304|fixture
7305|fixture
7306|fixture
7307|fixture
7308|fixture
7309|fixture
7310|fixture
7311|fixture
7312|fixture
7313|fixture
7314|fixture
7315|fixture
7316|fixture
7317|fixture
7318|fixture
7319|fixture
7320|fixture
7321|fixture
7322|fixture
7323|fixture
7324|fixture
7325|fixture
7326|fixture
7327|fixture
7328|fixture
7329|fixture
7330|fixture
7331|fixture
7332|fixture
7333|fixture
7334|fixture
7335|fixture
7336|fixture
7337|fixture
7338|fixture
7339|fixture
7340|fixture
7341|fixture
7342|fixture
7343|fixture
7344|fixture
7345|fixture
7346|fixture
7347|fixture
7348|fixture
7349|fixture
7350|fixture
7351|fixture
7352|fixture
7353|fixture
7354|fixture
7355|fixture
7356|fixture
7357|fixture
7358|fixture
7359|fixture
7360|fixture
7361|fixture
7362|fixture
7363|fixture
7364|fixture
7365|fixture
7366|fixture
7367|fixture
7368|fixture
7369|fixture
7370|fixture
7371|fixture
7372|fixture
7373|fixture
7374|fixture
7375|fixture
7376|fixture
7377|fixture
7378|fixture
7379|fixture
7380|fixture
7381|fixture
7382|fixture
7383|fixture
7384|fixture
7385|fixture
7386|fixture
7387|fixture
7388|fixture
7389|fixture
7390|fixture
7391|fixture
7392|fixture
7393|fixture
7394|fixture
7395|fixture
7396|fixture
7397|fixture
7398|fixture
7399|fixture
7400|fixture
7401|fixture
7402|fixture
7403|fixture
7404|fixture
7405|fixture
7406|fixture
7407|fixture
7408|fixture
7409|fixture
7410|fixture
7411|fixture
7412|fixture
7413|fixture
7414|fixture
7415|fixture
7416|fixture
7417|fixture
7418|fixture
7419|fixture
7420|fixture
7421|fixture
7422|fixture
7423|fixture
7424|fixture
7425|fixture
7426|fixture
7427|fixture
7428|fixture
7429|fixture
7430|fixture
7431|fixture
7432|fixture
7433|fixture
7434|fixture
7435|fixture
7436|fixture
7437|fixture
7438|fixture
7439|fixture
7440|fixture
7441|fixture
7442|fixture
7443|fixture
7444|fixture
7445|fixture
7446|fixture
7447|fixture
7448|fixture
7449|fixture
7450|fixture
7451|fixture
7452|fixture
7453|fixture
7454|fixture
7455|fixture
7456|fixture
7457|fixture
7458|fixture
7459|fixture
7460|fixture
7461|fixture
7462|fixture
7463|fixture
7464|fixture
7465|fixture
7466|fixture
7467|fixture
7468|fixture
7469|fixture
7470|fixture
7471|fixture
7472|fixture
7473|fixture
7474|fixture
7475|fixture
7476|fixture
7477|fixture
7478|fixture
7479|fixture
7480|fixture
7481|fixture
7482|fixture
7483|fixture
7484|fixture
7485|fixture
7486|fixture
7487|fixture
7488|fixture
7489|fixture
7490|fixture
7491|fixture
7492|fixture
7493|fixture
7494|fixture
7495|fixture
7496|fixture
7497|fixture
7498|fixture
7499|fixture
7500|fixture
7501|fixture
7502|fixture
7503|fixture
7504|fixture
7505|fixture
7506|fixture
7507|fixture
7508|fixture
7509|fixture
7510|fixture
7511|fixture
7512|fixture
7513|fixture
7514|fixture
7515|fixture
7516|fixture
7517|fixture
7518|fixture
7519|fixture
7520|fixture
7521|fixture
7522|fixture
7523|fixture
7524|fixture
7525|fixture
7526|fixture
7527|fixture
7528|fixture
7529|fixture
7530|fixture
7531|fixture
7532|fixture
7533|fixture
7534|fixture
7535|fixture
7536|fixture
7537|fixture
7538|fixture
7539|fixture
7540|fixture
7541|fixture
7542|fixture
7543|fixture
7544|fixture
7545|fixture
7546|fixture
7547|fixture
7548|fixture
7549|fixture
7550|fixture
7551|fixture
7552|fixture
7553|fixture
7554|fixture
7555|fixture
7556|fixture
7557|fixture
7558|fixture
7559|fixture
7560|fixture
7561|fixture
7562|fixture
7563|fixture
7564|fixture
7565|fixture
7566|fixture
7567|fixture
7568|fixture
7569|fixture
7570|fixture
7571|fixture
7572|fixture
7573|fixture
7574|fixture
7575|fixture
7576|fixture
7577|fixture
7578|fixture
7579|fixture
7580|fixture
7581|fixture
7582|fixture
7583|fixture
7584|fixture
7585|fixture
7586|fixture
7587|fixture
7588|fixture
7589|fixture
7590|fixture
7591|fixture
7592|fixture
7593|fixture
7594|fixture
7595|fixture
7596|fixture
7597|fixture
7598|fixture
7599|fixture
7600|fixture
7601|fixture
7602|fixture
7603|fixture
7604|fixture
7605|fixture
7606|fixture
7607|fixture
7608|fixture
7609|fixture
7610|fixture
7611|fixture
7612|fixture
7613|fixture
7614|fixture
7615|fixture
7616|fixture
7617|fixture
7618|fixture
7619|fixture
7620|fixture
7621|fixture
7622|fixture
7623|fixture
7624|fixture
7625|fixture
7626|fixture
7627|fixture
7628|fixture
7629|fixture
7630|fixture
7631|fixture
7632|fixture
7633|fixture
7634|fixture
7635|fixture
7636|fixture
7637|fixture
7638|fixture
7639|fixture
7640|fixture
7641|fixture
7642|fixture
7643|fixture
7644|fixture
7645|fixture
7646|fixture
7647|fixture
7648|fixture
7649|fixture
7650|fixture
7651|fixture
7652|fixture
7653|fixture
7654|fixture
7655|fixture
7656|fixture
7657|fixture
7658|fixture
7659|fixture
7660|fixture
7661|fixture
7662|fixture
7663|fixture
7664|fixture
7665|fixture
7666|fixture
7667|fixture
7668|fixture
7669|fixture
7670|fixture
7671|fixture
7672|fixture
7673|fixture
7674|fixture
7675|fixture
7676|fixture
7677|fixture
7678|fixture
7679|fixture
7680|fixture
7681|fixture
7682|fixture
7683|fixture
7684|fixture
7685|fixture
7686|fixture
7687|fixture
7688|fixture
7689|fixture
7690|fixture
7691|fixture
7692|fixture
7693|fixture
7694|fixture
7695|fixture
7696|fixture
7697|fixture
7698|fixture
7699|fixture
7700|fixture
7701|fixture
7702|fixture
7703|fixture
7704|fixture
7705|fixture
7706|fixture
7707|fixture
7708|fixture
7709|fixture
7710|fixture
7711|fixture
7712|fixture
7713|fixture
7714|fixture
7715|fixture
7716|fixture
7717|fixture
7718|fixture
7719|fixture
7720|fixture
7721|fixture
7722|fixture
7723|fixture
7724|fixture
7725|fixture
7726|fixture
7727|fixture
7728|fixture
7729|fixture
7730|fixture
7731|fixture
7732|fixture
7733|fixture
7734|fixture
7735|fixture
7736|fixture
7737|fixture
7738|fixture
7739|fixture
7740|fixture
7741|fixture
7742|fixture
7743|fixture
7744|fixture
7745|fixture
7746|fixture
7747|fixture
7748|fixture
7749|fixture
7750|fixture
7751|fixture
7752|fixture
7753|fixture
7754|fixture
7755|fixture
7756|fixture
7757|fixture
7758|fixture
7759|fixture
7760|fixture
7761|fixture
7762|fixture
7763|fixture
7764|fixture
7765|fixture
7766|fixture
7767|fixture
7768|fixture
7769|fixture
7770|fixture
7771|fixture
7772|fixture
7773|fixture
7774|fixture
7775|fixture
7776|fixture
7777|fixture
7778|fixture
7779|fixture
7780|fixture
7781|fixture
7782|fixture
7783|fixture
7784|fixture
7785|fixture
7786|fixture
7787|fixture
7788|fixture
7789|fixture
7790|fixture
7791|fixture
7792|fixture
7793|fixture
7794|fixture
7795|fixture
7796|fixture
7797|fixture
7798|fixture
7799|fixture
7800|fixture
7801|fixture
7802|fixture
7803|fixture
7804|fixture
7805|fixture
7806|fixture
7807|fixture
7808|fixture
7809|fixture
7810|fixture
7811|fixture
7812|fixture
7813|fixture
7814|fixture
7815|fixture
7816|fixture
7817|fixture
7818|fixture
7819|fixture
7820|fixture
7821|fixture
7822|fixture
7823|fixture
7824|fixture
7825|fixture
7826|fixture
7827|fixture
7828|fixture
7829|fixture
7830|fixture
7831|fixture
7832|fixture
7833|fixture
7834|fixture
7835|fixture
7836|fixture
7837|fixture
7838|fixture
7839|fixture
7840|fixture
7841|fixture
7842|fixture
7843|fixture
7844|fixture
7845|fixture
7846|fixture
7847|fixture
7848|fixture
7849|fixture
7850|fixture
7851|fixture
7852|fixture
7853|fixture
7854|fixture
7855|fixture
7856|fixture
7857|fixture
7858|fixture
7859|fixture
7860|fixture
7861|fixture
7862|fixture
7863|fixture
7864|fixture
7865|fixture
7866|fixture
7867|fixture
7868|fixture
7869|fixture
7870|fixture
7871|fixture
7872|fixture
7873|fixture
7874|fixture
7875|fixture
7876|fixture
7877|fixture
7878|fixture
7879|fixture
7880|fixture
7881|fixture
7882|fixture
7883|fixture
7884|fixture
7885|fixture
7886|fixture
7887|fixture
7888|fixture
7889|fixture
7890|fixture
7891|fixture
7892|fixture
7893|fixture
7894|fixture
7895|fixture
7896|fixture
7897|fixture
7898|fixture
7899|fixture
7900|fixture
7901|fixture
7902|fixture
7903|fixture
7904|fixture
7905|fixture
7906|fixture
7907|fixture
7908|fixture
7909|fixture
7910|fixture
7911|fixture
7912|fixture
7913|fixture
7914|fixture
7915|fixture
7916|fixture
7917|fixture
7918|fixture
7919|fixture
7920|fixture
7921|fixture
7922|fixture
7923|fixture
7924|fixture
7925|fixture
7926|fixture
7927|fixture
7928|fixture
7929|fixture
7930|fixture
7931|fixture
7932|fixture
7933|fixture
7934|fixture
7935|fixture
7936|fixture
7937|fixture
7938|fixture
7939|fixture
7940|fixture
7941|fixture
7942|fixture
7943|fixture
7944|fixture
7945|fixture
7946|fixture
7947|fixture
7948|fixture
7949|fixture
7950|fixture
7951|fixture
7952|fixture
7953|fixture
7954|fixture
7955|fixture
7956|fixture
7957|fixture
7958|fixture
7959|fixture
7960|fixture
7961|fixture
7962|fixture
7963|fixture
7964|fixture
7965|fixture
7966|fixture
7967|fixture
7968|fixture
7969|fixture
7970|fixture
7971|fixture
7972|fixture
7973|fixture
7974|fixture
7975|fixture
7976|fixture
7977|fixture
7978|fixture
7979|fixture
7980|fixture
7981|fixture
7982|fixture
7983|fixture
7984|fixture
7985|fixture
7986|fixture
7987|fixture
7988|fixture
7989|fixture
7990|fixture
7991|fixture
7992|fixture
7993|fixture
7994|fixture
7995|fixture
7996|fixture
7997|fixture
7998|fixture
7999|fixture
8000|fixture
8001|fixture
8002|fixture
8003|fixture
8004|fixture
8005|fixture
8006|fixture
8007|fixture
8008|fixture
8009|fixture
8010|fixture
8011|fixture
8012|fixture
8013|fixture
8014|fixture
8015|fixture
8016|fixture
8017|fixture
8018|fixture
8019|fixture
8020|fixture
8021|fixture
8022|fixture
8023|fixture
8024|fixture
8025|fixture
8026|fixture
8027|fixture
8028|fixture
8029|fixture
8030|fixture
8031|fixture
8032|fixture
8033|fixture
8034|fixture
8035|fixture
8036|fixture
8037|fixture
8038|fixture
8039|fixture
8040|fixture
8041|fixture
8042|fixture
8043|fixture
8044|fixture
8045|fixture
8046|fixture
8047|fixture
8048|fixture
8049|fixture
8050|fixture
8051|fixture
8052|fixture
8053|fixture
8054|fixture
8055|fixture
8056|fixture
8057|fixture
8058|fixture
8059|fixture
8060|fixture
8061|fixture
8062|fixture
8063|fixture
8064|fixture
8065|fixture
8066|fixture
8067|fixture
8068|fixture
8069|fixture
8070|fixture
8071|fixture
8072|fixture
8073|fixture
8074|fixture
8075|fixture
8076|fixture
8077|fixture
8078|fixture
8079|fixture
8080|fixture
8081|fixture
8082|fixture
8083|fixture
8084|fixture
8085|fixture
8086|fixture
8087|fixture
8088|fixture
8089|fixture
8090|fixture
8091|fixture
8092|fixture
8093|fixture
8094|fixture
8095|fixture
8096|fixture
8097|fixture
8098|fixture
8099|fixture
8100|fixture
8101|fixture
8102|fixture
8103|fixture
8104|fixture
8105|fixture
8106|fixture
8107|fixture
8108|fixture
8109|fixture
8110|fixture
8111|fixture
8112|fixture
8113|fixture
8114|fixture
8115|fixture
8116|fixture
8117|fixture
8118|fixture
8119|fixture
8120|fixture
8121|fixture
8122|fixture
8123|fixture
8124|fixture
8125|fixture
8126|fixture
8127|fixture
8128|fixture
8129|fixture
8130|fixture
8131|fixture
8132|fixture
8133|fixture
8134|fixture
8135|fixture
8136|fixture
8137|fixture
8138|fixture
8139|fixture
8140|fixture
8141|fixture
8142|fixture
8143|fixture
8144|fixture
8145|fixture
8146|fixture
8147|fixture
8148|fixture
8149|fixture
8150|fixture
8151|fixture
8152|fixture
8153|fixture
8154|fixture
8155|fixture
8156|fixture
8157|fixture
8158|fixture
8159|fixture
8160|fixture
8161|fixture
8162|fixture
8163|fixture
8164|fixture
8165|fixture
8166|fixture
8167|fixture
8168|fixture
8169|fixture
8170|fixture
8171|fixture
8172|fixture
8173|fixture
8174|fixture
8175|fixture
8176|fixture
8177|fixture
8178|fixture
8179|fixture
8180|fixture
8181|fixture
8182|fixture
8183|fixture
8184|fixture
8185|fixture
8186|fixture
8187|fixture
8188|fixture
8189|fixture
8190|fixture
8191|fixture
8192|fixture
8193|fixture
8194|fixture
8195|fixture
8196|fixture
8197|fixture
8198|fixture
8199|fixture
8200|fixture
8201|fixture
8202|fixture
8203|fixture
8204|fixture
8205|fixture
8206|fixture
8207|fixture
8208|fixture
8209|fixture
8210|fixture
8211|fixture
8212|fixture
8213|fixture
8214|fixture
8215|fixture
8216|fixture
8217|fixture
8218|fixture
8219|fixture
8220|fixture
8221|fixture
8222|fixture
8223|fixture
8224|fixture
8225|fixture
8226|fixture
8227|fixture
8228|fixture
8229|fixture
8230|fixture
8231|fixture
8232|fixture
8233|fixture
8234|fixture
8235|fixture
8236|fixture
8237|fixture
8238|fixture
8239|fixture
8240|fixture
8241|fixture
8242|fixture
8243|fixture
8244|fixture
8245|fixture
8246|fixture
8247|fixture
8248|fixture
8249|fixture
8250|fixture
8251|fixture
8252|fixture
8253|fixture
8254|fixture
8255|fixture
8256|fixture
8257|fixture
8258|fixture
8259|fixture
8260|fixture
8261|fixture
8262|fixture
8263|fixture
8264|fixture
8265|fixture
8266|fixture
8267|fixture
8268|fixture
8269|fixture
8270|fixture
8271|fixture
8272|fixture
8273|fixture
8274|fixture
8275|fixture
8276|fixture
8277|fixture
8278|fixture
8279|fixture
8280|fixture
8281|fixture
8282|fixture
8283|fixture
8284|fixture
8285|fixture
8286|fixture
8287|fixture
8288|fixture
8289|fixture
8290|fixture
8291|fixture
8292|fixture
8293|fixture
8294|fixture
8295|fixture
8296|fixture
8297|fixture
8298|fixture
8299|fixture
8300|fixture
8301|fixture
8302|fixture
8303|fixture
8304|fixture
8305|fixture
8306|fixture
8307|fixture
8308|fixture
8309|fixture
8310|fixture
8311|fixture
8312|fixture
8313|fixture
8314|fixture
8315|fixture
8316|fixture
8317|fixture
8318|fixture
8319|fixture
8320|fixture
8321|fixture
8322|fixture
8323|fixture
8324|fixture
8325|fixture
8326|fixture
8327|fixture
8328|fixture
8329|fixture
8330|fixture
8331|fixture
8332|fixture
8333|fixture
8334|fixture
8335|fixture
8336|fixture
8337|fixture
8338|fixture
8339|fixture
8340|fixture
8341|fixture
8342|fixture
8343|fixture
8344|fixture
8345|fixture
8346|fixture
8347|fixture
8348|fixture
8349|fixture
8350|fixture
8351|fixture
8352|fixture
8353|fixture
8354|fixture
8355|fixture
8356|fixture
8357|fixture
8358|fixture
8359|fixture
8360|fixture
8361|fixture
8362|fixture
8363|fixture
8364|fixture
8365|fixture
8366|fixture
8367|fixture
8368|fixture
8369|fixture
8370|fixture
8371|fixture
8372|fixture
8373|fixture
8374|fixture
8375|fixture
8376|fixture
8377|fixture
8378|fixture
8379|fixture
8380|fixture
8381|fixture
8382|fixture
8383|fixture
8384|fixture
8385|fixture
8386|fixture
8387|fixture
8388|fixture
8389|fixture
8390|fixture
8391|fixture
8392|fixture
8393|fixture
8394|fixture
8395|fixture
8396|fixture
8397|fixture
8398|fixture
8399|fixture
8400|fixture
8401|fixture
8402|fixture
8403|fixture
8404|fixture
8405|fixture
8406|fixture
8407|fixture
8408|fixture
8409|fixture
8410|fixture
8411|fixture
8412|fixture
8413|fixture
8414|fixture
8415|fixture
8416|fixture
8417|fixture
8418|fixture
8419|fixture
8420|fixture
8421|fixture
8422|fixture
8423|fixture
8424|fixture
8425|fixture
8426|fixture
8427|fixture
8428|fixture
8429|fixture
8430|fixture
8431|fixture
8432|fixture
8433|fixture
8434|fixture
8435|fixture
8436|fixture
8437|fixture
8438|fixture
8439|fixture
8440|fixture
8441|fixture
8442|fixture
8443|fixture
8444|fixture
8445|fixture
8446|fixture
8447|fixture
8448|fixture
8449|fixture
8450|fixture
8451|fixture
8452|fixture
8453|fixture
8454|fixture
8455|fixture
8456|fixture
8457|fixture
8458|fixture
8459|fixture
8460|fixture
8461|fixture
8462|fixture
8463|fixture
8464|fixture
8465|fixture
8466|fixture
8467|fixture
8468|fixture
8469|fixture
8470|fixture
8471|fixture
8472|fixture
8473|fixture
8474|fixture
8475|fixture
8476|fixture
8477|fixture
8478|fixture
8479|fixture
8480|fixture
8481|fixture
8482|fixture
8483|fixture
8484|fixture
8485|fixture
8486|fixture
8487|fixture
8488|fixture
8489|fixture
8490|fixture
8491|fixture
8492|fixture
8493|fixture
8494|fixture
8495|fixture
8496|fixture
8497|fixture
8498|fixture
8499|fixture
8500|fixture
8501|fixture
8502|fixture
8503|fixture
8504|fixture
8505|fixture
8506|fixture
8507|fixture
8508|fixture
8509|fixture
8510|fixture
8511|fixture
8512|fixture
8513|fixture
8514|fixture
8515|fixture
8516|fixture
8517|fixture
8518|fixture
8519|fixture
8520|fixture
8521|fixture
8522|fixture
8523|fixture
8524|fixture
8525|fixture
8526|fixture
8527|fixture
8528|fixture
8529|fixture
8530|fixture
8531|fixture
8532|fixture
8533|fixture
8534|fixture
8535|fixture
8536|fixture
8537|fixture
8538|fixture
8539|fixture
8540|fixture
8541|fixture
8542|fixture
8543|fixture
8544|fixture
8545|fixture
8546|fixture
8547|fixture
8548|fixture
8549|fixture
8550|fixture
8551|fixture
8552|fixture
8553|fixture
8554|fixture
8555|fixture
8556|fixture
8557|fixture
8558|fixture
8559|fixture
8560|fixture
8561|fixture
8562|fixture
8563|fixture
8564|fixture
8565|fixture
8566|fixture
8567|fixture
8568|fixture
8569|fixture
8570|fixture
8571|fixture
8572|fixture
8573|fixture
8574|fixture
8575|fixture
8576|fixture
8577|fixture
8578|fixture
8579|fixture
8580|fixture
8581|fixture
8582|fixture
8583|fixture
8584|fixture
8585|fixture
8586|fixture
8587|fixture
8588|fixture
8589|fixture
8590|fixture
8591|fixture
8592|fixture
8593|fixture
8594|fixture
8595|fixture
8596|fixture
8597|fixture
8598|fixture
8599|fixture
8600|fixture
8601|fixture
8602|fixture
8603|fixture
8604|fixture
8605|fixture
8606|fixture
8607|fixture
8608|fixture
8609|fixture
8610|fixture
8611|fixture
8612|fixture
8613|fixture
8614|fixture
8615|fixture
8616|fixture
8617|fixture
8618|fixture
8619|fixture
8620|fixture
8621|fixture
8622|fixture
8623|fixture
8624|fixture
8625|fixture
8626|fixture
8627|fixture
8628|fixture
8629|fixture
8630|fixture
8631|fixture
8632|fixture
8633|fixture
8634|fixture
8635|fixture
8636|fixture
8637|fixture
8638|fixture
8639|fixture
8640|fixture
8641|fixture
8642|fixture
8643|fixture
8644|fixture
8645|fixture
8646|fixture
8647|fixture
8648|fixture
8649|fixture
8650|fixture
8651|fixture
8652|fixture
8653|fixture
8654|fixture
8655|fixture
8656|fixture
8657|fixture
8658|fixture
8659|fixture
8660|fixture
8661|fixture
8662|fixture
8663|fixture
8664|fixture
8665|fixture
8666|fixture
8667|fixture
8668|fixture
8669|fixture
8670|fixture
8671|fixture
8672|fixture
8673|fixture
8674|fixture
8675|fixture
8676|fixture
8677|fixture
8678|fixture
8679|fixture
8680|fixture
8681|fixture
8682|fixture
8683|fixture
8684|fixture
8685|fixture
8686|fixture
8687|fixture
8688|fixture
8689|fixture
8690|fixture
8691|fixture
8692|fixture
8693|fixture
8694|fixture
8695|fixture
8696|fixture
8697|fixture
8698|fixture
8699|fixture
8700|fixture
8701|fixture
8702|fixture
8703|fixture
8704|fixture
8705|fixture
8706|fixture
8707|fixture
8708|fixture
8709|fixture
8710|fixture
8711|fixture
8712|fixture
8713|fixture
8714|fixture
8715|fixture
8716|fixture
8717|fixture
8718|fixture
8719|fixture
8720|fixture
8721|fixture
8722|fixture
8723|fixture
8724|fixture
8725|fixture
8726|fixture
8727|fixture
8728|fixture
8729|fixture
8730|fixture
8731|fixture
8732|fixture
8733|fixture
8734|fixture
8735|fixture
8736|fixture
8737|fixture
8738|fixture
8739|fixture
8740|fixture
8741|fixture
8742|fixture
8743|fixture
8744|fixture
8745|fixture
8746|fixture
8747|fixture
8748|fixture
8749|fixture
8750|fixture
8751|fixture
8752|fixture
8753|fixture
8754|fixture
8755|fixture
8756|fixture
8757|fixture
8758|fixture
8759|fixture
8760|fixture
8761|fixture
8762|fixture
8763|fixture
8764|fixture
8765|fixture
8766|fixture
8767|fixture
8768|fixture
8769|fixture
8770|fixture
8771|fixture
8772|fixture
8773|fixture
8774|fixture
8775|fixture
8776|fixture
8777|fixture
8778|fixture
8779|fixture
8780|fixture
8781|fixture
8782|fixture
8783|fixture
8784|fixture
8785|fixture
8786|fixture
8787|fixture
8788|fixture
8789|fixture
8790|fixture
8791|fixture
8792|fixture
8793|fixture
8794|fixture
8795|fixture
8796|fixture
8797|fixture
8798|fixture
8799|fixture
8800|fixture
8801|fixture
8802|fixture
8803|fixture
8804|fixture
8805|fixture
8806|fixture
8807|fixture
8808|fixture
8809|fixture
8810|fixture
8811|fixture
8812|fixture
8813|fixture
8814|fixture
8815|fixture
8816|fixture
8817|fixture
8818|fixture
8819|fixture
8820|fixture
8821|fixture
8822|fixture
8823|fixture
8824|fixture
8825|fixture
8826|fixture
8827|fixture
8828|fixture
8829|fixture
8830|fixture
8831|fixture
8832|fixture
8833|fixture
8834|fixture
8835|fixture
8836|fixture
8837|fixture
8838|fixture
8839|fixture
8840|fixture
8841|fixture
8842|fixture
8843|fixture
8844|fixture
8845|fixture
8846|fixture
8847|fixture
8848|fixture
8849|fixture
8850|fixture
8851|fixture
8852|fixture
8853|fixture
8854|fixture
8855|fixture
8856|fixture
8857|fixture
8858|fixture
8859|fixture
8860|fixture
8861|fixture
8862|fixture
8863|fixture
8864|fixture
8865|fixture
8866|fixture
8867|fixture
8868|fixture
8869|fixture
8870|fixture
8871|fixture
8872|fixture
8873|fixture
8874|fixture
8875|fixture
8876|fixture
8877|fixture
8878|fixture
8879|fixture
8880|fixture
8881|fixture
8882|fixture
8883|fixture
8884|fixture
8885|fixture
8886|fixture
8887|fixture
8888|fixture
8889|fixture
8890|fixture
8891|fixture
8892|fixture
8893|fixture
8894|fixture
8895|fixture
8896|fixture
8897|fixture
8898|fixture
8899|fixture
8900|fixture
8901|fixture
8902|fixture
8903|fixture
8904|fixture
8905|fixture
8906|fixture
8907|fixture
8908|fixture
8909|fixture
8910|fixture
8911|fixture
8912|fixture
8913|fixture
8914|fixture
8915|fixture
8916|fixture
8917|fixture
8918|fixture
8919|fixture
8920|fixture
8921|fixture
8922|fixture
8923|fixture
8924|fixture
8925|fixture
8926|fixture
8927|fixture
8928|fixture
8929|fixture
8930|fixture
8931|fixture
8932|fixture
8933|fixture
8934|fixture
8935|fixture
8936|fixture
8937|fixture
8938|fixture
8939|fixture
8940|fixture
8941|fixture
8942|fixture
8943|fixture
8944|fixture
8945|fixture
8946|fixture
8947|fixture
8948|fixture
8949|fixture
8950|fixture
8951|fixture
8952|fixture
8953|fixture
8954|fixture
8955|fixture
8956|fixture
8957|fixture
8958|fixture
8959|fixture
8960|fixture
8961|fixture
8962|fixture
8963|fixture
8964|fixture
8965|fixture
8966|fixture
8967|fixture
8968|fixture
8969|fixture
8970|fixture
8971|fixture
8972|fixture
8973|fixture
8974|fixture
8975|fixture
8976|fixture
8977|fixture
8978|fixture
8979|fixture
8980|fixture
8981|fixture
8982|fixture
8983|fixture
8984|fixture
8985|fixture
8986|fixture
8987|fixture
8988|fixture
8989|fixture
8990|fixture
8991|fixture
8992|fixture
8993|fixture
8994|fixture
8995|fixture
8996|fixture
8997|fixture
8998|fixture
8999|fixture
9000|fixture
9001|fixture
9002|fixture
9003|fixture
9004|fixture
9005|fixture
9006|fixture
9007|fixture
9008|fixture
9009|fixture
9010|fixture
9011|fixture
9012|fixture
9013|fixture
9014|fixture
9015|fixture
9016|fixture
9017|fixture
9018|fixture
9019|fixture
9020|fixture
9021|fixture
9022|fixture
9023|fixture
9024|fixture
9025|fixture
9026|fixture
9027|fixture
9028|fixture
9029|fixture
9030|fixture
9031|fixture
9032|fixture
9033|fixture
9034|fixture
9035|fixture
9036|fixture
9037|fixture
9038|fixture
9039|fixture
9040|fixture
9041|fixture
9042|fixture
9043|fixture
9044|fixture
9045|fixture
9046|fixture
9047|fixture
9048|fixture
9049|fixture
9050|fixture
9051|fixture
9052|fixture
9053|fixture
9054|fixture
9055|fixture
9056|fixture
9057|fixture
9058|fixture
9059|fixture
9060|fixture
9061|fixture
9062|fixture
9063|fixture
9064|fixture
9065|fixture
9066|fixture
9067|fixture
9068|fixture
9069|fixture
9070|fixture
9071|fixture
9072|fixture
9073|fixture
9074|fixture
9075|fixture
9076|fixture
9077|fixture
9078|fixture
9079|fixture
9080|fixture
9081|fixture
9082|fixture
9083|fixture
9084|fixture
9085|fixture
9086|fixture
9087|fixture
9088|fixture
9089|fixture
9090|fixture
9091|fixture
9092|fixture
9093|fixture
9094|fixture
9095|fixture
9096|fixture
9097|fixture
9098|fixture
9099|fixture
9100|fixture
9101|fixture
9102|fixture
9103|fixture
9104|fixture
9105|fixture
9106|fixture
9107|fixture
9108|fixture
9109|fixture
9110|fixture
9111|fixture
9112|fixture
9113|fixture
9114|fixture
9115|fixture
9116|fixture
9117|fixture
9118|fixture
9119|fixture
9120|fixture
9121|fixture
9122|fixture
9123|fixture
9124|fixture
9125|fixture
9126|fixture
9127|fixture
9128|fixture
9129|fixture
9130|fixture
9131|fixture
9132|fixture
9133|fixture
9134|fixture
9135|fixture
9136|fixture
9137|fixture
9138|fixture
9139|fixture
9140|fixture
9141|fixture
9142|fixture
9143|fixture
9144|fixture
9145|fixture
9146|fixture
9147|fixture
9148|fixture
9149|fixture
9150|fixture
9151|fixture
9152|fixture
9153|fixture
9154|fixture
9155|fixture
9156|fixture
9157|fixture
9158|fixture
9159|fixture
9160|fixture
9161|fixture
9162|fixture
9163|fixture
9164|fixture
9165|fixture
9166|fixture
9167|fixture
9168|fixture
9169|fixture
9170|fixture
9171|fixture
9172|fixture
9173|fixture
9174|fixture
9175|fixture
9176|fixture
9177|fixture
9178|fixture
9179|fixture
9180|fixture
9181|fixture
9182|fixture
9183|fixture
9184|fixture
9185|fixture
9186|fixture
9187|fixture
9188|fixture
9189|fixture
9190|fixture
9191|fixture
9192|fixture
9193|fixture
9194|fixture
9195|fixture
9196|fixture
9197|fixture
9198|fixture
9199|fixture
9200|fixture
9201|fixture
9202|fixture
9203|fixture
9204|fixture
9205|fixture
9206|fixture
9207|fixture
9208|fixture
9209|fixture
9210|fixture
9211|fixture
9212|fixture
9213|fixture
9214|fixture
9215|fixture
9216|fixture
9217|fixture
9218|fixture
9219|fixture
9220|fixture
9221|fixture
9222|fixture
9223|fixture
9224|fixture
9225|fixture
9226|fixture
9227|fixture
9228|fixture
9229|fixture
9230|fixture
9231|fixture
9232|fixture
9233|fixture
9234|fixture
9235|fixture
9236|fixture
9237|fixture
9238|fixture
9239|fixture
9240|fixture
9241|fixture
9242|fixture
9243|fixture
9244|fixture
9245|fixture
9246|fixture
9247|fixture
9248|fixture
9249|fixture
9250|fixture
9251|fixture
9252|fixture
9253|fixture
9254|fixture
9255|fixture
9256|fixture
9257|fixture
9258|fixture
9259|fixture
9260|fixture
9261|fixture
9262|fixture
9263|fixture
9264|fixture
9265|fixture
9266|fixture
9267|fixture
9268|fixture
9269|fixture
9270|fixture
9271|fixture
9272|fixture
9273|fixture
9274|fixture
9275|fixture
9276|fixture
9277|fixture
9278|fixture
9279|fixture
9280|fixture
9281|fixture
9282|fixture
9283|fixture
9284|fixture
9285|fixture
9286|fixture
9287|fixture
9288|fixture
9289|fixture
9290|fixture
9291|fixture
9292|fixture
9293|fixture
9294|fixture
9295|fixture
9296|fixture
9297|fixture
9298|fixture
9299|fixture
9300|fixture
9301|fixture
9302|fixture
9303|fixture
9304|fixture
9305|fixture
9306|fixture
9307|fixture
9308|fixture
9309|fixture
9310|fixture
9311|fixture
9312|fixture
9313|fixture
9314|fixture
9315|fixture
9316|fixture
9317|fixture
9318|fixture
9319|fixture
9320|fixture
9321|fixture
9322|fixture
9323|fixture
9324|fixture
9325|fixture
9326|fixture
9327|fixture
9328|fixture
9329|fixture
9330|fixture
9331|fixture
9332|fixture
9333|fixture
9334|fixture
9335|fixture
9336|fixture
9337|fixture
9338|fixture
9339|fixture
9340|fixture
9341|fixture
9342|fixture
9343|fixture
9344|fixture
9345|fixture
9346|fixture
9347|fixture
9348|fixture
9349|fixture
9350|fixture
9351|fixture
9352|fixture
9353|fixture
9354|fixture
9355|fixture
9356|fixture
9357|fixture
9358|fixture
9359|fixture
9360|fixture
9361|fixture
9362|fixture
9363|fixture
9364|fixture
9365|fixture
9366|fixture
9367|fixture
9368|fixture
9369|fixture
9370|fixture
9371|fixture
9372|fixture
9373|fixture
9374|fixture
9375|fixture
9376|fixture
9377|fixture
9378|fixture
9379|fixture
9380|fixture
9381|fixture
9382|fixture
9383|fixture
9384|fixture
9385|fixture
9386|fixture
9387|fixture
9388|fixture
9389|fixture
9390|fixture
9391|fixture
9392|fixture
9393|fixture
9394|fixture
9395|fixture
9396|fixture
9397|fixture
9398|fixture
9399|fixture
9400|fixture
9401|fixture
9402|fixture
9403|fixture
9404|fixture
9405|fixture
9406|fixture
9407|fixture
9408|fixture
9409|fixture
9410|fixture
9411|fixture
9412|fixture
9413|fixture
9414|fixture
9415|fixture
9416|fixture
9417|fixture
9418|fixture
9419|fixture
9420|fixture
9421|fixture
9422|fixture
9423|fixture
9424|fixture
9425|fixture
9426|fixture
9427|fixture
9428|fixture
9429|fixture
9430|fixture
9431|fixture
9432|fixture
9433|fixture
9434|fixture
9435|fixture
9436|fixture
9437|fixture
9438|fixture
9439|fixture
9440|fixture
9441|fixture
9442|fixture
9443|fixture
9444|fixture
9445|fixture
9446|fixture
9447|fixture
9448|fixture
9449|fixture
9450|fixture
9451|fixture
9452|fixture
9453|fixture
9454|fixture
9455|fixture
9456|fixture
9457|fixture
9458|fixture
9459|fixture
9460|fixture
9461|fixture
9462|fixture
9463|fixture
9464|fixture
9465|fixture
9466|fixture
9467|fixture
9468|fixture
9469|fixture
9470|fixture
9471|fixture
9472|fixture
9473|fixture
9474|fixture
9475|fixture
9476|fixture
9477|fixture
9478|fixture
9479|fixture
9480|fixture
9481|fixture
9482|fixture
9483|fixture
9484|fixture
9485|fixture
9486|fixture
9487|fixture
9488|fixture
9489|fixture
9490|fixture
9491|fixture
9492|fixture
9493|fixture
9494|fixture
9495|fixture
9496|fixture
9497|fixture
9498|fixture
9499|fixture
9500|fixture
9501|fixture
9502|fixture
9503|fixture
9504|fixture
9505|fixture
9506|fixture
9507|fixture
9508|fixture
9509|fixture
9510|fixture
9511|fixture
9512|fixture
9513|fixture
9514|fixture
9515|fixture
9516|fixture
9517|fixture
9518|fixture
9519|fixture
9520|fixture
9521|fixture
9522|fixture
9523|fixture
9524|fixture
9525|fixture
9526|fixture
9527|fixture
9528|fixture
9529|fixture
9530|fixture
9531|fixture
9532|fixture
9533|fixture
9534|fixture
9535|fixture
9536|fixture
9537|fixture
9538|fixture
9539|fixture
9540|fixture
9541|fixture
9542|fixture
9543|fixture
9544|fixture
9545|fixture
9546|fixture
9547|fixture
9548|fixture
9549|fixture
9550|fixture
9551|fixture
9552|fixture
9553|fixture
9554|fixture
9555|fixture
9556|fixture
9557|fixture
9558|fixture
9559|fixture
9560|fixture
9561|fixture
9562|fixture
9563|fixture
9564|fixture
9565|fixture
9566|fixture
9567|fixture
9568|fixture
9569|fixture
9570|fixture
9571|fixture
9572|fixture
9573|fixture
9574|fixture
9575|fixture
9576|fixture
9577|fixture
9578|fixture
9579|fixture
9580|fixture
9581|fixture
9582|fixture
9583|fixture
9584|fixture
9585|fixture
9586|fixture
9587|fixture
9588|fixture
9589|fixture
9590|fixture
9591|fixture
9592|fixture
9593|fixture
9594|fixture
9595|fixture
9596|fixture
9597|fixture
9598|fixture
9599|fixture
9600|fixture
9601|fixture
9602|fixture
9603|fixture
9604|fixture
9605|fixture
9606|fixture
9607|fixture
9608|fixture
9609|fixture
9610|fixture
9611|fixture
9612|fixture
9613|fixture
9614|fixture
9615|fixture
9616|fixture
9617|fixture
9618|fixture
9619|fixture
9620|fixture
9621|fixture
9622|fixture
9623|fixture
9624|fixture
9625|fixture
9626|fixture
9627|fixture
9628|fixture
9629|fixture
9630|fixture
9631|fixture
9632|fixture
9633|fixture
9634|fixture
9635|fixture
9636|fixture
9637|fixture
9638|fixture
9639|fixture
9640|fixture
9641|fixture
9642|fixture
9643|fixture
9644|fixture
9645|fixture
9646|fixture
9647|fixture
9648|fixture
9649|fixture
9650|fixture
9651|fixture
9652|fixture
9653|fixture
9654|fixture
9655|fixture
9656|fixture
9657|fixture
9658|fixture
9659|fixture
9660|fixture
9661|fixture
9662|fixture
9663|fixture
9664|fixture
9665|fixture
9666|fixture
9667|fixture
9668|fixture
9669|fixture
9670|fixture
9671|fixture
9672|fixture
9673|fixture
9674|fixture
9675|fixture
9676|fixture
9677|fixture
9678|fixture
9679|fixture
9680|fixture
9681|fixture
9682|fixture
9683|fixture
9684|fixture
9685|fixture
9686|fixture
9687|fixture
9688|fixture
9689|fixture
9690|fixture
9691|fixture
9692|fixture
9693|fixture
9694|fixture
9695|fixture
9696|fixture
9697|fixture
9698|fixture
9699|fixture
9700|fixture
9701|fixture
9702|fixture
9703|fixture
9704|fixture
9705|fixture
9706|fixture
9707|fixture
9708|fixture
9709|fixture
9710|fixture
9711|fixture
9712|fixture
9713|fixture
9714|fixture
9715|fixture
9716|fixture
9717|fixture
9718|fixture
9719|fixture
9720|fixture
9721|fixture
9722|fixture
9723|fixture
9724|fixture
9725|fixture
9726|fixture
9727|fixture
9728|fixture
9729|fixture
9730|fixture
9731|fixture
9732|fixture
9733|fixture
9734|fixture
9735|fixture
9736|fixture
9737|fixture
9738|fixture
9739|fixture
9740|fixture
9741|fixture
9742|fixture
9743|fixture
9744|fixture
9745|fixture
9746|fixture
9747|fixture
9748|fixture
9749|fixture
9750|fixture
9751|fixture
9752|fixture
9753|fixture
9754|fixture
9755|fixture
9756|fixture
9757|fixture
9758|fixture
9759|fixture
9760|fixture
9761|fixture
9762|fixture
9763|fixture
9764|fixture
9765|fixture
9766|fixture
9767|fixture
9768|fixture
9769|fixture
9770|fixture
9771|fixture
9772|fixture
9773|fixture
9774|fixture
9775|fixture
9776|fixture
9777|fixture
9778|fixture
9779|fixture
9780|fixture
9781|fixture
9782|fixture
9783|fixture
9784|fixture
9785|fixture
9786|fixture
9787|fixture
9788|fixture
9789|fixture
9790|fixture
9791|fixture
9792|fixture
9793|fixture
9794|fixture
9795|fixture
9796|fixture
9797|fixture
9798|fixture
9799|fixture
9800|fixture
9801|fixture
9802|fixture
9803|fixture
9804|fixture
9805|fixture
9806|fixture
9807|fixture
9808|fixture
9809|fixture
9810|fixture
9811|fixture
9812|fixture
9813|fixture
9814|fixture
9815|fixture
9816|fixture
9817|fixture
9818|fixture
9819|fixture
9820|fixture
9821|fixture
9822|fixture
9823|fixture
9824|fixture
9825|fixture
9826|fixture
9827|fixture
9828|fixture
9829|fixture
9830|fixture
9831|fixture
9832|fixture
9833|fixture
9834|fixture
9835|fixture
9836|fixture
9837|fixture
9838|fixture
9839|fixture
9840|fixture
9841|fixture
9842|fixture
9843|fixture
9844|fixture
9845|fixture
9846|fixture
9847|fixture
9848|fixture
9849|fixture
9850|fixture
9851|fixture
9852|fixture
9853|fixture
9854|fixture
9855|fixture
9856|fixture
9857|fixture
9858|fixture
9859|fixture
9860|fixture
9861|fixture
9862|fixture
9863|fixture
9864|fixture
9865|fixture
9866|fixture
9867|fixture
9868|fixture
9869|fixture
9870|fixture
9871|fixture
9872|fixture
9873|fixture
9874|fixture
9875|fixture
9876|fixture
9877|fixture
9878|fixture
9879|fixture
9880|fixture
9881|fixture
9882|fixture
9883|fixture
9884|fixture
9885|fixture
9886|fixture
9887|fixture
9888|fixture
9889|fixture
9890|fixture
9891|fixture
9892|fixture
9893|fixture
9894|fixture
9895|fixture
9896|fixture
9897|fixture
9898|fixture
9899|fixture
9900|fixture
9901|fixture
9902|fixture
9903|fixture
9904|fixture
9905|fixture
9906|fixture
9907|fixture
9908|fixture
9909|fixture
9910|fixture
9911|fixture
9912|fixture
9913|fixture
9914|fixture
9915|fixture
9916|fixture
9917|fixture
9918|fixture
9919|fixture
9920|fixture
9921|fixture
9922|fixture
9923|fixture
9924|fixture
9925|fixture
9926|fixture
9927|fixture
9928|fixture
9929|fixture
9930|fixture
9931|fixture
9932|fixture
9933|fixture
9934|fixture
9935|fixture
9936|fixture
9937|fixture
9938|fixture
9939|fixture
9940|fixture
9941|fixture
9942|fixture
9943|fixture
9944|fixture
9945|fixture
9946|fixture
9947|fixture
9948|fixture
9949|fixture
9950|fixture
9951|fixture
9952|fixture
9953|fixture
9954|fixture
9955|fixture
9956|fixture
9957|fixture
9958|fixture
9959|fixture
9960|fixture
9961|fixture
9962|fixture
9963|fixture
9964|fixture
9965|fixture
9966|fixture
9967|fixture
9968|fixture
9969|fixture
9970|fixture
9971|fixture
9972|fixture
9973|fixture
9974|fixture
9975|fixture
9976|fixture
9977|fixture
9978|fixture
9979|fixture
9980|fixture
9981|fixture
9982|fixture
9983|fixture
9984|fixture
9985|fixture
9986|fixture
9987|fixture
9988|fixture
9989|fixture
9990|fixture
9991|fixture
9992|fixture
9993|fixture
9994|fixture
9995|fixture
9996|fixture
9997|fixture
9998|fixture
9999|fixture
10000|fixture
10001|fixture
10002|fixture
10003|fixture
10004|fixture
10005|fixture
10006|fixture
10007|fixture
10008|fixture
10009|fixture
10010|fixture
10011|fixture
10012|fixture
10013|fixture
10014|fixture
10015|fixture
10016|fixture
10017|fixture
10018|fixture
10019|fixture
10020|fixture
10021|fixture
10022|fixture
10023|fixture
10024|fixture
10025|fixture
10026|fixture
10027|fixture
10028|fixture
10029|fixture
10030|fixture
10031|fixture
10032|fixture
10033|fixture
10034|fixture
10035|fixture
10036|fixture
10037|fixture
10038|fixture
10039|fixture
10040|fixture
10041|fixture
10042|fixture
10043|fixture
10044|fixture
10045|fixture
10046|fixture
10047|fixture
10048|fixture
10049|fixture
10050|fixture
10051|fixture
10052|fixture
10053|fixture
10054|fixture
10055|fixture
10056|fixture
10057|fixture
10058|fixture
10059|fixture
10060|fixture
10061|fixture
10062|fixture
10063|fixture
10064|fixture
10065|fixture
10066|fixture
10067|fixture
10068|fixture
10069|fixture
10070|fixture
10071|fixture
10072|fixture
10073|fixture
10074|fixture
10075|fixture
10076|fixture
10077|fixture
10078|fixture
10079|fixture
10080|fixture
10081|fixture
10082|fixture
10083|fixture
10084|fixture
10085|fixture
10086|fixture
10087|fixture
10088|fixture
10089|fixture
10090|fixture
10091|fixture
10092|fixture
10093|fixture
10094|fixture
10095|fixture
10096|fixture
10097|fixture
10098|fixture
10099|fixture
10100|fixture
10101|fixture
10102|fixture
10103|fixture
10104|fixture
10105|fixture
10106|fixture
10107|fixture
10108|fixture
10109|fixture
10110|fixture
10111|fixture
10112|fixture
10113|fixture
10114|fixture
10115|fixture
10116|fixture
10117|fixture
10118|fixture
10119|fixture
10120|fixture
10121|fixture
10122|fixture
10123|fixture
10124|fixture
10125|fixture
10126|fixture
10127|fixture
10128|fixture
10129|fixture
10130|fixture
10131|fixture
10132|fixture
10133|fixture
10134|fixture
10135|fixture
10136|fixture
10137|fixture
10138|fixture
10139|fixture
10140|fixture
10141|fixture
10142|fixture
10143|fixture
10144|fixture
10145|fixture
10146|fixture
10147|fixture
10148|fixture
10149|fixture
10150|fixture
10151|fixture
10152|fixture
10153|fixture
10154|fixture
10155|fixture
10156|fixture
10157|fixture
10158|fixture
10159|fixture
10160|fixture
10161|fixture
10162|fixture
10163|fixture
10164|fixture
10165|fixture
10166|fixture
10167|fixture
10168|fixture
10169|fixture
10170|fixture
10171|fixture
10172|fixture
10173|fixture
10174|fixture
10175|fixture
10176|fixture
10177|fixture
10178|fixture
10179|fixture
10180|fixture
10181|fixture
10182|fixture
10183|fixture
10184|fixture
10185|fixture
10186|fixture
10187|fixture
10188|fixture
10189|fixture
10190|fixture
10191|fixture
10192|fixture
10193|fixture
10194|fixture
10195|fixture
10196|fixture
10197|fixture
10198|fixture
10199|fixture
10200|fixture
10201|fixture
10202|fixture
10203|fixture
10204|fixture
10205|fixture
10206|fixture
10207|fixture
10208|fixture
10209|fixture
10210|fixture
10211|fixture
10212|fixture
10213|fixture
10214|fixture
10215|fixture
10216|fixture
10217|fixture
10218|fixture
10219|fixture
10220|fixture
10221|fixture
10222|fixture
10223|fixture
10224|fixture
10225|fixture
10226|fixture
10227|fixture
10228|fixture
10229|fixture
10230|fixture
10231|fixture
10232|fixture
10233|fixture
10234|fixture
10235|fixture
10236|fixture
10237|fixture
10238|fixture
10239|fixture
10240|fixture
10241|fixture
10242|fixture
10243|fixture
10244|fixture
10245|fixture
10246|fixture
10247|fixture
10248|fixture
10249|fixture
10250|fixture
10251|fixture
10252|fixture
10253|fixture
10254|fixture
10255|fixture
10256|fixture
10257|fixture
10258|fixture
10259|fixture
10260|fixture
10261|fixture
10262|fixture
10263|fixture
10264|fixture
10265|fixture
10266|fixture
10267|fixture
10268|fixture
10269|fixture
10270|fixture
10271|fixture
10272|fixture
10273|fixture
10274|fixture
10275|fixture
10276|fixture
10277|fixture
10278|fixture
10279|fixture
10280|fixture
10281|fixture
10282|fixture
10283|fixture
10284|fixture
10285|fixture
10286|fixture
10287|fixture
10288|fixture
10289|fixture
10290|fixture
10291|fixture
10292|fixture
10293|fixture
10294|fixture
10295|fixture
10296|fixture
10297|fixture
10298|fixture
10299|fixture
10300|fixture
10301|fixture
10302|fixture
10303|fixture
10304|fixture
10305|fixture
10306|fixture
10307|fixture
10308|fixture
10309|fixture
10310|fixture
10311|fixture
10312|fixture
10313|fixture
10314|fixture
10315|fixture
10316|fixture
10317|fixture
10318|fixture
10319|fixture
10320|fixture
10321|fixture
10322|fixture
10323|fixture
10324|fixture
10325|fixture
10326|fixture
10327|fixture
10328|fixture
10329|fixture
10330|fixture
10331|fixture
10332|fixture
10333|fixture
10334|fixture
10335|fixture
10336|fixture
10337|fixture
10338|fixture
10339|fixture
10340|fixture
10341|fixture
10342|fixture
10343|fixture
10344|fixture
10345|fixture
10346|fixture
10347|fixture
10348|fixture
10349|fixture
10350|fixture
10351|fixture
10352|fixture
10353|fixture
10354|fixture
10355|fixture
10356|fixture
10357|fixture
10358|fixture
10359|fixture
10360|fixture
10361|fixture
10362|fixture
10363|fixture
10364|fixture
10365|fixture
10366|fixture
10367|fixture
10368|fixture
10369|fixture
10370|fixture
10371|fixture
10372|fixture
10373|fixture
10374|fixture
10375|fixture
10376|fixture
10377|fixture
10378|fixture
10379|fixture
10380|fixture
10381|fixture
10382|fixture
10383|fixture
10384|fixture
10385|fixture
10386|fixture
10387|fixture
10388|fixture
10389|fixture
10390|fixture
10391|fixture
10392|fixture
10393|fixture
10394|fixture
10395|fixture
10396|fixture
10397|fixture
10398|fixture
10399|fixture
10400|fixture
10401|fixture
10402|fixture
10403|fixture
10404|fixture
10405|fixture
10406|fixture
10407|fixture
10408|fixture
10409|fixture
10410|fixture
10411|fixture
10412|fixture
10413|fixture
10414|fixture
10415|fixture
10416|fixture
10417|fixture
10418|fixture
10419|fixture
10420|fixture
10421|fixture
10422|fixture
10423|fixture
10424|fixture
10425|fixture
10426|fixture
10427|fixture
10428|fixture
10429|fixture
10430|fixture
10431|fixture
10432|fixture
10433|fixture
10434|fixture
10435|fixture
10436|fixture
10437|fixture
10438|fixture
10439|fixture
10440|fixture
10441|fixture
10442|fixture
10443|fixture
10444|fixture
10445|fixture
10446|fixture
10447|fixture
10448|fixture
10449|fixture
10450|fixture
10451|fixture
10452|fixture
10453|fixture
10454|fixture
10455|fixture
10456|fixture
10457|fixture
10458|fixture
10459|fixture
10460|fixture
10461|fixture
10462|fixture
10463|fixture
10464|fixture
10465|fixture
10466|fixture
10467|fixture
10468|fixture
10469|fixture
10470|fixture
10471|fixture
10472|fixture
10473|fixture
10474|fixture
10475|fixture
10476|fixture
10477|fixture
10478|fixture
10479|fixture
10480|fixture
10481|fixture
10482|fixture
10483|fixture
10484|fixture
10485|fixture
10486|fixture
10487|fixture
10488|fixture
10489|fixture
10490|fixture
10491|fixture
10492|fixture
10493|fixture
10494|fixture
10495|fixture
10496|fixture
10497|fixture
10498|fixture
10499|fixture
10500|fixture
10501|fixture
10502|fixture
10503|fixture
10504|fixture
10505|fixture
10506|fixture
10507|fixture
10508|fixture
10509|fixture
10510|fixture
10511|fixture
10512|fixture
10513|fixture
10514|fixture
10515|fixture
10516|fixture
10517|fixture
10518|fixture
10519|fixture
10520|fixture
10521|fixture
10522|fixture
10523|fixture
10524|fixture
10525|fixture
10526|fixture
10527|fixture
10528|fixture
10529|fixture
10530|fixture
10531|fixture
10532|fixture
10533|fixture
10534|fixture
10535|fixture
10536|fixture
10537|fixture
10538|fixture
10539|fixture
10540|fixture
10541|fixture
10542|fixture
10543|fixture
10544|fixture
10545|fixture
10546|fixture
10547|fixture
10548|fixture
10549|fixture
10550|fixture
10551|fixture
10552|fixture
10553|fixture
10554|fixture
10555|fixture
10556|fixture
10557|fixture
10558|fixture
10559|fixture
10560|fixture
10561|fixture
10562|fixture
10563|fixture
10564|fixture
10565|fixture
10566|fixture
10567|fixture
10568|fixture
10569|fixture
10570|fixture
10571|fixture
10572|fixture
10573|fixture
10574|fixture
10575|fixture
10576|fixture
10577|fixture
10578|fixture
10579|fixture
10580|fixture
10581|fixture
10582|fixture
10583|fixture
10584|fixture
10585|fixture
10586|fixture
10587|fixture
10588|fixture
10589|fixture
10590|fixture
10591|fixture
10592|fixture
10593|fixture
10594|fixture
10595|fixture
10596|fixture
10597|fixture
10598|fixture
10599|fixture
10600|fixture
10601|fixture
10602|fixture
10603|fixture
10604|fixture
10605|fixture
10606|fixture
10607|fixture
10608|fixture
10609|fixture
10610|fixture
10611|fixture
10612|fixture
10613|fixture
10614|fixture
10615|fixture
10616|fixture
10617|fixture
10618|fixture
10619|fixture
10620|fixture
10621|fixture
10622|fixture
10623|fixture
10624|fixture
10625|fixture
10626|fixture
10627|fixture
10628|fixture
10629|fixture
10630|fixture
10631|fixture
10632|fixture
10633|fixture
10634|fixture
10635|fixture
10636|fixture
10637|fixture
10638|fixture
10639|fixture
10640|fixture
10641|fixture
10642|fixture
10643|fixture
10644|fixture
10645|fixture
10646|fixture
10647|fixture
10648|fixture
10649|fixture
10650|fixture
10651|fixture
10652|fixture
10653|fixture
10654|fixture
10655|fixture
10656|fixture
10657|fixture
10658|fixture
10659|fixture
10660|fixture
10661|fixture
10662|fixture
10663|fixture
10664|fixture
10665|fixture
10666|fixture
10667|fixture
10668|fixture
10669|fixture
10670|fixture
10671|fixture
10672|fixture
10673|fixture
10674|fixture
10675|fixture
10676|fixture
10677|fixture
10678|fixture
10679|fixture
10680|fixture
10681|fixture
10682|fixture
10683|fixture
10684|fixture
10685|fixture
10686|fixture
10687|fixture
10688|fixture
10689|fixture
10690|fixture
10691|fixture
10692|fixture
10693|fixture
10694|fixture
10695|fixture
10696|fixture
10697|fixture
10698|fixture
10699|fixture
10700|fixture
10701|fixture
10702|fixture
10703|fixture
10704|fixture
10705|fixture
10706|fixture
10707|fixture
10708|fixture
10709|fixture
10710|fixture
10711|fixture
10712|fixture
10713|fixture
10714|fixture
10715|fixture
10716|fixture
10717|fixture
10718|fixture
10719|fixture
10720|fixture
10721|fixture
10722|fixture
10723|fixture
10724|fixture
10725|fixture
10726|fixture
10727|fixture
10728|fixture
10729|fixture
10730|fixture
10731|fixture
10732|fixture
10733|fixture
10734|fixture
10735|fixture
10736|fixture
10737|fixture
10738|fixture
10739|fixture
10740|fixture
10741|fixture
10742|fixture
10743|fixture
10744|fixture
10745|fixture
10746|fixture
10747|fixture
10748|fixture
10749|fixture
10750|fixture
10751|fixture
10752|fixture
10753|fixture
10754|fixture
10755|fixture
10756|fixture
10757|fixture
10758|fixture
10759|fixture
10760|fixture
10761|fixture
10762|fixture
10763|fixture
10764|fixture
10765|fixture
10766|fixture
10767|fixture
10768|fixture
10769|fixture
10770|fixture
10771|fixture
10772|fixture
10773|fixture
10774|fixture
10775|fixture
10776|fixture
10777|fixture
10778|fixture
10779|fixture
10780|fixture
10781|fixture
10782|fixture
10783|fixture
10784|fixture
10785|fixture
10786|fixture
10787|fixture
10788|fixture
10789|fixture
10790|fixture
10791|fixture
10792|fixture
10793|fixture
10794|fixture
10795|fixture
10796|fixture
10797|fixture
10798|fixture
10799|fixture
10800|fixture
10801|fixture
10802|fixture
10803|fixture
10804|fixture
10805|fixture
10806|fixture
10807|fixture
10808|fixture
10809|fixture
10810|fixture
10811|fixture
10812|fixture
10813|fixture
10814|fixture
10815|fixture
10816|fixture
10817|fixture
10818|fixture
10819|fixture
10820|fixture
10821|fixture
10822|fixture
10823|fixture
10824|fixture
10825|fixture
10826|fixture
10827|fixture
10828|fixture
10829|fixture
10830|fixture
10831|fixture
10832|fixture
10833|fixture
10834|fixture
10835|fixture
10836|fixture
10837|fixture
10838|fixture
10839|fixture
10840|fixture
10841|fixture
10842|fixture
10843|fixture
10844|fixture
10845|fixture
10846|fixture
10847|fixture
10848|fixture
10849|fixture
10850|fixture
10851|fixture
10852|fixture
10853|fixture
10854|fixture
10855|fixture
10856|fixture
10857|fixture
10858|fixture
10859|fixture
10860|fixture
10861|fixture
10862|fixture
10863|fixture
10864|fixture
10865|fixture
10866|fixture
10867|fixture
10868|fixture
10869|fixture
10870|fixture
10871|fixture
10872|fixture
10873|fixture
10874|fixture
10875|fixture
10876|fixture
10877|fixture
10878|fixture
10879|fixture
10880|fixture
10881|fixture
10882|fixture
10883|fixture
10884|fixture
10885|fixture
10886|fixture
10887|fixture
10888|fixture
10889|fixture
10890|fixture
10891|fixture
10892|fixture
10893|fixture
10894|fixture
10895|fixture
10896|fixture
10897|fixture
10898|fixture
10899|fixture
10900|fixture
10901|fixture
10902|fixture
10903|fixture
10904|fixture
10905|fixture
10906|fixture
10907|fixture
10908|fixture
10909|fixture
10910|fixture
10911|fixture
10912|fixture
10913|fixture
10914|fixture
10915|fixture
10916|fixture
10917|fixture
10918|fixture
10919|fixture
10920|fixture
10921|fixture
10922|fixture
10923|fixture
10924|fixture
10925|fixture
10926|fixture
10927|fixture
10928|fixture
10929|fixture
10930|fixture
10931|fixture
10932|fixture
10933|fixture
10934|fixture
10935|fixture
10936|fixture
10937|fixture
10938|fixture
10939|fixture
10940|fixture
10941|fixture
10942|fixture
10943|fixture
10944|fixture
10945|fixture
10946|fixture
10947|fixture
10948|fixture
10949|fixture
10950|fixture
10951|fixture
10952|fixture
10953|fixture
10954|fixture
10955|fixture
10956|fixture
10957|fixture
10958|fixture
10959|fixture
10960|fixture
10961|fixture
10962|fixture
10963|fixture
10964|fixture
10965|fixture
10966|fixture
10967|fixture
10968|fixture
10969|fixture
10970|fixture
10971|fixture
10972|fixture
10973|fixture
10974|fixture
10975|fixture
10976|fixture
10977|fixture
10978|fixture
10979|fixture
10980|fixture
10981|fixture
10982|fixture
10983|fixture
10984|fixture
10985|fixture
10986|fixture
10987|fixture
10988|fixture
10989|fixture
10990|fixture
10991|fixture
10992|fixture
10993|fixture
10994|fixture
10995|fixture
10996|fixture
10997|fixture
10998|fixture
10999|fixture
11000|fixture
11001|fixture
11002|fixture
11003|fixture
11004|fixture
11005|fixture
11006|fixture
11007|fixture
11008|fixture
11009|fixture
11010|fixture
11011|fixture
11012|fixture
11013|fixture
11014|fixture
11015|fixture
11016|fixture
11017|fixture
11018|fixture
11019|fixture
11020|fixture
11021|fixture
11022|fixture
11023|fixture
11024|fixture
11025|fixture
